RR_l_0,RR_l_0/RR_l_1,RR_l_1,RR_l_1/RR_l_2,RR_l_2,RR_l_2/RR_l_3,RR_l_3,RR_l_3/RR_l_4,RR_r_0,RR_r_0/RR_r_1,RR_r_1,RR_r_1/RR_r_2,RR_r_2,RR_r_2/RR_r_3,RR_r_3,RR_r_3/RR_r_4,seq_size,signal_mean,signal_std,wl_side,wr_side,P_val,Q_val,R_val,S_val,T_val,P_pos,Q_pos,R_pos,S_pos,T_pos,label
146.0,1.0579710144927537,138.0,0.965034965034965,143.0,0.986206896551724,145.0,1.0,149.0,1.0275862068965518,145.0,1.0431654676258992,139.0,0.972027972027972,143.0,0.9930555555555556,202.0,0.1359486206586181,0.1711256062293618,98.0,104.0,0.1275448298591294,0.0868774566579064,1.039900043612197,-0.2357800519842324,0.3912047342479506,0.335,0.455,0.49,0.515,0.79,1.0
122.0,0.6630434782608695,184.0,1.2867132867132869,143.0,1.0916030534351144,131.0,1.1101694915254237,155.0,1.091549295774648,142.0,0.9726027397260274,146.0,0.9931972789115646,147.0,1.0,191.0,0.0575820526495683,0.1867735222814693,83.0,108.0,0.3540504352098091,-0.0156475892668426,1.0253680348496934,-0.3739366728768016,0.1398568161833197,0.415,0.4,0.44,0.475,0.74,1.0
151.0,0.967948717948718,156.0,1.033112582781457,151.0,1.0134228187919463,149.0,0.25,147.0,0.9865771812080537,149.0,0.2310077519379845,645.0,2.5595238095238093,252.0,1.8,209.0,-0.212074304556547,0.1394713204592966,107.0,102.0,-0.2208741733652362,-0.2482928422498723,0.3656334699415647,-0.5922275310205983,0.0033798492115471,0.365,0.48,0.52,0.545,0.805,1.0
148.0,1.0,148.0,0.9801324503311258,151.0,1.0342465753424657,146.0,0.9864864864864864,150.0,1.0273972602739727,146.0,0.9668874172185432,151.0,0.9805194805194806,154.0,1.0266666666666666,207.0,-0.0591460512941633,0.2030487131120244,102.0,105.0,0.2657626124342511,0.0916988123434146,0.6357454325527866,-0.2510380349926652,0.2405323171482974,0.385,0.46,0.5,0.525,0.76,1.0
406.0,0.7463235294117647,544.0,2.4504504504504503,222.0,1.5524475524475525,143.0,1.2327586206896552,145.0,1.013986013986014,143.0,0.28714859437751,498.0,1.837638376383764,271.0,1.9496402877697845,196.0,-0.1056649009612505,0.1118835655602165,95.0,101.0,-0.1169263045818193,-0.1387380231601981,0.3783932192411099,-0.4205785354158509,0.0625987184107526,0.255,0.445,0.49,0.51,0.795,1.0
146.0,0.9798657718120806,149.0,1.0067567567567568,148.0,0.2661870503597122,556.0,1.992831541218638,144.0,1.0212765957446808,141.0,0.9791666666666666,144.0,1.0,144.0,0.96,201.0,-0.1086643641327908,0.1143269665512629,101.0,100.0,-0.0996138664139167,-0.1201154123896342,0.4041552644012209,-0.4235018634353708,0.0509717537817478,0.305,0.475,0.51,0.535,0.815,1.0
534.0,2.225,240.0,1.7647058823529411,136.0,0.9379310344827586,145.0,0.3950953678474114,142.0,0.35858585858585856,396.0,0.9519230769230768,416.0,1.0558375634517767,394.0,2.962406015037594,199.0,-0.11135666779278,0.1445611906955088,100.0,99.0,-0.1084912310471535,-0.1767639503765732,0.5478679758109023,-0.4563441951178166,0.0561875959742265,0.365,0.45,0.51,0.54,0.785,1.0
149.0,0.3688118811881188,404.0,0.689419795221843,586.0,2.4214876033057853,242.0,1.704225352112676,151.0,1.0134228187919463,149.0,0.9933333333333332,150.0,0.9933774834437086,151.0,1.0202702702702702,210.0,-0.2118809249975089,0.1405193823674596,105.0,105.0,-0.2205298196914123,-0.2634792456315027,0.4498648312987512,-0.5617906745054333,0.0073869346733669,0.295,0.45,0.505,0.53,0.77,1.0
148.0,1.0,148.0,1.0277777777777777,144.0,0.2594594594594595,555.0,2.4342105263157894,146.0,0.3659147869674185,399.0,1.4669117647058822,272.0,2.060606060606061,132.0,0.9103448275862068,202.0,-0.1688390545424355,0.1120935003106123,100.0,102.0,-0.157369947176834,-0.1770137699277118,0.2642418105437324,-0.4807853231252317,0.0126181163911896,0.315,0.47,0.5,0.53,0.77,1.0
138.0,0.9078947368421052,152.0,1.0704225352112675,142.0,0.9861111111111112,144.0,0.3645569620253164,149.0,0.9933333333333333,150.0,1.0344827586206895,145.0,0.3815789473684211,380.0,2.695035460992908,204.0,-0.2573317017109504,0.1518531718453897,100.0,104.0,-0.2486876889660805,-0.3078993609460954,0.4781403060146967,-0.6925736622216818,-0.0050060597468189,0.47,0.455,0.495,0.52,0.775,1.0
107.0,1.244186046511628,86.0,0.9052631578947368,95.0,0.4025423728813559,236.0,1.3111111111111111,208.0,2.236559139784946,93.0,0.6158940397350994,151.0,1.6593406593406594,91.0,0.6148648648648649,210.0,-0.4054773289787771,0.156455793985562,65.0,145.0,-0.3576094459124294,-0.3438955774108019,0.4694930551389591,-0.3912532653795469,-0.3912532653795469,0.255,0.29,0.31,0.375,0.375,1.0
154.0,1.0266666666666666,150.0,0.9933774834437086,151.0,0.3984168865435356,379.0,2.6690140845070425,151.0,1.0066666666666666,150.0,1.0,150.0,0.967741935483871,155.0,0.3725961538461538,211.0,-0.0968321097993388,0.1492650111549817,106.0,105.0,-0.1365372389498322,-0.1400375571123679,0.5738704468422094,-0.4500346757889696,0.1416036457504545,0.455,0.475,0.505,0.53,0.765,1.0
137.0,0.9383561643835616,146.0,0.4124293785310734,354.0,2.7022900763358777,131.0,0.3957703927492447,144.0,0.4,360.0,2.6666666666666665,135.0,0.3935860058309038,343.0,2.6589147286821704,203.0,-0.2290390399956228,0.141350867611131,103.0,100.0,-0.2574703267438876,-0.2966796006250289,0.4442357594244885,-0.5615253222783558,-0.0259053349441769,0.43,0.45,0.51,0.535,0.81,1.0
150.0,0.7894736842105263,190.0,2.0,95.0,0.4439252336448598,214.0,0.963963963963964,192.0,2.0869565217391304,92.0,0.4380952380952381,210.0,2.1875,96.0,0.9320388349514565,207.0,-0.1830558987301667,0.1303643439933376,73.0,134.0,-0.3122201739803156,-0.4529399647699498,0.3742109302714066,-0.2730982065267694,-0.1267047660523362,0.295,0.335,0.355,0.37,0.535,1.0
143.0,0.3743455497382199,382.0,2.788321167883212,137.0,0.9319727891156464,147.0,0.3858267716535433,506.0,1.7630662020905923,287.0,2.110294117647059,136.0,0.9444444444444444,144.0,0.3819628647214854,454.0,-0.0644190863093549,0.0992455666398179,100.0,354.0,-0.1127889447236181,-0.1082820574845493,0.5230033704331245,-0.4479813244967162,0.0716809186540352,0.13,0.205,0.22,0.235,0.33,1.0
396.0,2.848920863309353,139.0,0.3808219178082191,365.0,2.664233576642336,137.0,0.9194630872483222,377.0,2.7518248175182483,137.0,0.9513888888888888,144.0,1.006993006993007,143.0,0.2693032015065913,365.0,-0.0769297821144041,0.1328093538520454,102.0,263.0,-0.0361038359715987,-0.1577664939088782,0.6140121495378519,-0.3654316168934065,0.1890188899032648,0.18,0.265,0.28,0.3,0.445,1.0
107.0,0.9385964912280702,114.0,0.9047619047619048,126.0,1.2,105.0,0.9905660377358492,83.0,0.9651162790697675,86.0,0.9772727272727272,88.0,0.946236559139785,93.0,0.9117647058823528,120.0,-0.2184861365411189,0.2986355067564682,62.0,58.0,-0.2085730669904006,-0.3246984084113413,1.3414376518142623,-0.2073380220413262,-0.1810264590480229,0.28,0.375,0.52,0.565,0.57,1.0
144.0,0.993103448275862,145.0,0.4898648648648648,296.0,2.1142857142857143,140.0,0.9271523178807948,148.0,1.0068027210884354,147.0,1.0068493150684932,146.0,0.4159544159544159,351.0,2.525179856115108,196.0,0.0311684475808628,0.1529384095464163,93.0,103.0,0.0352490155694558,-0.0314311273518539,0.748512445101434,-0.372988637842535,0.280373687699089,0.355,0.435,0.48,0.505,0.78,1.0
145.0,0.4073033707865168,356.0,2.4722222222222223,144.0,0.972972972972973,148.0,1.0068027210884354,300.0,2.2058823529411766,136.0,0.912751677852349,149.0,1.0067567567567568,148.0,1.0277777777777777,311.0,-0.2612397247340528,0.1279686114625356,101.0,210.0,-0.2772106798294925,-0.3052848951397998,0.3569669388156017,-0.632746572001049,-0.130364095511931,0.19,0.29,0.33,0.345,0.485,1.0
144.0,0.9536423841059604,151.0,0.9805194805194806,154.0,1.0476190476190477,147.0,1.0,151.0,1.0134228187919463,149.0,1.0067567567567568,148.0,1.0277777777777777,144.0,0.993103448275862,204.0,-0.2334230181378493,0.1710222027848608,99.0,105.0,-0.2448351507719269,-0.3080824370057191,0.6677486849628631,-0.617939031649319,-0.0223406925406965,0.28,0.435,0.49,0.515,0.765,1.0
140.0,1.037037037037037,135.0,0.9574468085106383,141.0,0.9791666666666666,144.0,1.1612903225806452,181.0,2.033707865168539,89.0,0.6137931034482759,145.0,0.90625,160.0,1.1347517730496457,182.0,-0.3114885614761555,0.1070246818993339,56.0,126.0,-0.3022002456015981,-0.4021995468223492,0.1784837248279468,-0.5386620854024712,-0.1487365030743996,0.23,0.28,0.305,0.35,0.32,1.0
143.0,0.9930555555555556,144.0,0.4311377245508982,334.0,2.402877697841727,139.0,0.9266666666666666,143.0,0.9930555555555556,144.0,0.2666666666666666,540.0,2.02247191011236,267.0,1.9777777777777776,200.0,-0.0237150218354037,0.1226645610810068,100.0,100.0,-0.0281619086652686,-0.0395809321786826,0.4382095532953091,-0.3521617314341873,0.1722097083721719,0.45,0.47,0.505,0.53,0.785,1.0
370.0,2.7007299270072997,137.0,0.9194630872483222,149.0,1.0347222222222223,144.0,0.979591836734694,321.0,2.3955223880597014,134.0,0.9054054054054054,148.0,1.049645390070922,141.0,0.9724137931034482,324.0,-0.1772490143897723,0.0952821125240669,100.0,224.0,-0.1396040050270374,-0.2011057671278603,0.2678320112155193,-0.4356985380503963,0.0272524133335002,0.195,0.285,0.31,0.33,0.49,1.0
148.0,1.0068027210884354,147.0,1.0068493150684932,146.0,0.4159544159544159,351.0,2.525179856115108,358.0,2.6323529411764706,136.0,0.8947368421052632,152.0,1.0201342281879195,149.0,0.2738970588235294,352.0,-0.0350221056697211,0.1267222025686818,102.0,250.0,-0.0389491051964935,-0.1143054963305047,0.6575517072931224,-0.3884722616017239,0.1347918142460239,0.21,0.255,0.295,0.31,0.43,1.0
109.0,0.558974358974359,195.0,1.5725806451612905,124.0,1.530864197530864,81.0,0.4709302325581395,192.0,1.6551724137931034,116.0,0.6137566137566137,189.0,1.6875,112.0,0.6054054054054054,211.0,-0.2585064361128311,0.1543793754012428,77.0,134.0,-0.2473020627341625,-0.4444391779948879,0.7156081364137908,-0.2723678937008966,-0.1666794865161731,0.215,0.345,0.365,0.385,0.445,1.0
136.0,0.912751677852349,149.0,1.0,149.0,1.0205479452054795,146.0,0.9798657718120806,153.0,0.27617328519855594,554.0,2.2612244897959184,245.0,1.7013888888888888,144.0,0.9536423841059604,213.0,-0.1990831496622205,0.1524960270791974,106.0,107.0,-0.236287407779783,-0.2422180815408778,0.5308248341467209,-0.5780678455206911,-0.0067472846811802,0.385,0.46,0.505,0.53,0.775,1.0
369.0,2.5985915492957745,142.0,0.9342105263157896,152.0,1.0482758620689656,145.0,0.9931506849315068,148.0,0.27611940298507465,536.0,2.310344827586207,232.0,1.6571428571428573,140.0,0.9395973154362416,206.0,-0.1739250699798412,0.1437373051779605,103.0,103.0,-0.1939630240644184,-0.2770523324522939,0.4212138337486119,-0.5604296184547899,0.0604394270315563,0.305,0.45,0.505,0.53,0.785,1.0
142.0,0.9342105263157896,152.0,1.027027027027027,148.0,1.0206896551724138,145.0,1.0,148.0,0.2808349146110057,527.0,1.882142857142857,280.0,1.9444444444444444,144.0,0.9536423841059604,208.0,-0.1439026537567235,0.1555110569150617,105.0,103.0,-0.1673171489231071,-0.1892802417035741,0.5760164235743784,-0.5827423820423314,0.1088741528818399,0.3,0.48,0.51,0.53,0.775,1.0
144.0,1.0212765957446808,141.0,0.9791666666666666,144.0,1.0,144.0,0.96,362.0,2.6814814814814816,135.0,0.906040268456376,149.0,1.0567375886524824,141.0,0.9527027027027029,358.0,-0.2850192353141907,0.102870319791073,105.0,253.0,-0.2830423769392686,-0.3048159697385579,0.2358045191882521,-0.5819974210934734,-0.0941351594323608,0.185,0.27,0.295,0.31,0.44,1.0
146.0,0.9668874172185432,151.0,0.9869281045751634,153.0,0.1303236797274276,1174.0,4.912133891213389,151.0,0.9805194805194806,154.0,1.0476190476190477,147.0,1.0,147.0,0.9865771812080536,205.0,-0.2621906769768504,0.1515365712977807,100.0,105.0,-0.2728435191817321,-0.3114103663246795,0.4245216243533938,-0.629204532998155,-0.0473491956132014,0.28,0.44,0.49,0.52,0.795,1.0
143.0,0.9285714285714286,154.0,1.0620689655172413,145.0,0.9731543624161074,149.0,1.0347222222222223,149.0,0.26895306859205775,554.0,1.8528428093645488,299.0,2.105633802816901,142.0,0.9403973509933776,208.0,-0.1800063639468709,0.1434817172914403,104.0,104.0,-0.2105569305383581,-0.2367816172394976,0.5343063165243694,-0.595541836417069,0.0586341140755561,0.44,0.465,0.505,0.53,0.77,1.0
145.0,1.0069444444444444,144.0,1.006993006993007,143.0,0.9662162162162162,148.0,1.0,148.0,0.9866666666666667,150.0,1.0416666666666667,144.0,1.006993006993007,143.0,1.0070422535211268,196.0,-0.0624742795030015,0.1589523696931343,93.0,103.0,-0.0725883625280545,-0.0934422386778302,0.6992905158313256,-0.3933650034161121,0.1563335161118909,0.33,0.45,0.48,0.505,0.8,1.0
148.0,1.034965034965035,143.0,0.3864864864864865,370.0,2.7007299270072997,137.0,0.9194630872483222,142.0,0.993006993006993,143.0,0.4454828660436137,321.0,2.3955223880597014,134.0,0.9054054054054054,199.0,-0.1749004752766803,0.125734519495979,100.0,99.0,-0.1742920815602723,-0.2333542580325186,0.3254214598668075,-0.4952308673610696,0.0241472254200012,0.465,0.45,0.505,0.535,0.8,1.0
148.0,1.0277777777777777,144.0,0.2594594594594595,555.0,2.4342105263157894,228.0,1.7142857142857142,399.0,1.4669117647058822,272.0,2.060606060606061,132.0,0.9103448275862068,145.0,1.0,381.0,-0.1916479698669063,0.0919965046178458,102.0,279.0,-0.1715547153063603,-0.195263499694532,0.335682785575326,-0.4342487169934219,-0.0254847951163224,0.245,0.255,0.27,0.285,0.435,1.0
146.0,1.028169014084507,142.0,0.993006993006993,143.0,1.0070422535211268,142.0,1.0142857142857142,149.0,1.0419580419580419,143.0,0.9930555555555556,144.0,1.0,144.0,0.9664429530201344,205.0,-0.2328584401628919,0.1672555154233156,101.0,104.0,-0.2818677500837748,-0.2925695760049049,0.6040096913923709,-0.6252263651336831,0.0087355673809474,0.41,0.455,0.495,0.525,0.79,1.0
148.0,1.0136986301369864,146.0,0.9798657718120806,149.0,1.0067567567567568,148.0,0.2661870503597122,145.0,1.0069444444444444,144.0,1.0212765957446808,141.0,0.9791666666666666,144.0,1.0,203.0,-0.1457266269618507,0.1231990918878612,102.0,101.0,-0.1582647787317437,-0.216580837997075,0.3203559941185506,-0.5077835419387959,0.0418269947872024,0.31,0.46,0.51,0.535,0.79,1.0
271.0,1.9496402877697845,139.0,0.9391891891891893,148.0,1.0277777777777777,144.0,0.979591836734694,631.0,2.554655870445344,247.0,1.7272727272727273,143.0,0.9407894736842104,152.0,1.0410958904109588,546.0,-0.140419460015764,0.1078802457914727,105.0,441.0,-0.1714075865171754,-0.1437737578678634,0.521051242695179,-0.5015494495215052,0.0207379346145094,0.135,0.18,0.195,0.205,0.285,1.0
148.0,0.4698412698412698,315.0,2.2992700729927007,137.0,0.9013157894736842,152.0,1.0133333333333334,151.0,0.39841688654353563,379.0,2.6690140845070425,142.0,0.9281045751633988,153.0,1.0132450331125828,210.0,-0.2375065989498724,0.1476075948671152,105.0,105.0,-0.2687235409833287,-0.2981435440672333,0.4376586511938852,-0.5927044972139145,0.0095734088441807,0.435,0.45,0.5,0.525,0.775,1.0
145.0,0.3815789473684211,380.0,2.695035460992908,141.0,0.9463087248322148,149.0,0.407103825136612,149.0,0.4116022099447514,362.0,2.742424242424242,132.0,0.8859060402684564,149.0,0.407103825136612,199.0,-0.1645677017919398,0.1605262238155506,95.0,104.0,-0.1803298429696431,-0.190884882220523,0.62988393510172,-0.5912472881528776,0.0940617109908178,0.32,0.455,0.48,0.505,0.775,1.0
272.0,2.060606060606061,132.0,0.9103448275862068,145.0,1.0,145.0,1.0283687943262412,367.0,2.7593984962406015,133.0,0.9047619047619048,147.0,0.4027397260273972,365.0,2.744360902255639,357.0,-0.1590735909648543,0.1186126173171119,101.0,256.0,-0.0921213815031706,-0.1024198289702845,0.5516653235661536,-0.377250200522264,-0.0567208225859853,0.27,0.275,0.285,0.3,0.425,1.0
215.0,2.087378640776699,103.0,1.0842105263157895,95.0,0.4337899543378995,219.0,2.1683168316831685,216.0,2.1386138613861387,101.0,1.1348314606741574,89.0,0.4341463414634146,205.0,2.091836734693877,209.0,-0.228316654771319,0.3077146225609733,58.0,151.0,-0.2851743760103586,-0.2988227663095722,1.6363658115462345,-0.3680272937413362,-0.3035169778734685,0.22,0.23,0.28,0.31,0.485,1.0
145.0,0.9602649006622516,151.0,1.0342465753424657,146.0,0.9798657718120806,149.0,0.2744014732965009,148.0,1.0136986301369864,146.0,0.9864864864864864,148.0,0.3557692307692308,416.0,0.5180572851805728,208.0,-0.1995493849540241,0.1271337679545767,105.0,103.0,-0.2144609026875935,-0.2027394573022088,0.3301310805361889,-0.5344907307907738,0.0209373522717264,0.465,0.48,0.51,0.535,0.785,1.0
219.0,2.1683168316831685,101.0,0.3519163763066202,287.0,2.841584158415841,101.0,0.3581560283687943,205.0,2.0918367346938775,98.0,1.180722891566265,83.0,0.5608108108108109,148.0,1.3577981651376148,205.0,-0.2152492016361344,0.3302991344521764,62.0,143.0,-0.2500753768844221,-0.2535632928552024,1.6853329068677765,-0.3938170947417569,-0.3575028675110694,0.2,0.24,0.305,0.39,0.535,1.0
110.0,1.375,80.0,0.4210526315789473,190.0,1.637931034482759,116.0,0.6105263157894737,217.0,2.358695652173913,92.0,0.4554455445544554,202.0,2.082474226804124,97.0,0.5078534031413613,220.0,-0.4009096413929394,0.1403884803062135,69.0,151.0,-0.4126543575623023,-0.5417213582708642,0.4960942592380471,-0.3833900984284768,-0.3833900984284768,0.19,0.3,0.315,0.335,0.335,1.0
153.0,1.0408163265306123,147.0,0.9865771812080536,149.0,0.2310077519379845,645.0,2.5595238095238093,148.0,0.9866666666666667,150.0,1.0067114093959733,149.0,1.0,149.0,0.2376395534290271,206.0,-0.0048368851236106,0.166148924213808,103.0,103.0,-0.0491756956260771,-0.0919670616875795,0.830150120533291,-0.4319548757460244,0.2424726755113218,0.46,0.45,0.505,0.53,0.775,1.0
206.0,1.1704545454545454,176.0,0.34375,512.0,2.767567567567568,185.0,1.3503649635036497,186.0,0.5406976744186046,344.0,2.059880239520958,167.0,0.9823529411764704,170.0,1.0303030303030305,240.0,-1.1619928558089134,0.3917891153731725,110.0,130.0,-1.0134746513514648,-1.1699556576436436,1.295898477617009,-1.1442943274903037,-1.118280138434801,0.265,0.43,0.46,0.49,0.79,1.0
217.0,2.358695652173913,92.0,0.4554455445544554,202.0,2.082474226804124,97.0,0.5078534031413613,205.0,2.2282608695652173,92.0,0.4577114427860697,201.0,2.284090909090909,88.0,1.353846153846154,208.0,0.086178093187901,0.1544377883694188,65.0,143.0,0.0713812491061167,-0.0161915308603122,1.1442563332130649,0.1384096702189254,0.1379074912848638,0.26,0.295,0.315,0.365,0.395,1.0
386.0,2.880597014925373,134.0,0.9305555555555556,144.0,1.0212765957446808,141.0,0.9791666666666666,146.0,0.9864864864864865,148.0,1.0136986301369864,146.0,0.9798657718120806,149.0,1.0136054421768708,204.0,-0.1865521180530701,0.1354970632782622,102.0,102.0,-0.2175909340866686,-0.2175933147909662,0.3426122765826385,-0.5605908580789196,0.0282863213358772,0.445,0.455,0.505,0.53,0.805,1.0
242.0,1.7285714285714286,140.0,0.958904109589041,146.0,0.9798657718120806,149.0,0.9738562091503268,145.0,0.9602649006622517,151.0,0.9805194805194806,154.0,1.0405405405405406,148.0,1.0,199.0,0.0341794573277211,0.1556061457308638,98.0,101.0,0.0127215199171796,-0.0161802939697417,0.7641179202704054,-0.344830123294959,0.2385110285485507,0.34,0.46,0.5,0.525,0.81,1.0
148.0,1.0,148.0,0.9866666666666668,150.0,1.0067114093959733,149.0,1.0,149.0,0.9933333333333333,150.0,1.0067114093959733,149.0,0.9867549668874172,151.0,0.9805194805194806,204.0,0.0475459533802602,0.1586585174882047,100.0,104.0,0.0096578518314773,-0.0173255051125286,0.8887996850445457,-0.3523182217559201,0.2810786672746476,0.445,0.46,0.495,0.52,0.79,1.0
136.0,0.9066666666666666,150.0,1.0135135135135136,148.0,1.0068027210884354,147.0,1.027972027972028,480.0,1.7391304347826086,276.0,2.0,138.0,0.9452054794520548,146.0,1.0354609929078014,440.0,-0.0517755349010901,0.1066107773957159,104.0,336.0,-0.0210278560487393,-0.0536593927765444,0.4356262911635066,-0.3949099409001662,0.0912683812793323,0.16,0.215,0.24,0.25,0.35,1.0
145.0,1.0431654676258992,139.0,0.9586206896551724,145.0,1.0,145.0,1.0431654676258992,142.0,0.3837837837837838,370.0,2.740740740740741,135.0,0.9,150.0,1.0273972602739727,194.0,-0.1980371513994896,0.1272596538201245,95.0,99.0,-0.163345547407439,-0.2450716002926081,0.3029178638664827,-0.5193484161505125,-0.0053778989489038,0.28,0.465,0.495,0.52,0.79,1.0
146.0,0.9605263157894736,152.0,1.0,152.0,1.0482758620689656,145.0,0.2645985401459854,149.0,1.0275862068965518,145.0,0.9931506849315068,146.0,0.9605263157894736,152.0,1.0,206.0,-0.0890301484319321,0.1315533215713861,102.0,104.0,-0.1255234369606621,-0.145347909422927,0.525797176758867,-0.4487947671502547,0.115701223509709,0.29,0.455,0.5,0.525,0.81,1.0
149.0,0.407103825136612,366.0,2.6142857142857143,140.0,0.9523809523809524,147.0,0.9932432432432432,149.0,0.40710382513661203,366.0,2.652173913043478,138.0,0.9261744966442952,149.0,0.3962765957446808,196.0,-0.1463297711119714,0.1478690289618188,92.0,104.0,-0.1623319555454129,-0.1888870924291247,0.5317943301005039,-0.5530182098960433,0.1083262042550541,0.32,0.435,0.475,0.5,0.75,1.0
146.0,1.006896551724138,145.0,1.0283687943262412,141.0,1.0,141.0,0.9724137931034482,144.0,0.5034965034965035,286.0,2.1343283582089554,134.0,0.9305555555555556,144.0,0.3789473684210526,202.0,-0.2504667467626272,0.1588862173722179,102.0,100.0,-0.2551330148224912,-0.3198045655138897,0.4193040147917236,-0.6709390321790542,0.0234062590535252,0.37,0.45,0.51,0.535,0.775,1.0
145.0,0.3929539295392953,369.0,2.6739130434782608,138.0,0.9078947368421052,152.0,1.0704225352112675,144.0,1.0,144.0,0.9664429530201344,149.0,0.9933333333333332,150.0,1.0344827586206895,200.0,-0.2304796137476042,0.131364474182225,100.0,100.0,-0.235,-0.2477402377659127,0.3130393147816945,-0.6429002162774149,-0.0491597874335505,0.415,0.465,0.505,0.53,0.8,1.0
137.0,0.9448275862068966,145.0,1.013986013986014,143.0,0.28714859437751,498.0,1.837638376383764,146.0,0.9864864864864865,148.0,1.0277777777777777,144.0,0.9536423841059604,151.0,0.2393026941362916,207.0,-0.1658925817906962,0.1578210014497267,105.0,102.0,-0.1980129247692447,-0.2096457942629225,0.5514915363279146,-0.5573236950943117,0.0592316107263198,0.45,0.48,0.515,0.54,0.765,1.0
147.0,0.98,150.0,0.4,375.0,0.7253384912959381,517.0,2.0597609561752988,148.0,1.0206896551724138,145.0,0.9931506849315068,146.0,0.9931972789115646,147.0,1.027972027972028,203.0,-0.2197769498504465,0.1468939613911982,100.0,103.0,-0.2459424201046112,-0.2637497206587644,0.4557413949024717,-0.6367771880685749,-0.0111626802646994,0.41,0.455,0.495,0.52,0.79,1.0
132.0,1.015384615384615,130.0,1.2149532710280373,107.0,0.9385964912280702,114.0,0.9047619047619048,98.0,1.0888888888888888,90.0,1.0843373493975903,83.0,0.9651162790697676,86.0,0.9772727272727272,141.0,-0.2852667929120992,0.2617484480763257,73.0,68.0,-0.2835303848513065,-0.2922534451153525,1.2799115253455655,-0.2736545189982551,-0.2467058305363005,0.325,0.465,0.525,0.565,0.57,1.0
149.0,1.0067567567567568,148.0,0.9736842105263158,152.0,0.9806451612903224,155.0,1.019736842105263,152.0,1.0,152.0,1.0066225165562914,151.0,1.0134228187919463,149.0,1.0067567567567568,211.0,-0.1322758820666913,0.1639369807127547,105.0,106.0,-0.1480384442127726,-0.1970741262352066,0.7260537947719283,-0.5276044199638102,0.1023551655340921,0.465,0.455,0.5,0.525,0.775,1.0
172.0,1.029940119760479,167.0,1.0245398773006136,163.0,1.0251572327044025,159.0,1.0063291139240509,190.0,1.2025316455696202,158.0,1.0063694267515924,157.0,0.9691358024691358,162.0,0.9759036144578314,227.0,-0.3525104403605394,0.1608077234402707,94.0,133.0,-0.2052129339425545,-0.5234317951954812,0.944137648746994,-0.4291724607742699,-0.351587958470912,0.27,0.395,0.415,0.435,0.73,1.0
145.0,0.9797297297297296,148.0,0.3957219251336898,374.0,2.6906474820143886,139.0,0.9266666666666666,383.0,2.7753623188405796,138.0,0.92,150.0,1.048951048951049,143.0,0.959731543624161,370.0,-0.1553913986615265,0.1232906588079625,102.0,268.0,-0.1510896098444273,-0.1760083509862584,0.4889461537378338,-0.4763451828567719,0.1025219286615506,0.165,0.25,0.28,0.295,0.41,1.0
144.0,0.9863013698630136,146.0,1.0,146.0,0.9864864864864864,148.0,1.0136986301369864,152.0,1.0482758620689656,145.0,0.9931506849315068,146.0,0.2602495543672014,561.0,2.125,203.0,-0.163589016276934,0.1478920495216649,97.0,106.0,-0.1639434138688863,-0.213920695663312,0.4725521200354479,-0.5378372920287325,0.0958113004661607,0.27,0.45,0.485,0.51,0.755,1.0
152.0,1.0066225165562914,151.0,1.0134228187919463,149.0,0.3688118811881188,404.0,0.689419795221843,145.0,0.9666666666666667,150.0,0.9933774834437086,151.0,1.0134228187919463,149.0,0.9933333333333332,202.0,-0.2299500688916237,0.1416468601933598,101.0,101.0,-0.2558051957013635,-0.2904467005084633,0.4165157090080616,-0.5910937442806826,-0.0109609185018876,0.465,0.455,0.505,0.53,0.79,1.0
147.0,0.3868421052631579,380.0,2.794117647058824,136.0,0.9006622516556292,151.0,0.4136986301369863,371.0,2.6884057971014492,138.0,0.9261744966442952,149.0,1.041958041958042,143.0,1.0070422535211268,362.0,-0.1818742987988754,0.130658879876831,103.0,259.0,-0.1528668100201982,-0.1850015984311206,0.4562824712418358,-0.4842441052489945,0.073271588258032,0.255,0.265,0.285,0.305,0.435,1.0
145.0,0.9731543624161074,149.0,0.9933333333333332,150.0,1.0135135135135136,148.0,1.0206896551724138,379.0,2.6879432624113475,141.0,0.9096774193548388,155.0,1.0472972972972974,148.0,1.0068027210884354,372.0,-0.2657021257745843,0.1430575397394422,107.0,265.0,-0.2270469006530412,-0.2807853131754219,0.6286313895822387,-0.6553726573771735,-0.0167376430936539,0.255,0.265,0.29,0.305,0.42,1.0
86.0,0.4365482233502538,197.0,1.0,197.0,0.8716814159292036,226.0,1.1649484536082475,173.0,1.9222222222222223,90.0,0.7317073170731707,123.0,1.3085106382978724,94.0,1.0217391304347827,192.0,-0.1346601763761528,0.1485078516481025,71.0,121.0,-0.0996553065038881,-0.140374398095953,0.9086433264328924,-0.0848116783339749,-0.0685323739666346,0.325,0.355,0.375,0.42,0.425,1.0
147.0,1.0,147.0,0.9865771812080536,149.0,1.0067567567567568,148.0,0.2556131260794473,149.0,0.9802631578947368,152.0,1.034013605442177,147.0,0.3056133056133056,481.0,0.88909426987061,206.0,-0.0211773440979084,0.1528309282761902,102.0,104.0,-0.0171892434023916,-0.0773005485626412,0.7052246932973024,-0.4832372650238195,0.180193536657866,0.46,0.445,0.5,0.52,0.805,1.0
148.0,0.3449883449883449,429.0,3.1313868613138687,137.0,0.9194630872483222,149.0,0.4116022099447514,376.0,2.7050359712230216,139.0,0.9144736842105264,152.0,1.034013605442177,147.0,0.3868421052631579,367.0,-0.2262280247311581,0.1125328651575808,104.0,263.0,-0.238728530192432,-0.235518906970684,0.4235697293706166,-0.583415261561041,-0.0096797949304945,0.235,0.26,0.285,0.3,0.43,1.0
146.0,0.4159544159544159,351.0,2.525179856115108,139.0,0.9586206896551724,145.0,0.9797297297297296,152.0,1.0201342281879195,149.0,0.2738970588235294,544.0,2.045112781954887,266.0,1.9,201.0,0.0487281943625667,0.1551193559085089,95.0,106.0,0.0144827742591315,-0.0019896880494513,0.7086337368188655,-0.3217042505434342,0.3439655227045404,0.39,0.435,0.475,0.505,0.775,1.0
280.0,1.9444444444444444,144.0,0.9536423841059604,151.0,1.0134228187919463,149.0,0.9867549668874172,152.0,0.24476650563607086,621.0,1.9467084639498435,319.0,2.2949640287769784,139.0,0.9391891891891893,214.0,-0.2538796526124609,0.1787698259112193,108.0,106.0,-0.299948938290615,-0.30892817711119,0.7080080395794044,-0.6205748792652733,0.0059153844030931,0.365,0.465,0.51,0.54,0.76,1.0
154.0,1.0547945205479452,146.0,1.0,146.0,0.4112676056338028,355.0,2.4482758620689653,153.0,0.40583554376657827,377.0,2.7518248175182483,137.0,0.8954248366013072,153.0,1.06993006993007,212.0,-0.1233276777106059,0.1494466778254158,105.0,107.0,-0.1506565191348653,-0.1789250736235617,0.5577999378779288,-0.5407185489490931,0.1400277790114136,0.405,0.46,0.5,0.525,0.765,1.0
213.0,0.9770642201834864,218.0,0.956140350877193,228.0,1.0654205607476634,214.0,1.0439024390243905,115.0,0.444015444015444,259.0,1.2821782178217822,202.0,0.957345971563981,211.0,1.0047619047619047,135.0,-1.621081134865368,0.9315043398762396,55.0,80.0,-0.5501060422981607,-0.9419725362776016,0.5752903163630569,-2.576826280909708,-1.801917543303575,0.24,0.36,0.415,0.71,0.51,1.0
136.0,0.9444444444444444,144.0,0.9863013698630136,146.0,0.9864864864864864,148.0,1.0136986301369864,148.0,1.0277777777777777,144.0,0.972972972972973,148.0,0.3905013192612137,379.0,2.828358208955224,197.0,-0.1258746919622936,0.15204703561462,94.0,103.0,-0.1394050755340401,-0.1765326612291851,0.5512261590557943,-0.461777192730857,0.0080859462064916,0.45,0.435,0.48,0.51,0.745,1.0
144.0,0.3860589812332439,373.0,2.8473282442748094,131.0,0.891156462585034,147.0,0.392,138.0,0.9857142857142858,140.0,0.9859154929577464,142.0,0.3678756476683937,386.0,2.880597014925373,198.0,-0.0779415159847515,0.1426551035475677,102.0,96.0,-0.0559160192382514,-0.127162777619424,0.6190690322685501,-0.4690606172136486,0.1255462998897823,0.49,0.475,0.52,0.545,0.815,1.0
145.0,1.013986013986014,143.0,0.28714859437751,498.0,1.837638376383764,271.0,1.9496402877697845,148.0,1.0277777777777777,144.0,0.9536423841059604,151.0,0.2393026941362916,631.0,2.554655870445344,205.0,-0.1462462844978919,0.1669841765703175,102.0,103.0,-0.1724991597331507,-0.1954042113807293,0.6954414382731968,-0.6054615958429295,-0.0285240774043926,0.385,0.46,0.505,0.53,0.74,1.0
146.0,1.006896551724138,145.0,0.4239766081871345,342.0,2.442857142857143,140.0,0.915032679738562,147.0,0.3712121212121212,396.0,2.848920863309353,139.0,0.3808219178082191,365.0,2.664233576642336,205.0,-0.0748055313749171,0.1281021072576267,103.0,102.0,-0.0930433417868304,-0.1159126592139366,0.4601085930521692,-0.4516686010700989,0.1265275847684429,0.295,0.47,0.51,0.535,0.8,1.0
147.0,0.392,375.0,2.840909090909091,132.0,0.9166666666666666,144.0,0.3881401617250674,386.0,2.8805970149253732,134.0,0.9305555555555556,144.0,1.0212765957446808,141.0,0.9791666666666666,369.0,-0.1057345366735936,0.099886868890974,99.0,270.0,-0.0965951470621414,-0.1248532719146494,0.4127402463945948,-0.460076871573694,0.0903441491820463,0.24,0.23,0.27,0.285,0.41,1.0
149.0,1.0067567567567568,148.0,0.2661870503597122,556.0,1.992831541218638,279.0,2.051470588235294,141.0,0.9791666666666666,144.0,1.0,144.0,0.96,150.0,0.4043126684636118,198.0,-0.1363814172472441,0.1155114847732731,100.0,98.0,-0.146822722725501,-0.1678121986850522,0.2528406212296793,-0.4541735995679324,0.0333483338945788,0.315,0.48,0.51,0.535,0.79,1.0
376.0,2.764705882352941,136.0,0.9066666666666666,150.0,1.0135135135135136,148.0,1.0068027210884354,149.0,0.3104166666666667,480.0,1.7391304347826086,276.0,2.0,138.0,0.9452054794520548,206.0,0.0085713685103716,0.1341657076770815,102.0,104.0,-0.0081590071644587,-0.0287414007878308,0.5456997329249623,-0.3989621868935852,0.2608082714972894,0.405,0.45,0.5,0.525,0.79,1.0
143.0,0.9930555555555556,144.0,0.9473684210526316,152.0,1.0066225165562914,151.0,1.0134228187919463,148.0,1.0206896551724138,145.0,1.0,145.0,0.9666666666666668,150.0,0.9933774834437086,209.0,-0.1962679012052828,0.160046766656841,106.0,103.0,-0.2171703128518718,-0.2227171287369697,0.4570078048777138,-0.5809503201385541,0.0223828046917032,0.475,0.485,0.515,0.535,0.785,1.0
141.0,0.9657534246575342,146.0,0.9798657718120806,149.0,1.0347222222222223,144.0,0.4864864864864865,391.0,2.8129496402877696,139.0,0.9455782312925172,147.0,1.013793103448276,145.0,1.0,377.0,-0.195104684039793,0.1216001683059037,104.0,273.0,-0.1706405696134833,-0.1945728643216079,0.4317395290924777,-0.5539190595900474,-0.0476226596707638,0.17,0.255,0.275,0.29,0.4,1.0
136.0,0.9006622516556292,151.0,0.4136986301369863,365.0,2.703703703703704,135.0,0.944055944055944,149.0,1.0419580419580419,143.0,1.0070422535211268,142.0,0.9793103448275862,145.0,0.9731543624161074,200.0,-0.1724818025482453,0.144154679062558,96.0,104.0,-0.2061187141901602,-0.2554407093664367,0.4560333664705774,-0.5414739927597865,0.1003226847148971,0.315,0.435,0.485,0.51,0.77,1.0
143.0,0.9794520547945206,146.0,0.9419354838709676,155.0,1.0689655172413792,145.0,0.9797297297297296,142.0,0.9594594594594594,148.0,1.0206896551724138,145.0,0.9797297297297296,148.0,0.9801324503311258,199.0,0.0303576514127058,0.1400163224658435,100.0,99.0,-0.0060264760946551,-0.0156451506737543,0.6053995275545626,-0.3136746892323054,0.2512177972282601,0.455,0.47,0.505,0.535,0.81,1.0
148.0,0.9866666666666668,150.0,1.0067114093959733,149.0,1.0,149.0,0.2376395534290271,150.0,1.0067114093959733,149.0,0.9867549668874172,151.0,0.9805194805194806,154.0,1.0335570469798658,209.0,0.0401762891841305,0.1552117807778453,104.0,105.0,-0.0118560515415023,-0.0211175421374535,0.7962232700105978,-0.379674169910181,0.2870422261483788,0.445,0.46,0.5,0.525,0.785,1.0
142.0,0.9466666666666668,150.0,0.3968253968253968,378.0,2.8,135.0,0.9,425.0,0.5114320096269555,831.0,3.364372469635628,247.0,1.802919708029197,137.0,0.958041958041958,400.0,-0.1871032096281819,0.1164211270118171,103.0,297.0,-0.2119753270091283,-0.230361634374832,0.5858157583074438,-0.4982808772221362,-0.0997771394055476,0.185,0.24,0.26,0.275,0.365,1.0
146.0,1.0,146.0,0.9864864864864864,148.0,1.0136986301369864,146.0,0.9798657718120806,145.0,0.9931506849315068,146.0,0.2602495543672014,561.0,2.125,264.0,1.9411764705882355,207.0,-0.1788715381598866,0.1563844267985322,106.0,101.0,-0.1898206383290603,-0.2430106212974004,0.5556170911903249,-0.5688426167596143,0.0305474322827617,0.48,0.465,0.515,0.54,0.765,1.0
159.0,0.9814814814814816,162.0,0.9818181818181818,165.0,1.0,165.0,1.0443037974683544,201.0,1.1964285714285714,168.0,1.05,160.0,1.0256410256410255,156.0,0.9873417721518988,223.0,-0.3843027459412543,0.1580041231655259,83.0,140.0,-0.309960058217284,-0.6127070875582386,0.8617665546345481,-0.5214882819965522,-0.4275300599745344,0.22,0.35,0.375,0.395,0.65,1.0
147.0,0.98,150.0,1.0,150.0,1.0273972602739727,146.0,0.2813102119460501,148.0,1.0277777777777777,144.0,0.9863013698630136,146.0,0.3945945945945946,370.0,2.661870503597122,203.0,0.039332465763216,0.1499239223814723,100.0,103.0,0.0379107723374668,-0.0189866274500493,0.7866116800706164,-0.3101510885116899,0.2788976932287158,0.34,0.445,0.495,0.52,0.765,1.0
137.0,0.9133333333333332,150.0,0.4,375.0,2.7777777777777777,135.0,0.9310344827586208,150.0,1.0135135135135136,148.0,1.0068027210884354,147.0,1.027972027972028,143.0,1.0,200.0,-0.0513718300605653,0.1422069592603328,95.0,105.0,-0.0460716649451611,-0.1207848140876581,0.6370045498474148,-0.461856465186627,0.16,0.32,0.435,0.48,0.505,0.78,1.0
147.0,1.0208333333333333,144.0,0.993103448275862,145.0,0.9602649006622516,151.0,1.0342465753424657,149.0,0.9933333333333333,150.0,1.0135135135135136,148.0,1.0136986301369864,146.0,0.9864864864864864,206.0,-0.1567095536411468,0.1435338405022915,102.0,104.0,-0.177604869792431,-0.1870892840910656,0.4696437648615141,-0.5643777523324086,0.0503178264526073,0.42,0.465,0.5,0.525,0.795,1.0
193.0,2.168539325842697,89.0,0.419811320754717,212.0,2.141414141414141,99.0,0.4852941176470588,91.0,0.4690721649484536,194.0,1.94,100.0,0.5319148936170213,188.0,1.9183673469387756,144.0,-0.0108553319085233,0.1286270391525271,81.0,63.0,0.1087128472962789,-0.0415324999440268,0.7790401201002554,-0.0207120436894105,0.0565355577902012,0.345,0.545,0.57,0.6,0.69,1.0
242.0,1.704225352112676,142.0,0.9342105263157896,152.0,1.027027027027027,148.0,1.0206896551724138,151.0,1.0202702702702702,148.0,0.2808349146110057,527.0,1.882142857142857,280.0,1.9444444444444444,210.0,-0.1480681229969902,0.1490523079117523,105.0,105.0,-0.1863745019224636,-0.199332966064626,0.5618664960687794,-0.5174515544148753,0.0648642864292373,0.355,0.46,0.505,0.53,0.755,1.0
390.0,1.387900355871886,281.0,2.051094890510949,137.0,0.9319727891156464,147.0,1.013793103448276,144.0,0.9664429530201343,149.0,0.9933333333333332,150.0,1.0416666666666667,144.0,0.3396226415094339,204.0,-0.1713515003892289,0.1530523479140799,104.0,100.0,-0.1540463598456961,-0.2120549255795351,0.6276856072269685,-0.5262215882221765,0.0619729833205681,0.48,0.465,0.515,0.54,0.79,1.0
148.0,1.0068027210884354,147.0,1.013793103448276,145.0,0.3961748633879781,366.0,2.652173913043478,150.0,0.5376344086021505,279.0,2.066666666666667,135.0,0.9183673469387756,147.0,0.3909574468085106,206.0,-0.2003076254852799,0.1532762464171827,101.0,105.0,-0.223287130257704,-0.2578151143105333,0.505496141034153,-0.6414702731540383,0.0648960640578223,0.44,0.455,0.495,0.52,0.785,1.0
144.0,0.972972972972973,148.0,1.034965034965035,143.0,0.959731543624161,149.0,1.0347222222222223,147.0,1.027972027972028,143.0,0.446875,320.0,2.302158273381295,139.0,0.9144736842105264,206.0,-0.2573020753491524,0.1408032106039657,104.0,102.0,-0.2666373365145773,-0.326391117451594,0.3248653731089297,-0.6482286640548391,-0.0729152931427352,0.48,0.46,0.51,0.535,0.76,1.0
148.0,0.2681159420289855,552.0,2.147859922178988,257.0,1.875912408759124,137.0,0.9256756756756755,378.0,2.7794117647058822,136.0,0.912751677852349,149.0,1.0,149.0,1.0347222222222223,369.0,-0.0955773685147581,0.1015909028163079,105.0,264.0,-0.0825657033252181,-0.1334644317037535,0.3834634363111823,-0.4655827650341184,0.1130495496666456,0.18,0.26,0.285,0.3,0.46,1.0
247.0,2.47,100.0,0.5076142131979695,197.0,2.095744680851064,94.0,0.4541062801932367,210.0,2.1875,96.0,0.4974093264248704,193.0,2.168539325842697,89.0,0.419811320754717,213.0,-0.2613352437437257,0.1994644996366082,66.0,147.0,-0.2332586093982536,-0.2673627452269757,0.5365860691298157,-0.2472204764391045,-0.0085962164449521,0.215,0.29,0.305,0.37,0.325,1.0
151.0,1.0,151.0,1.0134228187919463,149.0,1.0136054421768708,147.0,0.2363344051446945,146.0,1.0579710144927537,138.0,0.965034965034965,143.0,0.986206896551724,145.0,1.0,196.0,-0.1062010094809313,0.1718983034353773,94.0,102.0,-0.1213252471723871,-0.1689277179612932,0.7007426031429711,-0.510509505080493,0.144506037057169,0.33,0.46,0.48,0.505,0.8,1.0
149.0,1.0067567567567568,148.0,0.2556131260794473,579.0,2.5283842794759823,229.0,1.624113475177305,147.0,0.30561330561330563,481.0,0.88909426987061,541.0,2.1215686274509804,255.0,1.8085106382978724,208.0,-0.064240119205553,0.1595813096312376,106.0,102.0,-0.0991647422016068,-0.1161091024517803,0.7177816196873492,-0.5319146941945062,0.1376226673937265,0.305,0.48,0.515,0.54,0.815,1.0
132.0,0.9041095890410958,146.0,0.3659147869674185,399.0,1.3758620689655172,290.0,2.1323529411764706,148.0,0.3915343915343915,378.0,1.3309859154929575,284.0,2.103703703703704,135.0,0.9121621621621622,205.0,-0.1755286467124192,0.1398024006260473,102.0,103.0,-0.203193889533093,-0.2355280081407565,0.4324641039743883,-0.5310369184635959,-0.0055641459175209,0.295,0.46,0.505,0.53,0.75,1.0
148.0,0.398921832884097,371.0,2.688405797101449,138.0,0.9261744966442952,149.0,1.041958041958042,145.0,0.9863945578231292,,0.9735099337748344,151.0,1.0202702702702702,148.0,0.9932885906040269,204.0,-0.2222737608398268,0.1854701807241107,103.0,101.0,-0.2661044717120425,-0.3056998254645917,0.675285380521165,-0.7415139341956689,-0.0178999967562548,0.345,0.465,0.51,0.535,0.76,1.0
148.0,1.0136986301369864,146.0,0.9864864864864864,148.0,0.3557692307692308,416.0,0.5180572851805728,149.0,0.9802631578947368,152.0,1.0201342281879195,149.0,0.9867549668874172,,1.0066666666666666,206.0,-0.1538608916214395,0.1510038158980595,102.0,104.0,-0.1688865321118276,-0.1704120282675185,0.5535331346019786,-0.5770610513570759,0.0527915518370956,0.455,0.465,0.5,0.52,0.77,1.0
134.0,0.9054054054054054,148.0,1.0206896551724138,145.0,1.0211267605633805,142.0,0.9726027397260274,149.0,0.9933333333333333,150.0,0.4310344827586206,348.0,2.5035971223021583,139.0,0.9084967320261438,208.0,-0.0712334484939009,0.1653249702590298,104.0,104.0,-0.1294708078388397,-0.1496185994341879,0.7408610352400736,-0.4750704211426548,0.1664127878029054,0.445,0.435,0.505,0.53,0.77,1.0
147.0,0.3693467336683417,398.0,2.926470588235294,136.0,0.9251700680272108,147.0,0.98,144.0,0.3870967741935484,372.0,2.601398601398601,143.0,0.9662162162162162,148.0,1.0277777777777777,197.0,-0.056377872819335,0.1518938350376393,97.0,100.0,-0.0695458868567915,-0.163164603656339,0.6095039756495014,-0.4626708640610756,0.1798670992171025,0.405,0.455,0.495,0.52,0.765,1.0
210.0,0.9292035398230089,226.0,0.8968253968253969,252.0,1.0161290322580645,248.0,2.5306122448979598,210.0,1.0344827586206897,203.0,1.041025641025641,195.0,2.215909090909091,88.0,0.5,214.0,-0.2662294995856815,0.1461433653968665,67.0,147.0,-0.2269032004231075,-0.267174602934724,0.746145338542912,-0.2563757815441713,-0.2563757815441713,0.27,0.29,0.315,0.37,0.37,1.0
149.0,1.0205479452054795,146.0,0.9733333333333334,150.0,0.974025974025974,154.0,1.0335570469798658,147.0,0.9607843137254902,153.0,1.0551724137931036,145.0,0.9931506849315068,146.0,1.006896551724138,204.0,-0.0009391597878521,0.1524769341009669,102.0,102.0,-0.0098802870912153,-0.0605654656164265,0.6906215999593492,-0.3620444475173204,0.212301159811613,0.47,0.46,0.505,0.53,0.79,1.0
152.0,0.2447665056360708,621.0,1.9467084639498435,319.0,2.2949640287769784,139.0,0.9391891891891893,148.0,1.0,148.0,0.9673202614379084,153.0,0.4297752808988764,356.0,2.5428571428571427,207.0,-0.14583685029569,0.1661872074432356,104.0,103.0,-0.1795092688478508,-0.200965018286872,0.6213531232453462,-0.5491620216038264,0.1202922040329346,0.355,0.47,0.505,0.535,0.765,1.0
136.0,0.9379310344827586,145.0,0.3825857519788918,379.0,2.7664233576642334,137.0,0.9256756756756755,153.0,1.0132450331125828,151.0,1.0272108843537415,147.0,0.9671052631578948,152.0,1.0,208.0,-0.0986172804746225,0.1486775032066245,101.0,107.0,-0.1103837605353794,-0.1557336674929742,0.5551002885582624,-0.4475963921862826,0.135058760798844,0.335,0.45,0.49,0.515,0.775,1.0
227.0,2.4148936170212765,94.0,0.4253393665158371,221.0,2.376344086021505,93.0,0.9587628865979382,138.0,1.6626506024096386,83.0,0.7685185185185185,108.0,0.9,120.0,0.7792207792207793,163.0,-0.2021297305566686,0.1288233960233714,67.0,96.0,-0.2442090526211161,-0.4442710184915733,0.6390700271054361,-0.0898989212370325,-0.0898989212370325,0.355,0.385,0.41,0.435,0.435,1.0
148.0,0.9932885906040269,149.0,0.9738562091503268,153.0,0.4036939313984168,379.0,2.6879432624113475,151.0,0.37192118226600984,406.0,2.9635036496350367,137.0,0.8896103896103896,154.0,0.3879093198992443,202.0,-0.2034463466062941,0.1527368942647239,97.0,105.0,-0.2094207436100042,-0.2529773011788655,0.5344307983572401,-0.6549962090049535,0.0423750140357861,0.325,0.44,0.485,0.51,0.775,1.0
88.0,0.8712871287128713,101.0,0.4809523809523809,210.0,2.234042553191489,94.0,0.8468468468468469,207.0,2.0294117647058822,102.0,1.3421052631578947,76.0,0.7450980392156863,102.0,1.0303030303030305,198.0,-0.2819624001415635,0.2212191875549413,54.0,144.0,-0.2972447514679845,-0.3859269859523597,0.955622338329662,-0.4013178380860294,-0.3272080839886423,0.175,0.245,0.275,0.32,0.46,1.0
151.0,0.9805194805194806,154.0,1.0405405405405406,148.0,1.0,148.0,0.9866666666666668,154.0,1.0694444444444444,144.0,0.9664429530201344,149.0,0.9933333333333332,150.0,1.0067114093959733,205.0,0.0627384870503445,0.1489855568443529,98.0,107.0,0.0395313768485601,0.0005965533028912,0.7430071608013457,-0.334892813340873,0.3296975487668071,0.395,0.44,0.485,0.505,0.775,1.0
142.0,0.3678756476683937,386.0,2.880597014925373,134.0,0.9305555555555556,144.0,1.0212765957446808,146.0,1.0,146.0,0.9864864864864864,148.0,1.0136986301369864,146.0,0.9798657718120806,202.0,-0.1854498990618579,0.1355765445556747,100.0,102.0,-0.198504914530287,-0.227139862436518,0.3492615731164321,-0.5403464897395165,0.0035642345330178,0.345,0.455,0.5,0.525,0.765,1.0
149.0,0.5,298.0,2.1911764705882355,136.0,0.9251700680272108,147.0,0.4049586776859504,151.0,1.0342465753424657,146.0,0.9931972789115646,147.0,0.98,150.0,1.0273972602739727,203.0,-0.1388230797350763,0.1604207756526597,98.0,105.0,-0.1429548616355133,-0.1987301991758023,0.7286382111454671,-0.5668056864538012,0.0980763176995657,0.33,0.445,0.485,0.51,0.78,1.0
86.0,0.9555555555555556,90.0,0.9090909090909092,99.0,0.7388059701492538,134.0,1.3267326732673268,137.0,1.170940170940171,117.0,1.1470588235294117,102.0,1.02,100.0,0.6944444444444444,161.0,-0.2202759921972874,0.2403552773575571,66.0,95.0,-0.1306339925484016,-0.1846859134017967,1.0929073109387677,-0.103030852482442,-0.103030852482442,0.35,0.38,0.41,0.465,0.465,1.0
149.0,0.2483333333333333,600.0,1.9867549668874167,302.0,2.204379562043796,137.0,0.9013157894736842,150.0,0.9554140127388535,157.0,1.0608108108108107,148.0,0.4180790960451977,354.0,2.4755244755244754,207.0,-0.0162311890385226,0.1662429535303763,102.0,105.0,-0.0590981213769329,-0.0873777481995849,0.8053622791579607,-0.4348926203294748,0.1750353840312189,0.43,0.45,0.5,0.525,0.75,1.0
145.0,1.0069444444444444,144.0,1.0212765957446808,141.0,0.9791666666666666,144.0,1.0,150.0,0.4143646408839779,362.0,2.6814814814814816,135.0,0.906040268456376,149.0,1.0567375886524824,202.0,-0.2204347494274605,0.1306537865818852,97.0,105.0,-0.2115046981821524,-0.2607569427454649,0.3451489418014321,-0.5668165574977947,-0.0207636172893527,0.33,0.45,0.485,0.51,0.79,1.0
148.0,0.3814432989690721,388.0,1.3807829181494662,281.0,2.021582733812949,139.0,0.8910256410256411,152.0,0.9681528662420382,157.0,1.0129032258064516,155.0,1.0,155.0,1.019736842105263,213.0,-0.0475908769564035,0.1494183638677362,107.0,106.0,-0.0741647115171814,-0.1298316188892928,0.5638781615875041,-0.4563031256736131,0.2026555870174381,0.31,0.455,0.505,0.53,0.765,1.0
146.0,1.0,146.0,0.9733333333333334,150.0,0.4285714285714285,350.0,2.631578947368421,538.0,1.8615916955017302,289.0,2.0942028985507246,138.0,0.9324324324324323,148.0,1.0068027210884354,478.0,-0.144212832896579,0.10868681207278,102.0,376.0,-0.1724423364917202,-0.1459114471532428,0.6697699153276465,-0.6049544659708411,-0.0371851489054334,0.155,0.2,0.215,0.225,0.31,1.0
141.0,0.9929577464788732,142.0,0.9793103448275862,145.0,0.9931506849315068,146.0,0.9864864864864864,143.0,0.37142857142857144,385.0,2.8308823529411766,136.0,0.9444444444444444,144.0,0.9863013698630136,193.0,-0.2217273640171994,0.1356464177887061,93.0,100.0,-0.1390996496727554,-0.2553138043872424,0.3632023813332321,-0.5526190092943919,-0.0410529882868357,0.3,0.455,0.485,0.51,0.75,1.0
146.0,0.9864864864864864,148.0,1.0277777777777777,144.0,1.0,144.0,0.993103448275862,153.0,1.0337837837837838,148.0,0.9801324503311258,151.0,0.1753774680603949,861.0,3.48582995951417,204.0,0.0580836591385437,0.1618631232200506,97.0,107.0,0.021688655664642,-0.0056849365310253,0.8600013694478642,-0.3506750091836427,0.3855409351643831,0.365,0.45,0.48,0.505,0.755,1.0
79.0,0.6869565217391305,115.0,0.5450236966824644,211.0,0.6614420062695925,319.0,1.151624548736462,313.0,3.3655913978494625,93.0,1.0449438202247192,89.0,0.5,178.0,1.4015748031496065,286.0,-0.1356038264282125,0.2507704307712538,67.0,219.0,-0.136458100224626,-0.1252269856363751,1.7297594412336077,-0.3108899827547472,-0.0988828637845701,0.19,0.205,0.235,0.29,0.38,1.0
147.0,0.4060773480662983,362.0,2.661764705882353,136.0,0.9066666666666666,150.0,0.3816793893129771,149.0,1.0205479452054795,146.0,1.006896551724138,145.0,0.4769736842105263,304.0,2.1870503597122304,206.0,-0.1388643519286886,0.1685839705780374,102.0,104.0,-0.178831078040063,-0.1922613065326633,0.6619028185760176,-0.554592876334004,0.0731310609556854,0.44,0.46,0.5,0.525,0.75,1.0
149.0,0.9867549668874172,151.0,1.0202702702702702,148.0,0.9866666666666668,150.0,0.9803921568627452,146.0,1.006896551724138,145.0,0.9797297297297296,148.0,1.0206896551724138,145.0,0.935483870967742,206.0,-0.1545997411543843,0.146579943101156,104.0,102.0,-0.1246733668341708,-0.2143349658949224,0.2223435883360343,-0.5730167613377756,0.0167570105988808,0.42,0.475,0.51,0.535,0.805,1.0
148.0,1.049645390070922,141.0,0.986013986013986,143.0,1.0214285714285714,140.0,0.958904109589041,146.0,0.9605263157894737,152.0,1.0555555555555556,144.0,1.0,144.0,0.993103448275862,201.0,-0.1971437523041937,0.1379950237795732,99.0,102.0,-0.2210726048835719,-0.2538875499786107,0.3766862461560035,-0.5372100368531336,0.0084656824501567,0.355,0.45,0.5,0.525,0.81,1.0
147.0,0.4049586776859504,363.0,2.592857142857143,140.0,0.9210526315789472,152.0,1.0555555555555556,150.0,1.0273972602739727,146.0,0.9668874172185432,151.0,0.9869281045751634,153.0,0.1303236797274276,207.0,-0.1521109401876764,0.156662763386789,102.0,105.0,-0.1617431258941194,-0.1884666498720244,0.6617689066740438,-0.5791024937702526,0.1091604395251056,0.45,0.465,0.5,0.525,0.77,1.0
146.0,0.1655328798185941,882.0,3.6296296296296298,243.0,1.653061224489796,147.0,0.9932432432432432,149.0,1.0,149.0,0.3386363636363636,440.0,0.7899461400359067,557.0,2.273469387755102,210.0,-0.2722666850738774,0.1464930830454457,106.0,104.0,-0.2933102333726644,-0.3101640654930544,0.3820378765742535,-0.6265248012735833,-0.0529461061325415,0.37,0.455,0.51,0.535,0.775,1.0
145.0,0.9931506849315068,146.0,0.9931972789115646,147.0,1.027972027972028,143.0,0.9470198675496688,890.0,3.723849372384937,239.0,1.6830985915492958,142.0,0.8606060606060606,165.0,1.0443037974683544,729.0,-0.192147169142909,0.0883235015645785,106.0,623.0,-0.2193880965260977,-0.2181262843789886,0.5240424324730127,-0.5160434641468716,-0.1153434792088916,0.09,0.135,0.145,0.155,0.205,1.0
148.0,1.034965034965035,143.0,0.9794520547945206,146.0,0.1655328798185941,882.0,3.6296296296296298,143.0,0.9407894736842105,152.0,1.0201342281879195,149.0,1.0,149.0,0.3386363636363636,202.0,-0.20346117131036,0.1546533112383146,102.0,100.0,-0.2120241818903557,-0.2595070985495404,0.4821966584030911,-0.6061004696169672,0.0129915372558231,0.365,0.455,0.51,0.535,0.795,1.0
145.0,0.4239766081871345,342.0,2.442857142857143,140.0,0.915032679738562,153.0,0.3974025974025974,396.0,2.8489208633093526,139.0,0.3808219178082191,365.0,2.664233576642336,137.0,0.9194630872483222,379.0,-0.1168575918519708,0.100683951586871,102.0,277.0,-0.1080716198859438,-0.1358567301977737,0.4028747154108137,-0.4741716032163133,-0.0227795245351507,0.165,0.25,0.27,0.285,0.395,1.0
252.0,0.9921259842519684,254.0,2.3738317757009346,107.0,0.5846994535519126,183.0,0.8243243243243243,241.0,1.0432900432900434,231.0,1.105263157894737,209.0,1.0398009950248757,201.0,2.284090909090909,235.0,-0.1326090336541429,0.127962569392911,67.0,168.0,-0.0333315353738635,-0.1358524439411668,0.7902492309835789,-0.0701175904122663,0.0114349079103071,0.26,0.275,0.29,0.305,0.31,1.0
114.0,0.9047619047619048,126.0,1.2,105.0,0.9905660377358492,106.0,0.9298245614035088,86.0,0.9772727272727273,88.0,0.946236559139785,93.0,0.9117647058823528,102.0,1.2,118.0,-0.2199927590245979,0.2876552732729452,58.0,60.0,-0.2032012746842852,-0.2095313001030043,1.267416573523634,-0.176557539713775,-0.1643414560554841,0.41,0.43,0.5,0.55,0.555,1.0
211.0,1.1722222222222225,180.0,0.7627118644067796,236.0,0.9291338582677166,254.0,2.645833333333333,139.0,1.5444444444444445,90.0,0.7258064516129032,124.0,1.4090909090909092,88.0,0.946236559139785,167.0,-0.1591885067000572,0.1222306578644316,70.0,97.0,-0.1739198957169591,-0.1913442776379355,0.3662542157551747,-0.1163205944458277,-0.0416713175609647,0.37,0.385,0.415,0.465,0.445,1.0
137.0,0.9513888888888888,144.0,1.006993006993007,143.0,0.2693032015065913,531.0,2.349557522123894,399.0,1.3758620689655172,290.0,2.1323529411764706,136.0,0.9444444444444444,144.0,0.9863013698630136,381.0,-0.1656992729194518,0.1206733344588673,102.0,279.0,-0.1529405055357713,-0.1749599125891202,0.5383210916136187,-0.4449508568538927,-0.0779416986011252,0.165,0.24,0.27,0.285,0.385,1.0
136.0,0.8947368421052632,152.0,1.0201342281879195,149.0,0.2738970588235294,544.0,2.045112781954887,368.0,2.647482014388489,139.0,0.9266666666666666,150.0,1.0416666666666667,144.0,0.4198250728862974,363.0,-0.0135232329369423,0.1117657098872077,106.0,257.0,-0.0247578217885537,-0.0618359334911028,0.6156836010382432,-0.3669231681831783,0.1204508722379477,0.185,0.26,0.295,0.31,0.435,1.0
548.0,1.728706624605678,317.0,2.348148148148148,135.0,0.9246575342465754,146.0,1.028169014084507,152.0,0.37163814180929094,409.0,0.7463503649635036,548.0,2.0296296296296297,270.0,1.9424460431654675,212.0,-0.0975032578715782,0.1483556225517577,106.0,106.0,-0.0816284837401242,-0.1565858201786568,0.708751066170455,-0.4307011626964718,0.1492851591076552,0.475,0.465,0.505,0.53,0.78,1.0
143.0,1.0070422535211268,142.0,0.9594594594594594,148.0,1.0,148.0,1.0206896551724138,150.0,0.31315240083507306,479.0,0.5994993742177722,799.0,3.504385964912281,228.0,1.6285714285714286,207.0,-0.0963376655052181,0.1522178385127421,102.0,105.0,-0.1281460768011697,-0.1453242894773642,0.631463628596298,-0.5049053630382627,0.1477135089060656,0.305,0.46,0.5,0.525,0.785,1.0
600.0,1.9867549668874167,302.0,2.204379562043796,137.0,0.9013157894736842,152.0,1.0066225165562914,157.0,1.0608108108108107,148.0,0.4180790960451977,354.0,2.4755244755244754,143.0,0.9727891156462584,214.0,-0.0460572848482162,0.1518308216505507,105.0,109.0,-0.0725646563748365,-0.1050010795827688,0.7026453857370898,-0.4180872971449739,0.166882323268735,0.445,0.435,0.495,0.52,0.775,1.0
531.0,2.349557522123894,226.0,1.6376811594202898,138.0,0.9324324324324323,148.0,0.3844155844155844,144.0,0.9863013698630136,146.0,0.9864864864864864,148.0,1.0136986301369864,146.0,1.0,195.0,-0.1614109933530898,0.1310613282245136,95.0,100.0,-0.1715708011327281,-0.205859801957686,0.3746961555932935,-0.490414938813161,0.0556787086124353,0.37,0.45,0.495,0.52,0.79,1.0
130.0,0.9701492537313432,134.0,0.8701298701298701,154.0,1.0845070422535212,142.0,1.1451612903225807,128.0,0.9343065693430657,137.0,0.9716312056737588,141.0,0.9591836734693876,147.0,0.9671052631578948,149.0,-0.1778743931890075,0.0998294079427999,60.0,89.0,-0.1366926645101425,-0.340477787151366,0.3512377306858398,-0.2851493340156722,-0.0290141485332417,0.29,0.37,0.405,0.455,0.425,1.0
144.0,0.9664429530201344,149.0,1.0205479452054795,146.0,0.1642294713160854,889.0,3.986547085201794,146.0,1.020979020979021,143.0,0.986206896551724,145.0,0.3661616161616162,396.0,1.346938775510204,201.0,-0.1271347055327453,0.1594046653768482,99.0,102.0,-0.16,-0.1858403372515444,0.6522327483093162,-0.5268611015618618,0.097869679862749,0.435,0.46,0.5,0.525,0.795,1.0
143.0,0.3844086021505376,372.0,2.735294117647059,136.0,0.951048951048951,143.0,0.3743455497382199,143.0,0.9794520547945206,146.0,1.0138888888888888,144.0,0.2845849802371542,506.0,1.7630662020905925,200.0,-0.1000307363940702,0.140428531341941,100.0,100.0,-0.1279119578190707,-0.17,0.479647698353282,-0.5041191074211934,0.11,0.445,0.465,0.505,0.53,0.8,1.0
146.0,1.3773584905660377,106.0,0.6708860759493671,158.0,1.490566037735849,106.0,0.6666666666666666,141.0,1.3177570093457944,107.0,0.6604938271604939,162.0,1.4210526315789471,114.0,0.6705882352941176,170.0,-0.094271057181317,0.1810856103428804,72.0,98.0,-0.0668508875505326,-0.2348536662861823,0.8577138787164711,-0.3953136545843468,0.089325230376153,0.22,0.38,0.425,0.465,0.69,1.0
1139.0,4.846808510638298,235.0,1.715328467153285,137.0,0.9513888888888888,144.0,1.006993006993007,586.0,1.260215053763441,465.0,0.9046692607003892,514.0,1.021868787276342,503.0,1.006,510.0,-0.1756932878288731,0.1084712131331967,100.0,410.0,-0.1868090452261306,-0.2241704850174842,0.5636513696572474,-0.5281522971346446,0.0001398059109358,0.185,0.175,0.2,0.21,0.295,1.0
146.0,0.3945945945945946,370.0,2.661870503597122,139.0,0.9266666666666666,150.0,0.4076086956521739,145.0,0.48986486486486486,296.0,2.1142857142857143,140.0,0.9271523178807948,151.0,1.0342465753424657,201.0,0.076499982874951,0.1434176390695098,100.0,101.0,0.0703399020296349,0.0439169889980892,0.719041691950276,-0.2778617020398559,0.2473448575905756,0.3,0.475,0.505,0.53,0.75,1.0
150.0,0.4076086956521739,368.0,2.725925925925926,135.0,0.9121621621621622,148.0,1.0206896551724138,151.0,1.0342465753424657,146.0,1.006896551724138,145.0,0.9863945578231292,147.0,0.3542168674698795,203.0,0.0924783831667977,0.1552749009911392,98.0,105.0,0.0653598300604674,0.0359749576018778,0.8082414258301935,-0.2445075396784876,0.3557737851704938,0.375,0.44,0.485,0.515,0.79,1.0
162.0,1.8,90.0,0.3896103896103896,231.0,2.4574468085106385,94.0,0.6619718309859155,210.0,2.234042553191489,94.0,0.8468468468468469,111.0,0.5235849056603774,212.0,1.9272727272727272,217.0,-0.1917330796897342,0.1476680043879311,70.0,147.0,-0.0599090297671035,-0.103790411247517,0.6477631015999066,-0.2139966165827501,-0.1478701892480355,0.3,0.31,0.33,0.35,0.385,1.0
137.0,0.9256756756756755,148.0,1.049645390070922,141.0,0.986013986013986,143.0,1.0214285714285714,142.0,0.9726027397260274,146.0,0.9605263157894736,152.0,1.0555555555555556,144.0,1.0,195.0,-0.1997811192925511,0.1500097276406703,96.0,99.0,-0.2169075271738127,-0.2556459018454324,0.5254944877044085,-0.6004736859054509,-0.0065259174545961,0.36,0.455,0.495,0.52,0.755,1.0
151.0,0.2439418416801292,619.0,2.495967741935484,248.0,1.7714285714285714,140.0,0.8974358974358975,150.0,0.9554140127388535,157.0,1.0129032258064516,155.0,1.0333333333333334,150.0,0.2793296089385474,212.0,-0.2119828515753124,0.1557476232356671,107.0,105.0,-0.2385741291784882,-0.2857416237458019,0.4980253950086329,-0.6185065130292497,0.0180536744304757,0.475,0.465,0.51,0.535,0.755,1.0
143.0,0.9930555555555556,144.0,0.9863013698630136,146.0,1.0,146.0,0.9798657718120806,147.0,0.4349112426035503,338.0,2.397163120567376,141.0,0.9591836734693876,147.0,0.4038461538461538,200.0,0.0577882859425512,0.1412307643858944,98.0,102.0,0.0390785935626499,-0.011685437441667,0.6042132889887167,-0.3124492053687561,0.2853941308904257,0.36,0.445,0.5,0.525,0.78,1.0
102.0,0.5604395604395604,182.0,1.6545454545454543,110.0,1.375,80.0,0.4210526315789473,206.0,2.080808080808081,99.0,0.456221198156682,217.0,2.358695652173913,92.0,0.4554455445544554,215.0,-0.0778062586908797,0.1217832567174539,71.0,144.0,-0.0145917982122377,-0.1194025960977064,0.9554862802743476,-0.0597476824354063,0.014089969190458,0.195,0.31,0.33,0.35,0.5,1.0
94.0,1.323943661971831,71.0,0.8352941176470589,85.0,0.6854838709677419,124.0,0.8,84.0,0.6511627906976745,129.0,0.9699248120300752,133.0,1.5647058823529412,85.0,0.5985915492957746,114.0,-0.2507320990570941,0.2373347820847584,56.0,58.0,-0.1654001472892039,-0.3028684636966606,0.6557190218750705,-0.273525157195866,-0.1665007243347283,0.35,0.45,0.495,0.565,0.535,1.0
112.0,1.2173913043478262,92.0,0.8,115.0,1.5333333333333334,75.0,0.8620689655172413,141.0,1.6987951807228916,83.0,0.8058252427184466,103.0,0.4153225806451613,248.0,1.0598290598290598,161.0,-0.21305833618903,0.1686653441787668,63.0,98.0,-0.2661866824757027,-0.3363985969514957,0.7832684526987912,-0.188842017479197,0.0562814894161689,0.34,0.365,0.39,0.465,0.42,1.0
191.0,2.1954022988505746,87.0,0.424390243902439,205.0,2.11340206185567,97.0,0.4663461538461538,65.0,0.4676258992805755,139.0,1.4787234042553192,94.0,0.8034188034188035,117.0,1.135922330097087,106.0,0.0063034135701147,0.1605796262592901,61.0,45.0,-0.0494533865891816,-0.2117989885323415,0.8726636458952508,0.0153778828763832,0.1509538971085369,0.505,0.55,0.58,0.65,0.615,1.0
109.0,0.9316239316239316,117.0,0.951219512195122,123.0,1.0423728813559323,118.0,0.9291338582677166,135.0,1.0227272727272727,132.0,1.015384615384615,130.0,1.2149532710280373,107.0,0.9385964912280702,185.0,-0.1683702546498811,0.2402182779284844,91.0,94.0,-0.1270114747354071,-0.2200755392111274,1.407957084116761,-0.1977453656457294,-0.1644589232426431,0.26,0.465,0.5,0.53,0.535,1.0
149.0,0.9933333333333332,150.0,1.0416666666666667,144.0,0.3396226415094339,424.0,1.4722222222222223,148.0,1.0277777777777777,144.0,1.0,144.0,0.993103448275862,145.0,0.9731543624161074,205.0,-0.1288096609286255,0.1542669621325839,102.0,103.0,-0.1402946819383535,-0.2053074050962763,0.5889052093213814,-0.5184012308782563,0.1172751464286781,0.47,0.45,0.505,0.53,0.78,1.0
97.0,0.6024844720496895,161.0,0.5047021943573667,319.0,1.4837209302325582,215.0,1.0287081339712918,248.0,1.1324200913242009,219.0,0.9733333333333334,225.0,0.995575221238938,226.0,1.018018018018018,240.0,-0.3077600083704435,0.2158287951145154,67.0,173.0,-0.4405991221481149,-0.4847800562830602,0.89251150111273,-0.5407097647100247,-0.2743401047678606,0.205,0.24,0.28,0.34,0.45,1.0
96.0,1.0909090909090908,88.0,0.9361702127659576,94.0,0.4454976303317535,211.0,1.1722222222222225,110.0,0.47413793103448276,232.0,2.297029702970297,101.0,0.7266187050359713,139.0,1.5444444444444445,156.0,-0.0759240887770229,0.0999255468368244,79.0,77.0,-0.0434555645964626,-0.0472524862517233,0.4208648599804764,-0.0493402282004472,0.0305146696986267,0.48,0.485,0.515,0.545,0.605,1.0
144.0,0.96,150.0,0.4043126684636118,371.0,2.748148148148148,135.0,0.3846153846153846,141.0,0.9527027027027027,148.0,1.034965034965035,143.0,0.3864864864864865,370.0,2.7007299270072997,202.0,-0.308433717336586,0.1205617421808621,104.0,98.0,-0.2639501287685862,-0.3447628123893301,0.0555926860510109,-0.6387902341697881,-0.1047834176295159,0.495,0.465,0.525,0.545,0.81,1.0
153.0,1.0551724137931036,145.0,0.9931506849315068,146.0,1.006896551724138,145.0,0.9731543624161074,152.0,1.0482758620689656,145.0,0.9731543624161074,149.0,0.9867549668874172,151.0,1.0066666666666666,206.0,0.0770108204382071,0.1586173521406946,100.0,106.0,0.0619592053496725,0.024186375953919,0.8354586150868125,-0.2763097090687167,0.2838904756926814,0.34,0.455,0.49,0.515,0.75,1.0
210.0,1.0047846889952152,209.0,0.9858490566037736,212.0,2.25531914893617,94.0,0.3900414937759336,238.0,1.1840796019900497,201.0,0.9710144927536232,207.0,1.4785714285714286,140.0,0.4929577464788732,232.0,-0.2652722569498094,0.2017579645799003,66.0,166.0,0.3503027623919309,-0.3651871649893434,0.9938501794073792,-0.4357124989440211,-0.1440998568784335,0.275,0.255,0.29,0.34,0.475,1.0
85.0,0.9550561797752808,89.0,1.0348837209302326,86.0,0.4365482233502538,197.0,1.0,237.0,2.323529411764706,102.0,0.5895953757225434,173.0,1.9222222222222225,90.0,0.7317073170731707,228.0,-0.1315461060947444,0.146767471926568,63.0,165.0,-0.1673444380311113,-0.2415500426085291,0.9464550956757872,-0.03,-0.03,0.235,0.26,0.28,0.315,0.315,1.0
212.0,0.9953051643192488,213.0,0.9770642201834864,218.0,0.956140350877193,228.0,1.0654205607476634,79.0,0.6869565217391305,115.0,0.444015444015444,259.0,1.2821782178217822,202.0,0.957345971563981,124.0,-0.2663491899179857,0.4584286238963216,69.0,55.0,-0.3847807992444648,-0.4033574284548183,1.1228663056440684,-0.3538801134088021,-0.2777856419626209,0.425,0.45,0.565,0.66,0.625,1.0
115.0,1.0267857142857142,112.0,0.991150442477876,113.0,0.9495798319327732,119.0,1.072072072072072,139.0,1.219298245614035,114.0,0.991304347826087,115.0,0.515695067264574,223.0,0.9529914529914528,154.0,-0.4679843585554112,0.5268045196239068,57.0,97.0,0.1172950956811029,-0.7920544755465674,1.9850617683312928,-1.1515725529174752,-0.3797359674727713,0.205,0.335,0.375,0.415,0.645,1.0
147.0,0.9932432432432432,148.0,0.9801324503311258,151.0,1.0,151.0,0.2439418416801292,150.0,1.0135135135135136,148.0,0.9932885906040269,149.0,0.9867549668874172,151.0,0.993421052631579,202.0,-0.1024576996714936,0.1526079679214467,97.0,105.0,-0.1079502318003692,-0.1556342926416931,0.6715199567134902,-0.4553597208221716,0.104414510612692,0.29,0.44,0.485,0.51,0.77,1.0
151.0,1.0202702702702702,148.0,0.2808349146110057,527.0,1.882142857142857,280.0,1.9444444444444444,148.0,0.9736842105263158,152.0,0.9806451612903224,155.0,1.019736842105263,152.0,0.2447665056360708,207.0,-0.2271545618116008,0.1562227734517383,104.0,103.0,-0.2611340077248001,-0.2988259238598209,0.4487055108493828,-0.6102861220198057,-0.022297375078748,0.295,0.445,0.505,0.53,0.805,1.0
149.0,0.9551282051282052,156.0,0.2557377049180327,610.0,2.4596774193548385,248.0,1.7588652482269505,148.0,0.9736842105263158,152.0,1.0066225165562914,151.0,0.993421052631579,152.0,1.027027027027027,211.0,-0.0436513541257011,0.1411604835959415,108.0,103.0,-0.0659745254488115,-0.0982931799153431,0.6059036193413027,-0.3866802367116284,0.1790067815423724,0.36,0.47,0.515,0.54,0.795,1.0
145.0,0.9931506849315068,146.0,1.0138888888888888,144.0,0.993103448275862,145.0,0.4898648648648648,415.0,3.1203007518796992,133.0,0.8986486486486487,148.0,1.0068027210884354,147.0,1.0068493150684932,392.0,0.0002547108157501,0.1092700088938965,102.0,290.0,0.0002558791588627,-0.0286282638994441,0.6013718717790336,-0.3729420237424525,0.2624636383537496,0.185,0.245,0.26,0.275,0.415,1.0
223.0,1.6277372262773722,137.0,0.9448275862068966,145.0,1.013986013986014,143.0,0.9794520547945206,151.0,1.0486111111111112,144.0,0.9664429530201344,149.0,1.0205479452054795,146.0,0.1642294713160854,207.0,-0.091729140617455,0.1610962439743831,102.0,105.0,-0.1287830509360711,-0.1460606984399481,0.7662937942701271,-0.4904565303766817,0.1660147445717865,0.3,0.45,0.5,0.525,0.78,1.0
148.0,0.9932885906040269,149.0,1.0205479452054795,146.0,1.0,146.0,1.0138888888888888,422.0,1.4402730375426622,293.0,2.1703703703703705,135.0,0.8940397350993378,151.0,1.0272108843537415,400.0,-0.1277389404030957,0.1102786937932277,105.0,295.0,-0.0920057629519381,-0.1524756238385894,0.5471299327229564,-0.4301576293253617,0.1271959270616391,0.16,0.24,0.265,0.28,0.405,1.0
154.0,1.0694444444444444,144.0,0.8,180.0,1.935483870967742,93.0,0.4025974025974026,115.0,0.6647398843930635,173.0,1.8602150537634408,93.0,0.7209302325581395,129.0,1.29,164.0,-0.0953870607433413,0.1490144641465226,84.0,80.0,0.0428102826968432,-0.0544395292978278,0.676035624303242,-0.0608948930619952,0.0745035781465685,0.315,0.49,0.515,0.545,0.655,1.0
137.0,0.9133333333333332,150.0,1.0273972602739727,146.0,0.9605263157894736,152.0,1.0,142.0,0.9659863945578231,147.0,0.9865771812080536,149.0,1.0275862068965518,145.0,0.9931506849315068,201.0,-0.0899758920975032,0.1438615351381541,102.0,99.0,-0.1282030517236595,-0.1630175649024843,0.521186737651895,-0.4344983709464253,0.0712286886579049,0.315,0.435,0.51,0.54,0.78,1.0
145.0,0.2715355805243445,534.0,2.225,240.0,1.7647058823529411,136.0,0.9379310344827586,143.0,1.0070422535211268,142.0,0.3585858585858585,396.0,0.9519230769230768,416.0,1.0558375634517767,193.0,-0.0980599346570537,0.1339361236691395,93.0,100.0,-0.1076359498949702,-0.1598883289954034,0.5278254593387673,-0.4760106397078835,0.1343585096518585,0.34,0.425,0.49,0.51,0.77,1.0
155.0,1.0333333333333334,150.0,0.2793296089385474,537.0,2.452054794520548,219.0,1.5755395683453235,390.0,0.6989247311827957,558.0,2.415584415584416,231.0,1.6618705035971224,139.0,0.9205298013245032,380.0,-0.2581127003078238,0.1299046156833352,107.0,273.0,-0.2543307465047761,-0.2646131713222233,0.5053562846078239,-0.713231913587459,-0.1251135283384111,0.18,0.265,0.28,0.295,0.405,1.0
150.0,1.0067114093959733,149.0,0.9867549668874172,151.0,0.2439418416801292,619.0,2.495967741935484,149.0,0.9738562091503268,153.0,1.02,150.0,0.9554140127388536,157.0,1.0129032258064516,209.0,-0.233723557111709,0.1602728527601315,105.0,104.0,-0.2581314762706282,-0.2859022915720537,0.560973525601917,-0.6452756390168156,0.0225158454684601,0.45,0.47,0.505,0.53,0.77,1.0
201.0,0.9901477832512317,203.0,0.944186046511628,215.0,2.128712871287129,101.0,0.3840304182509506,161.0,0.5047021943573667,319.0,1.4837209302325582,215.0,1.0287081339712918,209.0,2.223404255319149,179.0,-0.0617195251480225,0.19484023889665,67.0,112.0,0.0573917603028405,-0.2192387936121148,0.4130155664630165,0.1502503729802517,0.1502503729802517,0.355,0.33,0.38,0.41,0.41,1.0
148.0,0.9801324503311258,151.0,0.1753774680603949,861.0,3.48582995951417,247.0,1.7394366197183098,146.0,0.948051948051948,154.0,1.0198675496688745,151.0,1.0134228187919463,149.0,0.2430668841761827,204.0,-0.0638422033114881,0.1345402954677153,102.0,102.0,-0.0735375783128818,-0.0964092125711961,0.5402786174725773,-0.4658875059625648,0.107288611991449,0.315,0.46,0.505,0.525,0.79,1.0
374.0,2.6906474820143886,139.0,0.9266666666666666,150.0,1.0135135135135136,148.0,0.4743589743589743,150.0,1.048951048951049,143.0,0.959731543624161,149.0,0.9933333333333332,150.0,1.0135135135135136,201.0,-0.0914322056141262,0.1626978583370541,96.0,105.0,-0.1080977664421994,-0.1354510591957071,0.6313860251962683,-0.4261669715998058,0.1630390286738106,0.435,0.45,0.48,0.51,0.755,1.0
173.0,1.0236686390532543,169.0,1.0903225806451613,155.0,0.8707865168539326,178.0,2.022727272727273,139.0,0.5840336134453782,238.0,1.2081218274111676,197.0,2.264367816091954,87.0,0.7372881355932204,165.0,-0.2768233626810544,0.1500768037793402,68.0,97.0,-0.2439606899777401,-0.3036948918899161,0.694873850090347,-0.26,-0.0970253727993476,0.365,0.385,0.415,0.48,0.44,1.0
138.0,0.9517241379310344,145.0,0.9797297297297296,148.0,0.9801324503311258,151.0,1.0342465753424657,146.0,1.020979020979021,143.0,0.9727891156462584,147.0,1.0208333333333333,144.0,0.993103448275862,204.0,-0.1961685407244721,0.1522739335434054,102.0,102.0,-0.213203150943168,-0.2478642722765734,0.6010355156866797,-0.5819462766545207,0.0192309715069964,0.46,0.45,0.505,0.53,0.78,1.0
182.0,0.9732620320855616,187.0,1.0053763440860215,186.0,1.120481927710843,166.0,2.075,90.0,0.5769230769230769,156.0,0.968944099378882,161.0,0.92,175.0,1.1666666666666667,107.0,-0.4828901963325032,0.2780356115019197,45.0,62.0,-0.6081747469063378,-0.6073234468377657,0.8789719151073112,-0.5672618326172741,-0.2860812462767929,0.35,0.36,0.43,0.5,0.725,1.0
149.0,0.9933333333333332,150.0,1.0135135135135136,148.0,1.0136986301369864,146.0,0.9864864864864864,149.0,1.0205479452054795,146.0,0.9798657718120806,149.0,0.9802631578947368,152.0,1.0201342281879195,208.0,-0.1762884123308296,0.1606825128681295,104.0,104.0,-0.2005885626085957,-0.2403595224528482,0.5887662327939827,-0.5785160656275506,0.0549530817018156,0.37,0.45,0.505,0.53,0.78,1.0
147.0,0.4027397260273972,365.0,2.744360902255639,133.0,0.93006993006993,143.0,1.0070422535211268,140.0,0.958904109589041,146.0,1.006896551724138,145.0,1.0283687943262412,141.0,1.0,198.0,-0.1824776483435306,0.1382753379021635,100.0,98.0,-0.1890398591092923,-0.249189173990959,0.3642669441037398,-0.5342628608786174,-0.0408489675128522,0.47,0.455,0.51,0.535,0.84,1.0
163.0,1.9176470588235293,85.0,0.3899082568807339,218.0,1.2823529411764707,170.0,1.8888888888888888,107.0,0.7985074626865671,134.0,1.3958333333333333,96.0,0.9320388349514565,103.0,1.0957446808510638,142.0,-0.1903268859646591,0.1429062405042723,68.0,74.0,-0.200996622873267,-0.2454949257725079,0.6977519165473741,-0.2137805580011704,-0.0438424584689059,0.42,0.445,0.48,0.555,0.51,1.0
342.0,2.4782608695652173,138.0,0.9387755102040816,147.0,1.0425531914893618,141.0,0.9657534246575342,369.0,2.6739130434782608,138.0,0.9261744966442952,149.0,0.3810741687979539,391.0,2.8129496402877696,360.0,-0.1909912372483777,0.1148402496112088,102.0,258.0,-0.2035646378806536,-0.1983650577572689,0.4375266213961639,-0.5322558641577405,-0.0895004542723841,0.22,0.265,0.285,0.3,0.415,1.0
137.0,0.8896103896103896,154.0,0.3879093198992443,397.0,2.8768115942028984,138.0,0.9078947368421052,149.0,1.0347222222222223,144.0,0.319290465631929,451.0,3.291970802919708,137.0,0.9013157894736842,204.0,-0.1464254908330997,0.1808747165600088,100.0,104.0,-0.1865346007350618,-0.1962280547265391,0.7387079630813709,-0.5754233945714914,0.2164087209281708,0.415,0.46,0.495,0.52,0.765,1.0
312.0,2.345864661654135,133.0,0.8807947019867549,151.0,1.0272108843537415,147.0,0.3838120104438642,148.0,0.9736842105263158,152.0,1.0133333333333334,150.0,0.9933774834437086,151.0,1.0066666666666666,208.0,-0.239540379791278,0.1409270736506967,105.0,103.0,-0.2687435827057318,-0.2780713227153392,0.341413831691462,-0.5788468959187967,-0.0299809675163938,0.335,0.465,0.51,0.535,0.78,1.0
142.0,0.9861111111111112,144.0,0.3645569620253164,395.0,2.9477611940298507,134.0,0.9178082191780822,145.0,0.3815789473684211,380.0,2.695035460992908,141.0,0.9463087248322148,149.0,0.407103825136612,206.0,-0.228671168751693,0.1642443445964384,105.0,101.0,-0.2618416645483817,-0.2829217103849502,0.562227696549439,-0.6436889529324292,0.0533429119756425,0.45,0.465,0.515,0.54,0.8,1.0
151.0,0.9869281045751634,153.0,0.9870967741935484,155.0,1.0130718954248366,153.0,0.95625,177.0,1.079268292682927,164.0,0.95906432748538,171.0,1.062111801242236,161.0,1.0254777070063694,207.0,-0.3126223886471964,0.1481648361738564,84.0,123.0,-0.2782186270514279,-0.4861147860523896,0.9058228803797184,-0.3766159996534838,-0.2818036971999034,0.215,0.385,0.405,0.425,0.485,1.0
151.0,1.0134228187919463,149.0,1.0205479452054795,146.0,0.9733333333333334,150.0,0.974025974025974,147.0,1.0,147.0,0.9607843137254902,153.0,1.0551724137931036,145.0,0.9931506849315068,200.0,0.0394839788873877,0.1627312769502614,98.0,102.0,0.035,-0.015,0.8189469166011524,-0.3207487448463565,0.2514015358162041,0.335,0.455,0.495,0.52,0.76,1.0
143.0,0.9930555555555556,144.0,1.0212765957446808,141.0,0.9724137931034482,145.0,0.9797297297297296,,0.9931972789115646,147.0,0.9932432432432432,148.0,1.0068027210884354,147.0,0.1771084337349397,204.0,0.1050010046041533,0.1664875376871381,102.0,102.0,0.0712065901895923,0.0376067429209632,0.9334978810984236,-0.3182113083481264,0.3325784534800637,0.29,0.465,0.505,0.53,0.8,1.0
146.0,0.3753213367609254,389.0,0.7582846003898636,513.0,1.851985559566787,277.0,2.0072463768115942,148.0,0.26811594202898553,552.0,2.147859922178988,257.0,1.875912408759124,137.0,0.9256756756756755,205.0,-0.0805246707282596,0.1368011389977015,102.0,103.0,-0.1018753955286344,-0.1205485044207398,0.4573638166686469,-0.4528040471250866,0.1242957853033046,0.425,0.47,0.505,0.53,0.78,1.0
146.0,0.9668874172185432,151.0,1.0486111111111112,144.0,0.9664429530201344,149.0,1.0205479452054795,143.0,1.0070422535211268,142.0,0.9726027397260274,146.0,1.020979020979021,143.0,0.986206896551724,203.0,-0.1580469532958926,0.1643682749822066,103.0,100.0,-0.2066174140500319,-0.2233182806344698,0.7236648608985136,-0.5351996053108203,0.0560128557193471,0.45,0.465,0.51,0.535,0.8,1.0
91.0,1.011111111111111,90.0,1.0588235294117647,85.0,1.011904761904762,84.0,0.9333333333333332,83.0,0.9880952380952381,84.0,1.0769230769230769,78.0,0.9397590361445785,83.0,0.4170854271356783,121.0,-0.1994867362683775,0.3061831820650617,63.0,58.0,-0.1466925190208229,-0.1504442260815821,1.40538128158673,-0.2804142863741417,-0.0960329484430697,0.425,0.46,0.53,0.645,0.58,1.0
151.0,0.2439418416801292,619.0,2.476,250.0,1.7857142857142858,140.0,0.9655172413793104,151.0,0.993421052631579,152.0,1.0066225165562914,151.0,1.0134228187919463,149.0,0.341743119266055,209.0,-0.1493791514612547,0.1622065450995826,104.0,105.0,-0.1695015853430269,-0.1978750530067198,0.7522500942758457,-0.5084540577317342,0.118323756824798,0.305,0.46,0.5,0.525,0.78,1.0
149.0,1.0205479452054795,146.0,0.1642294713160854,889.0,3.986547085201794,223.0,1.5928571428571427,143.0,0.9862068965517241,145.0,0.3661616161616162,396.0,1.346938775510204,294.0,2.115107913669065,202.0,-0.1439200411125964,0.1540744528768526,102.0,100.0,-0.1817114205575062,-0.194814339648883,0.6044481654767255,-0.5303211852947451,0.0370289988231772,0.455,0.47,0.51,0.535,0.815,1.0
145.0,0.9797297297297296,148.0,0.348235294117647,425.0,0.5114320096269555,831.0,3.364372469635628,148.0,0.9801324503311258,151.0,1.0413793103448277,145.0,0.9931506849315068,146.0,0.2487223168654173,204.0,-0.118089880496721,0.162367814673931,101.0,103.0,-0.1354602035043306,-0.190798306438219,0.6998342602315651,-0.4973626042591541,0.1205881283680629,0.465,0.445,0.5,0.525,0.785,1.0
125.0,1.1160714285714286,112.0,0.875,128.0,1.1636363636363636,110.0,1.02803738317757,237.0,2.257142857142857,105.0,1.2352941176470589,85.0,0.3953488372093023,215.0,2.239583333333333,227.0,-0.2598048340080079,0.3003839999638259,62.0,165.0,-0.2993406140142937,-0.299384340111822,1.6356964496464204,-0.442213374055585,-0.3290420493062863,0.19,0.21,0.275,0.36,0.48,1.0
140.0,0.958904109589041,146.0,0.9798657718120806,149.0,0.9738562091503268,153.0,1.0408163265306123,151.0,0.9805194805194806,154.0,1.0405405405405406,148.0,1.0,148.0,0.9866666666666668,206.0,-0.028776074084401,0.1612954022343552,101.0,105.0,-0.0557692337508342,-0.0808650695506603,0.7472183243683891,-0.4197406471952838,0.140030457929808,0.36,0.44,0.495,0.52,0.76,1.0
146.0,0.9419354838709676,155.0,1.0689655172413792,145.0,0.9797297297297296,148.0,0.348235294117647,148.0,1.0206896551724138,145.0,0.9797297297297296,148.0,0.9801324503311258,151.0,1.0413793103448277,202.0,0.012139221499969,0.1398044897321415,99.0,103.0,0.0078199043853732,-0.0322450314526466,0.6341863631516588,-0.3090736459604606,0.1771428035275887,0.295,0.44,0.495,0.52,0.775,1.0
137.0,0.9133333333333332,150.0,1.0,150.0,1.020408163265306,147.0,1.013793103448276,147.0,1.0208333333333333,144.0,0.375,384.0,2.762589928057554,139.0,0.9266666666666666,200.0,-0.0874038303319423,0.1842950377745857,98.0,102.0,-0.11,-0.145,0.8686639011274949,-0.5651147431121383,0.208778533470286,0.44,0.455,0.495,0.52,0.795,1.0
146.0,0.9931972789115646,147.0,1.0068493150684932,146.0,0.3872679045092838,377.0,2.712230215827338,145.0,0.9863945578231292,147.0,0.3983739837398374,369.0,2.5985915492957745,142.0,0.9342105263157896,205.0,-0.1174672212986762,0.1365115662153521,104.0,101.0,-0.0759481462213876,-0.143980535766715,0.5386818829023718,-0.460294393952623,0.06495491621342,0.385,0.465,0.515,0.54,0.795,1.0
134.0,0.9305555555555556,144.0,0.3673469387755102,392.0,2.8,140.0,0.9790209790209792,150.0,0.4,375.0,2.7777777777777777,135.0,0.9310344827586208,145.0,1.0283687943262412,200.0,0.037792590436183,0.1322730459778473,95.0,105.0,0.036066832635966,-0.0118662128818683,0.6999330815178524,-0.3142637443886444,0.2391341581951355,0.325,0.435,0.48,0.505,0.77,1.0
350.0,2.631578947368421,133.0,0.8926174496644296,149.0,0.3850129198966408,387.0,2.7253521126760565,148.0,1.0068027210884354,147.0,1.0068493150684932,146.0,0.9931972789115646,147.0,1.0068493150684932,199.0,-0.1086575059417936,0.1798574605898838,96.0,103.0,-0.1305548886129237,-0.1782001731145897,0.8130341544788977,-0.5138515233884489,0.0997371581711179,0.37,0.425,0.485,0.515,0.76,1.0
213.0,1.1451612903225807,186.0,1.1005917159763314,169.0,1.0368098159509205,163.0,1.101351351351351,202.0,1.1038251366120218,183.0,1.0338983050847457,177.0,1.0350877192982455,171.0,1.0,234.0,-0.7588505098840679,0.363721883071137,93.0,141.0,-0.5602161662203592,-0.7496846535403423,1.4664755625263122,-0.7758739408333073,-0.7758739408333073,0.235,0.37,0.4,0.43,0.43,1.0
150.0,1.0273972602739727,146.0,0.9668874172185432,151.0,0.9805194805194806,154.0,1.0266666666666666,146.0,0.4101123595505618,356.0,2.4895104895104896,143.0,0.959731543624161,149.0,1.0347222222222223,196.0,-0.1094153648770666,0.1759903268719508,94.0,102.0,-0.2079739779618223,-0.2058035332583231,0.4145036878025872,-0.4482755156268818,0.073782004959649,0.415,0.455,0.485,0.51,0.785,1.0
135.0,0.3935860058309038,343.0,2.6589147286821704,129.0,0.908450704225352,142.0,1.0070921985815602,373.0,2.8473282442748094,131.0,0.891156462585034,147.0,0.392,375.0,2.840909090909091,361.0,-0.0147360730603464,0.101361185788471,100.0,261.0,-0.0350896567960434,-0.0589589233750536,0.4990751018953289,-0.3233382927859262,0.1465280569294265,0.165,0.245,0.28,0.295,0.42,1.0
144.0,1.0,144.0,0.9664429530201344,149.0,1.0347222222222223,144.0,0.9664429530201344,148.0,1.0206896551724138,145.0,1.0211267605633805,142.0,0.9726027397260274,146.0,0.9864864864864864,196.0,-0.0883988254677068,0.1459016189086118,93.0,103.0,-0.0792582750170282,-0.085022696497041,0.7394339179162649,-0.4254747341079289,0.1812863868513865,0.405,0.435,0.48,0.505,0.78,1.0
146.0,1.006896551724138,145.0,0.9863945578231292,147.0,0.3542168674698795,415.0,3.1203007518796992,145.0,0.9797297297297297,148.0,0.9736842105263158,152.0,1.027027027027027,148.0,1.0068027210884354,198.0,0.0259591795519422,0.149894690231918,97.0,101.0,0.0494768718297195,0.0469218277500343,0.7354963454555622,-0.3830073492901807,0.2914892320238748,0.465,0.475,0.495,0.52,0.77,1.0
151.0,1.0134228187919463,149.0,0.9933333333333332,150.0,0.9933774834437086,151.0,1.0202702702702702,151.0,1.0202702702702702,148.0,0.9932885906040269,149.0,1.0067567567567568,148.0,0.9736842105263158,209.0,-0.1851024419202035,0.166771755787244,104.0,105.0,-0.2040345349482207,-0.2610623455063682,0.6279855493858796,-0.6238025273312904,0.0398522211379338,0.3,0.45,0.5,0.525,0.77,1.0
149.0,0.3104166666666667,480.0,1.7391304347826086,276.0,2.0,138.0,0.9452054794520548,364.0,2.5815602836879434,141.0,0.986013986013986,143.0,0.3844086021505376,372.0,2.735294117647059,356.0,-0.0244867267110279,0.1009763894549193,102.0,254.0,-0.0346426630132631,-0.0422604302586972,0.4439585770123545,-0.3133531835288541,0.1113676210779614,0.175,0.255,0.29,0.305,0.43,1.0
143.0,0.3803191489361702,376.0,2.764705882352941,136.0,0.9066666666666666,150.0,1.0135135135135136,146.0,0.9798657718120806,149.0,0.3104166666666667,480.0,1.7391304347826086,276.0,2.0,204.0,-0.005657729050005,0.1418630581647099,102.0,102.0,-0.0308559365138293,-0.0404029551375097,0.518618601368493,-0.4245718776261856,0.2125238714375909,0.44,0.475,0.505,0.53,0.8,1.0
152.0,1.0704225352112675,142.0,0.993006993006993,143.0,0.9662162162162162,148.0,0.9801324503311258,147.0,0.9865771812080537,149.0,1.0,149.0,1.0067567567567568,148.0,0.3785166240409207,204.0,-0.3233663259927985,0.1372127823456268,102.0,102.0,-0.326482643826998,-0.3901768318596091,0.2671002566483637,-0.75432599261035,-0.1131639384135763,0.305,0.455,0.505,0.525,0.785,1.0
151.0,1.0134228187919463,149.0,0.9551282051282052,156.0,0.4239130434782608,368.0,2.537931034482759,150.0,0.9868421052631579,152.0,0.4935064935064935,308.0,2.264705882352941,136.0,0.8831168831168831,211.0,-0.171140178832376,0.1553205615155984,106.0,105.0,-0.2077431757257108,-0.2285464982307765,0.5444491863318374,-0.5381309124744568,0.075,0.365,0.465,0.505,0.53,0.785,1.0
148.0,1.0136986301369864,146.0,0.9864864864864864,148.0,0.9426751592356688,157.0,0.9691358024691358,201.0,1.0691489361702127,188.0,1.0273224043715847,183.0,1.0223463687150838,179.0,1.0591715976331362,248.0,-0.1610664378168947,0.2545753250127743,108.0,140.0,-0.2139165825889521,-0.4453197179501308,1.7431426597221704,-0.279955243443559,-0.1607010240268899,0.27,0.41,0.435,0.46,0.61,1.0
153.0,1.02,150.0,1.0067114093959733,149.0,0.4104683195592286,363.0,2.556338028169014,154.0,1.0335570469798658,149.0,0.9867549668874172,151.0,1.0202702702702702,148.0,0.9866666666666668,208.0,-0.1893357065052192,0.1515797945511955,101.0,107.0,-0.2192876484936055,-0.2487851408709562,0.5069689393366283,-0.5263868837266854,0.0992336803440259,0.33,0.44,0.49,0.515,0.77,1.0
151.0,1.0272108843537415,147.0,1.0,147.0,0.9865771812080536,149.0,1.0067567567567568,147.0,0.9865771812080537,149.0,0.9802631578947368,152.0,1.034013605442177,147.0,0.3056133056133056,207.0,-0.0208727606448338,0.1517901965987134,105.0,102.0,-0.0408513714560576,-0.0683803069000496,0.6567621265838066,-0.4783716130426013,0.244264819240715,0.305,0.465,0.515,0.535,0.79,1.0
165.0,1.0784313725490196,153.0,0.9807692307692308,156.0,0.9873417721518988,158.0,0.9693251533742332,222.0,2.336842105263158,95.0,0.5974842767295597,159.0,0.6115384615384616,260.0,2.4761904761904763,216.0,-0.0121804204100961,0.1503879562261599,61.0,155.0,-0.0123179437205602,-0.1308821061702942,1.016164605996411,-0.0666651306940966,-0.0644020085055484,0.245,0.26,0.28,0.335,0.365,1.0
399.0,1.4,285.0,2.0357142857142856,140.0,0.9333333333333332,150.0,1.0067114093959733,150.0,0.9868421052631579,152.0,1.034013605442177,147.0,0.9932432432432432,148.0,1.0,201.0,-0.1841830702022101,0.1489640337026227,96.0,105.0,-0.1897491638345266,-0.2173050844663124,0.5444346663049677,-0.5290197158018475,0.0776463068907925,0.34,0.445,0.48,0.51,0.76,1.0
140.0,0.945945945945946,148.0,1.0422535211267605,142.0,0.9793103448275862,145.0,0.9931506849315068,149.0,0.13081650570676032,1139.0,4.846808510638298,235.0,1.715328467153285,137.0,0.9513888888888888,206.0,-0.1698197920494406,0.1624401818949652,102.0,104.0,-0.1933867011118902,-0.2263302178736687,0.6021250049500629,-0.6319862745885696,0.0762654918156827,0.3,0.45,0.495,0.52,0.785,1.0
150.0,1.0067114093959733,149.0,0.45565749235474,327.0,2.369565217391304,138.0,0.4367088607594936,148.0,0.4180790960451977,354.0,2.661654135338346,133.0,0.8807947019867549,151.0,1.0134228187919463,205.0,-0.1271208623157116,0.193410395645444,102.0,103.0,-0.0443846827176898,-0.0331563547554982,0.7137313705324586,-0.5029027270234219,0.1636378705593388,0.445,0.47,0.5,0.53,0.805,1.0
150.0,1.0067114093959733,149.0,0.4104683195592286,363.0,2.556338028169014,142.0,0.922077922077922,149.0,0.9867549668874173,151.0,1.0202702702702702,148.0,0.9866666666666668,150.0,0.9803921568627452,211.0,-0.2154111195761607,0.154283532327929,107.0,104.0,-0.2608832014778107,-0.2838787342896872,0.420386853237909,-0.5868612277086508,0.0203287496799264,0.44,0.46,0.51,0.535,0.78,1.0
175.0,1.1363636363636365,154.0,0.8555555555555555,180.0,2.0454545454545454,88.0,0.4093023255813953,214.0,0.963963963963964,222.0,2.4130434782608696,92.0,0.4380952380952381,210.0,2.121212121212121,215.0,-0.0957202459511633,0.1872043728048733,66.0,149.0,-0.0247867827330074,-0.0719558014212732,0.945125341755036,-0.0451108064895849,-0.0575642574797586,0.26,0.285,0.31,0.365,0.395,1.0
129.0,0.908450704225352,142.0,1.0070921985815602,141.0,0.9791666666666666,144.0,0.3977900552486187,147.0,0.392,375.0,2.840909090909091,132.0,0.9166666666666666,144.0,0.3881401617250674,193.0,0.0180675543933771,0.1279674789441948,91.0,102.0,0.0434596300092903,0.0058269556005213,0.5685575761307976,-0.3018153793215454,0.2124162907551132,0.27,0.455,0.48,0.505,0.78,1.0
145.0,0.9666666666666668,150.0,0.5376344086021505,279.0,2.066666666666667,135.0,0.9183673469387756,388.0,2.8529411764705883,136.0,0.918918918918919,148.0,0.9932885906040269,149.0,1.0136054421768708,376.0,-0.2177379928166003,0.0953842246997648,105.0,271.0,-0.2164876880032745,-0.2699508905994897,0.256197178350722,-0.4767403865116136,0.0032793098919242,0.24,0.25,0.28,0.295,0.43,1.0
149.0,0.9802631578947368,152.0,1.0201342281879195,149.0,0.9867549668874172,151.0,1.0066666666666666,151.0,1.0272108843537415,147.0,1.0068493150684932,146.0,0.9668874172185432,151.0,0.967948717948718,205.0,-0.1936273455395198,0.1604174957313515,100.0,105.0,-0.227493667539213,-0.2662802852878915,0.6080840396106271,-0.551279129794306,0.0160871411231271,0.345,0.43,0.495,0.52,0.765,1.0
92.0,1.010989010989011,91.0,1.011111111111111,90.0,1.0588235294117647,,1.011904761904762,91.0,1.0963855421686748,83.0,0.988095238095238,84.0,1.0769230769230769,78.0,0.9397590361445785,124.0,-0.1750860538218434,0.3001920745420856,61.0,63.0,-0.1058457550650927,-0.1926655928494776,1.504352012113733,-0.121137464184193,-0.1076802941990943,0.285,0.445,0.495,0.54,0.545,1.0
124.0,1.0782608695652174,115.0,0.905511811023622,127.0,0.9548872180451128,133.0,0.8471337579617835,141.0,1.1015625,128.0,0.847682119205298,151.0,1.3245614035087718,114.0,0.7972027972027972,170.0,-0.0187048996623688,0.1685608935312615,72.0,98.0,-0.0026664297420056,-0.1927734049509998,0.8800087107652729,-0.3071656598468307,0.1752324252280681,0.235,0.385,0.425,0.46,0.705,1.0
167.0,1.0182926829268293,164.0,1.1006711409395973,149.0,0.8713450292397661,171.0,1.14,211.0,1.6484375,128.0,0.6808510638297872,188.0,1.2702702702702702,148.0,1.7209302325581397,215.0,-0.0694095396709893,0.1236433795124254,68.0,147.0,-0.0859384128593011,-0.2191002898645286,0.7596381095784331,-0.0056150299223974,-0.0056150299223974,0.28,0.3,0.315,0.335,0.335,1.0
137.0,0.9383561643835616,146.0,0.3872679045092838,377.0,2.7518248175182483,137.0,0.9513888888888888,385.0,2.9166666666666665,132.0,0.9041095890410958,146.0,0.3659147869674185,399.0,1.3758620689655172,372.0,-0.2032983011397159,0.1197525037470205,103.0,269.0,-0.1954287461466307,-0.2682331109675819,0.4349784132134768,-0.5491898685952836,-0.142847511954535,0.2,0.255,0.28,0.295,0.405,1.0
139.0,0.9205298013245032,151.0,1.0342465753424657,146.0,1.0,146.0,1.0,151.0,0.993421052631579,152.0,1.0410958904109588,146.0,0.9605263157894736,152.0,1.0201342281879195,210.0,-0.1626247881078757,0.1623520979743817,105.0,105.0,-0.20170294663927,-0.2295260498347901,0.6406475826574578,-0.5898684290041404,0.1050841389976622,0.42,0.435,0.505,0.53,0.8,1.0
155.0,0.9171597633136096,169.0,0.9285714285714286,182.0,1.0,182.0,1.1446540880503144,142.0,0.7845303867403315,181.0,1.011173184357542,179.0,1.0654761904761905,168.0,1.105263157894737,158.0,-0.3761605971615863,0.2270710741435873,59.0,99.0,-0.255674747567235,-0.5046486010636924,0.8372114289810291,-0.4715470612339575,-0.4139816434584352,0.205,0.345,0.375,0.42,0.425,1.0
217.0,2.237113402061856,97.0,0.532967032967033,182.0,1.956989247311828,93.0,0.458128078817734,206.0,1.4714285714285715,140.0,0.6730769230769231,208.0,2.311111111111111,90.0,0.46875,210.0,-0.1043963085425559,0.103845181135649,66.0,144.0,-0.1314016036551015,-0.3040776602341467,0.694560919470254,-0.1105330102913302,0.005081928691794,0.275,0.295,0.315,0.375,0.335,1.0
153.0,1.06993006993007,143.0,0.959731543624161,149.0,1.0205479452054795,146.0,1.006896551724138,135.0,0.9246575342465754,146.0,0.9931972789115646,147.0,1.027972027972028,143.0,0.986206896551724,202.0,-0.2373824080042317,0.2289032311492046,108.0,94.0,0.0312175184263299,-0.1142184337756676,0.1070189691948617,-0.1097957722295038,-0.1097957722295038,0.62,0.68,0.775,0.825,0.825,1.0
151.0,0.9805194805194806,154.0,1.0335570469798658,149.0,0.2483333333333333,600.0,1.9867549668874167,150.0,1.0273972602739727,146.0,0.9733333333333334,150.0,0.9554140127388536,157.0,1.0608108108108107,209.0,0.0245281457340541,0.1622702312486349,104.0,105.0,-0.0110324324472423,-0.0288446090757902,0.8182468188699565,-0.4384080173782377,0.2847815879880329,0.415,0.44,0.505,0.525,0.765,1.0
143.0,1.0,143.0,0.9930555555555556,144.0,0.9863013698630136,146.0,1.0,141.0,0.9591836734693877,147.0,0.4349112426035503,338.0,2.397163120567376,141.0,0.9591836734693876,200.0,0.0589696107291159,0.1458116051454335,102.0,98.0,0.0279217470528275,0.0381565225096969,0.6262954742444561,-0.3834519579849874,0.2810784357164519,0.47,0.485,0.52,0.54,0.8,1.0
201.0,1.2884615384615383,156.0,1.0263157894736843,152.0,0.95,160.0,1.1510791366906474,170.0,1.223021582733813,139.0,0.5864978902953587,237.0,2.4183673469387754,98.0,0.5025641025641026,200.0,-0.1017549088784289,0.1889557990939441,82.0,118.0,0.2669845698433357,-0.2637760411621636,0.9126717269750096,-0.5211193788031234,0.0016645851277068,0.39,0.37,0.415,0.445,0.685,1.0
143.0,0.9794520547945206,146.0,0.1655328798185941,882.0,3.6296296296296298,243.0,1.653061224489796,152.0,1.0201342281879195,149.0,1.0,149.0,0.3386363636363636,440.0,0.7899461400359067,206.0,-0.2563203573901659,0.1546820370139583,100.0,106.0,-0.2832458214626908,-0.297100148523552,0.4107524732242529,-0.7115802367677284,-0.0746073753487724,0.295,0.455,0.49,0.515,0.76,1.0
86.0,0.9772727272727272,88.0,0.946236559139785,93.0,0.9117647058823528,102.0,1.2,90.0,1.0227272727272727,88.0,1.035294117647059,85.0,1.0365853658536586,82.0,0.9318181818181818,120.0,-0.2587247440651753,0.3061580079867,58.0,62.0,-0.2451531096334894,-0.2655187194558536,1.28950497013661,-0.2306119290775836,-0.197024571321807,0.37,0.405,0.49,0.535,0.54,1.0
266.0,1.0191570881226053,261.0,2.8369565217391304,92.0,0.8679245283018868,106.0,0.4173228346456692,209.0,2.375,88.0,0.5866666666666667,150.0,1.3888888888888888,108.0,0.8709677419354839,243.0,-0.1324011190002272,0.1788571077077564,97.0,146.0,0.0508070487908725,0.0322698237292098,0.7306360544447398,-0.0173834620012213,-0.0173834620012213,0.285,0.38,0.395,0.445,0.445,1.0
136.0,0.912751677852349,149.0,1.0067567567567568,148.0,1.0277777777777777,144.0,0.9863013698630136,147.0,0.3730964467005076,394.0,2.897058823529412,136.0,0.9006622516556292,151.0,0.383248730964467,206.0,-0.1844021309049277,0.1575869977522772,104.0,102.0,-0.2244357888177161,-0.2346971102816968,0.4763212999038814,-0.576525090024625,0.0251410483774272,0.29,0.47,0.51,0.535,0.765,1.0
429.0,1.8982300884955752,226.0,1.6258992805755397,139.0,0.9266666666666666,150.0,1.0273972602739727,148.0,1.034965034965035,143.0,0.959731543624161,149.0,0.9867549668874172,151.0,1.0413793103448277,204.0,0.2842832634166718,0.1660322373472004,101.0,103.0,0.2531353817221488,0.2292365754435001,1.1870475027884808,-0.1434854642255536,0.5068002024014859,0.36,0.44,0.5,0.525,0.81,1.0
150.0,0.178359096313912,841.0,3.311023622047244,254.0,1.8405797101449275,138.0,0.9261744966442952,619.0,2.476,250.0,1.7857142857142858,140.0,0.9655172413793104,145.0,0.3698979591836734,538.0,-0.2649841892439609,0.1018544596263116,105.0,433.0,-0.2918749452154924,-0.2974728457001682,0.4745774099661925,-0.7006830201242944,-0.1245902945471132,0.14,0.175,0.195,0.205,0.29,1.0
142.0,0.993006993006993,143.0,0.4454828660436137,321.0,2.3955223880597014,134.0,0.9054054054054054,389.0,0.7582846003898636,513.0,1.851985559566787,277.0,2.0072463768115942,138.0,0.913907284768212,374.0,-0.1281706169732435,0.0895460455319274,102.0,272.0,-0.1350623869614748,-0.175032828962326,0.3729622297396668,-0.4602142930925322,0.0066588378586464,0.17,0.25,0.275,0.29,0.41,1.0
148.0,1.0422535211267605,142.0,0.9793103448275862,145.0,0.9931506849315068,146.0,1.0,1139.0,4.846808510638298,235.0,1.715328467153285,137.0,0.9513888888888888,144.0,1.006993006993007,901.0,-0.2184450155873239,0.0924696476505576,104.0,797.0,-0.2761631390667774,-0.2204408569427266,0.4322998057382662,-0.3084687441200199,-0.0786065232744102,0.08,0.105,0.115,0.135,0.17,1.0
139.0,0.9266666666666666,150.0,1.0416666666666667,144.0,0.993103448275862,145.0,1.0,385.0,0.7475728155339806,515.0,1.7697594501718212,291.0,2.171641791044776,134.0,0.9054054054054054,371.0,-0.0855636696436124,0.106466059934569,102.0,269.0,-0.1165536399675937,-0.1216231845580935,0.5133838399672537,-0.3941997676934263,0.0173894164055741,0.245,0.255,0.28,0.295,0.405,1.0
141.0,1.146341463414634,123.0,1.0165289256198349,121.0,0.7707006369426752,157.0,1.097902097902098,75.0,0.625,120.0,0.975609756097561,123.0,0.8661971830985915,142.0,1.0364963503649636,100.0,-0.1515362225098314,0.2599784551039393,48.0,52.0,0.2544154171523705,-0.1810955221539968,0.8882682816705505,-0.358283548068783,0.0528044442802298,0.44,0.395,0.49,0.695,0.535,1.0
304.0,2.2028985507246377,138.0,0.9452054794520548,146.0,1.0,146.0,0.9931972789115646,145.0,1.013986013986014,143.0,0.9794520547945206,146.0,1.006896551724138,145.0,1.0,196.0,0.149338802680169,0.1720901099455603,95.0,101.0,0.1017180017269894,0.0829227576833566,1.0455076702881076,-0.2280314495363367,0.3978758286702386,0.44,0.46,0.49,0.515,0.775,1.0
118.0,0.5,236.0,1.0582959641255605,223.0,1.056872037914692,211.0,1.0343137254901962,192.0,1.1566265060240963,166.0,2.024390243902439,82.0,1.1232876712328768,73.0,0.935897435897436,189.0,-0.3078846876558171,0.2064985036952717,55.0,134.0,-0.4299115755819832,-0.5128590352976556,0.5785517391020935,-0.3529929896416171,-0.2447385612959963,0.235,0.275,0.295,0.315,0.445,1.0
139.0,0.9455782312925172,147.0,1.0208333333333333,144.0,1.0,144.0,1.006993006993007,150.0,1.0273972602739727,146.0,0.3821989528795811,382.0,2.87218045112782,133.0,0.869281045751634,198.0,-0.1602152532071247,0.1440432965933188,93.0,105.0,-0.1603446303186347,-0.2164036310387804,0.4906876324267041,-0.5125987783875247,0.0749267344807604,0.325,0.44,0.47,0.495,0.785,1.0
354.0,2.661654135338346,133.0,0.8807947019867549,151.0,1.0134228187919463,149.0,1.0205479452054795,150.0,1.0204081632653061,147.0,0.9607843137254902,153.0,0.425,360.0,2.6666666666666665,210.0,-0.1732298705253356,0.1505264710988486,105.0,105.0,-0.1201027844151293,-0.2185088117713919,0.5457674671475299,-0.5618903433255258,-0.0041940982136263,0.305,0.455,0.505,0.53,0.78,1.0
144.0,0.9863013698630136,146.0,0.9864864864864864,148.0,1.0136986301369864,146.0,1.0,144.0,0.972972972972973,148.0,0.3905013192612137,379.0,2.828358208955224,134.0,0.9054054054054054,203.0,-0.1714960283655829,0.1521396668058754,103.0,100.0,-0.1985547145688449,-0.2505252918585823,0.4812164112904998,-0.5592588515461469,-0.0382003177685671,0.305,0.46,0.51,0.535,0.76,1.0
149.0,1.0205479452054795,146.0,0.948051948051948,154.0,0.2911153119092627,529.0,1.7932203389830508,150.0,0.9868421052631579,152.0,1.0066225165562914,151.0,1.0202702702702702,148.0,1.0068027210884354,210.0,0.0666461352840271,0.1544096409730818,105.0,105.0,0.0350083961990294,-0.0154477945637652,0.8375208243071791,-0.3444415924444993,0.3233507651125258,0.37,0.455,0.505,0.53,0.775,1.0
145.0,0.1657142857142857,875.0,3.755364806866953,233.0,1.6524822695035462,141.0,0.9463087248322148,145.0,0.9797297297297297,148.0,1.0206896551724138,145.0,0.3737113402061855,388.0,1.2763157894736843,199.0,-0.0187892415601746,0.1390464746791787,98.0,101.0,-0.0512030397285018,-0.0660530026200349,0.5862669123345003,-0.3894091913915722,0.1647911351580173,0.3,0.45,0.495,0.52,0.8,1.0
303.0,2.1041666666666665,144.0,0.9536423841059604,151.0,1.0342465753424657,146.0,0.9668874172185432,152.0,0.987012987012987,154.0,0.2383900928792569,646.0,1.2029795158286778,537.0,1.7959866220735785,209.0,-0.1264422569706589,0.1457891910440582,103.0,106.0,-0.1330948908940797,-0.1693082865749723,0.4707511780129068,-0.4556997035627949,0.0684179370704939,0.295,0.45,0.5,0.525,0.77,1.0
149.0,1.0,149.0,0.2689530685920577,554.0,1.8528428093645488,299.0,2.105633802816901,148.0,0.9801324503311258,151.0,0.3784461152882205,399.0,1.4,285.0,2.0357142857142856,204.0,-0.2058699394101164,0.16000912389327,101.0,103.0,-0.2336015920242835,-0.2560708126756453,0.6381132009422458,-0.6580789193835347,0.0548500647548984,0.44,0.46,0.5,0.525,0.79,1.0
531.0,2.288793103448276,232.0,1.6453900709219855,141.0,0.9527027027027029,148.0,1.034965034965035,147.0,0.9932432432432432,148.0,1.0068027210884354,147.0,1.027972027972028,143.0,0.9407894736842104,205.0,0.0245101655504171,0.1476788231741571,103.0,102.0,0.0106338745437893,-0.0171541341378317,0.6860300195991724,-0.3665680357286388,0.1911627721785955,0.31,0.465,0.51,0.535,0.795,1.0
139.0,0.9266666666666666,150.0,1.0067114093959733,149.0,0.9933333333333332,150.0,0.3554502369668246,149.0,1.0067567567567568,148.0,0.2556131260794473,579.0,2.5283842794759823,229.0,1.624113475177305,206.0,-0.1728730844345155,0.1496551893200878,102.0,104.0,-0.2096555921243663,-0.2272777722582473,0.5583279752411698,-0.5937982428848811,0.0412106212306265,0.43,0.455,0.5,0.52,0.765,1.0
138.0,0.9517241379310344,145.0,0.9797297297297296,148.0,1.034965034965035,143.0,0.959731543624161,518.0,2.1316872427983538,243.0,1.8,135.0,0.906040268456376,149.0,1.0205479452054795,466.0,-0.145539278273689,0.1046422046656031,104.0,362.0,-0.1438795543443795,-0.156949736525814,0.5516240450366477,-0.5123988258788811,-0.0101608526283535,0.135,0.21,0.225,0.235,0.33,1.0
92.0,1.1358024691358024,81.0,1.0125,80.0,1.0,80.0,0.6201550387596899,84.0,0.40384615384615385,208.0,2.101010101010101,99.0,0.4520547945205479,219.0,1.7244094488188977,137.0,-0.2709002288711216,0.1555749146880147,79.0,58.0,-0.1862624138622504,-0.2699409801591852,0.6638378430360471,-0.2700196739282107,-0.1188768247027986,0.36,0.55,0.585,0.61,0.745,1.0
90.0,1.0843373493975903,83.0,0.9651162790697676,86.0,0.9772727272727272,88.0,0.946236559139785,85.0,1.0119047619047619,84.0,0.9333333333333332,90.0,1.0227272727272727,88.0,1.035294117647059,121.0,-0.2184613041030005,0.3037030778392525,62.0,59.0,-0.1846779500517253,-0.1893579327054279,1.3533988479499686,-0.1753109341271971,-0.1753109341271971,0.41,0.445,0.52,0.565,0.565,1.0
145.0,0.9731543624161074,149.0,1.0205479452054795,146.0,0.948051948051948,154.0,0.2911153119092627,151.0,1.0066666666666666,150.0,0.986842105263158,152.0,1.0066225165562914,151.0,1.0202702702702702,209.0,0.0546890049571483,0.1575722717719691,104.0,105.0,0.0175090218156492,-0.0092964824120602,0.8170105043204656,-0.3497394585815796,0.2792929987467615,0.295,0.45,0.5,0.525,0.77,1.0
136.0,0.9251700680272108,147.0,0.4049586776859504,363.0,2.592857142857143,140.0,0.9210526315789472,147.0,0.98,150.0,1.0273972602739727,146.0,0.9668874172185432,151.0,0.9869281045751634,204.0,-0.1688491170854446,0.1551248897712975,102.0,102.0,-0.1770748728845234,-0.2133104215134052,0.6816503747249177,-0.578009550203026,0.0821858665403934,0.455,0.475,0.505,0.53,0.785,1.0
377.0,2.673758865248227,141.0,0.9591836734693876,147.0,1.0068493150684932,146.0,0.9931972789115646,332.0,2.4411764705882355,136.0,0.4108761329305136,331.0,2.451851851851852,135.0,0.9375,324.0,-0.1436944963097509,0.0912257924918133,92.0,232.0,-0.094799165512219,-0.0976590745792925,0.2488015919159505,-0.357647529179584,0.0482738711348674,0.2,0.275,0.285,0.305,0.47,1.0
147.0,1.1221374045801529,131.0,0.9424460431654677,139.0,0.9586206896551724,145.0,1.1068702290076335,202.0,1.9056603773584906,106.0,0.5380710659898477,197.0,1.1588235294117648,170.0,0.9497206703910616,229.0,-0.0201300936616507,0.1577210723511099,88.0,141.0,0.0033283696830818,-0.0934870151357909,0.9237389442431496,-0.2770389935215738,0.07561464890993,0.23,0.355,0.39,0.42,0.62,1.0
150.0,1.0135135135135136,148.0,1.034965034965035,143.0,1.0070422535211268,142.0,0.9726027397260274,358.0,2.5211267605633805,142.0,0.9466666666666668,150.0,0.3968253968253968,378.0,2.8,347.0,-0.0402161637624811,0.1277687269765513,97.0,250.0,0.0353608149474612,-0.0382335631589176,0.651778489122149,-0.3352254822489372,0.1407453272796678,0.175,0.27,0.28,0.295,0.45,1.0
146.0,0.2602495543672014,561.0,2.125,264.0,1.9411764705882355,136.0,0.912751677852349,146.0,0.36318407960199006,402.0,2.851063829787234,141.0,0.9591836734693876,147.0,0.3788659793814433,206.0,-0.0743425270931417,0.1392036623435477,104.0,102.0,-0.0701018473294359,-0.1378213503695091,0.5190457055279313,-0.4730229634425526,0.1758030224117412,0.48,0.465,0.51,0.535,0.79,1.0
145.0,0.9931506849315068,146.0,0.9798657718120806,149.0,1.0205479452054795,146.0,1.006896551724138,342.0,2.4782608695652173,138.0,0.9387755102040816,147.0,1.0425531914893618,141.0,0.9657534246575342,335.0,-0.0622525743914959,0.1094041068568793,96.0,239.0,-0.0456837529278115,-0.0755271350672246,0.5132437498270198,-0.3831914058523278,0.0502682444041878,0.265,0.26,0.285,0.3,0.42,1.0
803.0,3.33195020746888,241.0,1.7720588235294117,136.0,0.912751677852349,149.0,1.0,150.0,0.9868421052631579,152.0,0.9934640522875816,153.0,0.2761732851985559,554.0,2.2612244897959184,210.0,-0.2701684075752286,0.1559761861447767,105.0,105.0,-0.291983402519947,-0.2936297127369009,0.5379702036657948,-0.7136451249015556,-0.0329616415918974,0.455,0.475,0.505,0.53,0.76,1.0
130.0,1.2149532710280373,107.0,0.9385964912280702,114.0,0.9047619047619048,126.0,1.2,90.0,1.0843373493975903,83.0,0.9651162790697676,86.0,0.9772727272727272,88.0,0.946236559139785,130.0,-0.2598140277650733,0.2769071770113334,68.0,62.0,-0.2499080660328885,-0.2761734558461866,1.3009880706788213,-0.2666188385340879,-0.2307049875064287,0.44,0.475,0.525,0.57,0.575,1.0
148.0,1.0206896551724138,145.0,0.3737113402061855,388.0,1.2763157894736843,304.0,2.2028985507246377,830.0,3.7219730941704037,223.0,1.6277372262773722,137.0,0.9448275862068966,145.0,1.013986013986014,683.0,0.0288084909623619,0.0865638518950461,102.0,581.0,-0.0080495495274843,0.0121651558885529,0.7531053979728326,-0.2265300850085604,0.2684820022700137,0.125,0.14,0.15,0.16,0.235,1.0
536.0,2.310344827586207,232.0,1.6571428571428573,140.0,0.9395973154362416,149.0,0.3850129198966408,146.0,0.9864864864864865,148.0,0.9866666666666668,150.0,0.178359096313912,841.0,3.311023622047244,205.0,-0.147327701351998,0.1667725162150406,103.0,102.0,-0.1787629003224709,-0.181498265563476,0.6143558929376535,-0.6326290034370337,0.1335556817821072,0.465,0.475,0.51,0.53,0.785,1.0
148.0,0.3785166240409207,391.0,0.7621832358674464,513.0,1.8387096774193548,279.0,2.0071942446043165,152.0,1.0066225165562914,151.0,1.0134228187919463,149.0,0.3688118811881188,404.0,0.689419795221843,206.0,-0.2597975109370237,0.1271264552643566,100.0,106.0,-0.2869285659587032,-0.3002266110243174,0.2854396605382301,-0.6047583937249186,-0.0629760801421364,0.445,0.455,0.49,0.515,0.79,1.0
529.0,1.7932203389830508,295.0,2.062937062937063,143.0,0.9407894736842104,152.0,1.0482758620689656,148.0,1.0068027210884354,147.0,0.9865771812080536,149.0,0.9551282051282052,156.0,0.2557377049180327,208.0,0.0026993232171633,0.1486817064066048,105.0,103.0,-0.0411716249525859,-0.0593139106897843,0.6375270337186796,-0.3802324217479046,0.2480314178095222,0.41,0.46,0.51,0.535,0.79,1.0
98.0,0.4622641509433962,212.0,1.145945945945946,185.0,0.8685446009389671,213.0,0.9508928571428572,103.0,0.4577777777777778,225.0,2.5,90.0,0.8490566037735849,106.0,0.4711111111111111,139.0,-0.4606219071388097,0.1783476771417122,67.0,72.0,-0.4558774089131809,-0.5660781920523303,0.6280050758069993,-0.5016522801376122,-0.2815884124719895,0.42,0.45,0.485,0.565,0.515,1.0
316.0,2.289855072463768,138.0,0.9078947368421052,152.0,1.0066225165562914,151.0,1.0066666666666666,383.0,2.7357142857142858,140.0,0.9395973154362416,149.0,0.3890339425587467,383.0,2.8161764705882355,375.0,-0.1040467882911152,0.1233898113015925,107.0,268.0,-0.1044131766495149,-0.1182667997142013,0.5802328223813533,-0.4337526133228588,0.0270688718623452,0.26,0.27,0.29,0.305,0.415,1.0
84.0,0.9333333333333332,90.0,1.0227272727272727,88.0,1.035294117647059,85.0,1.0365853658536586,83.0,0.41708542713567837,199.0,1.3630136986301369,146.0,1.0579710144927537,138.0,0.971830985915493,112.0,-0.2558344490419554,0.333200749868569,54.0,58.0,-0.2266335327174951,-0.2305557021965639,1.3673543463136908,-0.2142644741295703,-0.2142644741295703,0.365,0.38,0.495,0.545,0.545,1.0
499.0,1.7821428571428573,280.0,2.014388489208633,139.0,0.9266666666666666,150.0,1.0416666666666667,148.0,1.0136986301369864,146.0,0.3792207792207792,385.0,0.7475728155339806,515.0,1.7697594501718212,206.0,-0.0532354537474338,0.1752813420849567,103.0,103.0,-0.0088535031802065,-0.0718553347417198,0.5288672037773291,-0.4088765461091103,0.1743373267002132,0.365,0.465,0.505,0.535,0.8,1.0
148.0,1.0277777777777777,144.0,1.0,144.0,0.993103448275862,145.0,0.9731543624161074,148.0,0.9801324503311258,151.0,0.1753774680603949,861.0,3.48582995951417,247.0,1.7394366197183098,210.0,0.0342133351857934,0.1703324642493368,107.0,103.0,0.0053754942398394,-0.04,0.8367583185423941,-0.3318379134221638,0.1721752359611592,0.305,0.455,0.51,0.54,0.755,1.0
151.0,1.0,151.0,0.360381861575179,419.0,0.5054282267792521,829.0,4.876470588235295,124.0,0.9538461538461539,130.0,0.9558823529411764,136.0,0.317016317016317,429.0,1.8982300884955752,189.0,-0.0557860786437114,0.1652960042107723,103.0,86.0,-0.0084329825560051,-0.0248340117688122,0.8096072029985981,-0.4865026524989063,0.1416381535078941,0.505,0.525,0.545,0.575,0.855,1.0
88.0,0.6197183098591549,142.0,0.5220588235294118,272.0,1.8503401360544216,147.0,0.5975609756097561,118.0,1.3409090909090908,88.0,0.7719298245614035,114.0,0.8976377952755905,127.0,0.7341040462427746,142.0,-0.1933506746176178,0.1871012713817862,60.0,82.0,-0.1704034222190518,-0.2887193069122045,0.9494537692700512,-0.2144249840129772,-0.1107283852879451,0.36,0.39,0.425,0.515,0.475,1.0
211.0,1.0343137254901962,204.0,0.9855072463768116,207.0,1.0048543689320388,206.0,1.2046783625730997,73.0,0.9358974358974359,78.0,0.8387096774193549,93.0,0.808695652173913,115.0,1.0648148148148149,108.0,-0.3029683285897245,0.2103704264836683,57.0,51.0,-0.2863177429026894,-0.3132786378314917,0.7817196753791749,-0.3937630629977747,-0.1571536750582759,0.275,0.49,0.53,0.675,0.57,1.0
152.0,0.9934640522875816,153.0,0.2761732851985559,554.0,2.2612244897959184,245.0,1.7013888888888888,151.0,1.0134228187919463,149.0,0.25,596.0,2.462809917355372,242.0,1.7285714285714286,214.0,-0.2176169589824969,0.1517219002190069,109.0,105.0,-0.2534342609948885,-0.259222738887534,0.5789929145778212,-0.6258552100416086,0.0154522613065324,0.425,0.47,0.51,0.535,0.785,1.0
371.0,2.688405797101449,138.0,0.9387755102040816,147.0,1.065217391304348,138.0,0.9857142857142858,144.0,0.972972972972973,148.0,1.034965034965035,143.0,0.959731543624161,149.0,1.0347222222222223,198.0,-0.0782444092379286,0.1297353467030881,98.0,100.0,-0.0713911292797161,-0.177588983378744,0.3843783805584715,-0.4469208947695454,0.1266863122544573,0.44,0.46,0.5,0.525,0.8,1.0
554.0,2.2612244897959184,245.0,1.7013888888888888,144.0,0.9536423841059604,151.0,1.0272108843537415,596.0,2.4628099173553717,242.0,1.7285714285714286,140.0,0.958904109589041,146.0,0.9798657718120806,521.0,-0.2409233537148014,0.1037601818809961,104.0,417.0,-0.2232529763780452,-0.2327194735386716,0.4791577275579088,-0.6198843766480493,-0.0331598186601421,0.125,0.185,0.2,0.21,0.3,1.0
176.0,1.093167701863354,161.0,1.788888888888889,90.0,0.4186046511627907,215.0,1.5579710144927537,204.0,2.01980198019802,101.0,0.5024875621890548,201.0,2.161290322580645,93.0,0.4407582938388625,209.0,-0.1282755304414272,0.0993481470105995,67.0,142.0,-0.1895756367541085,-0.2076118568843493,0.5121775907819631,-0.1032935884118786,0.0606962331174077,0.26,0.295,0.32,0.365,0.34,1.0
146.0,0.9668874172185432,151.0,0.967948717948718,156.0,1.033112582781457,151.0,1.0134228187919463,153.0,1.0408163265306123,147.0,0.9865771812080536,149.0,0.2310077519379845,645.0,2.5595238095238093,211.0,-0.1735035684757054,0.1428004491375071,104.0,107.0,-0.1927296491424631,-0.2078634013602721,0.4906535171644727,-0.590384111629263,0.0421403617331563,0.44,0.46,0.495,0.52,0.775,1.0
147.0,1.8375,80.0,0.6557377049180327,122.0,1.0338983050847457,118.0,0.8676470588235294,206.0,1.03,200.0,1.092896174863388,183.0,0.9786096256684492,187.0,1.0564971751412429,210.0,-0.0923430006912364,0.1838730466905557,66.0,144.0,-0.1222490807229718,-0.2835208693400259,0.4544229745108143,-0.0561405319782638,-0.0354719469948286,0.28,0.23,0.315,0.37,0.405,1.0
149.0,1.0136054421768708,147.0,0.2363344051446945,622.0,1.3610503282275712,457.0,0.8788461538461538,143.0,0.9862068965517241,145.0,1.0,145.0,1.0069444444444444,144.0,0.993103448275862,196.0,-0.1652732359809738,0.16263764446239,96.0,100.0,-0.1962801104356751,-0.2285650001765733,0.6858894403909089,-0.5568575158947037,0.0872106441366109,0.35,0.445,0.495,0.52,0.79,1.0
141.0,0.986013986013986,143.0,1.0214285714285714,140.0,0.958904109589041,146.0,0.9931972789115646,152.0,1.0555555555555556,144.0,1.0,144.0,0.993103448275862,145.0,0.4380664652567976,208.0,-0.2004947478583009,0.1542441064455001,102.0,106.0,-0.2210596131516243,-0.2301461953214402,0.5886356341620629,-0.542367447145214,-0.0002885451677978,0.29,0.465,0.495,0.52,0.75,1.0
154.0,1.0266666666666666,150.0,1.0,150.0,1.020408163265306,147.0,0.9607843137254902,149.0,1.0347222222222223,144.0,0.3945205479452054,365.0,2.7238805970149254,134.0,0.9054054054054054,204.0,-0.1329064666877338,0.1679279577387491,100.0,104.0,-0.1093659424642675,-0.1507573213928497,0.6604662784198254,-0.4783670223808006,0.0566195628484661,0.44,0.46,0.495,0.52,0.73,1.0
315.0,2.2992700729927007,137.0,0.9013157894736842,152.0,1.0133333333333334,150.0,0.986842105263158,379.0,2.6690140845070425,142.0,0.9281045751633988,153.0,1.0132450331125828,151.0,0.4778481012658228,370.0,-0.2685837695268804,0.1119341755056107,105.0,265.0,-0.2756052051340778,-0.2696974342399986,0.3753839633567726,-0.6001040197843084,-0.0290622289345194,0.235,0.265,0.285,0.3,0.425,1.0
126.0,0.8513513513513513,148.0,1.1935483870967742,124.0,0.953846153846154,130.0,0.9558823529411764,146.0,0.1298932384341637,1124.0,4.290076335877862,262.0,1.8985507246376807,138.0,0.9517241379310344,204.0,-0.1099337342622786,0.1656099978877922,102.0,102.0,-0.1390544581086568,-0.162865054967513,0.7570247940437477,-0.5116385466973691,0.1228272596177986,0.44,0.455,0.505,0.53,0.78,1.0
370.0,2.7007299270072997,137.0,0.9072847682119204,151.0,0.3891752577319587,388.0,2.8529411764705883,406.0,0.7463235294117647,544.0,2.4504504504504503,222.0,1.5524475524475525,143.0,1.2327586206896552,383.0,-0.1495881784163158,0.1059645875705829,99.0,284.0,-0.1648608672629532,-0.1759936507498856,0.5545604571206603,-0.507527517499716,-0.0799664783118782,0.19,0.24,0.26,0.275,0.38,1.0
99.0,1.2531645569620251,79.0,0.6869565217391305,115.0,0.444015444015444,259.0,1.2821782178217822,241.0,1.1586538461538463,208.0,2.122448979591837,98.0,0.3798449612403101,258.0,1.2344497607655502,233.0,-0.1745932121033155,0.2826525447713703,65.0,168.0,0.3720254481530313,-0.1765675843710554,0.7905009569229092,0.4648523882653448,0.4648523882653448,0.265,0.23,0.28,0.305,0.305,1.0
148.0,1.0136986301369864,146.0,0.3792207792207792,385.0,0.7475728155339806,515.0,1.7697594501718212,142.0,0.9594594594594594,148.0,1.0,148.0,1.0206896551724138,145.0,0.9931506849315068,199.0,-0.1118127049953885,0.1607868674181681,100.0,99.0,-0.1662974532016747,-0.1722361809045226,0.6366953419659012,-0.5069205407514487,0.142153649174641,0.4,0.445,0.505,0.535,0.795,1.0
145.0,0.8579881656804734,169.0,1.1342281879194631,149.0,0.5559701492537313,268.0,1.2350230414746544,215.0,1.5579710144927537,138.0,0.6216216216216216,222.0,1.150259067357513,193.0,2.244186046511628,212.0,-0.2234925145714285,0.2087356380831115,62.0,150.0,-0.0950164496533216,-0.0699232626433479,0.623137522451561,-0.1591002694101115,-0.0905299374186229,0.215,0.265,0.295,0.365,0.335,1.0
78.0,0.3236514522821577,241.0,2.2523364485981308,107.0,0.4246031746031746,252.0,1.9534883720930232,154.0,1.0266666666666666,150.0,1.079136690647482,139.0,0.9205298013245032,151.0,0.9263803680981596,192.0,-0.0680307998196525,0.2117759853856654,85.0,107.0,0.3572714872850794,-0.1597851890334112,1.1054359641686773,-0.4031126006185205,0.0650787630701314,0.425,0.405,0.45,0.485,0.76,1.0
147.0,0.3712121212121212,396.0,2.848920863309353,139.0,0.3808219178082191,365.0,2.664233576642336,146.0,0.38726790450928383,377.0,2.7518248175182483,137.0,0.9513888888888888,144.0,1.006993006993007,197.0,-0.0126680150237425,0.1475212435194443,95.0,102.0,0.012507741359136,-0.0875932618415067,0.6407709799660439,-0.3700306080108901,0.2463569796443999,0.3,0.46,0.49,0.515,0.77,1.0
197.0,2.264367816091954,87.0,0.7372881355932204,118.0,1.3409090909090908,88.0,0.7719298245614035,142.0,0.5772357723577236,246.0,1.0336134453781514,238.0,2.106194690265487,113.0,1.3452380952380951,167.0,-0.2424471960118576,0.1117851908130578,68.0,99.0,-0.2071959763931344,-0.3739022910570059,0.5726124289584931,-0.2281242187253321,-0.1497908066768402,0.37,0.385,0.41,0.43,0.46,1.0
149.0,0.45565749235474,327.0,2.369565217391304,138.0,0.4367088607594936,316.0,2.289855072463768,354.0,2.661654135338346,133.0,0.8807947019867549,151.0,1.0134228187919463,149.0,1.0205479452054795,350.0,-0.1683140446418117,0.1311029635651706,103.0,247.0,-0.1764426477727455,-0.1739938268959698,0.3815718148941952,-0.4355867822989044,-0.0268523340916924,0.275,0.285,0.295,0.315,0.43,1.0
147.0,1.013793103448276,145.0,0.9863945578231292,147.0,0.98,150.0,0.313152400835073,145.0,0.9931506849315068,146.0,1.0,146.0,1.0,146.0,0.9798657718120806,200.0,-0.145792859951657,0.141102359568558,99.0,101.0,-0.1702180216055021,-0.1954359324420787,0.5059229433594501,-0.5110896372580085,0.0415644497125181,0.36,0.46,0.505,0.53,0.805,1.0
365.0,2.664233576642336,137.0,0.9194630872483222,149.0,1.0347222222222223,144.0,0.9664429530201344,144.0,1.006993006993007,143.0,0.2693032015065913,531.0,2.349557522123894,226.0,1.6376811594202898,195.0,0.011920731259365,0.1519004638044226,95.0,100.0,0.0454264957634148,0.0169316783524871,0.7465934453757063,-0.4056176227722005,0.2449301953941386,0.34,0.47,0.49,0.515,0.785,1.0
171.0,0.9395604395604396,182.0,0.9732620320855616,187.0,1.0053763440860215,186.0,1.120481927710843,65.0,0.7222222222222222,90.0,0.5769230769230769,156.0,0.968944099378882,161.0,0.92,103.0,-0.468304767252325,0.2222043399758504,58.0,45.0,-0.4930750451750735,-0.5907709248606441,0.6193936643515451,-0.4536862201597798,-0.3599755943717813,0.315,0.525,0.565,0.63,0.605,1.0
143.0,0.4798657718120805,298.0,2.143884892086331,139.0,0.9266666666666666,150.0,0.3937007874015748,153.0,0.3893129770992366,393.0,2.911111111111111,135.0,0.9183673469387756,147.0,1.013793103448276,200.0,-0.1715158715048794,0.118833537531965,93.0,107.0,-0.1597143399119998,-0.185,0.2170267313927475,-0.5105991647997433,0.075,0.26,0.445,0.475,0.495,0.75,1.0
144.0,0.9536423841059604,151.0,1.0342465753424657,146.0,0.9668874172185432,151.0,0.9741935483870968,154.0,0.23839009287925697,646.0,1.2029795158286778,537.0,1.7959866220735785,299.0,2.1824817518248176,213.0,-0.1959740311070979,0.1504156580579827,106.0,107.0,-0.2323409898510494,-0.2649907712225263,0.456906860818098,-0.5946074747783885,0.0418556465244642,0.44,0.455,0.505,0.525,0.77,1.0
152.0,1.0,152.0,1.0133333333333334,150.0,0.2427184466019417,618.0,2.272058823529412,151.0,1.0272108843537415,147.0,0.4164305949008499,353.0,2.451388888888889,144.0,0.935064935064935,212.0,-0.1904252960441164,0.1392865684949789,107.0,105.0,-0.2273110269730492,-0.240589938039952,0.383907832650791,-0.5536996601176979,0.0100459044671469,0.31,0.475,0.51,0.535,0.775,1.0
151.0,1.0202702702702702,148.0,0.9932885906040269,149.0,1.0067567567567568,148.0,0.9736842105263158,148.0,0.9801324503311258,151.0,0.993421052631579,152.0,1.0,152.0,1.0066225165562914,200.0,-0.1145972645530136,0.1491243515253623,97.0,103.0,-0.135,-0.1470273406235811,0.6110818972549258,-0.4120726867903183,0.1049731661461117,0.45,0.465,0.49,0.515,0.77,1.0
147.0,1.027972027972028,143.0,1.0,143.0,0.9930555555555556,144.0,0.9863013698630136,146.0,1.0354609929078014,141.0,0.9591836734693876,147.0,0.4349112426035503,338.0,2.397163120567376,198.0,0.0664467923224785,0.1563159551911217,96.0,102.0,0.0602930730009075,0.0063924090406962,0.7546791190432208,-0.3004557014855802,0.305289087881772,0.27,0.435,0.485,0.515,0.78,1.0
146.0,0.3403263403263403,429.0,3.1544117647058822,136.0,0.9006622516556292,151.0,1.0134228187919463,394.0,2.8142857142857145,140.0,0.945945945945946,148.0,1.0206896551724138,145.0,0.9797297297297296,380.0,-0.223333799744552,0.121796965906343,105.0,275.0,-0.2032543299615558,-0.2273803068166204,0.4248586827686476,-0.5184954717283046,-0.0816214192077515,0.17,0.255,0.28,0.295,0.41,1.0
370.0,2.740740740740741,135.0,0.9,150.0,1.0273972602739727,146.0,1.028169014084507,148.0,1.0277777777777777,144.0,0.2594594594594595,555.0,2.4342105263157894,228.0,1.7142857142857142,206.0,-0.2566787602032463,0.1589588228450556,103.0,103.0,-0.2712541890368622,-0.3087896043434407,0.5166460188906608,-0.6557900858557772,-0.0361406200649371,0.3,0.465,0.505,0.53,0.78,1.0
831.0,3.364372469635628,247.0,1.802919708029197,137.0,0.958041958041958,143.0,1.0070422535211268,146.0,0.24872231686541738,587.0,1.1646825396825398,504.0,1.0100200400801602,499.0,1.7821428571428573,203.0,-0.1539171821471405,0.1680960220785776,101.0,102.0,-0.1823971582172645,-0.1924631657754028,0.6742092778477311,-0.5869269711456842,0.0848449729170852,0.45,0.465,0.505,0.53,0.8,1.0
150.0,0.3712871287128713,404.0,2.906474820143885,139.0,0.9205298013245032,151.0,1.0134228187919463,315.0,2.2992700729927007,137.0,0.9013157894736842,152.0,1.0133333333333334,150.0,0.986842105263158,323.0,-0.1584905022685517,0.1300254413007802,103.0,220.0,-0.1456385372896739,-0.1758546329569237,0.4855317139694829,-0.4999150938969591,0.0185595465299782,0.19,0.29,0.325,0.34,0.48,1.0
149.0,0.9867549668874172,151.0,0.961783439490446,157.0,1.0466666666666666,150.0,1.0067114093959733,154.0,1.013157894736842,152.0,1.0066225165562914,151.0,1.0134228187919463,149.0,0.9738562091503268,216.0,-0.2257183515522,0.17114945224366,109.0,107.0,-0.2375769396562844,-0.2845878315311869,0.6395047312029836,-0.5820387417854094,-0.001509308396376,0.475,0.46,0.51,0.535,0.775,1.0
146.0,0.9864864864864864,148.0,1.0,148.0,1.0277777777777777,144.0,0.2594594594594595,144.0,0.9863013698630136,146.0,0.3659147869674185,399.0,1.4669117647058822,272.0,2.060606060606061,195.0,-0.1981959903937062,0.1000553791011877,95.0,100.0,-0.1795250314116429,-0.2381846406474626,0.1789601411411819,-0.4909503050391732,-0.04024676400326,0.395,0.45,0.49,0.515,0.8,1.0
146.0,0.3967391304347826,368.0,2.6099290780141846,141.0,0.9657534246575342,146.0,1.006896551724138,146.0,0.34032634032634035,429.0,3.1544117647058822,136.0,0.9006622516556292,151.0,1.0134228187919463,202.0,-0.2265497313852517,0.1579949366181563,100.0,102.0,-0.2593679704742112,-0.2852055702913616,0.4685254384327182,-0.606352748982631,-0.0065565407730137,0.305,0.45,0.5,0.525,0.76,1.0
362.0,0.9354005167958656,387.0,2.8455882352941178,136.0,0.9444444444444444,144.0,0.3860589812332439,371.0,2.6884057971014492,138.0,0.9387755102040816,147.0,1.065217391304348,138.0,0.9857142857142858,359.0,-0.065655571363178,0.0871635761780399,100.0,259.0,-0.0167841090607585,-0.043298780025352,0.3211608403262017,-0.3683754921247911,0.0575671304536264,0.175,0.265,0.28,0.295,0.43,1.0
108.0,1.0,108.0,1.0285714285714285,105.0,0.9722222222222222,108.0,0.9473684210526316,125.0,1.1160714285714286,112.0,1.0275229357798166,109.0,0.9646017699115044,113.0,1.0660377358490567,147.0,-0.3750063922326674,0.5456871288452363,60.0,87.0,-0.2325924105464062,-0.48800919340372,2.1174816904737974,-1.0578884067565066,-0.2824531008011903,0.24,0.365,0.415,0.46,0.7,1.0
140.0,0.9859154929577464,142.0,0.9726027397260274,146.0,0.9605263157894736,152.0,1.0066225165562914,148.0,0.9736842105263158,152.0,1.0133333333333334,150.0,1.0135135135135136,148.0,0.9932885906040269,205.0,-0.1280883104798226,0.1325312623247859,102.0,103.0,-0.1200676722974038,-0.1478008589597463,0.3585024458091543,-0.4525035822233543,0.0962862458850127,0.465,0.48,0.505,0.53,0.785,1.0
96.0,1.0434782608695652,92.0,0.8363636363636363,110.0,1.0091743119266054,109.0,0.9316239316239316,107.0,0.8770491803278688,122.0,0.9384615384615383,130.0,0.9629629629629628,135.0,1.0227272727272727,151.0,-0.0667249879368208,0.2566195482968094,77.0,74.0,-0.0402220792952022,-0.1582592057576703,1.502549056277897,-0.0685271060949127,-0.0685271060949127,0.35,0.47,0.51,0.555,0.555,1.0
483.0,1.0298507462686568,469.0,1.0064377682403434,466.0,1.0064794816414686,463.0,3.4044117647058822,146.0,0.9931972789115646,147.0,1.05,140.0,0.9722222222222222,144.0,1.006993006993007,199.0,-0.1662900075867094,0.1569416446381352,97.0,102.0,-0.1829328604382868,-0.1901382936877439,0.5762318569251681,-0.5375393861614579,0.0456661565483135,0.285,0.45,0.49,0.52,0.81,1.0
79.0,0.6694915254237288,118.0,0.5,236.0,1.0582959641255605,223.0,1.056872037914692,79.0,0.4114583333333333,192.0,1.1566265060240963,166.0,2.024390243902439,82.0,1.1232876712328768,113.0,-0.4524652377759501,0.2264056043410217,58.0,55.0,-0.4361782619923545,-0.4736729361983471,0.7412183876065047,-0.5207749337050501,-0.2463392257390552,0.41,0.475,0.525,0.675,0.56,1.0
140.0,0.958904109589041,146.0,1.006896551724138,145.0,1.0283687943262412,141.0,1.0,146.0,1.0138888888888888,144.0,0.5034965034965035,286.0,2.1343283582089554,134.0,0.9305555555555556,198.0,-0.2418108677840953,0.1576412933762843,96.0,102.0,-0.2525827169137112,-0.287980244705168,0.5317730699850306,-0.6713138128201454,2.269141789465728e-05,0.285,0.445,0.49,0.515,0.785,1.0
142.0,0.9594594594594594,148.0,1.0,148.0,1.0206896551724138,145.0,0.9931506849315068,479.0,0.5994993742177722,799.0,3.504385964912281,228.0,1.6285714285714286,140.0,0.945945945945946,440.0,-0.1094744517349089,0.123231861256453,105.0,335.0,-0.1153434361394214,-0.1356720930710935,0.6588220815171717,-0.4550968833767967,0.1214064066718469,0.145,0.215,0.24,0.255,0.355,1.0
197.0,2.095744680851064,94.0,0.4541062801932367,207.0,2.25,92.0,0.4717948717948718,193.0,2.168539325842697,89.0,0.419811320754717,212.0,2.141414141414141,99.0,0.4852941176470588,202.0,0.0073021295794687,0.1109966814527068,67.0,135.0,-0.0249545707552459,-0.1148654975832197,0.7768230354848986,0.0538225576431215,0.2113702541439185,0.27,0.31,0.33,0.38,0.35,1.0
173.0,1.0484848484848486,165.0,1.1224489795918366,147.0,0.8596491228070176,171.0,0.9771428571428572,207.0,1.38,150.0,0.7894736842105263,190.0,2.0,95.0,0.4439252336448598,236.0,-0.0841478732217945,0.0989664968546074,92.0,144.0,0.0056221090666578,-0.2011501217997483,0.6929010748776236,-0.1432229197089646,-0.0227198852358892,0.28,0.375,0.39,0.41,0.575,1.0
149.0,1.0205479452054795,146.0,1.006896551724138,145.0,0.4769736842105263,304.0,2.1870503597122304,147.0,1.0425531914893618,141.0,0.9657534246575342,146.0,0.9798657718120806,149.0,1.0347222222222223,198.0,-0.0547670574530356,0.1611096761325069,96.0,102.0,-0.0532928631933381,-0.0978076798973247,0.7821462367493028,-0.4344449861446294,0.1924097921059381,0.345,0.445,0.49,0.515,0.78,1.0
176.0,0.9777777777777776,180.0,0.9473684210526316,190.0,1.1046511627906976,172.0,0.9885057471264368,228.0,1.0961538461538463,208.0,2.337078651685393,89.0,0.6496350364963503,137.0,1.5054945054945057,225.0,-0.0516903212696833,0.0885736913402171,66.0,159.0,0.0024225104635775,-0.2906298100349586,0.6925470725211194,-0.0656576524322826,-0.0178391959798995,0.155,0.28,0.295,0.315,0.455,1.0
154.0,1.0405405405405406,148.0,1.0,148.0,0.9866666666666668,150.0,1.0067114093959733,144.0,0.9664429530201343,149.0,0.9933333333333332,150.0,1.0067114093959733,149.0,0.9867549668874172,207.0,0.0444663636648003,0.15249006078117,107.0,100.0,-0.0077952520312783,-0.017721656013348,0.7324283832522769,-0.3762716729767426,0.2958613083362689,0.46,0.475,0.52,0.545,0.805,1.0
149.0,1.0347222222222223,144.0,1.006993006993007,143.0,0.9930555555555556,144.0,0.2666666666666666,146.0,1.0354609929078014,141.0,0.436532507739938,323.0,2.3576642335766422,137.0,0.9133333333333332,204.0,0.0172664411758396,0.1171700333585332,102.0,102.0,0.0687088391466779,-0.0037084836692364,0.3906821562365185,-0.3539733112028527,0.1905378951325209,0.31,0.475,0.505,0.53,0.765,1.0
144.0,0.375,384.0,2.762589928057554,139.0,0.9266666666666666,150.0,0.4143646408839779,146.0,1.006896551724138,145.0,0.9797297297297296,148.0,0.9801324503311258,151.0,1.0272108843537415,203.0,-0.080258481661049,0.1299726747425593,101.0,102.0,-0.0954844815947598,-0.1609199674109528,0.4267828780050877,-0.4583449521616733,0.0878078151584642,0.32,0.465,0.5,0.525,0.75,1.0
86.0,1.0,86.0,0.5029239766081871,171.0,0.9,190.0,0.9178743961352656,80.0,1.0389610389610389,77.0,0.7475728155339806,103.0,0.8879310344827587,116.0,0.8226950354609929,114.0,-0.1150961376255026,0.2388112819013149,58.0,56.0,-0.0423511728992148,-0.1877122261533594,1.1517409086997905,-0.0252853599946479,0.0044340996566218,0.42,0.46,0.51,0.57,0.58,1.0
88.0,1.1282051282051282,78.0,0.3823529411764705,204.0,2.3181818181818183,88.0,0.8712871287128713,208.0,1.5522388059701493,134.0,1.7179487179487178,78.0,0.3768115942028985,207.0,2.0294117647058822,222.0,-0.1256120046931763,0.1099658878854741,77.0,145.0,-0.0730101863605075,-0.1677834654015867,0.7552721649563592,-0.1571892692836743,-0.0165282153599368,0.23,0.33,0.35,0.37,0.44,1.0
396.0,1.346938775510204,294.0,2.115107913669065,139.0,0.388268156424581,358.0,2.5211267605633805,146.0,0.9419354838709677,155.0,1.0689655172413792,145.0,0.9797297297297296,148.0,0.348235294117647,202.0,-0.3193906344408593,0.145714925800075,100.0,102.0,-0.361149868881032,-0.3578944132759831,0.4406145025157405,-0.7089148076366352,-0.0986289767330305,0.36,0.46,0.5,0.525,0.805,1.0
155.0,1.148148148148148,135.0,0.9246575342465754,146.0,0.9931972789115646,147.0,1.027972027972028,152.0,1.0066225165562914,151.0,1.0272108843537415,147.0,1.013793103448276,145.0,1.0,208.0,-0.1319817298635324,0.133565611728594,102.0,106.0,-0.1010611824288127,-0.2567273663916137,0.3392577034283458,-0.4590901859281925,0.1357676724744886,0.47,0.46,0.495,0.52,0.76,1.0
146.0,0.9733333333333334,150.0,0.974025974025974,154.0,1.0335570469798658,149.0,0.9802631578947368,153.0,1.0551724137931036,145.0,0.9931506849315068,146.0,1.006896551724138,145.0,0.9731543624161074,209.0,-0.0055235859280138,0.1384628614791872,102.0,107.0,-0.0066195374523249,-0.0527724448343145,0.6158191378064286,-0.3664774620218294,0.2109661133169452,0.465,0.455,0.495,0.52,0.77,1.0
226.0,1.6258992805755397,139.0,0.9266666666666666,150.0,1.0273972602739727,146.0,1.0,143.0,0.959731543624161,149.0,0.9867549668874172,151.0,1.0413793103448277,145.0,1.0,203.0,0.237597198616424,0.1669963372955389,103.0,100.0,0.2489059606372849,0.2256549234177583,1.0340779337464006,-0.1834967672843881,0.402446210146038,0.3,0.475,0.51,0.535,0.785,1.0
154.0,1.0335570469798658,149.0,0.2483333333333333,600.0,1.9867549668874167,302.0,2.204379562043796,146.0,0.9733333333333334,150.0,0.9554140127388536,157.0,1.0608108108108107,148.0,0.4180790960451977,207.0,0.0130689881233367,0.1718595968161434,105.0,102.0,-0.0159045226130653,-0.0498136272329164,0.8960585517982489,-0.3930614743377219,0.2115905065118898,0.31,0.46,0.51,0.54,0.76,1.0
145.0,1.2946428571428572,112.0,0.4444444444444444,252.0,0.9921259842519684,254.0,2.3738317757009346,251.0,2.5876288659793816,97.0,0.4024896265560166,241.0,1.0432900432900434,231.0,1.105263157894737,239.0,-0.255337099882414,0.1718678186447917,64.0,175.0,-0.0368161600639142,-0.2301361302775128,0.7353844333627254,-0.1027305930467581,-0.048093477473006,0.235,0.255,0.27,0.285,0.315,1.0
148.0,1.0068027210884354,147.0,0.3941018766756032,373.0,2.683453237410072,139.0,0.9205298013245032,152.0,0.39790575916230364,382.0,2.7681159420289854,138.0,0.9324324324324323,148.0,0.3925729442970822,202.0,-0.3105158204208975,0.1448260890465637,96.0,106.0,-0.3132816946319183,-0.3452654374605951,0.391785926944129,-0.7046691085489732,-0.0973555801526698,0.325,0.45,0.48,0.505,0.745,1.0
115.0,0.9663865546218487,119.0,0.9834710743801652,121.0,1.0168067226890756,119.0,1.469135802469136,101.0,0.6516129032258065,155.0,1.3362068965517242,116.0,0.9830508474576272,118.0,0.9833333333333332,126.0,-0.4072094275634313,0.3928290258650086,56.0,70.0,0.514066055275147,-0.4135261489705516,1.2907780547272265,-0.4409971726840843,-0.4164012156147451,0.42,0.37,0.455,0.5,0.505,1.0
383.0,2.7357142857142858,140.0,0.9395973154362416,149.0,0.3890339425587467,383.0,2.8161764705882355,151.0,0.24512987012987014,616.0,2.207885304659498,279.0,1.9241379310344828,145.0,0.9477124183006536,205.0,-0.1322746814718995,0.1449589885997722,100.0,105.0,-0.15,-0.1614443478580652,0.5154026657600104,-0.4870948830178979,0.1010417119478944,0.29,0.46,0.495,0.52,0.77,1.0
140.0,0.9655172413793104,145.0,0.3698979591836734,392.0,2.820143884892086,139.0,0.9266666666666666,149.0,0.34174311926605505,436.0,0.5317073170731708,820.0,3.306451612903226,248.0,1.7714285714285714,209.0,-0.1397864063357164,0.175074644501256,105.0,104.0,-0.1888599051150714,-0.2012950223313461,0.777852900200735,-0.5983688186259746,0.1318150140334385,0.435,0.46,0.505,0.53,0.785,1.0
155.0,0.3725961538461538,416.0,2.8689655172413797,145.0,0.9477124183006536,153.0,0.3994778067885117,379.0,2.7664233576642334,137.0,0.9256756756756755,148.0,1.0277777777777777,144.0,0.9536423841059604,366.0,-0.1770502644477348,0.1076886043944035,101.0,265.0,-0.1930495277493263,-0.2126844250857327,0.3344876923585733,-0.4708197203216097,0.0224279051080386,0.17,0.255,0.275,0.295,0.42,1.0
152.0,0.9681528662420382,157.0,1.0129032258064516,155.0,1.0,155.0,1.019736842105263,153.0,1.006578947368421,152.0,1.0133333333333334,150.0,0.974025974025974,154.0,0.2172073342736248,215.0,-0.0902294609899646,0.1552711883797587,108.0,107.0,-0.0995832472702668,-0.1325797002605927,0.6296370295739608,-0.4380308382873962,0.1545668408256307,0.47,0.455,0.505,0.53,0.775,1.0
151.0,1.0342465753424657,146.0,0.9864864864864864,148.0,0.4180790960451977,354.0,2.661654135338346,151.0,0.9805194805194806,154.0,1.0266666666666666,150.0,1.0,150.0,1.020408163265306,207.0,-0.2024991671528901,0.1780632260120407,102.0,105.0,-0.2026384406032098,-0.3090525139408263,0.4971624741849098,-0.5984085952272747,0.0757731678683081,0.325,0.475,0.5,0.52,0.795,1.0
368.0,2.725925925925926,135.0,0.9121621621621622,148.0,1.0206896551724138,145.0,0.9931506849315068,146.0,1.006896551724138,145.0,0.9863945578231292,147.0,0.3542168674698795,415.0,3.1203007518796992,207.0,0.08017941944074,0.162793077855507,105.0,102.0,0.0482055760384903,0.007005821815505,0.8256611387416034,-0.2967528410262939,0.3099866665673148,0.3,0.46,0.515,0.54,0.795,1.0
151.0,0.4241573033707865,356.0,2.5985401459854014,137.0,0.8896103896103896,154.0,1.0065359477124185,158.0,0.39303482587064675,402.0,0.7992047713717694,503.0,1.041407867494824,483.0,1.0298507462686568,225.0,-0.1565175441350358,0.1791735002142108,115.0,110.0,-0.2160876251122038,-0.2194036043622909,0.7599133534567661,-0.5584915637710932,0.1389032064348252,0.28,0.48,0.515,0.54,0.78,1.0
143.0,0.9662162162162162,148.0,1.0277777777777777,144.0,0.9863013698630136,146.0,0.3945945945945946,145.0,0.9931506849315068,146.0,1.0138888888888888,144.0,0.993103448275862,145.0,0.4898648648648648,204.0,0.1172982355329289,0.1458098245909343,103.0,101.0,0.1253784811833576,0.0378998034667478,0.7291316960840248,-0.2557445048599867,0.3468372678015127,0.445,0.47,0.51,0.535,0.81,1.0
136.0,0.9444444444444444,144.0,0.9863013698630136,146.0,0.3659147869674185,399.0,1.4669117647058822,534.0,2.225,240.0,1.7647058823529411,136.0,0.9379310344827586,145.0,0.3950953678474114,474.0,-0.1555255543392893,0.1035666600034895,101.0,373.0,-0.1431635475215187,-0.1578873838803035,0.5707674923352064,-0.4276023063051841,0.1026211932301694,0.17,0.2,0.215,0.23,0.335,1.0
378.0,2.7794117647058822,136.0,0.918918918918919,148.0,0.398921832884097,371.0,2.688405797101449,150.0,1.0135135135135136,148.0,1.0206896551724138,145.0,0.9863945578231292,147.0,0.9735099337748344,209.0,-0.2151318879021906,0.1818141540410723,104.0,105.0,-0.2495896556057598,-0.2802693375549971,0.6444123306421325,-0.5853551097728359,0.0516930972198999,0.43,0.45,0.5,0.53,0.805,1.0
171.0,1.1324503311258278,151.0,0.7365853658536585,205.0,1.2202380952380951,168.0,0.9655172413793104,187.0,1.1614906832298137,161.0,0.8702702702702703,185.0,1.1635220125786163,159.0,0.8594594594594595,239.0,-0.5684059489465099,0.3654058358435134,109.0,130.0,-0.3244647196342883,-0.5940471561735051,1.7645391197042992,-0.6323569631669397,-0.5197693177179711,0.27,0.43,0.46,0.485,0.8,1.0
173.0,1.4661016949152543,118.0,0.6555555555555556,180.0,1.6216216216216215,111.0,0.578125,182.0,1.6545454545454545,110.0,1.375,80.0,0.4210526315789473,190.0,1.637931034482759,198.0,-0.0679015341052862,0.1357476871619295,71.0,127.0,-0.0933353834923668,-0.1291578612851392,0.8547456665310966,-0.0617350456501179,0.0196660810415066,0.32,0.345,0.365,0.385,0.515,1.0
148.0,0.9801324503311258,151.0,1.0,151.0,0.2439418416801292,619.0,2.476,148.0,0.9932885906040269,149.0,0.9867549668874172,151.0,0.993421052631579,152.0,1.0066225165562914,208.0,-0.15328667559223,0.1455851692695408,105.0,103.0,-0.1756742109069083,-0.2096682816758656,0.4790741770552356,-0.5428651792345724,0.0497756826367413,0.375,0.475,0.51,0.535,0.805,1.0
142.0,0.9659863945578232,147.0,0.98,150.0,0.986842105263158,152.0,1.0410958904109588,613.0,2.5541666666666667,240.0,1.7518248175182485,137.0,0.9133333333333332,150.0,1.0273972602739727,533.0,-0.1808635525604721,0.1120416244950762,104.0,429.0,-0.1484880646601967,-0.1349394849832512,0.504829272766591,-0.4264766095448395,0.0728572739829959,0.14,0.185,0.195,0.21,0.295,1.0
190.0,2.043010752688172,93.0,0.5027027027027027,185.0,1.8137254901960784,102.0,0.4951456310679611,191.0,2.1954022988505746,87.0,0.424390243902439,205.0,2.11340206185567,97.0,0.4663461538461538,200.0,-0.3955523656161353,0.1731560989635101,67.0,133.0,-0.500656834048192,-0.5886122826486123,0.516790474398332,-0.3543134797886144,-0.3543134797886144,0.27,0.32,0.335,0.355,0.355,1.0
136.0,0.9645390070921984,141.0,0.9791666666666666,144.0,1.0359712230215827,139.0,0.952054794520548,149.0,1.0136054421768708,147.0,0.4106145251396648,358.0,1.3065693430656935,274.0,1.9855072463768115,208.0,-0.1904565799080038,0.1608650508228088,104.0,104.0,-0.1580778585176154,-0.2559199677565715,0.4844064528424959,-0.5287074300388452,0.0808104869521204,0.39,0.48,0.505,0.545,0.805,1.0
228.0,1.7142857142857142,133.0,0.93006993006993,143.0,0.3714285714285714,385.0,2.8308823529411766,145.0,1.0,145.0,1.0283687943262412,141.0,0.9724137931034482,145.0,0.2715355805243445,193.0,-0.0991051893619366,0.1141438429363771,92.0,101.0,-0.0723152399624755,-0.100693136169974,0.3509176105722395,-0.403432371376959,0.1143185987621303,0.45,0.465,0.485,0.51,0.785,1.0
379.0,2.786764705882353,136.0,0.9006622516556292,151.0,0.4026666666666667,375.0,2.7372262773722627,373.0,2.762962962962963,135.0,0.9183673469387756,147.0,0.375,392.0,2.8823529411764706,364.0,-0.301788599896538,0.1241702971852675,103.0,261.0,-0.2688453054892269,-0.255555125250119,0.3687943715965678,-0.6564777069410295,-0.0601747076920193,0.205,0.27,0.285,0.3,0.455,1.0
370.0,2.661870503597122,139.0,0.9266666666666666,150.0,0.4076086956521739,368.0,2.725925925925926,296.0,2.1142857142857143,140.0,0.9271523178807948,151.0,1.0342465753424657,146.0,1.006896551724138,308.0,0.0894167836769102,0.111976354463358,101.0,207.0,0.1136839553044093,0.0542409129090038,0.6772285515322374,-0.1894454258826402,0.210548731734543,0.29,0.3,0.33,0.35,0.495,1.0
144.0,0.9536423841059604,151.0,1.0134228187919463,149.0,0.9867549668874172,151.0,1.0202702702702702,621.0,1.9467084639498433,319.0,2.2949640287769784,139.0,0.9391891891891893,148.0,0.9801324503311258,540.0,-0.2437688474742489,0.1115122089647154,106.0,434.0,-0.2880230243936105,-0.2989949748743719,0.6039638453722764,-0.5801822633111332,-0.1727966131295048,0.155,0.175,0.195,0.21,0.275,1.0
148.0,1.0068027210884354,147.0,0.1771084337349397,830.0,3.721973094170404,223.0,1.6277372262773722,144.0,1.0,144.0,0.9863013698630136,146.0,0.9668874172185432,151.0,1.0486111111111112,201.0,0.0147981066241872,0.1352648778977983,101.0,100.0,0.0084441890380348,-0.0351608106717283,0.6740551281505563,-0.384975413258214,0.1919320323686975,0.37,0.46,0.505,0.53,0.795,1.0
146.0,1.0,146.0,0.9798657718120806,149.0,1.0347222222222223,144.0,0.979591836734694,143.0,0.9862068965517241,145.0,1.0,145.0,0.9797297297297296,148.0,1.0,200.0,-0.0145142049120514,0.1526829711928999,100.0,100.0,-0.035,-0.0432101348339618,0.7293696536528123,-0.3862606096171637,0.21,0.455,0.47,0.505,0.53,0.815,1.0
149.0,0.9551282051282052,156.0,0.4239130434782608,368.0,2.537931034482759,145.0,0.935483870967742,152.0,0.4935064935064935,308.0,2.264705882352941,136.0,0.8831168831168831,154.0,1.0266666666666666,211.0,-0.1723778542890981,0.1510634369160145,105.0,106.0,-0.2065224983578493,-0.2127773538888739,0.5232102467860111,-0.5114200280209508,0.0920910257845754,0.46,0.47,0.505,0.53,0.77,1.0
362.0,2.661764705882353,136.0,0.9066666666666666,150.0,0.3816793893129771,393.0,2.889705882352941,146.0,1.006896551724138,145.0,0.4769736842105263,304.0,2.1870503597122304,139.0,0.9205298013245032,206.0,-0.1531291229907121,0.1795266323719011,104.0,102.0,-0.1928012534015354,-0.2282635343169236,0.7770918500125674,-0.584458736702295,0.1367327257592861,0.305,0.46,0.51,0.535,0.785,1.0
335.0,2.518796992481203,133.0,0.4054878048780488,328.0,2.4296296296296296,135.0,0.9,145.0,1.0431654676258992,139.0,0.9928571428571428,140.0,0.3674540682414698,381.0,0.7229601518026565,202.0,-0.1908709451452921,0.1471937504283393,101.0,101.0,-0.1877715213862064,-0.2629859996972822,0.4685015760755024,-0.6217869930971863,0.0036178101197482,0.465,0.455,0.505,0.53,0.785,1.0
148.0,0.9801324503311258,151.0,1.0342465753424657,146.0,0.9864864864864864,148.0,0.4180790960451977,146.0,0.9668874172185431,151.0,0.9805194805194806,154.0,1.0266666666666666,150.0,1.0,207.0,-0.1141553934170205,0.1767414184676075,105.0,102.0,-0.0741041510652495,-0.2331260992998208,0.4963848360964202,-0.4099233201148649,0.1139256884211508,0.38,0.465,0.51,0.535,0.78,1.0
149.0,1.0205479452054795,146.0,0.9733333333333334,150.0,1.0273972602739727,146.0,0.9668874172185432,360.0,2.6666666666666665,135.0,0.9246575342465754,146.0,0.4101123595505618,356.0,2.4895104895104896,358.0,-0.2372027653606339,0.130730985720191,107.0,251.0,-0.2064232062365555,-0.286355592245446,0.4297009391275976,-0.620697193163798,-0.0361364403331477,0.225,0.275,0.3,0.32,0.43,1.0
157.0,0.9874213836477987,159.0,0.9636363636363636,165.0,1.0185185185185186,162.0,1.125,212.0,1.5820895522388059,134.0,0.5775862068965517,232.0,1.16,200.0,2.083333333333333,211.0,-0.0917909288366602,0.1189376387834738,63.0,148.0,-0.1228261555431248,-0.2202726972311002,0.7207377026396172,-0.1586921712249783,-0.0944710474677749,0.26,0.27,0.3,0.36,0.34,1.0
146.0,0.9864864864864864,148.0,0.9932885906040269,149.0,1.0067567567567568,148.0,0.9932885906040269,149.0,0.9802631578947368,152.0,0.238244514106583,638.0,2.5217391304347827,253.0,1.8071428571428567,211.0,0.0185140790177357,0.1436248729949897,107.0,104.0,-0.0146890715781174,-0.0621100101196396,0.6419457361011978,-0.337968858014948,0.2462330066414329,0.29,0.465,0.51,0.535,0.785,1.0
151.0,1.0342465753424657,146.0,0.9931972789115646,147.0,0.98,150.0,1.0273972602739727,154.0,1.0620689655172413,145.0,0.9731543624161074,149.0,1.0347222222222223,144.0,0.9536423841059604,207.0,0.0910080419606076,0.1514050387426858,100.0,107.0,0.0872246803133641,0.0439306056857477,0.8113789470952009,-0.2716212653679553,0.317073011932741,0.335,0.455,0.49,0.515,0.78,1.0
148.0,1.0136986301369864,146.0,0.9798657718120806,149.0,1.0136054421768708,147.0,1.027972027972028,561.0,2.125,264.0,1.9411764705882355,136.0,0.912751677852349,149.0,1.0205479452054795,494.0,-0.1306183807171378,0.0993365219684122,102.0,392.0,-0.1791274599248109,-0.1579836289427085,0.4327625131726242,-0.5117553858664506,0.0649512081566239,0.155,0.195,0.21,0.22,0.315,1.0
372.0,2.735294117647059,136.0,0.951048951048951,143.0,0.3743455497382199,382.0,2.788321167883212,146.0,1.0138888888888888,144.0,0.2845849802371542,506.0,1.7630662020905925,287.0,2.110294117647059,202.0,-0.095918498181265,0.1392982919942923,100.0,102.0,-0.0969333931886153,-0.1436028236365369,0.4953096199250503,-0.4649410528693123,0.1437058930459602,0.46,0.45,0.505,0.53,0.79,1.0
90.0,0.5769230769230769,156.0,0.968944099378882,161.0,0.92,175.0,1.1666666666666667,231.0,2.4574468085106385,94.0,0.6619718309859155,142.0,1.6136363636363635,88.0,1.1282051282051282,223.0,-0.1508964152196166,0.1961188369883719,62.0,161.0,-0.1085770455689467,-0.1323928299357663,1.115510449468608,-0.0456209849531274,0.0776392445851442,0.24,0.26,0.28,0.335,0.31,1.0
146.0,0.9605263157894736,152.0,1.0555555555555556,144.0,1.0,144.0,0.993103448275862,362.0,2.661764705882353,136.0,0.9066666666666666,150.0,0.3816793893129771,393.0,2.889705882352941,355.0,-0.1811582939189525,0.1371748088781784,102.0,253.0,-0.1992715327485018,-0.2080860647687636,0.5868846164454968,-0.6204517593655829,0.0684457412690787,0.175,0.27,0.29,0.305,0.43,1.0
150.0,0.313152400835073,479.0,0.5994993742177722,799.0,3.504385964912281,228.0,1.6285714285714286,146.0,0.9798657718120806,149.0,1.0347222222222223,144.0,0.979591836734694,147.0,0.9865771812080536,204.0,-0.1091198983552271,0.1399875276673302,102.0,102.0,-0.135427417332951,-0.149564480368645,0.5964044074668639,-0.5013005761714929,0.1017042907602684,0.405,0.44,0.505,0.525,0.795,1.0
148.0,0.9866666666666668,150.0,0.9803921568627452,153.0,0.4058355437665782,377.0,2.7518248175182483,148.0,1.0206896551724138,145.0,0.935483870967742,155.0,1.0763888888888888,144.0,0.9290322580645162,204.0,-0.2377487917870494,0.1838707885127951,101.0,103.0,0.0124451945753868,-0.1193918068789462,0.3216726892348392,-0.4415709379245927,0.0047130617513598,0.36,0.475,0.5,0.525,0.68,1.0
147.0,1.013793103448276,145.0,0.3698979591836734,392.0,2.925373134328358,134.0,0.9305555555555556,146.0,0.39037433155080214,374.0,2.72992700729927,137.0,0.9133333333333332,150.0,0.4,197.0,0.0160894832264491,0.1131643032841902,95.0,102.0,0.0164321608040201,-0.0144420256420212,0.4808382346532057,-0.246986293653365,0.2119496955439055,0.3,0.46,0.49,0.515,0.78,1.0
203.0,1.5984251968503935,127.0,0.6649214659685864,191.0,2.053763440860215,93.0,0.465,192.0,1.9591836734693877,98.0,0.4537037037037037,216.0,1.3251533742331287,163.0,1.9176470588235293,196.0,-0.1337815523676621,0.1070939296935129,62.0,134.0,-0.1513891523409054,-0.2511174264280683,0.5456610608140092,-0.0977792113615429,-0.0341275596309552,0.27,0.295,0.315,0.365,0.34,1.0
166.0,1.0246913580246917,162.0,1.051948051948052,154.0,0.9871794871794872,156.0,1.0,181.0,1.1528662420382165,157.0,1.319327731092437,119.0,0.616580310880829,193.0,1.1696969696969697,214.0,-0.2493861413529142,0.1625078434448743,88.0,126.0,-0.1287359989079251,-0.4346800929335592,1.0291923759952102,-0.2889509248185726,-0.2311774144558885,0.265,0.39,0.415,0.435,0.72,1.0
206.0,2.145833333333333,96.0,0.4705882352941176,204.0,2.01980198019802,101.0,0.5024875621890548,247.0,2.47,100.0,0.5076142131979695,197.0,2.095744680851064,94.0,0.4541062801932367,279.0,-0.2822664425864989,0.106884596381616,107.0,172.0,-0.1963169019048344,-0.3552328625304632,0.0871588196343405,-0.3248277938004058,-0.3068159216183941,0.275,0.37,0.385,0.4,0.425,1.0
799.0,3.504385964912281,228.0,1.6285714285714286,140.0,0.945945945945946,148.0,1.0422535211267605,144.0,0.9795918367346939,147.0,0.9865771812080536,149.0,0.1308165057067603,1139.0,4.846808510638298,204.0,-0.1665525802259757,0.1653881264098562,104.0,100.0,-0.2095013914970192,-0.2478091749347391,0.7128705733907529,-0.5087082969894519,0.0212014436638344,0.365,0.455,0.515,0.54,0.79,1.0
144.0,0.9664429530201344,149.0,0.9933333333333332,150.0,1.0067114093959733,149.0,0.9867549668874172,152.0,1.0066225165562914,151.0,1.0202702702702702,148.0,0.9932885906040269,149.0,0.9933333333333332,201.0,0.0098760479802908,0.1586136655073398,95.0,106.0,-0.0217539151820374,-0.0458668424854943,0.8233733331646864,-0.3608744731101307,0.2539913868409795,0.325,0.44,0.48,0.505,0.775,1.0
139.0,0.9328859060402684,149.0,0.3880208333333333,384.0,2.844444444444445,135.0,0.9,152.0,1.0482758620689656,145.0,0.9931506849315068,146.0,0.9668874172185432,151.0,1.0202702702702702,205.0,-0.1602413853350985,0.1413543011205348,99.0,106.0,-0.1789160184449895,-0.209877155145597,0.5291441391168554,-0.5152638430649774,0.1016567402697626,0.335,0.43,0.485,0.51,0.76,1.0
142.0,0.3585858585858585,396.0,0.9519230769230768,416.0,1.0558375634517767,394.0,2.962406015037594,141.0,0.9724137931034482,145.0,0.9931506849315068,146.0,1.0138888888888888,144.0,0.4079320113314447,196.0,-0.2267101005284635,0.1400638701058617,98.0,98.0,-0.2415091521922143,-0.2654876513908613,0.3670493960923487,-0.6043855649752716,-0.0398837991447221,0.445,0.465,0.51,0.535,0.805,1.0
144.0,0.3977900552486187,362.0,0.9354005167958656,387.0,2.8455882352941178,136.0,0.9444444444444444,144.0,0.3881401617250674,371.0,2.688405797101449,138.0,0.9387755102040816,147.0,1.065217391304348,192.0,-0.0024904753273441,0.106980672155932,92.0,100.0,0.013902814846012,-0.0343423731721846,0.4456998185063989,-0.3228725908953043,0.1539988686367622,0.34,0.445,0.485,0.505,0.79,1.0
402.0,2.9558823529411766,136.0,0.912751677852349,149.0,0.9933333333333332,150.0,1.0135135135135136,145.0,0.9931506849315068,146.0,1.020979020979021,143.0,0.3896457765667575,367.0,2.738805970149253,203.0,-0.2357290833242326,0.1472945388692197,102.0,101.0,-0.2707393986194268,-0.2891317025546552,0.4429585449225644,-0.6311412837758634,-0.006637675571455,0.29,0.445,0.505,0.53,0.805,1.0
143.0,0.959731543624161,149.0,1.0205479452054795,146.0,1.006896551724138,145.0,0.9797297297297296,146.0,0.9931972789115646,147.0,1.027972027972028,143.0,0.986206896551724,145.0,0.9931506849315068,196.0,-0.1603793435328706,0.213388193292028,94.0,102.0,0.2152743177886182,0.1123470463966255,0.2364159937097464,-0.1904804968235018,0.0675533129618097,0.485,0.75,0.78,0.87,0.815,1.0
367.0,2.738805970149253,134.0,0.9571428571428572,140.0,0.3846153846153846,364.0,2.656934306569343,147.0,1.013793103448276,145.0,0.3698979591836734,392.0,2.840579710144928,138.0,0.971830985915493,204.0,-0.3110441925977797,0.1910987594780773,102.0,102.0,-0.351604259364872,-0.3563678720483205,0.6832942999246469,-0.835471970791162,-0.1023170457376573,0.35,0.46,0.505,0.53,0.755,1.0
150.0,0.986842105263158,152.0,1.0066225165562914,151.0,1.0202702702702702,148.0,1.0068027210884354,151.0,0.993421052631579,152.0,1.034013605442177,147.0,0.98,150.0,0.967741935483871,203.0,0.0643107663620513,0.1552280209365857,98.0,105.0,0.0445010195995376,0.0261055834408284,0.8214177983032259,-0.3344491950983095,0.3226021791152524,0.295,0.445,0.485,0.51,0.78,1.0
191.0,2.053763440860215,93.0,0.465,200.0,2.1052631578947367,95.0,0.4611650485436893,216.0,1.3251533742331287,163.0,1.9176470588235293,85.0,0.3899082568807339,218.0,1.2823529411764707,219.0,-0.2012718349272562,0.0999542030512949,68.0,151.0,-0.2333935150914405,-0.3586517526185931,0.552790552409468,-0.176962268759699,-0.176962268759699,0.27,0.29,0.31,0.37,0.37,1.0
141.0,0.9276315789473684,152.0,0.4130434782608695,368.0,2.647482014388489,139.0,0.9266666666666666,402.0,2.9558823529411766,136.0,0.912751677852349,149.0,0.9933333333333332,150.0,1.0135135135135136,383.0,-0.1616290582599008,0.1107630311078145,102.0,281.0,-0.1513097104609342,-0.1664524466781016,0.4300798658219016,-0.5046640933175305,-0.0269357292924498,0.22,0.245,0.265,0.28,0.39,1.0
151.0,0.4136986301369863,365.0,2.703703703703704,135.0,0.944055944055944,143.0,0.3783068783068783,143.0,1.0070422535211268,142.0,0.9793103448275862,145.0,0.9731543624161074,149.0,0.9933333333333332,204.0,-0.1594130598073093,0.1405943760804406,104.0,100.0,-0.1769638461783497,-0.1842571647501777,0.3818053194961392,-0.5361388178378499,0.0706107085990613,0.465,0.48,0.515,0.54,0.79,1.0
148.0,0.3905013192612137,379.0,2.828358208955224,134.0,0.9054054054054054,148.0,1.0136986301369864,335.0,2.5572519083969465,131.0,0.8972602739726028,146.0,1.006896551724138,145.0,1.0069444444444444,329.0,-0.1584642451786386,0.1189447172044696,95.0,234.0,-0.1416965309974647,-0.1483807630578649,0.5317123994599782,-0.4819408358810382,-0.0762422588668692,0.23,0.275,0.29,0.305,0.425,1.0
382.0,2.7681159420289854,138.0,0.9324324324324323,148.0,0.3925729442970822,377.0,2.636363636363636,379.0,2.786764705882353,136.0,0.9006622516556292,151.0,0.4026666666666667,375.0,2.7372262773722627,371.0,-0.2967258362616762,0.1284008804258553,106.0,265.0,-0.267345306790555,-0.3085096545085082,0.3069424386267568,-0.5904545187169344,-0.0616887876552477,0.245,0.255,0.285,0.305,0.435,1.0
326.0,2.397058823529412,136.0,0.918918918918919,148.0,1.0,148.0,0.2761194029850746,148.0,0.9736842105263158,152.0,1.0066225165562914,151.0,1.0202702702702702,148.0,1.0136986301369864,198.0,-0.1401455991865651,0.1437667650228596,95.0,103.0,-0.1515233831203931,-0.1760360348144484,0.5076605960572107,-0.5214733090103705,0.0652537638276948,0.33,0.43,0.48,0.505,0.765,1.0
149.0,1.0205479452054795,146.0,0.36318407960199,402.0,2.851063829787234,141.0,0.9591836734693876,146.0,1.006896551724138,145.0,0.4239766081871345,342.0,2.442857142857143,140.0,0.915032679738562,206.0,-0.0621796809216134,0.1236655933165318,104.0,102.0,-0.0598777043999636,-0.0749383070161538,0.3799330429019255,-0.4012861738009506,0.1377420768698578,0.46,0.475,0.51,0.535,0.805,1.0
152.0,1.034013605442177,147.0,0.3056133056133056,481.0,0.88909426987061,541.0,2.1215686274509804,149.0,0.5,298.0,2.1911764705882355,136.0,0.9251700680272108,147.0,0.4049586776859504,205.0,-0.0418599824263671,0.1471491580947272,101.0,104.0,-0.0671208653679006,-0.1074030305192225,0.5565597891216272,-0.4275392572326152,0.1946829521326431,0.285,0.44,0.5,0.525,0.8,1.0
137.0,0.9013157894736842,152.0,1.0066225165562914,151.0,1.0202702702702702,148.0,0.9932885906040269,354.0,2.4755244755244754,143.0,0.9727891156462584,147.0,0.392,375.0,2.697841726618705,350.0,-0.1010146280061352,0.1118745976749093,103.0,247.0,-0.1068391308402747,-0.130251256281407,0.4554198880856058,-0.3941755559817094,0.0850063722947033,0.18,0.265,0.295,0.315,0.445,1.0
152.0,1.0066225165562914,151.0,1.0134228187919463,149.0,0.341743119266055,436.0,0.5317073170731708,146.0,0.9798657718120806,149.0,1.0,149.0,1.0,149.0,1.0136054421768708,206.0,0.0062030006204235,0.1697625272548042,104.0,102.0,0.0090532423603996,-0.0652311721160451,0.91092852788538,-0.4390402861831666,0.2385506392060586,0.48,0.46,0.51,0.535,0.795,1.0
139.0,0.9205298013245032,151.0,0.4015957446808511,376.0,2.7246376811594204,138.0,0.4035087719298245,144.0,0.4864864864864865,296.0,2.208955223880597,134.0,0.91156462585034,147.0,0.3983739837398374,204.0,-0.1549065242930197,0.1694614590135769,104.0,100.0,-0.1860785729255548,-0.2080572786059182,0.6474396284890257,-0.599755394744944,0.112996243070971,0.3,0.475,0.515,0.54,0.785,1.0
144.0,1.006993006993007,143.0,0.9662162162162162,148.0,0.9932885906040269,149.0,1.0067567567567568,146.0,0.20977011494252873,696.0,2.5494505494505493,273.0,2.022222222222222,135.0,0.9183673469387756,207.0,-0.2025519069451236,0.1377082028914294,105.0,102.0,-0.2239066741667648,-0.2536048078815268,0.4451362772970944,-0.5738913887739583,0.0192831232351672,0.365,0.47,0.515,0.54,0.8,1.0
138.0,0.4367088607594936,316.0,2.289855072463768,138.0,0.9324324324324323,148.0,1.0,151.0,1.0134228187919463,149.0,1.0205479452054795,146.0,0.9733333333333334,150.0,1.0273972602739727,198.0,-0.1333100688889771,0.1575214317131555,93.0,105.0,-0.1496577281900581,-0.2755720536046628,0.5795503746827845,-0.4754070139396258,0.0679699417720142,0.445,0.43,0.475,0.5,0.775,1.0
224.0,1.0,224.0,0.991150442477876,226.0,1.8225806451612905,124.0,0.5344827586206896,225.0,2.393617021276596,94.0,0.6482758620689655,145.0,1.6111111111111112,90.0,0.9473684210526316,231.0,-0.3720562725421067,0.1457310919603585,74.0,157.0,-0.3826352648231519,-0.4808823627766649,0.3961253432949961,-0.4420340081405993,-0.4233651079938512,0.295,0.31,0.325,0.34,0.365,1.0
111.0,0.5260663507109005,211.0,2.0288461538461537,104.0,0.5977011494252874,174.0,1.1012658227848102,129.0,0.671875,192.0,1.381294964028777,139.0,1.5108695652173914,92.0,0.368,169.0,-0.1119648555669822,0.2720590409570534,79.0,90.0,-0.2091278395463521,-0.2468887246455629,1.0147871893500686,-0.5304102652838275,0.2361330708477807,0.375,0.425,0.47,0.505,0.765,1.0
152.0,1.034013605442177,147.0,0.9932432432432432,148.0,1.0,148.0,0.2896281800391389,146.0,0.1655328798185941,882.0,3.6296296296296298,243.0,1.653061224489796,147.0,0.9932432432432432,202.0,-0.1446284079416588,0.143158068718882,100.0,102.0,-0.1413874824526037,-0.206159319962641,0.4929889727917881,-0.531653193427178,-0.0079681973647543,0.47,0.455,0.5,0.525,0.755,1.0
240.0,1.7647058823529411,136.0,0.9379310344827586,145.0,0.3950953678474114,367.0,2.759398496240601,396.0,0.9519230769230769,416.0,1.0558375634517767,394.0,2.962406015037594,133.0,0.93006993006993,376.0,-0.1850453981663855,0.1072023560664089,99.0,277.0,-0.1584658689906528,-0.2301219200838614,0.3838832811176333,-0.5499836053834244,-0.1089289384411903,0.195,0.21,0.265,0.28,0.395,1.0
146.0,0.9864864864864864,148.0,0.3915343915343915,378.0,1.3309859154929575,284.0,2.103703703703704,148.0,1.0136986301369864,146.0,0.9798657718120806,149.0,1.0067567567567568,148.0,0.2661870503597122,196.0,-0.2716889821176519,0.1336781618965451,93.0,103.0,-0.2664566751138242,-0.3062410811085544,0.2682505368795374,-0.6440927746728882,-0.0692486820649133,0.315,0.435,0.48,0.505,0.78,1.0
151.0,1.0486111111111112,144.0,1.0588235294117647,136.0,1.088,125.0,0.9541984732824428,149.0,1.3796296296296295,108.0,0.6,180.0,1.818181818181818,99.0,1.1123595505617978,195.0,-0.1797341960490456,0.2038450632007739,91.0,104.0,-0.1493597381329819,-0.2138703077541733,0.9407440848133656,-0.3694256345041807,-0.0516870806814627,0.275,0.43,0.47,0.505,0.755,1.0
128.0,1.1636363636363636,110.0,1.02803738317757,107.0,0.8045112781954887,133.0,0.51953125,85.0,0.3953488372093023,215.0,2.239583333333333,96.0,1.170731707317073,82.0,0.3813953488372093,132.0,-0.0809929750804561,0.3411664574692441,73.0,59.0,-0.1423393558647417,-0.1691345553500231,1.677060585391177,-0.193385726382269,-0.1032185490536918,0.29,0.455,0.555,0.605,0.94,1.0
219.0,2.305263157894737,95.0,0.4523809523809524,210.0,2.1875,96.0,0.4974093264248704,140.0,0.6060606060606061,231.0,1.064516129032258,217.0,1.8547008547008548,117.0,1.2857142857142858,165.0,-0.2037529905237639,0.1790823643719123,67.0,98.0,-0.2269153968009626,-0.2682690363195372,0.7739340501101978,-0.1320084861919757,0.0625222194999744,0.35,0.38,0.405,0.465,0.43,1.0
93.0,0.9117647058823528,102.0,1.2,85.0,0.9239130434782608,92.0,1.010989010989011,85.0,1.0365853658536586,82.0,0.9318181818181818,88.0,0.967032967032967,91.0,1.0963855421686748,120.0,-0.2290886921944198,0.2932632773481604,61.0,59.0,-0.2078235119008659,-0.2170049735817193,1.231205161948143,-0.2389356414430296,-0.1799463228980429,0.4,0.435,0.515,0.56,0.57,1.0
197.0,0.8716814159292036,226.0,1.1649484536082475,194.0,0.7918367346938775,245.0,1.0208333333333333,123.0,1.3085106382978724,94.0,1.0217391304347827,92.0,1.0952380952380951,84.0,1.0769230769230769,148.0,-0.4543420082545025,0.2016546092786113,62.0,86.0,-0.4055797102521691,-0.4898310926657558,0.6032034524958804,-0.5336404245834241,-0.2042329428097606,0.36,0.39,0.42,0.515,0.445,1.0
110.0,1.02803738317757,107.0,0.8045112781954887,133.0,0.51953125,256.0,1.0893617021276596,215.0,2.2395833333333335,96.0,1.170731707317073,82.0,0.3813953488372093,215.0,2.087378640776699,209.0,-0.2505510766246585,0.3191941933887668,59.0,150.0,-0.240871660322552,-0.2318584298798874,1.662044625148457,-0.4256607845175627,-0.3517296061293823,0.205,0.23,0.29,0.39,0.345,1.0
149.0,0.9738562091503268,153.0,1.02,150.0,0.9554140127388536,157.0,1.0129032258064516,149.0,0.9867549668874173,151.0,1.0,151.0,0.9869281045751634,153.0,0.3923076923076923,208.0,-0.1618215962361219,0.1633977803017568,104.0,104.0,-0.2083193595910643,-0.243464962032377,0.6374139362125876,-0.5670432410236985,-0.0344114201351973,0.425,0.455,0.505,0.53,0.75,1.0
215.0,2.239583333333333,96.0,1.170731707317073,82.0,0.3813953488372093,215.0,2.087378640776699,282.0,2.8484848484848486,99.0,1.1785714285714286,84.0,0.3888888888888889,216.0,2.1386138613861387,267.0,-0.2340878296997561,0.2261794726431266,70.0,197.0,-0.2527433678329115,-0.2732943050027846,1.1091977805260982,-0.5337784717547331,0.0423770872722503,0.15,0.205,0.265,0.295,0.42,1.0
152.0,1.0,152.0,0.3716381418092909,409.0,0.7463503649635036,548.0,2.0296296296296297,149.0,0.9867549668874173,151.0,1.0134228187919463,149.0,1.0205479452054795,146.0,0.9733333333333334,207.0,0.0130825158042128,0.1559670870206267,103.0,104.0,-0.0349677147947363,-0.0660508188928403,0.7544593284030674,-0.364191474123631,0.2728190868360461,0.295,0.455,0.505,0.53,0.78,1.0
126.0,1.2,105.0,0.9905660377358492,106.0,0.9298245614035088,114.0,1.0363636363636364,88.0,0.946236559139785,93.0,0.9117647058823528,102.0,1.2,85.0,0.9239130434782608,121.0,-0.2185009910922832,0.30062437691287,60.0,61.0,-0.183085761962233,-0.19,1.298872068859464,-0.1881791402433877,-0.1610702886089681,0.405,0.435,0.505,0.55,0.555,1.0
142.0,0.9726027397260274,146.0,0.9605263157894736,152.0,1.0555555555555556,144.0,1.0,147.0,0.40607734806629836,362.0,2.661764705882353,136.0,0.9066666666666666,150.0,0.3816793893129771,203.0,-0.1322563501539351,0.1828284309225929,101.0,102.0,-0.1775669368161073,-0.1981047131083217,0.7406342318295966,-0.5799602292416313,0.0887004975670752,0.29,0.445,0.5,0.525,0.75,1.0
148.0,1.0277777777777777,144.0,0.993103448275862,145.0,0.9797297297297296,148.0,0.9801324503311258,390.0,2.846715328467153,137.0,0.9133333333333332,150.0,0.3926701570680628,382.0,2.7681159420289854,377.0,-0.1653508043970852,0.1103562705502759,104.0,273.0,-0.2018456440313556,-0.2062550086736335,0.4826720919130168,-0.5040372663286292,-0.0774655305455177,0.245,0.255,0.28,0.295,0.4,1.0
149.0,0.9867549668874172,151.0,0.2439418416801292,619.0,2.495967741935484,248.0,1.7714285714285714,153.0,1.02,150.0,0.9554140127388536,157.0,1.0129032258064516,155.0,1.0333333333333334,211.0,-0.2267430825417938,0.157017658859339,104.0,107.0,-0.247035175879397,-0.2755314800473866,0.5431064529256999,-0.6609597116591153,0.0233264286463115,0.44,0.46,0.495,0.52,0.775,1.0
135.0,0.9246575342465754,146.0,0.9931972789115646,147.0,1.027972027972028,143.0,0.986206896551724,151.0,1.0272108843537415,147.0,1.013793103448276,145.0,1.0,145.0,0.9731543624161074,211.0,-0.154667422148276,0.1654213313365634,106.0,105.0,-0.1517165130212877,-0.2262888468055918,0.5646771491317266,-0.5850205360786191,0.0803517587939691,0.37,0.47,0.51,0.535,0.785,1.0
151.0,1.0,151.0,0.2439418416801292,619.0,2.476,250.0,1.7857142857142858,149.0,0.9867549668874173,151.0,0.993421052631579,152.0,1.0066225165562914,151.0,1.0134228187919463,207.0,-0.1644027878689863,0.141869975878084,103.0,104.0,-0.1817023079067957,-0.2265170846487946,0.5600688625815953,-0.5521406863880204,0.0566778558699636,0.29,0.465,0.5,0.525,0.79,1.0
380.0,2.695035460992908,141.0,0.9463087248322148,149.0,0.407103825136612,366.0,2.6142857142857143,362.0,2.742424242424242,132.0,0.8859060402684564,149.0,0.407103825136612,366.0,2.652173913043478,357.0,-0.2055368669618214,0.1296708493340099,104.0,253.0,-0.2089238526568545,-0.2275028053775478,0.5619782540437376,-0.5947868350562431,0.0909913138111436,0.175,0.275,0.295,0.31,0.45,1.0
150.0,1.020408163265306,147.0,0.9865771812080536,149.0,0.9802631578947368,152.0,1.034013605442177,144.0,0.972972972972973,148.0,1.0206896551724138,145.0,0.9731543624161074,149.0,0.5,207.0,-0.0152327706542683,0.1615578177643272,107.0,100.0,-0.0294405698469064,-0.0687243892170658,0.7304564391572418,-0.4611234145101701,0.2115944178082602,0.46,0.48,0.52,0.545,0.805,1.0
139.0,0.879746835443038,158.0,0.9753086419753086,162.0,1.08,150.0,1.4563106796116505,131.0,0.9492753623188406,138.0,0.9583333333333334,144.0,1.1338582677165354,127.0,1.2095238095238094,149.0,-0.1788464950538568,0.0961454900341631,58.0,91.0,-0.1364267676209878,-0.3126010241091674,0.09289655491084,-0.5519696754108111,-0.0559180464827055,0.21,0.335,0.39,0.43,0.68,1.0
140.0,0.9395973154362416,149.0,0.3850129198966408,387.0,2.8455882352941178,136.0,0.918918918918919,150.0,0.178359096313912,841.0,3.311023622047244,254.0,1.8405797101449275,138.0,0.9261744966442952,208.0,-0.161557872613491,0.1828629956122563,103.0,105.0,-0.1941638344778973,-0.2285395573395207,0.8054371156973625,-0.5716256850771331,-0.0037278052522125,0.425,0.445,0.5,0.525,0.74,1.0
151.0,0.3963254593175853,381.0,2.781021897810219,137.0,0.8954248366013072,153.0,1.0132450331125828,298.0,2.143884892086331,139.0,0.9084967320261438,153.0,1.02,150.0,1.0067114093959733,312.0,-0.2124636311450184,0.1186720737104193,104.0,208.0,-0.2041746892396216,-0.2590506913275083,0.4364227565491952,-0.5946534711573698,-0.0275942590429097,0.205,0.3,0.335,0.35,0.495,1.0
143.0,1.0070422535211268,142.0,0.3585858585858585,396.0,0.9519230769230768,416.0,1.0558375634517767,141.0,1.0,141.0,0.9724137931034482,145.0,0.9931506849315068,146.0,1.0138888888888888,199.0,-0.2013934856317041,0.1426897864383197,101.0,98.0,-0.2322201012010933,-0.2338387330172481,0.4097838162456811,-0.6028145490531104,0.0107393113678009,0.295,0.465,0.51,0.535,0.815,1.0
146.0,0.1642294713160854,889.0,3.986547085201794,223.0,1.5928571428571427,140.0,0.9333333333333332,145.0,0.3661616161616162,396.0,1.346938775510204,294.0,2.115107913669065,139.0,0.388268156424581,201.0,-0.1303043414454447,0.1498218734492755,100.0,101.0,-0.1327735736789064,-0.212713567839196,0.5689417114881508,-0.5426006365556582,0.1215766174236223,0.47,0.455,0.5,0.525,0.795,1.0
463.0,3.4044117647058822,136.0,0.951048951048951,143.0,1.0514705882352942,136.0,0.9645390070921984,144.0,1.006993006993007,143.0,0.959731543624161,149.0,1.0,149.0,1.0136054421768708,198.0,-0.2159964195059031,0.1710356561736455,98.0,100.0,-0.2491671783600199,-0.2892485595368755,0.6571533565928603,-0.6595873579774059,0.0150831031105211,0.43,0.45,0.5,0.525,0.785,1.0
586.0,1.260215053763441,465.0,0.9046692607003892,514.0,1.021868787276342,503.0,1.006,141.0,0.9791666666666666,144.0,0.9863013698630136,146.0,1.028169014084507,142.0,0.993006993006993,197.0,-0.1979356814137652,0.1428565869826021,99.0,98.0,-0.2093008282270878,-0.2766508005461934,0.4897800864804567,-0.567231364597582,0.0028332650932518,0.365,0.45,0.51,0.535,0.8,1.0
139.0,0.972027972027972,143.0,0.9930555555555556,144.0,1.0212765957446808,141.0,0.9724137931034482,146.0,1.0,146.0,0.9931972789115646,147.0,0.9932432432432432,148.0,1.0068027210884354,198.0,0.1267950934646448,0.1710912552410002,96.0,102.0,0.0957561134367256,0.065862984347459,1.0669247739929772,-0.3502791676310312,0.3231062973459603,0.335,0.445,0.49,0.515,0.75,1.0
151.0,1.0134228187919463,149.0,1.0205479452054795,146.0,0.9733333333333334,150.0,1.0273972602739727,153.0,0.425,360.0,2.6666666666666665,135.0,0.9246575342465754,146.0,0.4101123595505618,209.0,-0.1821278141767638,0.1576036797416113,102.0,107.0,-0.1569446856002466,-0.2731583469321872,0.4011236559477579,-0.6140301804360745,0.011909920611118,0.305,0.46,0.495,0.52,0.775,1.0
148.0,1.0,148.0,1.034965034965035,143.0,0.2440273037542662,586.0,1.260215053763441,147.0,1.013793103448276,145.0,1.0211267605633805,142.0,1.0070921985815602,141.0,0.9791666666666666,197.0,-0.1698210054135636,0.1583479513403304,95.0,102.0,-0.2025868980359703,-0.2089219741003521,0.540081401079391,-0.5126688500366263,0.0528199803654721,0.45,0.465,0.485,0.51,0.78,1.0
157.0,1.0608108108108107,148.0,0.4180790960451977,354.0,2.4755244755244754,143.0,0.9727891156462584,148.0,0.9801324503311258,151.0,1.0,151.0,0.360381861575179,419.0,0.5054282267792521,210.0,-0.0321048131697965,0.1641024278983572,107.0,103.0,-0.0763378881581934,-0.0827638190954773,0.8152788645491998,-0.4976970326734984,0.1768140376361492,0.36,0.47,0.515,0.54,0.76,1.0
366.0,2.6142857142857143,140.0,0.9523809523809524,147.0,0.9932432432432432,148.0,0.3449883449883449,366.0,2.652173913043478,138.0,0.9261744966442952,149.0,0.3962765957446808,376.0,2.7050359712230216,360.0,-0.1977142726507612,0.1301791279862836,104.0,256.0,-0.1773757007772536,-0.1762954825245419,0.5021633829544732,-0.5433618098245608,0.06916200302764,0.18,0.27,0.29,0.305,0.435,1.0
147.0,0.3788659793814433,388.0,2.771428571428572,140.0,0.4011461318051575,349.0,2.585185185185185,153.0,0.3974025974025974,385.0,2.851851851851852,135.0,0.9246575342465754,146.0,0.9798657718120806,205.0,-0.0644191592027549,0.1315512713453396,98.0,107.0,-0.0618874393901797,-0.0904952914783075,0.4900822513966335,-0.3627232409460655,0.1603505900807868,0.4,0.455,0.485,0.51,0.785,1.0
150.0,0.9933774834437086,151.0,1.0134228187919463,149.0,0.9933333333333332,150.0,0.9933774834437086,149.0,0.9867549668874173,151.0,1.0202702702702702,148.0,0.9932885906040269,149.0,1.0067567567567568,209.0,-0.1910219549807585,0.1766846229019355,105.0,104.0,-0.2462757597508515,-0.2684614362717387,0.7006193131183315,-0.5917257335900595,0.0656156335872605,0.435,0.465,0.505,0.53,0.785,1.0
148.0,0.9932885906040269,149.0,1.0136054421768708,147.0,1.0,147.0,1.0352112676056338,167.0,1.1843971631205674,141.0,0.9791666666666666,144.0,0.3720930232558139,387.0,2.8248175182481754,197.0,-0.1469149129155307,0.1430475614898047,81.0,116.0,-0.1023992867683175,-0.224274288760076,0.5720692786193725,-0.4960281079929503,0.0464385408911526,0.355,0.385,0.415,0.44,0.69,1.0
137.0,0.8954248366013072,153.0,1.06993006993007,143.0,0.959731543624161,149.0,1.0205479452054795,155.0,1.1481481481481481,135.0,0.9246575342465754,146.0,0.9931972789115646,147.0,1.027972027972028,208.0,-0.2360349776904279,0.2572840109516718,100.0,108.0,0.049962936965635,-0.1028928924246735,0.6039562061887266,-0.3586583724049226,0.0606845879418535,0.38,0.435,0.485,0.51,0.725,1.0
142.0,0.9342105263157896,152.0,1.0482758620689656,145.0,0.9931506849315068,146.0,0.9668874172185432,536.0,2.310344827586207,232.0,1.6571428571428573,140.0,0.9395973154362416,149.0,0.3850129198966408,478.0,-0.1900592467409702,0.0977312328006321,103.0,375.0,-0.0730768968031225,-0.2078193261168812,0.3635901718695939,-0.5332469514893206,-0.0850884461273382,0.13,0.195,0.22,0.23,0.32,1.0
149.0,0.1308165057067603,1139.0,4.846808510638298,235.0,1.715328467153285,137.0,0.9513888888888888,143.0,0.2440273037542662,586.0,1.260215053763441,465.0,0.9046692607003892,514.0,1.021868787276342,203.0,-0.1781846171587714,0.1655689073228048,103.0,100.0,-0.2155962960010226,-0.2391262902375659,0.6988310622438734,-0.5469433330613309,0.0396096779163819,0.305,0.47,0.515,0.54,0.805,1.0
225.0,1.6544117647058822,136.0,0.9577464788732394,142.0,0.3837837837837838,370.0,2.740740740740741,145.0,0.9931506849315068,146.0,0.9864864864864864,148.0,1.0,148.0,1.0277777777777777,200.0,-0.2074036880626739,0.1317914043528967,99.0,101.0,-0.1949800892246425,-0.2480799532553975,0.269759907618534,-0.5948999061230499,0.0331411394280599,0.33,0.47,0.505,0.525,0.785,1.0
151.0,1.0134228187919463,149.0,0.9867549668874172,151.0,0.961783439490446,157.0,1.0466666666666666,156.0,1.0129870129870129,154.0,1.013157894736842,152.0,1.0066225165562914,151.0,1.0134228187919463,207.0,-0.1764390225790263,0.1692286232500716,98.0,109.0,-0.2167438246029527,-0.2391574220369416,0.6240643687567952,-0.5554016593036275,0.0891898687345533,0.33,0.435,0.475,0.505,0.77,1.0
135.0,0.9926470588235294,136.0,1.1239669421487604,121.0,1.0341880341880345,117.0,1.2061855670103092,117.0,0.9512195121951219,123.0,1.0423728813559323,118.0,0.9291338582677166,127.0,0.9921875,157.0,0.0550428646722432,0.2578971687584797,76.0,81.0,0.0217562052949395,-0.0097506674301184,1.6374642186402928,0.074797290993347,0.0782525465906898,0.43,0.445,0.485,0.525,0.81,1.0
262.0,1.8985507246376807,138.0,0.9517241379310344,145.0,0.9797297297297296,148.0,1.034965034965035,149.0,0.2876447876447876,518.0,2.1316872427983538,243.0,1.8,135.0,0.906040268456376,205.0,-0.138218199233704,0.1588692228747667,101.0,104.0,-0.1799554772262815,-0.2091741654511056,0.5938673039748166,-0.5086414336826421,0.1146681724375224,0.295,0.445,0.495,0.525,0.78,1.0
145.0,0.4769736842105263,304.0,2.1870503597122304,139.0,0.9205298013245032,151.0,0.4015957446808511,146.0,0.9798657718120806,149.0,1.0347222222222223,144.0,0.4864864864864865,296.0,2.208955223880597,200.0,-0.1647062383173357,0.1619297513270702,98.0,102.0,-0.1964082927411125,-0.210112140034464,0.5868563821099733,-0.5496321075793146,0.1152961277834234,0.28,0.46,0.495,0.52,0.775,1.0
131.0,0.891156462585034,147.0,0.392,375.0,2.840909090909091,132.0,0.9166666666666666,142.0,0.36787564766839376,386.0,2.880597014925373,134.0,0.9305555555555556,144.0,1.0212765957446808,197.0,-0.0786142788728093,0.1293463328607611,98.0,99.0,-0.0976489384262134,-0.1146888210252624,0.4668800003852342,-0.4727746413638555,0.1103878872472978,0.305,0.46,0.5,0.525,0.81,1.0
148.0,1.0206896551724138,145.0,0.935483870967742,155.0,1.0763888888888888,144.0,0.9290322580645162,146.0,1.042857142857143,140.0,0.9859154929577464,142.0,0.9726027397260274,146.0,0.9605263157894736,203.0,-0.2972921549846051,0.1576614103257824,101.0,102.0,-0.2767216056940141,-0.3755758532967993,0.3531222381709202,-0.6683677469038203,0.0521663329509288,0.32,0.465,0.5,0.525,0.8,1.0
92.0,1.022222222222222,90.0,0.8181818181818182,110.0,0.4489795918367347,245.0,1.206896551724138,191.0,1.819047619047619,105.0,0.75,140.0,0.7368421052631579,190.0,0.964467005076142,198.0,-0.1569375131147217,0.1447707910139574,65.0,133.0,-0.2276576073038832,-0.3285626867545941,0.8563736586990666,-0.1963318181134923,-0.1740513351388825,0.28,0.305,0.325,0.375,0.43,1.0
165.0,1.13013698630137,146.0,0.8390804597701149,174.0,1.12987012987013,154.0,1.0694444444444444,182.0,2.022222222222222,90.0,0.743801652892562,121.0,1.0521739130434782,115.0,0.6647398843930635,186.0,-0.2360389609897696,0.1584857350549776,59.0,127.0,-0.1386494076091438,-0.1899763733051094,0.6481097930445823,-0.1463333836340476,-0.1463333836340476,0.285,0.3,0.32,0.36,0.36,1.0
152.0,0.987012987012987,154.0,0.2383900928792569,646.0,1.2029795158286778,537.0,1.7959866220735785,144.0,0.96,150.0,0.9803921568627452,153.0,1.0337837837837838,148.0,1.0136986301369864,204.0,-0.1779713427551264,0.1381569726491749,104.0,100.0,-0.1892063990989696,-0.2171920971025508,0.4654776834783052,-0.5178369131716315,0.0276468859942816,0.475,0.465,0.515,0.54,0.795,1.0
149.0,1.0067567567567568,148.0,0.9932885906040269,149.0,0.9867549668874172,151.0,1.0134228187919463,638.0,2.5217391304347827,253.0,1.8071428571428567,140.0,0.9523809523809524,147.0,1.0,552.0,-0.0312897202535673,0.1168251602459349,106.0,446.0,-0.015,-0.0102347982091797,0.7377467557497807,-0.2331926039970484,0.2496011776978749,0.14,0.165,0.195,0.205,0.285,1.0
147.0,1.0068493150684932,146.0,0.3872679045092838,377.0,2.712230215827338,139.0,0.9328859060402684,147.0,0.3983739837398374,369.0,2.5985915492957745,142.0,0.9342105263157896,152.0,1.0482758620689656,203.0,-0.167718612167848,0.1346868942982692,101.0,102.0,-0.2023366834170855,-0.215280081338231,0.3872367925033061,-0.5707869027004007,0.0433256308574001,0.28,0.46,0.5,0.525,0.8,1.0
119.0,1.1121495327102804,107.0,0.9553571428571428,112.0,0.991150442477876,113.0,0.9741379310344828,75.0,0.4166666666666667,180.0,1.512605042016807,119.0,1.0530973451327434,113.0,1.0,105.0,0.2143490371942476,0.5694217322989228,53.0,52.0,0.7709912767259169,-0.1315510835052344,2.1090511406673658,-1.0842603339883607,0.5365972463897637,0.275,0.465,0.505,0.565,0.86,1.0
152.0,1.0066225165562914,151.0,0.993421052631579,152.0,1.027027027027027,148.0,0.3814432989690721,148.0,0.9932885906040269,149.0,0.9738562091503268,153.0,1.006578947368421,152.0,0.9681528662420382,210.0,-0.0437822819850369,0.1682832525086822,107.0,103.0,-0.0789078360618097,-0.1087314737186278,0.8310567481125093,-0.4461374630006822,0.2339612884242397,0.455,0.48,0.515,0.54,0.77,1.0
135.0,1.007462686567164,134.0,1.0387596899224807,129.0,0.9847328244274808,131.0,1.0,107.0,1.1145833333333333,96.0,1.0434782608695652,92.0,0.8363636363636363,110.0,1.0091743119266054,141.0,-0.4404505131719826,0.261512745934322,67.0,74.0,-0.4492959089442711,-0.4611049055352172,1.038459811192638,-0.4634934557560128,-0.4164016937595043,0.39,0.415,0.48,0.52,0.525,1.0
204.0,2.01980198019802,101.0,0.5024875621890548,201.0,2.161290322580645,93.0,0.4407582938388625,197.0,2.095744680851064,94.0,0.4541062801932367,207.0,2.25,92.0,0.4717948717948718,207.0,-0.011235920388039,0.1086305811593271,70.0,137.0,0.0168623142491315,-0.0626170759809975,0.7413906297796045,0.0328882247388026,0.2051216085107219,0.3,0.315,0.335,0.405,0.355,1.0
110.0,1.0,110.0,1.0,110.0,1.0185185185185186,108.0,1.0384615384615383,123.0,1.1081081081081081,111.0,1.018348623853211,109.0,1.0380952380952382,105.0,0.9545454545454546,149.0,-0.3531625954826266,0.4957266173333265,63.0,86.0,-0.3053647756442478,-0.6256123701381208,1.9345861880834927,-1.038651949804595,0.1625879299575262,0.245,0.38,0.425,0.47,0.735,1.0
135.0,0.9375,144.0,0.3977900552486187,362.0,2.6423357664233578,137.0,0.958041958041958,331.0,2.4160583941605838,137.0,0.9647887323943662,142.0,0.3977591036414565,357.0,2.6444444444444444,322.0,-0.2806175258828126,0.1022773973563127,91.0,231.0,-0.2424729510430752,-0.2741762423750472,0.2932057962549418,-0.5309322977974426,-0.1882203894098584,0.2,0.255,0.285,0.3,0.43,1.0
150.0,0.9933774834437086,151.0,1.0272108843537415,147.0,0.9932432432432432,148.0,0.9736842105263158,151.0,1.0134228187919463,149.0,1.0205479452054795,146.0,0.9798657718120806,149.0,1.0347222222222223,200.0,0.0044798831245986,0.168716422158708,95.0,105.0,-0.0088428073361401,-0.0281571040478673,0.8557433448438282,-0.3946282168084702,0.2596081260340099,0.375,0.455,0.475,0.5,0.775,1.0
138.0,0.9324324324324323,148.0,0.3844155844155844,385.0,2.9166666666666665,132.0,0.9041095890410958,148.0,1.0136986301369864,146.0,1.0,146.0,0.9864864864864864,148.0,0.3915343915343915,205.0,-0.1725409170956244,0.1261270771298252,102.0,103.0,-0.1957247264929302,-0.2320491007309629,0.3164320986705172,-0.5247821019661035,0.0443992889532321,0.355,0.445,0.5,0.525,0.785,1.0
144.0,0.972972972972973,148.0,1.0068027210884354,147.0,1.0068493150684932,146.0,0.3967391304347826,149.0,1.0067567567567568,148.0,1.0277777777777777,144.0,0.9863013698630136,146.0,0.3403263403263403,199.0,-0.2231057964484445,0.1375799031282887,95.0,104.0,-0.2494342867528711,-0.2802285097572204,0.3279511148936018,-0.6079251342122821,0.016107279838375,0.425,0.445,0.485,0.51,0.785,1.0
148.0,0.9801324503311258,151.0,1.0413793103448277,145.0,0.9931506849315068,146.0,0.2487223168654173,144.0,0.993103448275862,145.0,1.0,145.0,1.0069444444444444,144.0,1.006993006993007,205.0,-0.0700875198551198,0.154175007436515,105.0,100.0,-0.0979814944768858,-0.132004921257806,0.6137748047466963,-0.4064089835873405,0.0813406537024392,0.315,0.46,0.515,0.54,0.79,1.0
89.0,0.9888888888888888,90.0,0.9183673469387756,98.0,0.4622641509433962,212.0,1.145945945945946,232.0,2.4166666666666665,96.0,0.9320388349514565,103.0,0.4577777777777778,225.0,2.5,248.0,-0.1240007963172342,0.1030143515521306,86.0,162.0,-0.0070432093651359,-0.205537264679702,0.7226017907273359,-0.2262876549220187,-0.0717772700323682,0.215,0.335,0.35,0.365,0.475,1.0
172.0,1.017751479289941,169.0,1.1342281879194631,149.0,0.8662790697674418,172.0,1.1096774193548389,182.0,1.956989247311828,93.0,0.458128078817734,203.0,1.5984251968503935,127.0,0.6649214659685864,194.0,-0.1722325969632037,0.1157355014185253,67.0,127.0,-0.1869178107639081,-0.3012400565622898,0.5448076714371888,-0.1102234519426617,-0.1102234519426617,0.305,0.33,0.35,0.37,0.37,1.0
147.0,1.0208333333333333,144.0,0.375,384.0,2.762589928057554,139.0,0.9266666666666666,145.0,0.9931506849315068,146.0,1.006896551724138,145.0,0.9797297297297296,148.0,0.9801324503311258,208.0,-0.1687573819323906,0.1555778227174623,107.0,101.0,-0.1479418715042439,-0.2510643893803889,0.5064503250150745,-0.529745089167852,0.1350536657607633,0.475,0.445,0.515,0.54,0.795,1.0
213.0,0.9508928571428572,224.0,1.0,224.0,0.991150442477876,226.0,1.8225806451612905,106.0,0.4711111111111111,225.0,2.393617021276596,94.0,0.6482758620689655,145.0,1.6111111111111112,136.0,-0.2508544280620107,0.2630562496281475,62.0,74.0,-0.2451088946064568,-0.2989881741823364,0.9636154822917656,-0.2980182596449667,0.0632399091538757,0.24,0.425,0.455,0.525,0.485,1.0
398.0,2.926470588235294,136.0,0.9251700680272108,147.0,0.98,150.0,1.0,372.0,2.6013986013986012,143.0,0.9662162162162162,148.0,1.0277777777777777,144.0,0.9863013698630136,360.0,-0.0571073777322677,0.1061621277206701,100.0,260.0,-0.0545953706600693,-0.1005089838674695,0.5682467960512608,-0.3954690491122168,0.0431935069896279,0.215,0.25,0.28,0.295,0.415,1.0
154.0,1.375,112.0,0.7777777777777778,144.0,1.2857142857142858,112.0,0.4933920704845815,153.0,1.3421052631578947,114.0,0.4956521739130435,230.0,2.072072072072072,111.0,0.5068493150684932,188.0,-0.0623907794178726,0.1770428637871632,81.0,107.0,-0.0499840783794098,-0.1663631562136719,0.93350910963841,-0.4500844235730982,0.0742383053087718,0.23,0.395,0.435,0.47,0.74,1.0
346.0,2.489208633093525,139.0,0.3904494382022472,356.0,2.579710144927536,138.0,0.9261744966442952,152.0,1.0704225352112675,142.0,0.9861111111111112,144.0,0.3645569620253164,395.0,2.9477611940298507,202.0,-0.1619319021557355,0.1513741606312062,96.0,106.0,-0.1629396984924621,-0.2176155399618744,0.6512549999058224,-0.5549848672624087,0.0627240625312188,0.3,0.455,0.48,0.5,0.755,1.0
88.0,0.946236559139785,93.0,0.9117647058823528,102.0,1.2,85.0,0.9239130434782608,88.0,1.035294117647059,85.0,1.0365853658536586,82.0,0.9318181818181818,88.0,0.967032967032967,123.0,-0.2565473795808703,0.272129701612369,62.0,61.0,-0.2082470457690102,-0.2403169412724144,1.1939333719254694,-0.2403055417790698,-0.2403055417790698,0.265,0.45,0.51,0.555,0.555,1.0
288.0,2.149253731343284,134.0,0.9054054054054054,148.0,1.0206896551724138,145.0,1.0211267605633805,149.0,1.0,149.0,0.9933333333333332,150.0,0.4310344827586206,348.0,2.5035971223021583,205.0,-0.0867876411513952,0.1699120621675472,101.0,104.0,-0.1003577854908304,-0.1542980049326441,0.7084180967535334,-0.5490812270460902,0.1875627730189523,0.395,0.445,0.495,0.52,0.77,1.0
156.0,1.033112582781457,151.0,0.3094262295081967,488.0,1.6105610561056103,303.0,2.1041666666666665,151.0,1.0272108843537415,147.0,0.9932432432432432,148.0,0.9736842105263158,152.0,0.987012987012987,210.0,-0.0921351274331693,0.1673712092494837,105.0,105.0,-0.1252354548928136,-0.1663015367052608,0.7729017598830987,-0.4684656328402083,0.1452092709726048,0.3,0.445,0.505,0.535,0.765,1.0
136.0,0.951048951048951,143.0,1.0514705882352942,136.0,0.9645390070921984,141.0,0.9791666666666666,143.0,0.959731543624161,149.0,1.0,149.0,1.0136054421768708,147.0,0.4106145251396648,200.0,-0.2197315724942863,0.1710982245993495,100.0,100.0,-0.2500428261670037,-0.2699571876791983,0.6127432423837192,-0.6911283372695345,0.005,0.445,0.47,0.505,0.53,0.81,1.0
152.0,1.0133333333333334,150.0,0.986842105263158,152.0,0.4935064935064935,308.0,2.264705882352941,153.0,1.0132450331125828,151.0,0.4778481012658228,316.0,2.289855072463768,138.0,0.9078947368421052,206.0,-0.2120978478676699,0.1484937619545566,99.0,107.0,-0.2620185796239135,-0.2818569203703763,0.5023005668622618,-0.5131502287003941,-0.0050440021163156,0.41,0.435,0.485,0.51,0.73,1.0
147.0,1.0068493150684932,146.0,0.9931972789115646,147.0,1.013793103448276,145.0,0.9666666666666668,370.0,2.7007299270072993,137.0,0.9072847682119204,151.0,0.3891752577319587,388.0,2.8529411764705883,357.0,-0.2206554989522965,0.1167870599882377,98.0,259.0,-0.1861782043825953,-0.2265911650739615,0.5017960713071736,-0.5762161688780914,-0.1107031269728248,0.19,0.255,0.275,0.29,0.405,1.0
98.0,1.0888888888888888,90.0,1.0843373493975903,83.0,0.9651162790697676,86.0,0.9772727272727272,90.0,1.0588235294117647,85.0,1.011904761904762,84.0,0.9333333333333332,90.0,1.0227272727272727,125.0,-0.1929618192659688,0.2916372777602309,63.0,62.0,-0.1529982076947534,-0.1590061807302475,1.3805229826115082,-0.2985427785542783,-0.09567207692882,0.28,0.46,0.51,0.64,0.555,1.0
151.0,0.9805194805194806,154.0,1.0476190476190477,147.0,1.0,147.0,0.9865771812080536,149.0,1.0067567567567568,148.0,1.0277777777777777,,0.993103448275862,145.0,0.9797297297297296,209.0,-0.2677525422360369,0.161837604239218,105.0,104.0,-0.2190325715073108,-0.301605391757989,0.473995159400846,-0.6743723396684763,-0.0382714530669133,0.48,0.465,0.51,0.535,0.785,1.0
148.0,0.9801324503311258,151.0,0.3784461152882205,399.0,1.4,285.0,2.0357142857142856,382.0,2.7681159420289854,138.0,0.92,150.0,0.986842105263158,152.0,1.034013605442177,372.0,-0.2159629973503719,0.100312404748463,105.0,267.0,-0.1888903835705432,-0.236609608434942,0.2453903848446167,-0.4932973901915735,-0.1085200074687336,0.18,0.25,0.285,0.3,0.415,1.0
621.0,1.9467084639498435,319.0,2.2949640287769784,139.0,0.9391891891891893,148.0,0.9801324503311258,148.0,0.9673202614379085,153.0,0.4297752808988764,356.0,2.5428571428571427,140.0,0.9333333333333332,206.0,-0.1575207450971991,0.1687947963949977,103.0,103.0,-0.21248329349701,-0.2196508366997011,0.6086666068338412,-0.6342541706400364,0.0790569055392656,0.28,0.46,0.505,0.525,0.765,1.0
140.0,0.8974358974358975,156.0,1.0129870129870129,154.0,1.013157894736842,152.0,1.0066225165562914,150.0,0.27932960893854747,537.0,2.452054794520548,219.0,1.5755395683453235,139.0,0.9328859060402684,213.0,-0.1810728807700015,0.1651319955582857,108.0,105.0,-0.2253115640927551,-0.2192044138797613,0.6628930836983034,-0.6050226296317527,0.0950484142399948,0.45,0.475,0.51,0.535,0.775,1.0
147.0,0.3909574468085106,376.0,2.685714285714285,140.0,0.3783783783783784,370.0,2.7007299270072997,147.0,1.0,147.0,1.0352112676056338,142.0,0.3497536945812808,406.0,0.7463235294117647,206.0,-0.228026048325715,0.1173542657936321,104.0,102.0,-0.1399453315408578,-0.1765468796335115,0.3121488527672513,-0.4724482576371519,-0.0622018329000586,0.46,0.48,0.51,0.535,0.8,1.0
143.0,0.3950276243093922,362.0,2.6423357664233578,137.0,0.9256756756756755,148.0,0.3967828418230563,147.0,1.013793103448276,145.0,0.3961748633879781,366.0,2.652173913043478,138.0,0.913907284768212,205.0,-0.2676066389224832,0.1465865541176464,103.0,102.0,-0.2566630262171052,-0.2893430491987238,0.4034789213264664,-0.6749952608568783,-0.0939472209362052,0.3,0.48,0.51,0.535,0.79,1.0
137.0,0.9072847682119204,151.0,1.0134228187919463,149.0,1.0205479452054795,146.0,0.9798657718120806,147.0,0.9735099337748344,151.0,1.0272108843537415,147.0,0.3,490.0,1.828358208955224,204.0,-0.1750514140785426,0.1375453101570991,102.0,102.0,-0.186868270323517,-0.2180432669896816,0.3516592711947988,-0.5114989188373547,0.0783310431745503,0.465,0.445,0.505,0.53,0.78,1.0
95.0,0.37109375,256.0,1.3763440860215057,186.0,0.8532110091743119,218.0,0.9478260869565216,208.0,0.9952153110047847,209.0,2.13265306122449,98.0,0.4317180616740088,227.0,2.292929292929293,206.0,-0.2068187314309333,0.0765818995168164,61.0,145.0,-0.1614407174513449,-0.2287283078887094,0.2591167018077519,-0.100509498610604,-0.100509498610604,0.26,0.28,0.3,0.32,0.32,1.0
150.0,0.4143646408839779,362.0,2.701492537313433,134.0,0.9178082191780822,146.0,0.9798657718120806,151.0,1.0272108843537415,147.0,0.3838120104438642,383.0,2.795620437956204,137.0,0.9319727891156464,208.0,-0.1716998140523596,0.1418515569370614,103.0,105.0,-0.1823042011650918,-0.231421779525158,0.4654835953021474,-0.5433080335032658,0.0694111734793796,0.415,0.47,0.5,0.525,0.79,1.0
123.0,0.6180904522613065,199.0,1.5793650793650793,126.0,0.6666666666666666,189.0,1.96875,172.0,1.5221238938053097,113.0,0.653179190751445,173.0,1.4661016949152543,118.0,0.6555555555555556,176.0,-0.1801933017377009,0.1857975235692864,56.0,120.0,-0.2903020359878706,-0.3523672785560849,1.0103950453656123,-0.3026864548351642,-0.2538336581568219,0.25,0.295,0.32,0.39,0.365,1.0
150.0,1.0273972602739727,146.0,0.9605263157894736,152.0,1.0,152.0,1.0482758620689656,147.0,0.9865771812080537,149.0,1.0275862068965518,145.0,0.9931506849315068,146.0,0.9605263157894736,201.0,-0.0982457396793936,0.132013402244263,99.0,102.0,-0.116144820530232,-0.1718413041305576,0.5142643586991997,-0.4602588283902852,0.0738760048570369,0.455,0.44,0.495,0.52,0.815,1.0
147.0,0.98,150.0,0.313152400835073,479.0,0.5994993742177722,799.0,3.504385964912281,146.0,1.0,146.0,0.9798657718120806,149.0,1.0347222222222223,144.0,0.979591836734694,204.0,-0.1559166989930187,0.1460118410252331,102.0,102.0,-0.1849183171295642,-0.2022910139870663,0.5456636624303056,-0.5443299569250397,0.0628817230283378,0.3,0.47,0.505,0.53,0.785,1.0
147.0,1.027972027972028,143.0,0.446875,320.0,2.302158273381295,139.0,0.9144736842105264,149.0,1.0205479452054795,146.0,1.006896551724138,145.0,1.0431654676258992,139.0,0.952054794520548,199.0,-0.0063505654638854,0.1412827699211544,95.0,104.0,-0.0292168745174217,-0.0476933789578107,0.5678691793143094,-0.3528920258918109,0.2397786871835455,0.42,0.44,0.485,0.51,0.775,1.0
279.0,2.051470588235294,136.0,0.4059701492537313,335.0,2.5572519083969465,131.0,0.8972602739726028,150.0,0.40431266846361186,371.0,2.748148148148148,135.0,0.3846153846153846,351.0,2.525179856115108,205.0,-0.200218840334089,0.1355605834264914,100.0,105.0,-0.1862991856413374,-0.2308760455189148,0.2439016703459233,-0.5609170573521103,-0.0223637192583914,0.31,0.445,0.495,0.52,0.76,1.0
162.0,0.9759036144578314,166.0,0.976470588235294,170.0,1.0179640718562877,167.0,1.091503267973856,139.0,1.5795454545454546,88.0,0.8073394495412844,109.0,1.068627450980392,102.0,1.00990099009901,163.0,-0.0723869308843756,0.1617906611572147,66.0,97.0,-0.0568156057299021,-0.2481833201134164,1.0017217704551955,-0.0269253710441847,0.2262234545318416,0.34,0.38,0.405,0.48,0.435,1.0
369.0,2.6739130434782608,138.0,0.9261744966442952,149.0,0.3810741687979539,391.0,2.8129496402877696,148.0,1.0068027210884354,147.0,1.0068493150684932,146.0,0.3967391304347826,368.0,2.6099290780141846,203.0,-0.1411121758351391,0.1615931560420567,100.0,103.0,-0.1704382883065239,-0.2082518170577586,0.6518059707535528,-0.5321649842376321,0.1568886748989459,0.335,0.45,0.495,0.52,0.775,1.0
149.0,0.9867549668874172,151.0,1.0066666666666666,150.0,0.986842105263158,152.0,0.9934640522875816,146.0,0.9668874172185431,151.0,0.967948717948718,156.0,1.033112582781457,151.0,1.0134228187919463,204.0,-0.1785850422160233,0.153903105916286,102.0,102.0,-0.1923598639037897,-0.2281688557489617,0.6046429848141696,-0.5674649572896984,0.0414602294018537,0.3,0.43,0.505,0.53,0.79,1.0
143.0,0.2440273037542662,586.0,1.260215053763441,465.0,0.9046692607003892,514.0,1.021868787276342,142.0,1.0070921985815602,141.0,0.9791666666666666,144.0,0.9863013698630136,146.0,1.028169014084507,200.0,-0.1766641894735788,0.1870507227316433,101.0,99.0,-0.2041986535994489,-0.2128013547080557,0.6924041222779558,-0.5751916723668765,0.0258015402466568,0.455,0.47,0.505,0.53,0.805,1.0
147.0,1.0068493150684932,146.0,1.0,146.0,1.020979020979021,143.0,0.9727891156462584,543.0,1.347394540942928,403.0,2.8992805755395685,139.0,0.952054794520548,146.0,0.9798657718120806,484.0,-0.0743669805546573,0.112402975653799,104.0,380.0,-0.1167180013093255,-0.1023493879278436,0.7238812627775008,-0.5008577319914616,0.0630412027986423,0.18,0.2,0.215,0.225,0.31,1.0
146.0,0.9798657718120806,149.0,0.3104166666666667,480.0,1.7391304347826086,276.0,2.0,147.0,0.40384615384615385,364.0,2.5815602836879434,141.0,0.986013986013986,143.0,0.3844086021505376,200.0,-0.008132599048492,0.1404759511656859,98.0,102.0,-0.0220803160246986,-0.055,0.6454020093543557,-0.4085175056976198,0.221161124972616,0.34,0.44,0.495,0.52,0.785,1.0
142.0,1.0142857142857142,140.0,0.358974358974359,390.0,1.387900355871886,281.0,2.051094890510949,144.0,0.9664429530201343,149.0,1.0347222222222223,144.0,0.9664429530201344,149.0,0.9933333333333332,200.0,-0.2019858848803231,0.142036413054147,100.0,100.0,-0.2153825139630785,-0.2488087596334839,0.4766769774375702,-0.6455736047923177,-0.0377642746964675,0.425,0.455,0.505,0.525,0.765,1.0
320.0,2.302158273381295,139.0,0.9144736842105264,152.0,1.0482758620689656,145.0,0.9931506849315068,145.0,1.0431654676258992,139.0,0.952054794520548,146.0,0.9798657718120806,149.0,1.0205479452054795,203.0,-0.0806675955895323,0.136550369581522,102.0,101.0,-0.0913419814024701,-0.1220914413083927,0.4398127215964966,-0.4995507455364477,0.1253582598783443,0.37,0.465,0.51,0.53,0.785,1.0
146.0,0.3792207792207792,385.0,0.7475728155339806,515.0,1.7697594501718212,291.0,2.171641791044776,148.0,1.0,148.0,1.0206896551724138,145.0,0.9931506849315068,146.0,1.0138888888888888,202.0,-0.1164495408527059,0.1579862825411922,99.0,103.0,-0.1521459966323109,-0.1590946277618186,0.6364413074795081,-0.5422541697075748,0.0973840292066725,0.45,0.46,0.495,0.52,0.77,1.0
153.0,1.0132450331125828,151.0,1.0272108843537415,147.0,0.4164305949008499,353.0,2.451388888888889,150.0,1.0067114093959733,149.0,0.4104683195592286,363.0,2.556338028169014,142.0,0.922077922077922,212.0,-0.1765872347419023,0.1483467162813442,107.0,105.0,-0.2023190148842826,-0.222295824726552,0.4617626755541679,-0.5248616575377376,0.0640813419205949,0.455,0.475,0.51,0.535,0.79,1.0
150.0,1.0135135135135136,148.0,1.034965034965035,143.0,0.3666666666666666,390.0,2.977099236641221,367.0,2.7388059701492535,134.0,0.9571428571428572,140.0,0.3846153846153846,364.0,2.656934306569343,356.0,-0.3095374299692202,0.1296650801361306,100.0,256.0,-0.303839267311862,-0.2609752489971753,0.426218744539389,-0.676355600247022,-0.1327518713222475,0.22,0.265,0.285,0.3,0.42,1.0
139.0,0.9084967320261438,153.0,1.0337837837837838,148.0,0.9801324503311258,151.0,0.1753774680603949,146.0,1.0,146.0,1.0,146.0,0.948051948051948,154.0,1.0198675496688745,208.0,0.0580343565563299,0.1576561786453624,106.0,102.0,0.044920791208654,-0.0230487651669041,0.7718864715524306,-0.3167450340193605,0.2623720698141461,0.485,0.47,0.515,0.54,0.795,1.0
146.0,1.0354609929078014,141.0,0.436532507739938,323.0,2.3576642335766422,137.0,0.9133333333333332,570.0,2.511013215859031,227.0,1.6214285714285714,140.0,0.9523809523809524,147.0,1.0208333333333333,504.0,-0.0619587553481224,0.1128721882694238,105.0,399.0,-0.0222869963047369,-0.0544896944853137,0.6793880736349425,-0.4298766303137607,0.1312313875456564,0.195,0.19,0.21,0.22,0.31,1.0
352.0,2.5323741007194243,139.0,0.9266666666666666,150.0,1.0067114093959733,149.0,0.9933333333333332,147.0,0.9865771812080537,149.0,1.0067567567567568,148.0,0.2556131260794473,579.0,2.5283842794759823,204.0,-0.1929974807033195,0.1520202585475836,102.0,102.0,-0.2224987003049388,-0.2647473910392225,0.574750543858825,-0.6237645430755665,0.0227411909242472,0.33,0.44,0.505,0.53,0.77,1.0
154.0,1.0198675496688745,151.0,1.0134228187919463,149.0,0.2430668841761827,613.0,2.5541666666666667,145.0,0.2645985401459854,548.0,1.728706624605678,317.0,2.348148148148148,135.0,0.9246575342465754,207.0,-0.151670412751848,0.1450405496149387,106.0,101.0,-0.1769549520737336,-0.207362372632596,0.5131494323049594,-0.5113908226473821,0.1140509293564343,0.47,0.46,0.515,0.54,0.79,1.0
149.0,1.0205479452054795,146.0,1.006896551724138,145.0,0.9797297297297296,148.0,1.0206896551724138,147.0,1.027972027972028,143.0,0.986206896551724,145.0,0.9931506849315068,146.0,1.042857142857143,204.0,-0.2046358727238504,0.2278452827852612,102.0,102.0,-0.0592462277463657,-0.4131447679559567,0.379273609462791,-0.6787226331901017,0.0115554659213721,0.36,0.445,0.51,0.53,0.785,1.0
149.0,0.5,298.0,2.143884892086331,139.0,0.9084967320261438,153.0,1.02,146.0,0.4112676056338028,355.0,2.4482758620689653,145.0,0.9415584415584416,154.0,1.0335570469798658,204.0,-0.1680595561333805,0.1491054467785958,102.0,102.0,-0.1883748513747011,-0.2194251148907166,0.5076011079514471,-0.5511097867582078,0.0642260821431996,0.295,0.445,0.505,0.53,0.785,1.0
148.0,1.0206896551724138,145.0,0.9797297297297296,148.0,0.3957219251336898,374.0,2.6906474820143886,147.0,0.3838120104438642,383.0,2.77536231884058,138.0,0.92,150.0,1.048951048951049,207.0,-0.1303238297714146,0.1720320211689792,105.0,102.0,-0.1433119993490799,-0.1481118688586211,0.630107924053519,-0.4962908086462937,0.0201909136110715,0.465,0.475,0.51,0.54,0.825,1.0
143.0,0.3666666666666666,390.0,2.977099236641221,131.0,0.8791946308724832,149.0,1.0136054421768708,140.0,0.38461538461538464,364.0,2.656934306569343,137.0,0.9256756756756755,148.0,1.049645390070922,191.0,-0.2050814563584646,0.1398734765999672,93.0,98.0,-0.2014258564185446,-0.2584301136183005,0.4124948769570046,-0.5443214212909061,-0.1122287622164825,0.335,0.45,0.49,0.52,0.74,1.0
298.0,2.143884892086331,139.0,0.9084967320261438,153.0,1.02,150.0,1.0067114093959733,355.0,2.4482758620689653,145.0,0.9415584415584416,154.0,1.0335570469798658,149.0,0.9867549668874172,350.0,-0.2078051316077994,0.115543967829692,102.0,248.0,-0.2037014293646614,-0.2435529584724328,0.4086417264014953,-0.5277393601004831,-0.0044756766069417,0.255,0.265,0.295,0.31,0.44,1.0
153.0,0.3994778067885117,383.0,2.7357142857142858,140.0,0.9395973154362416,149.0,0.3890339425587467,144.0,0.9536423841059603,151.0,0.2451298701298701,616.0,2.207885304659498,279.0,1.9241379310344828,203.0,-0.119625105932496,0.1486396685113905,103.0,100.0,-0.1585332089804517,-0.1654798315817838,0.5238952093393866,-0.4639917711238731,0.0918981918712927,0.465,0.475,0.51,0.54,0.78,1.0
153.0,0.2761732851985559,554.0,2.2612244897959184,245.0,1.7013888888888888,144.0,0.9536423841059604,149.0,0.25,596.0,2.462809917355372,242.0,1.7285714285714286,140.0,0.958904109589041,209.0,-0.1818149421657552,0.1564718446680263,105.0,104.0,-0.2106736372310219,-0.1987497448026241,0.6067966351640469,-0.5650136256608631,0.0800151949403018,0.44,0.475,0.51,0.535,0.8,1.0
233.0,1.6524822695035462,141.0,0.9463087248322148,149.0,1.0275862068965518,145.0,1.0431654676258992,145.0,0.37371134020618557,388.0,1.2763157894736843,304.0,2.2028985507246377,138.0,0.9452054794520548,204.0,-0.0188988321506485,0.1405551494593912,103.0,101.0,-0.0515686795392605,-0.0745477386934673,0.7265038136958297,-0.4026555669785416,0.1709625874851493,0.36,0.475,0.51,0.535,0.775,1.0
141.0,0.986013986013986,143.0,0.3844086021505376,372.0,2.735294117647059,136.0,0.951048951048951,143.0,1.0,143.0,0.9794520547945206,146.0,1.0138888888888888,144.0,0.2845849802371542,194.0,-0.0733813076110565,0.141507463852854,94.0,100.0,-0.0563819677155065,-0.0772627205802388,0.5467362634180295,-0.3862741808018033,0.1098063406748712,0.34,0.465,0.49,0.52,0.81,1.0
144.0,0.3789473684210526,380.0,2.695035460992908,141.0,0.933774834437086,151.0,1.0342465753424657,1174.0,4.912133891213389,239.0,1.6713286713286712,143.0,0.9285714285714286,154.0,1.0620689655172413,928.0,-0.1789563545752655,0.0959678722182396,107.0,821.0,-0.2468156338403606,-0.2442128544697804,0.6711017632261549,-0.4747995541786844,0.0167629417639259,0.095,0.1,0.115,0.125,0.17,1.0
99.0,0.4852941176470588,204.0,2.125,96.0,0.6857142857142857,140.0,0.6060606060606061,188.0,1.9183673469387754,98.0,0.4875621890547263,201.0,2.1157894736842104,95.0,0.5,201.0,0.0223572185182095,0.2188889279627051,70.0,131.0,0.041693645082285,-0.0055960972844031,1.5116863380043222,0.0089403348735269,0.0089403348735269,0.305,0.295,0.35,0.4,0.4,1.0
145.0,0.9863945578231292,147.0,0.98,150.0,0.4,375.0,0.7253384912959381,143.0,0.9662162162162162,148.0,1.0206896551724138,145.0,0.9931506849315068,146.0,0.9931972789115646,202.0,-0.1993674257194509,0.1539270492959337,102.0,100.0,-0.2093119391780374,-0.2285269706248926,0.4814118662316722,-0.6211709311835818,0.0123912276084,0.3,0.475,0.51,0.53,0.785,1.0
115.0,1.2234042553191489,94.0,0.4234234234234234,222.0,1.0422535211267605,213.0,0.8160919540229885,229.0,1.1336633663366336,202.0,2.2954545454545454,88.0,0.6616541353383458,133.0,1.6625,224.0,-0.001719255396981,0.1492554911756539,64.0,160.0,0.0136740532846092,0.006356783919598,1.0580297132699026,0.0124144408668236,0.012307411109265,0.25,0.26,0.29,0.355,0.365,1.0
149.0,0.407103825136612,366.0,2.652173913043478,138.0,0.9261744966442952,149.0,0.3962765957446808,151.0,0.4136986301369863,365.0,2.703703703703704,135.0,0.944055944055944,143.0,0.3783068783068783,200.0,-0.1403319570021181,0.1764550242884743,95.0,105.0,-0.1504352124415769,-0.1701294477322525,0.7608587941092264,-0.5328234531759489,-0.0228228577913275,0.33,0.445,0.48,0.505,0.72,1.0
100.0,1.1111111111111112,90.0,0.9375,96.0,1.0909090909090908,88.0,0.9361702127659576,253.0,2.219298245614035,114.0,1.0363636363636364,110.0,0.4741379310344827,232.0,2.297029702970297,244.0,-0.1199252176094211,0.135085730960501,67.0,177.0,-0.1209797258986269,-0.0769229817819702,0.6533766829636598,-0.0747903316636029,0.1575114624968564,0.23,0.255,0.275,0.32,0.29,1.0
503.0,1.041407867494824,483.0,1.0298507462686568,469.0,1.0064377682403434,466.0,1.0064794816414686,139.0,0.952054794520548,146.0,0.9931972789115646,147.0,1.05,140.0,0.9722222222222222,197.0,-0.1700506788513873,0.1481740786361541,100.0,97.0,-0.1969909464488968,-0.2158177665523436,0.5527766906689647,-0.5699039130901613,0.0662759491441652,0.46,0.45,0.51,0.535,0.805,1.0
154.0,0.9871794871794872,156.0,1.033112582781457,151.0,0.3094262295081967,488.0,1.6105610561056103,150.0,0.9933774834437086,151.0,1.0272108843537415,147.0,0.9932432432432432,148.0,0.9736842105263158,213.0,-0.1272067063853067,0.1607501814274604,108.0,105.0,-0.1615830402317687,-0.1569923840842718,0.7037188886736883,-0.5513070549202111,0.1715621344813551,0.455,0.475,0.51,0.535,0.79,1.0
241.0,1.034334763948498,233.0,1.2393617021276595,188.0,2.0,94.0,0.4140969162995594,225.0,2.3195876288659796,97.0,0.4008264462809917,242.0,2.520833333333333,96.0,0.6956521739130435,231.0,-0.2200220391431646,0.124816151524293,74.0,157.0,-0.2131482572578666,-0.2660944352645656,0.565023990729353,-0.2439914818160098,-0.1211774955844336,0.28,0.305,0.32,0.34,0.45,1.0
145.0,0.9797297297297296,148.0,0.9801324503311258,151.0,1.0342465753424657,146.0,0.2097701149425287,143.0,0.9727891156462585,147.0,1.0208333333333333,144.0,0.993103448275862,145.0,0.9602649006622516,202.0,-0.1557567893918856,0.1470858088874156,102.0,100.0,-0.1589906099944834,-0.2004486249154748,0.5788291573895633,-0.5962831174184281,0.0630356896624111,0.475,0.46,0.505,0.53,0.795,1.0
139.0,0.388268156424581,358.0,2.5211267605633805,142.0,0.9466666666666668,150.0,0.3968253968253968,145.0,0.9797297297297297,148.0,0.348235294117647,425.0,0.5114320096269555,831.0,3.364372469635628,209.0,-0.2754389841869391,0.1643521891265208,108.0,101.0,-0.3208617018732099,-0.316609302984801,0.602774164539828,-0.683543966122666,-0.0107879856916079,0.47,0.49,0.52,0.545,0.785,1.0
155.0,1.0689655172413792,145.0,0.9666666666666668,150.0,1.056338028169014,142.0,0.9342105263157896,198.0,1.7837837837837838,111.0,0.5634517766497462,197.0,1.7130434782608697,115.0,0.5275229357798165,226.0,0.0054729834945903,0.1753933721673124,88.0,138.0,-0.0159795448548945,-0.1430212582096891,1.0626715034187306,-0.1987723412441277,0.13565913418035,0.24,0.35,0.39,0.425,0.65,1.0
143.0,0.9470198675496688,151.0,0.4241573033707865,356.0,2.5985401459854014,137.0,0.8896103896103896,165.0,1.0443037974683544,158.0,0.3930348258706467,402.0,0.7992047713717694,503.0,1.041407867494824,214.0,-0.1514562138773592,0.16424082125956,99.0,115.0,-0.1745969853030163,-0.1812129953248023,0.6861465277837486,-0.5880083462120249,0.049638699672721,0.43,0.44,0.465,0.49,0.77,1.0
587.0,1.1646825396825398,504.0,1.0100200400801602,499.0,1.7821428571428573,280.0,2.014388489208633,143.0,0.9662162162162162,148.0,1.0,148.0,1.0136986301369864,146.0,0.3792207792207792,200.0,-0.0765399296892174,0.1533841053345826,100.0,100.0,-0.105,-0.1362342880721155,0.6560175264705578,-0.5,0.1645318060097886,0.3,0.46,0.505,0.53,0.805,1.0
167.0,1.050314465408805,159.0,1.0460526315789471,152.0,1.027027027027027,148.0,0.8554913294797688,272.0,1.8503401360544218,147.0,0.5975609756097561,246.0,2.510204081632653,98.0,0.7050359712230215,289.0,-0.215038480991773,0.1062444290248876,99.0,190.0,-0.2173278274423967,-0.2836990829614769,0.6126044539933112,-0.3892466221177358,-0.1244501314891006,0.325,0.335,0.345,0.36,0.48,1.0
537.0,1.7959866220735785,299.0,2.1824817518248176,137.0,0.9072847682119204,151.0,1.0134228187919463,148.0,1.0136986301369864,146.0,0.9931972789115646,147.0,0.9735099337748344,151.0,1.0272108843537415,210.0,-0.1892507806825664,0.1340610335253234,107.0,103.0,-0.2236148806491673,-0.2383544235603014,0.3492469975665052,-0.5788671003855259,0.0258473922518814,0.305,0.47,0.515,0.535,0.785,1.0
144.0,0.9863013698630136,146.0,0.3403263403263403,429.0,3.1544117647058822,136.0,0.9006622516556292,151.0,0.383248730964467,394.0,2.8142857142857145,140.0,0.945945945945946,148.0,1.0206896551724138,200.0,-0.1546821203868225,0.157107318639148,95.0,105.0,-0.1650534046319238,-0.2016843989798118,0.5892624705422332,-0.5614749481459177,0.1089473181377619,0.325,0.45,0.48,0.505,0.76,1.0
517.0,2.0597609561752988,251.0,1.8057553956834531,139.0,0.9652777777777778,144.0,0.993103448275862,147.0,1.027972027972028,143.0,0.9470198675496688,151.0,0.4241573033707865,356.0,2.5985401459854014,204.0,-0.1806300638423658,0.1399803498782821,102.0,102.0,-0.2219661540335461,-0.255939125762445,0.3568829493385462,-0.5456604220121472,0.0281030395322066,0.385,0.44,0.505,0.53,0.805,1.0
145.0,0.9863945578231292,147.0,0.98,150.0,0.313152400835073,479.0,0.5994993742177722,146.0,1.0,146.0,1.0,146.0,0.9798657718120806,149.0,1.0347222222222223,203.0,-0.151854189475549,0.1282316778339058,101.0,102.0,-0.1673683116602183,-0.1871324221094457,0.4635468233016324,-0.4830140634241138,0.0303137439233545,0.36,0.47,0.5,0.525,0.775,1.0
150.0,1.0067114093959733,149.0,1.0275862068965518,145.0,0.9863945578231292,147.0,0.3983739837398374,148.0,0.4539877300613497,326.0,2.397058823529412,136.0,0.918918918918919,148.0,1.0,208.0,-0.1279444650132871,0.1670652336506326,105.0,103.0,-0.1516623430240212,-0.180875273334798,0.657504905262615,-0.5817719689716991,0.1134727709178471,0.365,0.475,0.51,0.535,0.765,1.0
151.0,1.0272108843537415,147.0,1.013793103448276,145.0,,145.0,0.9731543624161074,149.0,0.9675324675324676,154.0,1.0198675496688745,151.0,1.0066666666666666,150.0,1.0067114093959733,207.0,-0.2809769585328494,0.1733402036463145,103.0,104.0,-0.3300152143535095,-0.3643766974501987,0.5789381908736096,-0.7207318384074306,-0.0098152484857312,0.405,0.46,0.505,0.53,0.76,1.0
148.0,0.9866666666666668,150.0,1.0344827586206895,145.0,0.9797297297297296,148.0,1.0068027210884354,356.0,2.579710144927536,138.0,0.9261744966442952,149.0,0.407103825136612,366.0,2.7111111111111112,346.0,-0.1126658946384147,0.1225315041345597,97.0,249.0,-0.0735467247789439,-0.1189258199244097,0.5370517483392211,-0.4689323341592494,0.058194659978137,0.265,0.255,0.28,0.295,0.42,1.0
140.0,0.9523809523809524,147.0,1.0208333333333333,144.0,0.375,384.0,2.762589928057554,153.0,1.0551724137931036,145.0,0.9931506849315068,146.0,1.006896551724138,145.0,0.9797297297297296,211.0,-0.2025374459424159,0.1354190201425142,104.0,107.0,-0.1713918421135677,-0.2107197628884884,0.3853864185102068,-0.5833232893257018,-0.0989014252899795,0.305,0.475,0.5,0.52,0.775,1.0
127.0,0.8758620689655172,145.0,0.8529411764705882,170.0,1.5315315315315314,111.0,0.581151832460733,136.0,1.431578947368421,95.0,0.6643356643356644,143.0,0.959731543624161,149.0,1.0067567567567568,143.0,-0.1255555953058538,0.2282509128034044,48.0,95.0,0.2664597887620717,-0.2082108254719035,0.5571281370370602,0.4837688442211055,0.5051651139049098,0.315,0.275,0.335,0.36,0.37,1.0
155.0,1.0472972972972974,148.0,0.9736842105263158,152.0,1.0066225165562914,151.0,0.993421052631579,151.0,0.9869281045751634,153.0,1.0337837837837838,148.0,0.9932885906040269,149.0,0.9738562091503268,214.0,-0.0851081464859642,0.1715676934171221,109.0,105.0,-0.1034136307749803,-0.1692420210193577,0.7105818918250523,-0.4539638621395122,0.0532875800145414,0.475,0.46,0.51,0.54,0.75,1.0
136.0,0.317016317016317,429.0,1.8982300884955752,226.0,1.6258992805755397,139.0,0.9266666666666666,145.0,0.9797297297297297,148.0,1.034965034965035,143.0,0.959731543624161,149.0,0.9867549668874172,197.0,0.1809796529440684,0.1888066332712057,96.0,101.0,0.1272753132782998,0.1074240972054869,1.1243064808000105,-0.2024933730822871,0.5265552159248377,0.445,0.46,0.49,0.52,0.805,1.0
142.0,0.3977591036414565,357.0,2.6444444444444444,135.0,0.9121621621621622,148.0,1.0277777777777777,141.0,0.9791666666666666,144.0,0.3977900552486187,362.0,0.9354005167958656,387.0,2.8455882352941178,197.0,-0.0361018541101572,0.0930616554153806,99.0,98.0,-0.0410125419195532,-0.0803612289399279,0.1937104789770751,-0.2937776608144398,0.1105704944159739,0.465,0.445,0.505,0.54,0.825,1.0
136.0,0.4108761329305136,331.0,2.451851851851852,135.0,0.9375,144.0,0.3977900552486187,354.0,2.7022900763358777,131.0,0.3957703927492447,331.0,2.416058394160584,137.0,0.9647887323943662,349.0,-0.2622284067035208,0.1170251790793057,102.0,247.0,-0.2658043994434839,-0.2870383522158904,0.3869698401729475,-0.5767376640367061,-0.1200782605033076,0.215,0.265,0.295,0.31,0.44,1.0
226.0,1.018018018018018,222.0,2.288659793814433,97.0,0.37890625,256.0,1.1906976744186046,248.0,1.1272727272727272,220.0,0.990990990990991,222.0,1.0,222.0,1.072463768115942,239.0,-0.1410166893452676,0.2592444744192322,66.0,173.0,-0.1932398365132057,-0.1818945117154644,1.2358002655642863,-0.2357603784713562,0.0321731532629514,0.195,0.225,0.275,0.34,0.465,1.0
145.0,0.3825857519788918,379.0,2.7664233576642334,137.0,0.9256756756756755,148.0,1.0277777777777777,151.0,1.0272108843537415,147.0,0.9671052631578948,152.0,1.0,152.0,1.0133333333333334,212.0,-0.1270099955509072,0.1379711135609124,107.0,105.0,-0.1638218798771376,-0.1679643400616494,0.426639382616246,-0.4761056091841995,0.0908793969849245,0.32,0.47,0.51,0.535,0.795,1.0
155.0,1.019736842105263,152.0,0.2447665056360708,621.0,1.9467084639498435,319.0,2.2949640287769784,149.0,1.0067567567567568,148.0,1.0,148.0,0.9673202614379084,153.0,0.4297752808988764,209.0,-0.1377574383638278,0.1599203704850359,105.0,104.0,-0.1580445402105642,-0.2045596541127672,0.6647845919743678,-0.5378956432165432,0.1143343826880173,0.3,0.445,0.51,0.535,0.775,1.0
89.0,0.8476190476190476,105.0,0.603448275862069,174.0,0.7699115044247787,226.0,0.9076305220883534,111.0,1.15625,96.0,1.2151898734177216,79.0,0.6694915254237288,118.0,0.5,137.0,-0.0521162701315461,0.1856320262489599,60.0,77.0,-0.0494152118958866,-0.0678289968579135,1.1603129332571624,-0.0876274613651568,0.2043340216447221,0.375,0.405,0.44,0.54,0.47,1.0
151.0,0.993421052631579,152.0,1.027027027027027,148.0,0.3814432989690721,388.0,1.3807829181494662,149.0,0.9738562091503268,153.0,1.006578947368421,152.0,0.9681528662420382,157.0,1.0129032258064516,207.0,-0.0280709289744258,0.1627135754351237,103.0,104.0,-0.0051578232408259,-0.1020621068655535,0.7110605274127549,-0.4012210470377468,0.1179371535822321,0.475,0.455,0.505,0.53,0.815,1.0
224.0,0.991150442477876,226.0,1.076190476190476,210.0,1.019417475728155,206.0,0.985645933014354,249.0,1.1216216216216217,222.0,1.009090909090909,220.0,1.0,220.0,1.042654028436019,241.0,-0.1351887859791798,0.2168356710272056,67.0,174.0,-0.267685737896357,-0.2786863207012772,1.0542190800223348,-0.3156566370013723,0.0210000199830039,0.215,0.225,0.28,0.335,0.48,1.0
240.0,1.7518248175182485,137.0,0.9133333333333332,150.0,1.0273972602739727,146.0,0.9605263157894736,146.0,1.028169014084507,142.0,0.9659863945578232,147.0,0.9865771812080536,149.0,1.0275862068965518,196.0,-0.0625198005155077,0.1455073422223799,94.0,102.0,-0.0946172230981082,-0.1204055237042384,0.6409371193908082,-0.3850988410428085,0.1852782600473337,0.315,0.435,0.485,0.51,0.78,1.0
85.0,1.1805555555555556,72.0,0.8372093023255814,86.0,0.8958333333333334,96.0,0.5614035087719298,75.0,0.390625,192.0,1.1162790697674418,172.0,2.0476190476190474,84.0,1.2923076923076924,108.0,-0.4171782037285667,0.2408276743441978,56.0,52.0,-0.3828542342293571,-0.4675330437870298,0.7094999706995752,-0.4125569615288253,-0.3932630514403743,0.275,0.48,0.53,0.605,0.61,1.0
365.0,2.7238805970149254,134.0,0.9054054054054054,148.0,0.9866666666666668,150.0,1.0344827586206895,346.0,2.4892086330935252,139.0,0.3904494382022472,356.0,2.579710144927536,138.0,0.9261744966442952,345.0,-0.1475030095661113,0.1156493161201744,103.0,242.0,-0.1681988270453879,-0.2025553236465619,0.3826637662011142,-0.5713562158783324,0.0528588424953795,0.26,0.27,0.3,0.315,0.445,1.0
144.0,1.0,144.0,0.96,150.0,0.4043126684636118,371.0,2.748148148148148,149.0,1.0567375886524824,141.0,0.9527027027027029,148.0,1.034965034965035,143.0,0.3864864864864865,198.0,-0.2776934231100416,0.1189254107688404,94.0,104.0,-0.2865858132903512,-0.3149958957621992,0.1240002933992718,-0.5793635040793169,-0.1097628924740741,0.265,0.445,0.48,0.505,0.76,1.0
141.0,0.9527027027027029,148.0,1.034965034965035,143.0,0.3864864864864865,370.0,2.7007299270072997,144.0,1.0140845070422535,142.0,0.993006993006993,143.0,0.4454828660436137,321.0,2.3955223880597014,193.0,-0.150860469124333,0.1152371964253036,93.0,100.0,-0.0961367885753085,-0.1586271674787414,0.2725954612237807,-0.4914840145268797,-0.0041930348425103,0.46,0.45,0.485,0.51,0.81,1.0
147.0,1.013793103448276,145.0,0.9666666666666668,150.0,0.5376344086021505,279.0,2.066666666666667,151.0,0.38917525773195877,388.0,2.8529411764705883,136.0,0.918918918918919,148.0,0.9932885906040269,200.0,-0.1924887612811629,0.1228959395668877,95.0,105.0,-0.1715628435577811,-0.2405208786217643,0.3801251554228187,-0.5391250889614823,0.0199172276669834,0.32,0.445,0.48,0.5,0.78,1.0
146.0,0.9733333333333334,150.0,0.9554140127388536,157.0,1.0608108108108107,148.0,0.4180790960451977,148.0,0.9673202614379085,153.0,1.0337837837837838,148.0,0.9801324503311258,151.0,1.0,205.0,-0.0754731289807992,0.1709147616772937,102.0,103.0,-0.1185053573288978,-0.1402723200449479,0.735199198479733,-0.5720155697884826,0.1080041548633486,0.445,0.465,0.505,0.525,0.76,1.0
147.0,1.0208333333333333,144.0,1.0,144.0,1.006993006993007,143.0,0.4798657718120805,146.0,0.38219895287958117,382.0,2.87218045112782,133.0,0.869281045751634,153.0,0.3893129770992366,207.0,-0.1937645130555274,0.1325849161722971,105.0,102.0,-0.2225829343471268,-0.2551970462763262,0.276410619034716,-0.5080826446283699,0.0197468666248662,0.31,0.46,0.51,0.535,0.795,1.0
147.0,0.4349112426035503,338.0,2.397163120567376,141.0,0.9591836734693876,147.0,0.4038461538461538,382.0,2.7883211678832116,137.0,0.9319727891156464,147.0,0.3858267716535433,381.0,2.8222222222222224,367.0,-0.1257634808564501,0.110859907647241,100.0,267.0,-0.0363785738760496,-0.1480418319989881,0.4559967793558829,-0.4197372510594334,0.1233717618724359,0.26,0.25,0.275,0.29,0.435,1.0
113.0,0.8968253968253969,126.0,0.8513513513513513,148.0,1.1935483870967742,124.0,0.953846153846154,146.0,1.0,146.0,0.1298932384341637,1124.0,4.290076335877862,262.0,1.8985507246376807,207.0,-0.0877096772392524,0.1625441201714794,105.0,102.0,-0.1145148617213937,-0.1499661453778674,0.6458476437761191,-0.4458826009443272,0.1533956386327777,0.31,0.46,0.515,0.54,0.785,1.0
126.0,0.6666666666666666,189.0,1.96875,96.0,0.5423728813559322,177.0,1.6238532110091743,173.0,1.4661016949152543,118.0,0.6555555555555556,180.0,1.6216216216216215,111.0,0.578125,200.0,-0.1511153880662797,0.1220288813443477,79.0,121.0,-0.0163229173304289,-0.2136615334344641,0.6999231261316974,-0.1557382217635882,-0.0650151338507555,0.245,0.38,0.395,0.42,0.54,1.0
140.0,0.958904109589041,146.0,0.9931972789115646,147.0,1.013793103448276,145.0,0.3698979591836734,144.0,0.993103448275862,145.0,0.4380664652567976,331.0,2.381294964028777,139.0,0.9455782312925172,200.0,-0.1785067085328377,0.1760953036891995,100.0,100.0,-0.1952807170095301,-0.2231576578947968,0.7011232003462052,-0.6121575498943133,0.1121238206534958,0.35,0.465,0.5,0.53,0.78,1.0
105.0,1.0714285714285714,98.0,1.0888888888888888,90.0,1.0843373493975903,83.0,0.9651162790697676,91.0,1.011111111111111,90.0,1.0588235294117647,85.0,1.011904761904762,84.0,0.9333333333333332,127.0,-0.1073407045219862,0.2889559056726624,64.0,63.0,-0.0285636845832455,-0.0948522466727328,1.417313953381128,-0.0205158308274943,-0.0205158308274943,0.415,0.455,0.51,0.555,0.555,1.0
243.0,1.653061224489796,147.0,0.9932432432432432,148.0,1.0068027210884354,147.0,0.9932432432432432,440.0,0.7899461400359067,557.0,2.273469387755102,245.0,1.7753623188405796,138.0,0.9261744966442952,412.0,-0.287362850119442,0.1153328913290029,104.0,308.0,-0.3145052186726324,-0.326194299741774,0.4953530363959667,-0.6155855720462793,-0.0707014433087045,0.155,0.23,0.255,0.27,0.38,1.0
709.0,2.1101190476190474,336.0,2.4,140.0,0.9210526315789472,152.0,1.0066225165562914,151.0,0.24394184168012925,619.0,2.495967741935484,248.0,1.7714285714285714,140.0,0.8974358974358975,209.0,-0.1221107479191689,0.162380961387326,104.0,105.0,-0.1674163606118192,-0.1945421545866163,0.6233619068177771,-0.5138655904593541,0.155219965216502,0.43,0.46,0.505,0.53,0.775,1.0
151.0,0.9869281045751634,153.0,1.0337837837837838,148.0,0.9932885906040269,149.0,0.9738562091503268,158.0,0.3204868154158215,493.0,1.6058631921824105,307.0,2.1619718309859155,142.0,0.9161290322580644,216.0,-0.084510018996552,0.1554109004581608,106.0,110.0,-0.1105880480743423,-0.1593310322641986,0.6851658102472891,-0.4316524689724658,0.1797511197611828,0.345,0.44,0.495,0.52,0.765,1.0
136.0,0.918918918918919,148.0,0.398921832884097,371.0,2.688405797101449,138.0,0.9261744966442952,148.0,1.0206896551724138,145.0,0.9863945578231292,147.0,0.9735099337748344,151.0,1.0202702702702702,208.0,-0.1982959841545857,0.1954417670039832,105.0,103.0,-0.2402926871174482,-0.2630819545470691,0.7195897049394222,-0.6428283407308634,0.0422268128306244,0.435,0.47,0.505,0.535,0.76,1.0
151.0,1.0134228187919463,149.0,0.9738562091503268,153.0,1.02,150.0,0.9554140127388536,149.0,1.0,149.0,0.9867549668874172,151.0,1.0,151.0,0.9869281045751634,201.0,-0.1636343584628136,0.1797144011077675,97.0,104.0,-0.2147432616838585,-0.2424127587322428,0.7614026936039044,-0.6119423076783386,0.0639166617701016,0.33,0.41,0.485,0.51,0.75,1.0
145.0,0.9666666666666668,150.0,0.9933774834437086,151.0,1.0134228187919463,149.0,0.9933333333333332,151.0,1.0134228187919463,149.0,0.9867549668874172,151.0,1.0202702702702702,148.0,0.9932885906040269,205.0,-0.167226673520743,0.1708974845338842,100.0,105.0,-0.1835435762043017,,0.6958431745318223,-0.5519313774240302,0.0770551848301958,0.32,0.44,0.49,0.515,0.77,1.0
150.0,1.0416666666666667,144.0,0.3396226415094339,424.0,1.4722222222222223,288.0,2.149253731343284,144.0,1.0,144.0,0.993103448275862,145.0,0.9731543624161074,149.0,1.0,203.0,-0.1258605327446152,0.1530907092712283,103.0,100.0,-0.1702976993570608,-0.1928852652789039,0.5441927795591341,-0.532905955683665,0.1151351474093661,0.335,0.455,0.51,0.535,0.785,1.0
181.0,1.011173184357542,179.0,1.0654761904761905,168.0,1.105263157894737,152.0,0.9440993788819876,96.0,0.5614035087719298,171.0,0.9395604395604396,182.0,0.9732620320855616,187.0,1.0053763440860215,127.0,-0.1459975805293465,0.182831536280399,60.0,67.0,-0.2359543157640668,-0.3544126449968642,0.7857351178579475,0.0053778813460843,0.0053778813460843,0.415,0.44,0.475,0.505,0.505,1.0
137.0,0.9256756756756755,148.0,1.0277777777777777,144.0,0.9536423841059604,151.0,0.2451298701298701,152.0,1.0,152.0,1.0133333333333334,150.0,0.2427184466019417,618.0,2.272058823529412,208.0,-0.1985155214176662,0.1507972825347732,102.0,106.0,-0.2276588654257398,-0.255788674243349,0.4922294589778093,-0.5656148196555622,-0.109848196358067,0.29,0.46,0.5,0.525,0.73,1.0
646.0,1.2029795158286778,537.0,1.7959866220735785,299.0,2.1824817518248176,137.0,0.9072847682119204,153.0,1.0337837837837838,148.0,1.0136986301369864,146.0,0.9931972789115646,147.0,0.9735099337748344,212.0,-0.1949047510819836,0.1449336780050654,105.0,107.0,-0.20375242873033,-0.2638963627448654,0.4342014514290154,-0.567111973630446,0.0270319962730105,0.46,0.445,0.5,0.525,0.765,1.0
362.0,2.6423357664233578,137.0,0.9256756756756755,148.0,0.4277456647398844,346.0,2.489208633093525,145.0,0.39295392953929537,369.0,2.6739130434782608,138.0,0.9078947368421052,152.0,1.0704225352112675,195.0,-0.1997122226317213,0.1429601082410773,94.0,101.0,-0.2033745251897165,-0.258163250420508,0.4662649488940816,-0.5821102850943412,-0.0213716068925482,0.325,0.455,0.485,0.51,0.735,1.0
144.0,0.993103448275862,145.0,0.4380664652567976,331.0,2.381294964028777,139.0,0.9455782312925172,393.0,2.889705882352941,136.0,0.3830985915492957,355.0,2.517730496453901,141.0,0.9724137931034482,380.0,-0.1782145565352625,0.1269321013073699,105.0,275.0,-0.1637825735566986,-0.1748095923650973,0.5139633673653028,-0.5670571272585173,0.0176490887858246,0.17,0.25,0.275,0.29,0.405,1.0
266.0,1.9,140.0,0.9722222222222222,144.0,0.3902439024390244,369.0,2.617021276595745,343.0,2.5407407407407407,135.0,0.9246575342465754,146.0,0.9931972789115646,147.0,0.3656716417910448,340.0,-0.0632479574185909,0.1196828105790075,100.0,240.0,-0.083853887950473,-0.0869309699019768,0.5688097589231553,-0.3439191419714259,0.0753189964183488,0.235,0.255,0.295,0.315,0.435,1.0
174.0,1.0235294117647058,170.0,1.868131868131868,91.0,0.4292452830188679,212.0,1.582089552238806,194.0,2.108695652173913,92.0,0.448780487804878,205.0,2.1808510638297878,94.0,0.4747474747474747,200.0,-0.1741808185017978,0.156549677189202,65.0,135.0,-0.1622989053228305,-0.2431032424929024,0.3608860571949837,-0.0563095280953474,-0.0563095280953474,0.285,0.31,0.325,0.35,0.35,1.0
556.0,1.992831541218638,279.0,2.051470588235294,136.0,0.4059701492537313,335.0,2.5572519083969465,144.0,0.96,150.0,0.4043126684636118,371.0,2.748148148148148,135.0,0.3846153846153846,200.0,-0.1641859323033609,0.1303478727547013,100.0,100.0,-0.1878212516372729,-0.21,0.3065365773959459,-0.4975690161752501,0.0357160679129332,0.305,0.445,0.505,0.53,0.79,1.0
137.0,0.9194630872483222,149.0,1.0347222222222223,144.0,0.9664429530201344,149.0,0.4293948126801152,143.0,0.2693032015065913,531.0,2.349557522123894,226.0,1.6376811594202898,138.0,0.9324324324324323,200.0,-0.0168410047049379,0.1490585583448224,100.0,100.0,-0.0133130117886896,-0.045,0.5994091013562655,-0.4585302580093056,0.2121567329713353,0.395,0.475,0.505,0.53,0.805,1.0
234.0,1.0493273542600896,223.0,0.9780701754385964,228.0,0.9539748953974896,239.0,0.987603305785124,82.0,0.3904761904761905,210.0,2.0388349514563107,103.0,0.3828996282527881,269.0,2.5619047619047617,134.0,-0.0806906966744792,0.2462090857642661,77.0,57.0,-0.1774633314420432,-0.2074916718142307,0.7808776754694432,-0.6457765208652415,0.3477044052988911,0.31,0.475,0.58,0.675,0.6,1.0
146.0,0.9864864864864864,148.0,0.3557692307692308,416.0,0.5180572851805728,803.0,3.33195020746888,152.0,1.0201342281879195,149.0,0.9867549668874172,151.0,1.0066666666666666,150.0,0.986842105263158,210.0,-0.1700061234226958,0.1477516401701636,104.0,106.0,-0.1950374312447277,-0.215,0.5013844243980944,-0.5840505978137446,0.0336815300697612,0.44,0.46,0.5,0.525,0.785,1.0
147.0,1.0,147.0,1.0,147.0,0.9865771812080536,149.0,1.0,147.0,1.0208333333333333,144.0,1.0,144.0,1.006993006993007,143.0,0.9930555555555556,199.0,-0.1905701955058531,0.1583359863642059,97.0,102.0,-0.2010088714352572,-0.2345444700258963,0.5644562256773176,-0.5499464204473068,0.0519677752873268,0.45,0.465,0.49,0.515,0.78,1.0
133.0,0.8866666666666667,150.0,1.0273972602739727,146.0,0.3821989528795811,382.0,2.87218045112782,392.0,2.925373134328358,134.0,0.9305555555555556,144.0,0.3673469387755102,392.0,2.8,375.0,-0.1551196944945402,0.1067513506455845,101.0,274.0,-0.1504270102976018,-0.1639485777901548,0.4900177828505261,-0.4590501452740335,0.0447877266374343,0.19,0.255,0.27,0.285,0.425,1.0
150.0,1.056338028169014,142.0,1.083969465648855,131.0,1.100840336134454,119.0,0.9296875,144.0,1.44,100.0,0.5813953488372093,172.0,1.5357142857142858,112.0,1.0769230769230769,179.0,-0.1398920520292582,0.1997431419686044,79.0,100.0,0.274612545464778,-0.2438697504292281,0.953038547887165,-0.5646582745897277,-0.0321299915870071,0.425,0.405,0.45,0.485,0.735,1.0
518.0,2.1316872427983538,243.0,1.8,135.0,0.906040268456376,149.0,1.0205479452054795,149.0,1.0136054421768708,147.0,0.2363344051446945,622.0,1.3610503282275712,457.0,0.8788461538461538,209.0,-0.1203764330947626,0.1764151400134774,105.0,104.0,-0.1593416489972911,-0.1684056567106185,0.8273984348438621,-0.5886473667960965,0.1449825219043768,0.455,0.47,0.505,0.53,0.765,1.0
156.0,0.9873417721518988,158.0,0.9693251533742332,163.0,0.9421965317919077,173.0,1.0116959064327486,159.0,0.6115384615384616,260.0,2.4761904761904763,105.0,0.3903345724907063,269.0,1.9779411764705883,177.0,0.0211567702869818,0.1479251479643533,66.0,111.0,0.0071441470918696,-0.165515596834134,1.0429141690277328,0.0845253750608476,0.0845253750608476,0.31,0.345,0.375,0.415,0.415,1.0
87.0,0.9886363636363636,88.0,1.035294117647059,85.0,1.0759493670886076,79.0,0.6869565217391305,102.0,0.4063745019920319,251.0,2.614583333333333,96.0,0.3067092651757188,313.0,3.3655913978494625,365.0,-0.159088475266924,0.3845784937974218,294.0,71.0,0.9763652231868272,-0.1080062354046768,1.7380497942351296,-0.304195266857254,-0.1992165791552441,0.53,0.78,0.805,0.845,0.88,1.0
150.0,0.9933774834437086,151.0,1.0202702702702702,148.0,0.2808349146110057,527.0,1.882142857142857,149.0,1.0067567567567568,148.0,0.9736842105263158,152.0,0.9806451612903224,155.0,1.019736842105263,207.0,-0.1887729068871144,0.1550806695445315,103.0,104.0,-0.1950434749182512,-0.2305050664484788,0.5111432364316119,-0.5972592469323756,0.0618136605892575,0.47,0.46,0.5,0.525,0.78,1.0
148.0,0.2761194029850746,536.0,2.310344827586207,232.0,1.6571428571428573,140.0,0.9395973154362416,148.0,1.0136986301369864,146.0,0.9864864864864864,148.0,0.9866666666666668,150.0,0.178359096313912,208.0,-0.1424661155177126,0.1725364063638487,105.0,103.0,-0.1643313004901057,-0.2073637310173329,0.7378978414892101,-0.5900096678179894,0.061670387781139,0.315,0.465,0.51,0.535,0.755,1.0
133.0,0.8926174496644296,149.0,0.3850129198966408,387.0,2.7253521126760565,142.0,0.9466666666666668,147.0,1.0068493150684932,146.0,0.9931972789115646,147.0,1.0068493150684932,146.0,0.3872679045092838,205.0,-0.1341494826191472,0.1704529592186644,103.0,102.0,-0.157025917531101,-0.1732156156165953,0.6043579760532009,-0.6197726566587285,0.1249673790777088,0.315,0.47,0.505,0.53,0.795,1.0
298.0,1.8170731707317076,164.0,0.5521885521885522,297.0,1.84472049689441,161.0,0.5476190476190477,222.0,0.7207792207792207,308.0,1.8666666666666667,165.0,0.5481727574750831,301.0,1.813253012048193,262.0,-0.3505296875803367,0.3681299602116379,107.0,155.0,-0.0292673701339871,-0.2677650825753364,1.7918495464910822,-0.350468220290592,-0.2850593145757368,0.25,0.385,0.41,0.435,0.48,1.0
152.0,0.9620253164556962,158.0,0.3204868154158215,493.0,1.6058631921824105,307.0,2.1619718309859155,709.0,2.1101190476190474,336.0,2.4,140.0,0.9210526315789472,152.0,1.0066225165562914,603.0,-0.1998023952400131,0.1028810649126504,107.0,496.0,-0.1985709850571794,-0.1447675591871203,0.4495944630775396,-0.4725059645981364,0.10922705123504,0.165,0.17,0.175,0.19,0.27,1.0
377.0,2.7518248175182483,137.0,0.9513888888888888,144.0,1.006993006993007,143.0,0.2693032015065913,146.0,0.3659147869674185,399.0,1.3758620689655172,290.0,2.1323529411764706,136.0,0.9444444444444444,194.0,-0.0977348058578704,0.1571244572158062,92.0,102.0,-0.0778159322771366,-0.1535620807946378,0.638407934995274,-0.4553363039074043,0.1191505585170058,0.3,0.45,0.475,0.505,0.8,1.0
279.0,2.0071942446043165,139.0,0.9455782312925172,147.0,1.0208333333333333,144.0,1.0,404.0,0.689419795221843,586.0,2.4214876033057853,242.0,1.704225352112676,142.0,0.9342105263157896,386.0,-0.2955856154302022,0.1092806223651186,104.0,282.0,-0.2916025586529813,-0.3436555873786878,0.34185526273062,-0.6989588391838742,-0.0903149729610896,0.165,0.245,0.27,0.285,0.4,1.0
158.0,1.4766355140186915,107.0,0.5194174757281553,206.0,1.2261904761904765,168.0,1.018181818181818,201.0,1.1754385964912282,171.0,1.0301204819277108,166.0,1.0573248407643312,157.0,1.0064102564102564,217.0,-0.3034858888146178,0.168477904060947,77.0,140.0,-0.1968844634405956,-0.3989672071347848,1.0203811324097072,-0.4470806529242579,-0.3543615954666387,0.21,0.33,0.355,0.38,0.56,1.0
145.0,1.0,145.0,1.0283687943262412,141.0,0.9724137931034482,145.0,0.2715355805243445,147.0,0.40273972602739727,365.0,2.744360902255639,133.0,0.93006993006993,143.0,1.0070422535211268,195.0,-0.1150376592462979,0.128908048932665,93.0,102.0,-0.0496393580955198,-0.1165879510259015,0.4664580822730243,-0.430407039406313,0.0879210071530962,0.34,0.455,0.48,0.51,0.805,1.0
151.0,1.0202702702702702,148.0,0.9932885906040269,149.0,0.9933333333333332,150.0,1.0273972602739727,147.0,0.392,375.0,2.697841726618705,139.0,0.952054794520548,146.0,0.9864864864864864,202.0,0.0324012537389396,0.1713031305029843,100.0,102.0,0.0096530795687822,0.0015920677878191,0.9568715444183028,-0.4118977386354455,0.2514151005283346,0.34,0.465,0.5,0.525,0.76,1.0
201.0,1.6341463414634143,123.0,0.6180904522613065,199.0,1.5793650793650793,126.0,0.6666666666666666,81.0,0.47093023255813954,172.0,1.5221238938053097,113.0,0.653179190751445,173.0,1.4661016949152543,142.0,-0.0647544405198794,0.1282125755735871,86.0,56.0,0.0759889700533271,-0.1351785937311827,0.7148268785603571,-0.2002531696922881,-0.0044068074165396,0.385,0.585,0.61,0.635,0.785,1.0
130.0,0.9629629629629628,135.0,1.0227272727272727,132.0,1.015384615384615,130.0,1.2149532710280373,110.0,1.0476190476190477,105.0,1.0714285714285714,98.0,1.0888888888888888,90.0,1.0843373493975903,156.0,-0.2793755779981056,0.2753675516953585,79.0,77.0,-0.2680393726708199,-0.3518413767010951,1.4125381204555016,-0.3096119574529841,-0.2781914917820374,0.31,0.47,0.515,0.55,0.555,1.0
133.0,0.9047619047619048,147.0,0.4027397260273972,365.0,2.744360902255639,133.0,0.93006993006993,143.0,1.0214285714285714,140.0,0.958904109589041,146.0,1.006896551724138,145.0,1.0283687943262412,193.0,-0.150133534192964,0.1366580391978935,93.0,100.0,-0.1245187993184846,-0.2023367198067268,0.4362914313753118,-0.4824537784976203,0.0434474964608465,0.43,0.45,0.485,0.51,0.78,1.0
402.0,0.7992047713717694,503.0,1.041407867494824,483.0,1.0298507462686568,469.0,1.0064377682403434,144.0,1.0359712230215827,139.0,0.952054794520548,146.0,0.9931972789115646,147.0,1.05,198.0,-0.153867672094438,0.1543188486122167,98.0,100.0,-0.1657480812742842,-0.2033928714885635,0.6041916976794925,-0.5047466006949887,-0.057132709260704,0.38,0.465,0.5,0.53,0.845,1.0
152.0,1.027027027027027,148.0,1.0206896551724138,145.0,1.0,145.0,0.9666666666666668,527.0,1.8821428571428571,280.0,1.9444444444444444,144.0,0.9536423841059604,151.0,1.0134228187919463,471.0,-0.1658217287168225,0.1099626852548611,103.0,368.0,-0.1491365948403831,-0.1670065757702568,0.6139507024415041,-0.5549655303022127,-0.0069910803180746,0.13,0.205,0.22,0.23,0.32,1.0
160.0,1.0126582278481011,158.0,1.0128205128205128,156.0,1.0263157894736843,152.0,1.0066225165562914,179.0,1.2013422818791946,149.0,1.0067567567567568,148.0,1.0206896551724138,145.0,0.9602649006622516,199.0,-0.2631875602385187,0.1720057681388807,74.0,125.0,-0.135,-0.3509514887124309,1.0486028616954588,-0.4096072656925353,-0.3209005056271261,0.21,0.345,0.375,0.395,0.57,1.0
147.0,1.013793103448276,145.0,0.9863945578231292,147.0,0.98,150.0,0.4,,1.020979020979021,143.0,0.9662162162162162,148.0,1.0206896551724138,145.0,0.9931506849315068,203.0,-0.1661450964826464,0.1516819948867787,101.0,102.0,-0.1970428077566006,-0.2062407382945521,0.5679423288453258,-0.5293662578642184,0.0466514233455288,0.44,0.455,0.5,0.525,0.78,1.0
143.0,0.3783068783068783,378.0,2.7794117647058822,136.0,0.918918918918919,148.0,0.398921832884097,149.0,0.9933333333333333,150.0,1.0135135135135136,148.0,1.0206896551724138,145.0,0.9863945578231292,205.0,-0.3470634938064487,0.1487278696934208,101.0,104.0,-0.3453932189923365,-0.3818844221105527,0.2530288480609067,-0.7612060977807888,-0.0476585621323521,0.435,0.46,0.495,0.52,0.78,1.0
230.0,1.074766355140187,214.0,1.0,214.0,2.2291666666666665,96.0,0.4571428571428571,81.0,0.4090909090909091,198.0,2.0842105263157893,95.0,1.1875,80.0,1.1594202898550725,133.0,-0.2268191678723121,0.1226814673463901,77.0,56.0,-0.1023332915953438,-0.332298478875092,0.4314279069024417,-0.3481990795461824,-0.2189701997835989,0.33,0.55,0.58,0.61,0.73,1.0
148.0,1.0136986301369864,146.0,0.9864864864864864,148.0,0.9866666666666668,150.0,0.178359096313912,148.0,0.9801324503311258,151.0,1.0,151.0,0.2439418416801292,619.0,2.476,205.0,-0.0687179071006454,0.1767447283168587,102.0,103.0,-0.0978295962089323,-0.1032763812555763,0.8046613641596947,-0.5419190569180174,0.1627947303301895,0.38,0.46,0.505,0.53,0.79,1.0
142.0,0.7845303867403315,181.0,1.011173184357542,179.0,1.0654761904761905,168.0,1.105263157894737,86.0,0.8958333333333334,96.0,0.5614035087719298,171.0,0.9395604395604396,182.0,0.9732620320855616,110.0,-0.2509887288241834,0.2598953100778539,50.0,60.0,-0.2767739461892906,-0.3374587285341885,0.8685486157888013,-0.2585874897473724,0.1665535899414832,0.405,0.37,0.465,0.535,0.795,1.0
145.0,0.9931506849315068,146.0,0.2602495543672014,561.0,2.125,264.0,1.9411764705882355,149.0,1.0205479452054795,146.0,0.36318407960199,402.0,2.851063829787234,141.0,0.9591836734693876,206.0,-0.085692765772719,0.1404470606133855,102.0,104.0,-0.1093452333431985,-0.1404009423653517,0.4335672472206681,-0.5249820205201021,0.111264507903573,0.445,0.46,0.505,0.525,0.795,1.0
376.0,2.7050359712230216,139.0,0.9144736842105264,152.0,1.034013605442177,147.0,0.3868421052631579,378.0,2.7794117647058822,136.0,0.918918918918919,148.0,0.398921832884097,371.0,2.688405797101449,364.0,-0.1206516306480972,0.1211187393674232,100.0,264.0,-0.1221921337013859,-0.1448069189432532,0.438775310446834,-0.4442420680537989,0.1184663700960939,0.235,0.245,0.275,0.295,0.45,1.0
300.0,2.2058823529411766,136.0,0.912751677852349,149.0,1.0067567567567568,148.0,1.0277777777777777,149.0,1.0136054421768708,147.0,0.3730964467005076,394.0,2.897058823529412,136.0,0.9006622516556292,208.0,-0.1787098525277231,0.161428452265899,104.0,104.0,-0.2194031063873459,-0.2291752045393097,0.5640213815850282,-0.6011675366483261,-0.0150261907381241,0.295,0.47,0.505,0.53,0.74,1.0
117.0,1.2061855670103092,97.0,0.9065420560747663,107.0,1.1145833333333333,96.0,1.0434782608695652,127.0,0.9921875,128.0,1.1531531531531531,111.0,1.0373831775700937,107.0,0.8770491803278688,170.0,0.0878905249293269,0.2417503285429517,82.0,88.0,0.1045269051656447,0.0115938092728035,1.6552399404919744,0.0775233103551488,0.0877887374488835,0.295,0.445,0.485,0.52,0.84,1.0
94.0,0.6619718309859155,142.0,1.6136363636363635,88.0,1.1282051282051282,78.0,0.3823529411764705,212.0,1.9272727272727272,110.0,0.5288461538461539,208.0,1.5522388059701493,134.0,1.7179487179487178,225.0,-0.1509582086823241,0.1893844204019596,77.0,148.0,0.0230303906894334,-0.0279880310458149,0.8430231673058093,-0.0268259351033243,0.0612721464606028,0.31,0.325,0.345,0.36,0.395,1.0
111.0,1.0277777777777777,108.0,0.972972972972973,111.0,0.9910714285714286,112.0,1.037037037037037,133.0,1.1981981981981982,111.0,1.0277777777777777,108.0,0.9908256880733946,109.0,1.0,156.0,-0.0739234183696904,0.5079773337933874,63.0,93.0,0.0815010330555757,-0.281794853679465,2.188183812452136,-0.7937086604687967,0.1695053527510365,0.24,0.345,0.41,0.455,0.69,1.0
183.0,1.0223463687150838,179.0,1.0654761904761905,168.0,1.037037037037037,162.0,0.9759036144578314,215.0,1.0,215.0,2.263157894736842,95.0,0.6834532374100719,139.0,1.5795454545454546,209.0,-0.0854890793020415,0.2181218660986835,59.0,150.0,-0.1685957753855013,-0.2027344706671447,1.2251175763495934,-0.1549534089988133,-0.1161549372017974,0.24,0.235,0.285,0.345,0.35,1.0
217.0,1.0382775119617225,209.0,0.9766355140186916,214.0,0.9596412556053812,223.0,0.9911111111111112,271.0,1.2152466367713004,223.0,1.0182648401826484,219.0,1.068292682926829,205.0,0.9855769230769232,259.0,-0.220963714437654,0.2266938134102228,70.0,189.0,-0.3369634032404018,-0.330580862614043,1.088828291832266,-0.4019609082185828,-0.0427868207648398,0.195,0.215,0.27,0.34,0.46,1.0
171.0,1.4741379310344829,116.0,0.7341772151898734,158.0,1.2061068702290076,131.0,0.8851351351351351,149.0,1.0567375886524824,141.0,0.9096774193548388,155.0,1.4351851851851851,108.0,0.7012987012987013,184.0,-0.2977298505356261,0.2023023142613363,80.0,104.0,0.0810137075018788,-0.4285777483138083,0.7374453561365233,-0.7425984053755055,-0.2474527488721807,0.42,0.395,0.445,0.475,0.73,1.0
381.0,2.801470588235294,136.0,0.9315068493150684,146.0,0.3903743315508021,374.0,2.72992700729927,145.0,1.013986013986014,143.0,0.3803191489361702,376.0,2.764705882352941,136.0,0.9066666666666666,199.0,-0.0315822242827449,0.11631596139971,98.0,101.0,-0.0257849053052223,-0.0719298645056722,0.4146351380091351,-0.3643143252393128,0.1600608963078578,0.335,0.46,0.5,0.525,0.795,1.0
110.0,1.0185185185185186,108.0,0.9642857142857144,112.0,0.9824561403508772,114.0,1.0458715596330277,72.0,0.4161849710982659,173.0,1.453781512605042,119.0,1.101851851851852,108.0,0.972972972972973,104.0,-0.2696280671776306,0.587919210570487,54.0,50.0,-0.0072157372957896,-0.8907247138988904,1.2351927635705884,-1.882766854742708,0.1736498046251677,0.35,0.49,0.53,0.58,0.85,1.0
149.0,0.2689530685920577,554.0,1.8528428093645488,299.0,2.105633802816901,142.0,0.9403973509933776,151.0,0.37844611528822053,399.0,1.4,285.0,2.0357142857142856,140.0,0.9333333333333332,208.0,-0.1960770472077906,0.1599692165025076,103.0,105.0,-0.215511719283526,-0.242240893677428,0.6084551659132936,-0.659825510159294,0.0585223231866788,0.465,0.455,0.5,0.525,0.78,1.0
151.0,1.0,151.0,0.9869281045751634,153.0,0.3923076923076923,390.0,0.6989247311827957,146.0,1.0138888888888888,144.0,0.3214285714285714,448.0,1.6173285198555956,277.0,1.9928057553956835,204.0,-0.1853163156973033,0.147993396533157,102.0,102.0,-0.1881406340782525,-0.2256176040555196,0.5438011365926343,-0.5775689271138905,-0.0359639307721803,0.345,0.46,0.505,0.53,0.82,1.0
142.0,0.9466666666666668,150.0,1.020408163265306,147.0,0.2732342007434944,538.0,1.8615916955017304,146.0,0.38726790450928383,377.0,2.712230215827338,139.0,0.9328859060402684,149.0,0.3880208333333333,204.0,-0.1381099603555501,0.1452647854577197,102.0,102.0,-0.1632438104298635,-0.2070760306039721,0.5342520902382505,-0.5704158797262209,0.0907763465705054,0.3,0.44,0.505,0.53,0.795,1.0
157.0,1.0129032258064516,155.0,1.0333333333333334,150.0,0.2793296089385474,537.0,2.452054794520548,153.0,0.3923076923076923,390.0,0.6989247311827957,558.0,2.415584415584416,231.0,1.6618705035971224,212.0,-0.219730109986132,0.1631099327986729,105.0,107.0,-0.2350251256281408,-0.2894510007355446,0.6737465249110066,-0.6178635606255912,0.0369557824959948,0.29,0.46,0.5,0.525,0.785,1.0
143.0,1.0,143.0,0.9794520547945206,146.0,1.0138888888888888,144.0,0.2845849802371542,147.0,1.0068493150684932,146.0,0.9931972789115646,147.0,1.0208333333333333,144.0,0.3789473684210526,200.0,-0.0546473465222572,0.1382556508071066,98.0,102.0,-0.0499064138173498,-0.0729063362788705,0.6162505573079377,-0.378437834904012,0.1451876708270374,0.325,0.465,0.495,0.52,0.775,1.0
134.0,0.5775862068965517,232.0,1.16,200.0,2.083333333333333,96.0,0.4343891402714932,198.0,2.106382978723404,94.0,0.8392857142857143,112.0,1.1666666666666667,96.0,0.9230769230769232,203.0,-0.2672570850102546,0.1151891245615028,65.0,138.0,-0.3990146313395612,-0.5329061747171495,0.2204273777418906,-0.3526498052373118,-0.2391315420364221,0.275,0.3,0.32,0.335,0.485,1.0
142.0,0.922077922077922,154.0,1.0547945205479452,146.0,1.0,146.0,0.4112676056338028,150.0,0.9803921568627451,153.0,0.4058355437665782,377.0,2.7518248175182483,137.0,0.8954248366013072,208.0,-0.2123840157508944,0.1536973201977273,103.0,105.0,-0.2601758999225686,-0.3005185860737251,0.4268977036374288,-0.6510709304032541,0.1024147120846574,0.42,0.445,0.5,0.52,0.765,1.0
257.0,1.875912408759124,137.0,0.9256756756756755,148.0,1.034965034965035,143.0,0.9930555555555556,149.0,1.0,149.0,1.0347222222222223,144.0,1.006993006993007,143.0,0.9930555555555556,199.0,-0.0362453971439247,0.1383118336498944,95.0,104.0,-0.0366133040371762,-0.0779051368815618,0.6225110353531755,-0.4136100978793242,0.203391216977138,0.335,0.435,0.48,0.505,0.765,1.0
145.0,0.9797297297297296,148.0,1.0068027210884354,147.0,0.4060773480662983,362.0,2.6423357664233578,149.0,0.40710382513661203,366.0,2.7111111111111112,135.0,0.9310344827586208,145.0,0.3929539295392953,200.0,-0.1725594824722162,0.1752785738483234,96.0,104.0,-0.1871744698997103,-0.262412831511755,0.6803942970439508,-0.6817613974650726,0.1345869829498093,0.32,0.44,0.485,0.505,0.775,1.0
142.0,1.0070921985815602,141.0,0.9791666666666666,144.0,0.3977900552486187,362.0,0.9354005167958656,375.0,2.840909090909091,132.0,0.9166666666666666,144.0,0.3881401617250674,371.0,2.688405797101449,364.0,-0.0541846410538013,0.1072114537270374,102.0,262.0,-0.0428951361981261,-0.0588410003082056,0.5211970432982848,-0.4100645475882521,0.1244728120527428,0.265,0.26,0.28,0.295,0.425,1.0
94.0,0.8468468468468469,111.0,0.5235849056603774,212.0,1.9272727272727272,110.0,0.5288461538461539,102.0,1.0303030303030303,99.0,0.5755813953488372,172.0,1.011764705882353,170.0,1.103896103896104,124.0,-0.4354445184840558,0.2368695756607767,53.0,71.0,-0.554403842321562,-0.5807429963243383,0.8930841117645613,-0.5273150526567593,-0.3654675500394826,0.36,0.39,0.435,0.495,0.77,1.0
148.0,0.9801324503311258,151.0,1.0342465753424657,146.0,0.2097701149425287,696.0,2.5494505494505493,147.0,1.0208333333333333,144.0,0.993103448275862,145.0,0.9602649006622516,151.0,1.0342465753424657,202.0,-0.1172626047971561,0.1459865285395784,100.0,102.0,-0.1345768835335097,-0.1422322645983888,0.5837359647411136,-0.5634229485444777,0.0916696361924674,0.445,0.465,0.505,0.525,0.775,1.0
97.0,0.9065420560747663,107.0,1.1145833333333333,96.0,1.0434782608695652,92.0,0.8363636363636363,128.0,1.1531531531531531,111.0,1.0373831775700937,107.0,0.8770491803278688,122.0,0.9384615384615383,177.0,0.0787416963657631,0.2514608329847599,88.0,89.0,0.0757521822415117,0.0282564335338807,1.666790418317772,0.0583835874658486,0.0598455560563232,0.275,0.46,0.5,0.54,0.8,1.0
239.0,1.6713286713286712,143.0,0.9285714285714286,154.0,1.0620689655172413,145.0,0.9731543624161074,149.0,1.0,149.0,0.2689530685920577,554.0,1.8528428093645488,299.0,2.105633802816901,206.0,-0.2228289065265137,0.1488134360860756,102.0,104.0,-0.2472604736758112,-0.284861492009907,0.5559550541321403,-0.6100116261100323,0.0329523894357332,0.455,0.44,0.5,0.525,0.77,1.0
152.0,1.034013605442177,147.0,1.013793103448276,145.0,0.9863945578231292,147.0,0.98,145.0,0.9931506849315068,146.0,1.020979020979021,143.0,0.9662162162162162,148.0,1.0206896551724138,201.0,-0.1354411838039499,0.1570919772597395,100.0,101.0,-0.1497325253443857,-0.1785816519564029,0.5637419174802888,-0.5023184966622246,0.0873344443754324,0.465,0.455,0.5,0.53,0.805,1.0
150.0,0.9933774834437086,151.0,1.0066666666666666,150.0,0.3712871287128713,404.0,2.906474820143885,155.0,1.0472972972972974,148.0,0.4698412698412698,315.0,2.2992700729927007,137.0,0.9013157894736842,209.0,-0.096393189440077,0.1532749336098511,101.0,108.0,-0.1242022149148913,-0.1646734397526351,0.6332894046469797,-0.457020747416938,0.1603774279707709,0.3,0.445,0.485,0.51,0.745,1.0
148.0,1.0136986301369864,146.0,1.0,146.0,0.9864864864864864,148.0,0.3915343915343915,379.0,2.828358208955224,134.0,0.9054054054054054,148.0,1.0136986301369864,146.0,0.9798657718120806,368.0,-0.2059179973632881,0.1158936040422129,103.0,265.0,-0.1853574876940742,-0.2023417049802345,0.4191313832581372,-0.5787819325277677,-0.0204637517391227,0.195,0.26,0.28,0.295,0.42,1.0
150.0,1.0273972602739727,146.0,0.9733333333333334,150.0,0.9554140127388536,157.0,1.0608108108108107,146.0,0.9864864864864865,148.0,0.9673202614379084,153.0,1.0337837837837838,148.0,0.9801324503311258,199.0,-0.0587292327285032,0.1805277875465853,97.0,102.0,-0.1019167717454834,-0.126327069786026,0.9404237850478662,-0.5389173346647084,0.1956069149610221,0.325,0.42,0.49,0.515,0.755,1.0
154.0,1.0065359477124185,153.0,1.0,153.0,0.8742857142857143,175.0,1.881720430107527,132.0,1.4666666666666666,90.0,1.125,80.0,1.0126582278481011,79.0,0.5448275862068965,152.0,-0.1898351458475464,0.1523697130224133,60.0,92.0,-0.229710428476821,-0.2749582921722419,0.7992549792821149,-0.15779322082079,-0.1113800270273579,0.34,0.36,0.395,0.465,0.44,1.0
146.0,0.9605263157894736,152.0,1.0201342281879195,149.0,0.9675324675324676,154.0,0.9871794871794872,146.0,0.9668874172185431,151.0,0.9741935483870968,155.0,1.0333333333333334,150.0,0.9933774834437086,207.0,-0.179926506032334,0.1595477348249172,105.0,102.0,-0.220042652985249,-0.2408259748891063,0.58338455008739,-0.5698745048930445,0.0708352410300819,0.31,0.45,0.51,0.535,0.785,1.0
151.0,0.360381861575179,419.0,0.5054282267792521,829.0,4.876470588235295,170.0,1.683168316831683,130.0,0.9558823529411765,136.0,0.317016317016317,429.0,1.8982300884955752,226.0,1.6258992805755397,177.0,-0.064259419179557,0.1735348336212946,86.0,91.0,-0.0320957043939557,-0.0429804750801249,0.705531346038936,-0.4831859564483479,0.1553955815365819,0.425,0.45,0.49,0.52,0.795,1.0
85.0,0.9444444444444444,90.0,1.0344827586206895,87.0,1.0357142857142858,84.0,0.8235294117647058,106.0,0.41732283464566927,254.0,2.54,100.0,0.6756756756756757,148.0,0.6577777777777778,138.0,-0.3721090396410564,0.210018349799691,64.0,74.0,-0.3394729552453136,-0.4094077309360013,0.7299236465807385,-0.42325028493507,-0.2680461517216284,0.41,0.43,0.465,0.55,0.51,1.0
416.0,1.0558375634517767,394.0,2.962406015037594,133.0,0.93006993006993,143.0,1.0214285714285714,146.0,1.0138888888888888,144.0,0.4079320113314447,353.0,2.557971014492753,138.0,0.9452054794520548,203.0,-0.1950248035950307,0.147338329841286,101.0,102.0,-0.2119467015730829,-0.2328797587523254,0.4761509936204618,-0.624880852835476,-0.0656560845466363,0.415,0.465,0.5,0.525,0.74,1.0
151.0,1.0413793103448277,145.0,0.9731543624161074,149.0,1.0067567567567568,148.0,1.0068027210884354,391.0,0.7621832358674464,513.0,1.8387096774193548,279.0,2.0071942446043165,139.0,0.9455782312925172,376.0,-0.2506490354891132,0.1016439935957675,103.0,273.0,-0.2386057299381708,-0.2604691911919303,0.3531163559196846,-0.5680371144241869,-0.1951466151579025,0.24,0.255,0.275,0.29,0.395,1.0
150.0,0.3816793893129771,393.0,2.889705882352941,136.0,0.3830985915492957,355.0,2.517730496453901,304.0,2.1870503597122304,139.0,0.9205298013245032,151.0,0.4015957446808511,376.0,2.7246376811594204,313.0,-0.1201721799035824,0.1492360128436953,101.0,212.0,-0.1409635881666272,-0.1586270565006616,0.7979621167452138,-0.4977584066391947,0.1965788547262271,0.19,0.295,0.325,0.345,0.495,1.0
212.0,1.145945945945946,185.0,0.8685446009389671,213.0,0.9508928571428572,224.0,1.0,225.0,2.5,90.0,0.8490566037735849,106.0,0.4711111111111111,225.0,2.393617021276596,229.0,-0.1869100211001908,0.19955570739049,72.0,157.0,-0.2581581363182545,-0.2679710519694893,0.620377514804844,-0.2396237681549382,-0.0788283684368102,0.28,0.3,0.32,0.335,0.48,1.0
365.0,2.744360902255639,133.0,0.93006993006993,143.0,1.0070422535211268,142.0,0.3585858585858585,146.0,1.006896551724138,145.0,1.0283687943262412,141.0,1.0,141.0,0.9724137931034482,200.0,-0.1675437247134534,0.1320861112069638,98.0,102.0,-0.1569153944354916,-0.221915255973923,0.3930847994107044,-0.5057455186909455,0.0372979222454972,0.32,0.445,0.495,0.52,0.785,1.0
238.0,2.106194690265487,113.0,1.3452380952380951,84.0,0.9545454545454546,88.0,0.4378109452736318,101.0,0.8145161290322581,124.0,1.3478260869565215,92.0,1.1358024691358024,81.0,1.0125,136.0,-0.1531770458589522,0.2326390343294994,66.0,70.0,-0.1472766372216455,-0.2207492236160158,1.2678787878532238,-0.1548611430034267,-0.1399487672669887,0.42,0.45,0.485,0.58,0.81,1.0
146.0,0.9798657718120806,149.0,1.0205479452054795,146.0,0.36318407960199,402.0,2.851063829787234,149.0,1.0205479452054795,146.0,1.006896551724138,145.0,0.4239766081871345,342.0,2.442857142857143,198.0,-0.050144943787655,0.1373545701245645,94.0,104.0,-0.0514187170889766,-0.0886554980398964,0.6027666463557356,-0.4476123172860661,0.079815647380395,0.335,0.425,0.48,0.505,0.81,1.0
149.0,1.0067567567567568,148.0,1.0277777777777777,144.0,0.9863013698630136,146.0,0.3403263403263403,394.0,2.8970588235294117,136.0,0.9006622516556292,151.0,0.383248730964467,394.0,2.8142857142857145,377.0,-0.2013739061552618,0.1109842091158444,102.0,275.0,-0.2400461880700053,-0.2423210449816537,0.3434870846410772,-0.5002130786657867,-0.1203223535200814,0.19,0.25,0.275,0.29,0.395,1.0
238.0,1.1666666666666667,204.0,1.0461538461538462,195.0,1.1079545454545454,176.0,1.011494252873563,213.0,2.340659340659341,91.0,0.4918918918918919,185.0,1.989247311827957,93.0,0.8691588785046729,223.0,-0.2429214572040764,0.0849140190912992,74.0,149.0,-0.2709181495287129,-0.4702328681656526,0.2761294230431738,-0.3473676077324276,-0.1597842932770104,0.3,0.32,0.335,0.35,0.475,1.0
149.0,1.0,149.0,1.0136054421768708,147.0,0.4106145251396648,358.0,1.3065693430656935,151.0,1.0413793103448277,145.0,0.9731543624161074,149.0,1.0067567567567568,148.0,1.0068027210884354,208.0,-0.2497824108019929,0.1415867390451862,103.0,105.0,-0.2565971848128839,-0.3023786852157405,0.4943260470209457,-0.5811485431276201,-0.0534756944743122,0.465,0.455,0.5,0.52,0.78,1.0
150.0,0.4043126684636118,371.0,2.748148148148148,135.0,0.3846153846153846,351.0,2.525179856115108,148.0,1.034965034965035,143.0,0.3864864864864865,370.0,2.7007299270072997,137.0,0.9194630872483222,201.0,-0.3279652829989946,0.1251971334817515,98.0,103.0,-0.345,-0.374036932838549,0.125176838260945,-0.6552658433827419,-0.1297137541987357,0.32,0.45,0.495,0.52,0.78,1.0
384.0,2.762589928057554,139.0,0.9266666666666666,150.0,0.4143646408839779,362.0,2.701492537313433,145.0,0.9797297297297297,148.0,0.9801324503311258,151.0,1.0272108843537415,147.0,0.3838120104438642,203.0,-0.0982660455643071,0.1309028992969297,102.0,101.0,-0.0389198877156066,-0.2036634812897357,0.4288973268269809,-0.3795591183564665,0.0649761179516859,0.445,0.465,0.51,0.535,0.8,1.0
131.0,1.0,131.0,0.9703703703703704,135.0,0.9926470588235294,136.0,1.1239669421487604,110.0,1.0091743119266054,109.0,0.9316239316239316,117.0,0.951219512195122,123.0,1.0423728813559323,141.0,-0.1737364512024278,0.26296755702892,64.0,77.0,-0.1619510610951042,-0.1782321581571761,1.3155917907112071,-0.1221963427238345,-0.1221963427238345,0.39,0.415,0.46,0.505,0.505,1.0
144.0,1.0,144.0,0.9664429530201344,149.0,0.9933333333333332,150.0,1.0344827586206895,147.0,0.9932432432432432,148.0,0.3449883449883449,429.0,3.1313868613138687,137.0,0.9194630872483222,200.0,-0.1847476634607966,0.1633518621330908,98.0,102.0,-0.1891497351230386,-0.24,0.6478738670379928,-0.610747595613966,0.0444253705925049,0.325,0.445,0.495,0.52,0.755,1.0
146.0,0.9931972789115646,147.0,0.9735099337748344,151.0,1.0272108843537415,147.0,0.3,147.0,0.98,150.0,0.4,375.0,0.7253384912959381,517.0,2.0597609561752988,203.0,-0.1323406184343891,0.1453111822022782,101.0,102.0,-0.1818820583137737,-0.2179649682875357,0.5030054689895826,-0.5219866322230742,0.1283099225649367,0.46,0.45,0.505,0.525,0.785,1.0
112.0,0.6054054054054054,185.0,1.8137254901960784,102.0,0.5604395604395604,182.0,1.6545454545454543,185.0,1.8137254901960784,102.0,0.4951456310679611,206.0,2.080808080808081,99.0,0.456221198156682,194.0,-0.2455863990528889,0.2041639893922372,65.0,129.0,-0.0898536013692877,-0.3046063295113918,0.7028210891752542,-0.1663545939306174,-0.134535028616412,0.185,0.32,0.335,0.355,0.36,1.0
146.0,0.9931972789115646,147.0,1.027972027972028,143.0,0.986206896551724,145.0,0.9931506849315068,147.0,1.013793103448276,145.0,1.0,145.0,0.9731543624161074,149.0,1.0205479452054795,207.0,-0.1810077540541214,0.1590555201758386,105.0,102.0,-0.1360649489322421,-0.2446826293567908,0.5150335100691941,-0.5739072972438135,0.0229918457682252,0.44,0.48,0.515,0.54,0.76,1.0
393.0,2.911111111111111,135.0,0.9183673469387756,147.0,1.013793103448276,145.0,0.3698979591836734,381.0,2.801470588235294,136.0,0.9315068493150684,146.0,0.3903743315508021,374.0,2.72992700729927,366.0,-0.051918336627211,0.1041416115077994,100.0,266.0,-0.0508569574418882,-0.0713201625013082,0.5616969143760683,-0.3996823726815424,0.1334512845331533,0.205,0.255,0.275,0.29,0.42,1.0
147.0,0.3056133056133056,481.0,0.88909426987061,541.0,2.1215686274509804,255.0,1.8085106382978724,298.0,2.1911764705882355,136.0,0.9251700680272108,147.0,0.4049586776859504,363.0,2.592857142857143,312.0,-0.0701121798341425,0.1173718243975689,104.0,208.0,-0.0772486767490815,-0.0981413380048347,0.5314474361087174,-0.3829210468822916,0.1056550879711157,0.195,0.31,0.335,0.355,0.505,1.0
149.0,0.9933333333333332,150.0,1.0344827586206895,145.0,0.3815789473684211,380.0,2.695035460992908,429.0,3.1313868613138687,137.0,0.9194630872483222,149.0,0.4116022099447514,362.0,2.742424242424242,403.0,-0.2364243096239583,0.1171540960605302,103.0,300.0,-0.2189769171881091,-0.2119153510880393,0.4338664802311447,-0.6492085515851654,-0.0881988449269604,0.155,0.245,0.255,0.27,0.38,1.0
169.0,0.9883040935672516,171.0,1.0555555555555556,162.0,0.8526315789473684,190.0,1.2418300653594772,97.0,1.2597402597402598,77.0,1.0547945205479452,73.0,0.6636363636363637,110.0,0.8461538461538461,117.0,-0.1568618824827759,0.1967353666290197,50.0,67.0,-0.0858447465917082,-0.0841226765290625,0.8661936641394026,-0.1862205203988619,-0.0620307794807104,0.37,0.39,0.435,0.51,0.68,1.0
144.0,0.3645569620253164,395.0,2.9477611940298507,134.0,0.9178082191780822,146.0,1.0138888888888888,380.0,2.6950354609929077,141.0,0.9463087248322148,149.0,0.407103825136612,366.0,2.6142857142857143,367.0,-0.2453345214261444,0.1263137387607172,101.0,266.0,-0.2578167501749006,-0.2688474040519515,0.4484025132158772,-0.6886775275562806,-0.1863760814979796,0.215,0.255,0.275,0.29,0.39,1.0
90.0,0.379746835443038,237.0,2.257142857142857,105.0,1.2352941176470589,85.0,0.3953488372093023,219.0,2.1683168316831685,101.0,0.3519163763066202,287.0,2.841584158415841,101.0,0.3581560283687943,219.0,-0.3238488159972595,0.2991185677216224,66.0,153.0,-0.357110552763819,-0.3601260007341208,1.572432161790383,-0.5038636641730373,-0.3748663721201298,0.215,0.24,0.305,0.375,0.53,1.0
127.0,1.0241935483870968,124.0,1.169811320754717,106.0,0.8346456692913385,127.0,0.7514792899408284,195.0,2.2674418604651163,86.0,0.5029239766081871,171.0,1.8,95.0,0.6418918918918919,185.0,0.2217512810292476,0.1459642962027509,49.0,136.0,0.1803100644631675,-0.0018241239701909,0.49345954874155,-0.041979310318722,0.3549978944093159,0.18,0.23,0.27,0.315,0.445,1.0
152.0,0.3979057591623036,382.0,2.7681159420289854,138.0,0.9324324324324323,148.0,0.3925729442970822,152.0,0.40105540897097625,379.0,2.786764705882353,136.0,0.9006622516556292,151.0,0.4026666666666667,201.0,-0.1792231197300235,0.15697385360198,95.0,106.0,-0.1819354760962463,-0.2095068081975218,0.5517015639717298,-0.5658052688983826,0.0464705000503915,0.36,0.44,0.48,0.505,0.78,1.0
149.0,1.0067567567567568,148.0,0.3785166240409207,391.0,0.7621832358674464,513.0,1.8387096774193548,144.0,0.9473684210526315,152.0,1.0066225165562914,151.0,1.0134228187919463,149.0,0.3688118811881188,200.0,-0.2334259951926009,0.1286121356982955,100.0,100.0,-0.2419436682903266,-0.2549157599746239,0.3947755814715618,-0.5801682308212697,-0.0469721082993126,0.3,0.455,0.505,0.53,0.795,1.0
95.0,0.4025423728813559,236.0,1.3111111111111111,180.0,0.8695652173913043,207.0,0.8181818181818182,151.0,1.6593406593406594,91.0,0.6148648648648649,148.0,1.3577981651376148,109.0,1.058252427184466,170.0,-0.1254929078451095,0.1210813916756494,65.0,105.0,-0.1002399201742592,-0.1203219313164922,0.6220033310378001,-0.0781954572803951,-0.0394576506489123,0.345,0.36,0.385,0.44,0.42,1.0
147.0,0.9865771812080536,149.0,0.1308165057067603,1139.0,4.846808510638298,235.0,1.715328467153285,148.0,1.034965034965035,143.0,0.2440273037542662,586.0,1.260215053763441,465.0,0.9046692607003892,206.0,-0.1496107147367474,0.14775280315102,103.0,103.0,-0.175,-0.2034278296288775,0.5808229246329534,-0.5282323217361791,0.0394572605906468,0.36,0.465,0.5,0.525,0.775,1.0
147.0,0.98,150.0,0.2631578947368421,570.0,2.511013215859031,227.0,1.6214285714285714,362.0,2.701492537313433,134.0,0.9178082191780822,146.0,0.9798657718120806,149.0,0.9738562091503268,358.0,-0.1933035388504811,0.1076166366289267,105.0,253.0,-0.2489604485397966,-0.2456060409827794,0.4527912600935003,-0.5546087866129236,-0.051661577101872,0.25,0.265,0.295,0.31,0.435,1.0
102.0,1.2,85.0,0.9239130434782608,92.0,1.010989010989011,91.0,1.011111111111111,82.0,0.9318181818181818,88.0,0.967032967032967,91.0,1.0963855421686748,83.0,0.988095238095238,116.0,-0.196035048129861,0.2925279983527818,59.0,57.0,-0.156830793157244,-0.1758720789077428,1.3003593385549868,-0.136681156821429,-0.1109316451491589,0.415,0.45,0.52,0.565,0.57,1.0
188.0,2.0,94.0,0.4140969162995594,227.0,2.4148936170212765,94.0,0.4253393665158371,242.0,2.5208333333333335,96.0,0.6956521739130435,138.0,1.6626506024096386,83.0,0.7685185185185185,236.0,-0.1065278255906845,0.1514644144107718,67.0,169.0,-0.1481878453717734,-0.2054258971773147,1.0844541735226625,-0.1402289296645435,-0.1353012704831283,0.235,0.265,0.285,0.33,0.36,1.0
150.0,1.0416666666666667,144.0,0.4198250728862974,343.0,2.5407407407407407,135.0,0.9246575342465754,148.0,1.034965034965035,143.0,0.3666666666666666,390.0,2.977099236641221,131.0,0.8791946308724832,208.0,-0.1682879800558541,0.1693268253986054,105.0,103.0,-0.1957933143067404,-0.1980090708755005,0.6111973657257388,-0.5466027623099294,0.0746134369046015,0.3,0.475,0.51,0.535,0.81,1.0
150.0,1.1811023622047243,127.0,0.9202898550724636,138.0,0.9019607843137256,153.0,0.9622641509433962,89.0,0.6267605633802817,142.0,1.5106382978723405,94.0,0.5911949685534591,159.0,1.0460526315789471,120.0,-0.1329009702323112,0.1381199470932875,58.0,62.0,-0.0882370841192301,-0.175290361728049,0.5888795219892267,-0.3085499379226775,0.0211430674231615,0.25,0.44,0.485,0.555,0.52,1.0
149.0,0.2310077519379845,645.0,2.5595238095238093,252.0,1.8,140.0,0.9655172413793104,149.0,1.0,149.0,0.2376395534290271,627.0,1.9532710280373835,321.0,2.2928571428571427,209.0,-0.0152577349345997,0.1478364091618541,105.0,104.0,-0.038077280390195,-0.0631310272798286,0.6785272193692435,-0.4610089828973003,0.2161609124100134,0.31,0.46,0.505,0.53,0.78,1.0
147.0,0.9865771812080536,149.0,1.0,149.0,0.2689530685920577,554.0,1.8528428093645488,145.0,0.9797297297297297,148.0,0.9801324503311258,151.0,0.3784461152882205,399.0,1.4,201.0,-0.229818011934099,0.1587408313701585,100.0,101.0,-0.2575839608412336,-0.2826884422110553,0.602509946513741,-0.6274857316713368,0.0085531753493902,0.295,0.46,0.505,0.53,0.79,1.0
147.0,1.027972027972028,143.0,0.986206896551724,145.0,0.9931506849315068,146.0,1.042857142857143,145.0,1.0,145.0,0.9731543624161074,149.0,1.0205479452054795,146.0,0.9864864864864864,203.0,-0.2074127715045615,0.1500356679580705,102.0,101.0,-0.1488583413340855,-0.2527050586445746,0.355040524643978,-0.6315186354188523,0.008917989262113,0.265,0.475,0.51,0.54,0.77,1.0
151.0,1.0413793103448277,145.0,0.9931506849315068,146.0,0.2487223168654173,587.0,1.1646825396825398,145.0,1.0,145.0,1.0069444444444444,144.0,1.006993006993007,143.0,0.9662162162162162,201.0,-0.1267137853981408,0.1480369436142687,100.0,101.0,-0.1401037180216264,-0.1677353895930016,0.5617687542282153,-0.4478295700468523,0.0691084631351453,0.3,0.46,0.5,0.53,0.8,1.0
146.0,0.2097701149425287,696.0,2.5494505494505493,273.0,2.022222222222222,135.0,0.9183673469387756,145.0,0.9602649006622517,151.0,1.0342465753424657,146.0,0.9798657718120806,149.0,0.2744014732965009,201.0,-0.1156282306552484,0.1489525821620291,100.0,101.0,-0.1418593449786769,-0.1607298545809138,0.5450516794972262,-0.5005339114754819,0.1104204860436572,0.455,0.445,0.5,0.53,0.785,1.0
149.0,0.9933333333333332,150.0,1.0135135135135136,148.0,1.034965034965035,143.0,0.3666666666666666,143.0,0.3896457765667575,367.0,2.738805970149253,134.0,0.9571428571428572,140.0,0.3846153846153846,202.0,-0.2447999737041358,0.1812511756587419,102.0,100.0,-0.2520001264526009,-0.2978128888361493,0.6381390238185841,-0.6276291908826299,-0.1182904220940539,0.47,0.455,0.51,0.54,0.755,1.0
146.0,1.0138888888888888,144.0,0.3214285714285714,448.0,1.6173285198555956,277.0,1.9928057553956835,149.0,0.9675324675324676,154.0,0.9871794871794872,156.0,1.033112582781457,151.0,0.3094262295081967,210.0,-0.2608359353627063,0.1415573589978891,106.0,104.0,-0.2841848119640061,-0.3075378497256344,0.4238156165438327,-0.6346655946856583,-0.1456313742335546,0.455,0.47,0.505,0.53,0.73,1.0
144.0,0.9664429530201344,149.0,1.0347222222222223,144.0,0.9664429530201344,149.0,0.9933333333333332,145.0,1.0211267605633803,142.0,0.9726027397260274,146.0,0.9864864864864864,148.0,1.0277777777777777,204.0,-0.150192437493845,0.173399694350845,103.0,101.0,-0.1268446205985688,-0.2184334274421078,0.7003930616752952,-0.6351400337110061,0.0599500081337309,0.31,0.48,0.51,0.535,0.79,1.0
145.0,0.4898648648648648,296.0,2.1142857142857143,140.0,0.9271523178807948,151.0,1.0342465753424657,147.0,1.0068493150684932,146.0,0.4159544159544159,351.0,2.525179856115108,139.0,0.9586206896551724,205.0,0.0004386410645183,0.1541223641182761,103.0,102.0,-0.0095502361507241,-0.0738755974738396,0.7059726118269107,-0.3682150562036649,0.2512365251658256,0.315,0.47,0.505,0.53,0.79,1.0
154.0,0.9625,160.0,1.0126582278481011,158.0,0.9634146341463414,164.0,1.312,201.0,1.1355932203389831,177.0,1.059880239520958,167.0,1.04375,160.0,0.98159509202454,222.0,-0.3409126699282971,0.1590979952015665,82.0,140.0,-0.121034244137312,-0.5479007763855731,0.935464840856426,-0.4822046885484219,-0.3487359046977382,0.195,0.345,0.37,0.39,0.64,1.0
270.0,1.9424460431654675,139.0,0.952054794520548,146.0,0.9864864864864864,148.0,0.9932885906040269,150.0,0.974025974025974,154.0,1.0335570469798658,149.0,0.9802631578947368,152.0,0.238244514106583,207.0,0.0779476513610894,0.1367689084621281,102.0,105.0,0.0465396116527311,0.0385058251063681,0.6701366017419401,-0.298579920907998,0.2873817628208849,0.45,0.46,0.495,0.52,0.755,1.0
149.0,1.0136054421768708,147.0,1.0208333333333333,144.0,1.006993006993007,143.0,0.9662162162162162,148.0,0.9801324503311258,151.0,1.0342465753424657,146.0,0.2097701149425287,696.0,2.5494505494505493,204.0,-0.2228846705137393,0.118837295979975,101.0,103.0,-0.2275728222682808,-0.2671838280241246,0.2788240407822637,-0.5394135345622904,-0.0731592992554874,0.305,0.45,0.5,0.525,0.785,1.0
188.0,1.9183673469387756,98.0,0.4875621890547263,201.0,2.1157894736842104,95.0,0.5,189.0,1.96875,96.0,0.5423728813559322,177.0,1.6238532110091743,109.0,0.558974358974359,220.0,-0.0196092215351081,0.1146193858793928,88.0,132.0,0.11951219003893,-0.0651761952844059,0.8561446419220644,-0.0960496737671543,0.0681460809063674,0.26,0.385,0.4,0.42,0.545,1.0
172.0,1.5221238938053097,113.0,0.653179190751445,173.0,1.4661016949152543,118.0,0.6555555555555556,185.0,1.8137254901960784,102.0,0.5604395604395604,182.0,1.6545454545454543,110.0,1.375,207.0,-0.2258510936179393,0.1595217983782619,78.0,129.0,-0.0515402573436808,-0.2138503701891181,0.6807102323518334,-0.1693348078084749,-0.1421593263080324,0.225,0.36,0.38,0.4,0.43,1.0
362.0,2.6814814814814816,135.0,0.906040268456376,149.0,1.0567375886524824,141.0,0.9527027027027029,147.0,0.44410876132930516,331.0,2.470149253731343,134.0,0.9305555555555556,144.0,1.0140845070422535,202.0,-0.2221613037376704,0.1542106147050194,100.0,102.0,-0.2544804690477653,-0.2828463137401192,0.4982998788820748,-0.6106289732819009,-0.0032619874436126,0.435,0.455,0.5,0.525,0.8,1.0
304.0,2.1870503597122304,139.0,0.9205298013245032,151.0,0.4015957446808511,376.0,2.7246376811594204,149.0,1.0347222222222223,144.0,0.4864864864864865,296.0,2.208955223880597,134.0,0.91156462585034,206.0,-0.1659072897416678,0.1667201040403325,102.0,104.0,-0.2118799406171431,-0.2357892632964718,0.6589306678187529,-0.5735363982576156,0.1098707265624358,0.325,0.445,0.5,0.525,0.775,1.0
148.0,0.3936170212765957,376.0,2.7246376811594204,138.0,0.9517241379310344,145.0,0.9797297297297296,147.0,1.0068493150684932,146.0,1.0,146.0,1.020979020979021,143.0,0.9727891156462584,196.0,-0.1368405256201831,0.1678243711059556,94.0,102.0,-0.1275632730111185,-0.1719781878060283,0.7749850446203701,-0.509765272341559,0.0357885668139878,0.27,0.455,0.485,0.51,0.77,1.0
134.0,1.1452991452991452,117.0,0.75,156.0,1.1142857142857143,140.0,1.25,184.0,1.3142857142857143,140.0,0.8284023668639053,169.0,1.3,130.0,0.935251798561151,173.0,-0.0869645829065777,0.1180673021125427,45.0,128.0,-0.1684168543561328,-0.2090666701419974,0.3761869065218,-0.3235888939841415,-0.0079403102980982,0.14,0.225,0.265,0.31,0.285,1.0
151.0,1.0272108843537415,147.0,0.3,490.0,1.828358208955224,268.0,1.9142857142857144,375.0,0.7253384912959381,517.0,2.0597609561752988,251.0,1.8057553956834531,139.0,0.9652777777777778,367.0,-0.1593381557177022,0.1173881871446692,105.0,262.0,-0.1465238126993518,-0.160510369387788,0.412421794014276,-0.477443807941444,-0.0209066668189993,0.205,0.265,0.285,0.3,0.415,1.0
71.0,0.8352941176470589,85.0,0.6854838709677419,124.0,0.8,155.0,0.9171597633136096,129.0,0.9699248120300752,133.0,1.5647058823529412,85.0,0.5985915492957746,142.0,0.7845303867403315,148.0,-0.378125690520403,0.1396833538072947,58.0,90.0,-0.411518428630252,-0.6586579113075072,0.1597748844328526,-0.4562155555413771,-0.2617115368233539,0.285,0.365,0.39,0.415,0.67,1.0
148.0,1.0,148.0,0.2761194029850746,536.0,2.310344827586207,232.0,1.6571428571428573,151.0,1.0202702702702702,148.0,1.0136986301369864,146.0,0.9864864864864864,148.0,0.9866666666666668,211.0,-0.1356580249121558,0.1612365906089132,106.0,105.0,-0.1558813633490582,-0.1561666861883106,0.721740606172538,-0.4726298480530376,0.1211237502954352,0.46,0.48,0.505,0.535,0.8,1.0
372.0,2.601398601398601,143.0,0.9662162162162162,148.0,1.0277777777777777,144.0,0.9863013698630136,148.0,1.0206896551724138,145.0,0.9931506849315068,146.0,1.0138888888888888,144.0,0.993103448275862,197.0,0.1481300868572144,0.1305032875618872,94.0,103.0,0.1613516831759699,0.1022228915151302,0.7265624036114569,-0.1623037578792067,0.3601774196604336,0.26,0.44,0.48,0.505,0.785,1.0
146.0,1.020979020979021,143.0,0.3950276243093922,362.0,2.6423357664233578,137.0,0.9256756756756755,148.0,1.0068027210884354,147.0,1.013793103448276,145.0,0.3961748633879781,366.0,2.652173913043478,198.0,-0.2414306678688063,0.1221678377156335,95.0,103.0,-0.1641384342226232,-0.3072353822804368,0.2622048652091064,-0.5631751635421601,-0.0380547826793468,0.26,0.425,0.485,0.51,0.785,1.0
105.0,0.9905660377358492,106.0,0.9298245614035088,114.0,1.0363636363636364,110.0,1.0476190476190477,93.0,0.9117647058823529,102.0,1.2,85.0,0.9239130434782608,92.0,1.010989010989011,126.0,-0.226631200613978,0.2867737885570639,61.0,65.0,-0.2274066729630711,-0.2362268577642441,1.2749423773687554,-0.1761962697224223,-0.1761962697224223,0.38,0.43,0.495,0.54,0.54,1.0
316.0,2.289855072463768,138.0,0.9324324324324323,148.0,1.0,148.0,0.9801324503311258,149.0,1.0205479452054795,146.0,0.9733333333333334,150.0,1.0273972602739727,146.0,0.9668874172185432,209.0,-0.1993852429358437,0.1520949979780367,105.0,104.0,-0.1882171354932011,-0.2225590540381996,0.2999688001530376,-0.4293177569991803,-0.0289095409475815,0.315,0.475,0.51,0.53,0.8,1.0
156.0,1.0129870129870129,154.0,1.013157894736842,152.0,1.0066225165562914,151.0,1.0134228187919463,537.0,2.452054794520548,219.0,1.5755395683453235,139.0,0.9328859060402684,149.0,1.0,480.0,-0.2130047370371862,0.1208509441830024,105.0,375.0,-0.2320854271356783,-0.210449776720885,0.7040846767573683,-0.4940538172173794,-0.1037099122583845,0.13,0.205,0.22,0.235,0.315,1.0
148.0,0.9801324503311258,151.0,1.0413793103448277,145.0,0.9731543624161074,149.0,1.0067567567567568,148.0,0.37851662404092073,391.0,0.7621832358674464,513.0,1.8387096774193548,279.0,2.0071942446043165,207.0,-0.2386118296217211,0.1368788145968672,104.0,103.0,-0.2816834729567415,-0.3004330401255796,0.3639654694736431,-0.6658921586908337,-0.0690248713736423,0.315,0.47,0.51,0.53,0.76,1.0
146.0,0.9864864864864864,148.0,0.9736842105263158,152.0,1.0133333333333334,150.0,1.0135135135135136,327.0,2.369565217391304,138.0,0.4367088607594936,316.0,2.289855072463768,138.0,0.9324324324324323,332.0,-0.1631744326846511,0.1205269511204493,104.0,228.0,-0.1473618090452261,-0.1517769202607877,0.5431687607734412,-0.555975840555227,0.0684760105708873,0.29,0.295,0.315,0.33,0.48,1.0
554.0,1.8528428093645488,299.0,2.105633802816901,142.0,0.9403973509933776,151.0,1.0134228187919463,399.0,1.4,285.0,2.0357142857142856,140.0,0.9333333333333332,150.0,1.0067114093959733,384.0,-0.2243199153456176,0.1143262714506235,105.0,279.0,-0.2270401074079276,-0.2519468343987553,0.4847094808146872,-0.6274882788075808,-0.0993976368757726,0.165,0.245,0.275,0.29,0.4,1.0
109.0,1.0,109.0,0.981981981981982,111.0,1.0,111.0,0.9823008849557522,132.0,1.1891891891891893,111.0,1.0,111.0,0.9652173913043478,115.0,1.0087719298245614,153.0,-0.1538074011688118,0.4922416350701029,61.0,92.0,-0.0617960610782916,-0.3767237559532586,2.126979717912559,-0.7927314206858067,0.2208443813723426,0.23,0.365,0.4,0.445,0.68,1.0
151.0,0.383248730964467,394.0,2.8142857142857145,140.0,0.945945945945946,148.0,1.0206896551724138,312.0,2.345864661654135,133.0,0.8807947019867549,151.0,1.0272108843537415,147.0,0.3838120104438642,321.0,-0.1617106930782848,0.1194886390714536,103.0,218.0,-0.1696386355903869,-0.1780315739438864,0.4748849432257743,-0.5117990604062242,-0.0205843189347389,0.285,0.295,0.325,0.34,0.485,1.0
147.0,0.4441087613293051,331.0,2.470149253731343,134.0,0.9305555555555556,144.0,1.0140845070422535,145.0,0.3680203045685279,394.0,2.855072463768116,138.0,0.9452054794520548,146.0,0.3753213367609254,199.0,-0.1295561851282262,0.1225205470104672,98.0,101.0,-0.1600649103021497,-0.1599225156468687,0.3701227082010849,-0.4661704501861758,0.0599406901557041,0.365,0.465,0.5,0.525,0.805,1.0
137.0,0.958041958041958,143.0,0.405099150141643,353.0,2.576642335766423,137.0,0.9383561643835616,357.0,2.6444444444444444,135.0,0.9121621621621622,148.0,1.0277777777777777,144.0,0.4,348.0,-0.3352327037104906,0.1097713108027456,99.0,249.0,-0.3565186146845039,-0.3564074408195793,0.2400298236505854,-0.6341581620061109,-0.1389440910086091,0.225,0.265,0.285,0.305,0.445,1.0
156.0,1.033112582781457,151.0,1.0134228187919463,149.0,0.25,596.0,2.462809917355372,149.0,0.2310077519379845,645.0,2.5595238095238093,252.0,1.8,140.0,0.9655172413793104,206.0,-0.2244090886266135,0.1328469261087861,102.0,104.0,-0.2554229173316127,-0.2838094977936412,0.3352338812314034,-0.6811867667359774,-0.0214423845564431,0.3,0.46,0.505,0.525,0.79,1.0
146.0,0.3659147869674185,399.0,1.3758620689655172,290.0,2.1323529411764706,136.0,0.9444444444444444,378.0,1.3309859154929577,284.0,2.103703703703704,135.0,0.9121621621621622,148.0,1.0277777777777777,367.0,-0.1833680664371714,0.1125217768077439,103.0,264.0,-0.1932234418266998,-0.1741490577744522,0.4692536405212041,-0.5378965412004162,0.0233948150298052,0.165,0.265,0.28,0.295,0.42,1.0
168.0,1.826086956521739,92.0,0.423963133640553,217.0,2.237113402061856,97.0,0.532967032967033,200.0,2.1052631578947367,95.0,0.4611650485436893,206.0,1.4714285714285715,140.0,0.6730769230769231,205.0,-0.1498580045823006,0.1127674765612465,65.0,140.0,-0.1887580259186287,-0.2783811957673167,0.630369824691656,-0.1519516177246028,-0.040804571789951,0.25,0.3,0.32,0.375,0.345,1.0
147.0,1.013793103448276,145.0,0.9731543624161074,149.0,1.041958041958042,143.0,0.9930555555555556,144.0,0.33962264150943394,424.0,1.4722222222222223,288.0,2.149253731343284,134.0,0.9054054054054054,205.0,-0.1793965366598123,0.1409343380985443,105.0,100.0,-0.2134494221206109,-0.2177058272801783,0.4083622802448392,-0.6178611032461134,0.0017036065242356,0.47,0.485,0.52,0.54,0.78,1.0
351.0,2.525179856115108,139.0,0.9586206896551724,145.0,0.9797297297297296,148.0,0.9736842105263158,149.0,0.27389705882352944,544.0,2.045112781954887,266.0,1.9,140.0,0.9722222222222222,210.0,0.0544070546749559,0.1545612463503752,106.0,104.0,0.0234032476880594,0.0108832922781286,0.7017631902988801,-0.2963075274299224,0.3152142409781721,0.435,0.48,0.51,0.54,0.785,1.0
150.0,1.0273972602739727,146.0,1.028169014084507,142.0,1.0070921985815602,141.0,0.9929577464788732,555.0,2.4342105263157894,228.0,1.7142857142857142,133.0,0.93006993006993,143.0,0.3714285714285714,488.0,-0.2603241762210853,0.0943933816563034,100.0,388.0,-0.2531052271556874,-0.3008836007898562,0.2398093458477854,-0.561669629512534,-0.1373099074521315,0.125,0.185,0.205,0.22,0.305,1.0
272.0,2.4727272727272727,110.0,1.3414634146341464,82.0,0.3867924528301887,212.0,2.0,84.0,0.9333333333333333,90.0,0.9278350515463918,97.0,0.8362068965517241,116.0,0.8992248062015504,135.0,-0.0709787858972416,0.2527880056991576,77.0,58.0,-0.1674954049889,-0.2079646153152921,0.8703018792273763,-0.5651627785653675,0.3050699317243687,0.295,0.48,0.57,0.67,0.595,1.0
147.0,0.1771084337349397,830.0,3.721973094170404,223.0,1.6277372262773722,137.0,0.9448275862068966,144.0,0.9863013698630136,146.0,0.9668874172185432,151.0,1.0486111111111112,144.0,0.9664429530201344,200.0,-0.0546409863588001,0.1399432283642099,100.0,100.0,-0.0632663917742889,-0.1,0.4968695082687286,-0.434597769107416,0.1032015225243555,0.36,0.47,0.505,0.535,0.78,1.0
148.0,0.9866666666666668,150.0,1.0416666666666667,144.0,1.006993006993007,143.0,1.0070422535211268,147.0,1.013793103448276,145.0,0.9863945578231292,147.0,0.98,150.0,0.313152400835073,202.0,-0.1122014617719416,0.1673651570033155,100.0,102.0,-0.1527112519821853,-0.1707747968436236,0.7563424749879311,-0.5169936790104707,0.050046163647694,0.435,0.455,0.505,0.53,0.82,1.0
111.0,0.4977578475336323,223.0,1.0,223.0,2.027272727272728,110.0,0.9565217391304348,134.0,1.2884615384615385,104.0,0.8666666666666667,120.0,1.0714285714285714,112.0,1.4177215189873418,155.0,-0.2977354725832832,0.4982570907952272,62.0,93.0,-0.0627728392060287,-0.5724732818203194,2.074616790392519,-0.8568609387473163,-0.0799182738513878,0.215,0.36,0.405,0.455,0.67,1.0
385.0,2.8308823529411766,136.0,0.9444444444444444,144.0,0.9863013698630136,146.0,0.3659147869674185,145.0,0.27153558052434457,534.0,2.225,240.0,1.7647058823529411,136.0,0.9379310344827586,199.0,-0.1331437583697047,0.1470921356894474,98.0,101.0,-0.1187600533022835,-0.1914353515433081,0.5286128948030994,-0.5670109881718867,0.0720615247703822,0.35,0.46,0.5,0.525,0.79,1.0
150.0,0.9803921568627452,153.0,0.4058355437665782,377.0,2.7518248175182483,137.0,0.8954248366013072,145.0,0.9354838709677419,155.0,1.0763888888888888,144.0,0.9290322580645162,155.0,1.148148148148148,204.0,-0.2737176792676442,0.2966029940761908,103.0,101.0,-0.4298997697487855,-1.1092654288886863,0.3488515924800393,-0.5024206841617729,0.0998264447406216,0.27,0.45,0.51,0.535,0.805,1.0
145.0,1.013986013986014,143.0,0.3803191489361702,376.0,2.764705882352941,136.0,0.9066666666666666,146.0,1.0,146.0,0.9798657718120806,149.0,0.3104166666666667,480.0,1.7391304347826086,202.0,0.0203414393886995,0.1353074464963454,100.0,102.0,0.0867315381206825,-0.0752585289237733,0.5755856005745223,-0.3514823941783865,0.2423326080543903,0.44,0.465,0.5,0.525,0.79,1.0
243.0,1.8,135.0,0.906040268456376,149.0,1.0205479452054795,146.0,1.020979020979021,147.0,0.23633440514469453,622.0,1.3610503282275712,457.0,0.8788461538461538,520.0,1.037924151696607,206.0,-0.0887083563871116,0.1702449322602381,104.0,102.0,-0.1361360001098561,-0.1592552099370677,0.7954953175708456,-0.4865517812427923,0.1498111091802162,0.445,0.46,0.51,0.535,0.76,1.0
146.0,1.0,146.0,1.0354609929078014,141.0,0.436532507739938,323.0,2.3576642335766422,150.0,0.2631578947368421,570.0,2.511013215859031,227.0,1.6214285714285714,140.0,0.9523809523809524,207.0,-0.0058033886363561,0.1609657700951739,102.0,105.0,-0.049309202508721,-0.0603205444046906,0.707964342705194,-0.4429112996741825,0.1981469685214696,0.41,0.46,0.495,0.52,0.755,1.0
544.0,2.4504504504504503,222.0,1.5524475524475525,143.0,1.2327586206896552,116.0,0.6946107784431138,143.0,0.28714859437751006,498.0,1.837638376383764,271.0,1.9496402877697845,139.0,0.9391891891891893,201.0,-0.0754551397043366,0.1040075601876944,101.0,100.0,0.0234858421087964,-0.0751951971531813,0.3201017495710017,-0.3576082658583053,0.0984206276083207,0.48,0.465,0.51,0.535,0.81,1.0
145.0,0.9797297297297296,148.0,1.0206896551724138,145.0,0.935483870967742,155.0,1.0763888888888888,145.0,0.9931506849315068,146.0,1.042857142857143,140.0,0.9859154929577464,142.0,0.9726027397260274,201.0,-0.3749305089124766,0.1432900225432441,100.0,101.0,-0.3312817803943328,-0.3407474683552877,0.1362155907483118,-0.7374517367807746,-0.1036202627679339,0.435,0.48,0.505,0.525,0.77,1.0
149.0,0.9802631578947368,152.0,1.034013605442177,147.0,0.3056133056133056,481.0,0.88909426987061,145.0,0.9731543624161074,149.0,0.5,298.0,2.1911764705882355,136.0,0.9251700680272108,204.0,-0.0178145500073933,0.1538765850354939,103.0,101.0,-0.0647971141238052,-0.0882862873812596,0.7153026612915692,-0.4471414960739598,0.2183137185690345,0.39,0.47,0.51,0.535,0.805,1.0
144.0,0.5034965034965035,286.0,2.1343283582089554,134.0,0.9305555555555556,144.0,0.3789473684210526,298.0,2.143884892086331,139.0,0.9266666666666666,150.0,0.3937007874015748,381.0,2.8646616541353382,308.0,-0.2110741619212725,0.1201084543617674,100.0,208.0,-0.2134456510254021,-0.2223733657167249,0.4250596704010387,-0.6072693331991398,0.0566354233791656,0.255,0.31,0.33,0.345,0.51,1.0
147.0,0.9865771812080536,149.0,1.0275862068965518,145.0,0.9931506849315068,146.0,0.9605263157894736,146.0,0.9864864864864865,148.0,0.9932885906040269,149.0,1.0067567567567568,148.0,0.9932885906040269,199.0,-0.0534609858890613,0.152645307404466,97.0,102.0,-0.0887206174258792,-0.1082523823151351,0.6278694110084246,-0.372097745693267,0.1832864217377353,0.34,0.46,0.49,0.52,0.765,1.0
91.0,0.4292452830188679,212.0,1.582089552238806,134.0,0.5775862068965517,232.0,1.16,205.0,2.1808510638297873,94.0,0.4747474747474747,198.0,2.106382978723404,94.0,0.8392857142857143,207.0,-0.0742509454692951,0.1163541784793431,64.0,143.0,-0.0761597645701797,-0.186944613447105,0.6792688506305702,-0.0257289001006009,-0.0455007294002642,0.26,0.29,0.31,0.355,0.42,1.0
140.0,0.374331550802139,374.0,2.833333333333333,132.0,0.3952095808383233,334.0,2.492537313432836,349.0,2.643939393939394,132.0,0.9103448275862068,145.0,1.0431654676258992,139.0,0.9586206896551724,349.0,-0.1658382436522769,0.1074500467814036,105.0,244.0,-0.0993549616260341,-0.2557255241428219,0.3730496423453714,-0.4821119086436283,-0.0146217374329053,0.19,0.285,0.305,0.32,0.465,1.0
385.0,2.851851851851852,135.0,0.9246575342465754,146.0,0.9798657718120806,149.0,1.0067567567567568,149.0,1.0347222222222223,144.0,0.9664429530201344,149.0,0.4293948126801152,347.0,2.5328467153284677,199.0,-0.1731009778462995,0.1173425942431284,95.0,104.0,-0.1965716056709775,-0.2174658341873875,0.3183413813834743,-0.488093668118532,0.0399956822251832,0.4,0.425,0.48,0.505,0.76,1.0
150.0,1.0135135135135136,148.0,0.9736842105263158,152.0,1.0133333333333334,150.0,0.9933774834437086,156.0,0.42391304347826086,368.0,2.537931034482759,145.0,0.935483870967742,155.0,1.0472972972972974,213.0,-0.1861195931312662,0.1424399261536439,104.0,109.0,-0.2088952285428921,-0.2269520980958973,0.4603781341252725,-0.532352063089279,0.0230450526573869,0.285,0.46,0.49,0.515,0.75,1.0
638.0,2.5217391304347827,253.0,1.8071428571428567,140.0,0.9523809523809524,147.0,1.0,146.0,0.948051948051948,154.0,0.2911153119092627,529.0,1.7932203389830508,295.0,2.062937062937063,206.0,0.0044703670003381,0.1358130427204425,104.0,102.0,-0.0180387117423899,-0.0294564216804273,0.660397160276798,-0.3628949736621609,0.190241865246313,0.46,0.475,0.51,0.535,0.775,1.0
377.0,2.7518248175182483,137.0,0.8954248366013072,153.0,1.06993006993007,143.0,0.959731543624161,144.0,0.9290322580645162,155.0,1.148148148148148,135.0,0.9246575342465754,146.0,0.9931972789115646,208.0,-0.2102340295594411,0.2789882917498809,108.0,100.0,0.3200693934656631,0.2244471748822558,0.328383179456041,0.0290459548281494,0.1890707544105259,0.055,0.04,0.06,0.145,0.09,1.0
145.0,0.9731543624161074,149.0,1.041958041958042,143.0,0.9930555555555556,144.0,1.0,424.0,1.4722222222222223,288.0,2.149253731343284,134.0,0.9054054054054054,148.0,1.0206896551724138,396.0,-0.1668071616233533,0.1004619023164356,100.0,296.0,-0.168652830602187,-0.1733283033738648,0.4769083499397183,-0.4577642346881899,0.0018084677225627,0.155,0.235,0.255,0.27,0.385,1.0
140.0,0.3846153846153846,364.0,2.656934306569343,137.0,0.9256756756756755,148.0,1.049645390070922,392.0,2.8405797101449277,138.0,0.971830985915493,142.0,0.9726027397260274,146.0,0.9605263157894736,375.0,-0.3559739530418858,0.130385234095077,101.0,274.0,-0.3914437017505168,-0.4231943429774137,0.3815366100997804,-0.8551252045455587,-0.1912252761018048,0.19,0.24,0.27,0.285,0.4,1.0
151.0,1.0066666666666666,150.0,1.0,150.0,0.967741935483871,155.0,0.3725961538461538,383.0,2.8161764705882355,136.0,0.9379310344827586,145.0,0.3825857519788918,379.0,2.7664233576642334,372.0,-0.1413270167538051,0.1347179097239308,104.0,268.0,-0.1278298561545494,-0.1635327157371026,0.6429419599396473,-0.5277907870967277,-0.014354099267754,0.17,0.245,0.28,0.295,0.41,1.0
149.0,1.0,149.0,1.0136054421768708,147.0,0.3730964467005076,394.0,2.897058823529412,148.0,0.39572192513368987,374.0,2.6906474820143886,139.0,0.9266666666666666,150.0,1.0135135135135136,204.0,-0.199758924666431,0.1527822875556224,101.0,103.0,-0.230935307632097,-0.251506301414293,0.4799915392326058,-0.61504794792309,0.0567213991149665,0.295,0.45,0.5,0.525,0.78,1.0
358.0,1.3065693430656935,274.0,1.9855072463768115,138.0,0.9078947368421052,152.0,1.0704225352112675,148.0,1.0068027210884354,147.0,1.0,147.0,1.0,147.0,0.9865771812080536,207.0,-0.2859512672511883,0.1513985325049778,104.0,103.0,-0.2571702697129464,-0.3172221103551851,0.4730476087675335,-0.6616277864222582,-0.0825418499433873,0.42,0.47,0.505,0.53,0.79,1.0
267.0,1.9777777777777776,135.0,0.9246575342465754,146.0,0.9864864864864864,148.0,1.0136986301369864,150.0,1.0204081632653061,147.0,1.013793103448276,145.0,0.9863945578231292,147.0,0.98,210.0,-0.064758935130043,0.1897941319833323,105.0,105.0,-0.1212004924528254,-0.1256267281866023,0.8974556754216224,-0.4751440417218948,0.1979352480312069,0.365,0.47,0.505,0.53,0.77,1.0
108.0,1.0093457943925233,107.0,0.981651376146789,109.0,0.981981981981982,111.0,1.0,133.0,1.2429906542056075,107.0,0.9553571428571428,112.0,0.991150442477876,113.0,1.036697247706422,151.0,-0.2923055274771442,0.5557327299233984,58.0,93.0,-0.0770256127762813,-0.5167893653128591,2.393955246977643,-0.9325839487340962,-0.156534111875,0.225,0.305,0.385,0.435,0.66,1.0
145.0,1.0069444444444444,144.0,0.993103448275862,145.0,0.1657142857142857,875.0,3.755364806866953,144.0,1.0212765957446808,141.0,0.9724137931034482,145.0,0.9797297297297296,148.0,1.0206896551724138,200.0,0.0693086753796303,0.1513913528729561,100.0,100.0,0.0754430909054326,0.025,0.7894330690593478,-0.3059483095227878,0.2164436004442617,0.305,0.46,0.5,0.53,0.765,1.0
152.0,1.027027027027027,148.0,0.3814432989690721,388.0,1.3807829181494662,281.0,2.021582733812949,153.0,1.006578947368421,152.0,0.9681528662420382,157.0,1.0129032258064516,155.0,1.0,211.0,-0.0262743900690878,0.1562365327822602,104.0,107.0,-0.0583658320290606,-0.0615503175160358,0.687224368390984,-0.4465131121229882,0.2378102594576924,0.355,0.465,0.5,0.525,0.785,1.0
399.0,1.4669117647058822,272.0,2.060606060606061,132.0,0.9103448275862068,145.0,1.0,145.0,0.39509536784741145,367.0,2.759398496240601,133.0,0.9047619047619048,147.0,0.4027397260273972,196.0,-0.1509701759985131,0.1386968602400468,95.0,101.0,-0.1513895931217884,-0.2118783298705629,0.4697030006044041,-0.4941822168183444,0.0472287279142279,0.32,0.44,0.49,0.515,0.765,1.0
144.0,1.0140845070422535,142.0,0.993006993006993,143.0,0.4454828660436137,321.0,2.3955223880597014,146.0,0.37532133676092544,389.0,0.7582846003898636,513.0,1.851985559566787,277.0,2.0072463768115942,198.0,-0.1315725299344436,0.1262501409685383,96.0,102.0,-0.1340423949044403,-0.1598619028720848,0.4603252886969621,-0.4695756800315878,0.06862585153698,0.315,0.44,0.49,0.515,0.78,1.0
150.0,1.0135135135135136,148.0,1.0136986301369864,146.0,0.9864864864864864,148.0,0.3557692307692308,146.0,0.9798657718120806,149.0,0.9802631578947368,152.0,1.0201342281879195,149.0,0.9867549668874172,206.0,-0.1716156293251302,0.1545509828464028,104.0,102.0,-0.2082412060301507,-0.2264276453563147,0.5787180676490051,-0.6256720119427681,0.0622967874868772,0.39,0.47,0.505,0.53,0.8,1.0
147.0,1.013793103448276,145.0,1.0,145.0,0.9731543624161074,149.0,1.0205479452054795,154.0,1.0198675496688743,151.0,1.0066666666666666,150.0,1.0067114093959733,149.0,0.45565749235474,211.0,-0.199882748652422,0.159920900976647,104.0,107.0,-0.2099671548951388,-0.2280926994436949,0.5644419475736069,-0.6136763731752464,0.0712460353199927,0.46,0.475,0.5,0.525,0.77,1.0
136.0,0.4059701492537313,335.0,2.5572519083969465,131.0,0.8972602739726028,146.0,1.006896551724138,371.0,2.748148148148148,135.0,0.3846153846153846,351.0,2.525179856115108,139.0,0.9266666666666666,364.0,-0.2329265534289975,0.1114716823357901,105.0,259.0,-0.2707043796678356,-0.2871564371923572,0.3175443371733881,-0.644700762188513,-0.0889292927359018,0.21,0.26,0.29,0.305,0.43,1.0
111.0,0.578125,192.0,1.6551724137931034,116.0,0.6137566137566137,189.0,1.6875,190.0,1.6379310344827587,116.0,0.6105263157894737,190.0,2.043010752688172,93.0,0.5027027027027027,189.0,-0.0580384672441716,0.2087663201002559,56.0,133.0,0.0402193808252133,0.029855865808052,1.3224622897036764,-0.1717402161133303,-0.1469563279930276,0.245,0.27,0.3,0.36,0.43,1.0
231.0,1.6618705035971224,139.0,0.9205298013245032,151.0,1.0342465753424657,146.0,1.0,151.0,1.0,151.0,0.993421052631579,152.0,1.0410958904109588,146.0,0.9605263157894736,202.0,-0.18357668572008,0.1675639831760334,97.0,105.0,-0.2373305719037581,-0.2603541166761629,0.7066602420947068,-0.5525851360245033,0.1056423696837275,0.42,0.44,0.485,0.51,0.775,1.0
149.0,1.0,149.0,1.0067567567567568,148.0,0.3785166240409207,391.0,0.7621832358674464,143.0,0.9930555555555556,144.0,0.9473684210526316,152.0,1.0066225165562914,151.0,1.0134228187919463,200.0,-0.2414677351977755,0.1322583266273224,100.0,100.0,-0.2700284953934331,-0.2660284649318609,0.3810853449483897,-0.6032559102293517,-0.0640565920175527,0.42,0.475,0.505,0.53,0.78,1.0
233.0,1.0448430493273542,223.0,2.2525252525252526,99.0,0.3402061855670103,291.0,2.621621621621621,277.0,2.4954954954954953,111.0,0.3936170212765957,282.0,2.5636363636363635,110.0,1.3924050632911391,266.0,-0.1696198644391081,0.209205193718676,73.0,193.0,-0.1371056420397345,-0.158823020550118,0.8308252269856843,-0.5743963759718597,0.1520752595324898,0.16,0.23,0.275,0.32,0.44,1.0
112.0,0.6363636363636364,176.0,1.76,100.0,0.6451612903225806,155.0,1.5048543689320388,111.0,0.43190661478599224,257.0,2.595959595959596,99.0,0.5210526315789473,190.0,1.3286713286713288,156.0,-0.1372571300561798,0.1969986291852421,79.0,77.0,-0.0829831268629151,-0.2712878580924338,0.8915285513552804,-0.4080247677572995,-0.0576736398330694,0.275,0.46,0.515,0.555,0.825,1.0
146.0,1.0,146.0,1.0,146.0,1.0138888888888888,144.0,0.3214285714285714,146.0,0.9605263157894737,152.0,1.0201342281879195,149.0,0.9675324675324676,154.0,0.9871794871794872,208.0,-0.1655292158539307,0.1603915269167896,106.0,102.0,-0.1901295587102332,-0.2328712129590868,0.5768229823906869,-0.5893818354178537,0.0759364663959346,0.315,0.47,0.51,0.535,0.79,1.0
148.0,0.9932885906040269,149.0,1.0067567567567568,148.0,0.9736842105263158,152.0,0.9806451612903224,151.0,0.993421052631579,152.0,1.0,152.0,1.0066225165562914,151.0,1.0134228187919463,208.0,-0.140994052569975,0.1619949154678043,103.0,105.0,-0.193758430866546,-0.2331788372285286,0.6376379565444038,-0.4883041406454663,0.081639218339388,0.45,0.43,0.5,0.525,0.765,1.0
144.0,1.051094890510949,137.0,0.9072847682119204,151.0,1.070921985815603,141.0,1.076335877862595,160.0,2.191780821917808,73.0,0.5177304964539007,141.0,1.1015625,128.0,1.0406504065040652,176.0,-0.1361741969791577,0.1393755014492173,64.0,112.0,-0.1262958377930849,-0.1761789083100687,0.687346387277304,-0.3349699406163058,0.1259404321715729,0.29,0.325,0.365,0.415,0.385,1.0
147.0,1.027972027972028,143.0,0.9407894736842104,152.0,1.0201342281879195,149.0,1.0,147.0,1.0208333333333333,144.0,1.006993006993007,143.0,0.9662162162162162,148.0,0.9932885906040269,206.0,-0.1784863346042229,0.1577786842592034,104.0,102.0,-0.2088592663825066,-0.208621212725915,0.5502476184973224,-0.5701078902375898,0.0013090870358135,0.465,0.475,0.51,0.535,0.78,1.0
140.0,0.945945945945946,148.0,1.0206896551724138,145.0,0.9797297297297296,148.0,0.3957219251336898,151.0,1.0272108843537415,147.0,0.3838120104438642,383.0,2.77536231884058,138.0,0.92,198.0,-0.1185001023839813,0.1603654543058613,93.0,105.0,-0.1454276058215182,-0.1696719556393601,0.5922106607651806,-0.4927083923676711,0.141687187415019,0.35,0.435,0.475,0.5,0.745,1.0
152.0,1.0133333333333334,150.0,1.0135135135135136,148.0,0.9932885906040269,149.0,0.9675324675324676,316.0,2.289855072463768,138.0,0.9324324324324323,148.0,1.0,148.0,0.9801324503311258,317.0,-0.1674297828801282,0.1182447915116584,96.0,221.0,-0.0744958247849977,-0.1190287750857118,0.4662762275983513,-0.3859101523634494,-0.0570444753485612,0.23,0.275,0.305,0.325,0.46,1.0
144.0,0.993103448275862,145.0,0.9931506849315068,146.0,1.020979020979021,143.0,0.9662162162162162,356.0,2.5985401459854014,137.0,0.8896103896103896,154.0,1.0065359477124185,153.0,1.006578947368421,354.0,-0.278156026458902,0.1159819956419915,105.0,249.0,-0.3186661888736978,-0.3486912715725214,0.4248539240739993,-0.6106653839469381,-0.0854402748475467,0.21,0.27,0.3,0.315,0.45,1.0
152.0,0.238244514106583,638.0,2.5217391304347827,253.0,1.8071428571428567,140.0,0.9523809523809524,149.0,1.0205479452054795,146.0,0.948051948051948,154.0,0.2911153119092627,529.0,1.7932203389830508,205.0,0.0009615596139952,0.1235719216486955,101.0,104.0,-0.0090937955312672,-0.0392474554622177,0.4979510387059019,-0.363906522832558,0.2334623447608376,0.465,0.455,0.495,0.52,0.78,1.0
118.0,1.0260869565217392,115.0,1.0,115.0,0.9913793103448276,116.0,1.0642201834862386,75.0,0.5725190839694656,131.0,0.9776119402985076,134.0,1.2181818181818185,110.0,0.9649122807017544,106.0,-0.134368435758106,0.5380420678366038,54.0,52.0,0.2797338639691221,-0.0632231218347475,1.419328731577905,-1.2758165919250568,0.1680846292911252,0.275,0.425,0.51,0.58,0.86,1.0
152.0,1.027027027027027,148.0,1.0068027210884354,147.0,0.4106145251396648,358.0,2.6323529411764706,144.0,0.3902439024390244,369.0,2.617021276595745,141.0,0.9276315789473684,152.0,0.4130434782608695,198.0,-0.0220781640370671,0.1551452982297978,98.0,100.0,-0.0107230067860264,-0.081532434541711,0.7192207242363376,-0.3790161655490163,0.2471168076092794,0.35,0.445,0.5,0.525,0.785,1.0
124.0,1.530864197530864,81.0,0.4709302325581395,172.0,1.5221238938053097,113.0,0.653179190751445,189.0,1.6875,112.0,0.6054054054054054,185.0,1.8137254901960784,102.0,0.5604395604395604,213.0,-0.1762321978581911,0.0986316304270626,81.0,132.0,-0.0830451884061322,-0.3419653281338259,0.560663477631109,-0.3814546353449645,-0.1835757509184294,0.235,0.37,0.385,0.4,0.53,1.0
143.0,0.9662162162162162,148.0,0.9801324503311258,151.0,1.0413793103448277,145.0,0.9731543624161074,149.0,1.0067567567567568,148.0,0.3785166240409207,391.0,0.7621832358674464,513.0,1.8387096774193548,208.0,-0.2447522483857459,0.1423472111963695,104.0,104.0,-0.271345851647082,-0.2877165239591767,0.4015755165470115,-0.60360825279147,-0.0115600156010577,0.3,0.47,0.51,0.535,0.8,1.0
145.0,0.935483870967742,155.0,1.0472972972972974,148.0,0.4698412698412698,315.0,2.2992700729927007,154.0,1.0266666666666666,150.0,0.9933774834437086,151.0,0.3984168865435356,379.0,2.6690140845070425,202.0,-0.1681660541785165,0.1470516914071847,95.0,107.0,-0.175865449937733,-0.2258859391208343,0.4821328285190094,-0.5047561573273648,0.051010264957049,0.315,0.405,0.475,0.5,0.74,1.0
212.0,1.9272727272727272,110.0,0.5288461538461539,208.0,1.5522388059701493,134.0,1.7179487179487178,172.0,1.011764705882353,170.0,1.103896103896104,154.0,0.8603351955307262,179.0,1.988888888888889,189.0,-0.0101658641607609,0.1169923768439313,69.0,120.0,-0.0137174757390848,-0.0033516285840705,0.8406673033471717,-0.0829627968738525,0.1260158054383815,0.32,0.35,0.37,0.395,0.565,1.0
388.0,2.771428571428572,140.0,0.4011461318051575,349.0,2.585185185185185,135.0,0.906040268456376,385.0,2.8518518518518516,135.0,0.9246575342465754,146.0,0.9798657718120806,149.0,1.0067567567567568,376.0,-0.0379348799069814,0.0948332471926917,107.0,269.0,-0.0641529223834016,-0.059281052643115,0.4974405843610167,-0.339584922376531,0.0767228183114162,0.26,0.27,0.285,0.3,0.42,1.0
150.0,1.048951048951049,143.0,0.9794520547945206,146.0,0.9419354838709676,155.0,1.0689655172413792,143.0,1.0070422535211268,142.0,0.9594594594594594,148.0,1.0206896551724138,145.0,0.9797297297297296,195.0,0.0042807551545994,0.152912702370088,95.0,100.0,-0.0307049724780572,-0.0511289794117387,0.7161094038656381,-0.3016095662003962,0.240163422933856,0.375,0.465,0.49,0.515,0.78,1.0
136.0,1.1239669421487604,121.0,1.0341880341880345,117.0,1.2061855670103092,97.0,0.9065420560747663,123.0,1.0423728813559323,118.0,0.9291338582677166,127.0,0.9921875,128.0,1.1531531531531531,167.0,0.1331849425535377,0.2660513876909481,81.0,86.0,0.1583134115181463,0.0763610051888165,1.7862587143648552,0.1231514887009755,0.1483149072514574,0.265,0.445,0.49,0.525,0.53,1.0
135.0,0.9310344827586208,145.0,0.3929539295392953,369.0,2.6739130434782608,138.0,0.9078947368421052,144.0,1.0,144.0,1.0,144.0,0.9664429530201344,149.0,0.9933333333333332,202.0,-0.215725019947861,0.1376088096122297,102.0,100.0,-0.2371889476236567,-0.273692904723408,0.3366980232512862,-0.5833106725534949,-0.0122008953970524,0.305,0.45,0.51,0.535,0.785,1.0
291.0,2.171641791044776,134.0,0.9054054054054054,148.0,0.9866666666666668,150.0,1.0416666666666667,146.0,1.0138888888888888,144.0,0.979591836734694,147.0,1.013793103448276,145.0,0.9863945578231292,203.0,-0.1260681171538223,0.1518141977841132,101.0,102.0,-0.1577560513312187,-0.1781433391580963,0.6271752238520617,-0.5197196043732165,0.0767526423793852,0.355,0.47,0.505,0.53,0.775,1.0
363.0,2.592857142857143,140.0,0.9210526315789472,152.0,1.0555555555555556,144.0,0.3789473684210526,146.0,0.9668874172185431,151.0,0.9869281045751634,153.0,0.1303236797274276,1174.0,4.912133891213389,207.0,-0.1529090938567967,0.1544297425107441,105.0,102.0,-0.1891232929969908,-0.203467336683417,0.5743670329022548,-0.5645329034052322,0.0551083507094065,0.3,0.47,0.51,0.54,0.77,1.0
150.0,0.986842105263158,152.0,0.4935064935064935,308.0,2.264705882352941,136.0,0.8831168831168831,151.0,0.4778481012658228,316.0,2.289855072463768,138.0,0.9078947368421052,152.0,1.0066225165562914,212.0,-0.2281318039144069,0.152338098285509,107.0,105.0,-0.2707643831420485,-0.2860769718504118,0.4338931265015721,-0.5523037452854029,0.0078109208726781,0.41,0.46,0.51,0.535,0.775,1.0
146.0,0.3821989528795811,382.0,2.87218045112782,133.0,0.869281045751634,153.0,0.3893129770992366,144.0,0.3673469387755102,392.0,2.8,140.0,0.9790209790209792,143.0,0.3753280839895013,193.0,-0.1129578960718927,0.1183877511838969,93.0,100.0,-0.1109888374360729,-0.1557155948471404,0.3280370295392059,-0.4403162503562408,0.0293149668939812,0.345,0.44,0.49,0.51,0.755,1.0
83.0,0.8058252427184466,103.0,0.4153225806451613,248.0,1.0598290598290598,234.0,0.9957446808510638,76.0,0.7238095238095238,105.0,0.963302752293578,109.0,1.1720430107526882,93.0,0.8532110091743119,117.0,-0.0896168169297322,0.1729141013497082,64.0,53.0,-0.0276051925683916,-0.0713239876589592,0.8287785694418914,0.0324937723946781,0.1894986519063201,0.475,0.515,0.555,0.64,0.59,1.0
187.0,1.0053763440860215,186.0,1.120481927710843,166.0,2.075,80.0,1.0666666666666669,156.0,0.968944099378882,161.0,0.92,175.0,1.1666666666666667,150.0,0.974025974025974,171.0,-0.1306651996910132,0.1853365960264883,62.0,109.0,-0.2055526870734171,-0.3083401378715787,0.7458191680070707,-0.1239111432057435,0.0564587971938931,0.32,0.345,0.365,0.39,0.55,1.0
135.0,0.9183673469387756,147.0,0.3909574468085106,376.0,2.685714285714285,140.0,0.3783783783783784,149.0,1.0136054421768708,147.0,1.0,147.0,1.0352112676056338,142.0,0.3497536945812808,207.0,-0.2380053285735761,0.1265592683920737,103.0,104.0,-0.198636878157851,-0.2677243713909494,0.2915808319438167,-0.5398338000408193,-0.1256250873819072,0.47,0.455,0.5,0.525,0.77,1.0
155.0,1.019736842105263,152.0,0.9620253164556962,158.0,0.3204868154158215,493.0,1.6058631921824105,154.0,0.21720733427362482,709.0,2.1101190476190474,336.0,2.4,140.0,0.9210526315789472,212.0,-0.1605968235674446,0.1584376490086221,105.0,107.0,-0.1878268376227282,-0.2301403919719946,0.6088665214271566,-0.5182247082978302,-0.0363922361370554,0.46,0.45,0.495,0.525,0.725,1.0
302.0,2.204379562043796,137.0,0.9013157894736842,152.0,1.0066225165562914,151.0,1.0202702702702702,148.0,0.4180790960451977,354.0,2.4755244755244754,143.0,0.9727891156462584,147.0,0.392,212.0,-0.0611398732466566,0.139946458851549,109.0,103.0,-0.0801880125974313,-0.096928555521872,0.6292793762160489,-0.4455749202461825,0.1313060490218134,0.3,0.475,0.515,0.54,0.765,1.0
145.0,0.9731543624161074,149.0,0.2876447876447876,518.0,2.1316872427983538,243.0,1.8,151.0,1.0,151.0,1.0134228187919463,149.0,1.0136054421768708,147.0,0.2363344051446945,207.0,-0.2127803915346307,0.187698791889986,102.0,105.0,-0.2580115998521046,-0.2575939753708337,0.8238379546419162,-0.6435968558029855,0.0579948273535913,0.45,0.465,0.495,0.525,0.765,1.0
151.0,0.3094262295081967,488.0,1.6105610561056103,303.0,2.1041666666666665,144.0,0.9536423841059604,147.0,0.9932432432432432,148.0,0.9736842105263158,152.0,0.987012987012987,154.0,0.2383900928792569,207.0,-0.0887261854464818,0.1586755897651551,105.0,102.0,-0.13,-0.1685491888385743,0.6526302272551547,-0.5209989076260457,0.1819280633225573,0.31,0.47,0.51,0.535,0.79,1.0
143.0,0.9662162162162162,148.0,1.0206896551724138,145.0,0.9931506849315068,146.0,0.9931972789115646,153.0,1.006578947368421,152.0,0.1707865168539326,890.0,3.723849372384937,239.0,1.6830985915492958,214.0,-0.1775463830140297,0.1825352934757068,107.0,107.0,-0.1982567132402421,-0.2691273673154237,0.754990037866354,-0.6290462578437066,0.0119585671047449,0.315,0.465,0.505,0.53,0.755,1.0
153.0,1.0337837837837838,148.0,1.0136986301369864,146.0,0.9931972789115646,147.0,0.9735099337748344,147.0,1.013793103448276,145.0,0.9863945578231292,147.0,0.98,150.0,0.4,208.0,-0.1670483456871571,0.1361658104250079,106.0,102.0,-0.1946223187626538,-0.231146109544849,0.379904178741876,-0.5111151638684062,0.0220394148215735,0.34,0.455,0.51,0.535,0.775,1.0
527.0,1.882142857142857,280.0,1.9444444444444444,144.0,0.9536423841059604,151.0,1.0134228187919463,155.0,1.019736842105263,152.0,0.2447665056360708,621.0,1.9467084639498435,319.0,2.2949640287769784,214.0,-0.2392806903256359,0.1655851027984945,106.0,108.0,-0.2517285408795438,-0.29361929047523,0.5380909388928345,-0.6058054351220481,-0.0087345634290374,0.29,0.465,0.5,0.525,0.755,1.0
150.0,0.412087912087912,364.0,2.716417910447761,134.0,0.9054054054054054,148.0,0.9932885906040269,150.0,1.0067114093959733,149.0,0.9933333333333332,150.0,0.3554502369668246,422.0,1.4402730375426622,202.0,-0.0645836467097267,0.1195722962954835,97.0,105.0,-0.0716441552255901,-0.0989258671682159,0.5000770194988132,-0.4003504340853958,0.0796431884714815,0.325,0.44,0.485,0.51,0.8,1.0
179.0,1.0654761904761905,168.0,1.105263157894737,152.0,0.9440993788819876,161.0,1.018987341772152,171.0,0.9395604395604396,182.0,0.9732620320855616,187.0,1.0053763440860215,186.0,1.120481927710843,186.0,-0.2540299707819137,0.1480982295273595,67.0,119.0,-0.0382377558330229,-0.2334374622403718,0.60462843201607,-0.493691433136334,-0.1929367807092821,0.285,0.34,0.36,0.385,0.51,1.0
147.0,0.9671052631578948,152.0,1.0,152.0,1.0133333333333334,150.0,0.2427184466019417,153.0,1.0132450331125828,151.0,1.0272108843537415,147.0,0.4164305949008499,353.0,2.451388888888889,202.0,-0.1658330210487388,0.143457302853096,95.0,107.0,-0.1680403945728442,-0.1918982908814925,0.4849774631866477,-0.5001990662148178,0.0106106528665782,0.325,0.445,0.475,0.505,0.745,1.0
87.0,0.935483870967742,93.0,0.36328125,256.0,1.1428571428571428,224.0,0.9531914893617022,188.0,1.6491228070175439,114.0,1.52,75.0,0.6696428571428571,112.0,0.6222222222222222,208.0,-0.1161381367421122,0.1206078230968144,77.0,131.0,-0.0176363585986283,-0.1390215199074557,0.510558594234556,0.0161619819743378,0.0161619819743378,0.295,0.35,0.37,0.39,0.39,1.0
138.0,0.9452054794520548,146.0,1.0,146.0,0.9931972789115646,147.0,0.9932432432432432,143.0,0.9794520547945206,146.0,1.006896551724138,145.0,1.0,145.0,1.0069444444444444,201.0,0.1526778955739496,0.1546906474153691,101.0,100.0,0.1325231496979656,0.0871083522681652,0.9172812216233476,-0.268984954013223,0.3624408741563001,0.47,0.455,0.505,0.53,0.8,1.0
147.0,0.9932432432432432,148.0,1.0,148.0,0.2896281800391389,511.0,0.9623352165725048,882.0,3.6296296296296298,243.0,1.653061224489796,147.0,0.9932432432432432,148.0,1.0068027210884354,719.0,-0.193020444707215,0.074529113350786,102.0,617.0,-0.1845779464181205,-0.2088193274527758,0.1631443977309754,-0.543348543604168,0.0065303299954619,0.09,0.125,0.14,0.15,0.215,1.0
156.0,0.2557377049180327,610.0,2.4596774193548385,248.0,1.7588652482269505,141.0,0.933774834437086,152.0,1.0066225165562914,151.0,0.993421052631579,152.0,1.027027027027027,148.0,0.3814432989690721,209.0,-0.0535008944973092,0.1378924881197895,103.0,106.0,-0.0805203883006186,-0.098614895677897,0.5577457769941789,-0.3992623814806526,0.1744331307727082,0.45,0.44,0.495,0.52,0.8,1.0
112.0,1.009009009009009,111.0,0.956896551724138,116.0,1.008695652173913,115.0,1.0,137.0,1.1610169491525424,118.0,1.0260869565217392,115.0,1.036036036036036,111.0,0.9487179487179488,155.0,-0.3784076362076842,0.5361565883176483,60.0,95.0,-0.0734721100596031,-0.6347632071096441,2.1459807699272604,-0.9066114785686534,-0.2960653213159852,0.215,0.345,0.39,0.435,0.645,1.0
154.0,0.9685534591194968,159.0,1.0192307692307692,156.0,0.9285714285714286,168.0,0.9824561403508772,189.0,1.1595092024539877,163.0,0.9760479041916168,167.0,1.0182926829268293,164.0,1.0718954248366013,216.0,-0.2635467568783665,0.1578512564936814,84.0,132.0,-0.1262651856691098,-0.470850895533866,1.0582069886264638,-0.3181507135250955,-0.2543625031896349,0.25,0.37,0.39,0.41,0.68,1.0
205.0,1.2202380952380951,168.0,0.9655172413793104,174.0,1.0235294117647058,170.0,0.9826589595375722,185.0,1.1635220125786163,159.0,0.8594594594594595,185.0,0.578125,320.0,1.951219512195122,241.0,-0.5098733411241548,0.3440871655388314,112.0,129.0,-0.200657505204288,-0.4942593809703784,1.5610101256602005,-0.5153621278269336,-0.486497722432323,0.28,0.435,0.47,0.495,0.825,1.0
146.0,0.9864864864864864,148.0,0.2681159420289855,552.0,2.147859922178988,257.0,1.875912408759124,150.0,0.3968253968253968,378.0,2.7794117647058822,136.0,0.912751677852349,149.0,1.0,202.0,-0.0827522660295314,0.1423998539225132,97.0,105.0,-0.0957836320849257,-0.1358381908879454,0.6499789791663027,-0.4323145222583564,0.1394850837844003,0.26,0.42,0.48,0.51,0.785,1.0
92.0,0.4577114427860697,201.0,1.1420454545454546,176.0,1.093167701863354,161.0,1.788888888888889,206.0,2.1458333333333335,96.0,0.4705882352941176,204.0,2.01980198019802,101.0,0.5024875621890548,204.0,-0.1370121194966527,0.1777453009198372,60.0,144.0,-0.0102512562814069,-0.0284698310098652,0.6147521389502285,-0.0188257414245539,-0.0188257414245539,0.255,0.27,0.295,0.365,0.365,1.0
151.0,0.993421052631579,152.0,1.034013605442177,147.0,0.98,150.0,0.967741935483871,388.0,1.3807829181494662,281.0,2.021582733812949,139.0,0.8910256410256411,156.0,1.033112582781457,374.0,-0.0345089119474756,0.126576955092893,103.0,271.0,-0.0466077327328457,-0.0327630008505558,0.7587288558934367,-0.3395637319799993,0.2148272791276211,0.23,0.26,0.28,0.295,0.425,1.0
148.0,0.3557692307692308,416.0,0.5180572851805728,803.0,3.33195020746888,241.0,1.7720588235294117,149.0,0.9867549668874173,151.0,1.0066666666666666,150.0,0.986842105263158,152.0,0.9934640522875816,210.0,-0.250460139475532,0.1553689034607075,106.0,104.0,-0.2601432757302407,-0.2745093522031102,0.4486827096369082,-0.6748271306454953,-0.0766320878466932,0.365,0.475,0.51,0.535,0.795,1.0
150.0,1.020408163265306,147.0,1.013793103448276,145.0,0.9863945578231292,147.0,0.98,384.0,2.762589928057554,139.0,0.9266666666666666,150.0,0.4143646408839779,362.0,2.701492537313433,368.0,-0.0926079786677222,0.1184917909451533,100.0,268.0,-0.1134633775867318,-0.1166025401452109,0.6291094090568305,-0.3972071280464785,0.1002105664582182,0.235,0.24,0.275,0.29,0.41,1.0
174.0,1.0,174.0,1.12987012987013,154.0,0.9112426035502958,169.0,1.1655172413793105,201.0,1.1420454545454546,176.0,1.093167701863354,161.0,1.788888888888889,90.0,0.4186046511627907,204.0,-0.0048915308217529,0.08958323986808,64.0,140.0,-0.0009527114878953,-0.0191896358547413,0.5573110213358139,0.0372272517322986,0.0277745825697768,0.27,0.29,0.315,0.38,0.395,1.0
152.0,1.0410958904109588,146.0,1.0,146.0,1.0,146.0,0.9733333333333334,150.0,1.0204081632653061,147.0,0.2732342007434944,538.0,1.8615916955017304,289.0,2.0942028985507246,204.0,-0.1128179715701554,0.1559220499686979,99.0,105.0,-0.1188789718312829,-0.163789436727705,0.6397823427779528,-0.529584547904403,0.1139040836830258,0.32,0.465,0.49,0.515,0.75,1.0
148.0,1.088235294117647,136.0,1.0149253731343284,134.0,1.0387596899224807,129.0,1.084033613445378,151.0,1.208,125.0,0.7961783439490446,157.0,1.0536912751677852,149.0,0.9612903225806452,170.0,-0.2499467908303244,0.1197401406564558,65.0,105.0,-0.2489156057743919,-0.2742453948203388,0.3315240869092624,-0.3284788269766334,-0.1800019989944492,0.21,0.33,0.385,0.435,0.635,1.0
148.0,1.034965034965035,143.0,0.959731543624161,149.0,1.0347222222222223,144.0,0.9863013698630136,143.0,0.446875,320.0,2.302158273381295,139.0,0.9144736842105264,152.0,1.0482758620689656,202.0,-0.2351177732527764,0.1339209199032875,102.0,100.0,-0.2593046055841839,-0.2715046590791664,0.32881285705248,-0.5938356380879279,-0.0648906474266715,0.305,0.455,0.51,0.535,0.76,1.0
144.0,0.9536423841059604,151.0,0.2451298701298701,616.0,2.207885304659498,279.0,1.9241379310344828,150.0,0.24271844660194175,618.0,2.272058823529412,272.0,1.929078014184397,141.0,0.933774834437086,211.0,-0.2056823961605546,0.1489616024275981,106.0,105.0,-0.2378883622956971,-0.2595728643216081,0.4598016371564947,-0.5870865056746526,0.0445551758895039,0.44,0.46,0.505,0.53,0.785,1.0
145.0,0.9797297297297296,148.0,1.0206896551724138,145.0,0.3737113402061855,388.0,1.2763157894736843,147.0,0.17710843373493976,830.0,3.721973094170404,223.0,1.6277372262773722,137.0,0.9448275862068966,205.0,0.0535215612127597,0.1517442957602897,103.0,102.0,0.0205778894472362,-0.0063461881297297,0.8156235560250397,-0.3431870281698727,0.2282032781332006,0.31,0.46,0.51,0.535,0.76,1.0
151.0,1.0202702702702702,148.0,1.0136986301369864,146.0,0.9864864864864864,148.0,0.9866666666666668,147.0,0.9932432432432432,148.0,0.9801324503311258,151.0,1.0,151.0,0.2439418416801292,203.0,-0.0363587294429855,0.1698469545591936,101.0,102.0,-0.0552157854162873,-0.0768001433291781,0.7992911515000478,-0.4970646782151815,0.1897122869237259,0.295,0.46,0.505,0.53,0.765,1.0
387.0,2.8248175182481754,137.0,0.9448275862068966,145.0,1.013986013986014,143.0,0.28714859437751,150.0,1.0273972602739727,146.0,0.9864864864864864,148.0,1.0277777777777777,144.0,0.9536423841059604,207.0,-0.1724045714385308,0.1530656495106904,102.0,105.0,-0.1768921650352616,-0.2029788850681241,0.5561667834565994,-0.5664679575747138,0.0115093564055364,0.3,0.47,0.5,0.525,0.805,1.0
139.0,0.9144736842105264,152.0,1.0482758620689656,145.0,0.9931506849315068,146.0,0.2602495543672014,139.0,0.952054794520548,146.0,0.9798657718120806,149.0,1.0205479452054795,146.0,0.36318407960199,198.0,-0.0862920886434182,0.1351506617299451,101.0,97.0,-0.1122126411833014,-0.1391893091127096,0.4599046868048349,-0.5004070432333269,0.1153929799894888,0.31,0.47,0.515,0.54,0.815,1.0
125.0,0.7861635220125787,159.0,1.127659574468085,141.0,1.119047619047619,126.0,0.8571428571428571,199.0,0.7158273381294964,278.0,3.0217391304347827,92.0,0.2804878048780488,328.0,2.8521739130434782,192.0,-0.2787671462110676,0.0987004423837538,53.0,139.0,-0.2327140018712027,-0.404740978737456,0.3421250560941639,-0.390391090580526,-0.1928961366708939,0.195,0.255,0.275,0.315,0.47,1.0
248.0,1.7588652482269505,141.0,0.933774834437086,151.0,0.993421052631579,152.0,1.034013605442177,152.0,1.027027027027027,148.0,0.3814432989690721,388.0,1.3807829181494662,281.0,2.021582733812949,211.0,-0.0082811353133677,0.1529901637622931,105.0,106.0,-0.04239762787302,-0.0797969495007251,0.7235826366346167,-0.4139680668485248,0.2276981959595491,0.42,0.455,0.5,0.525,0.755,1.0
136.0,0.9444444444444444,144.0,0.3860589812332439,373.0,2.8473282442748094,131.0,0.891156462585034,147.0,1.065217391304348,138.0,0.9857142857142858,140.0,0.9859154929577464,142.0,0.3678756476683937,198.0,-0.0713288944365301,0.1348468558974553,96.0,102.0,-0.0619051332495293,-0.1291219836648744,0.6240124671644552,-0.4375074393179594,0.1390624246593457,0.285,0.445,0.49,0.515,0.785,1.0
222.0,2.336842105263158,95.0,0.5974842767295597,159.0,0.6115384615384616,260.0,2.4761904761904763,140.0,1.5909090909090908,88.0,0.7652173913043478,115.0,0.8984375,128.0,1.0491803278688523,169.0,-0.2226632574358235,0.1276080724901062,71.0,98.0,-0.1918006121506518,-0.3248373976772439,0.6327738048888392,-0.248968281081579,-0.1001895515394701,0.375,0.4,0.425,0.445,0.67,1.0
139.0,0.9586206896551724,145.0,0.9797297297297296,148.0,0.9736842105263158,152.0,1.027027027027027,544.0,2.045112781954887,266.0,1.9,140.0,0.9722222222222222,144.0,0.3902439024390244,484.0,0.0056218801575719,0.1015108063802608,104.0,380.0,0.0293387955058268,-0.0166798980043493,0.6367241535274422,-0.259006466350565,0.1619393947680075,0.2,0.19,0.215,0.23,0.315,1.0
147.0,1.0425531914893618,141.0,0.9657534246575342,146.0,0.9798657718120806,149.0,1.0347222222222223,149.0,0.38107416879795397,391.0,2.8129496402877696,139.0,0.9455782312925172,147.0,1.013793103448276,200.0,-0.1116639977735405,0.1550226025227615,96.0,104.0,-0.109699898369242,-0.1573996638151833,0.6333001902462954,-0.5084989795384154,0.1036006795695645,0.325,0.445,0.485,0.51,0.755,1.0
145.0,1.2393162393162394,117.0,1.017391304347826,115.0,1.0087719298245614,114.0,0.9827586206896552,132.0,1.1282051282051282,117.0,1.4444444444444444,81.0,0.5364238410596026,151.0,1.776470588235294,151.0,-0.2033169562967888,0.4061459562927641,59.0,92.0,-0.1524302678603781,-0.2404068664335039,1.797215187905703,-0.3724586288276162,-0.2004269536606744,0.24,0.325,0.395,0.465,0.435,1.0
135.0,0.9,150.0,1.0273972602739727,146.0,1.028169014084507,142.0,1.0070921985815602,144.0,0.2594594594594595,555.0,2.4342105263157894,228.0,1.7142857142857142,133.0,0.93006993006993,203.0,-0.2600919956612439,0.1507391322487362,103.0,100.0,-0.259443480184387,-0.2915146951780809,0.4272858870117536,-0.6804793346507612,-0.0506521145957078,0.44,0.475,0.51,0.535,0.795,1.0
85.0,0.5985915492957746,142.0,0.7845303867403315,181.0,1.011173184357542,179.0,1.0654761904761905,72.0,0.8372093023255814,86.0,0.8958333333333334,96.0,0.5614035087719298,171.0,0.9395604395604396,109.0,-0.4820760703754745,0.1894553446329886,59.0,50.0,-0.5538398272115826,-0.5765136036276431,0.7057891888562351,-0.433051161804635,-0.4259461222466065,0.475,0.495,0.545,0.605,0.615,1.0
150.0,0.974025974025974,154.0,0.2172073342736248,709.0,2.1101190476190474,336.0,2.4,150.0,1.0067114093959733,149.0,0.9867549668874172,151.0,0.2439418416801292,619.0,2.495967741935484,214.0,-0.115239310919733,0.1677568582421251,109.0,105.0,-0.1239916501263587,-0.1924117882490466,0.6762444043274927,-0.5662593678478275,-0.005695879308319,0.48,0.465,0.51,0.535,0.73,1.0
190.0,1.637931034482759,116.0,0.6105263157894737,190.0,2.043010752688172,93.0,0.5027027027027027,202.0,2.082474226804124,97.0,0.5078534031413613,191.0,2.1954022988505746,87.0,0.424390243902439,205.0,-0.0330473840537569,0.1443226835679216,64.0,141.0,-0.0005540446233706,-0.1533042182219602,1.100265356539063,-0.0169954814480721,-0.0322249751880486,0.165,0.295,0.315,0.355,0.37,1.0
149.0,0.341743119266055,436.0,0.5317073170731708,820.0,3.306451612903226,248.0,1.7714285714285714,149.0,1.0,149.0,1.0136054421768708,147.0,1.013793103448276,145.0,0.2207001522070015,208.0,-0.0615905962665734,0.1686892220617141,104.0,104.0,-0.0625379549982982,-0.0878859139609584,0.8066088856512966,-0.4839020242228717,0.1635935885272071,0.36,0.475,0.505,0.53,0.78,1.0
488.0,1.6105610561056103,303.0,2.1041666666666665,144.0,0.9536423841059604,151.0,1.0342465753424657,148.0,0.9736842105263158,152.0,0.987012987012987,154.0,0.2383900928792569,646.0,1.2029795158286778,205.0,-0.071231635569152,0.1407905531297628,102.0,103.0,-0.0960342319612966,-0.1292262737626367,0.5332081637399958,-0.4833213086993597,0.1755558083735593,0.3,0.455,0.5,0.525,0.78,1.0
154.0,1.0476190476190477,147.0,1.0,147.0,0.9865771812080536,149.0,1.0,148.0,1.0277777777777777,144.0,0.993103448275862,145.0,0.9797297297297296,148.0,0.9801324503311258,207.0,-0.2784202645899294,0.1685732104101512,104.0,103.0,-0.3038532877647597,-0.3491933708378049,0.6060901436515149,-0.6674388373787383,-0.0554667729152114,0.3,0.455,0.505,0.53,0.815,1.0
148.0,1.0206896551724138,145.0,0.9931506849315068,146.0,0.9931972789115646,147.0,1.027972027972028,152.0,0.1707865168539326,890.0,3.723849372384937,239.0,1.6830985915492958,142.0,0.8606060606060606,213.0,-0.193484882590607,0.1635320081854414,107.0,106.0,-0.2393220209897266,-0.2522689545518199,0.6229049830450979,-0.6692131323670711,0.0785871149954427,0.425,0.47,0.505,0.53,0.76,1.0
140.0,0.9271523178807948,151.0,1.0342465753424657,146.0,1.006896551724138,145.0,0.9863945578231292,351.0,2.5251798561151078,139.0,0.9586206896551724,145.0,0.9797297297297296,148.0,0.9736842105263158,347.0,-0.0291813046362151,0.1140964448515118,102.0,245.0,-0.0603287308239881,-0.064993432259221,0.5883683878628417,-0.3127103765431887,0.2110667522031201,0.235,0.27,0.295,0.315,0.465,1.0
149.0,0.8662790697674418,172.0,1.1096774193548389,155.0,1.099290780141844,141.0,0.8392857142857143,203.0,1.5984251968503937,127.0,0.6649214659685864,191.0,2.053763440860215,93.0,0.465,207.0,-0.0547624653565949,0.1099354042065981,65.0,142.0,-0.0960602660784293,-0.2167489808008661,0.7693168652781173,-0.0486489824832895,-0.0463625584633392,0.25,0.295,0.315,0.36,0.49,1.0
145.0,1.0283687943262412,141.0,1.0,141.0,0.9724137931034482,145.0,0.9931506849315068,286.0,2.1343283582089554,134.0,0.9305555555555556,144.0,0.3789473684210526,380.0,2.733812949640288,300.0,-0.2727435120691651,0.1449400166829122,100.0,200.0,-0.2160747709376074,-0.4190722303137091,0.3923221535789246,-0.7199485019632782,0.0053341553173396,0.285,0.295,0.335,0.355,0.53,1.0
135.0,0.906040268456376,149.0,1.0205479452054795,146.0,1.006896551724138,145.0,0.4239766081871345,149.0,1.0067567567567568,148.0,1.0068027210884354,147.0,0.3712121212121212,396.0,2.848920863309353,206.0,-0.0504488998740507,0.1235356580273153,102.0,104.0,-0.0690123653011364,-0.0868877656447845,0.3739347909131019,-0.3887126533107754,0.1519882606426692,0.42,0.445,0.505,0.525,0.775,1.0
144.0,0.2845849802371542,506.0,1.7630662020905925,287.0,2.110294117647059,136.0,0.9444444444444444,144.0,0.37894736842105264,380.0,2.794117647058824,136.0,0.3930635838150289,346.0,2.621212121212121,202.0,-0.1045183334481554,0.1619890312799907,102.0,100.0,-0.1151438793253006,-0.1761565893469463,0.6763165410697716,-0.5200171315245029,0.1255883183178971,0.295,0.455,0.51,0.535,0.79,1.0
284.0,2.103703703703704,135.0,0.9121621621621622,148.0,1.0277777777777777,144.0,0.972972972972973,148.0,0.26618705035971224,556.0,1.992831541218638,279.0,2.051470588235294,136.0,0.4059701492537313,207.0,-0.2956404898292835,0.1460176339595196,104.0,103.0,-0.3052664883773504,-0.335113536408966,0.3828225581857689,-0.6863378192055818,-0.0647117924973274,0.295,0.475,0.505,0.53,0.775,1.0
504.0,1.0100200400801602,499.0,1.7821428571428573,280.0,2.014388489208633,139.0,0.9266666666666666,148.0,1.0,148.0,1.0136986301369864,146.0,0.3792207792207792,385.0,0.7475728155339806,203.0,-0.0756675773721048,0.1716214873090367,100.0,103.0,-0.1089360818061975,-0.1917622376969529,0.5463874136371873,-0.5038443768226673,0.2027660413689879,0.355,0.44,0.495,0.52,0.845,1.0
153.0,1.02,150.0,0.9554140127388536,157.0,1.0129032258064516,155.0,1.0333333333333334,151.0,1.0,151.0,0.9869281045751634,153.0,0.3923076923076923,390.0,0.6989247311827957,209.0,-0.177353724011199,0.1540235946839364,104.0,105.0,-0.1941324582485707,-0.2094427116875788,0.5248853092099162,-0.5504944085940201,0.0321384108169502,0.315,0.47,0.505,0.53,0.76,1.0
163.0,1.0584415584415583,154.0,1.0,154.0,1.013157894736842,152.0,1.0133333333333334,188.0,1.236842105263158,152.0,1.0482758620689656,145.0,0.9602649006622516,151.0,0.937888198757764,205.0,-0.332018289598283,0.184516929887282,74.0,131.0,-0.211734893831038,-0.4005176975540039,0.9683249204590992,-0.4732696263481663,-0.3863242612423951,0.21,0.33,0.365,0.385,0.495,1.0
392.0,2.8823529411764706,136.0,0.918918918918919,148.0,1.0068027210884354,147.0,1.013793103448276,147.0,1.013793103448276,145.0,0.9666666666666668,150.0,0.5376344086021505,279.0,2.066666666666667,204.0,-0.1815332359488046,0.1534716340734023,102.0,102.0,-0.2117035771614432,-0.2286531537254633,0.5182716436423527,-0.5851559573486804,0.0598976434242639,0.3,0.46,0.505,0.53,0.775,1.0
151.0,1.0202702702702702,148.0,0.4539877300613497,326.0,2.397058823529412,136.0,0.918918918918919,387.0,2.8455882352941178,136.0,0.918918918918919,148.0,0.9736842105263158,152.0,1.0066225165562914,374.0,-0.134704341419696,0.1244890570024221,104.0,270.0,-0.1330150753768844,-0.1476552610413408,0.6619188867292789,-0.5214996412724435,0.0796638485404719,0.175,0.26,0.28,0.295,0.42,1.0
143.0,0.3753280839895013,381.0,2.801470588235294,136.0,0.9315068493150684,146.0,0.3903743315508021,141.0,0.9724137931034482,145.0,1.013986013986014,143.0,0.3803191489361702,376.0,2.764705882352941,199.0,-0.0253157358219262,0.1230844428359707,101.0,98.0,-0.034484342701788,-0.0712179722185558,0.4373329345871413,-0.3657068149912224,0.1574336128554753,0.425,0.475,0.515,0.54,0.815,1.0
235.0,1.068181818181818,220.0,1.0526315789473684,209.0,0.9812206572769951,213.0,1.009478672985782,180.0,0.9473684210526315,190.0,1.5833333333333333,120.0,1.4285714285714286,84.0,1.0909090909090908,203.0,-0.1808946805596455,0.1432795950452616,78.0,125.0,-0.035740141858979,-0.0460842568083634,0.4719827953759245,0.0502694680848471,0.0502694680848471,0.345,0.37,0.39,0.41,0.41,1.0
165.0,1.0377358490566038,159.0,1.096551724137931,145.0,0.9539473684210528,152.0,0.95,190.0,1.1801242236024845,161.0,0.9583333333333334,168.0,1.0,168.0,1.018181818181818,208.0,-0.3377110237256279,0.1542680990712344,75.0,133.0,-0.2710690594322242,-0.4156972690046416,0.8760147285685533,-0.5367284620469401,-0.3871345716734053,0.21,0.335,0.36,0.38,0.545,1.0
173.0,1.0116959064327486,171.0,1.1476510067114094,149.0,0.8418079096045198,177.0,2.011363636363636,269.0,1.9779411764705883,136.0,0.8242424242424242,165.0,0.6521739130434783,253.0,2.480392156862745,261.0,0.0262104840413597,0.0924405456849531,73.0,188.0,0.0809217489730221,0.0883156383867084,0.929961623667527,-0.036493570670656,0.1398165012500996,0.175,0.27,0.28,0.295,0.32,1.0
141.0,0.9791666666666666,144.0,0.972972972972973,148.0,1.034965034965035,143.0,0.959731543624161,149.0,1.0136054421768708,147.0,1.027972027972028,143.0,0.446875,320.0,2.302158273381295,206.0,-0.2524935663060925,0.1370298287190798,102.0,104.0,-0.2759059771553993,-0.2939084969890416,0.2823634593128549,-0.6216369754011061,-0.0011668093423108,0.445,0.46,0.5,0.525,0.79,1.0
217.0,1.009302325581395,215.0,2.3118279569892475,93.0,0.4869109947643979,191.0,1.819047619047619,77.0,0.6814159292035398,113.0,1.2282608695652173,92.0,0.9484536082474226,97.0,0.4898989898989899,130.0,-0.3165891940625975,0.1150799894437993,77.0,53.0,-0.2556193088031144,-0.5214630025299671,0.396062095789531,-0.432794054303686,-0.2519718910742149,0.335,0.57,0.6,0.63,0.795,1.0
135.0,1.125,120.0,0.96,125.0,0.9191176470588236,136.0,0.9784172661870504,138.0,1.0222222222222221,135.0,1.0975609756097562,123.0,0.9534883720930232,129.0,0.9923076923076924,170.0,-0.1822820986824176,0.2618789134011454,74.0,96.0,-0.0026776438080117,-0.2108756709768909,0.8733856645981855,-0.5356867669375593,-0.1959626343818429,0.23,0.4,0.44,0.475,0.745,1.0
140.0,0.9859154929577464,142.0,0.3678756476683937,386.0,2.880597014925373,134.0,0.9305555555555556,144.0,0.9863013698630136,146.0,1.0,146.0,0.9864864864864864,148.0,1.0136986301369864,204.0,-0.16128847135339,0.1316661101274531,104.0,100.0,-0.1810197919489902,-0.1990970724087256,0.3464431184726742,-0.4979244258319812,0.0626182087916957,0.31,0.48,0.515,0.54,0.79,1.0
159.0,0.99375,160.0,1.0810810810810811,148.0,0.961038961038961,154.0,1.0065359477124185,133.0,0.76,175.0,2.0348837209302326,86.0,0.6515151515151515,132.0,1.4666666666666666,161.0,-0.025662383706432,0.1768147905297622,68.0,93.0,0.0366939168567793,-0.0103783673513785,0.7577099336046682,-0.0110038225276083,0.2260882153480066,0.37,0.4,0.425,0.535,0.45,1.0
145.0,1.0,145.0,1.0,145.0,0.9731543624161074,149.0,0.2876447876447876,147.0,1.0068493150684932,146.0,0.9668874172185432,151.0,1.0,151.0,1.0134228187919463,202.0,-0.337045074254289,0.1754532616510968,100.0,102.0,-0.3759514499563674,-0.396443016887741,0.5466181348145334,-0.7575197349847117,-0.1051035913188512,0.29,0.465,0.5,0.525,0.775,1.0
128.0,1.1327433628318584,113.0,0.6975308641975309,162.0,2.025,80.0,0.4419889502762431,108.0,0.7297297297297297,148.0,1.088235294117647,136.0,1.0149253731343284,134.0,1.0387596899224807,123.0,-0.1593559748491476,0.0949602797929095,48.0,75.0,-0.1129831582429964,-0.2103529856052584,0.245993607749316,-0.450353950592023,-0.0647263935142163,0.35,0.335,0.39,0.45,0.67,1.0
144.0,0.9536423841059604,151.0,0.2393026941362916,631.0,2.554655870445344,247.0,1.7272727272727273,350.0,2.6315789473684212,133.0,0.8926174496644296,149.0,0.3850129198966408,387.0,2.7253521126760565,349.0,-0.2037616094364994,0.1171378634182662,105.0,244.0,-0.1731954421121795,-0.2353239102033289,0.3537314304365653,-0.5291551087528991,-0.0244062397941802,0.285,0.275,0.305,0.32,0.45,1.0
118.0,0.9672131147540984,122.0,1.3406593406593406,91.0,0.6319444444444444,144.0,1.2100840336134453,135.0,1.1637931034482758,116.0,0.9830508474576272,118.0,0.9833333333333332,120.0,1.0619469026548674,147.0,-0.1995235657067338,0.3539278861746542,53.0,94.0,0.9078638353251044,-0.2418219802515126,1.4042374545704024,-0.2340148086962174,-0.2340148086962174,0.345,0.28,0.365,0.415,0.415,1.0
152.0,1.0066225165562914,151.0,1.0202702702702702,148.0,1.0068027210884354,147.0,0.9865771812080536,152.0,1.034013605442177,147.0,0.98,150.0,0.967741935483871,155.0,1.0472972972972974,211.0,0.0287389050943515,0.158033282746679,105.0,106.0,-0.0112176307960868,-0.020795464775117,0.7598411421895666,-0.3244611381404731,0.2284011402886991,0.46,0.47,0.505,0.53,0.76,1.0
151.0,1.0134228187919463,149.0,1.0205479452054795,146.0,0.9798657718120806,149.0,1.0347222222222223,151.0,1.0272108843537415,147.0,0.3,490.0,1.828358208955224,268.0,1.9142857142857144,207.0,-0.2311844267149481,0.1651381894623326,102.0,105.0,-0.2702603854219941,-0.2592443391025913,0.5007683211540528,-0.593827614969092,0.0045669468631948,0.455,0.47,0.495,0.525,0.77,1.0
138.0,0.92,150.0,1.048951048951049,143.0,0.959731543624161,149.0,0.9933333333333332,404.0,2.906474820143885,139.0,0.9205298013245032,151.0,1.0134228187919463,149.0,0.9551282051282052,387.0,-0.2410180785038683,0.11293432310404,105.0,282.0,-0.2634121058198739,-0.2910085234722493,0.3822143361211376,-0.5781649683878962,-0.0440456449941788,0.17,0.235,0.27,0.285,0.405,1.0
138.0,0.9452054794520548,146.0,1.0138888888888888,144.0,0.5034965034965035,286.0,2.1343283582089554,144.0,1.006993006993007,143.0,0.4798657718120805,298.0,2.143884892086331,139.0,0.9266666666666666,200.0,-0.1737139547119864,0.1520789199488028,100.0,100.0,-0.185,-0.2157954202446888,0.5478976824300759,-0.586590618950868,0.02,0.465,0.48,0.505,0.53,0.765,1.0
155.0,1.0472972972972974,148.0,0.4698412698412698,315.0,2.2992700729927007,137.0,0.9013157894736842,150.0,0.9933774834437086,151.0,0.3984168865435356,379.0,2.6690140845070425,142.0,0.9281045751633988,212.0,-0.2110658624140649,0.1507222554941591,107.0,105.0,-0.2403906179323504,-0.2517074307070082,0.4722045031907402,-0.513381800824106,0.0399191102572319,0.445,0.465,0.505,0.535,0.785,1.0
151.0,1.0342465753424657,146.0,1.0,146.0,1.0,146.0,1.0138888888888888,152.0,1.0410958904109588,146.0,0.9605263157894736,152.0,1.0201342281879195,149.0,0.9675324675324676,211.0,-0.1505917944082954,0.1556144407210001,105.0,106.0,-0.1731614029676288,-0.2044299318230429,0.5903030532279101,-0.5740737699496175,0.1105122688162541,0.465,0.455,0.5,0.52,0.78,1.0
151.0,1.0066666666666666,150.0,0.986842105263158,152.0,0.9934640522875816,153.0,0.2761732851985559,151.0,0.967948717948718,156.0,1.033112582781457,151.0,1.0134228187919463,149.0,0.25,207.0,-0.2219803066134546,0.1439954215352318,102.0,105.0,-0.2498963338839342,-0.2817791075361852,0.4034919115282436,-0.6030067877199007,0.0155722997741263,0.3,0.455,0.5,0.525,0.785,1.0
138.0,0.913907284768212,151.0,1.0272108843537415,147.0,1.0068493150684932,146.0,0.9931972789115646,376.0,2.6857142857142855,140.0,0.3783783783783784,370.0,2.7007299270072997,137.0,0.9072847682119204,365.0,-0.2397719426002465,0.1040803344473276,102.0,263.0,-0.2317105081026096,-0.2258057821802133,0.2928181141960118,-0.6230678300734769,-0.015000729323546,0.2,0.265,0.28,0.295,0.435,1.0
148.0,0.9736842105263158,152.0,0.987012987012987,154.0,0.2383900928792569,646.0,1.2029795158286778,149.0,1.0347222222222223,144.0,0.96,150.0,0.9803921568627452,153.0,1.0337837837837838,206.0,-0.1591308256541435,0.1342803518521831,102.0,104.0,-0.1760884171265234,-0.2029047260195179,0.4366013662840303,-0.5586574918872725,0.0219349566224549,0.35,0.46,0.5,0.52,0.765,1.0
149.0,1.0067567567567568,148.0,1.0068027210884354,147.0,0.3712121212121212,396.0,2.848920863309353,347.0,2.5328467153284673,137.0,0.9383561643835616,146.0,0.3872679045092838,377.0,2.7518248175182483,346.0,-0.1318760277164689,0.1127666471802612,104.0,242.0,-0.034798552384872,-0.2081887256119469,0.3202962510776178,-0.4597150899007114,0.0762274858515224,0.205,0.285,0.305,0.325,0.485,1.0
149.0,0.9675324675324676,154.0,0.9871794871794872,156.0,1.033112582781457,151.0,0.3094262295081967,155.0,1.0333333333333334,150.0,0.9933774834437086,151.0,1.0272108843537415,147.0,0.9932432432432432,213.0,-0.1806602396420416,0.1573340164186334,105.0,108.0,-0.2330019627168283,-0.2446266686833173,0.6319216602048278,-0.5409154083372264,0.0772211164240029,0.295,0.46,0.5,0.525,0.775,1.0
127.0,0.9921875,128.0,1.1531531531531531,111.0,1.0373831775700937,107.0,0.8770491803278688,114.0,0.9047619047619048,126.0,1.2,105.0,0.9905660377358492,106.0,0.9298245614035088,153.0,-0.2072678176227903,0.2618214751794147,74.0,79.0,-0.1999023470129064,-0.2629691796767136,1.433808028987672,-0.1935898597355804,-0.1935898597355804,0.26,0.45,0.49,0.53,0.53,1.0
144.0,1.006993006993007,143.0,0.9930555555555556,144.0,0.2666666666666666,540.0,2.02247191011236,141.0,0.43653250773993807,323.0,2.3576642335766422,137.0,0.9133333333333332,150.0,1.0,200.0,-0.0390935333595458,0.1375853202533801,102.0,98.0,-0.0101421031203464,-0.1023563114942646,0.4,-0.4192832536256061,0.1454294801321857,0.325,0.485,0.515,0.54,0.805,1.0
394.0,2.962406015037594,133.0,0.93006993006993,143.0,1.0214285714285714,140.0,0.958904109589041,144.0,0.40793201133144474,353.0,2.557971014492753,138.0,0.9452054794520548,146.0,1.0138888888888888,202.0,-0.189524221566907,0.1584620614944976,102.0,100.0,-0.1961790192186124,-0.2239178837103066,0.5432046566953569,-0.6116108646085134,0.007094450516903,0.385,0.47,0.51,0.535,0.775,1.0
146.0,1.020979020979021,143.0,0.9662162162162162,148.0,1.0206896551724138,145.0,0.9931506849315068,154.0,1.0065359477124183,153.0,1.006578947368421,152.0,0.1707865168539326,890.0,3.723849372384937,202.0,-0.1517909610846166,0.1839225344151947,95.0,107.0,-0.2104672633752966,-0.2363312591879753,0.7626610168687471,-0.5859805048320011,-0.0007265834779867,0.415,0.435,0.475,0.5,0.715,1.0
167.0,0.9881656804733728,169.0,0.9883040935672516,171.0,1.0555555555555556,162.0,0.8526315789473684,72.0,0.7422680412371134,97.0,1.2597402597402598,77.0,1.0547945205479452,73.0,0.6636363636363637,113.0,-0.1777276041797903,0.186203593448124,63.0,50.0,-0.2024718089090939,-0.2002746363889616,0.7807185948721866,-0.1107923876573033,0.0544000255825522,0.485,0.505,0.56,0.655,0.6,1.0
419.0,0.5054282267792521,829.0,4.876470588235295,170.0,1.683168316831683,101.0,1.0978260869565215,136.0,0.317016317016317,429.0,1.8982300884955752,226.0,1.6258992805755397,139.0,0.9266666666666666,186.0,-0.0726736425745474,0.1788250887117408,91.0,95.0,-0.1279490739417198,-0.1649418343770277,0.8407393520014261,-0.3952378013621974,0.1477229257550121,0.345,0.405,0.49,0.52,0.805,1.0
84.0,0.8235294117647058,102.0,0.3763837638376384,271.0,1.3482587064676617,201.0,0.7556390977443609,148.0,0.6577777777777778,225.0,2.3684210526315788,95.0,0.6834532374100719,139.0,0.6650717703349283,173.0,0.0253630888229719,0.1149822199238262,70.0,103.0,0.0825544523822081,-0.0229876222024958,0.8351563990347696,0.2088530779153355,0.2088530779153355,0.365,0.385,0.405,0.43,0.43,1.0
145.0,0.9931506849315068,146.0,1.0138888888888888,144.0,0.4079320113314447,353.0,2.557971014492753,380.0,2.7338129496402876,139.0,0.9455782312925172,147.0,1.0208333333333333,144.0,1.0,366.0,-0.2272967196663294,0.1003092637462314,100.0,266.0,-0.1892851413648544,-0.2740315120328771,0.250021355089803,-0.5946249511331425,-0.0492966882257825,0.26,0.25,0.275,0.29,0.415,1.0
137.0,0.9256756756756755,148.0,0.3967828418230563,373.0,2.762962962962963,135.0,0.9183673469387756,366.0,2.652173913043478,138.0,0.913907284768212,151.0,1.0272108843537415,147.0,1.0068493150684932,357.0,-0.2317205531306493,0.1210488764380521,101.0,256.0,-0.2497734276612704,-0.2498876662584409,0.4329052229506913,-0.5486238875392004,-0.0075507785583439,0.245,0.26,0.285,0.305,0.435,1.0
256.0,1.1428571428571428,224.0,0.9531914893617022,235.0,1.068181818181818,220.0,1.0526315789473684,75.0,0.6696428571428571,112.0,0.6222222222222222,180.0,0.9473684210526316,190.0,1.5833333333333333,131.0,-0.1407043141796709,0.1308727282762536,79.0,52.0,-0.0175098884181766,-0.059213184828516,0.5035021881591237,-0.0641426090827282,-0.0641426090827282,0.42,0.58,0.605,0.64,0.64,1.0
194.0,1.94,100.0,0.5319148936170213,188.0,1.9183673469387756,98.0,0.4875621890547263,199.0,1.5793650793650793,126.0,0.6666666666666666,189.0,1.96875,96.0,0.5423728813559322,225.0,-0.3601107886609962,0.1917845757151039,86.0,139.0,-0.1016818719506277,-0.3499801469040203,0.5032537884946188,-0.4209073119526356,-0.343059438467122,0.24,0.37,0.385,0.405,0.56,1.0
138.0,0.9324324324324323,148.0,1.0,148.0,0.9801324503311258,151.0,1.0342465753424657,146.0,0.9733333333333334,150.0,1.0273972602739727,146.0,0.9668874172185432,151.0,0.9805194805194806,206.0,-0.3016520233853471,0.1932638534043824,104.0,102.0,-0.0336636135565683,-0.176534687360543,0.2707413766025686,0.1217821893153638,0.1217821893153638,0.505,0.74,0.785,0.805,0.805,1.0
148.0,1.0277777777777777,144.0,0.9536423841059604,151.0,0.2393026941362916,631.0,2.554655870445344,150.0,0.42857142857142855,350.0,2.631578947368421,133.0,0.8926174496644296,149.0,0.3850129198966408,207.0,-0.1412845585769699,0.1433082319499507,102.0,105.0,-0.1668879069587123,-0.1873736525895273,0.5067954049507147,-0.5650074474244904,-0.0695377394011508,0.41,0.46,0.5,0.525,0.82,1.0
135.0,0.906040268456376,149.0,1.0205479452054795,146.0,1.020979020979021,143.0,0.9727891156462584,622.0,1.3610503282275712,457.0,0.8788461538461538,520.0,1.037924151696607,501.0,1.6983050847457628,537.0,-0.1129364968717575,0.1131788551949135,102.0,435.0,-0.146151239859473,-0.1204594492714331,0.7752070717308914,-0.4954290502055727,0.0586922074061138,0.145,0.175,0.19,0.2,0.275,1.0
145.0,1.0283687943262412,141.0,0.9724137931034482,145.0,0.2715355805243445,534.0,2.225,365.0,2.744360902255639,133.0,0.93006993006993,143.0,1.0070422535211268,142.0,0.3585858585858585,357.0,-0.1608739249658453,0.1004398102953471,102.0,255.0,-0.1659491070334244,-0.2120868550990155,0.3427582633072627,-0.541169500019699,-0.0408092420503108,0.225,0.265,0.29,0.3,0.46,1.0
146.0,0.9864864864864864,148.0,1.0136986301369864,146.0,0.9798657718120806,149.0,1.0136054421768708,146.0,0.26024955436720143,561.0,2.125,264.0,1.9411764705882355,136.0,0.912751677852349,203.0,-0.1608187806947344,0.1505133138313058,101.0,102.0,-0.1968844221105527,-0.2111732270714482,0.5354528877933953,-0.5715462336646044,0.0426535814117502,0.435,0.455,0.505,0.53,0.76,1.0
148.0,0.3844155844155844,385.0,2.9166666666666665,132.0,0.9041095890410958,146.0,0.3659147869674185,146.0,1.0,146.0,0.9864864864864864,148.0,0.3915343915343915,378.0,1.3309859154929575,205.0,-0.1736648977905163,0.1310327970161672,103.0,102.0,-0.1597823452826919,-0.208777366914101,0.3284500147916895,-0.5262406548693732,0.0273831735976214,0.295,0.475,0.505,0.53,0.805,1.0
92.0,0.8363636363636363,110.0,1.0091743119266054,109.0,0.9316239316239316,117.0,0.951219512195122,122.0,0.9384615384615385,130.0,0.9629629629629628,135.0,1.0227272727272727,132.0,1.015384615384615,159.0,-0.1138954248094191,0.2438351402588391,74.0,85.0,-0.119021809076617,-0.1972298753355643,1.4209142353815956,-0.1290907568906075,-0.0981695854899526,0.275,0.425,0.465,0.505,0.51,1.0
98.0,0.6901408450704225,142.0,0.5772357723577236,246.0,1.0336134453781514,238.0,2.106194690265487,114.0,0.504424778761062,226.0,2.3789473684210525,95.0,0.9405940594059404,101.0,0.8145161290322581,151.0,0.0108758893453672,0.1253718683987888,72.0,79.0,0.0254220362566344,-0.0624225373893618,0.8454334521702741,-0.0136771397230621,0.1211586243143949,0.425,0.455,0.485,0.51,0.55,1.0
157.0,1.0129032258064516,155.0,1.0,155.0,,152.0,0.9620253164556962,152.0,1.0133333333333334,150.0,0.974025974025974,154.0,0.2172073342736248,709.0,2.1101190476190474,213.0,-0.1037499475731905,0.1524259664705715,107.0,106.0,-0.1077298383274336,-0.1598440652631833,0.6139315678896362,-0.4314415945600639,0.0862097062017632,0.47,0.46,0.505,0.53,0.74,1.0
137.0,0.9448275862068966,145.0,1.013986013986014,143.0,0.9794520547945206,146.0,1.006896551724138,144.0,0.9664429530201343,149.0,1.0205479452054795,146.0,0.1642294713160854,889.0,3.986547085201794,205.0,-0.0462104472714407,0.1704451005157508,105.0,100.0,-0.0725220493109861,-0.1263012458657236,0.903558515928346,-0.4758765939367416,0.1606974692531698,0.305,0.45,0.52,0.545,0.775,1.0
147.0,1.2564102564102564,117.0,1.0,117.0,1.0,117.0,0.9831932773109244,131.0,1.0826446280991735,121.0,1.0083333333333333,120.0,1.4285714285714286,84.0,0.5753424657534246,148.0,-0.134300222118501,0.4319162073382727,57.0,91.0,1.261156151700646,-0.1089949748743718,1.965226405558979,-0.2503566584552498,-0.1362085621889355,0.37,0.31,0.39,0.465,0.435,1.0
149.0,1.0347222222222223,144.0,0.979591836734694,147.0,0.9865771812080536,149.0,0.1308165057067603,145.0,0.9797297297297297,148.0,1.0,148.0,1.034965034965035,143.0,0.2440273037542662,202.0,-0.0708646899694207,0.1398038948743664,101.0,101.0,-0.0789632069866915,-0.1102196489115342,0.597454029465151,-0.4180229161281645,0.083823888474901,0.29,0.465,0.505,0.53,0.795,1.0
148.0,0.4180790960451977,354.0,2.4755244755244754,143.0,0.9727891156462584,147.0,0.392,151.0,1.0,151.0,0.360381861575179,419.0,0.5054282267792521,829.0,4.876470588235295,208.0,-0.052370993149716,0.1618747360020319,103.0,105.0,-0.0657458342302641,-0.1127660635645859,0.7329808981882199,-0.461006510211768,0.173421080078325,0.295,0.445,0.5,0.525,0.775,1.0
110.0,0.4489795918367347,245.0,1.206896551724138,203.0,0.944186046511628,215.0,1.048780487804878,140.0,0.7368421052631579,190.0,0.964467005076142,197.0,1.0,197.0,1.790909090909091,171.0,-0.2072958621365518,0.1299083450821234,73.0,98.0,-0.1266640886835875,-0.2885366264761497,0.5665914132601804,-0.3174783083924885,-0.1364478630429774,0.28,0.41,0.43,0.45,0.545,1.0
148.0,1.0068027210884354,147.0,1.027972027972028,143.0,0.9407894736842104,152.0,1.0201342281879195,149.0,1.0136054421768708,147.0,1.0208333333333333,144.0,1.006993006993007,143.0,0.9662162162162162,200.0,-0.1606695144982733,0.1625507022369711,96.0,104.0,-0.1806204878835036,-0.210379453962881,0.6881028686474774,-0.5472764745458153,0.0931036855702827,0.33,0.435,0.485,0.51,0.78,1.0
538.0,1.8615916955017304,289.0,2.0942028985507246,138.0,0.9324324324324323,148.0,1.0068027210884354,149.0,0.3880208333333333,384.0,2.844444444444445,135.0,0.9,150.0,1.0067114093959733,201.0,-0.1055354035106363,0.1544222808684368,97.0,104.0,-0.1191846591693001,-0.1365527368364685,0.7200050854332589,-0.4781540965796088,0.1593687022341109,0.33,0.44,0.49,0.515,0.78,1.0
1174.0,4.912133891213389,239.0,1.6713286713286712,143.0,0.9285714285714286,154.0,1.0620689655172413,147.0,0.9865771812080537,149.0,1.0,149.0,0.2689530685920577,554.0,1.8528428093645488,204.0,-0.2705576968079235,0.152570230110861,102.0,102.0,-0.3071544534346681,-0.3522757967804774,0.4879736696583306,-0.6405396994469607,-0.0496754285195833,0.425,0.445,0.505,0.53,0.78,1.0
148.0,1.1935483870967742,124.0,0.953846153846154,130.0,0.9558823529411764,136.0,0.317016317016317,1124.0,4.290076335877862,262.0,1.8985507246376807,138.0,0.9517241379310344,145.0,0.9797297297297296,888.0,-0.1190519972690156,0.0911472827716474,102.0,786.0,-0.1630925275848184,-0.1514689675103155,0.6760578183700179,-0.3651559130280275,0.1189154694000521,0.07,0.1,0.115,0.125,0.175,1.0
190.0,1.5573770491803278,122.0,0.6069651741293532,201.0,2.1157894736842104,95.0,0.472636815920398,167.0,1.403361344537815,119.0,0.7,170.0,1.5178571428571428,112.0,0.6956521739130435,205.0,-0.0916068759204046,0.1551792400015364,89.0,116.0,-0.0738695665330518,-0.1496123278908021,0.8537594209695857,-0.4986516611906339,0.056347726167227,0.29,0.395,0.44,0.465,0.705,1.0
134.0,0.4,335.0,2.518796992481203,133.0,0.4054878048780488,328.0,2.4296296296296296,145.0,1.0,145.0,1.0431654676258992,139.0,0.9928571428571428,140.0,0.3674540682414698,198.0,-0.1681503532989874,0.1419999475482178,97.0,101.0,-0.1608734649150825,-0.2408771763116467,0.4907299707774047,-0.5077261187205334,0.018920145574199,0.43,0.445,0.5,0.525,0.8,1.0
135.0,0.9246575342465754,146.0,0.9798657718120806,149.0,1.0067567567567568,148.0,1.0068027210884354,144.0,0.9664429530201343,149.0,0.4293948126801152,347.0,2.5328467153284677,137.0,0.9383561643835616,204.0,-0.1496775400683073,0.1259100471665621,104.0,100.0,-0.1759158864820204,-0.1994848135407454,0.3627340637021915,-0.5170731071164909,0.0224428344663246,0.3,0.475,0.515,0.54,0.78,1.0
166.0,0.9707602339181286,171.0,1.049079754601227,163.0,1.0516129032258064,155.0,0.96875,200.0,1.2658227848101267,158.0,0.9937106918238994,159.0,0.9636363636363636,165.0,0.9880239520958084,223.0,-0.2480822021157346,0.1618667204015852,83.0,140.0,-0.0908305740397352,-0.5271276652238887,1.06975144337159,-0.2868008576237333,-0.2845651949415619,0.225,0.35,0.375,0.395,0.65,1.0
172.0,1.5779816513761469,109.0,0.7569444444444444,144.0,1.1428571428571428,126.0,1.1454545454545455,223.0,0.9695652173913043,230.0,1.074766355140187,214.0,1.0,214.0,2.2291666666666665,224.0,-0.2506227019976951,0.1153713390344764,68.0,156.0,-0.2644550397781421,-0.298270826231246,0.4113896147585655,-0.3299884260034019,-0.2556569871908973,0.28,0.295,0.31,0.325,0.365,1.0
830.0,3.721973094170404,223.0,1.6277372262773722,137.0,0.9448275862068966,145.0,1.013986013986014,146.0,0.9668874172185431,151.0,1.0486111111111112,144.0,0.9664429530201344,149.0,1.0205479452054795,202.0,-0.110032530938284,0.1569245012712783,100.0,102.0,-0.1452484276991662,-0.1776021994322778,0.7050970713079421,-0.547376066482818,0.1190926558320434,0.43,0.455,0.495,0.52,0.785,1.0
106.0,0.9636363636363636,110.0,0.9649122807017544,114.0,1.027027027027027,111.0,1.018348623853211,136.0,1.182608695652174,115.0,1.0648148148148149,108.0,1.0,108.0,0.9908256880733946,150.0,-0.2246664898127316,0.51788415229374,55.0,95.0,0.2397815241152004,-0.5492611850760424,2.078224054606774,-0.7544764522002114,0.1601159850917453,0.195,0.33,0.37,0.42,0.645,1.0
132.0,0.9166666666666666,144.0,0.3881401617250674,371.0,2.688405797101449,138.0,0.9387755102040816,144.0,1.0212765957446808,141.0,0.9791666666666666,144.0,0.972972972972973,148.0,1.034965034965035,193.0,-0.0700668551029062,0.1223621676239191,93.0,100.0,-0.055957166819433,-0.1248455927239482,0.5018584530499324,-0.3812919164777887,0.1513519861910457,0.335,0.44,0.49,0.515,0.795,1.0
136.0,0.9006622516556292,151.0,1.0134228187919463,149.0,1.0,149.0,1.0136054421768708,148.0,1.0206896551724138,145.0,0.9797297297297296,148.0,0.3957219251336898,374.0,2.6906474820143886,201.0,-0.1843364647866233,0.161650183597892,98.0,103.0,-0.2194838920410095,-0.2687760010149205,0.5392814250285614,-0.5285622743624084,0.0542951563123691,0.325,0.44,0.49,0.52,0.745,1.0
144.0,1.0,144.0,0.993103448275862,145.0,0.9731543624161074,149.0,1.0,151.0,0.1753774680603949,861.0,3.48582995951417,247.0,1.7394366197183098,142.0,0.9659863945578232,208.0,0.0259092065474872,0.1535193300746535,103.0,105.0,-0.009421008286797,-0.0099239429834215,0.77637878943073,-0.34566908379246,0.2267284253100165,0.445,0.465,0.495,0.525,0.76,1.0
148.0,0.9801324503311258,151.0,1.0,151.0,0.360381861575179,419.0,0.5054282267792521,148.0,1.1935483870967742,124.0,0.953846153846154,130.0,0.9558823529411764,136.0,0.317016317016317,191.0,-0.0475617310771039,0.1399660396009922,88.0,103.0,-0.0672672212076925,-0.1331154418630155,0.7452770212691617,-0.4145049004879492,0.1078693375353794,0.435,0.42,0.465,0.495,0.775,1.0
242.0,1.0168067226890756,238.0,1.017094017094017,234.0,1.0493273542600896,223.0,0.9780701754385964,291.0,2.6216216216216215,111.0,1.353658536585366,82.0,0.3904761904761905,210.0,2.0388349514563107,272.0,-0.132385716104935,0.2467740433909996,69.0,203.0,-0.1997226328564636,-0.1933408299727605,1.5152627922168196,-0.3204622691572227,0.1533638836172437,0.195,0.215,0.255,0.28,0.445,1.0
146.0,1.0,146.0,1.0138888888888888,144.0,0.3214285714285714,448.0,1.6173285198555956,152.0,1.0201342281879195,149.0,0.9675324675324676,154.0,0.9871794871794872,156.0,1.033112582781457,208.0,-0.2236095932963517,0.1520170675015839,102.0,106.0,-0.2564698315387382,-0.300159979693882,0.4733763664479231,-0.5693433691893786,-0.0364635895651666,0.305,0.45,0.5,0.525,0.77,1.0
207.0,2.25,92.0,0.4717948717948718,195.0,2.03125,96.0,0.4383561643835616,212.0,2.1414141414141414,99.0,0.4852941176470588,204.0,2.125,96.0,0.6857142857142857,210.0,-0.3058634443179235,0.1762020713934588,62.0,148.0,-0.5417249420614663,-0.6266852330195534,0.2385201654067298,-0.3763556502045068,-0.3743757464485817,0.245,0.275,0.295,0.315,0.445,1.0
147.0,1.0068493150684932,146.0,0.9668874172185432,151.0,0.967948717948718,156.0,1.033112582781457,149.0,0.9738562091503268,153.0,1.0408163265306123,147.0,0.9865771812080536,149.0,0.2310077519379845,206.0,-0.1584815993715227,0.1510285475620119,102.0,104.0,-0.1878433197692303,-0.18789350833573,0.5447577369034798,-0.5360366486369572,0.0662523289206033,0.45,0.465,0.5,0.525,0.775,1.0
149.0,0.2876447876447876,518.0,2.1316872427983538,243.0,1.8,135.0,0.906040268456376,151.0,1.0134228187919463,149.0,1.0136054421768708,147.0,0.2363344051446945,622.0,1.3610503282275712,210.0,-0.1575659360356527,0.1806945335260142,105.0,105.0,-0.201069210070186,-0.2316185132541527,0.795720288348998,-0.5856255652482242,0.1309962992630228,0.31,0.46,0.505,0.53,0.79,1.0
148.0,0.9932885906040269,149.0,0.9675324675324676,154.0,1.0198675496688745,151.0,1.0066666666666666,148.0,1.0,148.0,0.9801324503311258,151.0,1.0342465753424657,146.0,0.9864864864864864,199.0,-0.1749353958440551,0.1100344839744454,96.0,103.0,-0.1429056050764157,-0.1939358739748595,0.3330343095687882,-0.4313203277504688,-0.085280219452212,0.38,0.455,0.485,0.51,0.725,1.0
144.0,0.3214285714285714,448.0,1.6173285198555956,277.0,1.9928057553956835,139.0,0.9205298013245032,154.0,0.9871794871794872,156.0,1.033112582781457,151.0,0.3094262295081967,488.0,1.6105610561056103,211.0,-0.266732131436227,0.15689235590611,104.0,107.0,-0.2858248388776045,-0.3161076335764463,0.5079520211559521,-0.6759942943527096,-0.0254773421951186,0.3,0.45,0.495,0.52,0.78,1.0
143.0,0.3864864864864865,370.0,2.7007299270072997,137.0,0.9194630872483222,149.0,1.0347222222222223,143.0,0.4454828660436137,321.0,2.3955223880597014,134.0,0.9054054054054054,148.0,1.049645390070922,199.0,-0.1694197512091552,0.1267387571404579,99.0,100.0,-0.1777745996863313,-0.2230651955470269,0.3827823909678099,-0.4947387296758762,0.0173746103402828,0.45,0.47,0.505,0.53,0.78,1.0
149.0,1.0,149.0,0.3386363636363636,440.0,0.7899461400359067,557.0,2.273469387755102,148.0,0.9932885906040269,149.0,1.0067567567567568,148.0,0.3936170212765957,376.0,2.7246376811594204,203.0,-0.1839844667518332,0.1555828462092278,100.0,103.0,-0.2262456655091591,-0.2330237030637303,0.6188364657225929,-0.6195304314120629,0.0605215189545008,0.305,0.465,0.5,0.525,0.8,1.0
469.0,1.0064377682403434,466.0,1.0064794816414686,463.0,3.4044117647058822,136.0,0.951048951048951,147.0,1.05,140.0,0.9722222222222222,144.0,1.006993006993007,143.0,0.959731543624161,204.0,-0.1876211594995496,0.1668031182170735,102.0,102.0,-0.2125817030826298,-0.2167965696289382,0.6904869132287279,-0.6203017027060063,0.0100552995378253,0.455,0.47,0.505,0.53,0.785,1.0
146.0,0.9605263157894736,152.0,1.0066225165562914,151.0,1.0272108843537415,147.0,1.013793103448276,150.0,1.0135135135135136,148.0,0.9932885906040269,149.0,0.9675324675324676,154.0,1.0198675496688745,211.0,-0.1768958206982427,0.1664783869240495,106.0,105.0,-0.1793475112802028,-0.2576168195837154,0.6132626853180971,-0.5497434812029354,0.1207130650359285,0.455,0.465,0.505,0.525,0.775,1.0
152.0,1.0201342281879195,149.0,1.0,149.0,0.3386363636363636,440.0,0.7899461400359067,143.0,0.9662162162162162,148.0,0.9932885906040269,149.0,1.0067567567567568,148.0,0.3936170212765957,200.0,-0.2001179705824725,0.1544995456735499,100.0,100.0,-0.22,-0.27,0.5862179219132653,-0.591512775849886,0.035,0.3,0.455,0.505,0.53,0.795,1.0
390.0,2.846715328467153,137.0,0.9133333333333332,150.0,0.3926701570680628,382.0,2.7681159420289854,511.0,0.9623352165725048,531.0,2.288793103448276,232.0,1.6453900709219855,141.0,0.9527027027027029,460.0,-0.1746283365390001,0.101390879476502,103.0,357.0,-0.2000332727355377,-0.2083648606407057,0.5667330490919624,-0.4886419727782342,-1.6950062852217306e-05,0.135,0.205,0.225,0.24,0.335,1.0
136.0,0.9444444444444444,144.0,0.3819628647214854,377.0,2.673758865248227,141.0,0.9591836734693876,346.0,2.621212121212121,132.0,0.3975903614457831,332.0,2.4411764705882355,136.0,0.4108761329305136,337.0,-0.084593692600804,0.1119725101005128,95.0,242.0,-0.0582660264862931,-0.0913587252344775,0.5849747833629377,-0.4191145077136539,0.0732580348178383,0.225,0.255,0.285,0.3,0.435,1.0
195.0,2.03125,96.0,0.4383561643835616,219.0,2.305263157894737,95.0,0.4523809523809524,204.0,2.125,96.0,0.6857142857142857,140.0,0.6060606060606061,231.0,1.064516129032258,211.0,-0.1603464538507167,0.1536498903870171,69.0,142.0,-0.1288087506579293,-0.2367474749779193,0.6317401187758818,-0.0889439103129017,0.0955391535321013,0.27,0.305,0.325,0.375,0.345,1.0
147.0,0.3941018766756032,373.0,2.683453237410072,139.0,0.9205298013245032,151.0,0.3719211822660098,382.0,2.7681159420289854,138.0,0.9324324324324323,148.0,0.3925729442970822,377.0,2.636363636363636,373.0,-0.3516934801986434,0.1218256174825525,106.0,267.0,-0.3602089349078147,-0.3866310482714935,0.4005666266762612,-0.715452496273331,-0.1860648735084815,0.175,0.26,0.285,0.3,0.42,1.0
140.0,0.9210526315789472,152.0,1.0555555555555556,144.0,0.3789473684210526,380.0,2.695035460992908,151.0,0.9869281045751634,153.0,0.1303236797274276,1174.0,4.912133891213389,239.0,1.6713286713286712,207.0,-0.1709726548674022,0.1537506870769249,102.0,105.0,-0.1862186383646654,-0.22596178489589,0.4956373657236855,-0.6369178352548587,0.0712788287971638,0.435,0.46,0.5,0.52,0.785,1.0
164.0,0.9820359281437124,167.0,1.050314465408805,159.0,1.0460526315789471,152.0,1.027027027027027,142.0,0.5220588235294118,272.0,1.8503401360544216,147.0,0.5975609756097561,246.0,2.510204081632653,160.0,-0.2193792377729756,0.2024830380977541,61.0,99.0,-0.2017918068983657,-0.2665267327055495,0.9535585902352676,-0.2359826971170144,0.0621677968179643,0.335,0.355,0.385,0.465,0.41,1.0
154.0,0.2911153119092627,529.0,1.7932203389830508,295.0,2.062937062937063,143.0,0.9407894736842104,151.0,1.0202702702702702,148.0,1.0068027210884354,147.0,0.9865771812080536,149.0,0.9551282051282052,211.0,0.0265776445984255,0.150884110175436,106.0,105.0,0.0061404789594919,-0.0473346643832716,0.6817592346781761,-0.3547244868498823,0.2661198404608146,0.36,0.455,0.51,0.535,0.8,1.0
147.0,1.013793103448276,145.0,0.3961748633879781,366.0,2.652173913043478,138.0,0.913907284768212,279.0,2.066666666666667,135.0,0.9183673469387756,147.0,0.3909574468085106,376.0,2.685714285714285,300.0,-0.246439997499924,0.1324424013646042,105.0,195.0,-0.2262488049685267,-0.2777074005237459,0.4112432857088491,-0.6849031900282316,-0.0014280014597113,0.21,0.335,0.355,0.37,0.535,1.0
371.0,2.748148148148148,135.0,0.3846153846153846,351.0,2.525179856115108,139.0,0.9266666666666666,143.0,0.3864864864864865,370.0,2.7007299270072997,137.0,0.9194630872483222,149.0,1.0347222222222223,203.0,-0.324468115165211,0.1275145663949657,103.0,100.0,-0.3412414722799232,-0.380819774941069,0.1979787973293806,-0.6841854916085385,-0.1735160677150616,0.37,0.45,0.51,0.535,0.755,1.0
169.0,1.0180722891566265,166.0,1.0121951219512195,164.0,1.0123456790123455,162.0,0.9938650306748468,195.0,1.21875,160.0,1.032258064516129,155.0,0.981012658227848,158.0,0.9813664596273292,212.0,-0.3483285358363393,0.1472863614467413,76.0,136.0,-0.2438244561670711,-0.4232570614815086,0.80288475234556,-0.4596060191904424,-0.3972596051251235,0.2,0.32,0.365,0.385,0.585,1.0
163.0,1.1164383561643836,146.0,0.9733333333333334,150.0,0.9202453987730062,163.0,0.9939024390243902,181.0,1.0773809523809523,168.0,0.9940828402366864,169.0,1.0119760479041915,167.0,1.030864197530864,208.0,-0.3971996580064986,0.1714833452833897,82.0,126.0,-0.21999867473502,-0.6724385072287128,0.9187387227754982,-0.4741246328027965,-0.4643419780347688,0.235,0.37,0.395,0.415,0.555,1.0
138.0,0.9261744966442952,149.0,1.041958041958042,143.0,1.0070422535211268,142.0,0.9793103448275862,151.0,1.0202702702702702,148.0,0.9932885906040269,149.0,0.9738562091503268,153.0,0.4036939313984168,207.0,-0.1891202894827499,0.1705425913452043,102.0,105.0,-0.2007190634141721,-0.2362613870212002,0.6241374813418591,-0.6251811599322549,0.0712990219226386,0.435,0.465,0.5,0.525,0.76,1.0
226.0,1.8225806451612905,124.0,0.5344827586206896,232.0,2.4166666666666665,96.0,0.9320388349514565,145.0,1.6111111111111112,90.0,0.9473684210526316,95.0,1.144578313253012,83.0,0.976470588235294,166.0,0.0340178855771664,0.1847054446763445,65.0,101.0,0.0286344654476938,-0.0202326986721986,1.1805825924772972,0.032876087641784,0.0371473063122405,0.325,0.36,0.39,0.46,0.48,1.0
138.0,0.92,150.0,0.986842105263158,152.0,1.034013605442177,147.0,0.9932432432432432,148.0,1.034965034965035,143.0,0.9794520547945206,146.0,0.1655328798185941,882.0,3.6296296296296298,201.0,-0.0846600456681438,0.1563749931587908,98.0,103.0,-0.1000100390212679,-0.1080596307133415,0.6204963766294962,-0.4788785798944986,0.1650365488475744,0.345,0.46,0.49,0.515,0.775,1.0
151.0,0.9869281045751634,153.0,0.1303236797274276,1174.0,4.912133891213389,239.0,1.6713286713286712,154.0,1.0476190476190477,147.0,1.0,147.0,0.9865771812080536,149.0,1.0,212.0,-0.2955719675950571,0.1516244874925444,105.0,107.0,-0.3195315882981749,-0.3549502156863477,0.5060190041090641,-0.6465527549972984,-0.085889485128757,0.305,0.445,0.5,0.525,0.765,1.0
135.0,0.9246575342465754,146.0,0.9864864864864864,148.0,1.0136986301369864,146.0,1.0,147.0,1.013793103448276,145.0,0.9863945578231292,147.0,0.98,150.0,0.2631578947368421,207.0,-0.034826548232884,0.1963637984646099,105.0,102.0,-0.1720398696573608,-0.1819741358219889,0.9078452384016742,-0.484416179874572,0.2868296392642412,0.44,0.475,0.51,0.535,0.765,1.0
152.0,1.027027027027027,148.0,0.8554913294797688,173.0,1.0236686390532543,169.0,1.0903225806451613,246.0,2.510204081632653,98.0,0.7050359712230215,139.0,0.5840336134453782,238.0,1.2081218274111676,274.0,-0.2818577272113459,0.0936774086435504,102.0,172.0,-0.0960650514913536,-0.4070465023149792,0.423760016773592,-0.3509058971385918,-0.2289920234852667,0.275,0.36,0.375,0.39,0.44,1.0
107.0,0.8770491803278688,122.0,0.9384615384615383,130.0,0.9629629629629628,135.0,1.0227272727272727,106.0,0.9298245614035088,114.0,1.0363636363636364,110.0,1.0476190476190477,105.0,1.0714285714285714,147.0,-0.1626005717395607,0.2775889116943065,73.0,74.0,-0.1390407125613294,-0.2110733073498154,1.5488528636134993,-0.1102548896108662,-0.1102548896108662,0.28,0.46,0.505,0.545,0.545,1.0
214.0,1.0,214.0,2.2291666666666665,96.0,0.4571428571428571,210.0,1.0344827586206895,198.0,2.0842105263157893,95.0,1.1875,80.0,1.1594202898550725,69.0,0.8734177215189873,194.0,-0.2344385555529454,0.1741327146259285,56.0,138.0,-0.3490742899121692,-0.3754082482663142,0.7998335329989288,-0.2927788448902722,-0.2927788448902722,0.235,0.265,0.295,0.335,0.335,1.0
148.0,1.0068027210884354,147.0,0.4060773480662983,362.0,2.6423357664233578,137.0,0.9256756756756755,366.0,2.7111111111111112,135.0,0.9310344827586208,145.0,0.3929539295392953,369.0,2.6739130434782608,360.0,-0.1942928496160801,0.1298097862591136,104.0,256.0,-0.2262424527131023,-0.2601655601821219,0.5458553484352447,-0.5546086518393943,-0.0395471715571315,0.17,0.255,0.29,0.305,0.425,1.0
156.0,0.9936305732484076,157.0,0.98125,160.0,1.0,160.0,0.9580838323353292,190.0,1.1176470588235294,170.0,1.0240963855421688,166.0,1.0,166.0,1.0121951219512195,208.0,-0.2281473955996116,0.2132475739514814,75.0,133.0,-0.1544009116675306,-0.4134887431224459,1.3469351710637996,-0.2894912083770313,-0.2679884236098607,0.22,0.335,0.365,0.39,0.645,1.0
148.0,0.9736842105263158,152.0,0.9806451612903224,155.0,1.019736842105263,152.0,0.2447665056360708,152.0,1.0066225165562914,151.0,1.0134228187919463,149.0,1.0067567567567568,148.0,1.0,212.0,-0.1425745048648636,0.1579191540588234,106.0,106.0,-0.1473595804397097,-0.1882342427345525,0.625332868249797,-0.5688490145193591,0.1233464309871934,0.475,0.465,0.505,0.525,0.78,1.0
360.0,2.6666666666666665,135.0,0.3935860058309038,343.0,2.6589147286821704,129.0,0.908450704225352,144.0,0.38605898123324395,373.0,2.8473282442748094,131.0,0.891156462585034,147.0,0.392,195.0,0.0253917418034159,0.1058140365524104,95.0,100.0,0.0053753475682197,-0.0437644252789029,0.33207283735989,-0.2071267778171234,0.2300206846990588,0.325,0.415,0.485,0.525,0.795,1.0
149.0,1.0205479452054795,146.0,0.9798657718120806,149.0,1.0347222222222223,144.0,0.96,147.0,0.3,490.0,1.828358208955224,268.0,1.9142857142857144,140.0,0.9210526315789472,207.0,-0.2154615977152935,0.1519902328518514,105.0,102.0,-0.1980251493265185,-0.2717839001159038,0.5099335319034596,-0.6052980373012307,0.0539773832957589,0.48,0.465,0.51,0.535,0.79,1.0
144.0,0.979591836734694,147.0,0.9865771812080536,149.0,0.1308165057067603,1139.0,4.846808510638298,148.0,1.0,148.0,1.034965034965035,143.0,0.2440273037542662,586.0,1.260215053763441,204.0,-0.1161572892691694,0.1331840245823812,101.0,103.0,-0.1363765828124022,-0.145,0.5140764126883375,-0.4606043312257417,0.0203010653653178,0.45,0.46,0.5,0.525,0.77,1.0
148.0,1.049645390070922,141.0,0.9724137931034482,145.0,0.3680203045685279,394.0,2.855072463768116,151.0,1.0342465753424657,146.0,0.9864864864864864,148.0,1.0422535211267605,142.0,0.9726027397260274,201.0,0.0068537627626968,0.1286438176215346,96.0,105.0,-0.0158613871686938,-0.0315152833963275,0.4904814933991118,-0.3197347376683139,0.2240990929738822,0.265,0.45,0.48,0.505,0.76,1.0
206.0,2.080808080808081,99.0,0.456221198156682,217.0,2.358695652173913,92.0,0.4554455445544554,208.0,2.2127659574468086,94.0,0.4585365853658537,205.0,2.2282608695652173,92.0,0.4577114427860697,212.0,-0.3382203112309229,0.1639170798619213,67.0,145.0,-0.4132462892403121,-0.6022375874360857,0.5736006481899288,-0.3149335267518706,-0.3149335267518706,0.24,0.295,0.315,0.335,0.335,1.0
415.0,3.1203007518796992,133.0,0.8986486486486487,148.0,1.0068027210884354,147.0,1.0068493150684932,148.0,1.0068027210884354,147.0,0.4106145251396648,358.0,2.6323529411764706,136.0,0.8947368421052632,209.0,0.0002886840321193,0.1539292545858838,106.0,103.0,-0.0216110104455092,-0.0630605048998876,0.6682413121365403,-0.380233963055152,0.266516809952664,0.445,0.465,0.515,0.54,0.79,1.0
147.0,0.3838120104438642,383.0,2.795620437956204,137.0,0.9319727891156464,147.0,0.3693467336683417,519.0,2.1097560975609757,246.0,1.7697841726618706,139.0,0.9652777777777778,144.0,0.3870967741935484,465.0,-0.0978324203867851,0.0949439402491976,102.0,363.0,-0.095593970124723,-0.1207312796915715,0.4974395754706368,-0.3376047819147074,0.0302177489964819,0.175,0.195,0.22,0.235,0.325,1.0
155.0,1.0689655172413792,145.0,0.9797297297297296,148.0,0.348235294117647,425.0,0.5114320096269555,145.0,0.9797297297297297,148.0,0.9801324503311258,151.0,1.0413793103448277,145.0,0.9931506849315068,204.0,-0.0718218509756177,0.1526858414292848,103.0,101.0,-0.0796437334117773,-0.1175673558186891,0.6568404344663844,-0.4820476360986925,0.1131826012267407,0.405,0.455,0.51,0.53,0.78,1.0
232.0,1.6453900709219855,141.0,0.9527027027027029,148.0,1.034965034965035,143.0,0.9794520547945206,148.0,1.0068027210884354,147.0,1.027972027972028,143.0,0.9407894736842104,152.0,1.0201342281879195,205.0,-0.0536514589380447,0.1486803066709609,102.0,103.0,-0.0549272623046448,-0.0865661496581548,0.6120352525551793,-0.4155737636399831,0.1397101169730339,0.305,0.455,0.505,0.53,0.79,1.0
139.0,0.9266666666666666,150.0,0.4143646408839779,362.0,2.6814814814814816,135.0,0.906040268456376,149.0,1.0347222222222223,144.0,0.979591836734694,147.0,0.4441087613293051,331.0,2.470149253731343,199.0,-0.2227239728443238,0.1365270613527882,95.0,104.0,-0.2386748606049985,-0.2646758203872775,0.3468158745131572,-0.5952138102164275,-0.0421930721783721,0.42,0.445,0.48,0.505,0.75,1.0
160.0,1.0062893081761006,159.0,1.347457627118644,118.0,0.6519337016574586,181.0,1.0773809523809523,176.0,1.1,160.0,1.0457516339869282,153.0,0.9622641509433962,159.0,0.940828402366864,212.0,-0.3054777609956265,0.146601144562554,89.0,123.0,-0.1628247185343139,-0.4807402947233007,0.9111990321348188,-0.3919329222794691,-0.2891656097085107,0.28,0.4,0.42,0.44,0.715,1.0
128.0,0.6808510638297872,188.0,1.2702702702702702,148.0,1.7209302325581397,86.0,0.3839285714285714,214.0,2.2061855670103094,97.0,0.4898989898989899,198.0,1.11864406779661,177.0,1.0727272727272728,207.0,-0.3071435257622361,0.1859006741410366,58.0,149.0,-0.4426061755764576,-0.4590988609287358,0.601687947355358,-0.4282527906027863,-0.422533571261978,0.245,0.255,0.28,0.335,0.45,1.0
368.0,2.6099290780141846,141.0,0.9657534246575342,146.0,1.006896551724138,145.0,0.4833333333333333,429.0,3.1544117647058822,136.0,0.9006622516556292,151.0,1.0134228187919463,149.0,1.0,402.0,-0.2636224176487393,0.1136008556229174,102.0,300.0,-0.2851693853402169,-0.2651711838099242,0.3593535184247166,-0.6598838415174539,-0.0509210334256098,0.18,0.24,0.255,0.27,0.385,1.0
166.0,1.064102564102564,156.0,1.04,150.0,0.9146341463414634,164.0,1.0061349693251531,183.0,1.1730769230769231,156.0,0.912280701754386,171.0,1.0239520958083832,167.0,1.0372670807453417,214.0,-0.3867686574434422,0.1648124378540312,86.0,128.0,-0.2605953152901049,-0.6249588697452639,0.9763753346413132,-0.4417533424099376,-0.4078538639320448,0.26,0.38,0.405,0.425,0.675,1.0
150.0,0.974025974025974,154.0,1.0065359477124185,153.0,1.0851063829787233,141.0,0.8703703703703703,78.0,0.38235294117647056,204.0,2.3181818181818183,88.0,0.8712871287128713,101.0,0.4809523809523809,115.0,-0.237994294436963,0.2462349614536445,61.0,54.0,-0.258089530065054,-0.3135956141026599,0.8164400332182999,-0.3108252521055793,-0.0518583577268989,0.4,0.495,0.535,0.64,0.57,1.0
349.0,2.585185185185185,135.0,0.906040268456376,149.0,1.0205479452054795,146.0,1.006896551724138,146.0,0.9798657718120806,149.0,1.0067567567567568,148.0,1.0068027210884354,147.0,0.3712121212121212,196.0,-0.0069190738332046,0.1148867054085253,94.0,102.0,0.0042209954541665,-0.044127940087297,0.4438121188924137,-0.3058550741559832,0.1694928151589769,0.325,0.425,0.485,0.51,0.805,1.0
145.0,0.9863945578231292,147.0,1.0352112676056338,142.0,1.0289855072463767,138.0,1.0866141732283463,162.0,1.0,162.0,1.1824817518248176,137.0,0.9319727891156464,147.0,1.1221374045801529,197.0,-0.2695141398365117,0.1881579073197788,84.0,113.0,-0.2371839161801956,-0.2828194231095976,0.868649065142534,-0.5314096654589817,-0.233857078550026,0.27,0.385,0.43,0.46,0.675,1.0
92.0,0.8141592920353983,113.0,0.8968253968253969,126.0,0.8513513513513513,148.0,1.1935483870967742,150.0,1.0273972602739727,146.0,1.0,146.0,0.1298932384341637,1124.0,4.290076335877862,202.0,-0.027846656943538,0.1675121521297976,97.0,105.0,-0.0464964666759166,-0.0747121253611879,0.7988025399251572,-0.4400570756717486,0.1441666505360622,0.335,0.45,0.485,0.51,0.75,1.0
105.0,1.2352941176470589,85.0,0.3953488372093023,215.0,2.239583333333333,96.0,1.170731707317073,287.0,2.8415841584158414,101.0,0.3581560283687943,282.0,2.8484848484848486,99.0,1.1785714285714286,270.0,-0.2865101597472492,0.2374818084334513,70.0,200.0,-0.330423554950684,-0.310085556315483,1.4741758459140173,-0.4218953106176895,-0.1954565228612078,0.19,0.22,0.26,0.31,0.43,1.0
207.0,2.0294117647058822,102.0,1.3421052631578947,76.0,0.7450980392156863,102.0,1.0303030303030305,80.0,0.975609756097561,82.0,0.780952380952381,105.0,0.860655737704918,122.0,1.648648648648649,118.0,-0.1425080701174013,0.2271277597993284,62.0,56.0,-0.151502839179113,-0.2354278254817906,1.1022356617134896,-0.1169745604608252,-0.0636573177315732,0.45,0.485,0.53,0.63,0.605,1.0
110.0,0.7236842105263158,152.0,1.52,100.0,0.6289308176100629,159.0,1.606060606060606,149.0,0.9802631578947368,152.0,1.034013605442177,147.0,1.0970149253731345,134.0,0.9178082191780822,185.0,-0.1259790138696832,0.1942781266649942,81.0,104.0,-0.1188690630616248,-0.2195652307744575,0.9868932642400224,-0.4882203857213312,-0.030258011675879,0.24,0.4,0.44,0.475,0.725,1.0
88.0,0.9361702127659576,94.0,0.4454976303317535,211.0,1.1722222222222225,180.0,0.7627118644067796,232.0,2.297029702970297,101.0,0.7266187050359713,139.0,1.5444444444444445,90.0,0.7258064516129032,239.0,0.047753209055552,0.0848582135148402,77.0,162.0,-0.0023646083348342,0.003960911794688,0.4662946614257803,0.0497901524290185,0.123297444949877,0.275,0.285,0.325,0.34,0.465,1.0
98.0,0.4394618834080717,223.0,0.9695652173913044,230.0,1.074766355140187,214.0,1.0,176.0,1.5855855855855856,111.0,1.3703703703703705,81.0,0.4090909090909091,198.0,2.0842105263157893,184.0,-0.1556629353919685,0.1204586933469208,61.0,123.0,-0.1503733531647655,-0.2665281894764918,0.7944845705696648,-0.1613840890999887,-0.1613840890999887,0.175,0.31,0.335,0.385,0.385,1.0
162.0,1.265625,128.0,0.6772486772486772,189.0,1.4651162790697674,129.0,0.7865853658536586,173.0,1.2720588235294117,136.0,1.0225563909774436,133.0,0.9366197183098592,142.0,1.0441176470588236,183.0,-0.214901170608468,0.1024440489945584,62.0,121.0,-0.1770539733957957,-0.291962377511371,0.3382972852665273,-0.2670480823773526,-0.1339867931863838,0.195,0.295,0.34,0.38,0.575,1.0
145.0,0.3698979591836734,392.0,2.820143884892086,139.0,0.9266666666666666,150.0,1.0135135135135136,436.0,0.5317073170731708,820.0,3.306451612903226,248.0,1.7714285714285714,140.0,0.958904109589041,409.0,-0.1341497575492261,0.122674194323009,104.0,305.0,-0.1406091341033253,-0.1318547363648187,0.7449892354839294,-0.5469492710439594,0.0258433414496774,0.185,0.24,0.255,0.27,0.375,1.0
152.0,0.4010554089709762,379.0,2.786764705882353,136.0,0.9006622516556292,151.0,0.4026666666666667,148.0,0.3967828418230563,373.0,2.762962962962963,135.0,0.9183673469387756,147.0,0.375,198.0,-0.2468436706348016,0.1607589294413525,95.0,103.0,-0.2370574343089339,-0.3009387713983628,0.5693025925354231,-0.6218264338432686,0.0056165036685828,0.325,0.43,0.485,0.515,0.78,1.0
138.0,0.9261744966442952,149.0,0.3810741687979539,391.0,2.8129496402877696,139.0,0.9455782312925172,147.0,1.0068493150684932,146.0,0.3967391304347826,368.0,2.6099290780141846,141.0,0.9657534246575342,205.0,-0.1383423119332511,0.169999861535322,103.0,102.0,-0.1783167309083665,-0.1963913852599305,0.6217275571040866,-0.5352873421522919,0.1501632238693045,0.3,0.47,0.51,0.535,0.78,1.0
259.0,1.2821782178217822,202.0,0.957345971563981,211.0,1.0047619047619047,210.0,1.0047846889952152,258.0,1.2344497607655502,209.0,2.2,95.0,0.3991596638655462,238.0,1.1840796019900497,248.0,-0.3704678803072456,0.2052965288370473,68.0,180.0,-0.3300235754846394,-0.4144774863488069,0.6997511345118042,-0.5697610819675939,-0.3252529323619373,0.165,0.24,0.275,0.335,0.455,1.0
142.0,0.9726027397260274,146.0,0.9605263157894736,152.0,1.0066225165562914,151.0,1.0272108843537415,152.0,1.0133333333333334,150.0,1.0135135135135136,148.0,0.9932885906040269,149.0,0.9675324675324676,209.0,-0.1483046637666545,0.130893389928221,103.0,106.0,-0.1530011588748863,-0.2483579096609778,0.237940252824683,-0.5622306322130499,0.1106676698155507,0.33,0.44,0.5,0.52,0.775,1.0
151.0,1.0134228187919463,149.0,1.0,149.0,1.0136054421768708,147.0,0.3730964467005076,145.0,0.9797297297297297,148.0,0.3957219251336898,374.0,2.6906474820143886,139.0,0.9266666666666666,204.0,-0.1929927123363028,0.1620158857109067,103.0,101.0,-0.2134490466044393,-0.2594427171844854,0.5138083485627585,-0.5814752558924334,0.0391035920008261,0.3,0.45,0.51,0.535,0.785,1.0
152.0,1.0482758620689656,145.0,0.9731543624161074,149.0,0.9867549668874172,151.0,1.0066666666666666,156.0,0.25573770491803277,610.0,2.4596774193548385,248.0,1.7588652482269505,141.0,0.933774834437086,213.0,-0.0118057721484877,0.1195594276393125,104.0,109.0,-0.0109131596237948,-0.0203470565273615,0.4234428757420166,-0.3251227104279274,0.1201952045278766,0.44,0.455,0.495,0.52,0.75,1.0
220.0,2.3157894736842106,95.0,0.376984126984127,252.0,1.1775700934579438,214.0,2.206185567010309,255.0,1.103896103896104,231.0,1.0176211453744493,227.0,2.3402061855670104,97.0,0.3911290322580645,243.0,-0.5445831496173047,0.19647831840289,65.0,178.0,-0.0863641622520321,-0.4723755641944632,0.0019932855454814,-0.64391576357789,-0.2365154903234171,0.08,0.01,0.1,0.19,0.12,1.0
146.0,0.9864864864864864,148.0,0.4180790960451977,354.0,2.661654135338346,133.0,0.8807947019867549,154.0,1.0266666666666666,150.0,1.0,150.0,1.020408163265306,147.0,0.9607843137254902,212.0,-0.1480979859868879,0.1517197566534917,105.0,107.0,-0.0831041867456054,-0.2306110024993428,0.4530176909787905,-0.5398706695076368,0.1436323679985609,0.325,0.45,0.495,0.525,0.75,1.0
149.0,1.0347222222222223,144.0,0.319290465631929,451.0,3.291970802919708,137.0,0.9013157894736842,146.0,1.020979020979021,143.0,0.3950276243093922,362.0,2.6423357664233578,137.0,0.9256756756756755,197.0,-0.2227292494832959,0.1893286574942271,95.0,102.0,-0.1999044252582987,-0.2607704452544838,0.6207942739373958,-0.655621447512192,0.115351750096843,0.46,0.445,0.485,0.515,0.79,1.0
159.0,1.251968503937008,127.0,1.016,125.0,1.2755102040816326,98.0,0.6621621621621622,140.0,1.320754716981132,106.0,0.6928104575163399,153.0,1.4166666666666667,108.0,0.6666666666666666,181.0,-0.0286929677335795,0.1822425306493348,83.0,98.0,-0.000148221452547,-0.0994855857249124,0.945691137522798,-0.3802043379838224,0.0332440014929102,0.255,0.415,0.46,0.495,0.775,1.0
146.0,1.0,146.0,1.0,146.0,0.948051948051948,154.0,1.0198675496688745,146.0,0.9605263157894737,152.0,1.0,152.0,1.0482758620689656,145.0,0.2645985401459854,207.0,-0.1016608063823256,0.1606567536815372,105.0,102.0,-0.1352701808480433,-0.1554889189056948,0.632997688985959,-0.5278078631671311,0.1246851920799285,0.455,0.475,0.51,0.535,0.775,1.0
357.0,2.6444444444444444,135.0,0.9121621621621622,148.0,1.0277777777777777,144.0,0.4,144.0,0.39779005524861877,362.0,0.9354005167958656,387.0,2.8455882352941178,136.0,0.9444444444444444,198.0,-0.0141620797877106,0.089563300901541,98.0,100.0,-0.0030673113651007,-0.0041350861660341,0.2545933275517575,-0.2113196492193466,0.1480923540554633,0.455,0.465,0.495,0.54,0.78,1.0
174.0,1.12987012987013,154.0,1.0694444444444444,144.0,0.8,180.0,1.935483870967742,121.0,1.0521739130434782,115.0,0.6647398843930635,173.0,1.8602150537634408,93.0,0.7209302325581395,146.0,-0.0446151966841834,0.1929160478738529,62.0,84.0,-0.0477726985178978,-0.0875223334006458,1.0815770533338334,-0.0722858008036138,0.0004586223289387,0.37,0.385,0.42,0.515,0.48,1.0
389.0,0.7582846003898636,513.0,1.851985559566787,277.0,2.0072463768115942,138.0,0.913907284768212,552.0,2.1478599221789882,257.0,1.875912408759124,137.0,0.9256756756756755,148.0,1.034965034965035,489.0,-0.0827373192490141,0.0883383863465691,103.0,386.0,-0.096332440564595,-0.1282495971498535,0.405669174384612,-0.403849936228961,0.1769677528824034,0.175,0.185,0.21,0.225,0.325,1.0
139.0,0.952054794520548,146.0,0.9864864864864864,148.0,0.9673202614379084,153.0,1.0337837837837838,101.0,1.0978260869565217,92.0,0.8141592920353983,113.0,0.8968253968253969,126.0,0.8513513513513513,188.0,-0.0025725336961974,0.1948702601719051,118.0,70.0,0.0397566889080549,-0.1299478729719785,0.8841290102798003,-0.4218194942046049,0.2069634224452802,0.445,0.58,0.63,0.66,0.9,1.0
520.0,1.037924151696607,501.0,1.6983050847457628,295.0,2.185185185185185,135.0,0.9246575342465754,145.0,0.1657142857142857,875.0,3.755364806866953,233.0,1.6524822695035462,141.0,0.9463087248322148,201.0,-0.0814502730486293,0.1560887440396927,100.0,101.0,-0.1122570205549406,-0.1255919108046091,0.6903462125365447,-0.5016578123379407,0.1535685580132418,0.445,0.465,0.505,0.53,0.775,1.0
631.0,2.554655870445344,247.0,1.7272727272727273,143.0,0.9407894736842104,152.0,1.0410958904109588,149.0,0.3850129198966408,387.0,2.7253521126760565,142.0,0.9466666666666668,150.0,1.020408163265306,197.0,-0.1471815423423831,0.1577355561042208,93.0,104.0,-0.1571991653226456,-0.1769648508944659,0.6383063474029647,-0.5556950241870167,0.0750760402474647,0.32,0.44,0.475,0.505,0.755,1.0
373.0,2.8473282442748094,131.0,0.891156462585034,147.0,0.392,375.0,2.840909090909091,140.0,0.9859154929577465,142.0,0.3678756476683937,386.0,2.880597014925373,134.0,0.9305555555555556,194.0,-0.0781397082630431,0.1370829058606752,96.0,98.0,-0.0977823407323938,-0.1136544645183589,0.5571643606041151,-0.441794348399025,0.1376166535689386,0.295,0.45,0.5,0.525,0.8,1.0
134.0,0.9054054054054054,148.0,0.9932885906040269,149.0,1.0205479452054795,146.0,1.0,150.0,0.35545023696682465,422.0,1.4402730375426622,293.0,2.1703703703703705,135.0,0.8940397350993378,209.0,-0.0764762636644476,0.1419083811576096,104.0,105.0,-0.1154315068197185,-0.1423373740550887,0.6217111979741736,-0.4474643289227784,0.1071337308145929,0.31,0.46,0.505,0.53,0.755,1.0
622.0,1.3610503282275712,457.0,0.8788461538461538,520.0,1.037924151696607,501.0,1.6983050847457628,145.0,1.0069444444444444,144.0,0.993103448275862,145.0,0.1657142857142857,875.0,3.755364806866953,202.0,-0.135095891450016,0.1580487614026563,101.0,101.0,-0.1844085263588184,-0.2027759665595901,0.6166598382606104,-0.5292931071497503,0.1067227147782893,0.36,0.45,0.505,0.53,0.79,1.0
148.0,0.3915343915343915,378.0,1.3309859154929575,284.0,2.103703703703704,135.0,0.9121621621621622,146.0,0.9798657718120806,149.0,1.0067567567567568,148.0,0.2661870503597122,556.0,1.992831541218638,205.0,-0.3220821724219338,0.1399361896254203,103.0,102.0,-0.3382985749770067,-0.3795478744415411,0.2547418739367013,-0.6653854444787278,-0.1113509396580336,0.305,0.46,0.505,0.53,0.785,1.0
144.0,0.3673469387755102,392.0,2.8,140.0,0.9790209790209792,143.0,0.3753280839895013,375.0,2.7777777777777777,135.0,0.9310344827586208,145.0,1.0283687943262412,141.0,0.9724137931034482,367.0,-0.0196130841233157,0.101081907979585,105.0,262.0,-0.0039960177196583,-0.0148068044167282,0.4771283689422999,-0.2857326203335785,0.0997609419055757,0.21,0.27,0.29,0.305,0.475,1.0
145.0,1.0,145.0,0.9731543624161074,149.0,0.2876447876447876,518.0,2.1316872427983538,146.0,0.9668874172185431,151.0,1.0,151.0,1.0134228187919463,149.0,1.0136054421768708,204.0,-0.29905111607376,0.1817037900949707,102.0,102.0,-0.3423724552795154,-0.3757422112673141,0.6787028961582807,-0.6770870933363649,0.0028127188563358,0.455,0.475,0.5,0.53,0.78,1.0
149.0,1.0347222222222223,144.0,0.4864864864864865,296.0,2.208955223880597,134.0,0.91156462585034,147.0,1.013793103448276,145.0,1.0,145.0,0.4073033707865168,356.0,2.4722222222222223,199.0,-0.1248705169914497,0.1593653432335405,97.0,102.0,-0.1481411632240073,-0.1636186328182171,0.5983734019119309,-0.5164248339596988,0.1139296626863962,0.305,0.455,0.49,0.515,0.765,1.0
152.0,0.3716381418092909,409.0,0.7463503649635036,548.0,2.0296296296296297,270.0,1.9424460431654675,151.0,1.0134228187919463,149.0,1.0205479452054795,146.0,0.9733333333333334,150.0,0.974025974025974,209.0,0.047811894061997,0.1462741125093143,104.0,105.0,0.0107528138764952,-0.0054069266886195,0.6942520205194124,-0.3431501329605131,0.2363630169179257,0.355,0.465,0.505,0.53,0.765,1.0
385.0,0.7475728155339806,515.0,1.7697594501718212,291.0,2.171641791044776,134.0,0.9054054054054054,148.0,1.0206896551724138,145.0,0.9931506849315068,146.0,1.0138888888888888,144.0,0.979591836734694,206.0,-0.1377147741993221,0.1487616127120167,103.0,103.0,-0.1675331119043186,-0.1703854780148091,0.5239621219068904,-0.5783439403485866,0.0849679235312982,0.455,0.47,0.505,0.525,0.795,1.0
466.0,1.0064794816414686,463.0,3.4044117647058822,136.0,0.951048951048951,143.0,1.0514705882352942,140.0,0.9722222222222222,144.0,1.006993006993007,143.0,0.959731543624161,149.0,1.0,200.0,-0.2042617295650918,0.1733919315744714,102.0,98.0,-0.2291747828226776,-0.2511744172838118,0.6565229527752428,-0.6632613933112567,0.0429131624352963,0.305,0.47,0.515,0.54,0.805,1.0
140.0,0.9333333333333332,150.0,1.1904761904761905,126.0,0.8129032258064516,155.0,1.0264900662251657,193.0,1.969387755102041,98.0,0.4355555555555555,225.0,1.859504132231405,121.0,0.5170940170940171,214.0,-0.1367585912597112,0.1740929874424442,79.0,135.0,0.0402579786955777,-0.1993583376514658,0.8466375004402509,-0.2998899688258311,-0.1755664633751709,0.195,0.34,0.37,0.4,0.645,1.0
153.0,1.0625,144.0,0.972972972972973,148.0,1.0206896551724138,145.0,0.9731543624161074,152.0,1.0555555555555556,144.0,0.3789473684210526,380.0,2.695035460992908,141.0,0.933774834437086,204.0,-0.0384637728461538,0.158542978380218,98.0,106.0,-0.0352684148021415,-0.0630394217239747,0.788102338526568,-0.4312345708397873,0.2361263043897317,0.305,0.455,0.485,0.51,0.795,1.0
436.0,0.5317073170731708,820.0,3.306451612903226,248.0,1.7714285714285714,140.0,0.958904109589041,149.0,1.0136054421768708,147.0,1.013793103448276,145.0,0.2207001522070015,657.0,2.63855421686747,208.0,-0.1084441030290895,0.1680467513446907,104.0,104.0,-0.1246826873165896,-0.1534076366413459,0.7407069602022354,-0.5563049728481013,0.1210120291244401,0.36,0.47,0.505,0.53,0.8,1.0
103.0,0.3828996282527881,269.0,2.5619047619047617,105.0,0.3790613718411552,277.0,2.4954954954954958,272.0,2.4727272727272727,110.0,1.3414634146341464,82.0,0.3867924528301887,212.0,2.0,260.0,-0.2278687423880807,0.2165731920589862,70.0,190.0,-0.2267945471856622,-0.1838675326086025,1.3307662435355083,-0.2339395120348285,-0.1661371974196841,0.205,0.24,0.27,0.295,0.43,1.0
146.0,0.9864864864864864,148.0,1.0136986301369864,146.0,1.0,146.0,1.0354609929078014,145.0,0.9863945578231292,147.0,0.98,150.0,0.2631578947368421,570.0,2.511013215859031,203.0,0.0600590016556045,0.1606570671251526,102.0,101.0,0.080199181089594,0.0157375111584302,0.8308699550872558,-0.3409442278978022,0.2329173045235495,0.3,0.465,0.51,0.535,0.76,1.0
362.0,2.742424242424242,132.0,0.8859060402684564,149.0,0.407103825136612,366.0,2.652173913043478,380.0,2.7941176470588234,136.0,0.9006622516556292,151.0,0.4136986301369863,365.0,2.703703703703704,368.0,-0.2461140628595084,0.1213657186798408,102.0,266.0,-0.2651424348022194,-0.2931373414756482,0.521849082888892,-0.6730803299536611,-0.0359547997523995,0.245,0.255,0.28,0.295,0.42,1.0
317.0,2.348148148148148,135.0,0.9246575342465754,146.0,1.028169014084507,142.0,0.9659863945578232,409.0,0.7463503649635036,548.0,2.0296296296296297,270.0,1.9424460431654675,139.0,0.952054794520548,392.0,-0.0925414817944752,0.1129240462729612,106.0,286.0,-0.0867780550202941,-0.1582663316582915,0.6541414718914379,-0.4698222366203191,0.0183573095451768,0.195,0.235,0.27,0.285,0.39,1.0
155.0,1.099290780141844,141.0,0.8392857142857143,168.0,1.826086956521739,92.0,0.423963133640553,191.0,2.053763440860215,93.0,0.465,200.0,2.1052631578947367,95.0,0.4611650485436893,221.0,-0.1691731446551382,0.0775510084082139,88.0,133.0,-0.1270391683737899,-0.2773225987431572,0.3901954973153577,-0.299279784153898,-0.1102673848290608,0.28,0.385,0.4,0.42,0.56,1.0
117.0,1.2857142857142858,91.0,0.4690721649484536,194.0,1.94,100.0,0.5319148936170213,201.0,1.6341463414634145,123.0,0.6180904522613065,199.0,1.5793650793650793,126.0,0.6666666666666666,207.0,-0.0928428548731364,0.2040399158658541,67.0,140.0,-0.1699999999999999,-0.1852996871514295,1.2974049905542482,-0.1027346786375068,-0.1012056424585202,0.255,0.305,0.325,0.39,0.435,1.0
150.0,1.0,150.0,1.0273972602739727,146.0,0.2813102119460501,519.0,2.109756097560976,144.0,0.9863013698630136,146.0,0.3945945945945946,370.0,2.661870503597122,139.0,0.9266666666666666,203.0,0.04138132444354,0.1549555217802792,103.0,100.0,0.0441094022385795,-0.0243793955724961,0.7419855642601498,-0.386354239844557,0.258901267764107,0.48,0.44,0.51,0.535,0.785,1.0
152.0,1.034013605442177,147.0,0.3868421052631579,380.0,2.794117647058824,136.0,0.9006622516556292,148.0,0.39892183288409705,371.0,2.688405797101449,138.0,0.9261744966442952,149.0,1.041958041958042,198.0,-0.1254325949538179,0.1589294806238162,95.0,103.0,-0.1424085266087922,-0.1822497144456129,0.6174498751342998,-0.5354763664939816,0.1295073960680127,0.33,0.455,0.49,0.515,0.755,1.0
213.0,0.8160919540229885,261.0,1.0481927710843373,249.0,1.2326732673267329,202.0,1.1038251366120218,133.0,1.6625,80.0,0.7272727272727273,110.0,1.2941176470588236,85.0,0.3632478632478632,154.0,-0.3599343898594621,0.2070249023142562,61.0,93.0,-0.4673307757692732,-0.5001042889157532,0.6279655671541001,-0.3666858252034968,-0.3666858252034968,0.355,0.365,0.395,0.455,0.455,1.0
154.0,0.3879093198992443,397.0,2.8768115942028984,138.0,0.9078947368421052,152.0,0.3979057591623036,144.0,0.31929046563192903,451.0,3.291970802919708,137.0,0.9013157894736842,152.0,0.4010554089709762,204.0,-0.083519047769032,0.1729837669551803,104.0,100.0,-0.1074247009393008,-0.131175076959934,0.6543459751914253,-0.5580558582266325,0.1898979177730292,0.46,0.48,0.515,0.535,0.8,1.0
146.0,0.4124293785310734,354.0,2.7022900763358777,131.0,0.3957703927492447,331.0,2.416058394160584,360.0,2.6666666666666665,135.0,0.3935860058309038,343.0,2.6589147286821704,129.0,0.908450704225352,351.0,-0.2391701425958824,0.1124437370440442,100.0,251.0,-0.2301424457956997,-0.2781926828300062,0.4908285648162245,-0.6655824316131645,-0.1674730121331438,0.175,0.26,0.285,0.3,0.415,1.0
