RR_l_0,RR_l_0/RR_l_1,RR_l_1,RR_l_1/RR_l_2,RR_l_2,RR_l_2/RR_l_3,RR_l_3,RR_l_3/RR_l_4,RR_r_0,RR_r_0/RR_r_1,RR_r_1,RR_r_1/RR_r_2,RR_r_2,RR_r_2/RR_r_3,RR_r_3,RR_r_3/RR_r_4,seq_size,signal_mean,signal_std,wl_side,wr_side,P_val,Q_val,R_val,S_val,T_val,P_pos,Q_pos,R_pos,S_pos,T_pos,label
111.0,1.0,111.0,1.009090909090909,110.0,1.0091743119266054,109.0,0.4823008849557522,128.0,0.5688888888888889,225.0,1.0180995475113122,221.0,0.9910313901345292,223.0,1.9910714285714288,161.0,-0.1691290830107561,0.9834236398304758,72.0,89.0,1.5529667668307354,-0.4152881899682529,2.74142944528674,-1.6106101367329515,2.4030502368940163,0.42,0.385,0.455,0.65,0.475,2.0
225.0,1.0089686098654709,223.0,1.0276497695852536,217.0,0.9475982532751092,229.0,1.0504587155963303,110.0,0.5045871559633027,218.0,1.9292035398230087,113.0,1.0560747663551402,107.0,0.9727272727272728,157.0,0.0101759826836615,0.9063260828004416,80.0,77.0,1.02319423666454,-0.3293863306887025,2.838123723118186,-0.7402074587964189,0.0316031905668722,0.455,0.425,0.51,0.57,0.86,2.0
221.0,1.6870229007633588,131.0,0.4943396226415094,265.0,1.853146853146853,143.0,0.5860655737704918,238.0,1.9193548387096775,124.0,0.5662100456621004,219.0,1.319277108433735,166.0,0.9822485207100592,253.0,-0.0962825246400319,0.513744602384345,87.0,166.0,1.273207267146958,-0.3413436412019423,2.285928988147873,-0.5726668796377511,-0.4563528978104958,0.32,0.28,0.345,0.4,0.59,2.0
147.0,1.0352112676056338,142.0,0.953020134228188,149.0,0.9612903225806452,155.0,0.9171597633136096,242.0,1.423529411764706,170.0,1.0,170.0,0.9659090909090908,176.0,1.0864197530864197,224.0,-0.2499305959004489,0.6200256611982928,55.0,169.0,0.7600053490020028,-0.2364367340717513,1.3563178966715026,-2.138289917719522,0.4373940925804521,0.23,0.2,0.25,0.305,0.435,2.0
105.0,0.9905660377358492,106.0,0.9464285714285714,112.0,1.0,112.0,1.0467289719626167,120.0,1.188118811881188,101.0,0.8145161290322581,124.0,1.1272727272727272,110.0,1.0,153.0,-0.172524704558147,0.9175362702986776,69.0,84.0,1.574967789452178,-0.2712209143532064,2.6601653598653527,-1.4852193723364948,2.2148974332262736,0.425,0.385,0.46,0.66,0.485,2.0
134.0,0.9571428571428572,140.0,1.5909090909090908,88.0,0.6068965517241379,145.0,0.9119496855345912,163.0,1.1897810218978102,137.0,0.7405405405405405,185.0,1.3120567375886525,141.0,0.9463087248322148,176.0,-0.2174563447379708,0.4043561120837178,62.0,114.0,0.7428923147835751,-0.2086092681532503,1.250495990257556,0.1837698684188906,0.2959512177719131,0.33,0.26,0.35,0.41,0.42,2.0
159.0,1.143884892086331,139.0,0.4744027303754266,293.0,2.401639344262295,122.0,0.7134502923976608,183.0,1.7264150943396226,106.0,0.6385542168674698,166.0,1.537037037037037,108.0,0.6708074534161491,209.0,0.0770552136970808,0.5711513208054341,81.0,128.0,0.7235945152450725,0.8000404085165944,1.0470182681205369,0.9257064012069098,0.986279140370351,0.495,0.56,0.58,0.595,0.6,2.0
192.0,1.3714285714285714,140.0,1.09375,128.0,0.7272727272727273,176.0,1.353846153846154,168.0,1.4736842105263157,114.0,0.8976377952755905,127.0,0.675531914893617,188.0,1.1124260355029585,186.0,-0.112570827481132,0.3474348081880227,69.0,117.0,0.9139976568544692,-0.0767848138927866,1.0779290645038615,-0.5422022020846503,-0.2966857328729065,0.34,0.24,0.365,0.53,0.635,2.0
104.0,0.7878787878787878,132.0,1.5,88.0,1.035294117647059,85.0,0.4594594594594595,158.0,1.3166666666666667,120.0,0.9917355371900828,121.0,1.5125,80.0,0.4968944099378882,167.0,-0.1936509864235914,0.6445109778765207,57.0,110.0,0.5164738978558957,0.2729972416645131,0.8157273477305574,-0.1446273854825775,0.483309623793745,0.53,0.47,0.6,0.76,0.65,2.0
162.0,0.6090225563909775,266.0,1.4456521739130437,184.0,1.362962962962963,135.0,0.5443548387096774,188.0,1.0742857142857143,175.0,1.1217948717948718,156.0,0.9873417721518988,158.0,1.58,196.0,-0.2223769039991039,0.365946374980163,65.0,131.0,-0.1460352775199409,-0.2692141763952404,1.201185600040085,0.0565306549974569,0.1634570082849166,0.185,0.23,0.33,0.385,0.395,2.0
328.0,2.8521739130434782,115.0,0.732484076433121,157.0,1.2764227642276422,123.0,0.984,162.0,1.255813953488372,129.0,0.9847328244274808,131.0,0.9632352941176472,136.0,0.8292682926829268,204.0,-0.0514856179649129,0.2525678466053221,91.0,113.0,0.4304539418403927,0.4450845140266675,0.5024202666200881,0.1409512078919686,0.498113035692972,0.605,0.625,0.64,0.725,0.655,2.0
160.0,1.2307692307692308,130.0,0.8280254777070064,157.0,1.0194805194805194,154.0,1.2941176470588236,215.0,1.5579710144927537,138.0,1.022222222222222,135.0,0.7377049180327869,183.0,1.2119205298013245,228.0,-0.7889698739692852,0.6831369295355357,78.0,150.0,1.1483475967785526,1.3044096167261463,1.4749587840922445,-1.965282561679548,-1.0316531756845952,0.305,0.34,0.35,0.54,0.4,2.0
150.0,0.9316770186335404,161.0,0.9526627218934912,169.0,1.69,100.0,0.4739336492890995,211.0,1.2787878787878788,165.0,1.65,100.0,0.5291005291005291,189.0,1.3897058823529411,217.0,-0.1924253624708003,0.3190506020042133,70.0,147.0,-0.1716710148239711,-0.3508333250420016,1.3828377203542837,-0.3555163658874118,-0.1670861239656541,0.17,0.28,0.325,0.395,0.565,2.0
142.0,1.1544715447154472,123.0,1.0982142857142858,112.0,1.009009009009009,111.0,0.9736842105263158,129.0,1.1727272727272726,110.0,0.7638888888888888,144.0,1.3457943925233644,107.0,0.823076923076923,167.0,0.175049757965023,0.6633736095527835,77.0,90.0,1.0728631023107251,1.04398700637556,1.335407806232891,0.5689032736479115,1.302016735371178,0.625,0.635,0.69,0.815,0.705,2.0
226.0,2.0545454545454547,110.0,0.5092592592592593,216.0,1.7851239669421488,121.0,0.5283842794759825,222.0,1.88135593220339,118.0,0.4682539682539682,252.0,2.1,120.0,0.5769230769230769,232.0,-0.0879407795851759,0.4516205596801074,77.0,155.0,1.4007875073408136,-0.1872853642671879,1.82774634287834,-0.5529534082761433,-0.4653016376495407,0.315,0.27,0.335,0.405,0.58,2.0
156.0,1.5294117647058822,102.0,0.5425531914893617,188.0,1.540983606557377,122.0,0.6224489795918368,216.0,2.3225806451612905,93.0,0.5195530726256983,179.0,1.6272727272727272,110.0,0.5670103092783505,226.0,-0.2120740779550235,0.1504707730293233,75.0,151.0,-0.1978643216080402,-0.4056028921993359,0.3813481706340403,-0.830666627456895,-0.0276164190189286,0.175,0.305,0.335,0.365,0.555,2.0
86.0,0.5212121212121212,165.0,1.3636363636363635,121.0,1.2346938775510203,98.0,0.3967611336032389,90.0,0.5625,160.0,1.3675213675213675,117.0,1.0,117.0,1.017391304347826,131.0,-0.194925128338953,0.4715225238108537,69.0,62.0,0.1200383301318413,-0.1745084680667802,1.3166638329820788,-1.3285420794274252,-0.0914820357785452,0.425,0.33,0.52,0.595,0.895,2.0
107.0,0.8492063492063492,126.0,1.105263157894737,114.0,1.5405405405405406,74.0,0.4567901234567901,144.0,1.263157894736842,114.0,1.4430379746835442,79.0,0.5374149659863946,147.0,1.7294117647058824,164.0,-0.2928268223325338,0.4689154917718093,64.0,100.0,-0.1895926609879384,-0.2487333197107542,1.7510084348986736,-1.1374540574385257,-0.1660918870154865,0.3,0.285,0.395,0.44,0.7,2.0
151.0,1.055944055944056,143.0,1.181818181818182,121.0,0.8461538461538461,143.0,0.9166666666666666,154.0,0.6637931034482759,232.0,1.2340425531914894,188.0,1.125748502994012,167.0,1.0372670807453417,189.0,-0.8621535316020751,0.7077257972856003,82.0,107.0,0.8448854222063829,1.0363242157384993,1.3426462805906114,-1.897140867848401,-1.0544687889439115,0.38,0.425,0.44,0.675,0.775,2.0
197.0,1.7130434782608697,115.0,0.5275229357798165,218.0,1.6641221374045805,131.0,0.6968085106382979,163.0,1.1560283687943262,141.0,1.0,141.0,1.0846153846153843,130.0,0.948905109489051,240.0,-0.1642702199976934,0.5893257998928472,126.0,114.0,1.1254564216267615,1.492756700639559,1.5869939411160685,-0.7095449633386021,-0.1909989232830894,0.49,0.52,0.53,0.595,0.895,2.0
98.0,0.5664739884393064,173.0,1.5446428571428572,112.0,0.7368421052631579,152.0,1.4205607476635511,168.0,1.68,100.0,0.591715976331361,169.0,1.4695652173913043,115.0,0.6084656084656085,189.0,-0.169833134854095,0.5723696737748344,72.0,117.0,0.6410761222251558,-2.035718712807176,0.8251648032358367,0.7801693682236736,0.4294925607096612,0.605,0.45,0.64,0.65,0.705,2.0
158.0,1.7954545454545454,88.0,0.5432098765432098,162.0,1.1911764705882353,136.0,0.9251700680272108,227.0,1.4012345679012346,162.0,0.6532258064516129,248.0,1.0333333333333334,240.0,1.7142857142857142,222.0,-0.3672335445619152,0.3482165160055513,64.0,158.0,0.751798652120909,-0.3711877537783956,0.958506565145374,0.0548833619836841,0.1582550571285439,0.275,0.19,0.29,0.34,0.345,2.0
81.0,0.5436241610738255,149.0,1.2627118644067796,118.0,0.975206611570248,121.0,1.2872340425531914,158.0,1.6288659793814433,97.0,0.6928571428571428,140.0,1.2173913043478262,115.0,0.9913793103448276,179.0,-0.1647232690124654,0.5916488334532071,69.0,110.0,0.7139664987547214,0.1483801617590671,0.7941422549970637,-0.1281155884655518,-0.1176741207609662,0.34,0.505,0.63,0.76,0.8,2.0
139.0,0.9652777777777778,144.0,0.979591836734694,147.0,0.9671052631578948,152.0,0.9934640522875816,201.0,1.3581081081081081,148.0,1.0,148.0,1.0068027210884354,147.0,1.0208333333333333,200.0,-0.287421932591338,0.3878998561816717,60.0,140.0,0.729789399936026,-0.3082763748543909,1.855,-0.6005174724669249,-0.5045172675435775,0.28,0.25,0.305,0.35,0.535,2.0
138.0,1.422680412371134,97.0,0.5843373493975904,166.0,1.5229357798165135,109.0,0.6526946107784432,147.0,1.105263157894737,133.0,1.015267175572519,131.0,0.9924242424242424,132.0,0.8859060402684564,174.0,-0.1486032154522322,0.5389328155512322,72.0,102.0,0.393826174551998,0.5622949573588627,0.7399203252402694,0.7311609571488569,0.7351625735869551,0.57,0.62,0.65,0.66,0.665,2.0
111.0,1.0373831775700937,107.0,0.9907407407407408,108.0,1.018867924528302,106.0,0.9636363636363636,123.0,1.128440366972477,109.0,1.0092592592592593,108.0,0.4909090909090909,220.0,0.990990990990991,151.0,-0.1070972511253801,0.9819520194382304,65.0,86.0,1.6554129778793456,0.1789526119622565,2.597087485134197,-1.659593346894556,-0.6571914775047063,0.4,0.37,0.43,0.65,0.75,2.0
185.0,1.681818181818182,110.0,0.4700854700854701,234.0,1.570469798657718,149.0,0.7680412371134021,220.0,1.2359550561797752,178.0,0.8944723618090452,199.0,0.9567307692307692,208.0,1.1751412429378532,227.0,-0.1473233311776118,0.5289766032612838,73.0,154.0,1.0847610107914427,-0.4337634620315835,2.3471893437349616,-0.4165334083649952,-0.4165334083649952,0.295,0.26,0.325,0.375,0.375,2.0
109.0,0.8384615384615385,130.0,0.7602339181286549,171.0,1.401639344262295,122.0,0.6931818181818182,178.0,1.5344827586206897,116.0,0.6270270270270271,185.0,1.796116504854369,103.0,0.6518987341772152,197.0,-0.0210234299239669,0.5017403846565432,73.0,124.0,0.7765138987110316,0.839180052504078,0.851413094922706,0.0335280351094998,0.8058529254961833,0.545,0.575,0.58,0.73,0.595,2.0
118.0,1.1346153846153846,104.0,0.538860103626943,193.0,1.7232142857142858,112.0,0.8484848484848485,154.0,1.203125,128.0,1.0078740157480317,127.0,1.1339285714285714,112.0,0.7671232876712328,181.0,-0.0738948784696117,0.5572108373447857,74.0,107.0,0.6307181726679374,-2.1891761408595007,0.7685486205894313,-0.1014519562179124,0.7143502016789507,0.605,0.41,0.66,0.87,0.685,2.0
167.0,1.5904761904761904,105.0,0.7446808510638298,141.0,1.3823529411764706,102.0,0.68,155.0,1.3247863247863247,117.0,0.78,150.0,1.3761467889908257,109.0,0.7414965986394558,179.0,-0.0992955234386221,0.5241513766622483,71.0,108.0,0.6538214765300172,0.7119067499796935,0.7332694512884979,0.7256577801096114,0.5892394434766961,0.58,0.61,0.615,0.625,0.665,2.0
120.0,1.4814814814814814,81.0,0.5364238410596026,151.0,1.2796610169491525,118.0,1.0085470085470083,150.0,1.271186440677966,118.0,0.9833333333333332,120.0,1.5,80.0,0.5298013245033113,162.0,-0.1340287986124051,0.6662637741346609,57.0,105.0,0.628448883303447,0.3104713389467047,0.91,-0.1092882014354218,0.5757539940000035,0.555,0.475,0.62,0.79,0.675,2.0
116.0,1.432098765432099,81.0,0.5328947368421053,152.0,1.2991452991452992,117.0,0.9915254237288136,157.0,1.319327731092437,119.0,1.043859649122807,114.0,1.2527472527472527,91.0,0.65,167.0,-0.147312012100061,0.6831434371135034,58.0,109.0,0.7747927798591775,0.3063690130691567,0.9321175889080732,-0.0665692221139948,0.8208411874327717,0.58,0.475,0.615,0.765,0.645,2.0
142.0,0.9044585987261148,157.0,0.8971428571428571,175.0,1.2152777777777777,144.0,1.0827067669172932,128.0,0.9624060150375939,133.0,1.047244094488189,127.0,1.040983606557377,122.0,1.90625,140.0,-0.2157601098775074,0.2912189611694075,51.0,89.0,0.159513120236511,0.1485588517874408,0.1929262344606634,-0.2083288282060304,0.1395982032083144,0.605,0.62,0.645,0.805,0.67,2.0
162.0,1.0253164556962024,158.0,1.025974025974026,154.0,1.0694444444444444,144.0,1.0,216.0,1.565217391304348,138.0,1.8904109589041096,73.0,0.3596059113300492,203.0,1.380952380952381,209.0,-0.158063474896004,0.6190539500008545,58.0,151.0,-0.1670780916638444,-0.173739353852456,1.0330564158301154,-1.8610905919472904,0.1349681435387484,0.205,0.23,0.28,0.345,0.47,2.0
157.0,1.5096153846153846,104.0,0.832,125.0,1.0593220338983051,118.0,1.0350877192982455,131.0,1.1196581196581197,117.0,1.4625,80.0,0.5369127516778524,149.0,1.8170731707317076,162.0,-0.2241009056003058,0.4613689276603253,71.0,91.0,0.7000189110689744,-0.0747889421770166,1.541489717195871,-1.3471355567682408,-0.2814840278860507,0.35,0.28,0.395,0.445,0.665,2.0
89.0,0.577922077922078,154.0,1.115942028985507,138.0,0.8961038961038961,154.0,1.673913043478261,273.0,1.8571428571428572,147.0,0.8596491228070176,171.0,0.9715909090909092,176.0,1.8333333333333333,250.0,-0.2351096115976607,0.3097245499492283,59.0,191.0,-0.1449288198234769,-0.2574860002468886,1.184576663387319,-0.0404316240601349,0.1182413842214007,0.14,0.175,0.235,0.28,0.285,2.0
156.0,1.4054054054054057,111.0,0.676829268292683,164.0,1.4774774774774777,111.0,0.5935828877005348,198.0,1.5590551181102361,127.0,0.7514792899408284,169.0,1.6095238095238096,105.0,0.6481481481481481,219.0,-0.0569811029047102,0.5336651726793916,81.0,138.0,0.7126111500339162,0.7566536642663719,0.7679638404868182,-0.0529994318620911,0.6671091792805122,0.575,0.615,0.62,0.77,0.645,2.0
158.0,1.196969696969697,132.0,1.064516129032258,124.0,1.158878504672897,107.0,0.6369047619047619,180.0,0.7964601769911505,226.0,1.852459016393443,122.0,0.976,125.0,1.3440860215053765,193.0,-0.3013184461256579,0.434713425222349,68.0,125.0,0.9386104027050988,-0.316408720510753,1.2271507582495818,0.0021198286465202,0.0759899698272706,0.335,0.255,0.355,0.415,0.42,2.0
160.0,1.0126582278481011,158.0,0.8926553672316384,177.0,0.917098445595855,193.0,1.032085561497326,248.0,1.2984293193717278,191.0,1.19375,160.0,1.0666666666666669,150.0,0.8670520231213873,259.0,-0.2844709012849769,0.5310206259706183,86.0,173.0,1.193477707386804,-0.3407029812059174,1.9093371661818472,-0.8441391103883316,-0.7672614874372845,0.31,0.27,0.335,0.425,0.4,2.0
143.0,0.9930555555555556,144.0,1.051094890510949,137.0,1.1322314049586777,121.0,0.7469135802469136,177.0,1.5526315789473684,114.0,0.7354838709677419,155.0,1.1654135338345866,133.0,0.910958904109589,194.0,-0.1334358409966687,0.5740990153562784,71.0,123.0,0.5922782860972367,0.4165515114167162,0.7758600786719514,0.6704064316364088,0.6930551162395661,0.55,0.52,0.59,0.605,0.61,2.0
110.0,0.9734513274336284,113.0,0.837037037037037,135.0,1.2735849056603774,106.0,0.8153846153846154,169.0,1.111842105263158,152.0,1.6521739130434785,92.0,0.4532019704433497,203.0,1.301282051282051,183.0,-0.1475789870551793,0.3844682393053018,65.0,118.0,-0.1236009690167898,-0.2207961389230247,1.1812393682904236,0.2240460269815353,0.4763379790268224,0.27,0.245,0.355,0.42,0.43,2.0
116.0,1.008695652173913,115.0,1.4024390243902438,82.0,0.543046357615894,151.0,1.290598290598291,141.0,1.3055555555555556,108.0,0.9,120.0,1.0434782608695652,115.0,1.0267857142857142,158.0,-0.0779332034835653,0.6617624871196242,60.0,98.0,0.7374440101377867,0.7239244500593134,0.9626946331830876,0.8202558873696445,0.8202558873696445,0.59,0.605,0.645,0.665,0.665,2.0
177.0,1.7352941176470589,102.0,0.576271186440678,177.0,1.2826086956521738,138.0,1.0615384615384615,211.0,1.4256756756756757,148.0,1.1653543307086611,127.0,1.0,127.0,1.4941176470588236,211.0,-0.2566930845951294,0.3583515573470754,64.0,147.0,0.5565841871669307,-0.245742363228047,1.1773032372220316,-7.708316238550362e-05,0.1213195791536646,0.28,0.235,0.305,0.36,0.365,2.0
114.0,1.0178571428571428,112.0,1.0275229357798166,109.0,0.9732142857142856,112.0,0.9333333333333332,216.0,1.6744186046511629,129.0,1.162162162162162,111.0,0.3293768545994065,337.0,1.4716157205240177,227.0,-0.5555734721365561,0.8509690130382839,76.0,151.0,1.073506526613632,-0.7738464133905141,2.145925291780433,2.1173665153470265,2.1173665153470265,0.295,0.265,0.315,0.33,0.33,2.0
158.0,0.9461077844311376,167.0,0.9881656804733728,169.0,1.005952380952381,168.0,0.9824561403508772,246.0,1.455621301775148,169.0,1.0180722891566265,166.0,1.106666666666667,150.0,1.020408163265306,244.0,-0.1760798431603379,0.2924685739732356,72.0,172.0,-0.1486121321511647,-0.2435511229860341,1.298164344545317,-0.5617782421860207,0.090567655189565,0.205,0.265,0.295,0.34,0.505,2.0
215.0,1.4625850340136055,147.0,1.5978260869565215,92.0,0.4717948717948718,195.0,1.5354330708661417,148.0,0.6577777777777778,225.0,1.490066225165563,151.0,1.556701030927835,97.0,0.4825870646766169,168.0,-0.2839027315672653,0.4039203604751315,65.0,103.0,-0.1416719011173725,-0.3170176786491794,1.068840808062346,0.0437720975817138,0.1183510488557795,0.31,0.28,0.385,0.455,0.46,2.0
175.0,1.2962962962962965,135.0,0.8333333333333334,162.0,1.396551724137931,116.0,0.7116564417177914,170.0,1.6346153846153846,104.0,0.5942857142857143,175.0,1.2237762237762235,143.0,1.1171875,191.0,-0.0315792429220676,0.4681232747202993,73.0,118.0,0.7132464553939629,0.7419651701214887,0.8211512079228533,0.2070278480610444,0.650211254521764,0.57,0.595,0.605,0.675,0.625,2.0
138.0,1.2660550458715596,109.0,0.6337209302325582,172.0,1.4827586206896552,116.0,0.6705202312138728,160.0,1.1764705882352942,136.0,1.054263565891473,129.0,0.9847328244274808,131.0,0.8733333333333333,189.0,-0.0342334166109284,0.5536063071077996,77.0,112.0,0.7040859190850546,-1.8066746908054987,0.8079396984924623,0.8065195985965892,0.7556281407035175,0.665,0.475,0.705,0.715,0.735,2.0
142.0,1.1735537190082646,121.0,0.937984496124031,129.0,0.9347826086956522,138.0,0.9078947368421052,100.0,0.7575757575757576,132.0,1.03125,128.0,0.9696969696969696,132.0,1.11864406779661,127.0,-0.116372298757503,0.2740534848353875,57.0,70.0,0.1956721374628999,0.0826701313278893,0.369723258299072,-0.0900545883043326,0.1252231760639506,0.71,0.67,0.79,0.945,0.865,2.0
116.0,1.3975903614457832,83.0,0.538961038961039,154.0,1.3162393162393162,117.0,1.0,150.0,1.2295081967213115,122.0,1.0427350427350428,117.0,1.6027397260273972,73.0,0.4397590361445783,161.0,-0.5208045150801148,0.6085448407172803,56.0,105.0,-0.4288487965998165,-0.4784983807440158,0.5856663144211681,-2.6030645805411003,-0.0368321539762503,0.24,0.23,0.305,0.36,0.505,2.0
170.0,1.827956989247312,93.0,0.3522727272727273,264.0,1.660377358490566,159.0,1.0192307692307692,119.0,1.5256410256410255,78.0,0.2857142857142857,273.0,1.832214765100671,149.0,0.9675324675324676,145.0,-0.0286920909401475,0.8645605643375543,62.0,83.0,-0.0748549422900029,-0.0646048165230794,1.3641162433539076,-2.008078168144523,0.6327428257455583,0.32,0.35,0.435,0.54,0.77,2.0
149.0,1.3796296296296295,108.0,0.6,180.0,1.818181818181818,99.0,1.1123595505617978,177.0,1.3828125,128.0,0.992248062015504,129.0,0.902097902097902,143.0,0.9407894736842104,197.0,-0.0626655126128335,0.1494913092454783,74.0,123.0,0.2291957074286836,-0.0927930431173307,0.4791409677216244,-0.6409709448591506,0.1150028816023957,0.36,0.35,0.38,0.42,0.655,2.0
227.0,1.4012345679012346,162.0,0.6532258064516129,248.0,1.0333333333333334,240.0,1.7142857142857142,200.0,1.1111111111111112,180.0,1.978021978021978,91.0,0.4814814814814814,189.0,1.4651162790697674,208.0,-0.3153150323783451,0.4595687232962699,68.0,140.0,-0.2215973163168118,-0.2499320832724233,1.227779454470208,0.3166964493828321,0.3166964493828321,0.19,0.23,0.33,0.39,0.39,2.0
177.0,1.475,120.0,0.7361963190184049,163.0,1.3583333333333334,120.0,0.5581395348837209,170.0,1.4049586776859504,121.0,0.6722222222222223,180.0,1.6216216216216215,111.0,0.7161290322580646,191.0,-0.1481684184834154,0.5466966248745323,73.0,118.0,0.5646699768215515,-2.1899119906881266,0.6851021788023567,-0.1473258673410842,0.6324357075913651,0.575,0.385,0.625,0.815,0.655,2.0
129.0,0.6972972972972973,185.0,0.8525345622119815,217.0,2.127450980392157,102.0,0.5177664974619289,180.0,1.3333333333333333,135.0,0.8544303797468354,158.0,1.4766355140186915,107.0,0.6079545454545454,209.0,-0.2138540055634428,0.4150305189458447,84.0,125.0,0.3817629947828009,0.4525276364093747,0.5729743536862449,-0.2241111863751909,0.4904850815717662,0.575,0.605,0.62,0.74,0.635,2.0
158.0,1.5047619047619047,105.0,0.6140350877192983,171.0,1.6132075471698113,106.0,0.6235294117647059,156.0,1.3565217391304347,115.0,0.777027027027027,148.0,1.264957264957265,117.0,0.5735294117647058,173.0,-0.0823982730284444,0.5395463174346637,64.0,109.0,0.7470611922534702,0.2945166099558296,0.7988874830440578,0.6809898088937761,0.6809898088937761,0.535,0.55,0.615,0.645,0.645,2.0
123.0,1.025,120.0,0.9836065573770492,122.0,1.1730769230769231,104.0,0.7375886524822695,154.0,1.1492537313432836,134.0,1.0229007633587786,131.0,1.2596153846153846,104.0,0.7375886524822695,186.0,-0.0478295065929253,0.3639120410851564,79.0,107.0,0.4160795977500576,-1.498522108327356,0.5917516688344261,0.0025155039051322,0.5660424427327657,0.575,0.425,0.64,0.78,0.66,2.0
84.0,0.3442622950819672,244.0,2.15929203539823,113.0,0.5432692307692307,208.0,1.908256880733945,239.0,2.1926605504587156,109.0,0.5396039603960396,202.0,1.565891472868217,129.0,0.6972972972972973,239.0,-0.063070087134758,0.3818331590630722,72.0,167.0,0.5074868813223494,-1.755425970651786,0.6592985167537085,0.6412113202181224,0.6412113202181224,0.44,0.3,0.485,0.505,0.505,2.0
158.0,1.3504273504273503,117.0,1.0,117.0,1.4444444444444444,81.0,0.525974025974026,131.0,1.0916666666666666,120.0,1.0344827586206895,116.0,1.3647058823529412,85.0,0.5902777777777778,163.0,-0.3868948255758148,0.4344539938362144,72.0,91.0,0.5750773922359312,-0.3970912453052231,1.2523845736603043,-1.6310790856523043,-0.2040079279900629,0.36,0.295,0.395,0.44,0.685,2.0
101.0,0.63125,160.0,1.2213740458015268,131.0,0.9632352941176472,136.0,1.0461538461538462,144.0,1.1076923076923078,130.0,1.04,125.0,0.8620689655172413,145.0,0.9119496855345912,177.0,-0.0738134817352185,0.4851666768909914,77.0,100.0,0.626532661785966,-1.994935879694049,0.7529302044810252,-0.0616929351710533,0.6822616512254428,0.61,0.435,0.665,0.8,0.68,2.0
131.0,1.0234375,128.0,0.9343065693430656,137.0,0.9856115107913668,139.0,1.112,148.0,1.1935483870967742,124.0,0.7005649717514124,177.0,1.5258620689655171,116.0,0.7631578947368421,177.0,0.2544909635071053,0.5408080480532412,74.0,103.0,1.0445329765319458,-1.8038179151443168,1.131426682526276,0.1775101519129442,1.10565765612058,0.61,0.42,0.645,0.825,0.66,2.0
162.0,1.396551724137931,116.0,0.6705202312138728,173.0,1.5585585585585586,111.0,0.6416184971098265,168.0,1.435897435897436,117.0,0.7647058823529411,153.0,1.3909090909090909,110.0,0.6626506024096386,190.0,-0.1042317300347639,0.4771111299320429,73.0,117.0,0.5976621588634233,0.6549240340625068,0.6727021702247051,-0.1003410034601434,0.6387891291210952,0.6,0.63,0.64,0.8,0.655,2.0
134.0,0.7486033519553073,179.0,1.1623376623376624,154.0,1.2520325203252032,123.0,0.76875,183.0,0.915,200.0,1.0695187165775402,187.0,1.1333333333333333,165.0,0.9821428571428572,212.0,-0.5417114041658809,0.6842761500805379,84.0,128.0,1.1686475760919623,1.3977142611198667,1.5080201509345093,-1.6965670921019154,-0.6146397475276216,0.355,0.395,0.4,0.62,0.435,2.0
169.0,1.5943396226415094,106.0,0.6022727272727273,176.0,1.7959183673469388,98.0,0.5536723163841808,147.0,1.4411764705882353,102.0,0.5513513513513514,185.0,1.6517857142857142,112.0,0.6363636363636364,175.0,-0.0147214432187184,0.5012885756926696,73.0,102.0,0.5891204703276745,0.2740381288963829,0.8450072923331657,0.6365969150563369,0.7560313873061448,0.545,0.565,0.655,0.69,0.67,2.0
107.0,0.5572916666666666,192.0,1.2,160.0,1.0126582278481011,158.0,0.8926553672316384,216.0,1.7560975609756098,123.0,0.4959677419354839,248.0,1.2984293193717278,191.0,1.19375,227.0,-0.2583408028432372,0.5351353799508276,76.0,151.0,0.9664924096121064,-0.2157791752918789,1.8999529200010064,-0.7988405614058595,-0.674850320178018,0.305,0.27,0.335,0.405,0.58,2.0
202.0,1.4744525547445255,137.0,0.9013157894736842,152.0,1.6888888888888889,90.0,0.5521472392638037,138.0,1.0,138.0,0.8165680473372781,169.0,1.181818181818182,143.0,1.1349206349206349,168.0,-0.1644048110459099,0.4419889134298962,72.0,96.0,-0.1136692053190059,-0.1262133469755976,1.24691801998707,0.323435153133409,0.4037346531175473,0.315,0.33,0.435,0.505,0.51,2.0
106.0,0.8346456692913385,127.0,0.7514792899408284,169.0,1.4695652173913043,115.0,0.8914728682170543,171.0,1.8,95.0,0.6418918918918919,148.0,0.9801324503311258,151.0,1.1185185185185185,179.0,0.0307020052871443,0.2708538389256376,60.0,119.0,0.3554262791647958,0.4551668633220603,0.4782739816950864,0.4559741243970331,0.4559741243970331,0.49,0.535,0.545,0.56,0.56,2.0
80.0,0.5555555555555556,144.0,1.3333333333333333,108.0,0.84375,128.0,1.1130434782608696,148.0,1.2982456140350878,114.0,1.0178571428571428,112.0,1.2584269662921348,89.0,0.644927536231884,162.0,-0.2685103167612737,0.6774311392940118,59.0,103.0,0.6019416154408653,-2.4112051030148374,0.8622936116373012,0.7862429924350323,0.7862429924350323,0.575,0.375,0.62,0.645,0.645,2.0
224.0,1.671641791044776,134.0,1.072,125.0,0.6510416666666666,192.0,1.0726256983240223,175.0,0.8838383838383839,198.0,1.4244604316546765,139.0,0.9652777777777778,144.0,1.5157894736842106,184.0,-0.1647944218303298,0.3703999002519644,62.0,122.0,0.8282676704209855,-0.1372933347839181,1.2459998268323331,0.091873855962052,0.1917588302196028,0.315,0.255,0.335,0.395,0.4,2.0
181.0,1.448,125.0,1.0,125.0,1.3736263736263736,91.0,0.4690721649484536,145.0,1.1068702290076335,131.0,1.0737704918032789,122.0,1.326086956521739,92.0,0.4946236559139785,174.0,-0.2912442830716415,0.4655255690122156,73.0,101.0,0.4480051640336822,-0.1433555781488932,1.109386355110778,0.3572342447392528,0.3979777611653202,0.385,0.335,0.425,0.485,0.49,2.0
186.0,1.0689655172413792,174.0,1.0481927710843373,166.0,1.064102564102564,156.0,0.968944099378882,219.0,1.825,120.0,0.5687203791469194,211.0,1.093264248704663,193.0,0.9018691588785048,225.0,0.0115102190682839,0.4368555329832984,72.0,153.0,1.2666781367597768,-0.1475558068010559,2.081523177306443,-0.2500047843001685,-0.2344309798173776,0.3,0.265,0.325,0.365,0.37,2.0
116.0,0.9914529914529916,117.0,0.9915254237288136,118.0,1.0,118.0,1.0350877192982455,153.0,0.6483050847457628,236.0,2.0701754385964914,114.0,0.9827586206896552,116.0,1.2747252747252746,162.0,-0.1551673296928604,0.5742088104494235,55.0,107.0,0.4643629442492105,0.1642578539967869,0.7526289917482902,-0.1272878040436934,0.1392572427478704,0.535,0.465,0.605,0.77,0.695,2.0
131.0,1.0564516129032258,124.0,1.008130081300813,123.0,0.9919354838709676,124.0,0.9465648854961832,130.0,1.1206896551724137,116.0,0.8992248062015504,129.0,0.9772727272727272,132.0,0.8571428571428571,165.0,0.0127510873291036,0.3055631347406391,74.0,91.0,0.421388995510515,0.444608688368141,0.5048779228771504,0.395950024497955,0.4555697860354689,0.645,0.68,0.69,0.74,0.72,2.0
130.0,0.9027777777777778,144.0,1.1900826446280992,121.0,1.3010752688172045,93.0,0.5027027027027027,161.0,1.1838235294117647,136.0,1.1056910569105691,123.0,1.160377358490566,106.0,0.7066666666666667,190.0,-0.0937856299502301,0.5936437080128549,78.0,112.0,0.7563968947787902,-2.187466430963582,0.8762159370419234,0.0406989468949194,0.0406989468949194,0.63,0.415,0.68,0.8,0.8,2.0
185.0,1.0946745562130178,169.0,1.005952380952381,168.0,0.9710982658959536,173.0,0.9453551912568308,269.0,1.5823529411764705,170.0,0.9550561797752808,178.0,1.072289156626506,166.0,1.01840490797546,246.0,-0.1309175014477274,0.7372718875982436,58.0,188.0,1.0067546153533589,-2.519783307834329,1.446375621652098,-0.2973537788301978,-0.3467922100371436,0.38,0.24,0.41,0.545,0.575,2.0
82.0,0.5157232704402516,159.0,1.7666666666666666,90.0,0.5844155844155844,154.0,1.2622950819672132,158.0,1.2950819672131149,122.0,1.008264462809917,121.0,1.4938271604938271,81.0,0.5031055900621118,164.0,-0.5172277131561213,0.6406368354214268,54.0,110.0,0.2471873910105658,0.1197018408670887,0.3851739000926029,-0.4089355571142129,0.2955825464174474,0.56,0.54,0.605,0.745,0.62,2.0
155.0,1.2916666666666667,120.0,1.518987341772152,79.0,0.5163398692810458,153.0,1.4166666666666667,155.0,1.8452380952380953,84.0,0.535031847133758,157.0,1.9625,80.0,0.5194805194805194,164.0,-0.2515971764344247,0.7004459102641978,56.0,108.0,0.5903388197331652,0.3202894156668542,0.7944250803797417,-0.1802626655853058,0.4918288580343838,0.565,0.5,0.625,0.79,0.67,2.0
149.0,1.0567375886524824,141.0,0.9591836734693876,147.0,1.5154639175257731,97.0,0.4663461538461538,207.0,1.3529411764705883,153.0,1.0132450331125828,151.0,0.967948717948718,156.0,1.0064516129032255,206.0,-0.2256871075279545,0.29428052740782,62.0,144.0,-0.1846139819845769,-0.3873776230976008,1.400028198362424,-0.5371665389733541,-0.3003723459437353,0.195,0.265,0.3,0.35,0.48,2.0
252.0,1.8,140.0,0.509090909090909,275.0,2.022058823529412,136.0,0.6098654708520179,237.0,2.0608695652173914,115.0,0.5,230.0,1.7692307692307692,130.0,0.5627705627705628,255.0,-0.1549078776656265,0.5335305904450285,90.0,165.0,1.214781874233848,-0.4063416989827669,2.3430651912337352,-0.6013505167583579,-0.5237909470733659,0.325,0.29,0.35,0.425,0.405,2.0
161.0,0.936046511627907,172.0,0.945054945054945,182.0,0.9528795811518324,191.0,1.891089108910891,275.0,1.5536723163841808,177.0,1.10625,160.0,1.0126582278481011,158.0,0.9461077844311376,263.0,-0.2382461783649634,0.2828201175966075,71.0,192.0,-0.2099811399319032,-0.3444625096067533,0.8847186503807809,-0.9425626729641174,0.1328170584078442,0.16,0.24,0.27,0.31,0.46,2.0
138.0,1.5,92.0,0.5644171779141104,163.0,1.7157894736842103,95.0,0.5523255813953488,278.0,2.074626865671642,134.0,1.1260504201680672,119.0,0.9015151515151516,132.0,1.4042553191489362,260.0,-0.3532778408573223,0.3703323146638462,66.0,194.0,-0.2428459904772939,-0.3093423069330615,1.1724375389018786,0.0358590222590654,0.0358590222590654,0.145,0.19,0.25,0.295,0.295,2.0
134.0,1.0387596899224807,129.0,0.8835616438356164,146.0,0.9012345679012346,162.0,1.0945945945945943,171.0,1.5267857142857142,112.0,0.632768361581921,177.0,1.5258620689655171,116.0,0.6373626373626373,193.0,-0.0583626854896632,0.5167138577173574,74.0,119.0,0.5705233544400844,0.4982668523152495,0.8055548302362427,0.5613180125898108,0.6207781437880022,0.535,0.555,0.575,0.59,0.645,2.0
119.0,1.2659574468085106,94.0,0.5562130177514792,169.0,1.111842105263158,152.0,1.6521739130434785,151.0,1.2583333333333333,120.0,1.0526315789473684,114.0,1.1287128712871286,101.0,0.6917808219178082,172.0,-0.1037120608337745,0.425607234674019,67.0,105.0,1.1916808462932291,-0.0964878686294245,1.36265348010568,0.2445402813892355,0.3330250070391595,0.375,0.295,0.395,0.45,0.46,2.0
103.0,1.5606060606060606,66.0,0.388235294117647,170.0,2.098765432098765,81.0,0.5328947368421053,148.0,1.264957264957265,117.0,1.0446428571428572,112.0,1.4,80.0,0.5555555555555556,158.0,-0.0585980484567205,0.6521562721879033,55.0,103.0,0.810376209787195,0.8833753613864793,0.924145728643216,-0.0222713543208423,0.624479567516726,0.575,0.605,0.62,0.785,0.66,2.0
206.0,1.7166666666666666,120.0,0.5194805194805194,231.0,1.957627118644068,118.0,0.5315315315315315,223.0,1.8898305084745763,118.0,0.4978902953586498,237.0,2.0973451327433628,113.0,0.5594059405940595,242.0,-0.1586057181195509,0.4805427968894847,86.0,156.0,1.1675268681222677,-0.3979921226910872,2.0013474519569834,-0.7188371324290925,-0.3693380028654156,0.33,0.29,0.36,0.465,0.62,2.0
113.0,0.9741379310344828,116.0,1.0265486725663715,113.0,1.3950617283950617,81.0,0.5364238410596026,153.0,1.3189655172413792,116.0,0.9914529914529916,117.0,0.9669421487603306,121.0,1.315217391304348,167.0,-0.2335250355638604,0.3954688068861691,60.0,107.0,0.6896127370172158,-0.2265228553660755,1.4364177845264456,-1.0998911568852678,-0.2664499042723595,0.33,0.245,0.365,0.405,0.61,2.0
93.0,0.9489795918367347,98.0,0.4100418410041841,239.0,2.172727272727273,110.0,0.6918238993710691,150.0,1.530612244897959,98.0,0.5414364640883977,181.0,1.5603448275862069,116.0,0.6338797814207651,175.0,0.003913723286036,0.5858250520196397,70.0,105.0,0.9669981555656764,0.703929992697832,1.1968200641929367,0.3696421313657066,0.8417936071791723,0.59,0.65,0.66,0.68,0.685,2.0
232.0,1.0175438596491229,228.0,1.982608695652174,115.0,1.036036036036036,111.0,1.0,111.0,1.1935483870967742,93.0,1.1071428571428572,84.0,0.4941176470588235,170.0,1.5178571428571428,153.0,-0.0785040948374999,0.6464072231939193,76.0,77.0,0.0576426641694407,-0.3876312488810789,2.668403803549637,-0.5717676170326805,-0.1218010721354051,0.295,0.44,0.5,0.55,0.805,2.0
156.0,1.5294117647058822,102.0,0.6986301369863014,146.0,1.3773584905660377,106.0,0.5988700564971752,166.0,1.5961538461538463,104.0,0.6341463414634146,164.0,1.5471698113207548,106.0,0.5760869565217391,195.0,-0.1330985322320001,0.4977360877627271,79.0,116.0,0.6118368920772383,-2.044893321474337,0.6920581972393631,-0.1148335838613927,0.4835572665053523,0.605,0.41,0.64,0.785,0.685,2.0
157.0,0.9127906976744186,172.0,1.6226415094339623,106.0,0.654320987654321,162.0,1.4862385321100915,222.0,1.9473684210526316,114.0,0.6404494382022472,178.0,1.6330275229357798,109.0,0.6374269005847953,220.0,-0.0407725304782071,0.315241753787818,65.0,155.0,-0.0256687077200449,-0.2146064140493994,0.7641697416379949,-0.6745337464196708,-0.1241988734680382,0.23,0.27,0.3,0.335,0.525,2.0
162.0,1.0451612903225806,155.0,1.091549295774648,142.0,0.9861111111111112,144.0,0.9536423841059604,201.0,1.4154929577464788,142.0,1.7530864197530864,81.0,0.3785046728971962,214.0,1.304878048780488,203.0,-0.2281068172808614,0.2683683975498999,63.0,140.0,-0.1892645412042845,-0.3978629761651279,1.016026934685404,-0.6736963661239731,-0.1727744747924759,0.175,0.27,0.31,0.36,0.515,2.0
161.0,0.9640718562874252,167.0,1.5321100917431192,109.0,0.4638297872340425,235.0,1.298342541436464,253.0,1.4293785310734464,177.0,1.0290697674418603,172.0,1.017751479289941,169.0,1.0833333333333333,241.0,-0.1309523444874824,0.2510915117031853,64.0,177.0,-0.104704022645552,-0.257304255227701,1.095480052077014,-0.6109952111196201,-0.007974239298191,0.14,0.235,0.265,0.31,0.455,2.0
213.0,1.7899159663865547,119.0,0.4047619047619047,294.0,2.1,140.0,0.6060606060606061,238.0,2.2452830188679247,106.0,0.5221674876847291,203.0,1.780701754385965,114.0,0.4541832669322709,279.0,-0.1897206251278732,0.4585573799403682,113.0,166.0,-0.1007156402820843,-0.3322341009192422,1.9525384908931565,-0.6096920981116551,-0.3396063664573496,0.23,0.345,0.405,0.45,0.665,2.0
164.0,0.9318181818181818,176.0,1.2054794520547945,146.0,1.140625,128.0,0.9770992366412212,175.0,1.2589928057553956,139.0,1.0610687022900764,131.0,0.6616161616161617,198.0,1.3026315789473684,182.0,-0.1942449984921067,0.3789339942396634,60.0,122.0,0.2926293736662932,-0.2158827128266949,1.2013054953842717,0.0011763237398059,0.0737661422738648,0.29,0.245,0.33,0.395,0.4,2.0
150.0,1.530612244897959,98.0,0.6012269938650306,163.0,1.044871794871795,156.0,1.0196078431372548,165.0,1.3636363636363635,121.0,0.7469135802469136,162.0,1.4336283185840708,113.0,0.6647058823529411,183.0,-0.0876763855951769,0.6086891279630905,68.0,115.0,0.7849754955009706,0.7537411427900422,0.9057562379132575,0.6461839697428383,0.68679436454097,0.635,0.67,0.685,0.715,0.72,2.0
153.0,1.5454545454545454,99.0,0.4736842105263157,209.0,1.8660714285714288,112.0,0.6292134831460674,194.0,1.7798165137614679,109.0,0.6687116564417178,163.0,1.613861386138614,101.0,0.5642458100558659,214.0,-0.0361032131613684,0.5115422362737072,79.0,135.0,0.699481858116563,0.668564234255452,0.7557943323820855,-0.0489310423616752,0.7075397389260595,0.57,0.58,0.605,0.77,0.63,2.0
156.0,1.278688524590164,122.0,1.525,80.0,0.5228758169934641,153.0,1.843373493975904,148.0,1.3703703703703705,108.0,0.8307692307692308,130.0,1.0743801652892562,121.0,1.5921052631578947,161.0,-0.2518126696907539,0.6257585787165962,58.0,103.0,0.4248882352033367,0.1101636905335453,0.7973136679017605,-0.2370358134984503,-0.1842743632788726,0.55,0.485,0.615,0.785,0.75,2.0
120.0,1.2244897959183674,98.0,0.7050359712230215,139.0,1.139344262295082,122.0,1.0427350427350428,141.0,1.175,120.0,1.0084033613445378,119.0,1.2526315789473683,95.0,0.6934306569343066,164.0,0.0111331535419083,0.440133405578739,66.0,98.0,1.361465546119311,0.045192969452503,1.7307972105053622,-1.1144083428084737,0.0974456797477224,0.39,0.275,0.415,0.455,0.715,2.0
82.0,0.3241106719367589,253.0,1.5617283950617284,162.0,0.9938650306748468,163.0,1.0316455696202531,226.0,1.3216374269005848,171.0,0.9715909090909092,176.0,1.3435114503816794,131.0,0.6649746192893401,225.0,-0.2178843606464811,0.6453939039075205,67.0,158.0,1.8350099228252152,-0.1923284368818212,2.3722355603322005,-0.7494880219530171,-0.7494880219530171,0.28,0.24,0.3,0.405,0.405,2.0
112.0,0.918032786885246,122.0,0.9384615384615383,130.0,1.0833333333333333,120.0,0.8571428571428571,160.0,1.2213740458015268,131.0,0.9632352941176472,136.0,1.0461538461538462,130.0,0.9923664122137404,182.0,-0.1375373838531434,0.4535398062646593,70.0,112.0,0.6056611022828485,0.5832628445842376,0.6541659027043332,0.4533567007324579,0.4533567007324579,0.575,0.62,0.63,0.675,0.675,2.0
134.0,0.9640287769784172,139.0,1.0296296296296297,135.0,1.3636363636363635,99.0,0.6827586206896552,175.0,1.4227642276422765,123.0,0.8978102189781022,137.0,1.4891304347826086,92.0,0.5859872611464968,191.0,-0.2847498933361931,0.4354594036538178,69.0,122.0,-0.2064100320688798,-0.2694275555022882,1.1819849246231158,0.017032510111456,0.1529706820893512,0.195,0.255,0.365,0.425,0.435,2.0
159.0,1.1357142857142857,140.0,0.7526881720430108,186.0,1.1847133757961783,157.0,1.7065217391304348,203.0,1.6639344262295082,122.0,0.8133333333333334,150.0,1.3761467889908257,109.0,0.981981981981982,212.0,-0.1273330043850429,0.376629145206345,70.0,142.0,0.0085306139043795,-0.1151982961879034,1.2603153415889097,0.2467507452464623,0.3065628761206174,0.265,0.24,0.325,0.385,0.39,2.0
141.0,1.0291970802919708,137.0,1.1048387096774193,124.0,1.0333333333333334,120.0,0.8108108108108109,108.0,0.43724696356275305,247.0,2.5463917525773194,97.0,0.5449438202247191,178.0,1.7450980392156863,146.0,-0.0838511971837085,0.5914597188380281,71.0,75.0,0.6749249836723152,-2.096615211745545,0.7746984924623116,0.7621665816252741,0.768167303030989,0.73,0.49,0.775,0.785,0.79,2.0
124.0,1.2916666666666667,96.0,0.7619047619047619,126.0,1.1454545454545455,110.0,0.7586206896551724,130.0,1.3131313131313131,99.0,0.6875,144.0,1.2100840336134453,119.0,0.937007874015748,165.0,-0.0855617472962537,0.4618556768290995,74.0,91.0,0.5439710266568503,-1.9634507556656189,0.6431888309542106,-0.1644481779283712,0.3917949467756429,0.64,0.455,0.68,0.85,0.73,2.0
99.0,0.4876847290640394,203.0,2.00990099009901,101.0,0.5580110497237569,181.0,1.7745098039215683,158.0,1.6288659793814433,97.0,0.532967032967033,182.0,1.6851851851851851,108.0,0.574468085106383,181.0,-0.1997384712444988,0.4246118938083797,71.0,110.0,0.3713634251354181,-1.861642324610417,0.5146096130689033,-0.1609026680628256,0.4642579395088114,0.58,0.4,0.63,0.765,0.645,2.0
161.0,1.4907407407407407,108.0,0.6923076923076923,156.0,1.4311926605504588,109.0,0.6855345911949685,172.0,1.7551020408163265,98.0,0.5444444444444444,180.0,1.1920529801324504,151.0,0.967948717948718,199.0,-0.2050801751696763,0.4614368053285301,79.0,120.0,0.4063221969821508,-2.011863435092672,0.6067308279307984,0.5983406287510081,0.1242737098647652,0.56,0.4,0.61,0.62,0.685,2.0
123.0,1.0603448275862069,116.0,0.7160493827160493,162.0,1.4086956521739131,115.0,0.7467532467532467,158.0,1.144927536231884,138.0,1.0952380952380951,126.0,1.0327868852459017,122.0,0.7672955974842768,182.0,0.0234914214840861,0.6104473108680161,72.0,110.0,0.8447484439736592,0.8951064198313756,0.9133333666151778,0.1504838289466342,0.8087493358192008,0.605,0.655,0.66,0.795,0.69,2.0
118.0,0.659217877094972,179.0,1.8842105263157896,95.0,0.59375,160.0,1.415929203539823,185.0,1.5677966101694916,118.0,0.6941176470588235,170.0,1.4782608695652173,115.0,0.6424581005586593,196.0,-0.1665020846698407,0.5421028250344921,67.0,129.0,0.622664832076339,0.5441689250640718,0.7566680763076055,0.0604741579284418,0.6966717984193844,0.585,0.575,0.62,0.73,0.64,2.0
155.0,1.8452380952380956,84.0,0.5419354838709678,155.0,1.2916666666666667,120.0,1.518987341772152,154.0,1.925,80.0,0.5161290322580645,155.0,1.8452380952380956,84.0,0.535031847133758,163.0,-0.229365730518602,0.6487096275371198,56.0,107.0,0.42273822986464,0.1925545462441322,0.8160079301052077,-0.1827638190954774,0.6586329661661201,0.525,0.47,0.605,0.765,0.635,2.0
113.0,0.6647058823529411,170.0,1.5454545454545454,110.0,0.625,176.0,1.266187050359712,207.0,2.090909090909091,99.0,0.6036585365853658,164.0,1.623762376237624,101.0,0.5906432748538012,225.0,0.0010625560517063,0.5107327289021694,81.0,144.0,0.6708294156939226,0.845456722065651,0.8943219835563564,0.0439207070048109,0.5610951880369637,0.51,0.575,0.585,0.715,0.61,2.0
115.0,1.0,115.0,1.036036036036036,111.0,0.9487179487179488,117.0,1.0263157894736843,119.0,1.1226415094339623,106.0,0.8412698412698413,126.0,1.135135135135135,111.0,0.9652173913043478,156.0,0.0398365287783565,0.9586935040434936,73.0,83.0,1.7687173458426877,-0.1321071035395775,2.8535594249067344,-0.8898203307218611,2.44084844991663,0.445,0.395,0.475,0.575,0.505,2.0
137.0,1.1048387096774193,124.0,1.0333333333333334,120.0,0.8108108108108109,148.0,1.3454545454545457,247.0,2.5463917525773194,97.0,0.5449438202247191,178.0,1.7450980392156863,102.0,1.2439024390243902,247.0,-0.026305351113939,0.5946149079251293,75.0,172.0,1.5525192480731589,-0.0524161181999209,2.068629195558126,-1.0219984125205783,-0.3572125464171556,0.285,0.22,0.31,0.45,0.545,2.0
217.0,1.4370860927152318,151.0,1.0486111111111112,144.0,1.0666666666666669,135.0,0.9712230215827338,226.0,1.6376811594202898,138.0,1.7692307692307692,78.0,0.3696682464454976,211.0,1.3973509933774837,221.0,-0.036483438775775,0.7175436056266723,63.0,158.0,-0.2228657077545411,-0.0426869757707273,1.8381505877975408,-2.0472814766276617,0.8568426242466076,0.17,0.24,0.285,0.335,0.5,2.0
180.0,1.0344827586206895,174.0,1.45,120.0,0.5286343612334802,227.0,1.2204301075268815,226.0,1.158974358974359,195.0,1.0655737704918034,183.0,1.5378151260504205,119.0,0.5242290748898678,239.0,-0.2601966268546039,0.5076275965521398,81.0,158.0,1.049573908559268,-0.42083172939406,2.0913800417087813,-0.8698001886667784,-0.5274497889249493,0.315,0.28,0.34,0.46,0.59,2.0
116.0,1.432098765432099,81.0,0.5159235668789809,157.0,1.286885245901639,122.0,1.0338983050847457,154.0,1.305084745762712,118.0,1.0260869565217392,115.0,1.4197530864197532,81.0,0.5192307692307693,163.0,-0.0117741158903109,0.6525223182148292,56.0,107.0,0.7180003967102924,0.4478233941736032,0.996966762846921,0.0233673917048432,0.7352106004121164,0.55,0.48,0.62,0.785,0.665,2.0
154.0,1.0547945205479452,146.0,0.9605263157894736,152.0,0.9934640522875816,153.0,0.9870967741935484,198.0,1.3943661971830985,142.0,0.9342105263157896,152.0,1.0201342281879195,149.0,1.0136054421768708,192.0,-0.1278306701134335,0.6906704829830609,54.0,138.0,1.236226264187716,-0.2021231374602029,1.7615642491848882,-2.1442269385175066,0.0247346719867957,0.27,0.225,0.285,0.345,0.465,2.0
159.0,1.394736842105263,114.0,0.7916666666666666,144.0,1.1338582677165354,127.0,0.7426900584795322,166.0,1.456140350877193,114.0,0.6,190.0,1.3103448275862069,145.0,1.0507246376811594,183.0,-0.1343225009847958,0.4458939503145899,67.0,116.0,0.3717817859679123,0.116513495224646,0.5308969066693813,0.5065812174096513,0.5065812174096513,0.535,0.49,0.605,0.62,0.62,2.0
153.0,0.9622641509433962,159.0,1.1777777777777778,135.0,1.0465116279069768,129.0,1.0403225806451613,159.0,1.0460526315789473,152.0,1.0780141843971631,141.0,1.184873949579832,119.0,0.9083969465648856,176.0,-0.1385471701963064,0.3108922434973586,65.0,111.0,0.2635384968918332,-1.3231436626984492,0.4484426290144566,-0.0551712749578682,0.4040968475303455,0.545,0.375,0.6,0.73,0.62,2.0
136.0,0.6044444444444445,225.0,1.9230769230769231,117.0,1.0934579439252337,107.0,0.4776785714285714,106.0,0.4608695652173913,230.0,2.1296296296296298,108.0,0.9642857142857144,112.0,0.9739130434782608,155.0,-0.49350085806111,1.0484534147601106,81.0,74.0,1.1928530898665708,-0.7811469713467298,2.25406841830634,2.1599471378040875,2.1599471378040875,0.455,0.41,0.485,0.51,0.51,2.0
102.0,0.5828571428571429,175.0,1.3059701492537314,134.0,1.276190476190476,105.0,0.621301775147929,173.0,1.8602150537634408,93.0,0.62,150.0,1.4705882352941178,102.0,0.6144578313253012,202.0,-0.1961969474972055,0.4476979616066197,81.0,121.0,0.4982594955525924,0.5585881143549084,0.6,-0.1104882384262207,0.240984297496546,0.575,0.6,0.615,0.74,0.675,2.0
282.0,1.076335877862595,262.0,0.9562043795620438,274.0,1.066147859922179,257.0,1.1077586206896552,136.0,0.6766169154228856,201.0,0.95260663507109,211.0,0.9813953488372092,215.0,1.085858585858586,169.0,-0.6936228946217378,0.3869981440276092,74.0,95.0,-0.5807105198469004,-0.7899990810042112,0.7004044800239158,-0.5206146532923933,-0.4396609734769829,0.375,0.35,0.44,0.49,0.495,2.0
119.0,1.469135802469136,81.0,0.5031055900621118,161.0,1.319672131147541,122.0,1.0427350427350428,132.0,1.5,88.0,1.035294117647059,85.0,0.4594594594594595,185.0,1.5289256198347108,164.0,-0.0839610955551175,0.460621758046169,72.0,92.0,0.8508949670944307,-0.043601256237553,1.685101885736645,-1.31067148926622,-0.105143712684255,0.355,0.275,0.395,0.445,0.66,2.0
119.0,0.9916666666666668,120.0,1.188118811881188,101.0,1.2784810126582278,79.0,0.4566473988439306,132.0,1.11864406779661,118.0,0.9672131147540984,122.0,1.1090909090909091,110.0,1.5492957746478873,166.0,-0.4530769659184928,0.4141381884422841,74.0,92.0,0.3478357872534267,-0.4033151052022975,1.168076556632323,-1.5711482874229217,-0.3768011009406262,0.36,0.295,0.405,0.45,0.715,2.0
185.0,1.48,125.0,1.0080645161290325,124.0,1.0689655172413792,116.0,0.8787878787878788,132.0,0.9850746268656716,134.0,1.1754385964912282,114.0,1.008849557522124,113.0,1.118811881188119,139.0,-0.2132268679639658,0.2639389404323963,47.0,92.0,0.2006610503773657,0.2716947682214501,0.2978220507485623,-0.1273939227389549,0.2839556423922201,0.585,0.62,0.63,0.775,0.65,2.0
121.0,0.937984496124031,129.0,0.9347826086956522,138.0,0.9078947368421052,152.0,1.1176470588235294,132.0,1.03125,128.0,0.9696969696969696,132.0,1.11864406779661,118.0,1.0085470085470083,162.0,-0.034093496806763,0.3093435639798665,70.0,92.0,0.3630522604525457,-1.1215525477221533,0.4543035057541869,0.0241016302995821,0.3840533605048045,0.62,0.44,0.655,0.76,0.675,2.0
155.0,0.945121951219512,164.0,0.8817204301075269,186.0,0.9738219895287958,191.0,1.0494505494505495,228.0,1.3255813953488371,172.0,1.0238095238095235,168.0,1.5700934579439252,107.0,0.5572916666666666,237.0,-0.0356426783613641,0.477625060339895,78.0,159.0,1.2343417430681545,-0.153188297981235,2.212522196122189,-0.379272217611404,-0.3334654958399309,0.3,0.26,0.325,0.385,0.57,2.0
121.0,1.0168067226890756,119.0,1.0084745762711864,118.0,1.0085470085470083,117.0,0.9915254237288136,165.0,1.7934782608695652,92.0,0.6344827586206897,145.0,1.228813559322034,118.0,1.0085470085470083,165.0,-0.2268880666420244,0.6357924038986509,50.0,115.0,0.6583754034122038,0.1898528277939117,0.7738971651264783,-0.1519306390555963,0.4938183353300489,0.58,0.48,0.615,0.775,0.66,2.0
132.0,1.0819672131147542,122.0,1.0427350427350428,117.0,0.9831932773109244,119.0,1.3837209302325582,163.0,1.9878048780487805,82.0,0.5290322580645161,155.0,1.3362068965517242,116.0,0.9830508474576272,167.0,-0.0989092866913149,0.6017817676050214,53.0,114.0,0.6129627015533757,0.2681967692556948,0.8859168768650705,0.8462201460653969,0.8462201460653969,0.52,0.44,0.55,0.57,0.57,2.0
170.0,1.9540229885057472,87.0,0.5028901734104047,173.0,1.2269503546099292,141.0,1.3177570093457944,135.0,0.8881578947368421,152.0,1.3693693693693694,111.0,0.9098360655737704,122.0,0.6931818181818182,182.0,-0.1561202961633383,0.1366008113209205,88.0,94.0,-0.1528352578263941,-0.1659014876604557,0.2945728396907598,-0.7215935924655937,-0.0422899938240824,0.37,0.4,0.445,0.49,0.66,2.0
238.0,2.163636363636364,110.0,0.5116279069767442,215.0,1.2797619047619049,168.0,1.018181818181818,226.0,1.9652173913043478,115.0,0.572139303482587,201.0,1.3958333333333333,144.0,0.9230769230769232,235.0,-0.0969631039497751,0.4494363368307636,77.0,158.0,0.5312083432939744,0.5922245943838411,0.6022880093705556,-0.0366652089006515,0.5202760388867029,0.525,0.56,0.57,0.69,0.59,2.0
125.0,0.9615384615384616,130.0,0.9774436090225564,133.0,0.9925373134328358,134.0,0.9241379310344828,161.0,1.2105263157894737,133.0,0.9851851851851852,135.0,1.115702479338843,121.0,0.7289156626506024,191.0,0.0562528947334812,0.6357594858701958,79.0,112.0,0.875815412705677,0.9113451893277869,1.124746494865794,0.9009895698213776,0.9498830312048104,0.655,0.68,0.7,0.74,0.72,2.0
167.0,0.9597701149425288,174.0,1.0116279069767442,172.0,1.1168831168831168,154.0,1.0266666666666666,200.0,1.4598540145985401,137.0,1.0223880597014925,134.0,1.0151515151515151,132.0,0.9295774647887324,210.0,-0.168844248236708,0.2829022712183857,70.0,140.0,-0.1383447566457085,-0.2235514093717378,1.2916755639482436,-0.27128482821909,-0.0022823213128026,0.27,0.295,0.33,0.38,0.57,2.0
120.0,1.0434782608695652,115.0,1.2637362637362637,91.0,1.1973684210526316,76.0,0.4086021505376344,153.0,1.3660714285714286,112.0,1.5555555555555556,72.0,0.4363636363636363,165.0,2.0121951219512195,166.0,-0.0658058361371464,0.5844037082018306,59.0,107.0,0.5922788311074435,0.2566477324745075,0.8635637555537445,0.0314632802181133,0.7810415984650034,0.555,0.475,0.615,0.76,0.635,2.0
116.0,1.0175438596491229,114.0,1.0178571428571428,112.0,1.0,112.0,0.9824561403508772,154.0,1.375,112.0,1.009009009009009,111.0,0.9823008849557522,113.0,1.018018018018018,156.0,-0.3841139519702312,0.7162954536072691,49.0,107.0,0.4463714303716816,0.0090954652802728,0.7417694901617871,-0.1101855685070739,0.6876505788828634,0.585,0.515,0.64,0.795,0.66,2.0
180.0,1.2857142857142858,140.0,1.044776119402985,134.0,0.575107296137339,233.0,1.1477832512315271,174.0,1.2517985611510791,139.0,0.972027972027972,143.0,0.9050632911392406,158.0,1.0533333333333332,180.0,-0.3164218597650877,0.3794713784666876,59.0,121.0,0.6120599274554019,-0.2951424986746002,1.163499658628083,-0.2006684881989717,-0.0132067463540718,0.305,0.24,0.325,0.385,0.395,2.0
139.0,0.9586206896551724,145.0,1.1068702290076335,131.0,0.8972602739726028,146.0,0.9733333333333334,197.0,1.1588235294117648,170.0,0.9497206703910616,179.0,1.0591715976331362,169.0,1.1342281879194631,211.0,-0.0891718300736707,0.4424558263299423,74.0,137.0,0.5270408119617709,0.6171280802610278,0.6326905009746465,-0.1196984924623116,0.3625804061357249,0.525,0.565,0.57,0.725,0.62,2.0
232.0,1.045045045045045,222.0,1.930434782608696,115.0,0.9913793103448276,116.0,0.5225225225225225,116.0,0.5155555555555555,225.0,1.9396551724137927,116.0,0.9914529914529916,117.0,1.073394495412844,158.0,-0.2001839066152944,0.8812794871677015,77.0,81.0,1.3956071548059623,-0.4038067097757439,2.6791724874216736,-0.8608316053336413,-0.1478679806117775,0.44,0.4,0.495,0.545,0.84,2.0
124.0,0.8794326241134752,141.0,1.0601503759398496,133.0,0.9708029197080292,137.0,0.9448275862068966,184.0,2.0444444444444443,90.0,0.6923076923076923,130.0,1.007751937984496,129.0,1.5925925925925926,189.0,-0.0340731824620963,0.2502123069166624,61.0,128.0,-0.0150917406080467,-0.1031701206197091,0.4499362417123208,-1.1131778605533782,0.3559695564178453,0.18,0.26,0.29,0.33,0.495,2.0
155.0,1.3716814159292037,113.0,0.5355450236966824,211.0,1.7154471544715446,123.0,0.5642201834862385,214.0,1.7833333333333334,120.0,0.5150214592274678,233.0,1.9579831932773109,119.0,0.5862068965517241,226.0,-0.4618106471017606,0.4815237635919472,77.0,149.0,1.0406032531041338,-0.7321307296081732,1.762265791922876,-0.9470210699841324,-0.7195649742377621,0.32,0.275,0.345,0.4,0.595,2.0
150.0,1.530612244897959,98.0,0.5903614457831325,166.0,1.4821428571428572,112.0,0.6787878787878788,164.0,1.64,100.0,0.684931506849315,146.0,1.5051546391752575,97.0,0.532967032967033,187.0,-0.0211292954780396,0.5247058910556599,73.0,114.0,0.84006081142343,0.83888104325785,0.8884386438947431,0.1015048205009716,0.38366798644005,0.565,0.6,0.615,0.735,0.685,2.0
151.0,1.8875,80.0,0.5031446540880503,159.0,1.7282608695652173,92.0,0.6013071895424836,169.0,1.4201680672268908,119.0,1.0,119.0,1.63013698630137,73.0,0.4397590361445783,170.0,-0.3151800755231811,0.6238664406097252,52.0,118.0,0.4877457577216635,0.119338294748131,0.6954597929901579,-0.2080653266331657,0.6580167502053594,0.57,0.49,0.61,0.75,0.625,2.0
142.0,1.2033898305084745,118.0,0.7814569536423841,151.0,1.290598290598291,117.0,0.6190476190476191,178.0,1.4471544715447155,123.0,0.5829383886255924,211.0,2.1979166666666665,96.0,0.5052631578947369,202.0,-0.0020092392163834,0.4885616716948013,78.0,124.0,0.5270414427627821,0.2579631417086385,0.7363161460713455,0.0050086569795963,0.6832622486421257,0.575,0.54,0.645,0.78,0.66,2.0
157.0,1.256,125.0,0.5681818181818182,220.0,1.1398963730569949,193.0,1.0722222222222222,210.0,1.2280701754385965,171.0,1.062111801242236,161.0,1.0125786163522013,159.0,0.9298245614035088,245.0,-0.2813687965749794,0.5338017097333861,98.0,147.0,1.2412685269057584,-0.4209904791454252,2.3056383621624343,-0.7711146275559513,-0.3564373448347877,0.375,0.335,0.4,0.455,0.705,2.0
194.0,1.779816513761468,109.0,0.6687116564417178,163.0,1.613861386138614,101.0,0.5642458100558659,169.0,1.5648148148148149,108.0,0.6428571428571429,168.0,1.6153846153846154,104.0,0.6227544910179641,192.0,-0.0535885759356134,0.5164625043698182,74.0,118.0,0.8104929594103574,0.8384393307760767,0.9637973236812186,0.4969000114267472,0.6392696286617015,0.58,0.6,0.615,0.63,0.635,2.0
172.0,1.5087719298245614,114.0,0.6867469879518072,166.0,1.5961538461538465,104.0,0.6341463414634146,78.0,0.3236514522821577,241.0,2.2523364485981308,107.0,0.4246031746031746,252.0,1.9534883720930232,133.0,-0.0760101625925593,0.503253187178387,79.0,54.0,0.3046580733004976,-1.7441089352955343,0.691243073980649,0.542388472224403,0.592205205451137,0.775,0.595,0.85,0.87,0.875,2.0
113.0,0.9912280701754386,114.0,1.1287128712871286,101.0,0.7769230769230769,130.0,1.1111111111111112,146.0,1.2586206896551724,116.0,1.5064935064935066,77.0,0.5167785234899329,149.0,1.839506172839506,164.0,-0.2933687697162037,0.4034684237968153,62.0,102.0,0.6159848601830569,-0.2502252815150266,1.3504303510486733,-1.1426233688155356,-0.2607425134473988,0.345,0.25,0.385,0.425,0.665,2.0
152.0,1.4901960784313726,102.0,0.8095238095238095,126.0,1.1150442477876106,113.0,1.4303797468354431,154.0,1.9012345679012346,81.0,0.5192307692307693,156.0,1.3448275862068966,116.0,1.0265486725663715,156.0,-0.3764835687685979,0.6289986160630169,49.0,107.0,0.4457956109600742,-0.0780091954215453,0.6852699051777353,-0.2669617007891823,0.5003050957099912,0.6,0.505,0.645,0.8,0.68,2.0
166.0,1.5809523809523809,105.0,0.7142857142857143,147.0,1.4411764705882353,102.0,0.5513513513513514,165.0,1.7553191489361701,94.0,0.5136612021857924,183.0,1.2534246575342465,146.0,1.280701754385965,187.0,-0.0074055278410389,0.4602665770185167,72.0,115.0,0.3446860571511784,0.680160776786948,0.8718793018155605,0.7878973826155817,0.794810075867266,0.495,0.545,0.56,0.575,0.605,2.0
211.0,1.4256756756756757,148.0,1.1653543307086611,127.0,1.0,127.0,1.4941176470588236,170.0,1.3076923076923077,130.0,1.0743801652892562,121.0,0.8897058823529411,136.0,0.576271186440678,185.0,-0.2061488814492442,0.3670168405370025,67.0,118.0,0.6402144493663247,-0.2055778894472362,1.1195927333497635,-0.0457252378959952,0.0293174253177339,0.34,0.28,0.365,0.425,0.43,2.0
141.0,1.0522388059701493,134.0,0.9925925925925926,135.0,0.9574468085106383,141.0,1.1015625,219.0,1.8879310344827587,116.0,0.6480446927374302,179.0,1.6886792452830188,106.0,0.5221674876847291,230.0,-0.1372808994531167,0.4135887056199496,77.0,153.0,0.0091583121569473,0.0138960502671965,1.477556787303985,-0.8262907107489406,-0.3668578820869161,0.26,0.275,0.34,0.375,0.58,2.0
149.0,1.3070175438596492,114.0,0.926829268292683,123.0,1.0603448275862069,116.0,0.7160493827160493,131.0,1.2596153846153846,104.0,0.6582278481012658,158.0,1.144927536231884,138.0,1.0952380952380951,160.0,-0.1179199775408973,0.540128749417936,69.0,91.0,0.6592723570471235,0.6520480187126677,0.7718882014159446,0.074177218842393,0.594556147486056,0.655,0.7,0.72,0.84,0.75,2.0
146.0,0.9012345679012346,162.0,1.0945945945945943,148.0,1.0136986301369864,146.0,1.020979020979021,177.0,1.5258620689655173,116.0,0.6373626373626373,182.0,1.467741935483871,124.0,0.8266666666666667,201.0,-0.0610397784481627,0.4154326096030365,78.0,123.0,0.5164133194532124,0.5226990961687608,0.6713865132911736,0.4157377148153798,0.4219605706922074,0.6,0.625,0.645,0.675,0.68,2.0
120.0,1.5384615384615383,78.0,0.4875,160.0,1.3333333333333333,120.0,0.9917355371900828,168.0,1.3770491803278688,122.0,1.0517241379310345,116.0,1.432098765432099,81.0,0.5225806451612903,170.0,-0.4597176705406867,0.6587291075649064,53.0,117.0,0.3310443253235344,0.1033672363355917,0.5980342186297372,-0.050896039232111,0.3601865696047825,0.565,0.53,0.62,0.7,0.66,2.0
155.0,1.1654135338345866,133.0,0.910958904109589,146.0,1.0579710144927537,138.0,0.8679245283018868,158.0,1.5339805825242718,103.0,1.2261904761904765,84.0,0.3636363636363636,231.0,2.179245283018868,180.0,-0.0869188446371952,0.5123200084260846,70.0,110.0,0.6579187496726682,0.6958076699199329,0.7105357587887433,0.6847507674146001,0.6847507674146001,0.595,0.62,0.63,0.645,0.645,2.0
110.0,1.0,110.0,0.9821428571428572,112.0,0.5283018867924528,212.0,0.925764192139738,111.0,1.15625,96.0,0.7559055118110236,127.0,1.1759259259259258,108.0,1.0093457943925233,152.0,-0.3085711505899981,1.0033025246764218,75.0,77.0,0.9497739069204848,-0.5737768662954917,2.5098205812045515,-1.1015531950114914,-0.3021567579502744,0.43,0.395,0.5,0.555,0.85,2.0
132.0,0.8859060402684564,149.0,0.9254658385093169,161.0,1.3644067796610169,118.0,0.7239263803680982,181.0,0.9282051282051282,195.0,1.2037037037037035,162.0,1.0062111801242235,161.0,1.0733333333333333,198.0,-0.2098905501518774,0.5458919054128681,72.0,126.0,0.5311381692950098,0.6409176667919873,0.6565774678839528,-0.1307366661951113,0.5369386283582729,0.565,0.6,0.605,0.75,0.64,2.0
115.0,1.5972222222222223,72.0,0.4444444444444444,162.0,1.35,120.0,1.0084033613445378,155.0,1.3247863247863247,117.0,0.9831932773109244,119.0,1.469135802469136,81.0,0.5159235668789809,164.0,-0.1973398193106118,0.5791670248777359,56.0,108.0,0.5235463068199405,0.1595289056919475,0.737245692936806,-0.1632517768413015,0.2111026664233562,0.555,0.47,0.605,0.765,0.68,2.0
120.0,1.0810810810810811,111.0,0.9736842105263158,114.0,0.9743589743589745,117.0,1.073394495412844,109.0,0.4954545454545455,220.0,1.9130434782608696,115.0,1.0,115.0,0.5227272727272727,157.0,-0.6248452800075662,1.0410769825348682,81.0,76.0,0.8864447777230409,2.147952257653895,2.198106014160233,-1.508637994060778,-0.6786347654710312,0.45,0.505,0.515,0.575,0.88,2.0
153.0,1.2540983606557377,122.0,1.0166666666666666,120.0,1.2,100.0,0.7142857142857143,159.0,1.7666666666666666,90.0,0.5844155844155844,154.0,1.2622950819672132,122.0,1.564102564102564,168.0,0.3425677677508105,0.5985367770727561,57.0,111.0,0.8748347697599431,0.7949073646790197,1.1569851536063924,0.3869867942719575,0.9468070453950086,0.505,0.49,0.585,0.74,0.63,2.0
118.0,1.0085470085470083,117.0,0.9915254237288136,118.0,1.4047619047619049,84.0,0.5526315789473685,145.0,1.228813559322034,118.0,1.0085470085470083,117.0,0.4875,240.0,2.051282051282051,165.0,-0.2425676641955301,0.4762209141346264,64.0,101.0,0.6728152117205964,-0.1823421358114894,1.688628111174226,-1.3693244312649533,-0.121089613810369,0.35,0.275,0.39,0.435,0.685,2.0
121.0,1.5125,80.0,0.5369127516778524,149.0,1.2735042735042734,117.0,0.9831932773109244,150.0,1.2195121951219512,123.0,1.0423728813559323,118.0,1.4390243902439024,82.0,0.5394736842105263,161.0,-0.1260590727652829,0.632994599612894,56.0,105.0,0.5788642441116169,0.2963171094586244,0.8810461506504299,-0.0748296825139784,0.585595407202795,0.535,0.475,0.6,0.77,0.655,2.0
126.0,1.5555555555555556,81.0,0.4969325153374233,163.0,1.101351351351351,148.0,1.184,191.0,1.8725490196078431,102.0,0.8225806451612904,124.0,0.9253731343283582,134.0,0.9925925925925926,178.0,-0.2149832260592413,0.2126692607246443,45.0,133.0,0.1818878643768033,0.2337899235705549,0.2556724004697668,0.2346900235536182,-0.0217839195979901,0.445,0.475,0.485,0.495,0.55,2.0
131.0,0.9776119402985076,134.0,0.9925925925925926,135.0,1.2272727272727273,110.0,0.7801418439716312,136.0,1.088,125.0,1.024590163934426,122.0,0.9606299212598424,127.0,0.9921875,183.0,-0.1034027723859697,0.372972000960589,88.0,95.0,0.4522181905010696,0.4889922962342946,0.5139508871066601,0.0092091599809987,0.4371963113445595,0.67,0.7,0.715,0.825,0.735,2.0
82.0,1.0123456790123455,81.0,0.8804347826086957,92.0,0.5508982035928144,167.0,1.7956989247311828,122.0,1.4878048780487805,82.0,0.9213483146067416,89.0,0.536144578313253,166.0,1.7473684210526317,171.0,-0.1299487718583577,0.1713214687672976,86.0,85.0,-0.1346491599926892,-0.2422436970718969,0.3641599452373933,-0.5075161022821956,0.1842481663485997,0.325,0.455,0.5,0.575,0.73,2.0
179.0,1.0,179.0,1.0718562874251496,167.0,1.8977272727272727,88.0,0.3450980392156862,256.0,1.610062893081761,159.0,1.0192307692307692,156.0,1.0263157894736843,152.0,0.987012987012987,241.0,-0.1432070578544697,0.7003923022072941,62.0,179.0,-0.3297844997172121,-0.1307401283603703,1.4674607679552267,-2.1558865976827124,0.722360699057146,0.155,0.22,0.26,0.31,0.455,2.0
156.0,1.0196078431372548,153.0,0.9444444444444444,162.0,1.862068965517241,87.0,0.3307984790874524,220.0,1.4193548387096775,155.0,0.96875,160.0,1.019108280254777,157.0,1.0608108108108107,209.0,-0.1769865814526859,0.6884296928634462,55.0,154.0,0.9721303789331072,-0.2234309284538834,1.3866593219177763,-2.1794195078227045,0.5482290916849246,0.25,0.215,0.265,0.325,0.455,2.0
127.0,1.1545454545454543,110.0,0.7189542483660131,153.0,1.5,102.0,0.5795454545454546,173.0,1.2357142857142858,140.0,0.6796116504854369,206.0,2.145833333333333,96.0,0.5853658536585366,167.0,-0.0448824710491063,0.2605271595853357,46.0,121.0,0.2869875405732376,0.3399643868460642,0.3587187227990923,-0.0605152197179144,0.2734081446356839,0.46,0.49,0.5,0.61,0.53,2.0
168.0,0.9882352941176472,170.0,1.0059171597633136,169.0,1.0628930817610065,159.0,1.0460526315789471,226.0,1.4394904458598725,157.0,1.0194805194805194,154.0,1.013157894736842,152.0,0.9047619047619048,232.0,-0.248785102429748,0.5692567347363928,74.0,158.0,0.6193976540618409,0.2483952612381671,0.956964381864633,-0.2695251592277122,-0.2695251592277122,0.5,0.45,0.545,0.655,0.655,2.0
111.0,0.9487179487179488,117.0,1.0636363636363635,110.0,0.9322033898305084,118.0,1.0825688073394495,121.0,1.0707964601769913,113.0,1.0560747663551402,107.0,0.4755555555555555,225.0,2.710843373493976,156.0,-0.3862386737487611,0.952543755898379,72.0,84.0,0.9372052403153796,-0.5874535295448677,2.544040116619987,-1.3030213846326308,2.1755529312254893,0.43,0.395,0.47,0.575,0.495,2.0
132.0,1.03125,128.0,1.024,125.0,0.8012820512820513,156.0,0.896551724137931,151.0,2.157142857142857,70.0,0.3571428571428571,196.0,1.3333333333333333,147.0,1.0352112676056338,252.0,-0.1514404065543309,0.1956943018460802,147.0,105.0,-0.1109163052066645,-0.0960165643323093,0.7844469384532503,0.7031983948926408,0.7031983948926408,0.51,0.54,0.57,0.585,0.585,2.0
107.0,0.9907407407407408,108.0,0.9310344827586208,116.0,1.0265486725663715,113.0,1.036697247706422,110.0,1.0,110.0,0.9821428571428572,112.0,0.5283018867924528,212.0,0.925764192139738,154.0,-0.2318091752081792,0.9979289440334478,77.0,77.0,0.8860112410735399,-0.4967379193212407,2.4269292530480877,2.298923233754431,2.298923233754431,0.43,0.4,0.47,0.495,0.495,2.0
88.0,0.5301204819277109,166.0,1.2116788321167884,137.0,1.0148148148148148,135.0,1.3775510204081634,212.0,1.1910112359550562,178.0,1.8541666666666667,96.0,0.5748502994011976,167.0,1.2748091603053435,214.0,-0.3130703806252458,0.3291636762650834,66.0,148.0,0.4536597145780612,-0.3088367334650098,0.9151032637426378,-0.0027493661416742,0.1121933385952796,0.285,0.215,0.31,0.36,0.37,2.0
89.0,0.3819742489270386,233.0,2.284313725490196,102.0,0.5483870967741935,186.0,1.207792207792208,175.0,1.7326732673267327,101.0,0.6558441558441559,154.0,1.4807692307692308,104.0,0.6081871345029239,189.0,-0.1818285852229292,0.1790241891848033,67.0,122.0,-0.1358038853265918,-0.3827737488783149,0.828096997876548,-0.7436994947288873,-0.1601981791562132,0.185,0.315,0.355,0.395,0.57,2.0
114.0,0.991304347826087,115.0,1.4024390243902438,82.0,0.543046357615894,151.0,1.51,181.0,1.989010989010989,91.0,0.6408450704225352,142.0,1.2136752136752136,117.0,1.5,179.0,-0.3072528166807983,0.6228603737729,53.0,126.0,0.5751635950027788,-2.450004054489177,0.7017201646500457,-0.2610197998112536,0.1159539513096153,0.505,0.31,0.54,0.68,0.615,2.0
154.0,1.1846153846153846,130.0,0.87248322147651,149.0,1.3796296296296295,108.0,0.6,218.0,2.0373831775700935,107.0,0.6045197740112994,177.0,1.3828125,128.0,0.992248062015504,239.0,-0.1510150491550421,0.4554188780270754,87.0,152.0,0.5771224984494095,0.4295490586012062,0.7361013289118459,0.5299727305139181,0.5299727305139181,0.535,0.57,0.58,0.595,0.595,2.0
186.0,1.0333333333333334,180.0,1.0,180.0,1.487603305785124,121.0,0.4782608695652174,230.0,1.7293233082706767,133.0,0.5,266.0,1.7615894039735098,151.0,0.5373665480427047,243.0,-0.1251262411477006,0.4753455772435482,82.0,161.0,1.1520518163884126,-0.3894535726420771,2.0813250668942405,-0.5140869897612825,-0.4773382444838471,0.315,0.275,0.34,0.395,0.585,2.0
210.0,1.1538461538461535,182.0,0.9837837837837838,185.0,1.0451977401129944,177.0,0.9619565217391304,242.0,1.0476190476190477,231.0,1.0845070422535212,213.0,1.1151832460732984,191.0,1.1169590643274854,265.0,-0.3193442728491924,0.5567179915840941,96.0,169.0,1.2615651956656262,-0.600034989658048,2.253741163107878,-0.8455877028965055,-0.3609857507151059,0.335,0.3,0.36,0.405,0.63,2.0
179.0,1.0529411764705885,170.0,0.9289617486338798,183.0,1.0701754385964912,171.0,1.0961538461538465,245.0,2.2685185185185186,108.0,0.5192307692307693,208.0,1.238095238095238,168.0,0.918032786885246,250.0,-0.2517705032660355,0.5125596631633963,79.0,171.0,1.0670673309710572,-0.4498722215295197,2.021633224483963,-0.6022175678413071,-0.5901316322939614,0.29,0.255,0.32,0.37,0.375,2.0
132.0,0.9635036496350364,137.0,1.0378787878787878,132.0,1.0232558139534884,129.0,0.9847328244274808,175.0,1.2962962962962963,135.0,0.9854014598540146,137.0,1.062015503875969,129.0,0.9923076923076924,180.0,-0.4032594852236789,0.6648053914757652,58.0,122.0,-0.5645575253528063,-0.6966317453103653,2.126681114518659,-1.3197343402352264,-0.2940570993161502,0.17,0.23,0.325,0.5,0.38,2.0
168.0,1.411764705882353,119.0,0.7345679012345679,162.0,1.4727272727272729,110.0,0.7534246575342466,170.0,1.588785046728972,107.0,0.7086092715231788,151.0,1.411214953271028,107.0,0.6445783132530121,204.0,-0.1264894135819912,0.5194427505372078,86.0,118.0,0.6579335212972119,0.3200332771183855,0.7145612228336253,-0.0853264621407901,0.5990989726721847,0.625,0.57,0.665,0.775,0.685,2.0
116.0,1.45,80.0,0.5263157894736842,152.0,1.2666666666666666,120.0,0.9917355371900828,162.0,1.3170731707317074,123.0,1.2947368421052632,95.0,0.931372549019608,102.0,0.6623376623376623,164.0,-0.2848906113140133,0.6433267883858569,51.0,113.0,0.6480213666116463,0.0978612051787877,0.7276571393177058,-0.2431425751143449,0.4659388009689955,0.6,0.49,0.635,0.79,0.675,2.0
148.0,0.9866666666666668,150.0,1.0273972602739727,146.0,1.0,146.0,1.020979020979021,206.0,1.3825503355704698,149.0,1.0492957746478873,142.0,1.0289855072463767,138.0,0.9928057553956836,210.0,-0.2536699219883218,0.3664386540855648,66.0,144.0,0.7912272890139959,-0.2811164782098672,1.796272088987887,-0.5671586962033738,-0.4942242908397539,0.295,0.25,0.315,0.365,0.38,2.0
196.0,1.7345132743362832,113.0,0.5678391959798995,199.0,1.9509803921568627,102.0,0.5024630541871922,175.0,1.7857142857142858,98.0,0.5536723163841808,177.0,1.6857142857142855,105.0,1.141304347826087,196.0,-0.1807625359573966,0.4346455327051852,74.0,122.0,0.3936050597563295,-1.9457410882681876,0.5349523162667287,-0.1571250462819959,0.3037264211929547,0.56,0.38,0.61,0.755,0.66,2.0
157.0,1.0,157.0,1.0129032258064516,155.0,0.981012658227848,158.0,0.8540540540540541,267.0,1.5344827586206897,174.0,0.9015544041450776,193.0,1.078212290502793,179.0,1.1474358974358974,241.0,0.0375449944660394,0.6229237327732262,55.0,186.0,1.0622836353068088,-0.1032041347856562,1.69644505582254,-1.9372223142207028,0.206862245088311,0.215,0.175,0.23,0.275,0.385,2.0
153.0,1.275,120.0,1.0344827586206895,116.0,1.3975903614457832,83.0,0.5220125786163522,153.0,1.2540983606557377,122.0,1.008264462809917,121.0,1.0254237288135593,118.0,0.9672131147540984,171.0,-0.3496372425399061,0.2635919212066028,64.0,107.0,0.2966832300580808,-0.3100631214342118,0.5744392980880775,-0.635085880343321,-0.3297954985068259,0.345,0.245,0.375,0.44,0.645,2.0
166.0,1.5229357798165135,109.0,0.6606060606060606,165.0,1.4224137931034482,116.0,0.7295597484276729,183.0,1.7102803738317758,107.0,0.6772151898734177,158.0,1.6288659793814433,97.0,0.6598639455782312,216.0,-0.1069850809167082,0.4584531804589723,88.0,128.0,0.5409239446678585,0.6144778921315509,0.6494611701473078,0.6336311363163076,0.2583396455347139,0.58,0.615,0.625,0.635,0.7,2.0
138.0,1.0147058823529411,136.0,1.054263565891473,129.0,0.9148936170212766,141.0,0.9791666666666666,144.0,1.1338582677165354,127.0,0.7426900584795322,171.0,1.4491525423728813,118.0,0.6629213483146067,179.0,-0.0926885111580336,0.4585596017638825,79.0,100.0,0.522082074069241,-1.9355547848016728,0.6014546328405181,-0.0252610432887195,0.5224589944636671,0.63,0.445,0.665,0.825,0.7,2.0
135.0,1.2735849056603774,106.0,0.7681159420289855,138.0,1.022222222222222,135.0,1.0975609756097562,159.0,1.2926829268292683,123.0,1.025,120.0,0.9448818897637796,127.0,0.9621212121212122,181.0,-0.1574146842086416,0.5028088602024232,70.0,111.0,0.5514428997870536,0.5751979699333871,0.6354972129633981,-0.1103228139918843,0.6056522416463892,0.585,0.605,0.63,0.805,0.645,2.0
104.0,1.223529411764706,85.0,0.3990610328638497,213.0,1.805084745762712,118.0,0.6629213483146067,166.0,1.4434782608695653,115.0,0.6216216216216216,185.0,1.7788461538461535,104.0,0.6933333333333334,189.0,-0.1078772154711155,0.5268845926624621,73.0,116.0,0.8127026180326334,0.7316984505353703,0.8363106315433264,0.4814465806382579,0.4814465806382579,0.555,0.565,0.585,0.65,0.65,2.0
176.0,1.9775280898876404,89.0,0.7606837606837606,117.0,0.6464088397790055,181.0,1.9673913043478264,164.0,0.8541666666666666,192.0,1.263157894736842,152.0,1.0482758620689656,145.0,1.858974358974359,181.0,-0.2026903200370894,0.3051767925741965,67.0,114.0,0.1947972322688121,-1.4766433761534397,0.2945483291378265,0.1160995332953876,0.178861550023833,0.55,0.37,0.6,0.63,0.635,2.0
125.0,0.5630630630630631,222.0,1.930434782608696,115.0,1.0267857142857142,112.0,0.509090909090909,95.0,0.39915966386554624,238.0,1.0672645739910314,223.0,0.9911111111111112,225.0,1.991150442477876,136.0,-0.2637199483726336,1.093900755274864,70.0,66.0,1.6673263270512264,-0.5048233420175842,2.662419621347446,-1.8695078115917405,2.279007099655676,0.485,0.44,0.515,0.755,0.55,2.0
122.0,1.150943396226415,106.0,0.7361111111111112,144.0,1.2307692307692308,117.0,0.740506329113924,146.0,1.1869918699186992,123.0,0.984,125.0,0.9398496240601504,133.0,0.9779411764705882,174.0,-0.1044269019844574,0.4564796209326013,72.0,102.0,0.5000784341022851,-1.8883455513728795,0.6081059655942376,0.5720333175025818,0.5720333175025818,0.6,0.42,0.635,0.65,0.65,2.0
146.0,1.0656934306569343,137.0,0.9647887323943662,142.0,0.953020134228188,149.0,0.9197530864197532,195.0,1.2662337662337662,154.0,0.927710843373494,166.0,0.9651162790697676,172.0,1.029940119760479,215.0,-0.3409476040086691,0.538356643849148,79.0,136.0,0.4673961138426671,0.7960383000878727,1.7067714780248289,-1.0900102277187391,-0.3794699424882005,0.35,0.405,0.43,0.61,0.76,2.0
139.0,0.879746835443038,158.0,0.7488151658767772,211.0,1.9357798165137612,109.0,0.4932126696832579,206.0,1.7166666666666666,120.0,0.6857142857142857,175.0,1.7156862745098038,102.0,0.5024630541871922,218.0,-0.1635345893195787,0.2448643896636763,74.0,144.0,-0.159299489672019,-0.2287354307277104,0.6409992519030855,-1.0467746131710531,0.2201742495862192,0.28,0.305,0.345,0.37,0.57,2.0
160.0,0.9090909090909092,176.0,0.9312169312169312,189.0,1.1595092024539877,163.0,1.0251572327044025,155.0,0.9451219512195121,164.0,0.8586387434554974,191.0,1.2993197278911566,147.0,1.0352112676056338,195.0,-0.9664709338237728,0.734678136201102,87.0,108.0,0.8925896219751572,1.1553709648763972,1.3460712970131252,-1.4177454056532726,-0.974614528455309,0.405,0.44,0.45,0.58,0.49,2.0
152.0,1.2881355932203389,118.0,0.4876033057851239,242.0,2.2,110.0,0.582010582010582,177.0,1.5663716814159292,113.0,0.6384180790960452,177.0,1.7184466019417477,103.0,0.6204819277108434,191.0,0.0016099279148572,0.5314033519817359,68.0,123.0,0.7768845352454724,-2.02796806732167,0.8613146145753109,-0.0144712033238616,0.5780695578520368,0.55,0.355,0.59,0.765,0.645,2.0
128.0,0.7619047619047619,168.0,1.3125,128.0,0.992248062015504,129.0,1.4021739130434785,169.0,1.1901408450704225,142.0,1.0441176470588236,136.0,0.9927007299270072,137.0,0.8954248366013072,177.0,-0.1976448379459658,0.3750028658256559,59.0,118.0,0.6584560174146616,-0.2375785543688903,1.174738575350323,0.0078548495837307,0.1155560036810612,0.31,0.245,0.335,0.395,0.4,2.0
176.0,1.011494252873563,174.0,1.0235294117647058,170.0,1.0365853658536586,164.0,1.2148148148148148,201.0,1.4055944055944056,143.0,1.5212765957446808,94.0,0.3208191126279863,293.0,2.1231884057971016,205.0,-0.1406854791488554,0.3749012537824167,65.0,140.0,-0.0562685376225412,-0.1419419459397397,1.3234581176470697,0.1104740721377796,0.1719170393438323,0.195,0.235,0.32,0.375,0.38,2.0
95.0,0.4008438818565401,237.0,0.8088737201365188,293.0,1.646067415730337,178.0,1.390625,146.0,1.168,125.0,0.9765625,128.0,0.920863309352518,139.0,1.1209677419354838,173.0,-0.2758005274700196,0.3808243815496219,71.0,102.0,-0.2111265441582486,-0.2808236714170798,1.107211613646098,-0.0486500935173431,0.0802817691094583,0.215,0.3,0.41,0.475,0.485,2.0
141.0,0.8493975903614458,166.0,1.4954954954954955,111.0,0.8740157480314961,127.0,1.6493506493506491,188.0,1.5666666666666667,120.0,1.1320754716981132,106.0,1.1397849462365592,93.0,0.7265625,177.0,-0.2282492823320485,0.2120131309157213,46.0,131.0,0.077691010777757,-0.0883891135438384,0.2481256498910454,-0.150036402245499,0.2207006005016153,0.45,0.4,0.5,0.595,0.515,2.0
108.0,0.6428571428571429,168.0,1.6153846153846154,104.0,0.6227544910179641,167.0,1.4396551724137931,169.0,1.1655172413793105,145.0,0.935483870967742,155.0,1.0264900662251657,151.0,1.1353383458646618,186.0,-0.0721679695982863,0.4951069422522892,68.0,118.0,0.6011211124288809,0.6069906554005529,0.7471646841453811,0.256802234169272,0.256802234169272,0.59,0.64,0.65,0.675,0.675,2.0
122.0,1.5061728395061729,81.0,0.5126582278481012,158.0,1.3166666666666669,120.0,1.0256410256410255,156.0,1.2892561983471074,121.0,0.983739837398374,123.0,1.5,82.0,0.5157232704402516,165.0,-0.0344522616248511,0.6115508089546803,56.0,109.0,0.7988340889884205,0.5004307978132648,0.8733110359630247,0.038849123132773,0.6964874554710684,0.575,0.51,0.61,0.755,0.64,2.0
95.0,0.6834532374100719,139.0,1.1487603305785123,121.0,1.0,121.0,1.2872340425531914,173.0,2.0352941176470587,85.0,0.551948051948052,154.0,1.2419354838709675,124.0,1.0163934426229508,176.0,-0.1155472743747124,0.6360329317494595,55.0,121.0,0.7112142126044052,-2.3318327913166783,0.8969395904230022,0.0078794652689448,0.7416295494766967,0.52,0.32,0.565,0.69,0.595,2.0
114.0,1.0,114.0,0.991304347826087,115.0,1.0,115.0,1.036036036036036,114.0,1.0857142857142856,105.0,0.8823529411764706,119.0,1.1226415094339623,106.0,0.8412698412698413,160.0,-0.214642027052845,0.9674997296725169,81.0,79.0,1.583070159715097,-0.5227873391955262,2.847706485424998,-0.8749014886892963,-0.3076470545136413,0.455,0.41,0.51,0.56,0.87,2.0
166.0,1.5514018691588785,107.0,0.6045197740112994,177.0,1.5803571428571428,112.0,0.6956521739130435,170.0,1.2318840579710144,138.0,1.422680412371134,97.0,0.5843373493975904,166.0,1.5229357798165135,198.0,-0.0788791246567328,0.5899548787215916,80.0,118.0,0.683334245254741,-2.318365782350061,0.8743099174994113,-0.0746654011186058,0.819963394445709,0.565,0.41,0.63,0.78,0.645,2.0
133.0,0.9925373134328358,134.0,0.9925925925925926,135.0,0.6818181818181818,198.0,1.137931034482759,151.0,0.9741935483870968,155.0,0.60546875,256.0,1.7414965986394555,147.0,0.8032786885245902,186.0,-0.6848602162976595,0.6930887459283418,81.0,105.0,0.9723621873448676,-0.4994296149616276,1.5467218904795486,-1.0361435736799631,-0.7276047427419935,0.395,0.325,0.435,0.53,0.485,2.0
204.0,1.3972602739726028,146.0,0.9668874172185432,151.0,1.0,151.0,0.9556962025316456,220.0,1.375,160.0,0.9696969696969696,165.0,1.0060975609756098,164.0,0.993939393939394,207.0,-0.1206057994838427,0.66528038054216,53.0,154.0,0.932384752965686,-0.1528084322521724,1.38708113468886,-2.088437792460546,0.2316601611755292,0.245,0.2,0.26,0.315,0.43,2.0
161.0,1.4770642201834865,109.0,0.6089385474860335,179.0,1.4435483870967742,124.0,0.7294117647058823,184.0,1.6576576576576576,111.0,0.6098901098901099,182.0,1.6851851851851851,108.0,0.7152317880794702,207.0,-0.0972925463580133,0.4438217717687659,79.0,128.0,0.5616098705378495,-1.7637166017619954,0.6713609627458373,-0.0781798594782961,0.375673659287041,0.59,0.385,0.625,0.78,0.685,2.0
173.0,0.9558011049723756,181.0,1.0,181.0,1.587719298245614,114.0,0.5253456221198156,226.0,1.8677685950413223,121.0,0.5761904761904761,210.0,1.3375796178343948,157.0,1.0902777777777777,244.0,0.1412709207499965,0.7009455814956668,86.0,158.0,1.7650667185128068,0.2704849979391849,2.861147467581672,-0.1217520699549177,-0.1217520699549177,0.325,0.29,0.355,0.4,0.4,2.0
116.0,1.4146341463414631,82.0,0.5466666666666666,150.0,1.271186440677966,118.0,0.9833333333333332,151.0,1.2583333333333333,120.0,1.0344827586206895,116.0,1.3975903614457832,83.0,0.5496688741721855,161.0,-0.1082939093187908,0.6879317741834599,56.0,105.0,0.793563779419306,0.378299565359945,0.9823522336270007,-0.086806723037489,0.38021516059983,0.56,0.47,0.605,0.795,0.685,2.0
110.0,1.02803738317757,107.0,0.9553571428571428,112.0,1.0275229357798166,109.0,1.0092592592592593,235.0,2.079646017699115,113.0,1.0462962962962965,108.0,0.972972972972973,111.0,1.009090909090909,232.0,-0.3544479223272988,0.6678740434705792,68.0,164.0,0.7419163304773991,-0.4351595570715555,2.412605500314354,-0.7473180211616843,-0.7473180211616843,0.465,0.765,0.81,0.845,0.845,2.0
144.0,1.3457943925233644,107.0,0.823076923076923,130.0,1.181818181818182,110.0,0.9243697478991596,124.0,1.2916666666666667,96.0,0.7619047619047619,126.0,1.1454545454545455,110.0,0.7586206896551724,163.0,-0.2522824820341774,0.5014519437866456,77.0,86.0,0.3047468207033381,0.0495293969868332,0.5809616244473422,0.4545826108343493,0.4545826108343493,0.64,0.625,0.695,0.73,0.73,2.0
119.0,1.4337349397590362,83.0,0.5286624203821656,157.0,1.319327731092437,119.0,1.017094017094017,153.0,1.275,120.0,0.9836065573770492,122.0,1.5443037974683544,79.0,0.5064102564102564,163.0,-0.302328943226863,0.5780397124495545,56.0,107.0,0.3554995500416003,0.051084322351405,0.5543456616694143,-0.2364784687579853,0.4924009111523094,0.565,0.475,0.62,0.77,0.645,2.0
139.0,0.9928571428571428,140.0,0.8092485549132948,173.0,0.6947791164658634,249.0,1.7412587412587412,167.0,1.5904761904761904,105.0,0.5121951219512195,205.0,1.64,125.0,0.7102272727272727,183.0,-0.2740114952484392,0.3852191123831386,67.0,116.0,-0.1977685224750557,-0.2570453548235525,1.129309421333659,-0.0148310026303277,0.1154592798482294,0.215,0.26,0.365,0.425,0.435,2.0
104.0,0.8062015503875969,129.0,0.7543859649122807,171.0,1.7272727272727273,99.0,0.5439560439560439,170.0,1.5178571428571428,112.0,0.64,175.0,1.5909090909090908,110.0,0.6010928961748634,183.0,-0.1231307385026777,0.528570627253707,65.0,118.0,0.5568567217928576,-2.1671252766570066,0.7356233301029157,0.6979850300487662,0.6979850300487662,0.53,0.355,0.585,0.6,0.6,2.0
118.0,1.4047619047619049,84.0,0.5419354838709678,155.0,1.3362068965517242,116.0,1.0,145.0,1.218487394957983,119.0,1.63013698630137,73.0,0.7525773195876289,97.0,0.521505376344086,161.0,-0.4003604026627581,0.4524313874739491,60.0,101.0,0.4779255930156907,-0.4095281978679254,1.5111035447858587,-1.396282262852436,-0.3329120727627331,0.345,0.265,0.385,0.425,0.655,2.0
116.0,1.6338028169014085,71.0,0.4152046783625731,171.0,1.4491525423728813,118.0,1.0,130.0,1.1111111111111112,117.0,1.5194805194805194,77.0,0.4782608695652174,161.0,1.61,165.0,-0.294960025533047,0.4569353459584338,74.0,91.0,0.6823545020315654,-0.2654547863866469,1.4243279156262094,-1.570440495200864,-0.1515128168316685,0.365,0.285,0.405,0.455,0.705,2.0
135.0,1.125,120.0,0.9917355371900828,121.0,1.0083333333333333,120.0,1.0344827586206895,158.0,1.3057851239669422,121.0,1.0,121.0,1.4404761904761905,84.0,0.5419354838709678,167.0,-0.2409882402819623,0.6154558723393092,57.0,110.0,0.5026300226952628,0.2596558706476419,0.7110252910305209,-0.180004050035658,0.642587552910221,0.565,0.5,0.615,0.75,0.635,2.0
90.0,0.5960264900662252,151.0,0.5992063492063492,252.0,1.6153846153846154,156.0,1.0263157894736843,166.0,1.2116788321167884,137.0,0.9927536231884058,138.0,1.4838709677419355,93.0,0.5054347826086957,175.0,-0.2349503419479345,0.393914356707285,59.0,116.0,-0.2119254815356486,-0.2271164951312741,1.1653875630802029,0.0726099889051436,0.1997873420759948,0.215,0.25,0.34,0.4,0.41,2.0
184.0,2.0444444444444443,90.0,0.6923076923076923,130.0,1.007751937984496,129.0,1.5925925925925926,181.0,2.033707865168539,89.0,0.55625,160.0,1.5841584158415842,101.0,0.7651515151515151,184.0,-0.1103360023492253,0.2382883886572711,58.0,126.0,-0.0803002873363142,-0.1447772604031371,1.130634272393675,-0.5138424191565275,-0.2150706051086641,0.19,0.265,0.32,0.355,0.545,2.0
158.0,1.0193548387096774,155.0,0.96875,160.0,1.6842105263157894,95.0,0.3861788617886179,222.0,1.3788819875776397,161.0,0.9415204678362572,171.0,1.0301204819277108,166.0,1.0573248407643312,221.0,-0.1673470055935676,0.2827089125161452,66.0,155.0,0.5525263428000341,-0.2699081303926627,1.372358754820236,-0.5476702523253787,-0.060866050053554,0.28,0.26,0.3,0.345,0.525,2.0
120.0,1.5,80.0,0.5,160.0,1.2698412698412698,126.0,1.0327868852459017,162.0,1.3388429752066116,121.0,1.0083333333333333,120.0,1.5384615384615383,78.0,0.484472049689441,169.0,-0.2723884978812866,0.6318582755233746,56.0,113.0,0.5717050035937072,0.2457746821094266,0.7006520237955374,-0.1629396984924622,0.4085513878028663,0.555,0.47,0.59,0.725,0.64,2.0
112.0,0.6021505376344086,186.0,1.55,120.0,0.6593406593406593,182.0,1.6545454545454543,228.0,2.0727272727272728,110.0,0.6547619047619048,168.0,1.4867256637168142,113.0,0.6686390532544378,227.0,-0.0308216045323883,0.2987451526181726,68.0,159.0,0.082109986463082,-0.2500815851117824,0.8306118935241404,-0.6361331194820375,-0.2247373269001953,0.2,0.265,0.3,0.34,0.455,2.0
111.0,1.4415584415584417,77.0,0.4753086419753086,162.0,1.8837209302325584,86.0,0.6099290780141844,128.0,1.1636363636363636,110.0,0.9734513274336284,113.0,1.118811881188119,101.0,1.2317073170731707,157.0,-0.4206304850975004,0.4130946562130196,68.0,89.0,0.4978095308275992,-0.2745746389960967,1.1270658756626155,-1.675682093336503,-0.4831214626460275,0.35,0.305,0.39,0.435,0.655,2.0
136.0,1.1147540983606556,122.0,0.9037037037037036,135.0,1.0150375939849623,133.0,0.9779411764705882,147.0,1.3867924528301887,106.0,0.6928104575163399,153.0,1.4166666666666667,108.0,0.6792452830188679,179.0,-0.0354356228139407,0.4553142537532813,77.0,102.0,0.4539070628337108,0.1521731728141361,0.9785235863877288,0.4670266338438708,0.4670266338438708,0.585,0.555,0.665,0.685,0.685,2.0
116.0,0.5225225225225225,222.0,0.956896551724138,232.0,1.0175438596491229,228.0,1.982608695652174,117.0,1.073394495412844,109.0,0.981981981981982,111.0,1.1935483870967742,93.0,1.1071428571428572,162.0,-0.0303603903853911,0.8743706591158505,81.0,81.0,1.3582612421191451,-0.3798310712351725,2.895204982699592,-0.6583097033216117,0.0019877085359482,0.455,0.415,0.5,0.555,0.87,2.0
177.0,1.0172413793103448,174.0,1.6261682242990654,107.0,0.4331983805668016,247.0,1.4114285714285717,262.0,1.5057471264367817,174.0,1.029585798816568,169.0,1.4955752212389382,113.0,0.4154411764705882,262.0,-0.0801622719006913,0.3024446407607386,79.0,183.0,0.2895984195279245,0.4641682079850531,0.513305723699564,0.4060945491657542,0.4060945491657542,0.49,0.535,0.545,0.565,0.565,2.0
155.0,1.1567164179104477,134.0,0.7052631578947368,190.0,1.0555555555555556,180.0,1.2765957446808511,172.0,1.2374100719424461,139.0,1.045112781954887,133.0,0.764367816091954,174.0,0.7073170731707317,183.0,-0.2302173947099607,0.3821634624372323,63.0,120.0,0.7382656702444795,-0.2067185901538159,1.1610654082902383,0.0335979698963419,0.1820397931217657,0.325,0.26,0.345,0.405,0.415,2.0
184.0,1.3049645390070923,141.0,0.5183823529411765,272.0,1.0225563909774436,266.0,2.1451612903225805,230.0,1.7164179104477613,134.0,0.9710144927536232,138.0,1.5164835164835164,91.0,0.4044444444444444,229.0,-0.0234988737214736,0.3524698674216442,68.0,161.0,0.8898929725399208,-0.0320802769213156,1.2790488523631522,0.2459968684871049,0.2910809793049713,0.275,0.21,0.295,0.345,0.35,2.0
118.0,0.975206611570248,121.0,1.0168067226890756,119.0,0.9916666666666668,120.0,1.0434782608695652,143.0,1.2327586206896552,116.0,1.6338028169014085,71.0,0.4152046783625731,171.0,1.4491525423728813,165.0,-0.5701524415563934,0.4485180163853167,65.0,100.0,0.2565601254658126,-0.5402116329603651,1.3453390742521296,-1.7305416993473406,-0.4313133558970433,0.36,0.285,0.4,0.445,0.705,2.0
136.0,1.0149253731343284,134.0,0.8271604938271605,162.0,1.173913043478261,138.0,0.71875,191.0,1.2733333333333334,150.0,1.0638297872340423,141.0,1.0,141.0,0.986013986013986,226.0,-0.0204667615004864,0.3969144649255071,93.0,133.0,0.5119502640007,0.535,0.5844535948379584,0.5385570255561188,0.4823745558611376,0.6,0.64,0.655,0.665,0.685,2.0
116.0,1.432098765432099,81.0,0.5225806451612903,155.0,1.28099173553719,121.0,1.0168067226890756,152.0,1.2666666666666666,120.0,1.0256410256410255,117.0,1.1142857142857143,105.0,0.8015267175572519,164.0,-0.2463474887247435,0.5976428132367471,58.0,106.0,-0.1476208034503645,-0.1372568394419137,0.7060889596322177,-2.322805529498642,0.2452007853651659,0.235,0.255,0.305,0.36,0.515,2.0
168.0,1.4608695652173913,115.0,0.732484076433121,157.0,1.4952380952380953,105.0,0.6402439024390244,176.0,1.6761904761904762,105.0,0.6730769230769231,156.0,1.5294117647058822,102.0,0.6986301369863014,211.0,-0.0522554170296046,0.4938550168851542,88.0,123.0,0.5590817733782172,-0.4846854518163196,0.9547256659994454,0.6322835879933674,0.6676622411752275,0.58,0.495,0.65,0.665,0.67,2.0
127.0,0.8300653594771242,153.0,1.5,102.0,0.6891891891891891,148.0,1.3333333333333333,144.0,1.3584905660377358,106.0,0.6503067484662577,163.0,1.304,125.0,0.9765625,183.0,-0.0832198793296438,0.5122269957331866,83.0,100.0,0.6321637913117809,-1.9434961883197488,0.744780634969471,0.7298671472957419,0.7298671472957419,0.655,0.455,0.695,0.71,0.71,2.0
117.0,0.9915254237288136,118.0,0.9833333333333332,120.0,1.5,80.0,0.5228758169934641,139.0,1.139344262295082,122.0,1.0427350427350428,117.0,1.1938775510204085,98.0,0.6853146853146853,165.0,-0.621898535158235,0.4876202176662201,68.0,97.0,0.4947606971276389,-0.3765483449595477,1.1801984850943976,-1.6098562761831958,-0.9621728052992308,0.38,0.32,0.415,0.46,0.59,2.0
182.0,0.9479166666666666,192.0,1.4222222222222225,135.0,0.6958762886597938,194.0,1.0210526315789474,191.0,1.0730337078651686,178.0,1.9777777777777776,90.0,0.5521472392638037,163.0,1.1398601398601398,200.0,-0.0918886711426409,0.3512315722999498,67.0,133.0,-0.0596474352757896,-0.0606474186601307,1.2571369745043302,0.1939213842841146,0.3381170332727564,0.23,0.24,0.33,0.39,0.395,2.0
240.0,0.7843137254901961,306.0,2.25,136.0,0.9379310344827586,145.0,1.6477272727272727,210.0,1.5555555555555556,135.0,0.8333333333333334,162.0,0.5765124555160143,281.0,1.898648648648649,226.0,-0.1962039438999891,0.2770159781837,79.0,147.0,0.4617866115977238,-0.1749153175924475,0.8470200244945035,-0.0934620556603563,-0.0538443512863842,0.325,0.26,0.35,0.405,0.41,2.0
144.0,1.263157894736842,114.0,0.7215189873417721,158.0,1.5047619047619047,105.0,0.6140350877192983,157.0,1.7065217391304348,92.0,0.5897435897435898,156.0,1.3565217391304347,115.0,0.777027027027027,188.0,-0.222587104371302,0.4295721616194362,79.0,109.0,0.4407710248437737,0.3266541183366347,0.5208408471236041,0.3430695211144255,0.3430695211144255,0.59,0.605,0.65,0.695,0.695,2.0
214.0,1.9107142857142856,112.0,0.4890829694323144,229.0,1.8617886178861789,123.0,0.4606741573033708,259.0,1.7862068965517242,145.0,0.5776892430278885,251.0,2.024193548387097,124.0,0.5610859728506787,258.0,-0.1717928043373968,0.5487603950038974,77.0,181.0,0.9493716728954532,-0.352423134026647,2.3932620258526405,-0.6972967307800606,-0.6561986034601746,0.27,0.24,0.3,0.36,0.375,2.0
117.0,1.4096385542168677,83.0,0.5496688741721855,151.0,1.2583333333333333,120.0,0.9917355371900828,153.0,1.2439024390243902,123.0,1.0695652173913044,115.0,1.3855421686746987,83.0,0.5533333333333333,163.0,-0.0033598913957546,0.6042880678853529,56.0,107.0,0.7560929420373843,0.3300840022749139,0.9636468399470696,0.0516213365484769,0.133519651364964,0.56,0.47,0.61,0.765,0.735,2.0
100.0,0.4672897196261682,214.0,1.963302752293578,109.0,0.4638297872340425,235.0,1.3202247191011236,230.0,1.3068181818181819,176.0,1.0232558139534884,172.0,1.0886075949367089,158.0,0.9349112426035504,234.0,-0.0335321780122811,0.3201315422249813,73.0,161.0,0.367527552358568,0.3782348282389924,0.4143272942190004,0.2774826958160707,0.3727246407302544,0.5,0.52,0.53,0.58,0.555,2.0
125.0,1.3020833333333333,96.0,0.5363128491620112,179.0,1.3875968992248062,129.0,0.80625,207.0,1.3986486486486487,148.0,1.064748201438849,139.0,1.139344262295082,122.0,1.207920792079208,206.0,-0.193483968640178,0.3680568610935726,62.0,144.0,0.7851264680945824,-0.228132687287782,1.3103682616749532,0.0537438539237195,0.0537438539237195,0.28,0.225,0.3,0.355,0.355,2.0
157.0,2.242857142857143,70.0,0.4242424242424242,165.0,1.7934782608695652,92.0,0.609271523178808,158.0,1.2845528455284554,123.0,1.0423728813559323,118.0,1.6388888888888888,72.0,0.4337349397590361,165.0,-0.2782222901489164,0.6430079618180201,55.0,110.0,0.4812541720596734,0.1300726971309889,0.7546232204329659,-0.2253286439897358,0.3550679997349452,0.54,0.455,0.595,0.765,0.655,2.0
199.0,1.474074074074074,135.0,0.9854014598540146,137.0,1.4891304347826086,92.0,0.6013071895424836,170.0,0.7692307692307693,221.0,1.4932432432432432,148.0,1.1297709923664123,131.0,1.0,187.0,-0.1737488893561362,0.3970467556406512,69.0,118.0,0.6462306175884973,-0.0271425664726896,1.2664761067701318,0.1180247379778965,0.2969732102865555,0.34,0.31,0.365,0.425,0.44,2.0
179.0,1.6272727272727272,110.0,0.6790123456790124,162.0,1.542857142857143,105.0,0.625,139.0,1.3365384615384615,104.0,0.5842696629213483,178.0,1.459016393442623,122.0,0.7134502923976608,167.0,-0.0003902016785002,0.5378807020138933,70.0,97.0,0.7627894884810963,0.7903338960672553,0.8131843292130463,0.7972442137635981,0.7972442137635981,0.64,0.67,0.68,0.695,0.695,2.0
122.0,1.605263157894737,76.0,0.4662576687116564,163.0,1.369747899159664,119.0,1.0084745762711864,163.0,1.3360655737704918,122.0,1.0,122.0,1.6944444444444444,72.0,0.4444444444444444,165.0,-0.3633977930601243,0.6454452501509214,51.0,114.0,-0.3619567744094791,-0.3429623795431536,0.6886266509973922,-2.4786549940815394,0.2410738052558522,0.23,0.255,0.315,0.37,0.545,2.0
149.0,1.146153846153846,130.0,0.8227848101265823,158.0,1.5490196078431373,102.0,0.723404255319149,159.0,1.272,125.0,1.016260162601626,123.0,0.9389312977099236,131.0,1.0,195.0,-0.2808428789472808,0.4410547394408731,84.0,111.0,0.3479725641230429,0.3663781854877895,0.392364262389633,-0.4097223476532586,0.3332178529190089,0.61,0.65,0.66,0.78,0.675,2.0
106.0,0.5221674876847291,203.0,1.2767295597484276,159.0,1.5436893203883495,103.0,0.4598214285714285,221.0,1.3393939393939394,165.0,1.0443037974683544,158.0,1.0063694267515924,157.0,1.097902097902098,218.0,-0.4161133194582387,0.3469319268982976,64.0,154.0,0.3969027108655799,-0.5564906125334121,1.4617536539837976,-0.5865101919066327,-0.5216397580615869,0.275,0.255,0.295,0.34,0.505,2.0
115.0,0.9913793103448276,116.0,1.045045045045045,111.0,0.8671875,128.0,1.0756302521008403,155.0,1.3135593220338984,118.0,1.0535714285714286,112.0,1.4,80.0,0.5063291139240507,163.0,-0.2303360329277517,0.6531182474381892,55.0,108.0,0.5692704697272329,0.6356333430323091,0.8671045048450767,0.7188659999299336,0.7188659999299336,0.57,0.595,0.625,0.645,0.645,2.0
112.0,1.3658536585365857,82.0,0.5540540540540541,148.0,1.494949494949495,99.0,0.7443609022556391,162.0,1.6701030927835052,97.0,0.7238805970149254,134.0,1.3535353535353536,99.0,0.75,182.0,-0.2874541429064527,0.7527399679105642,69.0,113.0,0.7909193979096685,-2.454857282847403,1.016830716898592,-0.0564435719863042,0.4067906500828602,0.58,0.385,0.62,0.77,0.69,2.0
138.0,1.0298507462686568,134.0,0.8481012658227848,158.0,1.0463576158940395,151.0,1.0272108843537415,198.0,1.736842105263158,114.0,0.5089285714285714,224.0,1.4088050314465408,159.0,1.1357142857142857,208.0,-0.2503059088208157,0.5330196337684779,70.0,138.0,0.4585048336803893,0.2591301148388065,0.5420854271356784,-0.3330948078859873,0.3017120173329543,0.53,0.475,0.57,0.755,0.625,2.0
157.0,1.2975206611570247,121.0,0.9758064516129032,124.0,0.9185185185185184,135.0,1.0305343511450382,166.0,1.328,125.0,1.024590163934426,122.0,0.9682539682539684,126.0,1.2233009708737863,164.0,-0.0375518637780509,0.2205309114279954,48.0,116.0,0.2937471377592253,-0.6864354908399622,0.4320850653263496,0.4221563516799508,0.368957210347715,0.505,0.3,0.545,0.555,0.58,2.0
145.0,1.5425531914893618,94.0,0.5193370165745856,181.0,1.167741935483871,155.0,1.534653465346535,184.0,1.4488188976377954,127.0,0.8581081081081081,148.0,1.574468085106383,94.0,0.5371428571428571,189.0,-0.1823542970452557,0.4443458601512594,61.0,128.0,-0.0745750380989878,-0.1936413878308341,1.4503541926564465,0.179625462328413,0.2791699593513724,0.18,0.235,0.32,0.38,0.385,2.0
217.0,0.9908675799086758,219.0,2.0277777777777777,108.0,1.0,108.0,1.0,127.0,0.5772727272727273,220.0,1.0,220.0,1.0232558139534884,215.0,0.9862385321100916,151.0,-0.3851252911401804,0.9915596396569534,63.0,88.0,0.7883208218572173,-0.6196720999453884,2.3531208683743188,-1.91142904569676,2.101832059836923,0.445,0.415,0.485,0.72,0.51,2.0
229.0,0.9015748031496064,254.0,0.958490566037736,265.0,1.1181434599156117,237.0,1.0085106382978724,121.0,0.7076023391812866,171.0,0.8769230769230769,195.0,0.9701492537313432,201.0,0.9136363636363636,160.0,-0.5805495520471582,0.3955990860892864,76.0,84.0,-0.4055950016982745,-0.7178492080045663,0.8180969992680145,-0.44333250829279,-0.2918727248204075,0.415,0.37,0.475,0.53,0.54,2.0
229.0,1.8617886178861789,123.0,0.4606741573033708,267.0,2.1885245901639343,122.0,0.5147679324894515,251.0,2.024193548387097,124.0,0.5610859728506787,221.0,1.8888888888888888,117.0,0.5109170305676856,276.0,-0.1481158522621628,0.5765535857107007,101.0,175.0,1.620356440186675,-0.3432137157706866,2.4908527610831306,-0.6151437675821247,-0.3150449720423815,0.345,0.305,0.365,0.425,0.64,2.0
162.0,1.4727272727272729,110.0,0.7534246575342466,146.0,1.4174757281553398,103.0,0.639751552795031,151.0,1.411214953271028,107.0,0.6445783132530121,166.0,1.456140350877193,114.0,0.6195652173913043,179.0,-0.1607232947060946,0.4466538781835347,74.0,105.0,0.3290876652314751,-1.95022717544654,0.5889100248679475,-0.1672661974964328,0.5535887407720399,0.57,0.415,0.64,0.805,0.655,2.0
197.0,1.7589285714285714,112.0,0.7088607594936709,158.0,1.5047619047619047,105.0,0.6907894736842105,157.0,1.4811320754716981,106.0,0.6424242424242425,165.0,1.5566037735849056,106.0,0.6385542168674698,190.0,-0.1257275962475162,0.4302218585903182,81.0,109.0,0.6616800889270229,0.57349944397551,0.6806706109063829,0.5034227840598187,0.5034227840598187,0.605,0.64,0.65,0.67,0.67,2.0
76.0,0.2923076923076923,260.0,1.4285714285714286,182.0,0.9680851063829788,188.0,1.032967032967033,286.0,1.6342857142857143,175.0,1.0802469135802468,162.0,1.0588235294117647,153.0,1.0,256.0,-0.1876660424168744,0.6139504774015625,56.0,200.0,-0.4523996777307614,-0.1926894218091967,1.533515317099967,-2.005701455136747,0.0820042116259925,0.125,0.18,0.22,0.275,0.37,2.0
174.0,1.0807453416149069,161.0,1.0254777070063694,157.0,0.9751552795031057,161.0,0.936046511627907,228.0,1.4339622641509433,159.0,0.9754601226993864,163.0,0.953216374269006,171.0,1.0426829268292683,215.0,-0.1911611052578563,0.6165663848611797,56.0,159.0,1.0595654373546215,-0.1397285347986217,1.6631471074699915,-2.102546052147685,0.3699196578418836,0.25,0.22,0.265,0.32,0.465,2.0
212.0,1.1910112359550562,178.0,1.8541666666666667,96.0,0.5748502994011976,167.0,1.2748091603053435,184.0,1.218543046357616,151.0,1.495049504950495,101.0,0.5642458100558659,179.0,1.3065693430656935,195.0,-0.2328692616991259,0.358182334163713,67.0,128.0,-0.1335048354193133,-0.1597787892554858,0.968972302103534,0.1203871405288622,0.1706335416097805,0.21,0.25,0.345,0.4,0.405,2.0
121.0,1.6575342465753424,73.0,0.45625,160.0,1.3333333333333333,120.0,1.0,159.0,1.2619047619047619,126.0,1.0677966101694916,118.0,1.475,80.0,0.5263157894736842,165.0,-0.2468069221616735,0.5989137673594702,54.0,111.0,-0.2123800682313583,-0.2230467192752779,0.7647920513004766,-2.2596085889398223,0.2452275589646096,0.205,0.225,0.285,0.34,0.485,2.0
154.0,1.4,110.0,0.6918238993710691,159.0,1.407079646017699,113.0,0.7687074829931972,150.0,1.530612244897959,98.0,0.6012269938650306,163.0,1.044871794871795,156.0,1.0196078431372548,180.0,-0.0830958776456611,0.4823382155591943,75.0,105.0,0.4804691971063682,0.2839978328187524,0.7688173004174896,-0.0237289276953337,0.5399397184199027,0.565,0.54,0.625,0.76,0.675,2.0
130.0,1.181818181818182,110.0,0.9243697478991596,119.0,1.017094017094017,117.0,0.9069767441860463,126.0,1.1454545454545455,110.0,0.7586206896551724,145.0,1.3679245283018868,106.0,0.7162162162162162,155.0,-0.1470299156011347,0.5899185682669342,67.0,88.0,0.7695188367520949,-2.21798273047326,0.8593501550608789,-0.1804109815257325,0.6246456647073436,0.635,0.435,0.67,0.86,0.71,2.0
116.0,1.4146341463414631,82.0,0.6259541984732825,131.0,1.0826446280991735,121.0,1.0083333333333333,144.0,1.2100840336134453,119.0,1.0258620689655171,116.0,1.288888888888889,90.0,0.6338028169014085,163.0,-0.2204708324390624,0.4399431418189533,63.0,100.0,0.5040442998314498,-0.1114166671616695,1.572092255100168,-1.449415427172912,-0.1626786211789035,0.35,0.305,0.395,0.435,0.66,2.0
197.0,1.3310810810810811,148.0,1.049645390070922,141.0,0.94,150.0,1.1029411764705883,108.0,0.574468085106383,188.0,1.807692307692308,104.0,0.7074829931972789,147.0,1.348623853211009,155.0,-0.075085122415773,0.564946710403375,80.0,75.0,0.6335538057327895,-1.993050761100785,0.7554808886907233,0.7487074827103637,0.4211597742416115,0.75,0.52,0.795,0.805,0.875,2.0
163.0,1.613861386138614,101.0,0.5642458100558659,179.0,1.7047619047619047,105.0,0.5526315789473685,168.0,1.6153846153846154,104.0,0.6227544910179641,167.0,1.4396551724137931,116.0,0.5603864734299517,192.0,0.0130615420604084,0.4903828789721969,75.0,117.0,0.7934760084140228,0.7657254990944948,0.8016702439617571,0.0638729571721221,0.5726478853527396,0.63,0.655,0.665,0.775,0.685,2.0
110.0,0.5092592592592593,216.0,1.8,120.0,0.6382978723404256,188.0,1.9381443298969072,197.0,1.3310810810810811,148.0,1.049645390070922,141.0,0.94,150.0,1.1029411764705883,218.0,-0.0871117337113724,0.1988963849196814,81.0,137.0,0.0152318569094493,-0.0691607453237118,0.92993837826418,-0.6974634305220259,-0.0511291700572306,0.195,0.305,0.375,0.42,0.63,2.0
184.0,1.2602739726027397,146.0,0.7849462365591398,186.0,0.7654320987654321,243.0,1.2857142857142858,177.0,1.2826086956521738,138.0,1.0615384615384615,130.0,1.4606741573033708,89.0,0.577922077922078,194.0,-0.2318979348775247,0.3600501224956925,71.0,123.0,-0.2182474320003609,-0.2037691006185273,1.088960807426665,0.0070224594007411,0.1665968744226604,0.265,0.29,0.365,0.425,0.435,2.0
178.0,0.89,200.0,1.5625,128.0,0.5844748858447488,219.0,1.3272727272727274,219.0,1.36875,160.0,0.9248554913294798,173.0,0.9202127659574468,188.0,1.0502793296089383,225.0,-0.1522080947833998,0.2969475237241754,72.0,153.0,0.2145035937323045,0.3162389020434333,0.3599942332489537,0.3356943551191569,0.1336442061154114,0.515,0.555,0.575,0.585,0.63,2.0
151.0,0.9320987654320988,162.0,0.9473684210526316,171.0,0.9827586206896552,174.0,0.956043956043956,266.0,1.5739644970414202,169.0,1.049689440993789,161.0,1.0320512820512822,156.0,1.0612244897959184,243.0,-0.1800282137691433,0.5248112301448857,57.0,186.0,0.7843988975730979,-1.6902773893393146,0.999687245694244,-0.1429255040234694,0.8922468549007729,0.46,0.295,0.49,0.605,0.505,2.0
126.0,1.0161290322580645,124.0,1.2783505154639174,97.0,0.5739644970414202,169.0,1.3,156.0,0.9397590361445783,166.0,1.6116504854368932,103.0,0.5885714285714285,175.0,1.3358778625954195,173.0,-0.0927523136857073,0.3867444612697623,64.0,109.0,0.7340537611387028,-0.1266348963203911,1.283280394484465,0.1658654279510503,0.3155744734142011,0.345,0.265,0.37,0.435,0.445,2.0
165.0,0.9880239520958084,167.0,1.518181818181818,110.0,0.4247104247104247,259.0,2.3545454545454545,244.0,2.3689320388349513,103.0,0.4598214285714285,224.0,1.3254437869822486,169.0,0.9285714285714286,257.0,-0.3206492574698024,0.5042699172094832,87.0,170.0,0.9981408332834169,-0.5399704954380387,1.985603091751167,-0.8669647397773221,-0.7323486793378975,0.315,0.28,0.34,0.405,0.585,2.0
159.0,1.382608695652174,115.0,0.8394160583941606,137.0,1.4891304347826086,92.0,0.46,153.0,1.3660714285714286,112.0,0.7724137931034483,145.0,1.4646464646464648,99.0,0.4876847290640394,173.0,-0.2904672660752841,0.4077773270696821,66.0,107.0,0.6666668752404711,-0.2738080214038242,1.0675361838730275,-0.0178018563006228,0.0831597606319785,0.36,0.275,0.38,0.45,0.46,2.0
151.0,1.0486111111111112,144.0,1.5157894736842106,95.0,0.4279279279279279,222.0,1.3788819875776397,218.0,1.3212121212121213,165.0,0.9593023255813954,172.0,1.095541401273885,157.0,1.4952380952380953,214.0,-0.1658493962156222,0.2794658929581395,62.0,152.0,-0.10629145259655,-0.2491435786617721,1.2437696260061026,-0.4084538775916024,0.1140772196610485,0.2,0.25,0.285,0.33,0.49,2.0
212.0,1.944954128440367,109.0,0.4823008849557522,226.0,1.9824561403508767,114.0,0.4615384615384615,265.0,1.8531468531468531,143.0,0.5860655737704918,244.0,2.2181818181818183,110.0,0.514018691588785,276.0,-0.1900905756887218,0.5239582335644223,91.0,185.0,1.0677868866562537,-0.3576678237503758,2.162654233920547,-0.6237387325147727,-0.6237387325147727,0.3,0.27,0.33,0.39,0.39,2.0
165.0,1.4224137931034482,116.0,0.7295597484276729,159.0,1.485981308411215,107.0,0.7379310344827587,158.0,1.6288659793814433,97.0,0.6598639455782312,147.0,1.2672413793103448,116.0,0.6444444444444445,184.0,-0.107219698634392,0.4780604838487602,74.0,110.0,0.5863753428502485,-2.0231062251920005,0.6965445577226193,0.6506411265911493,0.6773212819667447,0.585,0.405,0.62,0.63,0.635,2.0
150.0,0.9554140127388536,157.0,0.9691358024691358,162.0,0.9585798816568049,169.0,1.0764331210191085,198.0,1.2857142857142858,154.0,1.811764705882353,85.0,0.4166666666666667,204.0,1.5,224.0,-0.392034350039916,0.2958477617467908,86.0,138.0,-0.0980798282919418,-0.6817347289294922,0.4579487778845117,-1.045164015605203,0.183824251327574,0.26,0.355,0.375,0.425,0.62,2.0
127.0,1.0854700854700854,117.0,1.5394736842105263,76.0,0.5066666666666667,150.0,1.5463917525773196,151.0,1.5252525252525253,99.0,0.717391304347826,138.0,1.1596638655462186,119.0,1.5657894736842106,159.0,-0.451198503081051,0.639669076585963,54.0,105.0,0.3413757466162267,0.0016655667435415,0.5521937591289143,-0.4025809914309191,0.2704488547339559,0.54,0.465,0.595,0.775,0.645,2.0
158.0,1.0748299319727892,147.0,0.9932432432432432,148.0,1.6263736263736264,91.0,0.4354066985645933,212.0,1.3417721518987342,158.0,1.0193548387096774,155.0,1.019736842105263,152.0,0.9047619047619048,211.0,-0.2555590705701783,0.3176673713061471,63.0,148.0,-0.2036911483484573,-0.3381035413332622,1.3447815494411546,-0.6478151231467861,0.0481417502590726,0.17,0.26,0.3,0.35,0.525,2.0
217.0,1.8869565217391304,115.0,1.0087719298245614,114.0,1.0555555555555556,108.0,0.9391304347826088,107.0,0.981651376146789,109.0,0.9646017699115044,113.0,1.0,113.0,1.036697247706422,153.0,-0.2913940399000583,1.0200357534266136,79.0,74.0,0.9922733124039465,-0.533960266243905,2.4250000000000003,-1.8994482948205489,2.4002844087152506,0.45,0.415,0.485,0.71,0.51,2.0
154.0,1.1,140.0,1.0144927536231885,138.0,1.2105263157894737,114.0,0.8837209302325582,222.0,1.5,148.0,1.6629213483146068,89.0,0.4540816326530612,196.0,1.8148148148148149,225.0,-0.0575561785102534,0.1734226733763505,70.0,155.0,0.1044202896794577,0.0083757438598222,0.6125438473390518,-0.8153676655250013,0.1608330897264002,0.28,0.295,0.32,0.34,0.55,2.0
121.0,1.0168067226890756,119.0,1.4875,80.0,0.5095541401273885,157.0,1.319327731092437,89.0,0.49171270718232046,181.0,1.9052631578947368,95.0,0.6551724137931034,145.0,1.2083333333333333,119.0,-0.2888683810316894,0.7003685612739823,57.0,62.0,-0.4350426593174223,-0.778446338741069,0.69878766817762,-2.282742390669246,0.2958979095765462,0.255,0.15,0.42,0.49,0.72,2.0
264.0,2.3157894736842106,114.0,0.5533980582524272,206.0,1.855855855855856,111.0,0.5,223.0,1.8739495798319328,119.0,0.5129310344827587,232.0,1.886178861788618,123.0,0.5324675324675324,230.0,-0.14599221069347,0.4582989754753795,74.0,156.0,1.0795312189740378,-0.2190152768211062,1.8213568456359743,-0.5692643316329222,-0.4990934767210726,0.3,0.265,0.325,0.385,0.575,2.0
166.0,1.2481203007518795,133.0,1.047244094488189,127.0,0.8410596026490066,151.0,1.0863309352517985,237.0,1.5592105263157894,152.0,1.1014492753623188,138.0,1.422680412371134,97.0,0.5808383233532934,228.0,-0.2934856473362244,0.35560116641339,63.0,165.0,0.7439323006259564,-0.2720135730199972,1.1411681519322194,-0.040949435932467,0.0724693657238316,0.26,0.195,0.275,0.325,0.33,2.0
118.0,0.6519337016574586,181.0,1.547008547008547,117.0,0.73125,160.0,1.568627450980392,171.0,1.401639344262295,122.0,0.6931818181818182,176.0,1.6761904761904762,105.0,0.6481481481481481,210.0,-0.1739091231431494,0.5610900478412936,91.0,119.0,1.365435361618474,-0.2426692103845318,1.962303064109055,-0.9766344245074235,-0.4005286464554568,0.415,0.33,0.44,0.625,0.735,2.0
142.0,1.0597014925373134,134.0,1.0634920634920637,126.0,1.0,126.0,0.9,151.0,1.495049504950495,101.0,0.5906432748538012,171.0,1.4869565217391305,115.0,0.9126984126984128,183.0,-0.0661386613602608,0.4318296708639432,78.0,105.0,0.5970525171837774,0.5727980680894872,0.7127705569559172,0.5295859962548728,0.5295859962548728,0.59,0.625,0.64,0.655,0.655,2.0
228.0,1.3652694610778444,167.0,0.9382022471910112,178.0,1.0229885057471264,174.0,1.029585798816568,227.0,1.3352941176470587,170.0,1.069182389937107,159.0,0.9754601226993864,163.0,0.9702380952380952,241.0,-0.2305646237628059,0.5387323907631094,83.0,158.0,1.2111947758681627,-0.4816239003136437,2.280428622155605,-0.6706276610976695,-0.5129131239566379,0.32,0.285,0.35,0.4,0.61,2.0
173.0,1.6320754716981132,106.0,0.5608465608465608,189.0,1.75,108.0,0.6666666666666666,183.0,1.2281879194630871,149.0,0.9933333333333332,150.0,1.0,150.0,1.0714285714285714,194.0,-0.2007862642110846,0.4955952260583189,66.0,128.0,0.4345634709905345,-2.1741423167132963,0.5843323261494308,0.5829427851420307,0.5829427851420307,0.52,0.345,0.57,0.585,0.585,2.0
223.0,0.9911111111111112,225.0,1.991150442477876,113.0,0.982608695652174,115.0,0.5275229357798165,112.0,1.0467289719626167,107.0,0.9553571428571428,112.0,0.9655172413793104,116.0,1.0642201834862386,155.0,-0.233179357829989,1.0546346680438214,77.0,78.0,1.2900017032823254,-0.6090012004958183,2.459885192319148,-1.142184902735799,-0.313853623829539,0.435,0.395,0.495,0.555,0.86,2.0
107.0,0.9553571428571428,112.0,1.018181818181818,110.0,1.0091743119266054,109.0,0.9646017699115044,115.0,0.5275229357798165,218.0,0.986425339366516,221.0,0.9778761061946902,226.0,1.0272727272727271,155.0,-0.0039405105710158,0.9001972713366792,75.0,80.0,1.1622037011592876,-0.3148032933367702,2.7891588890337458,-0.7195062615879594,-0.4093963609419604,0.435,0.405,0.49,0.55,0.795,2.0
118.0,1.145631067961165,103.0,0.4103585657370518,251.0,2.145299145299145,117.0,0.9669421487603306,144.0,1.170731707317073,123.0,1.0165289256198349,121.0,1.0168067226890756,119.0,1.0258620689655171,169.0,-0.3248681537134919,0.4513774371522681,69.0,100.0,0.7808526823889432,-0.2754987562880182,1.5020652628854172,-1.5713277588932415,-0.3062210569897146,0.385,0.305,0.415,0.46,0.67,2.0
172.0,0.9662921348314608,178.0,1.04093567251462,171.0,0.890625,192.0,1.037837837837838,240.0,2.0689655172413794,116.0,0.5345622119815668,217.0,2.047169811320755,106.0,0.4690265486725664,251.0,-0.1406586502606022,0.5151650546378048,83.0,168.0,0.9402637746723336,-0.351141186574376,2.2469322774945133,-0.6630264109969147,-0.4393777562985702,0.3,0.27,0.33,0.41,0.575,2.0
196.0,1.101123595505618,178.0,0.967391304347826,184.0,1.6576576576576576,111.0,0.5162790697674419,220.0,2.0952380952380953,105.0,0.4338842975206611,242.0,1.847328244274809,131.0,0.4888059701492537,242.0,-0.0486079753752605,0.5922143005000973,88.0,154.0,1.208542555764363,-0.2709210643188437,2.4723242777469205,-0.5373074506981699,-0.377492918594655,0.335,0.305,0.365,0.42,0.64,2.0
131.0,0.9562043795620438,137.0,1.5393258426966292,89.0,0.4684210526315789,190.0,1.2925170068027212,183.0,0.8243243243243243,222.0,1.213114754098361,183.0,1.2620689655172417,145.0,1.1507936507936507,192.0,-0.0851435554452076,0.3739152454098898,64.0,128.0,0.0519753869855412,-0.1080343872194092,1.304026141115239,0.2692232411757569,0.3544413309004411,0.27,0.23,0.335,0.39,0.395,2.0
117.0,1.017391304347826,115.0,1.4556962025316456,79.0,0.541095890410959,146.0,1.6590909090909092,149.0,1.2844827586206897,116.0,1.4871794871794872,78.0,0.4968152866242038,157.0,1.5096153846153846,160.0,-0.2336162714000327,0.6797814506997711,56.0,104.0,0.5048234494470625,0.2336317849287999,0.8235402903510327,-0.1128455980537867,0.5201336728976172,0.54,0.475,0.615,0.75,0.66,2.0
111.0,0.9910714285714286,112.0,1.0,112.0,0.9572649572649572,117.0,1.0636363636363635,126.0,0.5727272727272728,220.0,1.9469026548672568,113.0,1.0462962962962965,108.0,0.9473684210526316,155.0,-0.3240969049864736,1.0457089196518354,67.0,88.0,1.622497587808697,-0.6840685966366218,2.5980734762454487,-1.8901341462414325,2.28162495491793,0.47,0.425,0.5,0.715,0.53,2.0
118.0,1.5945945945945943,74.0,0.4378698224852071,169.0,1.4201680672268908,119.0,1.017094017094017,155.0,1.28099173553719,121.0,1.0,121.0,1.4938271604938271,81.0,0.5126582278481012,162.0,-0.080583038259714,0.5920950890998397,54.0,108.0,0.5762809534523429,0.4803742648542218,0.8367381571406355,-0.0413925552254507,0.4813643859467899,0.54,0.525,0.61,0.78,0.67,2.0
141.0,1.1015625,128.0,0.847682119205298,151.0,1.3245614035087718,114.0,0.7972027972027972,141.0,1.330188679245283,106.0,0.6583850931677019,161.0,1.2578125,128.0,0.8050314465408805,170.0,0.1220613980815321,0.4638684049279225,72.0,98.0,0.7947555528277706,-1.7209062261080263,0.8808877516453224,0.0684485738172677,0.8520123723700314,0.61,0.425,0.65,0.84,0.665,2.0
147.0,0.9363057324840764,157.0,1.0466666666666666,150.0,1.0,150.0,1.0273972602739727,208.0,1.3506493506493507,154.0,1.0547945205479452,146.0,1.0138888888888888,144.0,1.0359712230215827,207.0,-0.2718478335355,0.3896444851564083,62.0,145.0,0.7387454799777922,-0.3216929778923526,1.92098908228412,-0.6043683298479847,-0.5923398458379072,0.28,0.245,0.305,0.35,0.355,2.0
180.0,1.0714285714285714,168.0,0.9655172413793104,174.0,1.029585798816568,169.0,1.4695652173913043,200.0,1.342281879194631,149.0,1.0067567567567568,148.0,1.3097345132743363,113.0,0.5067264573991032,226.0,0.1518754885282933,0.4788177905304255,86.0,140.0,1.4652002010430127,0.1542079943290877,2.447482144126593,-0.2521656590814763,0.024193698066566,0.355,0.315,0.385,0.43,0.675,2.0
79.0,0.5163398692810458,153.0,1.3189655172413792,116.0,0.9666666666666668,120.0,1.5584415584415583,163.0,1.3697478991596639,119.0,1.0084745762711864,118.0,1.5733333333333333,75.0,0.4658385093167702,167.0,-0.3533682955455814,0.6400848223901996,53.0,114.0,-0.3487552073556509,-0.3570623707081025,0.773011745759278,-2.546402976511664,0.2029199997929946,0.22,0.255,0.32,0.375,0.54,2.0
173.0,0.6947791164658634,249.0,1.7412587412587412,143.0,1.5714285714285714,91.0,0.3839662447257383,205.0,1.64,125.0,0.7102272727272727,176.0,1.266187050359712,139.0,0.9144736842105264,216.0,-0.2398631493616724,0.3068492264658585,73.0,143.0,0.5901489437485625,-0.2183944180128497,0.8942067307808226,-0.1327526227711549,-0.0824097863303627,0.32,0.235,0.34,0.395,0.4,2.0
181.0,1.046242774566474,173.0,1.601851851851852,108.0,0.48,225.0,1.3975155279503106,208.0,2.0194174757281553,103.0,0.4881516587677725,211.0,1.2710843373493976,166.0,0.9431818181818182,229.0,0.1741550401104318,0.4954203145521723,84.0,145.0,1.540006265769133,0.0640679827439723,2.2686176335986183,-0.3706055508008761,-0.1042575207146323,0.34,0.3,0.37,0.43,0.63,2.0
113.0,1.018018018018018,111.0,0.9487179487179488,117.0,1.073394495412844,109.0,0.990909090909091,117.0,1.0833333333333333,108.0,0.9310344827586208,116.0,1.0740740740740742,108.0,0.9473684210526316,152.0,-0.3747538482248871,1.039686343089426,71.0,81.0,1.15283972784396,-0.5653352852047556,2.527440988683105,-2.0553880700305056,2.230177953398332,0.44,0.41,0.475,0.695,0.5,2.0
115.0,1.4743589743589745,78.0,0.5165562913907285,151.0,1.2479338842975207,121.0,1.0614035087719298,162.0,1.3846153846153846,117.0,1.0086206896551724,116.0,1.6338028169014085,71.0,0.4493670886075949,164.0,-0.2130218888579487,0.6184902938613839,51.0,113.0,0.6525465831730568,0.1518179339726201,0.8090005161209773,-0.1749425803302937,0.5910570122293481,0.59,0.49,0.635,0.79,0.665,2.0
117.0,1.647887323943662,71.0,0.4355828220858895,163.0,1.3583333333333334,120.0,1.0,158.0,1.3166666666666667,120.0,1.0256410256410255,117.0,1.4444444444444444,81.0,0.5094339622641509,166.0,-0.2178727532813501,0.6169639842779758,56.0,110.0,0.6693984568617896,0.2215370253436731,0.7381336547098777,-0.1499685621240745,0.4235206123164846,0.59,0.475,0.625,0.79,0.67,2.0
170.0,1.0059171597633136,169.0,0.9602272727272728,176.0,0.9832402234636872,179.0,0.93717277486911,209.0,1.2011494252873562,174.0,0.9456521739130436,184.0,1.0337078651685394,178.0,1.072289156626506,235.0,0.0077767142309103,0.3486714358234099,89.0,146.0,0.4338526715062725,0.4305448134107204,0.5135382276909699,0.4665918038063573,0.4665918038063573,0.56,0.575,0.595,0.62,0.62,2.0
134.0,0.9305555555555556,144.0,0.993103448275862,145.0,0.9931506849315068,146.0,1.006896551724138,176.0,1.1578947368421053,152.0,0.9743589743589745,156.0,1.04,150.0,0.986842105263158,188.0,-0.2346099218142334,0.6855430061967587,65.0,123.0,-0.1659504722367739,-0.3555234366055589,2.3602447085792853,-0.7749209782361136,-0.6035755090632663,0.255,0.25,0.345,0.475,0.43,2.0
115.0,1.4375,80.0,0.5369127516778524,149.0,1.221311475409836,122.0,1.0608695652173914,156.0,1.3109243697478992,119.0,1.0258620689655171,116.0,1.432098765432099,81.0,0.5159235668789809,167.0,-0.0812852119857103,0.6083165158722776,58.0,109.0,0.7334715388203583,0.2651690338986373,0.9223513497687632,-0.0435758055377353,0.2999437616377858,0.565,0.47,0.61,0.765,0.685,2.0
136.0,0.951048951048951,143.0,1.5212765957446808,94.0,0.4069264069264069,231.0,1.593103448275862,212.0,1.65625,128.0,1.1428571428571428,112.0,0.9491525423728814,118.0,1.2164948453608246,215.0,-0.1187780193033327,0.3539486936889405,67.0,148.0,0.5626064534028012,-0.095180249982034,1.2697335176055544,0.1948973188398886,0.2669390672611723,0.28,0.23,0.31,0.365,0.37,2.0
170.0,0.9659090909090908,176.0,0.9312169312169312,189.0,1.05,180.0,1.0778443113772456,268.0,1.654320987654321,162.0,1.018867924528302,159.0,0.8983050847457628,177.0,1.0172413793103448,263.0,-0.0919035816034182,0.5540103967660721,76.0,187.0,0.5819073885731169,-1.7825454623292556,1.0938696994975532,-0.0411659139341277,-0.0402007694315761,0.485,0.325,0.535,0.655,0.67,2.0
102.0,0.6455696202531646,158.0,1.6288659793814433,97.0,0.532967032967033,182.0,1.6851851851851851,169.0,1.7422680412371134,97.0,0.5672514619883041,171.0,1.6601941747572817,103.0,0.5597826086956522,191.0,-0.0978072580176219,0.578468823734574,73.0,118.0,0.7136731957958625,-1.992107218066227,0.8731464366619915,0.8727465283750377,0.1613223201362757,0.61,0.45,0.645,0.655,0.76,2.0
170.0,1.4049586776859504,121.0,0.6722222222222223,180.0,1.6216216216216215,111.0,0.7161290322580646,155.0,1.4351851851851851,108.0,0.6206896551724138,174.0,1.6730769230769231,104.0,0.6190476190476191,192.0,-0.0435502223602718,0.5305746809314645,84.0,108.0,0.5579360595981437,-2.1332981016331414,0.8440174126083525,-0.0296993902358627,0.7261561166991374,0.595,0.44,0.67,0.815,0.695,2.0
116.0,1.183673469387755,98.0,0.4298245614035088,228.0,2.0727272727272728,110.0,0.6547619047619048,183.0,1.4296875,128.0,0.7231638418079096,177.0,1.6857142857142855,105.0,0.75,204.0,-0.0390201399067006,0.4873104957434083,76.0,128.0,0.5731503943676245,0.7413158319935422,0.7446678372769212,-0.0269631414853876,0.5018529567507247,0.55,0.61,0.615,0.77,0.66,2.0
77.0,0.2972972972972973,259.0,1.488505747126437,174.0,0.9886363636363636,176.0,1.0173410404624277,247.0,1.4195402298850575,174.0,1.0545454545454545,165.0,1.896551724137931,87.0,0.3901345291479821,249.0,-0.1728524803861472,0.7379566269386255,77.0,172.0,1.1500759704603751,-2.31901192605057,1.5737393462686415,-0.2258263250086355,-0.1275618936141192,0.535,0.355,0.575,0.73,0.695,2.0
126.0,0.984375,128.0,0.962406015037594,133.0,0.9851851851851852,135.0,0.9854014598540146,155.0,1.183206106870229,131.0,0.9776119402985076,134.0,1.0,134.0,0.9852941176470588,175.0,-0.1600214204550021,0.3587309594280244,67.0,108.0,0.8916985618650979,-0.284251007871231,1.4717748922510512,-1.0438183249623405,-0.0830673478237648,0.365,0.24,0.385,0.43,0.665,2.0
106.0,0.9464285714285714,112.0,1.0,112.0,1.018181818181818,110.0,0.990990990990991,112.0,1.0275229357798166,109.0,1.0186915887850467,107.0,0.9907407407407408,108.0,1.0093457943925233,155.0,-0.3511234123153606,0.8231942200782333,77.0,78.0,0.6688380287434548,-0.5900725839264093,2.6079750414717813,-0.9881434222349216,-0.2637018618657516,0.445,0.415,0.5,0.55,0.84,2.0
117.0,1.017391304347826,115.0,1.2637362637362637,91.0,0.6232876712328768,146.0,1.226890756302521,158.0,1.3166666666666667,120.0,1.0169491525423728,118.0,1.4567901234567902,81.0,0.5126582278481012,163.0,-0.0553194383093655,0.705204223179791,53.0,110.0,0.9285461586866351,0.441406854967344,1.0135143356229763,-0.0026534667461461,0.350472494091502,0.57,0.46,0.605,0.76,0.69,2.0
82.0,0.6666666666666666,123.0,1.430232558139535,86.0,0.524390243902439,164.0,1.8021978021978025,149.0,1.2627118644067796,118.0,1.3258426966292134,89.0,0.6496350364963503,137.0,1.191304347826087,158.0,0.0329627221615687,0.5962006737449287,54.0,104.0,0.768255467434565,0.9739127252859024,0.9770685063650952,0.060261023667218,0.6278538639308031,0.55,0.615,0.62,0.795,0.67,2.0
91.0,0.4715025906735751,193.0,1.4732824427480915,131.0,0.7987804878048781,164.0,1.9069767441860463,253.0,1.7816901408450705,142.0,0.9161290322580644,155.0,1.7816091954022988,87.0,0.5272727272727272,243.0,-0.3448203111001888,0.3526156653474981,66.0,177.0,-0.2313243389623249,-0.2996894020767919,1.0827907257987068,-0.0597223790333292,-0.0053795380833287,0.145,0.195,0.27,0.32,0.325,2.0
213.0,1.6904761904761905,126.0,0.6086956521739131,207.0,1.1828571428571428,175.0,1.1904761904761905,215.0,1.2797619047619047,168.0,1.018181818181818,165.0,1.1538461538461535,143.0,1.075187969924812,227.0,-0.2408327427580514,0.5537751297613569,77.0,150.0,0.5586926241820048,0.5595555278884442,0.6212677579931982,-0.3957785937531412,0.5165256359385734,0.53,0.54,0.56,0.705,0.585,2.0
113.0,1.0,113.0,1.448717948717949,78.0,0.5342465753424658,146.0,1.280701754385965,148.0,1.264957264957265,117.0,1.0263157894736843,114.0,0.991304347826087,115.0,1.0267857142857142,158.0,-0.0897957927119557,0.65910420224922,55.0,103.0,0.7787323499230164,0.6708799033089969,1.0297258613767868,0.8797822062646429,0.9038473941717944,0.565,0.55,0.605,0.63,0.635,2.0
208.0,1.824561403508772,114.0,0.5277777777777778,216.0,1.8782608695652172,115.0,0.5897435897435898,229.0,1.3391812865497077,171.0,1.0301204819277108,166.0,1.0849673202614378,153.0,0.95625,244.0,-0.0556022610880553,0.5870497410567403,84.0,160.0,1.5001775928416277,-0.249842922502888,2.554739371121971,-0.6135846276279007,-0.4736021249969876,0.315,0.28,0.345,0.415,0.595,2.0
95.0,1.1728395061728396,81.0,0.4655172413793103,174.0,1.891304347826087,92.0,0.6344827586206897,151.0,1.2905982905982907,117.0,1.0353982300884956,113.0,1.018018018018018,111.0,1.4415584415584417,162.0,0.3128157764756795,0.78341707364009,57.0,105.0,1.290966291576566,1.1853444890056577,1.4437751554259712,1.2083744434351544,1.2083744434351544,0.59,0.605,0.64,0.665,0.665,2.0
150.0,1.0714285714285714,140.0,0.958904109589041,146.0,1.553191489361702,94.0,0.4607843137254901,198.0,1.2452830188679245,159.0,0.9875776397515528,161.0,0.9877300613496932,163.0,0.9939024390243902,202.0,-0.2947417180562623,0.2841361031730041,64.0,138.0,-0.2703093121786565,-0.4269274030207407,1.203602741117266,-0.6611178331162164,0.5635218773951878,0.2,0.28,0.32,0.37,0.335,2.0
115.0,0.9913793103448276,116.0,0.9914529914529916,117.0,1.0353982300884956,113.0,0.9912280701754386,75.0,0.43859649122807015,171.0,1.9,90.0,0.6164383561643836,146.0,1.2586206896551724,119.0,-0.1321929603312276,0.4518148206693381,67.0,52.0,0.994220495674294,-0.1449796529665275,1.2707408088402925,-1.334449563515571,-0.0484677638958521,0.475,0.35,0.505,0.565,0.87,2.0
118.0,0.9365079365079364,126.0,1.0,126.0,1.0677966101694916,118.0,0.8676470588235294,135.0,1.134453781512605,119.0,1.0347826086956522,115.0,1.1386138613861383,101.0,0.6601307189542484,170.0,-0.1730833977596255,0.4792123920088875,76.0,94.0,0.4170906642536505,0.3892153102494634,0.4492256879100103,-0.1342728962126628,0.3842696617776467,0.66,0.71,0.74,0.87,0.76,2.0
170.0,1.8085106382978724,94.0,0.5529411764705883,170.0,1.5178571428571428,112.0,0.64,186.0,1.8979591836734695,98.0,0.5536723163841808,177.0,1.4274193548387095,124.0,0.6458333333333334,202.0,-0.0680413336604045,0.5721887865641236,72.0,130.0,0.6224237337956355,-2.3212394234660074,0.7915431634357621,0.7663498398277919,0.7663498398277919,0.53,0.36,0.58,0.6,0.6,2.0
120.0,1.2121212121212122,99.0,0.6971830985915493,142.0,1.1735537190082646,121.0,1.0254237288135593,115.0,1.513157894736842,76.0,0.4,190.0,2.043010752688172,93.0,0.6158940397350994,147.0,-0.196269867488357,0.5097513073400157,67.0,80.0,0.6319284055105446,-0.1291093842174788,1.6872172770023994,-1.3728076053090348,-0.1309805558331711,0.4,0.325,0.455,0.51,0.8,2.0
85.0,0.5555555555555556,153.0,1.3660714285714286,112.0,1.5555555555555556,72.0,0.4363636363636363,129.0,1.8169014084507042,71.0,0.4303030303030303,165.0,1.375,120.0,1.0,166.0,-0.2937514101271786,0.4565162054225229,76.0,90.0,0.1254119613329188,0.046157635462719,1.3948045936240625,-1.319938978728607,-0.2445671383437664,0.385,0.37,0.455,0.51,0.755,2.0
95.0,0.510752688172043,186.0,1.4645669291338583,127.0,0.7791411042944786,163.0,1.147887323943662,165.0,1.2043795620437956,137.0,1.0300751879699248,133.0,1.08130081300813,123.0,0.924812030075188,187.0,-0.1999593423614768,0.4345457126327486,72.0,115.0,0.8749954208883259,-0.1584403079387512,1.1912859029316856,0.2703887186433536,0.3295949662693711,0.365,0.285,0.385,0.45,0.455,2.0
118.0,1.0350877192982455,114.0,1.2127659574468086,94.0,0.6861313868613139,137.0,1.2123893805309736,149.0,1.8170731707317074,82.0,0.5857142857142857,140.0,1.1764705882352942,119.0,1.0084745762711864,160.0,-0.3599968135909278,0.6243460356529561,56.0,104.0,0.5809570263401337,-0.0203594118925555,0.7235569022617852,-0.3059256663226974,-0.0545720139309767,0.585,0.48,0.62,0.775,0.705,2.0
99.0,1.2222222222222223,81.0,0.6428571428571429,126.0,0.8873239436619719,142.0,2.4482758620689653,141.0,0.94,150.0,0.9493670886075948,158.0,1.196969696969697,132.0,0.8627450980392157,160.0,-0.2923018731169798,0.2780102318932769,62.0,98.0,-0.2485882947730762,-0.331421454592846,0.2464509879600293,-1.3387417552199756,0.0480540229497673,0.205,0.3,0.35,0.395,0.62,2.0
251.0,2.163793103448276,116.0,0.5888324873096447,197.0,1.3310810810810811,148.0,1.049645390070922,170.0,1.4782608695652173,115.0,1.0648148148148149,108.0,0.574468085106383,188.0,1.807692307692308,199.0,0.0141077002046938,0.4623622989644563,81.0,118.0,0.5791065118013038,0.6789950704061122,0.7053927843342113,0.0081014902236638,0.627942367739451,0.61,0.655,0.665,0.815,0.69,2.0
157.0,1.2661290322580645,124.0,1.0689655172413792,116.0,0.9830508474576272,118.0,1.0172413793103448,149.0,1.2627118644067796,118.0,0.975206611570248,121.0,1.2872340425531914,94.0,0.6811594202898551,160.0,-0.1012965713975873,0.5990611618728946,56.0,104.0,-0.109519658406307,-0.158507924921723,0.8933417283728871,-2.097445725808639,0.3903168414968376,0.225,0.2,0.305,0.355,0.515,2.0
100.0,0.8064516129032258,124.0,0.5740740740740741,216.0,0.9557522123893806,226.0,2.092592592592593,115.0,1.0176991150442478,113.0,1.036697247706422,109.0,0.4954545454545455,220.0,0.9821428571428572,159.0,0.1302267558406399,0.8036803255844178,79.0,80.0,1.1428354022019545,-0.195773123198623,2.8947304377053964,-0.5096881442329526,0.1184787569805553,0.45,0.415,0.5,0.56,0.875,2.0
117.0,1.4625,80.0,0.5369127516778524,149.0,1.8860759493670889,79.0,0.5031847133757962,158.0,1.3166666666666667,120.0,1.0,120.0,1.4814814814814814,81.0,0.5436241610738255,161.0,-0.0049844968805404,0.6076070040989512,51.0,110.0,-0.0104156528994023,-0.0002176481069651,1.0086611064993334,-1.97733151365123,0.5423157073230269,0.22,0.25,0.32,0.38,0.555,2.0
194.0,1.5275590551181102,127.0,0.8758620689655172,145.0,1.16,125.0,0.984251968503937,186.0,0.8378378378378378,222.0,1.1871657754010696,187.0,1.406015037593985,133.0,1.1176470588235294,194.0,-0.3412442615327689,0.3797883529259984,64.0,130.0,-0.3113791872829684,-0.3864452383267318,1.0293141576242792,0.0338976912108155,0.10604564418981,0.2,0.22,0.33,0.39,0.395,2.0
225.0,2.083333333333333,108.0,0.6242774566473989,173.0,1.5043478260869565,115.0,0.7876712328767124,200.0,1.694915254237288,118.0,0.659217877094972,179.0,1.8842105263157896,95.0,0.59375,221.0,-0.0819228943036984,0.5782352595441469,81.0,140.0,0.7042218894708199,0.8009178341286687,0.8067288893997204,0.0338838921585604,0.75,0.55,0.595,0.605,0.715,0.62,2.0
107.0,1.019047619047619,105.0,0.9545454545454546,110.0,1.0185185185185186,108.0,0.9473684210526316,114.0,1.0178571428571428,112.0,1.0467289719626167,107.0,1.0388349514563109,103.0,0.865546218487395,156.0,0.0165253738741445,0.8451997382229712,77.0,79.0,0.9775142519049652,-0.2704764721139668,2.8497609658405563,-0.6614836746343239,0.0984995555805747,0.44,0.41,0.495,0.55,0.85,2.0
140.0,0.958904109589041,146.0,0.9864864864864864,148.0,1.4095238095238096,105.0,0.4838709677419355,82.0,0.32669322709163345,251.0,1.539877300613497,163.0,1.7912087912087913,91.0,0.4026548672566372,125.0,-0.0203718548174024,0.3388987689940511,68.0,57.0,0.0024549094295839,-0.1365744753046406,1.249578648190003,-0.5111275483179138,0.3811244926308779,0.34,0.475,0.54,0.625,0.94,2.0
93.0,0.4769230769230769,195.0,1.326530612244898,147.0,1.013793103448276,145.0,1.576086956521739,181.0,1.2569444444444444,144.0,1.44,100.0,0.5291005291005291,189.0,1.359712230215827,188.0,-0.1805239294946838,0.3730709011500694,62.0,126.0,0.6797138136917518,-0.1973804237787924,1.2357988076133173,0.0410980973314598,0.2354834679714489,0.305,0.245,0.325,0.39,0.4,2.0
112.0,1.0275229357798166,109.0,1.0092592592592593,108.0,0.9642857142857144,112.0,1.009009009009009,110.0,0.4954954954954955,222.0,1.88135593220339,118.0,1.102803738317757,107.0,0.963963963963964,232.0,-0.1618496131874056,0.8506151245211764,155.0,77.0,0.6033430862706326,-0.4085414195428393,2.494615470064943,2.343502829953011,2.343502829953011,0.38,0.595,0.64,0.66,0.66,2.0
119.0,1.017094017094017,117.0,0.9069767441860463,129.0,0.9772727272727272,132.0,1.0476190476190477,145.0,1.3679245283018868,106.0,0.7162162162162162,148.0,1.1746031746031746,126.0,1.0677966101694916,178.0,-0.1262407628441763,0.5748596240309675,77.0,101.0,0.7619546365348719,-2.026218935535476,0.8613158294887703,-0.077887143485902,0.3228902549752573,0.645,0.44,0.685,0.865,0.77,2.0
122.0,1.0608695652173914,115.0,0.7718120805369127,149.0,1.0567375886524824,141.0,0.9096774193548388,168.0,1.6153846153846154,104.0,0.5777777777777777,180.0,1.2765957446808511,141.0,0.9724137931034482,190.0,-0.0741912209982799,0.5601372277284858,73.0,117.0,0.6991279929670102,-2.277565303317415,0.8543059542974316,0.8404200726766642,0.8404200726766642,0.54,0.38,0.585,0.6,0.6,2.0
103.0,0.6094674556213018,169.0,1.5089285714285714,112.0,0.6187845303867403,181.0,1.4251968503937007,197.0,1.7747747747747749,111.0,0.676829268292683,164.0,1.3781512605042017,119.0,0.8263888888888888,207.0,-0.0618519466679449,0.489453939481152,70.0,137.0,0.2413381626465425,-0.1827017205367369,1.7412964230163894,-0.5859061062937345,-0.460063319522725,0.28,0.26,0.34,0.425,0.585,2.0
274.0,1.5393258426966292,178.0,1.105590062111801,161.0,0.9470588235294116,170.0,0.9770114942528736,229.0,1.323699421965318,173.0,0.9453551912568308,183.0,0.9891891891891892,185.0,0.9585492227979274,236.0,-0.1429887501165715,0.4885083614779361,76.0,160.0,0.9458716287352078,-0.3691182536910965,2.173387974332736,-0.7844237131586214,-0.4488427305904424,0.295,0.265,0.325,0.445,0.555,2.0
171.0,0.9661016949152542,177.0,1.0662650602409638,166.0,0.8556701030927835,194.0,0.946341463414634,248.0,2.049586776859504,121.0,0.5020746887966805,241.0,1.409356725146199,171.0,0.9884393063583816,257.0,-0.1687426244076726,0.3303594933185795,84.0,173.0,0.21418444027476,0.2465850287210995,0.3834288658629778,0.2457651775223316,0.3213388779163362,0.49,0.525,0.535,0.545,0.55,2.0
118.0,1.4936708860759491,79.0,0.4876543209876543,162.0,1.3064516129032258,124.0,1.0333333333333334,158.0,1.3277310924369747,119.0,0.9916666666666668,120.0,1.5,80.0,0.4938271604938271,166.0,-0.2096049074045098,0.5929226512557964,56.0,110.0,0.5930310772920017,0.2135853012889101,0.7107461565883534,-0.1531733702227003,0.1510840269187511,0.565,0.47,0.605,0.76,0.68,2.0
128.0,0.9014084507042254,142.0,0.8875,160.0,0.9696969696969696,165.0,1.4732142857142858,209.0,1.5144927536231885,138.0,1.0866141732283463,127.0,0.9136690647482014,139.0,1.1982758620689655,198.0,-0.2050285668360335,0.2250133547530897,52.0,146.0,0.0989189436737414,-0.0524112433086849,0.2784800354891066,-0.1590728482415585,0.0804939641257073,0.415,0.39,0.465,0.575,0.51,2.0
92.0,0.4107142857142857,224.0,1.391304347826087,161.0,1.4636363636363636,110.0,0.4721030042918455,235.0,1.46875,160.0,0.9580838323353292,167.0,1.0372670807453417,161.0,1.1027397260273972,222.0,-0.1425969877342033,0.6832171120288782,58.0,164.0,0.9566323675543134,-0.1785301143286341,1.6259139428715137,-2.129677800735515,0.6493533635431264,0.25,0.195,0.265,0.32,0.465,2.0
93.0,0.8454545454545455,110.0,0.502283105022831,219.0,1.887931034482759,116.0,0.6480446927374302,198.0,1.9038461538461537,104.0,0.5174129353233831,201.0,1.7946428571428572,112.0,0.5743589743589743,210.0,-0.0928110075669786,0.5356256410561705,72.0,138.0,0.7422475129760785,0.7757313322930895,0.8673651106233509,-0.0005813589883109,0.8400000000000001,0.49,0.515,0.53,0.67,0.545,2.0
118.0,1.4567901234567902,81.0,0.5126582278481012,158.0,1.3166666666666669,120.0,1.0256410256410255,163.0,1.3697478991596639,119.0,1.017094017094017,117.0,1.4444444444444444,81.0,0.5159235668789809,165.0,-0.2118225699183356,0.7085172236092933,51.0,114.0,0.7460404818669306,0.3230415123552771,0.9089359931628996,-0.1265843902671649,0.2160443101536852,0.59,0.495,0.63,0.785,0.71,2.0
172.0,1.029940119760479,167.0,1.0372670807453417,161.0,1.018987341772152,158.0,0.9813664596273292,214.0,1.963302752293578,109.0,0.4638297872340425,235.0,1.3202247191011236,178.0,1.04093567251462,219.0,-0.1381246184151932,0.4830191598613237,70.0,149.0,1.2135140579363082,-0.4398371198500644,2.235902698398877,-0.5179878641267847,-0.4321260672793092,0.3,0.265,0.325,0.375,0.38,2.0
125.0,1.0593220338983051,118.0,1.0,118.0,1.0,118.0,0.959349593495935,163.0,1.3471074380165289,121.0,1.0254237288135593,118.0,1.5733333333333333,75.0,0.4716981132075472,166.0,-0.038289444084663,0.6632489347332686,52.0,114.0,-0.0891319763464874,-0.0484031544525531,1.0319794469028611,-2.224192957679768,0.5625358188630604,0.215,0.245,0.315,0.37,0.53,2.0
159.0,1.485981308411215,107.0,0.722972972972973,148.0,1.3577981651376148,109.0,0.6728395061728395,144.0,1.2413793103448276,116.0,0.6590909090909091,176.0,1.5172413793103448,116.0,0.6946107784431138,167.0,-0.0866751461638105,0.5620694372579581,67.0,100.0,0.5677011711444446,-2.2485056332081728,0.7932561322581627,0.7783776378614387,0.3832068978246395,0.565,0.405,0.63,0.64,0.705,2.0
187.0,0.9894179894179894,189.0,1.125,168.0,1.411764705882353,119.0,0.6363636363636364,205.0,1.9711538461538463,104.0,0.5360824742268041,194.0,1.7477477477477477,111.0,0.5336538461538461,220.0,-0.3024505161851208,0.5697619879733195,77.0,143.0,1.0616852733751656,-0.490274470722275,2.210610946210407,-0.8361224870945108,-0.7326441377753278,0.325,0.29,0.355,0.42,0.61,2.0
114.0,1.027027027027027,111.0,1.0,111.0,0.9823008849557522,113.0,1.0560747663551402,110.0,0.49327354260089684,223.0,0.986725663716814,226.0,1.0089285714285714,224.0,1.018181818181818,155.0,0.1350085238076013,0.9698977860065344,78.0,77.0,1.8527687948047955,-0.1886394427589657,2.9578917898814643,-0.7006013193038576,0.1657109514441005,0.45,0.41,0.505,0.56,0.885,2.0
161.0,0.8298969072164949,194.0,0.9326923076923076,208.0,1.0833333333333333,192.0,1.1925465838509317,242.0,1.5414012738853504,157.0,0.9874213836477987,159.0,1.3706896551724137,116.0,0.8226950354609929,296.0,-0.3045223362614917,0.3394462793656392,127.0,169.0,0.1398731051097749,0.1807816614774525,0.2304271502203526,0.169688755134223,0.169688755134223,0.605,0.645,0.655,0.67,0.67,2.0
118.0,1.475,80.0,0.5128205128205128,156.0,1.248,125.0,1.0683760683760684,159.0,1.3140495867768596,121.0,1.0341880341880345,117.0,1.4625,80.0,0.5063291139240507,167.0,-0.1532876517910819,0.6559368816548571,56.0,111.0,0.6495487523852835,0.2980500605135088,0.8797325117770051,-0.0932667354929564,0.7905993217689715,0.55,0.46,0.605,0.775,0.625,2.0
151.0,1.5729166666666667,96.0,0.6857142857142857,140.0,1.686746987951807,83.0,0.532051282051282,141.0,1.165289256198347,121.0,1.0168067226890756,119.0,1.202020202020202,99.0,0.717391304347826,168.0,-0.1983846841258179,0.4132390637516506,70.0,98.0,0.6136922769161504,-0.1687164400605438,1.3477853160559154,-1.374208074275214,-0.111366489241551,0.335,0.265,0.375,0.42,0.665,2.0
118.0,1.0442477876106195,113.0,0.9912280701754386,114.0,1.008849557522124,113.0,1.4303797468354431,152.0,1.4901960784313726,102.0,0.8095238095238095,126.0,1.1150442477876106,113.0,1.4303797468354431,160.0,-0.1997313596673409,0.6888908547245413,54.0,106.0,0.6266252816596981,-2.470134941872989,0.8286032268450416,-0.0466090487440629,0.4936237634801641,0.55,0.35,0.6,0.75,0.665,2.0
121.0,1.0341880341880345,117.0,1.231578947368421,95.0,0.6737588652482269,141.0,1.175,157.0,1.3652173913043477,115.0,1.0087719298245614,114.0,0.991304347826087,115.0,0.9913793103448276,165.0,-0.2068698435125939,0.5131196477372953,56.0,109.0,-0.0044731985617758,-0.0895065279345246,0.8490834431971994,-1.78792285356198,0.2909909954889738,0.23,0.22,0.29,0.35,0.5,2.0
162.0,1.4336283185840708,113.0,0.6766467065868264,167.0,1.4273504273504274,117.0,0.8357142857142857,167.0,1.4521739130434783,115.0,0.7467532467532467,154.0,1.6041666666666667,96.0,0.6153846153846154,197.0,-0.1632773731991382,0.5956644208564047,81.0,116.0,0.6764150503620373,-2.3370468295429827,0.7486624250855012,-0.1287798553264105,0.7229885288128088,0.64,0.415,0.675,0.855,0.69,2.0
270.0,1.5254237288135593,177.0,1.0662650602409638,166.0,1.0573248407643312,157.0,0.9345238095238096,234.0,1.570469798657718,149.0,0.7680412371134021,194.0,1.0210526315789474,190.0,1.0160427807486632,240.0,-0.0102686338347068,0.3059088648484506,77.0,163.0,0.3755340741499095,0.4798226999452766,0.5388176634786639,0.2177660969628133,0.4892620988529159,0.53,0.565,0.58,0.65,0.595,2.0
157.0,1.481132075471698,106.0,0.6424242424242425,165.0,1.5566037735849056,106.0,0.6385542168674698,160.0,1.5238095238095237,105.0,0.7342657342657343,143.0,1.361904761904762,105.0,0.5737704918032787,190.0,-0.1272354810431455,0.5253595479165304,78.0,112.0,0.4271841767523389,0.634008942933475,0.7134869931496144,0.6908773969456996,0.280461629589228,0.585,0.645,0.655,0.665,0.73,2.0
156.0,1.8352941176470587,85.0,0.5666666666666667,150.0,1.3761467889908257,109.0,0.8449612403100775,164.0,0.6833333333333333,240.0,2.0338983050847457,118.0,1.0172413793103448,116.0,0.9914529914529916,164.0,-0.1212985465469016,0.6028296845516955,50.0,114.0,0.7256132296439298,0.275884916870682,0.8266336400776821,-0.0778530096445889,-0.0316076561267078,0.59,0.48,0.625,0.78,0.755,2.0
118.0,0.9672131147540984,122.0,1.1090909090909091,110.0,1.5492957746478873,71.0,0.4104046242774566,139.0,1.188034188034188,117.0,0.9669421487603306,121.0,1.09009009009009,111.0,1.5416666666666667,166.0,-0.2441679525079594,0.430806155194138,69.0,97.0,0.6204735486959323,-0.2068610296870407,1.484258016949389,-1.3652035225204873,-0.1036415402072021,0.38,0.315,0.42,0.465,0.73,2.0
120.0,1.0619469026548674,113.0,0.9658119658119658,117.0,0.9831932773109244,119.0,1.676056338028169,251.0,2.1452991452991452,117.0,0.9669421487603306,121.0,1.0,121.0,1.0,247.0,-0.1812785442605818,0.5485870673590525,72.0,175.0,0.8338052699145149,-0.1515668880971195,1.4814897798167443,-1.3410737646206572,-0.1522097286194778,0.27,0.205,0.295,0.325,0.485,2.0
113.0,0.9495798319327732,119.0,1.072072072072072,111.0,0.9823008849557522,113.0,1.018018018018018,115.0,0.515695067264574,223.0,0.9529914529914528,234.0,2.108108108108108,111.0,1.018348623853211,159.0,-0.3772535257745598,0.8581958564286729,79.0,80.0,1.3377148947807505,-0.6370249020304851,2.480455694666643,-1.082892037580352,-0.2754262268419476,0.45,0.41,0.5,0.55,0.845,2.0
80.0,0.5128205128205128,156.0,1.95,80.0,0.5128205128205128,156.0,1.9259259259259256,159.0,1.4587155963302751,109.0,0.8384615384615385,130.0,1.0833333333333333,120.0,1.0344827586206895,164.0,-0.1326273302433768,0.6296923541784791,53.0,111.0,0.6869441392687349,0.3114798103745994,0.8203528953616424,-0.0908714246591683,0.2255548378203711,0.56,0.465,0.605,0.76,0.68,2.0
184.0,1.7358490566037736,106.0,0.4976525821596244,213.0,2.088235294117647,102.0,0.576271186440678,159.0,1.4454545454545455,110.0,0.6832298136645962,161.0,1.5046728971962615,107.0,0.622093023255814,207.0,-0.0224795815858681,0.5085400399302484,96.0,111.0,0.682878009335511,0.3088684197369195,0.8762912106716791,0.667408645797165,0.6999307007440845,0.655,0.61,0.695,0.71,0.715,2.0
115.0,1.0267857142857142,112.0,1.3658536585365857,82.0,0.5540540540540541,148.0,1.494949494949495,99.0,0.6111111111111112,162.0,1.6701030927835052,97.0,0.7238805970149254,134.0,1.3535353535353536,131.0,-0.2945828357216885,0.8628030021362327,62.0,69.0,1.3874534843901147,-0.2306278737300845,2.08575162484646,-1.379392872685722,1.387530956217956,0.435,0.365,0.49,0.775,0.525,2.0
244.0,1.8345864661654132,133.0,0.5277777777777778,252.0,1.9534883720930232,129.0,0.5443037974683544,231.0,1.8780487804878048,123.0,0.5616438356164384,219.0,2.0091743119266057,109.0,0.4541666666666666,242.0,-0.0927090065339857,0.5550733691548593,81.0,161.0,1.3869875030793026,-0.3784625521042339,2.414045149106696,-0.5066620772330473,-0.5066620772330473,0.31,0.275,0.335,0.385,0.385,2.0
148.0,0.9866666666666668,150.0,0.9146341463414634,164.0,0.9479768786127168,173.0,1.005813953488372,253.0,1.4055555555555554,180.0,1.0344827586206895,174.0,1.0807453416149069,161.0,2.037974683544304,243.0,-0.0813618873107883,0.2616717123097741,66.0,177.0,-0.0468698364701732,-0.1908306237886968,1.3125674919150143,-0.2322778134491308,-0.1276783427257898,0.185,0.235,0.27,0.315,0.44,2.0
148.0,0.9736842105263158,152.0,1.0780141843971631,141.0,0.8294117647058824,170.0,0.8808290155440415,165.0,1.25,132.0,1.1785714285714286,112.0,0.5572139303482587,201.0,1.5227272727272727,219.0,-0.8078778385312976,0.6327865917173694,104.0,115.0,0.6951513375341779,1.005357606882383,1.173861598381896,-1.9881544831584743,-0.7520334887354653,0.435,0.475,0.48,0.69,0.845,2.0
168.0,1.5135135135135136,111.0,0.6686746987951807,166.0,1.5229357798165135,109.0,0.6606060606060606,161.0,1.2777777777777777,126.0,0.6885245901639344,183.0,1.7102803738317758,107.0,0.6772151898734177,186.0,-0.1391177011494567,0.5097672558923774,74.0,112.0,0.5169441760057295,0.6240435215923388,0.6431367321055941,-0.0844466753766265,0.6169873721925528,0.6,0.645,0.65,0.79,0.665,2.0
139.0,0.9858156028368794,141.0,1.1370967741935485,124.0,0.8794326241134752,141.0,1.0601503759398496,185.0,2.102272727272727,88.0,0.4782608695652174,184.0,2.0444444444444443,90.0,0.6923076923076923,178.0,-0.0156742107985627,0.2978536473767131,49.0,129.0,0.4484222657688796,0.4679685226452157,0.517727553989746,0.071381312284346,0.488684192219664,0.475,0.49,0.515,0.625,0.53,2.0
166.0,0.976470588235294,170.0,1.011904761904762,168.0,1.4736842105263157,114.0,0.5277777777777778,242.0,2.0,121.0,0.5627906976744186,215.0,2.0673076923076925,104.0,0.488262910798122,246.0,-0.2946020895425061,0.5620907557996909,77.0,169.0,1.2238521441694543,-0.4016429664738189,2.2002101075868854,-0.8719647291317805,-0.7205565821581028,0.285,0.245,0.31,0.42,0.38,2.0
171.0,0.890625,192.0,1.037837837837838,185.0,1.5546218487394958,119.0,0.5509259259259259,217.0,2.047169811320755,106.0,0.4690265486725664,226.0,1.899159663865546,119.0,0.5129310344827587,232.0,-0.115159038710058,0.4997649388160493,81.0,151.0,1.5054329432719111,-0.2589625439714868,2.0882413870045213,-0.7638403237250482,-0.4069296399751199,0.33,0.285,0.35,0.485,0.61,2.0
181.0,1.587719298245614,114.0,0.4160583941605839,274.0,1.5393258426966292,178.0,1.105590062111801,229.0,2.1009174311926606,109.0,0.4759825327510917,229.0,1.323699421965318,173.0,0.9453551912568308,247.0,-0.2077467887593258,0.5025089347072932,87.0,160.0,1.1108773814294752,-0.3965267703499175,2.0496879155967607,-0.6185395635320688,-0.4134868762555845,0.325,0.29,0.355,0.405,0.625,2.0
129.0,1.0403225806451613,124.0,0.7654320987654321,162.0,1.0588235294117647,153.0,1.0851063829787233,152.0,1.3333333333333333,114.0,0.7808219178082192,146.0,0.9605263157894736,152.0,1.0410958904109588,156.0,-0.0871258434696713,0.3305001854134627,50.0,106.0,0.4839620411264199,0.3708541583608175,0.5582758672082176,0.2597792803417185,0.2701419816362758,0.56,0.58,0.59,0.615,0.62,2.0
129.0,0.9772727272727272,132.0,1.0476190476190477,126.0,1.135135135135135,111.0,0.8951612903225806,148.0,1.1746031746031746,126.0,1.0677966101694916,118.0,1.102803738317757,107.0,0.823076923076923,177.0,-0.142805693359332,0.6164187982588023,74.0,103.0,0.6348500001857591,-2.266413620589575,0.8041007997387747,-0.1020969982796126,0.2884996096426552,0.625,0.425,0.68,0.845,0.77,2.0
88.0,0.5866666666666667,150.0,1.25,120.0,1.0526315789473684,114.0,1.0,137.0,1.3300970873786409,103.0,0.7573529411764706,136.0,1.1623931623931625,117.0,1.0,151.0,-0.318110154279658,0.555507913949594,56.0,95.0,-0.4441967951516672,-0.2917784848066346,0.5005890031809346,-2.3260523988160497,0.1251447675669026,0.17,0.275,0.325,0.385,0.56,2.0
165.0,1.4102564102564104,117.0,0.8068965517241379,145.0,1.4356435643564356,101.0,0.7318840579710145,108.0,0.6708074534161491,161.0,1.2578125,128.0,1.1636363636363636,110.0,0.6875,147.0,-0.092416993969678,0.5351950347365717,72.0,75.0,0.5808828098896635,-1.9451238417079024,0.7139810477965656,-0.0641055468836277,0.6623009252614619,0.715,0.49,0.775,0.96,0.795,2.0
98.0,0.5764705882352941,170.0,1.4912280701754386,114.0,0.7916666666666666,144.0,0.9,177.0,1.1568627450980393,153.0,1.5612244897959184,98.0,0.6163522012578616,159.0,1.1357142857142857,185.0,-0.1957753135890518,0.3961716200440994,62.0,123.0,-0.0788680403243685,-0.1320664125336395,1.2058901189907028,0.1919301119274684,0.3125484158043634,0.18,0.245,0.34,0.395,0.405,2.0
75.0,0.4716981132075472,159.0,1.9875,80.0,0.5194805194805194,154.0,1.8333333333333333,153.0,1.2644628099173554,121.0,1.4938271604938271,81.0,0.5294117647058824,153.0,1.8888888888888888,165.0,-0.3810362534110723,0.4552854458641096,58.0,107.0,0.6743239009366365,-0.9869585850557032,1.5370549050546094,-1.3399181227269792,-0.4273368254272425,0.32,0.135,0.355,0.395,0.6,2.0
173.0,1.0421686746987953,166.0,1.031055900621118,161.0,1.0592105263157894,152.0,0.9681528662420382,223.0,1.4025157232704402,159.0,1.0127388535031847,157.0,0.9751552795031057,161.0,0.8994413407821229,216.0,-0.1624430882862562,0.63701426153003,60.0,156.0,-0.3098763355089762,-0.1682544122032755,1.6301657067847355,-2.0719072161568817,0.645970227712392,0.165,0.23,0.275,0.335,0.475,2.0
165.0,1.6176470588235294,102.0,0.6071428571428571,168.0,1.4608695652173913,115.0,0.732484076433121,182.0,1.4444444444444444,126.0,0.7159090909090909,176.0,1.6761904761904762,105.0,0.6730769230769231,194.0,-0.0712534238265187,0.5170613664309316,67.0,127.0,0.4344640210655499,0.7935603453635324,0.8295363208307156,-0.0615971524590052,0.7954114249503702,0.48,0.555,0.565,0.73,0.58,2.0
178.0,1.6330275229357798,109.0,0.6374269005847953,171.0,1.5833333333333333,108.0,0.5901639344262295,182.0,1.467741935483871,124.0,0.6262626262626263,198.0,1.7837837837837838,111.0,0.6271186440677966,194.0,-0.0548013442963355,0.4800759614213399,67.0,127.0,0.5868335262773574,0.7693124360390347,0.777113014735928,-0.0264955447586788,0.3349766003408316,0.51,0.57,0.575,0.745,0.64,2.0
137.0,1.0703125,128.0,0.9696969696969696,132.0,1.2571428571428571,105.0,0.8203125,158.0,1.264,125.0,1.0416666666666667,120.0,1.0169491525423728,118.0,0.8613138686131386,191.0,-0.1938063520593588,0.5844525052364309,81.0,110.0,0.4606402258251011,0.3527757700000804,0.8391584942439542,0.6815699891504087,0.6815699891504087,0.6,0.59,0.64,0.655,0.655,2.0
144.0,1.152,125.0,0.992063492063492,126.0,1.2475247524752475,101.0,0.6688741721854304,195.0,1.4885496183206106,131.0,1.0234375,128.0,0.7619047619047619,168.0,1.3125,203.0,-0.253087389267445,0.3473794149194587,67.0,136.0,-0.2683915926322913,-0.2909084222199704,1.122385268333617,-0.1750835457696158,-0.0563132625919427,0.235,0.245,0.33,0.39,0.395,2.0
108.0,0.9642857142857144,112.0,0.9824561403508772,114.0,1.0458715596330277,109.0,0.981981981981982,173.0,1.453781512605042,119.0,1.101851851851852,108.0,0.972972972972973,111.0,0.502262443438914,171.0,-0.1601035963353606,0.6596849701547607,50.0,121.0,0.7583281665821582,-2.2352039143878133,1.1972437635896702,-0.2521880738544967,1.1326506935484724,0.465,0.305,0.495,0.71,0.515,2.0
166.0,1.4067796610169492,118.0,1.0260869565217392,115.0,1.4375,80.0,0.5228758169934641,149.0,1.8860759493670887,79.0,0.5231788079470199,151.0,1.2583333333333333,120.0,1.0619469026548674,163.0,-0.1798737393226177,0.607368241815461,59.0,104.0,-0.174201557744286,-0.1766279469408227,0.9182627640809536,-2.204619162882389,0.3808944385742656,0.22,0.245,0.315,0.375,0.54,2.0
164.0,1.5327102803738315,107.0,0.6045197740112994,177.0,1.6857142857142855,105.0,0.6687898089171974,149.0,1.3545454545454545,110.0,1.2941176470588236,85.0,0.3386454183266932,251.0,2.163793103448276,171.0,-0.293620599197083,0.5392523680673447,67.0,104.0,0.5026930135311068,-2.239208009009972,0.6066103620415324,-0.2541039316840032,-0.1293286219196141,0.6,0.39,0.64,0.825,0.75,2.0
176.0,1.6761904761904762,105.0,0.6730769230769231,156.0,1.5294117647058822,102.0,0.6986301369863014,172.0,1.5087719298245614,114.0,0.6867469879518072,166.0,1.5961538461538465,104.0,0.6341463414634146,192.0,-0.1761694386936421,0.4905671946058,72.0,120.0,0.5893500817950713,0.6394469576564799,0.6951726387701632,0.620274207367131,0.620274207367131,0.555,0.58,0.595,0.62,0.62,2.0
147.0,1.4,105.0,0.813953488372093,129.0,1.5542168674698795,83.0,0.5684931506849316,140.0,1.1965811965811965,117.0,1.5194805194805194,77.0,0.506578947368421,152.0,2.111111111111111,160.0,-0.3720310284426068,0.489008326668764,62.0,98.0,1.2163487072263186,-0.3824440538328348,1.6593463276072056,-1.4388433294547651,-0.3764109352002501,0.37,0.24,0.39,0.435,0.67,2.0
192.0,1.8823529411764703,102.0,0.5895953757225434,173.0,1.4786324786324787,117.0,0.585,194.0,1.6581196581196582,117.0,0.582089552238806,201.0,1.4779411764705883,136.0,1.4166666666666667,214.0,-0.1112553148860314,0.4336611660800252,79.0,135.0,0.4983116519430087,-1.9696358336563835,0.6487723863330139,0.6299224077998543,0.6299224077998543,0.52,0.365,0.56,0.575,0.575,2.0
163.0,1.044871794871795,156.0,1.0196078431372548,153.0,1.0551724137931036,145.0,1.1983471074380163,162.0,1.4336283185840708,113.0,0.6647058823529411,170.0,1.5454545454545454,110.0,0.625,197.0,-0.1766594512887807,0.5294867912551726,84.0,113.0,0.5480186408674372,0.5921439924891545,0.826272846491506,0.6201563548529655,0.6388902671651238,0.605,0.625,0.645,0.665,0.67,2.0
220.0,0.990990990990991,222.0,0.9866666666666668,225.0,1.0089686098654709,223.0,1.0276497695852536,107.0,0.9304347826086956,115.0,1.0454545454545454,110.0,0.5045871559633027,218.0,1.9292035398230087,151.0,0.046244534284823,0.9447897663338674,77.0,74.0,1.9153517796712325,2.658496820163774,2.6916735915316066,-0.806675457979823,-0.048756975350061,0.455,0.505,0.515,0.57,0.895,2.0
128.0,1.3617021276595744,94.0,0.6351351351351351,148.0,0.6577777777777778,225.0,1.490066225165563,151.0,1.208,125.0,0.9615384615384616,130.0,0.9285714285714286,140.0,1.1570247933884297,172.0,-0.2333751477085994,0.4039215411830945,67.0,105.0,-0.0563074051801657,-0.2467006266771841,1.1327353971769745,0.1683659071741534,0.2683574124518434,0.32,0.29,0.39,0.45,0.465,2.0
205.0,2.0297029702970297,101.0,0.5738636363636364,176.0,1.5714285714285714,112.0,0.6021505376344086,190.0,1.6379310344827587,116.0,1.183673469387755,98.0,0.4298245614035088,228.0,2.0727272727272728,205.0,-0.0803226342882478,0.5202961936386916,72.0,133.0,0.5933704398777093,-2.092054394971969,0.7733036321643784,0.7695206088513926,0.456911642335293,0.53,0.355,0.585,0.595,0.645,2.0
128.0,1.0406504065040652,123.0,0.9111111111111112,135.0,0.9121621621621622,148.0,1.064748201438849,158.0,1.2845528455284554,123.0,0.968503937007874,127.0,0.9338235294117648,136.0,1.3076923076923077,181.0,-0.2632962974954662,0.5881232480352876,71.0,110.0,0.609691548441169,0.4667870156405546,0.7410776103034309,0.6879152201552649,0.6879152201552649,0.57,0.56,0.605,0.62,0.62,2.0
184.0,1.0514285714285714,175.0,1.1217948717948718,156.0,0.9873417721518988,158.0,1.0,219.0,1.4797297297297298,148.0,0.9487179487179488,156.0,0.9873417721518988,158.0,0.9239766081871345,223.0,-0.1819662326039573,0.2886062481453774,70.0,153.0,-0.1584146075213887,-0.3258817113112274,1.1061859288672191,-0.6959216427955054,0.1238965052422099,0.24,0.285,0.315,0.36,0.52,2.0
116.0,1.2083333333333333,96.0,0.6906474820143885,139.0,1.1982758620689655,116.0,1.008695652173913,116.0,0.8787878787878788,132.0,1.1282051282051282,117.0,0.9915254237288136,118.0,0.9672131147540984,153.0,-0.1878842243115666,0.4824013829583183,72.0,81.0,0.948925647161807,-0.1373704990749492,1.6022533385213893,-1.427838794162413,-0.1100088852674726,0.39,0.285,0.425,0.475,0.745,2.0
143.0,0.8719512195121951,164.0,1.1798561151079137,139.0,0.879746835443038,158.0,0.7488151658767772,226.0,2.1121495327102804,107.0,0.5194174757281553,206.0,1.7166666666666666,120.0,0.6857142857142857,237.0,-0.1771117224503778,0.4571193042075952,79.0,158.0,0.4725312299395534,-2.151516077636257,0.6403529598610417,-0.103232558930259,0.4254932468391942,0.48,0.34,0.52,0.64,0.565,2.0
134.0,1.0387596899224807,129.0,1.1217391304347826,115.0,1.0087719298245614,114.0,0.957983193277311,141.0,1.110236220472441,127.0,0.9694656488549618,131.0,1.0916666666666666,120.0,1.0084033613445378,174.0,-0.1066127037216788,0.4629034624973328,76.0,98.0,0.5740878265147938,0.5825165018026068,0.6511087694480435,0.5994461632776562,0.5994461632776562,0.63,0.655,0.665,0.695,0.695,2.0
165.0,1.5566037735849056,106.0,0.6235294117647059,170.0,1.588785046728972,107.0,0.6407185628742516,169.0,1.5089285714285714,112.0,0.6187845303867403,181.0,1.4251968503937007,127.0,0.8300653594771242,190.0,-0.0551068339668737,0.4708570200828504,72.0,118.0,0.4938689379597802,0.6779722575603552,0.7565829624430054,-0.0682979369407133,0.6927957256538186,0.545,0.595,0.615,0.775,0.63,2.0
213.0,1.3229813664596273,161.0,0.9698795180722892,166.0,1.031055900621118,161.0,1.087837837837838,202.0,1.2469135802469136,162.0,1.018867924528302,159.0,1.096551724137931,145.0,1.9594594594594597,215.0,-0.2497983847134208,0.7312512664508705,74.0,141.0,0.6067709452608918,-0.178577194118239,2.5655252274291223,-0.8110797036488012,-0.4170706868222296,0.295,0.26,0.34,0.46,0.41,2.0
235.0,2.0982142857142856,112.0,0.5233644859813084,214.0,1.9107142857142856,112.0,0.4890829694323144,225.0,2.0454545454545454,110.0,0.4247104247104247,259.0,1.7862068965517242,145.0,0.5776892430278885,237.0,-0.1084492156909424,0.550964741823279,80.0,157.0,1.3247139390036748,-0.2756555992370334,2.4565636531060955,-0.5948622785970631,-0.4565340233005942,0.315,0.285,0.34,0.395,0.595,2.0
224.0,1.041860465116279,215.0,2.0093457943925235,107.0,0.9907407407407408,108.0,0.9310344827586208,117.0,1.054054054054054,111.0,1.009090909090909,110.0,1.0,110.0,0.9821428571428572,153.0,0.0025851772073202,0.8890865625319351,72.0,81.0,1.630646216339542,-0.1237062091420646,2.61866056469043,-1.3746330872468044,-0.0393958619940629,0.44,0.4,0.475,0.685,0.835,2.0
130.0,0.7647058823529411,170.0,1.452991452991453,117.0,0.7452229299363057,157.0,1.1893939393939394,174.0,1.2083333333333333,144.0,1.152,125.0,0.992063492063492,126.0,0.7924528301886793,185.0,-0.0720066816142314,0.3999995037928317,64.0,121.0,0.7789165269957561,-1.0413329455654556,0.9450449277216506,-0.1878321928853931,-0.171771418187327,0.58,0.355,0.615,0.775,0.78,2.0
107.0,0.4976744186046511,215.0,1.936936936936937,111.0,0.502262443438914,221.0,1.1881720430107527,240.0,1.1214953271028036,214.0,1.1322751322751323,189.0,1.8173076923076923,104.0,0.4748858447488584,238.0,-0.2249441539613745,0.267656326794051,70.0,168.0,0.0759009257429347,0.1439270874396969,0.202414720920882,0.1616829539002902,0.1425151148210408,0.47,0.515,0.525,0.535,0.56,2.0
162.0,1.3388429752066116,121.0,0.9758064516129032,124.0,1.2525252525252526,99.0,0.66,162.0,0.9759036144578314,166.0,1.070967741935484,155.0,1.2015503875968991,129.0,0.8113207547169812,174.0,-0.2264315478753232,0.3511871889809035,61.0,113.0,-0.23,-0.2463319380673793,1.0337137381817212,0.0114024181435272,0.1208915134172768,0.205,0.255,0.355,0.415,0.425,2.0
116.0,0.6823529411764706,170.0,1.4782608695652173,115.0,1.0648148148148149,108.0,0.574468085106383,176.0,1.6923076923076923,104.0,0.7074829931972789,147.0,1.3363636363636364,110.0,0.7801418439716312,205.0,-0.038738779939337,0.5234533136333048,82.0,123.0,0.6947416665923354,0.3294698818861098,0.7844308757274323,-0.0082014067445241,0.5057479375240068,0.595,0.525,0.63,0.815,0.69,2.0
116.0,0.4696356275303643,247.0,1.8571428571428568,133.0,0.5495867768595041,242.0,1.4069767441860466,244.0,1.5061728395061729,162.0,0.9700598802395208,167.0,0.9382022471910112,178.0,1.04093567251462,250.0,-0.0889846837712987,0.2930959526245911,80.0,170.0,0.1938811993931526,0.0090342638003425,0.4161104086525148,0.3711115018723189,0.3711115018723189,0.5,0.46,0.575,0.595,0.595,2.0
117.0,1.017391304347826,115.0,1.2637362637362637,91.0,0.6148648648648649,148.0,1.2231404958677683,153.0,1.7,90.0,0.6206896551724138,145.0,1.2083333333333333,120.0,1.0169491525423728,164.0,-0.1125542477070044,0.6510883387124723,57.0,107.0,0.7932249466052209,0.2962560602860005,0.9486810044027492,-0.0448448578338079,-0.0336178729492707,0.575,0.48,0.61,0.765,0.77,2.0
119.0,1.4875,80.0,0.5,160.0,1.322314049586777,121.0,0.983739837398374,145.0,1.7058823529411764,85.0,0.551948051948052,154.0,1.5247524752475248,101.0,0.7426470588235294,169.0,-0.228654281435151,0.4162918553382088,68.0,101.0,0.7057285649426294,-0.1820906848487231,1.4066903451045412,-1.2407027704507745,-0.1055031428063589,0.37,0.27,0.405,0.45,0.71,2.0
142.0,1.0518518518518518,135.0,1.0305343511450382,131.0,1.0396825396825398,126.0,1.0,179.0,1.2877697841726619,139.0,1.1031746031746033,126.0,1.008,125.0,0.8741258741258742,180.0,-0.1940698498905367,0.5219143951105498,55.0,125.0,0.8066898020461121,-0.4753770334591769,1.7348997286970904,-0.6331055812413844,-0.1110750731878987,0.285,0.23,0.31,0.355,0.485,2.0
147.0,1.348623853211009,109.0,0.6228571428571429,175.0,1.4830508474576272,118.0,0.6704545454545454,168.0,1.5135135135135136,111.0,0.6686746987951807,166.0,1.5229357798165135,109.0,0.6606060606060606,192.0,-0.0332071977210063,0.4773570003389964,75.0,117.0,0.5258013949662823,-1.9309760807396268,0.7456056722854164,0.6778001312366184,0.6945749400622097,0.56,0.39,0.615,0.63,0.635,2.0
108.0,0.9642857142857144,112.0,0.9655172413793104,116.0,1.0841121495327102,107.0,0.9727272727272728,122.0,1.2448979591836735,98.0,0.8235294117647058,119.0,0.5458715596330275,218.0,2.0,155.0,-0.0734672807706797,0.9884574699101712,70.0,85.0,1.3344964422281769,-0.2267303001768454,2.7359186124358112,-1.6359381794227406,-0.5395289344276963,0.425,0.395,0.465,0.67,0.795,2.0
110.0,1.0185185185185186,108.0,0.9473684210526316,114.0,1.0363636363636364,110.0,0.9821428571428572,107.0,1.0388349514563107,103.0,0.865546218487395,119.0,0.536036036036036,222.0,2.1346153846153846,152.0,-0.0920502393269908,0.9480557966690222,78.0,74.0,1.3734140909694654,-0.2519202601425021,2.7371890509480115,-0.8865841431934883,-0.0552812669594446,0.46,0.425,0.515,0.57,0.88,2.0
224.0,1.6115107913669064,139.0,0.9328859060402684,149.0,1.0205479452054795,146.0,1.131782945736434,133.0,1.316831683168317,101.0,0.7112676056338029,142.0,0.8452380952380952,168.0,1.0769230769230769,139.0,-0.1871963953767668,0.247762195296394,46.0,93.0,0.2304368083677793,-0.8379151015928447,0.2989580707578025,-0.1268622611607782,0.2314274108759418,0.595,0.345,0.64,0.785,0.665,2.0
131.0,1.190909090909091,110.0,0.8527131782945736,129.0,1.1727272727272726,110.0,0.7638888888888888,129.0,0.9772727272727273,132.0,1.0476190476190477,126.0,1.135135135135135,111.0,0.8951612903225806,171.0,-0.4335388864378518,0.4856748244381889,81.0,90.0,0.3634027842237333,-0.1310477398272257,1.0631219974977162,0.0107229926626607,0.3860540959822834,0.685,0.71,0.725,0.74,0.745,2.0
154.0,1.855421686746988,83.0,0.5928571428571429,140.0,1.147540983606557,122.0,1.4698795180722892,155.0,1.8902439024390243,82.0,0.5222929936305732,157.0,1.891566265060241,83.0,0.538961038961039,161.0,-0.350282900798735,0.6708736604067088,53.0,108.0,0.4614795902967699,0.1237998377675329,0.7245106594474287,-0.3341784253366784,0.2185432072284332,0.54,0.465,0.59,0.775,0.66,2.0
130.0,0.9219858156028368,141.0,0.9096774193548388,155.0,1.0064935064935066,154.0,1.1846153846153846,98.0,0.4188034188034188,234.0,1.872,125.0,0.573394495412844,218.0,2.037383177570093,130.0,0.0453031159532879,0.6248565283599512,62.0,68.0,1.3262605185416387,-0.0856280284722754,1.6855249962187986,-0.5987490115824443,-0.5083901677984988,0.445,0.36,0.475,0.56,0.57,2.0
158.0,1.144927536231884,138.0,1.0952380952380951,126.0,1.0327868852459017,122.0,0.7672955974842768,139.0,1.2300884955752212,113.0,0.6647058823529411,170.0,1.3076923076923077,130.0,1.04,174.0,-0.100107339460087,0.4855210402307819,77.0,97.0,0.472701342794781,0.6312382363849349,0.664836858859748,0.5100788638898551,0.5100788638898551,0.61,0.67,0.68,0.72,0.72,2.0
86.0,0.4056603773584906,212.0,1.3333333333333333,159.0,1.2926829268292683,123.0,0.6212121212121212,198.0,1.2375,160.0,1.4678899082568808,109.0,0.5477386934673367,199.0,1.4316546762589928,203.0,-0.3166394089185017,0.26814130321773,65.0,138.0,-0.2920772434995886,-0.427349119632749,0.929453221826341,-0.933585024365439,0.0072458556813981,0.215,0.28,0.315,0.365,0.555,2.0
158.0,1.5047619047619047,105.0,0.6907894736842105,152.0,1.5510204081632653,98.0,0.5697674418604651,165.0,1.5566037735849056,106.0,0.6385542168674698,166.0,1.537037037037037,108.0,0.6506024096385542,189.0,-0.0696709927860901,0.5436342532547536,74.0,115.0,0.7479207458850013,0.689382650255409,0.8032406881557584,0.7684678901119599,0.4587143767748932,0.605,0.595,0.64,0.65,0.7,2.0
178.0,1.424,125.0,0.8680555555555556,144.0,1.2307692307692308,117.0,0.6324324324324324,210.0,1.5441176470588236,136.0,0.8192771084337349,166.0,1.5809523809523809,105.0,0.6441717791411042,227.0,-0.0409110961476603,0.4429385203390741,80.0,147.0,0.5562137922095088,0.6709511866011257,0.7428872563426365,0.6593307298753409,0.6593307298753409,0.52,0.555,0.56,0.58,0.58,2.0
114.0,0.6745562130177515,169.0,1.1655172413793105,145.0,1.1153846153846154,130.0,0.5327868852459017,182.0,1.0340909090909092,176.0,1.1,160.0,0.98159509202454,163.0,1.2635658914728682,189.0,-0.2369471134364381,0.3883031712286287,62.0,127.0,0.6891100850842279,-0.2382806864365058,1.2318911066737706,-0.0159217981653948,0.11464738427676,0.305,0.24,0.33,0.39,0.4,2.0
167.0,1.5045045045045045,111.0,0.4586776859504132,242.0,2.0,121.0,0.5627906976744186,230.0,2.0,115.0,0.5476190476190477,210.0,1.627906976744186,129.0,0.4980694980694981,256.0,-0.3538815067118648,0.5475292097456956,95.0,161.0,0.8921301452862629,-0.5428457733224359,2.039332912628136,-0.8869233244572532,-0.7455284375108525,0.34,0.3,0.37,0.43,0.625,2.0
150.0,1.3636363636363635,110.0,0.5,220.0,1.896551724137931,116.0,0.4915254237288136,232.0,1.288888888888889,180.0,1.0714285714285714,168.0,0.9655172413793104,174.0,1.029585798816568,249.0,-0.192011656516576,0.520121952222332,87.0,162.0,1.2014019586452689,-0.3217061002234688,2.0215355662784797,-0.7158919640780261,-0.53469904909175,0.32,0.28,0.35,0.415,0.615,2.0
108.0,0.48,225.0,1.3975155279503106,161.0,0.9583333333333334,168.0,1.0434782608695652,211.0,1.2710843373493976,166.0,0.9431818181818182,176.0,0.9263157894736842,190.0,1.091954022988506,219.0,-0.0342063240973753,0.4765514124750155,72.0,147.0,1.3100868197250823,-0.2694129252618927,2.181872583367141,-0.4397236180904522,-0.4397236180904522,0.305,0.265,0.33,0.385,0.385,2.0
98.0,0.4260869565217391,230.0,1.7164179104477613,134.0,0.9710144927536232,138.0,1.5164835164835164,224.0,1.671641791044776,134.0,1.072,125.0,0.6510416666666666,192.0,1.0726256983240223,218.0,-0.1534640245658527,0.3545772289582773,62.0,156.0,-0.0257626318461672,-0.1534998521251836,1.2906204384823634,0.104228989279831,0.1756813318692811,0.15,0.205,0.285,0.335,0.34,2.0
127.0,1.0,127.0,1.165137614678899,109.0,1.379746835443038,79.0,0.6171875,163.0,1.1088435374149659,147.0,0.98,150.0,1.020408163265306,147.0,1.105263157894737,178.0,-0.202095895600402,0.2269284312653876,64.0,114.0,0.0574657307934806,-0.0767607748742333,0.1916542936055464,-0.2168009224712995,0.1720878197378745,0.555,0.51,0.59,0.735,0.605,2.0
171.0,1.6764705882352942,102.0,0.5425531914893617,188.0,1.709090909090909,110.0,0.5729166666666666,183.0,1.4758064516129032,124.0,0.656084656084656,189.0,1.431818181818182,132.0,0.7021276595744681,197.0,-0.145555624889331,0.4930720277919354,69.0,128.0,0.6379337753292074,0.6301997071739882,0.7050822136860098,0.6612845929735199,0.6612845929735199,0.535,0.545,0.565,0.58,0.58,2.0
164.0,1.0445859872611465,157.0,1.0536912751677852,149.0,1.6195652173913044,92.0,0.46,195.0,1.3636363636363635,143.0,0.9794520547945206,146.0,1.0138888888888888,144.0,0.9411764705882352,204.0,-0.3168291652350401,0.272403542171597,68.0,136.0,-0.3055791015774187,-0.426767699971771,1.0851246465245186,-0.5790781247414305,-0.0169191016572774,0.175,0.295,0.335,0.38,0.565,2.0
289.0,1.8407643312101911,157.0,1.6702127659574468,94.0,0.573170731707317,164.0,1.2238805970149254,199.0,1.2838709677419355,155.0,0.9935897435897436,156.0,1.625,96.0,0.6666666666666666,216.0,-0.0734849944613341,0.3268398336802253,77.0,139.0,-0.0852989292299506,-0.0832488960749857,1.1082596865460506,0.2925301748489579,0.3993238946046303,0.25,0.275,0.36,0.415,0.42,2.0
118.0,1.0727272727272728,110.0,1.896551724137931,58.0,0.3372093023255814,172.0,2.0,149.0,1.2314049586776858,121.0,1.0341880341880345,117.0,0.9590163934426228,122.0,1.0608695652173914,170.0,-0.2769634514639665,0.5966706518403434,66.0,104.0,-0.3378768454927675,-0.3649831002422947,0.8009810707855227,-2.3429545767106643,0.489804742243957,0.31,0.295,0.39,0.445,0.655,2.0
161.0,1.319672131147541,122.0,1.0427350427350428,117.0,1.1037735849056605,106.0,0.7737226277372263,85.0,0.4594594594594595,185.0,1.5289256198347108,121.0,1.0254237288135593,118.0,0.9915966386554622,120.0,-0.1760398827326285,0.7929899961900684,61.0,59.0,1.187628062594994,-0.0569074758247287,2.0282391181131527,-1.0809642618273885,-0.72088981507084,0.45,0.385,0.51,0.845,0.695,2.0
171.0,1.6601941747572817,103.0,0.5597826086956522,184.0,1.5726495726495726,117.0,0.6763005780346821,184.0,1.2777777777777777,144.0,1.1076923076923078,130.0,0.9701492537313432,134.0,1.072,199.0,-0.1683084412344528,0.4967075464556871,71.0,128.0,0.580935222120021,0.507889316219521,0.7069534474352045,0.4941637152896446,0.4941637152896446,0.555,0.54,0.585,0.62,0.62,2.0
138.0,1.1596638655462186,119.0,1.5657894736842106,76.0,0.4967320261437908,153.0,1.4854368932038835,156.0,1.278688524590164,122.0,1.0427350427350428,117.0,1.0086206896551724,116.0,1.008695652173913,164.0,-0.0929336625940638,0.6833683694168664,55.0,109.0,0.832456881915622,0.4754863321094287,0.9500372241087602,0.0354522613065326,0.8929253213097984,0.565,0.48,0.595,0.745,0.615,2.0
159.0,1.6224489795918366,98.0,0.6490066225165563,151.0,1.4245283018867925,106.0,0.7361111111111112,141.0,1.0681818181818181,132.0,1.056,125.0,1.0416666666666667,120.0,0.9375,169.0,-0.1738270248496369,0.5568334862258801,71.0,98.0,0.6043641118491834,-2.2508493706517587,0.7033708412768411,-0.1542133010258163,0.6991160541694549,0.62,0.42,0.655,0.825,0.67,2.0
111.0,1.0,111.0,0.956896551724138,116.0,0.5155555555555555,225.0,1.9396551724137927,170.0,1.5178571428571428,112.0,1.0,112.0,0.9739130434782608,115.0,1.0176991150442478,176.0,-0.1468495607055533,0.5967491124201786,58.0,118.0,0.7087899763128628,0.0841172642125548,1.6007781744012546,-1.0459450930385965,0.5437044986898305,0.3,0.275,0.34,0.375,0.56,2.0
114.0,1.4074074074074074,81.0,0.5625,144.0,1.263157894736842,114.0,1.027027027027027,116.0,1.0265486725663717,113.0,0.9658119658119658,117.0,0.9915254237288136,118.0,1.5526315789473684,160.0,-0.2876285310841202,0.4084948975358069,79.0,81.0,0.4508348459622563,0.0268210849128353,1.158605163219779,-1.584136923252002,-0.1598047699360651,0.41,0.38,0.45,0.495,0.75,2.0
219.0,1.4503311258278146,151.0,0.9263803680981596,163.0,1.8111111111111111,90.0,0.3358208955223881,235.0,1.298342541436464,181.0,1.0225988700564972,177.0,1.0858895705521472,163.0,1.0516129032258064,240.0,-0.2006034868101995,0.236752427113661,76.0,164.0,-0.233001016586524,-0.4136539824773624,1.0000914319573346,-0.6814333464935156,0.1694933891132651,0.215,0.28,0.315,0.36,0.53,2.0
129.0,0.9923076923076924,130.0,1.3541666666666667,96.0,0.4465116279069767,215.0,1.6044776119402986,297.0,2.167883211678832,137.0,1.053846153846154,130.0,0.7647058823529411,170.0,1.452991452991453,271.0,-0.2919006326559572,0.399017393955993,64.0,207.0,-0.2325015350100271,-0.2427830447294566,1.34740057362594,0.2903350977603118,0.3548798627316033,0.14,0.155,0.235,0.275,0.28,2.0
156.0,1.0196078431372548,153.0,1.0132450331125828,151.0,1.6593406593406594,91.0,0.4666666666666667,228.0,1.5302013422818792,149.0,1.0,149.0,0.9675324675324676,154.0,0.9565217391304348,229.0,-0.0709281430451715,0.3136870310934981,70.0,159.0,-0.053402824371775,-0.175859932278762,1.66663950319594,-0.4417501204305732,-0.0296782058233607,0.23,0.27,0.305,0.355,0.52,2.0
151.0,1.336283185840708,113.0,0.6420454545454546,176.0,1.660377358490566,106.0,0.6751592356687898,152.0,1.5510204081632653,98.0,0.5697674418604651,172.0,1.421487603305785,121.0,0.6914285714285714,179.0,-0.2241927276655001,0.4557167169041408,73.0,106.0,0.4623196855533147,-2.0684376597738003,0.5201438446054307,-0.2545222814531624,0.4775561778642639,0.6,0.41,0.635,0.815,0.65,2.0
139.0,0.9586206896551724,145.0,0.9666666666666668,150.0,0.9202453987730062,163.0,0.9476744186046512,834.0,5.2784810126582276,158.0,0.9937106918238994,159.0,0.9352941176470588,170.0,0.9497206703910616,638.0,-0.0778374960053205,0.5261831486377493,55.0,583.0,-0.18,-0.0754432856565748,2.00777228508184,-0.3974991433124012,-0.1151953032604964,0.445,0.485,0.5,0.545,0.83,2.0
306.0,2.6153846153846154,117.0,0.5969387755102041,196.0,1.798165137614679,109.0,0.545,200.0,1.9607843137254901,102.0,0.5024630541871922,203.0,1.897196261682243,107.0,0.6369047619047619,217.0,-0.8724647030098615,0.3215896993400078,77.0,140.0,-0.8181656478925656,-0.8505085894257598,0.4109168974597366,-1.0678195436228577,-0.6483150797383864,0.3,0.29,0.36,0.385,0.395,2.0
159.0,1.394736842105263,114.0,0.6333333333333333,180.0,1.7142857142857142,105.0,0.6645569620253164,170.0,1.6037735849056605,106.0,0.6666666666666666,159.0,1.6224489795918366,98.0,0.6363636363636364,197.0,-0.032066976500763,0.4747665059313294,79.0,118.0,0.6300099171194483,0.2329787155751281,0.89208507228436,0.5999756778669469,0.5999756778669469,0.6,0.535,0.65,0.67,0.67,2.0
101.0,0.6917808219178082,146.0,0.776595744680851,188.0,1.197452229299363,157.0,1.236220472440945,175.0,1.0736196319018405,163.0,1.181159420289855,138.0,1.3269230769230769,104.0,0.6709677419354839,185.0,-0.1104385443974072,0.3703518821515377,63.0,122.0,-0.1100959724531849,-0.1347367859259677,1.3101678247597928,0.146581274116217,0.3254720079468738,0.2,0.23,0.34,0.395,0.41,2.0
217.0,1.9908256880733943,109.0,0.981981981981982,111.0,0.9823008849557522,113.0,1.036697247706422,120.0,1.0909090909090908,110.0,0.990990990990991,111.0,1.0373831775700937,107.0,0.9907407407407408,154.0,-0.2503170716348443,1.0235408960644956,70.0,84.0,1.0210316510130502,-0.4861027500573051,2.7199397692122824,-1.879720505905501,-0.619333562493033,0.425,0.4,0.465,0.67,0.79,2.0
117.0,0.6,195.0,1.7727272727272727,110.0,0.7432432432432432,148.0,0.9135802469135802,190.0,1.1176470588235294,170.0,0.9770114942528736,174.0,1.0175438596491229,171.0,1.062111801242236,212.0,-0.5196504696529819,0.676218742717856,79.0,133.0,1.3406053314215534,1.4656261869338345,1.6936860039093626,-1.6200944307982854,-0.6879841029825424,0.325,0.365,0.375,0.58,0.425,2.0
115.0,1.4935064935064934,77.0,0.48125,160.0,1.3675213675213675,117.0,1.017391304347826,150.0,1.271186440677966,118.0,1.0172413793103448,116.0,1.3975903614457832,83.0,0.5460526315789473,161.0,-0.3505433543896181,0.6117672973777231,56.0,105.0,0.5439483143656321,0.6165326633165829,0.6184763531763411,-0.3096649860817049,0.2646817317230943,0.6,0.63,0.635,0.815,0.685,2.0
188.0,1.7735849056603774,106.0,1.261904761904762,84.0,0.3442622950819672,244.0,2.15929203539823,177.0,1.7019230769230769,104.0,0.4351464435146444,239.0,2.192660550458716,109.0,0.5396039603960396,168.0,-0.1787766812544267,0.3805506833152268,45.0,123.0,0.3226504095282839,0.2058415079826255,0.4231580414821871,0.3793008744273731,0.3932776675568128,0.435,0.405,0.475,0.49,0.495,2.0
129.0,1.0,129.0,0.8486842105263158,152.0,1.0482758620689656,145.0,1.835443037974684,136.0,1.088,125.0,0.7621951219512195,164.0,1.0718954248366013,153.0,1.0408163265306123,144.0,-0.1545737354540251,0.2163119933912639,49.0,95.0,0.1908428632356588,0.2505085617332921,0.2874860474214001,0.2749106771816915,0.2749106771816915,0.575,0.61,0.62,0.635,0.635,2.0
116.0,1.3975903614457832,83.0,0.5496688741721855,151.0,1.2377049180327868,122.0,1.0427350427350428,151.0,1.2796610169491525,118.0,0.9915966386554622,119.0,1.5256410256410255,78.0,0.5,160.0,-0.1329436547914715,0.6838879978733818,55.0,105.0,0.6923088286344306,0.3076120768226875,0.9296512143730722,-0.0911094328808407,0.9053939456719986,0.565,0.47,0.615,0.805,0.63,2.0
92.0,0.4532019704433497,203.0,1.301282051282051,156.0,1.1386861313868613,137.0,0.8896103896103896,146.0,0.776595744680851,188.0,1.197452229299363,157.0,1.236220472440945,127.0,1.0495867768595042,172.0,-0.1161659943050137,0.3842483095339435,70.0,102.0,0.6038024344464799,-0.096641676554568,1.1720672359972146,0.2194369660194475,0.378264297872972,0.38,0.295,0.42,0.475,0.485,2.0
113.0,1.0089285714285714,112.0,0.991150442477876,113.0,0.9741379310344828,116.0,0.5225225225225225,79.0,0.5642857142857143,140.0,1.25,112.0,0.9491525423728814,118.0,1.0,132.0,-0.3948483580126939,0.9252297914837004,77.0,55.0,1.055627381677606,-0.6069104132968934,2.3670796367971776,-1.0164930276781188,-0.4682482771720009,0.52,0.475,0.585,0.645,0.98,2.0
152.0,1.3333333333333333,114.0,1.008849557522124,113.0,1.0089285714285714,112.0,0.991150442477876,144.0,1.2521739130434784,115.0,0.9913793103448276,116.0,1.0265486725663715,113.0,1.0,156.0,-0.6029648556515764,0.5553573772306392,56.0,100.0,-0.0253431153819421,0.0943130982888383,0.2829087673581072,0.2005911407075832,0.2005911407075832,0.565,0.595,0.625,0.655,0.655,2.0
118.0,1.2291666666666667,96.0,0.6956521739130435,138.0,1.2212389380530972,113.0,0.9741379310344828,129.0,1.048780487804878,123.0,1.051282051282051,117.0,1.135922330097087,103.0,0.8879310344827587,161.0,-0.0079920032916028,0.4732506195256071,71.0,90.0,1.3356477606400945,0.0306979044668376,1.7541045158671107,-1.2570490593319363,0.0076424358807119,0.37,0.265,0.395,0.44,0.685,2.0
218.0,0.9954337899543378,219.0,1.990909090909091,110.0,1.0,110.0,1.02803738317757,122.0,1.161904761904762,105.0,0.9722222222222222,108.0,0.5,216.0,0.9818181818181818,153.0,-0.2687762476678973,0.9866680295071296,68.0,85.0,0.914623745683656,-0.3602091931141183,2.4666778832839853,-1.8484733304695344,-0.5207531596827502,0.41,0.385,0.45,0.67,0.8,2.0
159.0,1.4587155963302751,109.0,0.8384615384615385,130.0,1.0833333333333333,120.0,1.0344827586206895,130.0,1.0833333333333333,120.0,1.0256410256410255,117.0,1.1470588235294117,102.0,0.7611940298507462,161.0,-0.0318652882727607,0.4221796354919889,70.0,91.0,0.9256132306887892,-0.0257019259059121,1.522200251794312,-1.212101321550244,0.018097716972197,0.35,0.265,0.385,0.435,0.66,2.0
175.0,1.0606060606060606,165.0,0.9821428571428572,168.0,1.030674846625767,163.0,1.0584415584415583,225.0,1.5100671140939597,149.0,1.0205479452054795,146.0,0.9419354838709676,155.0,0.8611111111111112,231.0,-0.118360276369468,0.2589587414170312,74.0,157.0,0.2525226656389782,0.2304147185271301,0.3083139755230829,-0.1046591923342686,0.23832201735773,0.515,0.53,0.55,0.62,0.565,2.0
125.0,1.2626262626262623,99.0,0.4419642857142857,224.0,1.5555555555555556,144.0,1.1338582677165354,167.0,1.2748091603053435,131.0,0.891156462585034,147.0,0.8909090909090909,165.0,1.875,187.0,-0.0053853264163684,0.3654882327905775,71.0,116.0,0.5951447433539796,0.0243157792947689,1.3041389670560786,0.3005800026904777,0.4021844472047989,0.35,0.29,0.385,0.445,0.45,2.0
128.0,1.292929292929293,99.0,0.7557251908396947,131.0,1.2596153846153846,104.0,0.6582278481012658,146.0,1.280701754385965,114.0,1.0,114.0,1.027027027027027,111.0,0.7985611510791367,177.0,-0.1775466756647347,0.4798780736447715,75.0,102.0,0.5276925518063327,-2.104831856291163,0.61953734934345,-0.2152220593957912,0.3748584974826386,0.615,0.425,0.65,0.795,0.705,2.0
121.0,0.7202380952380952,168.0,0.9940828402366864,169.0,0.9234972677595628,183.0,1.1024096385542168,227.0,2.0088495575221237,113.0,0.5067264573991032,223.0,1.4025157232704402,159.0,1.0,236.0,-0.1370817773033513,0.3343613839335819,78.0,158.0,0.4067589112789906,0.3968398576597978,0.4465247669010925,0.4373201465817939,0.2364146514674882,0.5,0.525,0.545,0.555,0.58,2.0
114.0,0.7354838709677419,155.0,1.6666666666666667,93.0,0.4946808510638298,188.0,1.4573643410852712,176.0,1.2222222222222223,144.0,1.3584905660377358,106.0,0.5760869565217391,184.0,1.1572327044025157,188.0,-0.1625197767560044,0.3558467618947344,65.0,123.0,-0.0977948636430702,-0.1932602255026023,1.268292143331934,0.0239762059548532,0.1324695372348307,0.185,0.25,0.345,0.405,0.41,2.0
226.0,1.6142857142857143,140.0,0.8484848484848485,165.0,1.0185185185185186,162.0,1.7052631578947368,163.0,1.181159420289855,138.0,1.0866141732283463,127.0,0.6684210526315789,190.0,1.3286713286713288,179.0,-0.3391372251435394,0.4434421632284552,65.0,114.0,-0.2606537823968141,-0.345810953198888,1.134755482762217,0.0408906153648793,0.1711761407497233,0.2,0.23,0.36,0.425,0.435,2.0
110.0,0.5045871559633027,218.0,1.9292035398230087,113.0,1.0560747663551402,107.0,0.9727272727272728,114.0,1.0555555555555556,108.0,0.972972972972973,111.0,1.1935483870967742,93.0,0.7045454545454546,157.0,-0.2077323586492434,0.9957739062076718,78.0,79.0,1.3925086456717302,-0.5193571529375035,2.4779789457407437,-0.980347888897154,2.379857289874889,0.43,0.39,0.46,0.555,0.485,2.0
136.0,0.8292682926829268,164.0,1.28125,128.0,0.927536231884058,138.0,0.75,199.0,1.3724137931034484,145.0,1.0,145.0,0.8146067415730337,178.0,1.105590062111801,200.0,-0.2619540224474203,0.3670406742625591,61.0,139.0,-0.0914455665992715,-0.2724157253587582,1.215,-0.0365844989490941,0.1366455881965866,0.16,0.22,0.305,0.355,0.365,2.0
109.0,1.0092592592592593,108.0,1.0,108.0,0.9908256880733946,109.0,1.0380952380952382,112.0,1.009009009009009,111.0,1.0277777777777777,108.0,1.0485436893203883,103.0,0.9196428571428572,151.0,-0.3541448892473709,0.9086381512135656,73.0,78.0,0.5621107715895448,-0.5372479224465323,2.364851069888495,-1.061065831468222,-0.3865880222048949,0.42,0.395,0.485,0.545,0.85,2.0
180.0,1.487603305785124,121.0,1.0254237288135593,118.0,0.9915966386554622,119.0,0.9834710743801652,155.0,1.28099173553719,121.0,1.0168067226890756,119.0,1.469135802469136,81.0,0.5225806451612903,164.0,-0.1351474690605535,0.6104812839734347,56.0,108.0,0.699958486504745,0.3000216548346491,0.8161193667687358,-0.0963562174099219,0.4989837615727488,0.57,0.47,0.605,0.765,0.655,2.0
252.0,2.1,120.0,0.5769230769230769,208.0,1.94392523364486,107.0,0.4798206278026906,206.0,1.7166666666666666,120.0,0.5194805194805194,231.0,1.957627118644068,118.0,0.5315315315315315,221.0,-0.1613878419143466,0.4713718834493428,77.0,144.0,1.0373485706567336,-0.3000627139815214,2.0394034887920087,-0.5732268616189531,-0.3932059695054126,0.32,0.285,0.35,0.42,0.62,2.0
109.0,0.5396039603960396,202.0,1.565891472868217,129.0,0.6972972972972973,185.0,0.8525345622119815,222.0,1.85,120.0,0.6666666666666666,180.0,1.3333333333333333,135.0,0.8544303797468354,243.0,-0.1038060348271956,0.5789596941215105,88.0,155.0,0.7505253512088528,0.8200519522460391,0.8662279507758875,0.1297790361909194,0.265,0.535,0.565,0.575,0.665,0.64,2.0
167.0,1.3046875,128.0,0.7757575757575758,165.0,1.5277777777777777,108.0,0.8120300751879699,153.0,1.5,102.0,0.6891891891891891,148.0,1.3333333333333333,111.0,1.11,195.0,-0.1240336018752376,0.48169873592288,88.0,107.0,0.4105916376394945,-2.048233480290765,0.6843028985409024,-0.1241494216708107,-0.041489915008261,0.6,0.45,0.67,0.82,0.785,2.0
154.0,1.2727272727272727,121.0,1.0341880341880345,117.0,0.9590163934426228,122.0,1.008264462809917,168.0,1.3770491803278688,122.0,1.0166666666666666,120.0,1.5384615384615383,78.0,0.490566037735849,167.0,-0.1908542109736346,0.6164411023375737,50.0,117.0,-0.2025997634825541,-0.7087007677410185,0.7914410556739251,-2.220103040742121,0.2601170330164764,0.225,0.125,0.3,0.36,0.51,2.0
154.0,1.711111111111111,90.0,0.6164383561643836,146.0,1.1587301587301588,126.0,0.8289473684210527,148.0,1.2542372881355932,118.0,0.9076923076923076,130.0,1.25,104.0,0.6380368098159509,173.0,-0.3139839011781237,0.3797233981510914,70.0,103.0,0.4846667560946938,-0.2499932852395218,0.8888095241637638,-0.039269526517219,0.0875159263176851,0.38,0.31,0.405,0.47,0.48,2.0
121.0,0.568075117370892,213.0,1.4013157894736843,152.0,1.216,125.0,0.9615384615384616,148.0,1.121212121212121,132.0,1.1578947368421053,114.0,0.7080745341614907,161.0,1.2105263157894737,186.0,-0.0229898826819036,0.580246732239848,83.0,103.0,0.5741114845199091,-1.930236394482824,0.8663546696322058,0.6103931481611913,0.8457770478541518,0.665,0.515,0.735,0.795,0.75,2.0
119.0,0.875,136.0,0.8774193548387097,155.0,1.0616438356164384,146.0,1.042857142857143,196.0,1.7818181818181817,110.0,0.6707317073170732,164.0,1.5769230769230769,104.0,0.6887417218543046,202.0,0.0380009459458157,0.2950158466964083,65.0,137.0,0.4695264439981101,0.5029778507108303,0.5344947189013418,0.4317283627586352,0.4503039987333671,0.485,0.51,0.515,0.53,0.545,2.0
134.0,0.9054054054054054,148.0,1.088235294117647,136.0,1.088,125.0,0.6443298969072165,168.0,0.9940828402366864,169.0,0.9234972677595628,183.0,1.1024096385542168,166.0,1.3387096774193548,201.0,-0.0557402527949161,0.4108023482804973,84.0,117.0,0.3643705748750204,0.1416646231182519,0.7188703792813301,0.4832399911863794,0.5480495301148112,0.375,0.54,0.625,0.64,0.645,2.0
116.0,1.0740740740740742,108.0,0.4778761061946903,226.0,2.3789473684210525,95.0,0.7251908396946565,113.0,1.0,113.0,1.036697247706422,109.0,0.4823008849557522,226.0,2.036036036036036,159.0,-0.2362151902426722,0.9256350253143516,80.0,79.0,1.5524177452358958,-0.3868234884389337,2.387638557703136,2.3118356661697925,2.3118356661697925,0.435,0.375,0.465,0.485,0.485,2.0
99.0,0.6971830985915493,142.0,1.1735537190082646,121.0,1.0254237288135593,118.0,1.2164948453608246,76.0,0.4,190.0,2.043010752688172,93.0,0.6158940397350994,151.0,1.2377049180327868,133.0,-0.2151530032664017,0.6691838547029507,80.0,53.0,0.0121131461706314,-0.199304350230477,1.0546556821579738,-2.406687325876859,0.6624954265585616,0.54,0.47,0.605,0.67,0.965,2.0
125.0,0.9398496240601504,133.0,1.3571428571428572,98.0,0.4644549763033175,211.0,1.6106870229007633,181.0,1.167741935483871,155.0,1.534653465346535,101.0,0.5976331360946746,169.0,0.8756476683937824,191.0,-0.1971993285343713,0.3652279780729891,65.0,126.0,0.8122382542808512,-0.2010390907797399,1.2298444793953776,0.1285596840873316,0.3034298639711187,0.32,0.24,0.34,0.395,0.405,2.0
119.0,1.451219512195122,82.0,0.5324675324675324,154.0,1.2419354838709675,124.0,1.0163934426229508,156.0,1.3220338983050848,118.0,1.0,118.0,1.4390243902439024,82.0,0.543046357615894,166.0,-0.5724345821547187,0.5872436894728895,57.0,109.0,-0.5331091520889634,-1.0433814806926516,0.398343048419774,-2.5270818927469283,-0.0250914971522073,0.225,0.13,0.295,0.355,0.505,2.0
147.0,1.195121951219512,123.0,1.0423728813559323,118.0,1.0,118.0,1.0442477876106195,152.0,1.3103448275862069,116.0,0.9830508474576272,118.0,1.4216867469879515,83.0,0.5460526315789473,162.0,-0.0242167876860285,0.5899981693869225,56.0,106.0,0.6983704885824794,0.3306387865900774,0.934447373668184,0.0376195401103266,0.8805668283846959,0.555,0.47,0.605,0.75,0.63,2.0
119.0,1.1226415094339623,106.0,0.8412698412698413,126.0,1.135135135135135,111.0,0.9652173913043478,116.0,0.5225225225225225,222.0,0.956896551724138,232.0,1.0175438596491229,228.0,1.982608695652174,161.0,0.0523266338886658,1.0004612537988395,80.0,81.0,1.7121488109455656,2.6404406065293107,2.6937990753241965,-1.404551943333122,-0.1679600456643978,0.43,0.485,0.495,0.665,0.84,2.0
130.0,1.04,125.0,1.0,125.0,0.7861635220125787,159.0,1.127659574468085,154.0,2.026315789473684,76.0,0.3819095477386934,199.0,0.7158273381294964,278.0,3.0217391304347827,169.0,-0.1903879741388217,0.3117685579418674,62.0,107.0,0.3209240957922361,0.3868169638369885,0.3969919613241244,-0.0847167599282158,-0.0847167599282158,0.57,0.605,0.61,0.725,0.725,2.0
132.0,0.8627450980392157,153.0,1.2142857142857142,126.0,0.72,175.0,1.232394366197183,134.0,1.046875,128.0,0.7852760736196319,163.0,0.5780141843971631,282.0,2.220472440944882,193.0,-0.1763061889769232,0.2254165610454335,100.0,93.0,0.0295484962662887,-0.0744115397416472,0.2372957585573102,-0.1351474073820148,-0.0130809820460322,0.645,0.605,0.715,0.83,0.78,2.0
102.0,0.6538461538461539,156.0,1.3565217391304347,115.0,0.583756345177665,197.0,1.6694915254237288,166.0,1.5514018691588785,107.0,0.6993464052287581,153.0,1.5454545454545454,99.0,0.4736842105263157,193.0,-0.1321506994279379,0.4916132313869867,77.0,116.0,0.5805398842476994,0.4716281521278856,0.7455890480585823,-0.1181783659720265,0.4872863818555105,0.6,0.59,0.655,0.79,0.675,2.0
231.0,1.991379310344828,116.0,0.9830508474576272,118.0,1.145631067961165,103.0,0.4103585657370518,154.0,1.5555555555555556,99.0,0.6875,144.0,1.170731707317073,123.0,1.0165289256198349,162.0,-0.2203082867854991,0.6223027340205529,55.0,107.0,0.5286032013794201,0.2068093590956733,0.7725289600051033,-0.1530625773706128,0.3802289011367918,0.54,0.46,0.59,0.735,0.655,2.0
150.0,0.7978723404255319,188.0,1.5932203389830508,118.0,0.7283950617283951,162.0,1.265625,148.0,0.8809523809523809,168.0,1.12751677852349,149.0,1.1037037037037036,135.0,0.9854014598540146,184.0,-0.7058320239806641,0.7257432651166481,81.0,103.0,0.9801752325242472,1.338700404540214,1.5870049545867526,-1.8250465525230213,-0.7897830837214903,0.39,0.435,0.445,0.685,0.49,2.0
186.0,0.8571428571428571,217.0,0.9863636363636364,220.0,1.1398963730569949,193.0,1.078212290502793,221.0,1.1945945945945946,185.0,1.0755813953488371,172.0,0.9608938547486032,179.0,0.904040404040404,266.0,-0.1108534590736487,0.3434395728540663,112.0,154.0,0.3924533490582996,0.4504180979634998,0.4921593165671029,-0.0676249857552888,0.3317722401897555,0.595,0.63,0.64,0.75,0.675,2.0
67.0,0.3872832369942196,173.0,1.2357142857142858,140.0,0.6796116504854369,206.0,2.145833333333333,126.0,0.9618320610687023,131.0,0.803680981595092,163.0,1.0061728395061729,162.0,1.1408450704225352,142.0,-0.2278222931449695,0.1632999660992064,54.0,88.0,-0.0321306283013647,-0.1623484177229524,0.0511255835546682,-0.3217890180460553,-0.0397115887013976,0.63,0.575,0.68,0.82,0.72,2.0
145.0,0.6872037914691943,211.0,0.8828451882845189,239.0,1.8527131782945736,129.0,1.0,261.0,1.7516778523489933,149.0,0.8370786516853933,178.0,1.1710526315789471,152.0,1.7882352941176471,242.0,-0.1868265040838576,0.3467314606123395,60.0,182.0,-0.1320370172791095,-0.1427796204836183,1.3469017587526444,0.0499870777081997,0.122290666928792,0.175,0.17,0.25,0.29,0.295,2.0
221.0,1.0091324200913243,219.0,1.972972972972973,111.0,1.0673076923076923,104.0,0.9629629629629628,111.0,0.5211267605633803,213.0,0.9424778761061948,226.0,1.04147465437788,217.0,0.9908675799086758,153.0,-0.1684240380183231,0.995091512851513,76.0,77.0,1.7591202817010174,-0.470207980079281,2.6412981873959485,-0.9693132939440896,-0.2589903921438711,0.445,0.4,0.5,0.555,0.865,2.0
120.0,1.5,80.0,0.5161290322580645,155.0,1.2704918032786885,122.0,1.0252100840336134,137.0,1.1416666666666666,120.0,1.0256410256410255,117.0,1.125,104.0,0.7878787878787878,169.0,-0.0608595323579871,0.4527238942920123,74.0,95.0,0.8302248168697506,-0.0195716883026331,1.6662397115915213,-1.2964444309350092,-0.0374329654954098,0.355,0.275,0.395,0.445,0.675,2.0
117.0,1.0446428571428572,112.0,1.0,112.0,0.9824561403508772,114.0,1.0458715596330277,111.0,0.4723404255319149,235.0,2.1171171171171173,111.0,0.9736842105263158,114.0,1.008849557522124,155.0,-0.6013875994953473,1.0942000738125497,78.0,77.0,1.425246287114555,-0.9516076678149704,2.321966707394026,2.1217642363450397,2.1217642363450397,0.44,0.395,0.465,0.495,0.495,2.0
104.0,0.4279835390946502,243.0,1.2789473684210526,190.0,1.043956043956044,182.0,1.0520231213872833,235.0,1.9747899159663866,119.0,0.5085470085470085,234.0,1.4355828220858895,163.0,0.9588235294117649,248.0,-0.2239869498546822,0.5942597642023718,84.0,164.0,1.2696877989173363,-0.4263243216360021,2.3522029440718955,-0.8474559545017941,-0.67239745545743,0.315,0.28,0.34,0.42,0.39,2.0
120.0,1.1320754716981132,106.0,0.8153846153846154,130.0,1.1111111111111112,117.0,1.5194805194805194,151.0,1.2796610169491525,118.0,1.0172413793103448,116.0,0.9747899159663864,119.0,1.017094017094017,161.0,0.010050011369461,0.585644626326301,56.0,105.0,0.8496590161615656,0.3654658377078907,0.9354953285637456,0.0849750814380426,0.7407503838409614,0.585,0.475,0.625,0.775,0.655,2.0
119.0,0.5458715596330275,218.0,2.0,109.0,0.9646017699115044,113.0,1.0272727272727271,108.0,0.972972972972973,111.0,1.018348623853211,109.0,0.990909090909091,110.0,1.0476190476190477,153.0,-0.324783637139494,0.9987291504034858,78.0,75.0,1.5577316682462845,-0.6168668695655735,2.403936552784533,-1.130745315521157,-0.4656691799507282,0.455,0.405,0.51,0.57,0.885,2.0
110.0,1.02803738317757,107.0,0.963963963963964,111.0,1.0373831775700937,107.0,0.9907407407407408,108.0,1.08,100.0,0.847457627118644,118.0,0.5514018691588785,214.0,1.8771929824561404,147.0,-0.4568474268462853,1.0452375845777826,72.0,75.0,1.1820125724102986,2.330888151166107,2.380384448808215,-1.3196410103105407,-0.6814380582234562,0.425,0.48,0.49,0.55,0.83,2.0
174.0,1.6111111111111112,108.0,0.6835443037974683,158.0,1.58,100.0,0.6944444444444444,152.0,1.4901960784313726,102.0,0.6144578313253012,166.0,1.4821428571428572,112.0,0.64,179.0,-0.1004221476604343,0.5487023492303675,73.0,106.0,0.7104782018396025,-2.1415633816788766,0.7898966331417066,-0.0887936653032491,0.5131452324639146,0.615,0.41,0.655,0.815,0.705,2.0
223.0,1.4387096774193548,155.0,1.4220183486238531,109.0,0.5477386934673367,199.0,1.4014084507042253,175.0,1.1904761904761905,147.0,0.9932432432432432,148.0,1.4509803921568627,102.0,0.5425531914893617,182.0,-0.206323729593408,0.3657355857271739,60.0,122.0,0.7208351915595004,-0.2037610424329925,1.120913031181466,0.0107891921179753,0.1011152006760646,0.305,0.22,0.325,0.39,0.4,2.0
104.0,0.416,250.0,1.497005988023952,167.0,1.67,100.0,0.45662100456621,248.0,1.6209150326797386,153.0,0.9870967741935484,155.0,1.0,155.0,1.0130718954248366,235.0,-0.1293598442665733,0.6871526212101794,62.0,173.0,1.0112353991026215,-2.0422396986634848,1.3367883636577145,-0.1774673565689123,0.7991230064021424,0.485,0.325,0.53,0.68,0.58,2.0
169.0,0.971264367816092,174.0,1.029585798816568,169.0,1.396694214876033,121.0,0.521551724137931,236.0,1.4216867469879517,166.0,1.0440251572327044,159.0,0.9814814814814816,162.0,0.9418604651162792,248.0,-0.1604213702282717,0.4697598474026112,83.0,165.0,1.0472255732889382,-0.3654184606079187,2.0300983273436017,-0.6280326197114824,-0.4648373763164918,0.31,0.275,0.335,0.395,0.575,2.0
170.0,0.9826589595375722,173.0,0.5924657534246576,292.0,1.7176470588235293,170.0,0.9941520467836256,201.0,1.7946428571428572,112.0,0.5863874345549738,191.0,1.80188679245283,106.0,0.8346456692913385,214.0,-0.6705813833206432,0.3469374323407092,74.0,140.0,-0.6790198859914706,-0.7322497782493933,0.6660048406729879,-0.8960873326709864,-0.6462546691292766,0.28,0.265,0.35,0.38,0.62,2.0
98.0,0.593939393939394,165.0,1.3636363636363635,121.0,0.7469135802469136,162.0,1.4336283185840708,154.0,1.232,125.0,0.7225433526011561,173.0,1.4913793103448276,116.0,0.5603864734299517,178.0,-0.09084018286969,0.5884340400230716,71.0,107.0,0.788162488742663,0.7600962794362476,0.9339333107664468,0.7737145478665104,0.8773633263472959,0.635,0.66,0.67,0.685,0.69,2.0
104.0,0.6341463414634146,164.0,1.4385964912280702,114.0,0.7125,160.0,1.1594202898550725,200.0,1.4705882352941178,136.0,1.054263565891473,129.0,1.084033613445378,119.0,1.202020202020202,207.0,-0.2081902349702231,0.3581797851417955,67.0,140.0,0.6804151163780584,-0.2570139883350817,1.1863331562509172,0.0315692274022604,0.1145236961968129,0.3,0.245,0.325,0.38,0.385,2.0
192.0,1.0786516853932584,178.0,1.2275862068965515,145.0,1.2946428571428572,112.0,0.6256983240223464,174.0,1.2794117647058822,136.0,0.951048951048951,143.0,0.959731543624161,149.0,0.8232044198895028,214.0,-0.8471842866108937,0.7011324482885862,93.0,121.0,0.784879062022345,1.0472711863569744,1.3674213394514223,-2.131626298413072,-0.8603280073452897,0.385,0.425,0.435,0.655,0.47,2.0
120.0,1.6666666666666667,72.0,0.4285714285714285,168.0,1.3770491803278688,122.0,1.0166666666666666,152.0,1.256198347107438,121.0,1.0614035087719298,114.0,1.3734939759036144,83.0,0.538961038961039,162.0,-0.2460919876259145,0.5893750109598213,56.0,106.0,-0.2793609476887955,-0.2470551766199968,0.6981438402625346,-2.226638868915652,0.3345140702641087,0.2,0.23,0.305,0.355,0.525,2.0
169.0,1.4695652173913043,115.0,0.6084656084656085,189.0,1.7181818181818185,110.0,0.6432748538011696,181.0,1.7572815533980584,103.0,0.5478723404255319,188.0,1.492063492063492,126.0,1.1775700934579438,199.0,-0.0593023968785026,0.4694103655936957,73.0,126.0,0.7737007031719253,0.7213179392536724,0.840558880550575,0.6502265779050925,0.7328836079148062,0.56,0.585,0.595,0.615,0.625,2.0
151.0,1.126865671641791,134.0,1.0634920634920637,126.0,0.8181818181818182,154.0,0.9746835443037974,184.0,0.6594982078853047,279.0,2.082089552238806,134.0,1.0634920634920637,126.0,0.875,174.0,-0.1666494915582923,0.2240870478576052,46.0,128.0,0.215261701711808,-0.8171867881797416,0.3233236615019085,-0.1340263473463016,0.0593531321241911,0.46,0.275,0.5,0.625,0.57,2.0
112.0,0.9824561403508772,114.0,1.4615384615384617,78.0,0.5234899328859061,149.0,1.2627118644067796,125.0,1.1261261261261262,111.0,1.353658536585366,82.0,0.5655172413793104,145.0,1.2719298245614037,161.0,-0.3566585794636841,0.4222771441980031,74.0,87.0,0.1153376113604668,0.0393560195699106,1.1926269091189576,-1.3481194786787,-0.2991876619764287,0.39,0.38,0.46,0.515,0.8,2.0
150.0,1.1538461538461535,130.0,1.1206896551724137,116.0,1.1153846153846154,104.0,0.697986577181208,149.0,1.3070175438596492,114.0,0.926829268292683,123.0,1.0603448275862069,116.0,0.7160493827160493,174.0,0.0457165731360064,0.5659721571625282,70.0,104.0,0.9541053069765224,0.9219425210067128,1.005815344031069,0.1551283925715409,0.8763077646235392,0.605,0.62,0.64,0.76,0.655,2.0
96.0,0.4067796610169492,236.0,1.388235294117647,170.0,1.3492063492063493,126.0,0.9402985074626866,163.0,1.2074074074074075,135.0,0.6053811659192825,223.0,1.5379310344827586,145.0,1.0431654676258992,178.0,-0.2346215213124318,0.4131066271956476,64.0,114.0,0.9862187581811724,-0.2288556428639999,1.255983372517574,0.1191769295339498,0.170695592367794,0.345,0.26,0.365,0.42,0.425,2.0
196.0,1.798165137614679,109.0,0.545,200.0,0.6329113924050633,316.0,1.0326797385620916,203.0,1.897196261682243,107.0,0.6369047619047619,168.0,1.3228346456692914,127.0,0.9769230769230768,213.0,-0.9131379662928168,0.2625952327621813,71.0,142.0,-0.8104929367267185,-0.814873408542539,0.1159125757187262,-1.233344298050212,-0.9699574984175372,0.27,0.285,0.34,0.37,0.46,2.0
120.0,1.4814814814814814,81.0,0.5436241610738255,149.0,1.2627118644067796,118.0,0.975206611570248,99.0,0.6265822784810127,158.0,1.6288659793814433,97.0,0.6928571428571428,140.0,1.2173913043478262,135.0,-0.2820358571103362,0.4906115837803219,66.0,69.0,0.7276827350892241,-0.2576704580694371,1.597012404375756,-1.4037453798532185,-0.1229220804044232,0.45,0.33,0.495,0.545,0.87,2.0
80.0,0.5263157894736842,152.0,1.2773109243697478,119.0,0.9754098360655736,122.0,1.4698795180722892,148.0,1.2231404958677685,121.0,1.0254237288135593,118.0,0.5,236.0,1.91869918699187,164.0,-0.2581084180578278,0.4710413273093521,61.0,103.0,-0.2346047385254573,-0.2355006859831833,1.5657240765584517,-1.447346376145371,-0.2605928830265723,0.22,0.28,0.375,0.445,0.66,2.0
81.0,0.5436241610738255,149.0,1.2844827586206895,116.0,1.4871794871794872,78.0,0.4968152866242038,137.0,1.2123893805309736,113.0,0.9912280701754386,114.0,1.1176470588235294,102.0,0.7786259541984732,160.0,-0.2870177139181502,0.4590661189130612,65.0,95.0,0.687898431444783,-0.2520537481000302,1.524869584080592,-1.3829641121219538,-0.1925157230778126,0.37,0.28,0.41,0.455,0.715,2.0
106.0,0.3365079365079365,315.0,2.404580152671756,131.0,1.5232558139534884,86.0,0.4598930481283422,107.0,0.6484848484848484,165.0,1.896551724137931,87.0,0.4264705882352941,204.0,2.2666666666666666,114.0,-0.0715994461265263,0.3424983431259213,40.0,74.0,0.421732738979293,0.4390174152523846,0.4744059666281816,0.1495788667356088,0.3266489487789811,0.71,0.75,0.775,0.87,0.81,2.0
241.0,1.1586538461538465,208.0,2.122448979591837,98.0,0.3798449612403101,258.0,1.2344497607655502,284.0,1.4129353233830846,201.0,0.9901477832512317,203.0,0.944186046511628,215.0,2.128712871287129,296.0,-0.1788921609217397,0.2313560157032065,98.0,198.0,0.3505786965601186,-0.6295078713600831,0.6266357627142922,-0.2269120781762257,-0.2335061930383996,0.495,0.39,0.525,0.605,0.615,2.0
145.0,1.2946428571428572,112.0,0.9739130434782608,115.0,0.9913793103448276,116.0,1.008695652173913,77.0,0.47530864197530864,162.0,1.8837209302325584,86.0,0.6099290780141844,141.0,1.3055555555555556,130.0,0.1173333748609539,0.4521357477468279,77.0,53.0,0.8332667002163225,0.3260693291885883,1.470008071056934,-1.315895623776982,0.0544525027301674,0.48,0.41,0.54,0.595,0.95,2.0
163.0,0.9939024390243902,164.0,1.0123456790123455,162.0,0.9418604651162792,172.0,0.9717514124293786,230.0,1.3529411764705883,170.0,1.0493827160493827,162.0,1.018867924528302,159.0,0.9814814814814816,246.0,-0.0987701356439314,0.3756190372725731,85.0,161.0,0.3860035398990469,0.4930856532803824,0.5956063766301556,0.3981626994268312,0.4619865909629109,0.53,0.57,0.59,0.625,0.63,2.0
188.0,1.540983606557377,122.0,0.6224489795918368,196.0,1.2173913043478262,161.0,1.018987341772152,179.0,1.6272727272727272,110.0,0.5670103092783505,194.0,1.5772357723577235,123.0,0.7151162790697675,190.0,-0.0554869091487172,0.5395206061789256,65.0,125.0,0.6951030669049644,0.6813908327357063,0.7439150936052153,-0.0793498590733053,0.6146766319532097,0.565,0.575,0.595,0.76,0.625,2.0
154.0,1.0,154.0,1.0335570469798658,149.0,0.9933333333333332,150.0,0.974025974025974,95.0,0.33568904593639576,283.0,1.725609756097561,164.0,1.0,164.0,1.0061349693251531,120.0,-0.2022459858822083,0.761878402566185,54.0,66.0,-0.2111299773092827,-0.2190820125200671,1.1161216515933812,-2.026451427002432,0.4401151873026351,0.34,0.355,0.455,0.565,0.805,2.0
120.0,1.4285714285714286,84.0,0.5753424657534246,146.0,1.2372881355932204,118.0,0.9672131147540984,142.0,1.1735537190082646,121.0,1.5714285714285714,77.0,0.5703703703703704,135.0,1.1637931034482758,161.0,-0.1694677357263734,0.4468220534154424,62.0,99.0,1.1554359199871516,-0.1395955233852457,1.523189714116855,-1.5419529067404767,0.0166682768331168,0.37,0.26,0.39,0.435,0.685,2.0
153.0,0.9935064935064936,154.0,1.0198675496688745,151.0,0.9151515151515152,165.0,0.9880239520958084,260.0,1.4285714285714286,182.0,0.9680851063829788,188.0,1.032967032967033,182.0,1.0,235.0,-0.3077422788962152,0.654561257641392,53.0,182.0,0.7172023605866857,-0.3025475812089073,1.2245385268239746,-2.295477564012073,0.1708949504650243,0.215,0.18,0.23,0.28,0.38,2.0
106.0,0.4608695652173913,230.0,2.1296296296296298,108.0,0.9642857142857144,112.0,0.9739130434782608,111.0,0.9327731092436975,119.0,1.0258620689655171,116.0,1.0545454545454545,110.0,0.9734513274336284,154.0,-0.0356842010145717,0.9419803467446098,77.0,77.0,1.7697934581832482,-0.1658099024914603,2.63448714832307,2.5914918298141463,2.619565712049825,0.445,0.385,0.475,0.495,0.5,2.0
130.0,0.9848484848484848,132.0,1.0,132.0,1.0393700787401574,127.0,0.9921875,199.0,2.01010101010101,99.0,1.1647058823529413,85.0,0.3256704980842911,261.0,2.230769230769231,218.0,-0.1348613411904978,0.4090992733363489,79.0,139.0,0.5315046434935335,-1.9799128373910264,0.6354016182526735,-0.0899871740045517,0.0889706150292349,0.515,0.365,0.545,0.645,0.605,2.0
242.0,2.0,121.0,0.5627906976744186,215.0,2.0673076923076925,104.0,0.488262910798122,210.0,1.627906976744186,129.0,0.4980694980694981,259.0,1.773972602739726,146.0,0.5910931174089069,227.0,-0.3421233195864209,0.5394726175927392,80.0,147.0,1.195939709527842,-0.499388159425205,2.0774086401612197,-0.9519720350327414,-0.6199283561511016,0.33,0.295,0.355,0.45,0.605,2.0
151.0,1.126865671641791,134.0,0.6979166666666666,192.0,1.271523178807947,151.0,1.0785714285714283,191.0,1.3941605839416058,137.0,0.8954248366013072,153.0,1.2966101694915255,118.0,0.7239263803680982,200.0,-0.1815433075979361,0.3434015538591276,67.0,133.0,-0.215,-0.2359150095122944,1.1213196773290377,0.0140208827757607,0.1878716793453183,0.235,0.245,0.335,0.395,0.4,2.0
159.0,1.5142857142857142,105.0,0.4585152838427948,229.0,1.1804123711340206,194.0,1.0319148936170213,247.0,1.8571428571428572,133.0,0.5495867768595041,242.0,1.4069767441860466,172.0,0.9555555555555556,253.0,-0.1157915672649105,0.4825541480221689,81.0,172.0,1.2294525028702985,-0.3290842910824031,2.1224142522382468,-0.6754834250422769,-0.598067756042547,0.3,0.265,0.325,0.42,0.395,2.0
176.0,1.660377358490566,106.0,0.6751592356687898,157.0,1.286885245901639,122.0,0.6192893401015228,172.0,1.421487603305785,121.0,0.6914285714285714,175.0,1.5086206896551724,116.0,0.7388535031847133,188.0,-0.1592376824622423,0.4524127948827364,68.0,120.0,0.3448094320563836,0.5245782992520526,0.5409590584552755,-0.1274085588237928,0.5017112767377142,0.54,0.605,0.61,0.78,0.625,2.0
147.0,0.9865771812080536,149.0,0.9802631578947368,152.0,0.9101796407185628,167.0,0.8835978835978836,211.0,1.7154471544715446,123.0,0.5642201834862385,218.0,1.831932773109244,119.0,0.5804878048780487,226.0,-0.1867494817936129,0.4861709812383551,79.0,147.0,1.3388515174047042,-0.2456869509032695,1.9485983897352115,-0.6349212591252988,-0.4661045790716828,0.33,0.29,0.35,0.4,0.62,2.0
141.0,1.5161290322580645,93.0,0.4386792452830189,212.0,1.4825174825174825,143.0,1.075187969924812,307.0,1.1584905660377358,265.0,1.4480874316939891,183.0,1.2448979591836735,147.0,0.9483870967741936,283.0,-0.2274932826129287,0.3241768951158143,69.0,214.0,0.8129429524120919,-0.1955172262280007,1.196074637694433,0.1234220497978779,0.2387946642437962,0.23,0.185,0.245,0.285,0.29,2.0
117.0,1.4268292682926829,82.0,0.5189873417721519,158.0,1.3504273504273503,117.0,1.0,148.0,1.4230769230769231,104.0,0.7938931297709924,131.0,1.0916666666666666,120.0,1.0344827586206895,157.0,-0.3224671554248655,0.6187978433494437,54.0,103.0,0.5073765558307293,0.5566990882926303,0.8059496858584839,0.2828079079070571,0.2828079079070571,0.565,0.585,0.625,0.67,0.67,2.0
169.0,1.7244897959183674,98.0,0.6163522012578616,159.0,1.4587155963302751,109.0,0.5956284153005464,181.0,1.5603448275862069,116.0,0.5829145728643216,199.0,1.809090909090909,110.0,0.6285714285714286,196.0,-0.1108481303807349,0.4952764463816258,70.0,126.0,0.5557086660627238,-2.107153238242564,0.7120959855622859,-0.1082006545296248,0.370364278851819,0.54,0.36,0.595,0.74,0.655,2.0
108.0,1.018867924528302,106.0,0.9814814814814816,108.0,0.9391304347826088,115.0,1.116504854368932,122.0,1.0608695652173914,115.0,1.036036036036036,111.0,0.5634517766497462,197.0,1.5038167938931295,154.0,-0.1413492843540215,0.9451550350283676,69.0,85.0,1.0415063712052213,-0.2166744740676059,2.6081887959560586,-1.5811722718952643,-0.502993400085837,0.415,0.385,0.455,0.665,0.79,2.0
168.0,1.411764705882353,119.0,0.6363636363636364,187.0,1.7980769230769231,104.0,0.5,194.0,1.7477477477477477,111.0,0.5336538461538461,208.0,1.824561403508772,114.0,0.5277777777777778,207.0,-0.2086197885764013,0.5980557206921995,72.0,135.0,1.374983478054489,-0.3935988729589044,2.479483404154897,-0.7210339441836079,-0.5853900378548313,0.325,0.285,0.355,0.425,0.61,2.0
81.0,0.8350515463917526,97.0,1.2435897435897436,78.0,0.4193548387096774,186.0,1.9578947368421051,164.0,1.8021978021978022,91.0,0.6319444444444444,144.0,1.2521739130434784,115.0,1.0267857142857142,174.0,-0.1139348990020479,0.6750239264654343,60.0,114.0,0.6657478870105457,-2.181432798562161,1.0662530687504594,-0.0063045564891139,0.2467288843895405,0.515,0.355,0.58,0.75,0.685,2.0
175.0,0.9887005649717514,177.0,1.0535714285714286,168.0,0.9438202247191012,178.0,1.0470588235294118,272.0,1.2952380952380953,210.0,1.1229946524064172,187.0,1.0747126436781609,174.0,1.0057803468208093,269.0,1.0483418108251212,0.4716516221795817,79.0,190.0,2.0755225949882767,0.9092824862428202,2.6116245042568336,0.4200161600668681,0.557637264862526,0.27,0.24,0.295,0.395,0.37,2.0
199.0,1.4014084507042253,142.0,1.1639344262295082,122.0,1.008264462809917,121.0,0.8642857142857143,148.0,1.1384615384615384,130.0,1.04,125.0,1.0,125.0,1.7605633802816902,152.0,-0.1027399656836465,0.2541587397340131,49.0,103.0,0.2323827911252545,0.3759315914347107,0.3965202691266001,-0.0357112102070274,0.3625849225580064,0.545,0.6,0.61,0.74,0.625,2.0
251.0,1.4678362573099415,171.0,1.163265306122449,147.0,0.7819148936170213,188.0,0.8744186046511628,239.0,1.0963302752293578,218.0,1.1534391534391537,189.0,1.1595092024539877,163.0,0.7990196078431373,249.0,-0.1888599234225633,0.5090353222038363,82.0,167.0,1.1336070569394634,-0.4208936807929929,2.362957953921126,-0.7365102795751233,-0.4931390846301299,0.305,0.275,0.33,0.4,0.57,2.0
118.0,1.0925925925925926,108.0,0.9557522123893806,113.0,1.018018018018018,111.0,0.4889867841409692,102.0,0.796875,128.0,1.1327433628318584,113.0,0.9741379310344828,116.0,0.9914529914529916,147.0,0.0720497116987995,0.9359855802470533,76.0,71.0,1.8447688890444935,-0.1422782375312001,2.577447081758577,2.4527789409093934,2.4527789409093934,0.45,0.39,0.475,0.51,0.51,2.0
78.0,0.527027027027027,148.0,1.5913978494623655,93.0,0.6690647482014388,139.0,1.1779661016949152,127.0,1.0854700854700854,117.0,1.5394736842105263,76.0,0.5066666666666667,150.0,1.5463917525773196,166.0,-0.0951412725264166,0.4040209906822091,78.0,88.0,0.6910221290269789,0.331540462322397,1.112459224352493,-1.3681191754553654,0.0619361063407281,0.385,0.36,0.425,0.47,0.705,2.0
138.0,1.4838709677419355,93.0,0.4793814432989691,194.0,1.5772357723577235,123.0,1.0336134453781514,202.0,0.9099099099099099,222.0,1.819672131147541,122.0,0.9242424242424242,132.0,0.9924812030075189,204.0,-0.1834786870444587,0.3704897225297593,63.0,141.0,-0.0743761605810334,-0.1504258673291688,1.2173155280883952,0.1085623433149512,0.1666526934346447,0.16,0.235,0.305,0.36,0.365,2.0
146.0,1.5051546391752575,97.0,0.532967032967033,182.0,1.4444444444444444,126.0,0.7159090909090909,177.0,1.5526315789473684,114.0,0.6404494382022472,178.0,1.7281553398058251,103.0,0.5988372093023255,197.0,-0.0720862832495888,0.4787127395859426,74.0,123.0,0.6721841017471346,-2.01438566085255,0.8212376153939245,0.7502111626084977,0.7736256826693542,0.54,0.38,0.575,0.59,0.605,2.0
119.0,0.601010101010101,198.0,1.2147239263803682,163.0,0.9476744186046512,172.0,1.0058479532163742,226.0,1.9824561403508771,114.0,0.4935064935064935,231.0,1.32,175.0,1.09375,235.0,-0.1876569005352521,0.4823015122238013,77.0,158.0,1.2685147529573595,-0.3615324049710794,2.06477443244743,-0.5597136071789469,-0.5597136071789469,0.31,0.27,0.33,0.38,0.38,2.0
161.0,0.8298969072164949,194.0,1.2125,160.0,0.6694560669456067,239.0,1.8244274809160304,206.0,0.9196428571428571,224.0,1.2375690607734806,181.0,0.9945054945054944,182.0,1.5964912280701755,205.0,-0.2383759706738141,0.3364904275191021,61.0,144.0,-0.0873592390173884,-0.1986584071248481,1.045540469126721,-0.0731127302425166,-0.0004024555624019,0.16,0.22,0.295,0.35,0.355,2.0
114.0,0.991304347826087,115.0,0.9583333333333334,120.0,1.0169491525423728,118.0,1.0172413793103448,166.0,1.371900826446281,121.0,1.0341880341880345,117.0,1.6956521739130437,69.0,0.4107142857142857,169.0,-0.2497416876565087,0.6045419643012923,53.0,116.0,0.4409662458638552,0.1694695757397762,0.6849650806850002,-0.1536280751324966,0.6507505765047031,0.57,0.49,0.63,0.765,0.645,2.0
210.0,1.627906976744186,129.0,0.4980694980694981,259.0,1.773972602739726,146.0,0.5910931174089069,255.0,1.9172932330827068,133.0,0.5833333333333334,228.0,1.1813471502590671,193.0,0.8008298755186722,283.0,-0.1932766484943625,0.5625663473177476,105.0,178.0,1.1116513721355776,-0.3949372059335001,2.1950346227010398,-0.7257677843568439,-0.5067666327042224,0.335,0.3,0.37,0.43,0.625,2.0
107.0,0.7925925925925926,135.0,1.0384615384615383,130.0,0.9027777777777778,144.0,1.1900826446280992,147.0,1.3125,112.0,0.6956521739130435,161.0,1.1838235294117647,136.0,1.1056910569105691,173.0,-0.0545660746154984,0.4406206357332506,71.0,102.0,0.4767190240463659,-1.7704774767604123,0.6566790043357493,-0.1139666213518902,0.5809964195644508,0.59,0.415,0.65,0.82,0.675,2.0
126.0,0.9197080291970804,137.0,0.9319727891156464,147.0,0.9932432432432432,148.0,0.9426751592356688,207.0,1.7542372881355932,118.0,0.5566037735849056,212.0,1.9272727272727272,110.0,0.5339805825242718,223.0,-0.1175988230748071,0.4691579489717866,79.0,144.0,0.584334201294194,0.6769668520475884,0.8096710257901423,0.2818353145891977,0.5716893103998706,0.525,0.575,0.585,0.62,0.6,2.0
100.0,0.7575757575757576,132.0,1.03125,128.0,0.9696969696969696,132.0,1.11864406779661,182.0,1.4444444444444444,126.0,0.9692307692307692,130.0,0.8227848101265823,158.0,1.0748299319727892,176.0,-0.147526995141672,0.1778644529679935,49.0,127.0,0.1506709108596717,-0.1711775384443529,0.2532938695796166,-0.142469712294534,0.2159922842249492,0.455,0.37,0.49,0.62,0.505,2.0
246.0,2.2777777777777777,108.0,0.9908256880733946,109.0,1.0186915887850467,107.0,0.9553571428571428,111.0,1.0373831775700935,107.0,0.981651376146789,109.0,0.9732142857142856,112.0,1.0666666666666669,151.0,-0.3028777116002732,1.0399178669007374,74.0,77.0,1.6835988910482635,-0.6254900605527988,2.5369459330068773,-1.8723878156088756,2.3975320328085576,0.43,0.385,0.455,0.695,0.485,2.0
114.0,1.0654205607476634,107.0,0.4755555555555555,225.0,2.083333333333333,108.0,0.6242774566473989,173.0,1.4786324786324787,117.0,0.585,200.0,1.694915254237288,118.0,0.659217877094972,192.0,-0.1070480349982347,0.5928523495495903,71.0,121.0,0.6962514788786816,0.7633282812481362,0.8080543206760995,0.0310964342610366,0.6963677908495047,0.58,0.62,0.63,0.75,0.645,2.0
103.0,0.5722222222222222,180.0,1.7142857142857142,105.0,0.580110497237569,181.0,1.7572815533980584,174.0,1.6893203883495145,103.0,0.5597826086956522,184.0,0.983957219251337,187.0,1.1,195.0,-0.1355152780108803,0.4483204551338309,74.0,121.0,0.4066982054085686,0.5381619199369856,0.6419626180450657,-0.0773064960092658,0.2804096884754586,0.54,0.58,0.605,0.755,0.67,2.0
119.0,0.5721153846153846,208.0,1.3081761006289307,159.0,0.9695121951219512,164.0,0.9879518072289156,211.0,1.31055900621118,161.0,0.9640718562874252,167.0,1.5045045045045045,111.0,0.4586776859504132,217.0,-0.2166642464494929,0.3512029755611535,70.0,147.0,0.1945661245824121,0.2708082909792673,0.2887994664956794,0.2566885553320873,0.2732788195013246,0.505,0.545,0.55,0.56,0.565,2.0
108.0,1.0093457943925233,107.0,0.981651376146789,109.0,0.956140350877193,114.0,0.5158371040723982,133.0,1.316831683168317,101.0,0.8416666666666667,120.0,0.5607476635514018,214.0,0.9469026548672568,157.0,-0.0349226281450986,1.0100711168651817,64.0,93.0,1.4459330983696914,-0.1904502979360998,2.7858751595037754,-1.618564785944156,2.4455840756182687,0.435,0.41,0.475,0.675,0.5,2.0
153.0,0.9386503067484664,163.0,1.5233644859813085,107.0,0.4495798319327731,238.0,1.2864864864864864,228.0,1.3652694610778444,167.0,0.9382022471910112,178.0,1.0229885057471264,174.0,1.029585798816568,229.0,-0.1379918639233815,0.1947041280963778,70.0,159.0,0.0913011021866612,-1.0573212571162425,0.558111296992928,-0.1838628083552587,-0.0759619423508705,0.265,0.31,0.35,0.41,0.515,2.0
201.0,1.4779411764705883,136.0,1.4166666666666667,96.0,0.518918918918919,185.0,1.5677966101694916,208.0,1.8407079646017699,113.0,0.5678391959798995,199.0,1.9702970297029705,101.0,0.4975369458128079,224.0,-0.168796565833706,0.3796997780928077,79.0,145.0,0.4096033232253354,-1.6387795778454388,0.5150768393585184,0.5062267172852091,0.1872147178283274,0.515,0.36,0.545,0.555,0.615,2.0
70.0,0.4294478527607362,163.0,1.3583333333333334,120.0,1.0526315789473684,114.0,1.0,151.0,1.5729166666666667,96.0,0.7058823529411765,136.0,1.7894736842105263,76.0,0.475,157.0,-0.1057774445287738,0.6221466185939587,52.0,105.0,0.691982226779317,0.2969604922770142,0.857929663089353,-0.0260329216553211,0.4299382534409752,0.56,0.46,0.6,0.76,0.67,2.0
188.0,1.709090909090909,110.0,0.5729166666666666,192.0,1.7454545454545454,110.0,0.5339805825242718,189.0,1.4318181818181819,132.0,0.7021276595744681,188.0,1.7735849056603774,106.0,1.261904761904762,218.0,-0.1466330252673305,0.4001444449417409,86.0,132.0,0.4461789100500056,0.4086845795642813,0.5283991383710774,0.3869272493904617,0.4298610700152424,0.36,0.6,0.625,0.645,0.65,2.0
108.0,0.9908256880733946,109.0,1.0380952380952382,105.0,0.9292035398230089,113.0,1.036697247706422,108.0,1.0485436893203883,103.0,0.9196428571428572,112.0,0.5209302325581395,215.0,1.9724770642201837,152.0,-0.3687229324123788,0.9981452178161124,77.0,75.0,0.8913078238353748,-0.6200075003038297,2.323017411898641,2.2383938874068514,2.247689712926571,0.435,0.405,0.475,0.495,0.5,2.0
147.0,1.0,147.0,1.0888888888888888,135.0,1.5340909090909092,88.0,0.546583850931677,209.0,1.62015503875969,129.0,0.9555555555555556,135.0,1.5168539325842696,89.0,0.3588709677419355,220.0,-0.1177262097611022,0.3284367453007035,74.0,146.0,0.6691490584703343,-0.0821490794552398,1.1,0.2339699735137876,0.2770621421420766,0.315,0.26,0.34,0.385,0.39,2.0
151.0,0.9869281045751634,153.0,0.9935064935064936,154.0,0.9625,160.0,1.0062893081761006,234.0,1.5,156.0,1.5294117647058822,102.0,0.5425531914893617,188.0,1.540983606557377,247.0,-0.096046036054409,0.5150962790924197,84.0,163.0,0.6618907746447972,-2.255969875018043,0.7091056618970316,-0.0676127051179708,-0.0085089548942573,0.52,0.345,0.55,0.705,0.68,2.0
216.0,1.5539568345323742,139.0,1.0692307692307692,130.0,1.0,130.0,0.7182320441988951,161.0,1.2677165354330708,127.0,0.7839506172839507,162.0,1.1571428571428573,140.0,0.7734806629834254,179.0,-0.0915822346739613,0.3634078689230337,67.0,112.0,0.6796931422784336,-0.1111763508755504,1.225234226063515,0.1405511559245514,0.207253854934531,0.345,0.27,0.37,0.435,0.44,2.0
117.0,1.4096385542168677,83.0,0.5220125786163522,159.0,1.347457627118644,118.0,1.0260869565217392,153.0,1.2857142857142858,119.0,1.0084745762711864,118.0,1.4047619047619049,84.0,0.5419354838709678,165.0,-0.1358012953098087,0.6111689479915451,58.0,107.0,0.7725710833586382,0.8140840913919885,0.8288768828011084,-0.0452497902585344,0.126985660834767,0.585,0.615,0.625,0.74,0.705,2.0
142.0,0.9403973509933776,151.0,1.1984126984126984,126.0,0.875,144.0,1.2307692307692308,149.0,1.128787878787879,132.0,0.8,165.0,1.853932584269663,89.0,1.5084745762711864,179.0,-0.1738322009021933,0.1036997495004541,75.0,104.0,0.0954863808148594,0.0561294220028707,0.3145096686468814,-0.2565840018784405,-0.1464679909735748,0.38,0.405,0.42,0.485,0.71,2.0
172.0,1.6862745098039216,102.0,0.6710526315789473,152.0,1.4901960784313726,102.0,0.7183098591549296,142.0,1.3027522935779816,109.0,0.6606060606060606,165.0,1.5566037735849056,106.0,0.6235294117647059,177.0,-0.1467576325798917,0.4703433031652694,78.0,99.0,0.3637469619337436,-1.897404605224049,0.6236332492818019,-0.1286645763188194,0.4701231440421884,0.62,0.44,0.695,0.825,0.73,2.0
115.0,1.513157894736842,76.0,0.4,190.0,2.043010752688172,93.0,0.6158940397350994,154.0,1.2727272727272727,121.0,1.0341880341880345,117.0,0.9590163934426228,122.0,1.008264462809917,163.0,-0.1567270295910527,0.6063760424514935,56.0,107.0,0.4607975245128206,0.3738562617666288,0.7393467336683417,-0.0730899548432253,0.49740778065551,0.545,0.53,0.615,0.755,0.665,2.0
215.0,2.0673076923076925,104.0,0.488262910798122,213.0,1.836206896551724,116.0,0.4773662551440329,259.0,1.773972602739726,146.0,0.5910931174089069,247.0,2.093220338983051,118.0,0.5756097560975609,271.0,-0.2667414538127181,0.5543617520062242,90.0,181.0,1.2017443562539412,-0.5385946059765392,2.1468566501267907,-0.8744663681620191,-0.7464887940258762,0.305,0.265,0.335,0.4,0.57,2.0
146.0,1.431372549019608,102.0,0.6257668711656442,163.0,1.393162393162393,117.0,0.6324324324324324,87.0,0.3901345291479821,223.0,2.123809523809524,105.0,0.6287425149700598,167.0,1.2462686567164178,136.0,-0.1142437881654548,0.5900419757617554,76.0,60.0,0.5083343249922629,0.5600383924047417,0.7072435558276094,0.6535169002239403,0.6922103741704594,0.815,0.845,0.88,0.905,0.915,2.0
162.0,1.396551724137931,116.0,0.7116564417177914,163.0,1.5233644859813085,107.0,0.601123595505618,175.0,1.2237762237762237,143.0,1.1171875,128.0,0.9846153846153848,130.0,1.181818181818182,194.0,-0.0134166623083764,0.5400936719839989,72.0,122.0,0.6902665579559896,0.4953759398912069,0.90951393862113,0.7414698972902902,0.7414698972902902,0.54,0.555,0.625,0.655,0.655,2.0
79.0,0.5031847133757962,157.0,1.6881720430107527,93.0,0.6690647482014388,139.0,1.1982758620689655,153.0,1.2966101694915255,118.0,1.0,118.0,1.2291666666666667,96.0,0.676056338028169,164.0,-0.0659929759351417,0.627360964495629,57.0,107.0,-0.0050967438720596,-0.014848017958655,0.9798690536126896,-2.182837536737108,0.6105291503449441,0.22,0.235,0.31,0.36,0.54,2.0
118.0,0.9915966386554622,119.0,1.017094017094017,117.0,0.975,120.0,1.1320754716981132,134.0,1.1858407079646018,113.0,1.4125,80.0,0.5298013245033113,151.0,1.2796610169491525,163.0,-0.3026282649637684,0.4699529043206688,70.0,93.0,0.5684503970586943,-0.2420689875015116,1.546085321014306,-1.3943396393565135,-0.1950905885240714,0.39,0.325,0.435,0.475,0.77,2.0
138.0,1.0,138.0,0.965034965034965,143.0,0.9225806451612903,155.0,0.9872611464968152,169.0,1.05625,160.0,1.0457516339869282,153.0,1.224,125.0,0.9124087591240876,202.0,-0.0935744471834316,0.4654516244822324,84.0,118.0,0.5237242587573827,0.6587530874323542,0.6956275785077294,0.0586871704662703,0.5143688976102799,0.595,0.65,0.665,0.765,0.685,2.0
113.0,1.0089285714285714,112.0,0.991150442477876,113.0,0.9741379310344828,116.0,1.0265486725663715,133.0,1.1271186440677967,118.0,1.4936708860759491,79.0,0.541095890410959,146.0,1.3644859813084111,163.0,-0.0041010816573575,0.5230110619204353,70.0,93.0,0.7464938204595116,-0.1343257574345964,1.6897802623753584,-1.121196675574859,0.3406342534692355,0.39,0.285,0.435,0.48,0.755,2.0
130.0,1.0,130.0,1.0,130.0,1.0655737704918034,122.0,0.953125,141.0,1.1370967741935485,124.0,1.0420168067226891,119.0,1.072072072072072,111.0,0.7350993377483444,169.0,-0.0998360540012877,0.564155929097405,71.0,98.0,0.6450804694874123,0.7620848595820108,0.8314489667696185,0.0510289127402224,0.4980734136244663,0.585,0.615,0.64,0.795,0.695,2.0
159.0,1.673684210526316,95.0,0.375494071146245,253.0,1.7816901408450705,142.0,0.9161290322580644,200.0,1.2269938650306749,163.0,1.7157894736842103,95.0,0.4656862745098039,204.0,1.6585365853658536,210.0,-0.339504060910522,0.3805628133380738,70.0,140.0,-0.2031936011990534,-0.2909903408919845,1.0438050739826583,-0.0229315451224331,0.0627043604228544,0.27,0.25,0.33,0.39,0.395,2.0
139.0,0.9652777777777778,144.0,0.993103448275862,145.0,1.0069444444444444,144.0,1.0434782608695652,197.0,1.3586206896551725,145.0,1.0507246376811594,138.0,1.0147058823529411,136.0,1.0,194.0,-0.1078527926882147,0.430573237491155,57.0,137.0,1.0306344677756558,0.054231117622445,1.9201936977310767,-0.4903342525190664,-0.43184052331784,0.28,0.245,0.3,0.345,0.52,2.0
116.0,0.9586776859504132,121.0,1.0341880341880345,117.0,1.0,117.0,1.0263157894736843,153.0,1.6105263157894736,95.0,0.6690140845070423,142.0,1.1735537190082646,121.0,1.5125,162.0,-0.213434410907333,0.6069640190454473,55.0,107.0,0.5971375345428517,0.1528253018123263,0.743985001117977,0.7344804801109177,0.7344804801109177,0.565,0.465,0.6,0.615,0.615,2.0
146.0,1.0138888888888888,144.0,1.0285714285714285,140.0,0.9859154929577464,142.0,0.9659863945578232,200.0,1.4285714285714286,140.0,0.9929078014184396,141.0,0.9657534246575342,146.0,0.948051948051948,195.0,-0.202366484179636,0.3841539171529454,55.0,140.0,0.0018999739209701,-0.1170126593821485,1.819364170642758,-0.5067356180755285,-0.4889357066381252,0.15,0.23,0.285,0.335,0.34,2.0
210.0,1.2280701754385963,171.0,1.062111801242236,161.0,1.0125786163522013,159.0,0.9298245614035088,211.0,2.0485436893203883,103.0,0.4204081632653061,245.0,1.3387978142076502,183.0,1.6194690265486726,221.0,-0.1538240462107659,0.5641568376469299,74.0,147.0,1.6554220259643695,-0.3983058680056033,2.396688654133377,-0.4689898540919174,-0.413575760311926,0.315,0.27,0.335,0.38,0.385,2.0
325.0,2.006172839506173,162.0,0.680672268907563,238.0,2.2452830188679247,106.0,0.5221674876847291,231.0,2.008695652173913,115.0,0.5,230.0,1.7557251908396947,131.0,0.4763636363636364,247.0,-0.2113510816344081,0.5128190324458882,86.0,161.0,0.986319695976262,-0.4159218785287947,2.0120787045129527,-0.6194205792650976,-0.5497183068711503,0.32,0.29,0.35,0.4,0.615,2.0
167.0,0.5566666666666666,300.0,1.8633540372670807,161.0,0.543918918918919,296.0,1.761904761904762,200.0,0.6329113924050633,316.0,1.0326797385620916,306.0,0.977635782747604,313.0,1.0296052631578947,216.0,-1.4206184569227724,0.4822000661982943,76.0,140.0,-0.6187926052006133,-1.4014028969836263,0.5944428330322531,-1.639428848622178,-1.4517150049731071,0.315,0.265,0.36,0.455,0.4,2.0
137.0,1.053846153846154,130.0,1.0833333333333333,120.0,0.916030534351145,131.0,1.1391304347826088,178.0,1.6330275229357798,109.0,0.7676056338028169,142.0,1.5434782608695652,92.0,0.5859872611464968,206.0,-0.1218224808153408,0.3354332744793324,82.0,124.0,0.3732592758925589,0.3759517634779748,0.4548278921156993,0.2075039340830496,0.43,0.56,0.59,0.62,0.685,0.635,2.0
120.0,1.1538461538461535,104.0,1.4647887323943662,71.0,0.4034090909090909,176.0,2.022988505747126,150.0,1.829268292682927,82.0,0.5324675324675324,154.0,1.2622950819672132,122.0,1.5061728395061729,161.0,0.3339779864784837,0.6302956832530215,56.0,105.0,1.145568246747005,0.732176121280366,1.3026406081882167,0.4353260439041684,1.1803024053114612,0.58,0.475,0.615,0.755,0.64,2.0
110.0,0.5392156862745098,204.0,1.8053097345132745,113.0,1.2150537634408602,93.0,0.4189189189189189,183.0,1.5913043478260869,115.0,0.625,184.0,1.7358490566037736,106.0,0.6463414634146342,203.0,-0.1001086295858686,0.5093487861195541,75.0,128.0,0.6253708118729772,0.5461045234786257,0.7487051597563198,0.6593568923649201,0.6877622519747812,0.58,0.57,0.615,0.635,0.64,2.0
198.0,0.9753694581280788,203.0,1.0099502487562189,201.0,0.9095022624434388,221.0,0.8532818532818532,147.0,0.6591928251121076,223.0,0.961206896551724,232.0,1.0175438596491229,228.0,0.9539748953974896,175.0,-0.8030999113999095,0.3374110662136184,73.0,102.0,-0.7828920540712458,-0.8409763894615976,0.4476287466221902,-0.6782907070192623,-0.3932932412832662,0.245,0.34,0.42,0.465,0.475,2.0
127.0,1.4111111111111112,90.0,0.5202312138728323,173.0,1.6320754716981132,106.0,0.5608465608465608,174.0,1.831578947368421,95.0,0.5191256830601093,183.0,1.2281879194630871,149.0,0.9933333333333332,195.0,-0.1298525889128906,0.4774535568377601,74.0,121.0,0.4630533551335649,0.6659919295823636,0.7037881355374387,-0.1204714354523455,0.6673216740425529,0.535,0.59,0.6,0.77,0.615,2.0
157.0,1.0064102564102564,156.0,0.9936305732484076,157.0,0.9345238095238096,168.0,0.96,246.0,1.4470588235294117,170.0,1.0429447852760736,163.0,1.5980392156862746,102.0,0.4473684210526316,225.0,-0.3194104701436571,0.6558705591872108,53.0,172.0,0.5166983317642045,-0.2925180108249823,1.220962245785056,-2.2115336982992986,0.063748198556505,0.22,0.195,0.24,0.3,0.405,2.0
112.0,0.7,160.0,1.3793103448275863,116.0,0.6823529411764706,170.0,1.4782608695652173,175.0,1.4830508474576272,118.0,0.6704545454545454,176.0,1.6923076923076923,104.0,0.7074829931972789,198.0,0.024752371737637,0.488715182765246,76.0,122.0,0.7203525272906656,0.7631598046754884,0.7796449010117682,0.0616989092664226,0.6182219229937765,0.585,0.615,0.635,0.785,0.665,2.0
104.0,0.6227544910179641,167.0,1.403361344537815,119.0,1.5256410256410255,78.0,0.5098039215686274,146.0,1.226890756302521,119.0,1.5657894736842106,76.0,0.4903225806451612,155.0,1.2916666666666667,165.0,0.0009252849041615,0.4136389527867017,63.0,102.0,0.8436067192789584,0.0234836968582564,1.6947712188182078,-1.0687405641044003,0.0701737626744711,0.345,0.25,0.385,0.43,0.665,2.0
182.0,1.7333333333333334,105.0,0.6521739130434783,161.0,1.4,115.0,0.5476190476190477,178.0,1.2108843537414966,147.0,1.072992700729927,137.0,0.7965116279069767,172.0,1.8494623655913975,191.0,-0.0352046373977253,0.5443789912198992,67.0,124.0,0.6024434856529601,-2.2283521296203146,0.93946804779097,0.7429547258183584,0.7429547258183584,0.495,0.35,0.555,0.575,0.575,2.0
165.0,1.5277777777777777,108.0,0.8120300751879699,133.0,1.2912621359223302,103.0,0.6094674556213018,148.0,1.3333333333333333,111.0,1.11,100.0,0.5076142131979695,197.0,1.7747747747747749,174.0,-0.1071536832384141,0.4744355375871526,71.0,103.0,0.5466337748516559,-1.952217083921402,0.6756666573060459,0.656649941876838,0.656649941876838,0.585,0.415,0.62,0.64,0.64,2.0
165.0,1.3306451612903225,124.0,0.6850828729281768,181.0,1.448,125.0,0.9765625,168.0,0.8842105263157894,190.0,1.0982658959537572,173.0,1.7128712871287128,101.0,0.4926829268292683,185.0,-0.3220053086775546,0.3715875378905179,68.0,117.0,-0.2616502440563126,-0.2899923209483227,0.9375040541062196,0.0538948677773168,0.1603177548562046,0.275,0.27,0.365,0.43,0.435,2.0
156.0,1.1063829787234043,141.0,1.036764705882353,136.0,0.9315068493150684,146.0,0.9668874172185432,221.0,1.5241379310344827,145.0,0.9863945578231292,147.0,0.91875,160.0,1.0,209.0,-0.0314581215579776,0.661883179590227,55.0,154.0,0.899835392906418,-2.0168722738115337,1.3605353104235829,-0.0589706078626199,0.0871826981358478,0.475,0.325,0.535,0.675,0.63,2.0
116.0,1.2747252747252746,91.0,0.6363636363636364,143.0,1.181818181818182,121.0,1.0083333333333333,134.0,1.1074380165289257,121.0,1.043103448275862,116.0,1.1485148514851484,101.0,1.2469135802469136,164.0,0.0282482487306145,0.4108342043045718,71.0,93.0,0.9623954328773368,0.0198066157193425,1.5336813529918327,-1.1588251058917822,0.1511200361160438,0.35,0.265,0.385,0.435,0.68,2.0
167.0,0.9542857142857144,175.0,1.6203703703703705,108.0,0.4186046511627907,258.0,2.015625,226.0,1.30635838150289,173.0,0.9351351351351352,185.0,1.1490683229813663,161.0,0.9817073170731708,239.0,-0.2756683071029196,0.56676068428418,81.0,158.0,1.1759655927300494,-0.3676412747514417,2.206986334356689,-0.621389611212011,-0.621389611212011,0.31,0.275,0.34,0.385,0.385,2.0
228.0,2.0727272727272728,110.0,0.6547619047619048,168.0,1.4867256637168142,113.0,0.6686390532544378,177.0,1.6857142857142857,105.0,0.75,140.0,1.4,100.0,0.5524861878453039,212.0,-0.059141666188093,0.4827456134710569,89.0,123.0,0.6489966302904078,0.7602599561914838,0.7799852822297723,-0.0365591090611385,-0.0125806100710725,0.6,0.64,0.645,0.8,0.78,2.0
155.0,1.5048543689320388,103.0,0.5953757225433526,173.0,1.3307692307692307,130.0,0.8227848101265823,184.0,1.2867132867132867,143.0,1.0916030534351144,131.0,1.1101694915254237,118.0,0.8428571428571429,213.0,-0.0589432285266577,0.4159787176879697,85.0,128.0,0.4233833686408166,0.4969635622278598,0.5326914791809643,3.158927914628782e-05,0.3498612290721012,0.62,0.65,0.66,0.765,0.7,2.0
117.0,1.017391304347826,115.0,1.0087719298245614,114.0,1.008849557522124,113.0,0.9741379310344828,139.0,1.1779661016949152,118.0,0.9833333333333332,120.0,1.0526315789473684,114.0,1.425,162.0,-0.134949855050086,0.7320801039912743,65.0,97.0,1.6498418411155744,-0.0296244052884458,2.207334757130417,-1.06941314026,-0.4499848268374046,0.37,0.305,0.41,0.65,0.5,2.0
121.0,1.5316455696202531,79.0,0.5266666666666666,150.0,1.2605042016806722,119.0,0.967479674796748,155.0,1.25,124.0,1.0508474576271187,118.0,1.5945945945945943,74.0,0.4596273291925465,164.0,-0.1625359932813832,0.609183890571194,56.0,108.0,0.6926380547199122,0.253594714658765,0.819441614153501,-0.1182352585832271,0.6054997783285199,0.565,0.465,0.6,0.755,0.635,2.0
118.0,1.6388888888888888,72.0,0.4337349397590361,166.0,1.328,125.0,1.0593220338983051,165.0,1.3865546218487395,119.0,1.0084745762711864,118.0,1.6619718309859155,71.0,0.4277108433734939,166.0,-0.0410242115472042,0.613336647209988,51.0,115.0,-0.0411775487426674,-0.5819663304156149,0.9393256065874792,-1.985517595134174,0.4165121631402451,0.24,0.135,0.31,0.365,0.515,2.0
120.0,1.263157894736842,95.0,0.6643356643356644,143.0,1.153225806451613,124.0,1.0420168067226891,172.0,2.023529411764706,85.0,0.5379746835443038,158.0,1.3859649122807018,114.0,0.8507462686567164,172.0,-0.0781654392580743,0.6148536418872844,52.0,120.0,0.7408262942551025,-2.2225799054478337,0.9454049501671226,-0.024033260058149,0.0243183892607075,0.515,0.315,0.56,0.7,0.67,2.0
153.0,1.6451612903225807,93.0,0.6838235294117647,136.0,1.1333333333333333,120.0,1.0,143.0,1.1818181818181819,121.0,1.0341880341880345,117.0,1.231578947368421,95.0,0.6737588652482269,168.0,-0.2204454857625268,0.4181371327742901,68.0,100.0,0.7153481220562192,-0.1969907418882029,1.4795840832579146,-1.1635604823632415,-0.2218225471088895,0.37,0.29,0.41,0.455,0.695,2.0
131.0,1.0564516129032258,124.0,0.8671328671328671,143.0,0.934640522875817,153.0,1.1417910447761197,197.0,1.7433628318584071,113.0,0.7583892617449665,149.0,0.9085365853658536,164.0,1.197080291970803,216.0,-1.0415515214562037,0.6963698888025894,79.0,137.0,0.8328376852186974,-0.785179669626175,1.2354895148471776,1.0043380439865783,1.126802122564864,0.325,0.25,0.345,0.365,0.37,2.0
122.0,1.7183098591549295,71.0,0.4277108433734939,166.0,1.3949579831932772,119.0,0.9754098360655736,155.0,1.24,125.0,1.0416666666666667,120.0,1.6216216216216215,74.0,0.4596273291925465,164.0,-0.2396695084594514,0.6057883572752373,56.0,108.0,0.6028954816571119,0.1897097286544901,0.7626962494961516,-0.1990241279254745,0.1199538703065137,0.565,0.465,0.61,0.765,0.685,2.0
131.0,0.7616279069767442,172.0,1.3129770992366412,131.0,1.048,125.0,0.8064516129032258,186.0,1.0054054054054054,185.0,1.2012987012987013,154.0,1.2125984251968505,127.0,0.9338235294117648,179.0,-0.2341459294747448,0.2144120014196845,49.0,130.0,0.1728497394471571,0.1956780655662942,0.2030531447275849,-0.2396788767006667,0.1603963462760276,0.475,0.505,0.515,0.66,0.53,2.0
182.0,1.0833333333333333,168.0,1.0059880239520955,167.0,1.5321100917431192,109.0,0.5190476190476191,192.0,1.2,160.0,1.0126582278481011,158.0,0.8926553672316384,177.0,0.917098445595855,208.0,-0.0163470282606756,0.3730575996146899,74.0,134.0,0.6492998189883086,-0.0839413985223507,1.4162751069636783,-0.423801056855679,0.8785438155549892,0.335,0.31,0.36,0.455,0.39,2.0
118.0,1.475,80.0,0.5298013245033113,151.0,1.26890756302521,119.0,1.0084745762711864,156.0,1.3109243697478992,119.0,1.0258620689655171,116.0,1.432098765432099,81.0,0.5328947368421053,165.0,-0.0482576978062916,0.650212209394063,56.0,109.0,0.9017742592943088,0.4022680352784458,0.9673950252828092,-0.014980877064081,0.717506336843099,0.575,0.47,0.615,0.77,0.65,2.0
117.0,1.4444444444444444,81.0,0.5094339622641509,159.0,1.3140495867768596,121.0,1.0341880341880345,156.0,1.3,120.0,1.0084033613445378,119.0,1.4337349397590362,83.0,0.5424836601307189,162.0,-0.1636340340173649,0.6209285069457663,53.0,109.0,0.703552352231906,0.271118998906405,0.7884858980498486,-0.0860586732131368,0.1653258908304696,0.57,0.46,0.605,0.73,0.685,2.0
162.0,0.8901098901098901,182.0,0.994535519125683,183.0,1.1806451612903226,155.0,0.775,230.0,2.017543859649123,114.0,0.4730290456431535,241.0,2.2523364485981308,107.0,0.4652173913043478,242.0,-0.0646338224197006,0.5255064612585674,81.0,161.0,1.018461214522833,-0.3320280376625446,2.367030467772468,-0.5103336556724694,-0.4689006606201134,0.305,0.275,0.335,0.39,0.58,2.0
174.0,1.1012658227848102,158.0,0.9575757575757576,165.0,1.0714285714285714,154.0,1.1,92.0,0.368,250.0,2.4752475247524752,101.0,0.4549549549549549,222.0,1.5,161.0,0.0775404518838041,0.563709051375368,97.0,64.0,0.7470050718279436,0.8589142191400929,1.0141790179400323,0.7183807351567585,0.7183807351567585,0.815,0.87,0.895,0.92,0.92,2.0
75.0,0.4385964912280701,171.0,1.9,90.0,0.6164383561643836,146.0,1.2586206896551724,153.0,1.9615384615384615,78.0,0.5098039215686274,153.0,1.7,90.0,0.6122448979591837,162.0,-0.389400484512848,0.6723759586871919,55.0,107.0,0.4449057055068227,0.1206445269012757,0.67474051409099,-0.3173364517202476,0.3404135301936931,0.565,0.465,0.625,0.765,0.68,2.0
155.0,1.5048543689320388,103.0,0.6242424242424243,165.0,1.75531914893617,94.0,0.5136612021857924,190.0,1.3286713286713288,143.0,1.0,143.0,0.9407894736842104,152.0,0.9806451612903224,202.0,-0.0455795306500875,0.5193831963292804,69.0,133.0,0.5975539814043221,0.4701070248879729,0.8656113416956739,0.7041451781366274,0.7041451781366274,0.505,0.485,0.555,0.57,0.57,2.0
216.0,2.0,108.0,0.6923076923076923,156.0,1.4054054054054057,111.0,0.676829268292683,157.0,1.353448275862069,116.0,0.5858585858585859,198.0,1.559055118110236,127.0,0.7514792899408284,183.0,-0.0579361434253946,0.4356470090825249,74.0,109.0,0.4632787392077948,-1.7603690042854705,0.6814837651563442,-0.0090692162346114,0.5603848027544586,0.565,0.405,0.635,0.755,0.66,2.0
228.0,1.4339622641509433,159.0,0.9754601226993864,163.0,0.953216374269006,171.0,1.0426829268292683,187.0,1.2986111111111112,144.0,0.935064935064935,154.0,0.9935483870967742,155.0,1.0763888888888888,195.0,-0.3379349568609973,0.7398486358434706,65.0,130.0,2.120494241118287,-0.2939121614201979,2.4653776536840293,-0.9258999851783704,-0.4119490172212736,0.315,0.24,0.335,0.455,0.39,2.0
253.0,1.7692307692307692,143.0,0.4814814814814814,297.0,2.076923076923077,143.0,0.6441441441441441,223.0,2.0458715596330275,109.0,0.4467213114754098,244.0,1.8345864661654132,133.0,0.5277777777777778,251.0,-0.0712377824844572,0.5661304108498806,95.0,156.0,1.190809138308901,-0.2638280316058946,2.4492790720176387,-0.4550643641790682,-0.3068921214081155,0.345,0.31,0.38,0.43,0.655,2.0
164.0,1.5769230769230769,104.0,0.6887417218543046,151.0,1.290598290598291,117.0,0.7358490566037735,167.0,1.4273504273504274,117.0,0.8357142857142857,140.0,1.443298969072165,97.0,0.6736111111111112,195.0,-0.0791875340989437,0.5882581639193057,79.0,116.0,0.743822600156418,0.8034265431187334,0.828479899741321,-0.0720668439913315,0.5978655615696462,0.62,0.665,0.67,0.795,0.7,2.0
156.0,1.793103448275862,87.0,0.5838926174496645,149.0,1.2416666666666667,120.0,0.9917355371900828,136.0,1.1724137931034482,116.0,0.9666666666666668,120.0,1.1538461538461535,104.0,1.4647887323943662,162.0,-0.230361139595366,0.378752809582215,67.0,95.0,0.5146537046640841,-0.1986683417085427,1.2583972365080105,-1.1818316466081835,-0.162877756834208,0.375,0.295,0.415,0.465,0.725,2.0
131.0,0.9776119402985076,134.0,1.0,134.0,0.978102189781022,137.0,0.9133333333333332,129.0,1.0403225806451613,124.0,0.9117647058823528,136.0,1.6385542168674698,83.0,0.9325842696629212,184.0,-0.15777377151978,0.1349493406013512,94.0,90.0,0.0269652703150285,-0.1421346642130359,0.1909751183286942,-0.1081741780312176,0.170435160327029,0.665,0.6,0.715,0.82,0.73,2.0
82.0,0.543046357615894,151.0,1.51,100.0,0.746268656716418,134.0,1.1452991452991452,142.0,1.2136752136752136,117.0,1.5,78.0,0.5131578947368421,152.0,1.4615384615384617,162.0,-0.4040839101341428,0.4435415933365162,63.0,99.0,-0.3165656123022309,-0.3780218872692472,1.3067674688314403,-1.6412647361219217,-0.1740267527809788,0.295,0.28,0.395,0.44,0.7,2.0
152.0,1.948717948717949,78.0,0.490566037735849,159.0,1.3140495867768596,121.0,1.0521739130434782,154.0,1.3275862068965518,116.0,1.0175438596491229,114.0,1.5616438356164384,73.0,0.4506172839506173,163.0,-0.3655995370613586,0.633905471149917,56.0,107.0,0.543711673573799,0.008037032252685,0.6505453907748393,-0.2497989949748742,-0.016826964033035,0.575,0.475,0.615,0.725,0.695,2.0
101.0,0.8416666666666667,120.0,0.5607476635514018,214.0,0.9469026548672568,226.0,1.04147465437788,124.0,0.5714285714285714,217.0,1.9908256880733943,109.0,0.981981981981982,111.0,0.9823008849557522,153.0,-0.5233170582962908,1.0584399007919458,67.0,86.0,0.8493094483321443,-0.8112438881214752,2.323654521920744,-2.2342755676162693,2.025977231989481,0.47,0.435,0.51,0.72,0.535,2.0
180.0,1.487603305785124,121.0,0.4782608695652174,253.0,2.1260504201680672,119.0,0.476,266.0,1.7615894039735098,151.0,0.5373665480427047,281.0,2.2301587301587302,126.0,0.586046511627907,279.0,-0.1334965653777005,0.4751990386571907,93.0,186.0,1.0973160174367376,-0.3359018541312982,2.1059164218207,-0.5111251259356994,-0.3972050781193886,0.305,0.275,0.335,0.395,0.585,2.0
185.0,1.5289256198347108,121.0,1.0254237288135593,118.0,0.9915966386554622,119.0,0.9754098360655736,161.0,1.288,125.0,1.024590163934426,122.0,1.525,80.0,0.5,168.0,-0.243947865394173,0.6291470406931238,56.0,112.0,0.5226825221089291,0.2504871135476507,0.722359767397938,-0.1505908507036392,-0.1505908507036392,0.535,0.465,0.58,0.725,0.725,2.0
137.0,1.4891304347826086,92.0,0.46,200.0,0.8658008658008658,231.0,1.0176211453744493,145.0,1.4646464646464648,99.0,0.4876847290640394,203.0,0.7574626865671642,268.0,1.3333333333333333,179.0,-0.0798401370350959,0.3896193163714852,78.0,101.0,0.656125071594929,-0.8781749891099646,0.9100379907267072,0.8823720220827092,-0.0456379240927214,0.665,0.45,0.705,0.715,0.83,2.0
176.0,1.6761904761904762,105.0,0.6481481481481481,162.0,1.6363636363636365,99.0,0.678082191780822,158.0,1.5192307692307692,104.0,0.611764705882353,170.0,1.619047619047619,105.0,0.5898876404494382,182.0,-0.0888344674134871,0.5830699560173935,72.0,110.0,0.7388581528461385,0.8086060991923432,0.8191571947234605,-0.0696089933315983,0.5599750742714814,0.575,0.64,0.65,0.81,0.695,2.0
160.0,1.322314049586777,121.0,0.7202380952380952,168.0,1.5272727272727271,110.0,0.6962025316455697,186.0,1.5630252100840336,119.0,1.072072072072072,111.0,0.5414634146341464,205.0,2.0297029702970297,206.0,-0.1463016694847934,0.554910049768368,76.0,130.0,0.6632889419473941,-2.2574538161402438,0.7432631226896286,-0.1567423844633958,0.7201052175817513,0.555,0.375,0.59,0.765,0.605,2.0
110.0,0.6962025316455697,158.0,1.5192307692307692,104.0,0.611764705882353,170.0,1.452991452991453,205.0,2.0297029702970297,101.0,0.5738636363636364,176.0,1.5714285714285714,112.0,0.6021505376344086,220.0,-0.0747887329055899,0.31372265918693,77.0,143.0,-0.0849999999999999,-0.3658444996570303,0.7869228042859745,-0.725769880971201,-0.1786524026236029,0.185,0.32,0.355,0.385,0.555,2.0
96.0,0.4948453608247423,194.0,1.5396825396825398,126.0,1.0327868852459017,122.0,0.9172932330827068,206.0,1.6747967479674797,123.0,0.9761904761904762,126.0,0.8689655172413793,145.0,1.1068702290076335,211.0,-0.3381659304049691,0.344605383311991,67.0,144.0,0.5904351665197423,-0.3632255671772109,1.0192550347378655,-0.1963157152404829,-0.1214778290514605,0.295,0.24,0.315,0.375,0.38,2.0
115.0,0.9913793103448276,116.0,1.3975903614457832,83.0,0.5533333333333333,150.0,1.3043478260869563,171.0,1.9655172413793103,87.0,0.6,145.0,1.2083333333333333,120.0,1.0169491525423728,184.0,-0.2162224654791164,0.5148064435814608,65.0,119.0,-0.2108357044937292,-0.2758257164040671,1.324275102760618,-1.461666452062488,-0.4713087275931651,0.19,0.25,0.355,0.42,0.615,2.0
129.0,1.0932203389830508,118.0,0.975206611570248,121.0,0.8768115942028986,138.0,0.9857142857142858,169.0,1.396694214876033,121.0,0.9097744360902256,133.0,0.9366197183098592,142.0,0.9726027397260274,188.0,-0.1934283306285699,0.4198816169042241,70.0,118.0,0.862305604988628,-0.1515714828643121,1.163144233035203,-0.8793214595588663,-0.3771817023936744,0.325,0.245,0.365,0.545,0.635,2.0
152.0,0.9681528662420382,157.0,1.1056338028169015,142.0,1.0441176470588236,136.0,0.951048951048951,148.0,0.9866666666666667,150.0,1.0638297872340423,141.0,1.1015625,128.0,1.0491803278688523,194.0,-0.1072833717761664,0.4699185152929434,91.0,103.0,0.4747825978533372,0.2753253659989887,0.5794392289268029,-0.0135723884590717,0.5306558586247279,0.655,0.615,0.7,0.8,0.715,2.0
122.0,1.5443037974683544,79.0,0.5031847133757962,157.0,1.286885245901639,122.0,1.0252100840336134,161.0,1.3529411764705883,119.0,1.0084745762711864,118.0,1.5945945945945943,74.0,0.4378698224852071,163.0,-0.0724449874974265,0.6054152393875001,51.0,112.0,0.6624585778272476,0.3602920876276627,0.9107313030008036,-0.0004760885962712,0.8429220984251322,0.575,0.495,0.625,0.77,0.645,2.0
126.0,1.0413223140495869,121.0,1.3595505617977528,89.0,0.5426829268292683,164.0,1.108108108108108,205.0,1.7521367521367521,117.0,0.785234899328859,149.0,1.0567375886524824,141.0,1.0522388059701493,213.0,-0.2019275179117139,0.3537283568084378,70.0,143.0,-0.1845251979139528,-0.1953057637350118,1.1415751694212042,0.1342336210645783,0.263687027688782,0.22,0.245,0.33,0.385,0.39,2.0
83.0,0.5286624203821656,157.0,1.3418803418803418,117.0,1.0086206896551724,116.0,0.9666666666666668,86.0,0.5212121212121212,165.0,1.3636363636363635,121.0,1.2346938775510203,98.0,0.3967611336032389,128.0,-0.43193214240604,0.4999460035093049,68.0,60.0,-0.0047607273946978,-0.3586702798228026,1.2151047193981537,-1.560573911494597,-0.4086129110845304,0.44,0.36,0.54,0.605,0.91,2.0
111.0,0.5311004784688995,209.0,1.393333333333333,150.0,0.974025974025974,154.0,0.9871794871794872,213.0,1.4013157894736843,152.0,0.9559748427672956,159.0,1.0192307692307692,156.0,1.0263157894736843,202.0,-0.2146831337781258,0.5139370976936886,53.0,149.0,-0.2567011857418749,-0.1639179306755221,1.2682708459217564,-1.760840134846997,0.37749454485746,0.16,0.22,0.27,0.31,0.47,2.0
80.0,0.5298013245033113,151.0,1.8875,80.0,0.5161290322580645,155.0,1.8452380952380956,132.0,1.1092436974789917,119.0,1.4875,80.0,0.5194805194805194,154.0,1.925,167.0,-0.2564635172342502,0.4528591251158141,75.0,92.0,0.7497508671901738,-0.2084388273743204,1.292395528336319,-1.620633398973347,-0.0381909547738693,0.375,0.27,0.41,0.455,0.72,2.0
159.0,1.0,159.0,1.358974358974359,117.0,0.7647058823529411,153.0,1.3421052631578947,98.0,0.460093896713615,213.0,1.6904761904761905,126.0,0.6086956521739131,207.0,1.1828571428571428,135.0,-0.1351295690311524,0.1755910919508461,67.0,68.0,-0.0683938538004481,-0.4307612623287581,0.3746283778827349,-0.8419708374453418,0.0062207347013886,0.265,0.455,0.505,0.555,0.88,2.0
226.0,2.036036036036036,111.0,0.9823008849557522,113.0,0.9741379310344828,116.0,1.0175438596491229,113.0,1.1770833333333333,96.0,0.7559055118110236,127.0,1.2450980392156863,102.0,0.8225806451612904,160.0,0.0309915482070185,0.8947514022585227,81.0,79.0,1.6498408699281355,-0.0314931096439751,2.689223549688003,-0.6096394847286325,-0.0388048973204666,0.45,0.405,0.51,0.565,0.845,2.0
120.0,1.188118811881188,101.0,0.7163120567375887,141.0,1.165289256198347,121.0,1.0168067226890756,138.0,1.15,120.0,1.0256410256410255,117.0,1.21875,96.0,0.6666666666666666,161.0,-0.1356737503232934,0.4164403135287625,65.0,96.0,0.9642331624033724,-0.1138698757404736,1.5278252240237669,-1.2542504433100623,-0.0442756248102225,0.375,0.285,0.405,0.45,0.685,2.0
228.0,1.0224215246636772,223.0,2.064814814814815,108.0,1.0,108.0,0.9391304347826088,121.0,0.5377777777777778,225.0,1.0135135135135136,222.0,1.0325581395348835,215.0,0.9267241379310344,156.0,-0.4265149137240403,1.0148597291638608,72.0,84.0,1.617032342153995,-0.6952564165114665,2.502076767580852,-1.3308758933500269,2.150837039361397,0.44,0.395,0.465,0.575,0.495,2.0
128.0,1.0847457627118644,118.0,0.944,125.0,1.146788990825688,109.0,0.8074074074074075,142.0,1.1544715447154472,123.0,1.0982142857142858,112.0,1.009009009009009,111.0,0.9736842105263158,185.0,-0.1136027018185597,0.5256132791230405,86.0,99.0,0.5715402132301719,0.7309632424996537,0.7776425840137282,-0.0219357212913761,0.6874022764950862,0.645,0.685,0.695,0.84,0.725,2.0
119.0,1.017094017094017,117.0,1.0086206896551724,116.0,0.9747899159663864,119.0,1.0084745762711864,153.0,1.9870129870129871,77.0,0.5032679738562091,153.0,1.8888888888888888,81.0,0.525974025974026,161.0,-0.1492475222842539,0.6550835742368136,54.0,107.0,0.6038337529227615,0.3152072783784279,0.9085312966103348,-0.0068606671825173,0.8212112010991008,0.54,0.485,0.605,0.73,0.625,2.0
229.0,1.6013986013986017,143.0,0.5416666666666666,264.0,2.3157894736842106,114.0,0.5533980582524272,208.0,1.9439252336448598,107.0,0.4798206278026906,223.0,1.8739495798319328,119.0,0.5129310344827587,229.0,-0.1311420525724364,0.4866268468517763,84.0,145.0,0.9067335403185972,-0.2824392930503288,1.9826550616287848,-0.6696488625435688,-0.3017768576397762,0.34,0.305,0.37,0.46,0.655,2.0
141.0,1.068181818181818,132.0,0.7542857142857143,175.0,1.1290322580645162,155.0,1.5048543689320388,83.0,0.3952380952380952,210.0,1.721311475409836,122.0,0.6630434782608695,184.0,1.2867132867132869,134.0,0.0388100835355645,0.1928809091521695,76.0,58.0,0.3420249622155912,0.3437342302176708,0.3804984302423571,0.2515776174794212,0.2746796936245253,0.47,0.49,0.5,0.515,0.52,2.0
101.0,0.4429824561403508,228.0,1.5302013422818792,149.0,1.0,149.0,0.9675324675324676,199.0,1.3724137931034484,145.0,1.4948453608247425,97.0,0.4663461538461538,208.0,1.32484076433121,211.0,-0.1604787376371408,0.2783459807351476,72.0,139.0,-0.1502582742657845,-0.3327990255616749,1.2332922799843284,-0.6940841931158483,0.1772132676005622,0.18,0.305,0.34,0.385,0.585,2.0
158.0,1.0394736842105263,152.0,1.027027027027027,148.0,1.0277777777777777,144.0,1.0746268656716418,211.0,2.089108910891089,101.0,0.5459459459459459,185.0,1.3120567375886525,141.0,1.068181818181818,235.0,-0.110779617999194,0.4324399453833008,88.0,147.0,0.5260979429353672,0.5733269306566926,0.5881175324947137,-0.1041352011095332,0.3397966391104236,0.57,0.605,0.61,0.735,0.65,2.0
153.0,1.3421052631578947,114.0,0.4956521739130435,230.0,2.072072072072072,111.0,0.5068493150684932,207.0,1.1828571428571428,175.0,1.1904761904761905,147.0,1.185483870967742,124.0,0.7607361963190185,232.0,-0.0870042497386817,0.4516826748341649,88.0,144.0,0.5201056370712245,0.5896855443563556,0.5976179768860831,-0.1044761569783511,0.4307408871862658,0.585,0.63,0.635,0.77,0.67,2.0
292.0,1.825,160.0,1.0596026490066226,151.0,0.8579545454545454,176.0,1.266187050359712,208.0,1.7627118644067796,118.0,0.59,200.0,1.7241379310344829,116.0,0.9133858267716536,222.0,-0.90653239084574,0.6459033533585706,77.0,145.0,-0.6311691874722408,-0.6673694732763014,1.1210193575693792,0.9342162553370316,0.9936783065596736,0.19,0.24,0.325,0.345,0.35,2.0
228.0,1.948717948717949,117.0,1.073394495412844,109.0,0.4954545454545455,220.0,1.9130434782608696,136.0,0.5991189427312775,227.0,1.0179372197309418,223.0,1.9910714285714288,112.0,0.991150442477876,315.0,-0.1206922220949408,0.915559344024926,220.0,95.0,0.635400454341333,-0.5793968760356318,2.6570648304542632,-1.917415690708266,-0.5564530624491885,0.495,0.695,0.735,0.85,0.99,2.0
217.0,1.9375,112.0,0.7724137931034483,145.0,1.4948453608247425,97.0,0.3745173745173745,177.0,1.1721854304635762,151.0,1.6593406593406594,91.0,0.5083798882681564,179.0,1.2785714285714285,187.0,-0.2103934791681319,0.4136310886076005,64.0,123.0,0.5871605538179231,-0.2367670774513935,1.2992318579392568,0.0955298622039494,0.1839740518008783,0.305,0.24,0.34,0.4,0.405,2.0
81.0,0.5625,144.0,1.309090909090909,110.0,0.9482758620689656,116.0,1.008695652173913,152.0,1.3333333333333333,114.0,1.008849557522124,113.0,1.0089285714285714,112.0,0.991150442477876,162.0,-0.2199207053120861,0.5037857953625895,56.0,106.0,1.2539032359361642,-0.2409618909337704,1.8187172429296288,-0.8527502533394294,-0.3017496054784283,0.33,0.25,0.355,0.4,0.455,2.0
147.0,1.4411764705882353,102.0,0.5513513513513514,185.0,1.6517857142857142,112.0,0.6363636363636364,183.0,1.2534246575342465,146.0,1.280701754385965,114.0,1.027027027027027,111.0,0.4319066147859922,193.0,-0.1159890844456132,0.3879888475972077,65.0,128.0,1.0097662689893754,-0.1178054097537842,1.6955623719397854,-0.3197145771055349,-0.3197145771055349,0.315,0.26,0.345,0.38,0.38,2.0
128.0,1.0491803278688523,122.0,0.8187919463087249,149.0,1.146153846153846,130.0,0.8227848101265823,151.0,1.2583333333333333,120.0,0.7547169811320755,159.0,1.272,125.0,1.016260162601626,182.0,-0.0147424628073094,0.4511434206942379,77.0,105.0,0.553380762153768,0.3340953194434838,0.6922722239841724,0.6773317701879369,0.6526294291898888,0.605,0.555,0.64,0.655,0.67,2.0
172.0,1.0886075949367089,158.0,0.9875,160.0,0.9195402298850576,174.0,1.0545454545454545,215.0,1.3109756097560976,164.0,1.6565656565656566,99.0,0.3928571428571428,252.0,1.3621621621621622,222.0,-0.0771183774250907,0.3026561543483502,72.0,150.0,0.2435211928112057,0.0509698532401037,0.4715871923398955,0.4497825188130675,0.3393169002071446,0.465,0.435,0.53,0.54,0.565,2.0
126.0,0.9618320610687024,131.0,0.9424460431654677,139.0,0.8853503184713376,157.0,1.0827586206896551,128.0,1.1743119266055047,109.0,0.7364864864864865,148.0,1.2436974789915969,119.0,1.3837209302325582,144.0,-0.1307193727174683,0.1913736983018818,55.0,89.0,0.1704941548409279,-0.0572021276352106,0.2305663379244288,-0.13,0.1825103946723601,0.61,0.55,0.655,0.765,0.675,2.0
85.0,0.5782312925170068,147.0,1.5978260869565215,92.0,0.6388888888888888,144.0,1.2,155.0,1.684782608695652,92.0,1.2266666666666666,75.0,0.423728813559322,177.0,2.132530120481928,166.0,-0.1098870062754058,0.6883472800468304,58.0,108.0,0.799873696876447,0.3532639205483012,0.993737101381736,-0.0236221700592306,0.4167720433514942,0.57,0.475,0.615,0.76,0.685,2.0
259.0,1.7862068965517242,145.0,0.5776892430278885,251.0,2.024193548387097,124.0,0.5610859728506787,218.0,1.7868852459016393,122.0,0.4822134387351778,253.0,1.7692307692307692,143.0,0.4814814814814814,250.0,-0.2556731118339244,0.5679056129540911,98.0,152.0,0.8937876603177846,-0.4037643649531204,2.2793621879998094,-0.6529360348957288,-0.4046167549696523,0.36,0.33,0.395,0.44,0.445,2.0
180.0,1.5789473684210529,114.0,0.4653061224489795,245.0,2.4019607843137254,102.0,0.4358974358974359,243.0,1.6418918918918919,148.0,1.0,148.0,1.0136986301369864,146.0,0.9931972789115646,235.0,-0.2280394534912401,0.6327506423210241,65.0,170.0,0.8147457546212499,-0.2507673977762402,1.4484128174693542,-2.064040349708275,0.0439802619047196,0.26,0.23,0.28,0.345,0.455,2.0
158.0,1.2061068702290076,131.0,0.8851351351351351,148.0,0.9866666666666668,150.0,1.0638297872340423,155.0,1.4351851851851851,108.0,0.7012987012987013,154.0,1.5098039215686274,102.0,0.6666666666666666,206.0,-0.1364633191747036,0.4000482277370127,98.0,108.0,0.3839506181851743,0.4582811439860423,0.5048221701039097,-0.2069525495223037,-0.161412819321379,0.655,0.695,0.705,0.815,0.85,2.0
106.0,0.954954954954955,111.0,0.5162790697674419,215.0,0.9555555555555556,225.0,1.0321100917431192,111.0,0.5186915887850467,214.0,0.9511111111111112,225.0,1.0227272727272727,220.0,2.1153846153846154,154.0,-0.3384760766105036,0.9375088556235875,77.0,77.0,0.9661560897689884,-0.5245484008737026,2.637530996572785,-1.0923127181528438,2.3713852664409547,0.44,0.41,0.48,0.57,0.505,2.0
148.0,0.8809523809523809,168.0,0.8571428571428571,196.0,0.937799043062201,209.0,1.4315068493150684,182.0,1.2297297297297298,148.0,0.8409090909090909,176.0,1.035294117647059,170.0,1.140939597315436,208.0,-0.6795293815182543,0.6958436011854947,81.0,127.0,0.9700997461236868,-0.5331825160623792,1.5038387149268115,1.2845518313819158,1.2845518313819158,0.335,0.255,0.36,0.385,0.385,2.0
189.0,1.0441988950276244,181.0,1.2569444444444444,144.0,1.0666666666666669,135.0,1.0714285714285714,277.0,1.9236111111111112,144.0,1.125,128.0,1.28,100.0,0.4878048780487805,259.0,-0.2390798590458187,0.3314392647220929,66.0,193.0,-0.1875184362981988,-0.218206879247321,1.1349986729954735,0.1369715421367697,0.2432130217251175,0.19,0.185,0.255,0.3,0.305,2.0
218.0,1.831932773109244,119.0,0.5804878048780487,205.0,1.9339622641509435,106.0,0.53,203.0,1.9333333333333333,105.0,0.4929577464788732,213.0,1.7899159663865547,119.0,0.4047619047619047,225.0,0.054950490505746,0.48462111090603,83.0,142.0,1.2681318192946822,-0.2497554392057009,2.253991969144787,-0.4668402889079991,-0.1652283139628264,0.345,0.3,0.37,0.43,0.645,2.0
113.0,1.0089285714285714,112.0,0.9824561403508772,114.0,0.9661016949152542,118.0,1.0085470085470083,133.0,1.1176470588235294,119.0,1.0347826086956522,115.0,1.0267857142857142,112.0,1.2444444444444445,162.0,-0.3061388456968186,0.4493905903054776,69.0,93.0,0.5305445003753753,-0.2826254975069132,1.281708718955656,-1.7547118075264547,-0.2080942533447271,0.345,0.275,0.385,0.43,0.655,2.0
160.0,1.322314049586777,121.0,0.9918032786885246,122.0,1.0,122.0,1.0517241379310345,157.0,1.319327731092437,119.0,1.017094017094017,117.0,1.3928571428571428,84.0,0.5283018867924528,167.0,-0.046465555666372,0.5891657943543832,58.0,109.0,0.778782222462711,0.3472006870087578,0.8462674364703886,0.06761272557394,0.0685915018626576,0.58,0.475,0.615,0.725,0.73,2.0
136.0,1.2952380952380953,105.0,0.6730769230769231,156.0,1.4054054054054057,111.0,0.6686746987951807,178.0,1.8350515463917525,97.0,0.9797979797979798,99.0,0.8389830508474576,118.0,0.5130434782608696,202.0,-0.1051123654085434,0.5044111027655485,78.0,124.0,0.5718018156543553,0.1969664717299363,0.7117020549186464,-0.0653632519398304,0.5872517131627,0.55,0.49,0.595,0.72,0.63,2.0
122.0,0.6931818181818182,176.0,1.5304347826086957,115.0,0.7278481012658228,158.0,1.196969696969697,218.0,1.6029411764705883,136.0,0.9645390070921984,141.0,1.4242424242424243,99.0,0.6346153846153846,214.0,-0.3703390062067982,0.3833079804806247,62.0,152.0,-0.315,-0.3892937145021569,1.1216296744404153,-0.0287268156340051,0.0931475140202316,0.17,0.21,0.29,0.345,0.35,2.0
127.0,1.2095238095238094,105.0,0.6907894736842105,152.0,1.2881355932203389,118.0,0.4876033057851239,176.0,1.7959183673469388,98.0,0.5536723163841808,177.0,1.5663716814159292,113.0,0.6384180790960452,197.0,-0.0365748794858774,0.4232074467826413,74.0,123.0,0.4597078960214763,0.6633412294240755,0.7261400404053042,0.6440056780939252,0.6440056780939252,0.52,0.57,0.575,0.59,0.59,2.0
116.0,0.9914529914529916,117.0,1.0353982300884956,113.0,0.9912280701754386,114.0,1.1287128712871286,171.0,1.9,90.0,0.6164383561643836,146.0,1.2586206896551724,116.0,1.5064935064935066,171.0,0.0097561157674649,0.5797379193912039,52.0,119.0,0.8800154863365821,-1.9937771134383848,0.9834374197972504,0.0373720472007864,0.848718095546634,0.52,0.31,0.55,0.7,0.575,2.0
96.0,0.518918918918919,185.0,1.5677966101694916,118.0,0.6941176470588235,170.0,1.4782608695652173,199.0,1.9702970297029703,101.0,0.4975369458128079,203.0,1.068421052631579,190.0,1.1046511627906976,218.0,-0.2131079472236961,0.4507587467735925,79.0,139.0,0.3808518326236644,-2.0641646383894927,0.5713250311309805,-0.2130357768443671,-0.2130357768443671,0.525,0.365,0.585,0.72,0.72,2.0
143.0,1.1916666666666669,120.0,0.7407407407407407,162.0,1.396551724137931,116.0,0.6705202312138728,162.0,1.542857142857143,105.0,0.625,168.0,1.435897435897436,117.0,0.7647058823529411,190.0,-0.1284244646011379,0.5429270241163058,77.0,113.0,0.6731168816549861,-2.182763816242594,0.7846138685011754,-0.1095331132540178,0.7582695832789978,0.59,0.405,0.625,0.8,0.64,2.0
106.0,0.6057142857142858,175.0,1.699029126213592,103.0,0.6023391812865497,171.0,1.2573529411764706,159.0,1.485981308411215,107.0,0.6993464052287581,153.0,1.457142857142857,105.0,0.5898876404494382,184.0,-0.3510452151007495,0.532878668999629,73.0,111.0,1.153605765355295,-0.4592141791087024,1.8906591140028213,-0.7176309565805957,-0.5312728670171502,0.375,0.29,0.4,0.445,0.695,2.0
167.0,1.2462686567164178,134.0,1.0307692307692309,130.0,1.0,130.0,1.0,158.0,1.5490196078431373,102.0,0.723404255319149,141.0,1.1370967741935485,124.0,1.0420168067226891,201.0,-0.1689028724481143,0.4373210100852674,91.0,110.0,0.5163814234017107,0.4124693672542628,0.6067732126213597,0.0372458084373935,0.3450860899840285,0.635,0.68,0.7,0.77,0.73,2.0
175.0,1.3157894736842106,133.0,1.015267175572519,131.0,1.0,131.0,0.891156462585034,199.0,1.592,125.0,0.8680555555555556,144.0,1.0827067669172932,133.0,1.08130081300813,203.0,-0.2290664112023509,0.3551433101549647,64.0,139.0,0.6217689668611152,-0.233971722165254,1.0709537322069946,0.0502546234026738,0.0998722995278634,0.295,0.22,0.315,0.37,0.375,2.0
185.0,1.796116504854369,103.0,0.6518987341772152,158.0,1.5192307692307692,104.0,0.611764705882353,185.0,1.796116504854369,103.0,0.5659340659340659,182.0,1.7333333333333334,105.0,0.6521739130434783,210.0,-0.1309186227691857,0.4637694090120137,81.0,129.0,0.1815184263350894,0.2341406378493656,0.7492791308817442,0.5220911694669295,0.6151954520903495,0.335,0.505,0.53,0.545,0.565,2.0
176.0,1.0232558139534884,172.0,1.0886075949367089,158.0,0.9349112426035504,169.0,1.0628930817610065,209.0,1.2981366459627328,161.0,0.9938271604938272,162.0,0.9310344827586208,174.0,1.392,223.0,-0.1124291526693525,0.5116744985863935,77.0,146.0,1.1009290454830527,-0.4739627765730032,2.176357317796924,-0.5702216224410399,-0.3885136245974783,0.32,0.28,0.345,0.41,0.61,2.0
142.0,1.1932773109243695,119.0,1.469135802469136,81.0,0.5436241610738255,149.0,1.839506172839506,125.0,1.0593220338983051,118.0,1.0350877192982455,114.0,1.2127659574468086,94.0,0.6861313868613139,159.0,-0.3090457576262173,0.4643019036066007,72.0,87.0,0.7494961257825306,-0.2761347442842385,1.3882655244759885,-1.5503491895314243,-0.1430831384283584,0.375,0.275,0.41,0.455,0.71,2.0
127.0,0.8581081081081081,148.0,1.574468085106383,94.0,0.5371428571428571,175.0,1.4,193.0,1.2371794871794872,156.0,1.5757575757575757,99.0,0.6305732484076433,157.0,1.2764227642276422,204.0,-0.2642526527022941,0.4039147569239188,69.0,135.0,-0.2544881055867464,-0.3087409003083657,1.1083149199840088,0.127632070395877,0.2271401012300792,0.18,0.255,0.34,0.4,0.405,2.0
118.0,0.9833333333333332,120.0,1.0344827586206895,116.0,0.9914529914529916,117.0,1.0446428571428572,153.0,1.3076923076923077,117.0,0.9915254237288136,118.0,0.975206611570248,121.0,1.0254237288135593,162.0,-0.0304131479183491,0.6011282054407333,55.0,107.0,0.8399078262649713,0.3368049992953049,0.956979555375302,-0.0044267266809514,0.2829717026000911,0.57,0.47,0.605,0.755,0.69,2.0
88.0,0.6111111111111112,144.0,1.1900826446280992,121.0,1.551282051282051,78.0,0.5131578947368421,151.0,1.2479338842975207,121.0,1.0614035087719298,114.0,1.4074074074074074,81.0,0.525974025974026,159.0,-0.3514419724131787,0.5988826712134105,54.0,105.0,0.3172949710663058,0.5751790319375107,0.5887384086959856,-0.2884311588987753,0.3126335213895553,0.53,0.595,0.605,0.74,0.65,2.0
159.0,1.6224489795918366,98.0,0.6363636363636364,154.0,1.4,110.0,0.6918238993710691,158.0,1.462962962962963,108.0,0.72,150.0,1.530612244897959,98.0,0.6012269938650306,187.0,-0.1001974592004004,0.5374828770896264,77.0,110.0,0.7525873649077313,0.7423947643625038,0.9667849177715356,0.4051097378310517,0.4051097378310517,0.605,0.62,0.66,0.675,0.675,2.0
81.0,0.5031055900621118,161.0,0.8609625668449198,187.0,1.1265060240963856,166.0,1.4067796610169492,146.0,1.2066115702479339,121.0,1.423529411764706,85.0,0.5704697986577181,149.0,1.8860759493670889,159.0,-0.2927845592115108,0.6074447330992624,57.0,102.0,0.5626302872337708,0.0245883659653707,0.7269742413032663,-0.2349929234999443,0.1192947377961187,0.585,0.485,0.625,0.78,0.7,2.0
79.0,0.5197368421052632,152.0,1.4476190476190476,105.0,0.7954545454545454,132.0,1.1092436974789917,155.0,1.2916666666666667,120.0,1.518987341772152,79.0,0.5163398692810458,153.0,1.4166666666666667,166.0,-0.194579725815112,0.6821086130892754,58.0,108.0,0.6477515271864376,0.3010293501118433,0.8698637955514422,-0.0966113259150752,0.422322468074614,0.565,0.47,0.615,0.755,0.68,2.0
81.0,0.5328947368421053,152.0,1.2773109243697478,119.0,1.608108108108108,74.0,0.4567901234567901,159.0,1.325,120.0,1.0344827586206895,116.0,0.9830508474576272,118.0,1.0,166.0,-0.1618237805758099,0.6225861608354086,55.0,111.0,0.5591386561091221,0.2607138556583289,0.8033919597989951,-0.0733501007061176,0.5562040354690649,0.535,0.455,0.59,0.725,0.64,2.0
167.0,1.403361344537815,119.0,0.7,170.0,1.5178571428571428,112.0,0.6956521739130435,163.0,1.5980392156862746,102.0,0.5666666666666667,180.0,1.125,160.0,1.167883211678832,184.0,-0.1385450633190488,0.5661752554349873,70.0,114.0,0.5181893746421804,-2.2932513603434024,0.7624017913920431,-0.1292178048540763,0.7052359546068968,0.535,0.385,0.61,0.79,0.625,2.0
167.0,1.4521739130434783,115.0,0.7467532467532467,154.0,1.6041666666666667,96.0,0.6153846153846154,174.0,1.6111111111111112,108.0,0.6835443037974683,158.0,1.58,100.0,0.6944444444444444,204.0,-0.0589723659952521,0.4596337142917266,83.0,121.0,0.524704561880831,0.629427552232337,0.6546241780444189,0.6461453009707222,0.2972122607271976,0.585,0.625,0.635,0.645,0.71,2.0
114.0,0.957983193277311,119.0,1.0258620689655171,116.0,1.008695652173913,115.0,0.9913793103448276,151.0,1.336283185840708,113.0,0.9741379310344828,116.0,0.9830508474576272,118.0,1.0,161.0,-0.412706411590481,0.5882379122496795,56.0,105.0,0.4535859542846742,-0.0825679455679075,0.5723939697046676,-0.3789499341569855,0.3058233417530812,0.58,0.475,0.62,0.785,0.66,2.0
104.0,0.8,130.0,0.5726872246696035,227.0,2.2254901960784315,102.0,0.6071428571428571,170.0,1.36,125.0,0.6983240223463687,179.0,1.6272727272727272,110.0,0.7236842105263158,188.0,-0.0418218284827943,0.5525296543259246,70.0,118.0,0.7369041414056737,-2.1735179118282275,0.8003650194474846,-0.0188724246859785,0.5595853009544978,0.565,0.375,0.605,0.775,0.655,2.0
140.0,1.0294117647058822,136.0,1.0074074074074073,135.0,0.9642857142857144,140.0,0.9929078014184396,189.0,1.3897058823529411,136.0,0.9927007299270072,137.0,0.9856115107913668,139.0,0.952054794520548,192.0,-0.3080194795284069,0.3752125230592537,60.0,132.0,0.7107881567871925,-0.3291855172831729,1.7449045816014352,-0.6476682634185886,-0.464285436865518,0.295,0.255,0.32,0.365,0.56,2.0
123.0,0.6212121212121212,198.0,1.2857142857142858,154.0,1.811764705882353,85.0,0.4166666666666667,199.0,1.4316546762589928,139.0,1.053030303030303,132.0,1.015384615384615,130.0,0.948905109489051,215.0,-0.2992096315601397,0.2664645395314793,76.0,139.0,-0.2642049041310949,-0.4566820673285252,0.944992137747842,-0.9627320793871708,-0.0171768537351196,0.215,0.31,0.35,0.395,0.6,2.0
151.0,1.26890756302521,119.0,1.0084745762711864,118.0,1.4567901234567902,81.0,0.5225806451612903,147.0,1.2352941176470589,119.0,1.0084745762711864,118.0,1.4390243902439024,82.0,0.7192982456140351,169.0,-0.2563632746235234,0.6866083816848054,67.0,102.0,1.1153820562054713,-0.1684972338087208,1.9989899562333988,-1.1235970085979097,-0.6726040934336831,0.36,0.305,0.4,0.65,0.51,2.0
142.0,0.9161290322580644,155.0,0.9872611464968152,157.0,1.0397350993377483,151.0,1.0202702702702702,155.0,1.0064935064935066,154.0,1.0547945205479452,146.0,1.0579710144927537,138.0,1.0454545454545454,190.0,-0.1458699074084055,0.5207373842770572,82.0,108.0,1.1382072153832774,0.9948444340990968,1.75002697593658,-0.6584562496677808,-0.1190816836211658,0.435,0.465,0.49,0.605,0.87,2.0
121.0,0.7469135802469136,162.0,1.4336283185840708,113.0,0.6647058823529411,170.0,1.5454545454545454,173.0,1.4913793103448276,116.0,0.5603864734299517,207.0,2.090909090909091,99.0,0.6036585365853658,208.0,-0.0701834924412248,0.2858684173627157,87.0,121.0,0.3578492583805336,0.3816619892855899,0.4014492683935043,0.0397119122419064,0.3622675593602882,0.605,0.635,0.64,0.715,0.655,2.0
120.0,1.0256410256410255,117.0,0.9669421487603306,121.0,1.475609756097561,82.0,0.5222929936305732,125.0,1.0593220338983051,118.0,0.9833333333333332,120.0,1.348314606741573,89.0,0.6054421768707483,164.0,-0.2619990725293997,0.4335218027265527,77.0,87.0,0.7847399301861314,-0.2353435086409431,1.159410112196115,-1.4995884692200954,-0.067464598330991,0.395,0.3,0.425,0.47,0.755,2.0
104.0,0.5123152709359606,203.0,1.4,145.0,1.835443037974684,79.0,0.3607305936073059,220.0,1.4965986394557824,147.0,0.9423076923076924,156.0,0.9629629629629628,162.0,0.9642857142857144,236.0,-0.2472535358766697,0.2950982700534177,82.0,154.0,-0.2406179403291103,-0.3745918578405028,1.2915483878906802,-0.7441752044694562,0.0839260042391817,0.18,0.315,0.345,0.39,0.585,2.0
137.0,1.4421052631578948,95.0,0.5555555555555556,171.0,1.049079754601227,163.0,1.1241379310344828,184.0,1.3529411764705883,136.0,0.9784172661870504,139.0,0.8128654970760234,171.0,1.1712328767123288,188.0,-0.2189214462621148,0.3728558482866402,60.0,128.0,0.6836486761286418,-0.2050056822128507,1.211018714175244,0.0080205397386866,0.0770702497997416,0.295,0.23,0.315,0.375,0.38,2.0
236.0,1.0305676855895196,229.0,1.0456621004566211,219.0,1.0233644859813085,214.0,0.9304347826086956,319.0,1.4304932735426008,223.0,1.061904761904762,210.0,1.0,210.0,0.9722222222222222,313.0,-0.187887466505692,0.2309588947066218,90.0,223.0,0.4037965450953565,-0.6172613065326632,0.6176068887571509,-0.2450474525928774,-0.1630931330584044,0.445,0.34,0.475,0.59,0.535,2.0
156.0,1.7727272727272727,88.0,0.4808743169398907,183.0,1.6339285714285714,112.0,0.7417218543046358,264.0,2.467289719626168,107.0,1.202247191011236,89.0,0.3819742489270386,233.0,2.284313725490196,258.0,-0.0625853181337231,0.3912988784261471,74.0,184.0,0.524918488362955,-1.7116040246761095,0.728497300673987,0.6324222370189501,0.6324222370189501,0.42,0.295,0.465,0.48,0.48,2.0
161.0,1.4,115.0,0.5476190476190477,210.0,1.5441176470588236,136.0,0.8192771084337349,137.0,0.7965116279069767,172.0,1.8494623655913975,93.0,0.9489795918367347,98.0,0.4100418410041841,197.0,-0.1701838756886687,0.4334439806910556,102.0,95.0,-0.0511128210149095,-0.1299676441031151,0.5496919716871653,-1.7768715074719874,0.4323332710003157,0.415,0.395,0.48,0.53,0.78,2.0
105.0,0.660377358490566,159.0,1.485981308411215,107.0,0.6993464052287581,153.0,1.457142857142857,203.0,1.45,140.0,1.1111111111111112,126.0,0.9197080291970804,137.0,0.9319727891156464,212.0,-0.2554395616763464,0.3057652539773696,70.0,142.0,0.5863655907725672,-0.3323686770175567,1.547524773664607,-0.7170864814618048,-0.4364075159640712,0.31,0.265,0.335,0.38,0.55,2.0
122.0,1.5061728395061729,81.0,0.5294117647058824,153.0,1.2966101694915255,118.0,0.9833333333333332,151.0,1.2583333333333333,120.0,0.9836065573770492,122.0,1.7183098591549295,71.0,0.4409937888198758,162.0,-0.5595404087227629,0.594462960480981,57.0,105.0,0.1196219656510022,-0.2224028313151019,0.4262970005923558,-0.5285317858876009,-0.0556656036069715,0.56,0.48,0.625,0.79,0.685,2.0
94.0,0.4563106796116505,206.0,1.525925925925926,135.0,1.0,135.0,1.5,180.0,1.0169491525423728,177.0,1.4390243902439024,123.0,0.8661971830985915,142.0,1.5268817204301075,188.0,-0.2090531046349311,0.3953331277961894,63.0,125.0,-0.1757159267378185,-0.2073892238119145,1.1923197401727763,0.1419296328086801,0.2705281260087126,0.2,0.225,0.335,0.395,0.405,2.0
105.0,0.5072463768115942,207.0,1.6046511627906976,129.0,0.6861702127659575,188.0,1.7570093457943925,171.0,0.7533039647577092,227.0,2.316326530612245,98.0,0.5664739884393064,173.0,1.5446428571428572,183.0,-0.0082799001289174,0.3428006499463102,64.0,119.0,-0.0751143419911261,-0.2355276203092123,0.9032651375490176,-0.7691469597683778,-0.1631355081468332,0.27,0.315,0.355,0.395,0.615,2.0
113.0,1.4125,80.0,0.5405405405405406,148.0,1.213114754098361,122.0,1.0338983050847457,150.0,1.829268292682927,82.0,0.5324675324675324,154.0,1.7701149425287357,87.0,0.6041666666666666,163.0,0.0043455884527878,0.6412045853092537,58.0,105.0,0.852172964287525,0.3699876500620608,0.9746490526323122,0.0279634498024514,0.8488712593122272,0.595,0.495,0.64,0.785,0.66,2.0
117.0,1.017391304347826,115.0,0.9663865546218487,119.0,1.017094017094017,117.0,0.9915254237288136,156.0,1.471698113207547,106.0,0.7969924812030075,133.0,1.1083333333333334,120.0,1.0,167.0,-0.1434716122079561,0.720116998436221,58.0,109.0,0.8635549135641432,0.4364221528147693,0.99428195146083,-0.0764182443016587,0.9274966593531946,0.58,0.47,0.625,0.78,0.64,2.0
117.0,1.4625,80.0,0.5095541401273885,157.0,1.286885245901639,122.0,1.0338983050847457,151.0,1.2276422764227641,123.0,1.051282051282051,117.0,1.4444444444444444,81.0,0.5094339622641509,161.0,-0.1610650725140276,0.6049163942371928,56.0,105.0,0.6167073286352635,0.2167340332128192,0.7879340650542925,-0.0847903899702938,0.2878356170601832,0.57,0.47,0.615,0.765,0.69,2.0
114.0,1.008849557522124,113.0,1.036697247706422,109.0,0.9396551724137931,116.0,0.9747899159663864,143.0,1.2543859649122806,114.0,1.0,114.0,1.52,75.0,0.5033557046979866,158.0,-0.2031097142088006,0.5575603205970323,58.0,100.0,0.6584001891481044,0.650623390010278,0.7439603629577929,-0.1243043465426801,0.5233046917078609,0.595,0.61,0.63,0.755,0.665,2.0
147.0,0.901840490797546,163.0,1.038216560509554,157.0,0.9127906976744186,172.0,1.1700680272108843,148.0,1.0136986301369864,146.0,1.0977443609022557,133.0,0.8580645161290322,155.0,1.3596491228070176,182.0,-0.5123537219035916,0.7393312850775473,79.0,103.0,1.380667923501289,1.5075567861910075,1.7752750941471562,-0.9319685245794244,-0.5658780369303261,0.385,0.43,0.44,0.535,0.48,2.0
114.0,0.7037037037037037,162.0,2.0,81.0,1.0,81.0,0.45,150.0,1.2605042016806722,119.0,0.967479674796748,123.0,1.5185185185185186,81.0,0.5225806451612903,160.0,-0.2345711239757756,0.5938021531299319,55.0,105.0,0.6196852507342933,0.1135028607066346,0.6894152755602976,-0.1878069074351987,0.4781607391164206,0.58,0.475,0.615,0.77,0.655,2.0
117.0,1.376470588235294,85.0,0.5629139072847682,151.0,1.26890756302521,119.0,1.0258620689655171,151.0,1.26890756302521,119.0,0.9834710743801652,121.0,1.4938271604938271,81.0,0.5364238410596026,161.0,-0.0659306607512943,0.6647499221830553,56.0,105.0,0.6763469374228845,0.379632295441533,0.9795287609686044,-0.0418484966884596,0.674417324443589,0.545,0.47,0.615,0.78,0.665,2.0
195.0,1.2341772151898731,158.0,1.9506172839506173,81.0,0.54,150.0,1.851851851851852,152.0,1.4476190476190476,105.0,0.7954545454545454,132.0,1.1092436974789917,119.0,1.4875,161.0,-0.0050163868779915,0.625760696714258,55.0,106.0,0.7150864229181739,-2.0171817927082185,0.97731713619023,0.0290846963785843,0.6058915329682699,0.55,0.35,0.61,0.785,0.67,2.0
135.0,1.0887096774193548,124.0,0.984126984126984,126.0,1.0413223140495869,121.0,0.8120805369127517,170.0,1.4912280701754386,114.0,0.7916666666666666,144.0,0.9,160.0,0.9937888198757764,186.0,-0.3304063355020739,0.4545619677141017,68.0,118.0,-0.1537243532448989,-0.2738920869955544,1.2151231914258551,0.2150859746224403,0.2940372739823491,0.295,0.27,0.365,0.425,0.43,2.0
117.0,0.9669421487603306,121.0,1.09009009009009,111.0,1.5416666666666667,72.0,0.4137931034482758,134.0,1.1260504201680672,119.0,1.0,119.0,1.101851851851852,108.0,1.4594594594594594,166.0,-0.2377775719108965,0.4092547495997913,73.0,93.0,0.5511238795064995,-0.2545417161017461,1.2182443921075663,-1.4977679686269,-0.1375178913580705,0.36,0.26,0.4,0.445,0.685,2.0
107.0,0.5119617224880383,209.0,1.9174311926605505,109.0,0.5618556701030928,194.0,1.3197278911564625,189.0,1.7181818181818183,110.0,0.6432748538011696,171.0,1.6442307692307692,104.0,0.6153846153846154,212.0,-0.0674277189989391,0.4500582458275844,80.0,132.0,0.600153968651989,0.5938862588765038,0.7317973761849814,0.6636193336841593,0.6636193336841593,0.585,0.605,0.62,0.635,0.635,2.0
82.0,0.5394736842105263,152.0,1.4074074074074074,108.0,0.864,125.0,1.0869565217391304,144.0,1.309090909090909,110.0,0.9482758620689656,116.0,1.008695652173913,115.0,1.0,156.0,-0.0694639805183724,0.606855562394159,56.0,100.0,0.0344217902820881,0.03752540703913,1.0436640594884128,-2.117828982385693,0.4644215757014639,0.225,0.245,0.315,0.37,0.535,2.0
112.0,1.4,80.0,0.5228758169934641,153.0,1.3304347826086955,115.0,0.9745762711864406,157.0,1.319327731092437,119.0,1.0347826086956522,115.0,1.4556962025316456,79.0,0.512987012987013,167.0,-0.3202813447176836,0.6338909370600863,58.0,109.0,0.6586429809044462,0.655420775560472,0.6915157590364267,-0.0847817154557278,0.5184960075539295,0.595,0.615,0.635,0.735,0.665,2.0
149.0,1.2627118644067796,118.0,1.0442477876106195,113.0,1.0089285714285714,112.0,0.9824561403508772,148.0,1.494949494949495,99.0,0.7443609022556391,133.0,1.1176470588235294,119.0,1.0347826086956522,160.0,-0.278555282386196,0.6436179671466701,57.0,103.0,0.6989890805860544,-2.3368886396925426,0.7721059460982408,-0.2205775183837144,0.5018729771834257,0.595,0.37,0.63,0.79,0.665,2.0
220.0,1.981981981981982,111.0,1.009090909090909,110.0,1.0091743119266054,109.0,0.981981981981982,129.0,0.5944700460829493,217.0,1.9727272727272729,110.0,1.0,110.0,0.9649122807017544,156.0,-0.0976563664068108,1.0269842307492425,66.0,90.0,2.0306686138591967,-0.4045064914748471,2.7207844493561315,-1.015805999683561,2.4235361289199946,0.47,0.42,0.495,0.6,0.52,2.0
97.0,0.708029197080292,137.0,1.191304347826087,115.0,1.0176991150442478,113.0,1.2150537634408602,124.0,1.0689655172413792,116.0,1.4146341463414631,82.0,0.5466666666666666,150.0,1.6666666666666667,160.0,-0.1359463892951176,0.4427176018967462,74.0,86.0,0.8839980643092805,0.1651650489876133,1.5191485538873268,-1.314773402890646,0.027418076213634,0.385,0.34,0.42,0.465,0.735,2.0
159.0,1.4324324324324325,111.0,0.888,125.0,1.0593220338983051,118.0,0.9833333333333332,145.0,1.1788617886178863,123.0,1.051282051282051,117.0,1.24468085106383,94.0,1.1058823529411763,163.0,-0.1643128281631014,0.409577363222085,62.0,101.0,-0.0706482931252239,-0.134286381395925,1.4992088399889445,-1.339622266719774,-0.1529037059271389,0.29,0.27,0.38,0.43,0.645,2.0
85.0,0.6115107913669064,139.0,1.1583333333333334,120.0,1.4457831325301205,83.0,0.564625850340136,151.0,1.3017241379310345,116.0,0.9914529914529916,117.0,1.3,90.0,0.6428571428571429,158.0,-0.4571185395433315,0.6036773558724255,53.0,105.0,0.4193842487554569,-2.1067292267168067,0.5401946767742322,-0.3695633081069439,0.1435350212964576,0.62,0.4,0.655,0.83,0.715,2.0
129.0,1.1517857142857142,112.0,0.6746987951807228,166.0,1.5660377358490567,106.0,0.5955056179775281,171.0,1.2573529411764706,136.0,1.0149253731343284,134.0,0.8874172185430463,151.0,0.9556962025316456,191.0,-0.1203050440826584,0.5012490048033821,72.0,119.0,0.6230933386635844,0.5176900043915059,0.6629162689838266,0.646445662408399,0.646445662408399,0.555,0.58,0.615,0.63,0.63,2.0
168.0,0.9882352941176472,170.0,1.0625,160.0,1.08843537414966,147.0,0.9607843137254902,240.0,1.643835616438356,146.0,1.0138888888888888,144.0,0.9113924050632912,158.0,1.0063694267515924,230.0,-0.1378698641903316,0.7174367123009099,62.0,168.0,0.5770674904469966,-0.1760933220062446,1.6335552376611706,-2.2549572061173317,0.5176459962219845,0.245,0.21,0.27,0.33,0.475,2.0
79.0,0.5231788079470199,151.0,1.2583333333333333,120.0,1.0619469026548674,113.0,0.9576271186440678,124.0,1.0689655172413792,116.0,1.045045045045045,111.0,1.2333333333333334,90.0,0.6521739130434783,161.0,-0.1612251185526894,0.4539681934928556,75.0,86.0,0.7311759249156196,-0.1296233184693389,1.413053341635144,-1.340181508938808,0.039728898764683,0.38,0.25,0.425,0.47,0.745,2.0
252.0,1.9534883720930232,129.0,0.5443037974683544,237.0,2.0608695652173914,115.0,0.5,219.0,2.0091743119266057,109.0,0.4541666666666666,240.0,2.0689655172413794,116.0,0.4873949579831932,239.0,-0.1753140789727037,0.5419104522024648,86.0,153.0,1.2463246914484212,-0.3420513605076528,2.3782556786752167,-0.5953618660717038,-0.4089130723443445,0.335,0.295,0.36,0.41,0.615,2.0
158.0,1.7752808988764044,89.0,0.2861736334405145,311.0,1.279835390946502,243.0,1.5677419354838709,185.0,1.3703703703703705,135.0,0.9926470588235294,136.0,1.431578947368421,95.0,0.5828220858895705,248.0,-0.3173543886716539,0.5300734436060209,119.0,129.0,0.0839722074070288,-0.2096134353043558,1.8043250343029915,-1.380004026657654,-0.2922369413994832,0.41,0.38,0.48,0.65,0.85,2.0
174.0,2.2025316455696204,79.0,0.341991341991342,231.0,1.4528301886792452,159.0,1.0743243243243243,131.0,0.803680981595092,163.0,0.844559585492228,193.0,1.3496503496503496,143.0,0.9662162162162162,143.0,-0.2374213539085038,0.2581348626743616,52.0,91.0,0.1481065908278215,-0.1557585601714752,0.2642535774124294,-0.1202404065291783,0.2513088959032051,0.585,0.5,0.63,0.745,0.645,2.0
229.0,1.43125,160.0,1.5533980582524272,103.0,0.4238683127572016,243.0,1.49079754601227,272.0,1.5632183908045978,174.0,1.0175438596491229,171.0,1.089171974522293,157.0,1.0129032258064516,243.0,-0.1686883288875719,0.7287269824773744,53.0,190.0,0.9737399081861472,-2.2157346800018365,1.4003772700271753,-0.1652966681315466,-0.1652966681315466,0.425,0.275,0.47,0.6,0.6,2.0
108.0,0.9391304347826088,115.0,1.116504854368932,103.0,0.927927927927928,111.0,1.0,111.0,0.5634517766497462,197.0,1.5038167938931295,131.0,1.212962962962963,108.0,0.9557522123893806,157.0,-0.2842194474706626,1.0296706812443328,80.0,77.0,1.3066664269504271,2.3486910117658537,2.395173688781419,-1.1085585872492012,-0.4089572938421343,0.44,0.495,0.51,0.57,0.865,2.0
219.0,1.7661290322580645,124.0,0.5344827586206896,232.0,1.6571428571428573,140.0,0.6086956521739131,229.0,1.3391812865497077,171.0,1.0118343195266273,169.0,1.0242424242424242,165.0,0.873015873015873,250.0,-0.051324488041453,0.4705942362000209,90.0,160.0,1.0960072264564396,-0.1683748376677064,2.08804591585018,-0.5912439711983565,-0.2134852264757289,0.33,0.3,0.36,0.45,0.635,2.0
120.0,1.0344827586206895,116.0,1.008695652173913,115.0,0.9829059829059827,117.0,0.975,142.0,1.1833333333333333,120.0,1.4634146341463414,82.0,0.5394736842105263,152.0,1.948717948717949,164.0,-0.4929795158726169,0.4562028881282972,65.0,99.0,0.6041389923829867,-0.4211710767422152,1.3523614354074351,-1.7251777114038744,-0.3759590839208587,0.37,0.3,0.405,0.445,0.68,2.0
131.0,1.0155038759689925,129.0,0.9923076923076924,130.0,0.9701492537313432,134.0,1.0229007633587786,174.0,1.3181818181818181,132.0,1.03125,128.0,0.992248062015504,129.0,1.015748031496063,186.0,-0.1941195752621004,0.327884546492212,65.0,121.0,-0.0541177090984712,-0.1693625081997155,0.9829988179005515,0.7952879754568818,0.7952879754568818,0.275,0.26,0.35,0.38,0.38,2.0
191.0,1.5403225806451613,124.0,1.0333333333333334,120.0,1.518987341772152,79.0,0.4876543209876543,140.0,1.1382113821138211,123.0,1.1714285714285717,105.0,0.8015267175572519,131.0,1.0916666666666666,168.0,-0.1694888346244069,0.4101302805749531,70.0,98.0,0.9628716755200802,-0.0487726726498137,1.396899296084933,-1.3372404801710105,-0.0975034165587001,0.35,0.305,0.375,0.42,0.65,2.0
128.0,1.471264367816092,87.0,0.4943181818181818,176.0,1.3968253968253967,126.0,0.9,169.0,1.2246376811594204,138.0,0.9019607843137256,153.0,1.5612244897959184,98.0,0.6049382716049383,181.0,-0.1956131598113573,0.3762070586262834,63.0,118.0,-0.1003264905294564,-0.2392568886619299,1.2504311172489493,-0.0322948047726274,0.1164529440267644,0.185,0.255,0.35,0.405,0.415,2.0
154.0,1.1578947368421053,133.0,1.0,133.0,1.3571428571428572,98.0,0.5764705882352941,172.0,1.1390728476821192,151.0,1.6777777777777778,90.0,0.5084745762711864,177.0,1.156862745098039,190.0,-0.165990355793586,0.4140147791545306,70.0,120.0,-0.0941595918490912,-0.162225135566663,1.369283516215384,0.17048544846063,0.2853635440315376,0.2,0.28,0.37,0.42,0.43,2.0
171.0,1.5833333333333333,108.0,0.5901639344262295,183.0,1.5913043478260869,115.0,0.625,198.0,1.7837837837837838,111.0,0.6271186440677966,177.0,1.6238532110091743,109.0,0.6374269005847953,224.0,-0.0906731477486842,0.4815932962051167,86.0,138.0,0.5278094745406803,0.2370290535120134,0.6998125914845381,0.6794229681795354,0.1003273947743597,0.555,0.505,0.6,0.61,0.7,2.0
127.0,1.0672268907563025,119.0,0.9296875,128.0,0.7710843373493976,166.0,1.2481203007518795,116.0,1.008695652173913,115.0,0.8646616541353384,133.0,1.0555555555555556,126.0,1.1150442477876106,146.0,-0.1994760988732027,0.142286581098339,65.0,81.0,0.0600664542531562,-0.1191100332476225,0.1396781999782955,-0.1436230747212865,0.0760804020100502,0.655,0.595,0.7,0.79,0.715,2.0
226.0,1.7384615384615385,130.0,0.6103286384976526,213.0,1.7603305785123966,121.0,0.5627906976744186,229.0,1.748091603053435,131.0,0.5927601809954751,221.0,1.9217391304347824,115.0,0.5251141552511416,241.0,-0.2035682854106962,0.4877977894923073,81.0,160.0,1.1452275812303117,-0.3447200974090027,2.074263376804616,-0.5956054264638241,-0.5478788039239945,0.31,0.275,0.335,0.385,0.575,2.0
115.0,1.036036036036036,111.0,1.0,111.0,0.956896551724138,116.0,0.5155555555555555,84.0,0.49411764705882355,170.0,1.5178571428571428,112.0,1.0,112.0,0.9739130434782608,123.0,0.2230853748820056,1.070533564135723,65.0,58.0,1.624986556006004,0.0107266141628151,2.8472562003613264,-1.2495038582013294,2.5749474319129244,0.575,0.525,0.62,0.885,0.66,2.0
277.0,1.6011560693641618,173.0,1.0613496932515338,163.0,1.065359477124183,153.0,0.9161676646706588,252.0,1.605095541401274,157.0,0.923529411764706,170.0,2.073170731707317,82.0,0.7735849056603774,233.0,-0.075240612600167,0.6220983571139128,57.0,176.0,0.9041452108366764,-0.0677357756157213,1.427134312214119,-1.860783351126036,0.3984617374792127,0.23,0.205,0.245,0.31,0.41,2.0
231.0,2.1,110.0,0.5339805825242718,206.0,1.7166666666666666,120.0,0.5194805194805194,210.0,1.7073170731707317,123.0,0.5515695067264574,223.0,1.8898305084745763,118.0,0.4978902953586498,224.0,-0.2015463518674818,0.4640890683388779,77.0,147.0,0.869510900538722,-0.4202076154174881,1.9928785561547304,-0.7227457802650425,-0.5356974490744233,0.32,0.29,0.35,0.42,0.58,2.0
154.0,0.9221556886227544,167.0,0.9226519337016574,181.0,1.0168539325842696,178.0,1.0470588235294118,266.0,1.5375722543352601,173.0,1.005813953488372,172.0,0.9717514124293786,177.0,1.0,270.0,-0.1404208570183449,0.7368455277752267,84.0,186.0,1.203179099957857,-2.326258907375987,1.588811813441967,-0.1582160804020101,-0.1582160804020101,0.5,0.355,0.545,0.68,0.68,2.0
211.0,1.6106870229007633,131.0,0.9097222222222222,144.0,0.676056338028169,213.0,1.5106382978723405,169.0,0.8756476683937824,193.0,1.3402777777777777,144.0,0.9473684210526316,152.0,1.7272727272727273,188.0,-0.1760554180639209,0.4176106748747034,70.0,118.0,0.8452798504763394,-0.1948095166634627,1.2846776889228844,0.177883532770046,0.3031755850522752,0.35,0.25,0.375,0.435,0.445,2.0
119.0,0.5613207547169812,212.0,0.9906542056074766,214.0,0.9727272727272728,220.0,1.0138248847926268,105.0,0.481651376146789,218.0,0.9954337899543378,219.0,1.990909090909091,110.0,1.0,150.0,-0.1428584571759476,1.0277046548966613,77.0,73.0,1.104571077193338,-0.3644046339180894,2.6357677338426324,2.5652753600770124,2.5652753600770124,0.44,0.405,0.485,0.51,0.51,2.0
242.0,2.2,110.0,0.582010582010582,189.0,1.6153846153846154,117.0,0.6923076923076923,177.0,1.7184466019417475,103.0,0.6204819277108434,166.0,1.5809523809523809,105.0,0.7142857142857143,202.0,-0.088860822459503,0.4268739431032516,79.0,123.0,0.5835379986378496,0.6519023533723785,0.6735191514423435,-0.0666896087534789,0.5735651933971607,0.565,0.6,0.605,0.715,0.63,2.0
147.0,1.0425531914893618,141.0,1.0217391304347827,138.0,0.9857142857142858,140.0,0.9722222222222222,197.0,1.4172661870503598,139.0,0.9858156028368794,141.0,0.9724137931034482,145.0,0.9797297297297296,197.0,-0.2674326846535849,0.3799712320378184,60.0,137.0,0.6375036711469394,-0.3084212494330151,1.8081432745892168,-0.6187507243314447,-0.5103331567239785,0.28,0.24,0.305,0.355,0.53,2.0
115.0,1.4556962025316456,79.0,0.512987012987013,154.0,1.2833333333333334,120.0,1.0256410256410255,160.0,1.3675213675213675,117.0,1.017391304347826,115.0,1.4197530864197532,81.0,0.5364238410596026,165.0,-0.2949291273089933,0.5896114011628186,53.0,112.0,0.4773422192375092,0.3284187071671401,0.6402343836593841,-0.2157868587267719,0.4339355688719938,0.595,0.57,0.64,0.785,0.68,2.0
115.0,0.7371794871794872,156.0,1.5,104.0,1.223529411764706,85.0,0.3990610328638497,157.0,1.4952380952380953,105.0,0.6325301204819277,166.0,1.443478260869565,115.0,0.6216216216216216,173.0,-0.1491368304531543,0.5524739434439688,64.0,109.0,0.6592315277197325,0.2335517894122472,0.8045172351898635,-0.1436807905874178,0.6551586669523903,0.565,0.52,0.61,0.78,0.635,2.0
156.0,1.5757575757575757,99.0,0.6305732484076433,157.0,1.2764227642276422,123.0,1.051282051282051,166.0,1.2296296296296296,135.0,1.0887096774193548,124.0,0.984126984126984,126.0,1.0413223140495869,193.0,-0.1474455177575437,0.431697279157327,77.0,116.0,-0.0284467589267999,-0.0343346518169313,1.2122283077980758,0.4317434529135473,0.5013165897750191,0.325,0.34,0.4,0.46,0.465,2.0
152.0,1.062937062937063,143.0,1.0916030534351144,131.0,0.9776119402985076,134.0,1.0,159.0,1.1777777777777778,135.0,1.0465116279069768,129.0,1.0403225806451613,124.0,0.9117647058823528,218.0,-0.0323143829010187,0.1935632327832784,107.0,111.0,0.1897248985471926,0.0916897467978459,0.3597576357349746,0.3353721461137603,0.3353721461137603,0.62,0.595,0.675,0.69,0.69,2.0
180.0,1.2,150.0,0.7853403141361257,191.0,0.8127659574468085,235.0,1.087962962962963,310.0,1.55,200.0,1.0810810810810811,185.0,1.0451977401129944,177.0,1.023121387283237,290.0,-0.1146581274283476,0.3282460367776357,73.0,217.0,0.4144646612577671,0.4142886383902416,0.4421494477357243,-0.1984068202747422,0.3591957548819789,0.47,0.485,0.495,0.62,0.515,2.0
277.0,1.9785714285714289,140.0,1.5217391304347827,92.0,0.5644171779141104,163.0,1.2074074074074077,163.0,1.7157894736842105,95.0,0.5523255813953488,172.0,0.7610619469026548,226.0,1.6142857142857143,178.0,-0.3123110426513752,0.4139997313623627,64.0,114.0,-0.2039976215084586,-0.3331553494132565,1.193235874842264,-0.0340702629762385,0.0690863470628386,0.19,0.27,0.355,0.425,0.43,2.0
167.0,1.1283783783783785,148.0,1.072463768115942,138.0,1.1794871794871795,117.0,0.785234899328859,173.0,1.5585585585585586,111.0,0.5260663507109005,211.0,2.0288461538461537,104.0,0.5977011494252874,213.0,-0.1439360466708759,0.1963879996041187,92.0,121.0,-0.1045939708065006,-0.263979486868128,0.3328753437748263,-0.9657327554554478,0.1964824120603015,0.215,0.335,0.395,0.44,0.635,2.0
156.0,1.278688524590164,122.0,1.0427350427350428,117.0,1.0086206896551724,116.0,1.008695652173913,148.0,1.2333333333333334,120.0,0.9917355371900828,121.0,1.375,88.0,0.6068965517241379,161.0,-0.2332508316020528,0.4186824794962036,58.0,103.0,1.1718492901646382,-0.073205807874647,1.5746691360319234,-1.061441528251159,-0.1904837295187471,0.345,0.29,0.365,0.405,0.645,2.0
117.0,1.0833333333333333,108.0,0.864,125.0,1.0416666666666667,120.0,1.5789473684210529,150.0,1.4705882352941178,102.0,0.7906976744186046,129.0,1.4175824175824177,91.0,0.6319444444444444,160.0,-0.369413374381461,0.6565779579710493,55.0,105.0,0.4605993758319832,-2.5023175652811496,0.6985953490765896,-0.3032495501145102,0.3204622092489303,0.55,0.355,0.605,0.74,0.66,2.0
164.0,1.4385964912280702,114.0,0.6514285714285715,175.0,1.1666666666666667,150.0,0.7978723404255319,163.0,0.9209039548022598,177.0,1.5128205128205128,117.0,0.7905405405405406,148.0,0.8809523809523809,199.0,-0.7449037813774254,0.6932816404850648,85.0,114.0,0.9696461674136734,1.0876958261794982,1.4544462888671168,-1.8152804616556804,-0.7631129831611949,0.375,0.42,0.43,0.665,0.47,2.0
141.0,1.0444444444444445,135.0,1.0150375939849623,133.0,2.046153846153846,65.0,0.4577464788732394,187.0,1.0809248554913296,173.0,1.2097902097902098,143.0,0.9727891156462584,147.0,1.013793103448276,179.0,-0.1714578500786817,0.2037375247738563,49.0,130.0,0.1869767567120394,-0.9590930838808618,0.2531896949825284,-0.1946111036532866,0.2135850368902397,0.47,0.275,0.505,0.625,0.52,2.0
182.0,0.9479166666666666,192.0,1.0726256983240223,179.0,1.0718562874251496,167.0,1.0245398773006136,217.0,1.2994011976047903,167.0,1.0060240963855422,166.0,0.9485714285714286,175.0,0.9943181818181818,249.0,-0.2399690690009333,0.5505142614637745,98.0,151.0,0.6376851876682584,-2.003873170986504,0.9542628021542944,-0.2195422121977035,-0.2195422121977035,0.57,0.395,0.61,0.715,0.715,2.0
131.0,0.9357142857142856,140.0,0.6965174129353234,201.0,1.248447204968944,161.0,1.75,173.0,1.4786324786324787,117.0,0.8731343283582089,134.0,1.0387596899224807,129.0,0.9485294117647058,183.0,-0.2060495368396508,0.4084875213790939,62.0,121.0,-0.1885081696295098,-0.2097164444588044,1.2485394707137685,0.1511177530304996,0.3864785706927304,0.2,0.245,0.34,0.395,0.41,2.0
190.0,1.743119266055046,109.0,0.6123595505617978,178.0,1.679245283018868,106.0,0.6272189349112426,207.0,1.8818181818181818,110.0,1.1458333333333333,96.0,0.4507042253521127,213.0,2.173469387755102,225.0,-0.0451943521642721,0.4392759730686675,81.0,144.0,0.5928884407801164,0.634553946155701,0.6346801954949605,0.6049743778579213,0.3261096023050312,0.555,0.585,0.595,0.615,0.66,2.0
155.0,1.6145833333333333,96.0,0.5783132530120482,166.0,1.4690265486725664,113.0,0.6243093922651933,168.0,1.2444444444444445,135.0,1.115702479338843,121.0,0.8231292517006803,147.0,1.0352112676056338,189.0,-0.0176950425264462,0.5355318920671506,72.0,117.0,0.6638373081154616,0.3916098465326224,0.8065384972804855,0.0185709047631497,0.7600050127267007,0.565,0.51,0.62,0.795,0.635,2.0
110.0,1.2941176470588236,85.0,0.3386454183266932,251.0,2.163793103448276,116.0,0.5888324873096447,160.0,1.3793103448275863,116.0,0.6823529411764706,170.0,1.4782608695652173,115.0,1.0648148148148149,190.0,0.0150071076663595,0.4542359470139667,78.0,112.0,1.2340360850920176,-0.0128239702844027,1.935005220141182,-0.422716212733521,-0.3244478723387357,0.385,0.3,0.415,0.495,0.46,2.0
220.0,2.095238095238096,105.0,0.4338842975206611,242.0,1.847328244274809,131.0,0.4888059701492537,244.0,1.8914728682170543,129.0,0.5863636363636363,220.0,1.3095238095238095,168.0,0.9824561403508772,253.0,-0.1511701606570717,0.532517285412231,83.0,170.0,1.3882457700436563,-0.2894502895010204,2.3242373553513693,-0.6545037348379661,-0.5494307006675088,0.305,0.27,0.325,0.375,0.57,2.0
112.0,1.009009009009009,111.0,0.9736842105263158,114.0,1.008849557522124,113.0,0.982608695652174,152.0,1.9,80.0,0.5405405405405406,148.0,1.2982456140350878,114.0,1.008849557522124,159.0,-0.4862641332331758,0.6279204010892543,53.0,106.0,0.5079849817614209,0.4760216287566912,0.5649240537532131,-0.3723495165096265,0.2548482858366488,0.64,0.665,0.685,0.81,0.72,2.0
157.0,1.3418803418803418,117.0,1.0086206896551724,116.0,0.9666666666666668,120.0,1.0344827586206895,165.0,1.3636363636363635,121.0,1.2346938775510203,98.0,0.3967611336032389,247.0,2.9759036144578315,175.0,-0.3059010543223188,0.5787797221759502,60.0,115.0,0.5073609316581081,0.0364298082096505,0.6511785500495009,-0.2571421802417142,-0.2129397125473341,0.545,0.46,0.585,0.725,0.7,2.0
139.0,1.0775193798449612,129.0,0.9485294117647058,136.0,1.0149253731343284,134.0,0.8271604938271605,201.0,1.5,134.0,0.7015706806282722,191.0,1.2733333333333334,150.0,1.0638297872340423,211.0,-0.1032845223508531,0.5080584079391756,71.0,140.0,0.6421273417520806,0.5955357951083029,0.7124419080962079,0.5476840002389657,0.5476840002389657,0.535,0.565,0.58,0.595,0.595,2.0
88.0,0.6068965517241379,145.0,1.2393162393162394,117.0,1.0086206896551724,116.0,1.318181818181818,159.0,1.3140495867768596,121.0,1.0521739130434782,115.0,1.4743589743589745,78.0,0.5165562913907285,165.0,-0.2765095816309175,0.7217204295700429,54.0,111.0,0.6485365066621662,0.3220611043066836,0.8327068593401351,-0.2166046261834026,0.4025438045452044,0.55,0.455,0.595,0.74,0.655,2.0
114.0,0.5277777777777778,216.0,1.815126050420168,119.0,0.7777777777777778,153.0,1.2338709677419355,158.0,1.5192307692307692,104.0,0.611764705882353,170.0,1.452991452991453,117.0,0.639344262295082,187.0,-0.1250192277944364,0.4359426505088477,77.0,110.0,0.3664897409220491,-1.803333830704545,0.5546557166703272,0.4239778843317893,0.4239778843317893,0.585,0.415,0.645,0.675,0.675,2.0
103.0,0.8879310344827587,116.0,0.8787878787878788,132.0,1.1282051282051282,117.0,0.9915254237288136,78.0,0.4642857142857143,168.0,1.411764705882353,119.0,1.0084745762711864,118.0,1.4216867469879515,135.0,-0.2810930085160632,0.4769946340735025,81.0,54.0,0.4240434739317692,-0.0315949317856977,1.4001339759827292,-1.197912127869017,-0.441003092229564,0.55,0.52,0.61,0.66,0.74,2.0
107.0,0.8106060606060606,132.0,1.211009174311927,109.0,0.8515625,128.0,1.1327433628318584,169.0,1.9425287356321839,87.0,0.5117647058823529,170.0,1.9540229885057472,87.0,0.5028901734104047,172.0,-0.0896405543864734,0.218814679862504,54.0,118.0,0.2387679422031383,0.2021201896898998,0.2879257501928543,-0.156103457881026,0.0390047476875954,0.09,0.08,0.11,0.26,0.18,2.0
165.0,1.5566037735849056,106.0,0.6385542168674698,166.0,1.537037037037037,108.0,0.6506024096385542,143.0,1.361904761904762,105.0,0.5737704918032787,183.0,1.4878048780487805,123.0,0.6988636363636364,173.0,-0.2206464883983955,0.4733448998135405,73.0,100.0,0.4691335217590669,0.4345807439685612,0.5438416631842624,0.4744439867172834,0.4744439867172834,0.62,0.63,0.655,0.675,0.675,2.0
123.0,1.051282051282051,117.0,1.4268292682926829,82.0,0.5359477124183006,153.0,1.3660714285714286,153.0,1.2338709677419355,124.0,1.0598290598290598,117.0,1.4444444444444444,81.0,0.5328947368421053,163.0,-0.2432419262088762,0.6104740867527148,56.0,107.0,0.471580475004584,0.2434039713759345,0.7090462876929158,-0.1727294402674517,0.6345310235973313,0.555,0.495,0.61,0.76,0.63,2.0
115.0,1.0267857142857142,112.0,0.9655172413793104,116.0,0.9914529914529916,117.0,1.0353982300884956,151.0,1.3017241379310345,116.0,0.9914529914529916,117.0,1.481012658227848,79.0,0.5064102564102564,161.0,-0.135706000992392,0.5959379044964669,56.0,105.0,0.6757739545946819,-2.008523316074289,0.8840861076430063,-0.1183887227202725,0.3160832277394622,0.57,0.365,0.615,0.765,0.69,2.0
108.0,0.972972972972973,111.0,0.956896551724138,116.0,1.0740740740740742,108.0,0.4778761061946903,115.0,1.0,115.0,1.0176991150442478,113.0,1.0,113.0,1.036697247706422,161.0,-0.4756211782819304,0.989589799147378,81.0,80.0,1.023117593311936,-0.7230827698008299,2.517476637321113,-1.21638986030265,-0.5190073134014499,0.445,0.41,0.505,0.555,0.855,2.0
217.0,1.9727272727272729,110.0,0.4230769230769231,260.0,1.7333333333333334,150.0,0.5882352941176471,268.0,2.2521008403361344,119.0,0.497907949790795,239.0,1.9916666666666667,120.0,0.5504587155963303,279.0,-0.2229242530405042,0.4706498143453161,92.0,187.0,0.8084543080061305,-0.5098453508684819,1.9665288083787344,-0.7319069233699782,-0.5380973052047496,0.305,0.27,0.33,0.39,0.58,2.0
173.0,1.153333333333333,150.0,1.3636363636363635,110.0,0.6626506024096386,166.0,1.2296296296296296,154.0,1.1578947368421053,133.0,1.0,133.0,1.3571428571428572,98.0,0.5764705882352941,174.0,-0.1806377812135751,0.4992415306086117,67.0,107.0,0.9049217381058348,-0.1458652162924967,1.354749605102605,1.3484097551041017,0.4145619316315563,0.36,0.285,0.38,0.39,0.46,2.0
183.0,1.0397727272727273,176.0,1.0173410404624277,173.0,1.1161290322580646,155.0,0.9567901234567902,229.0,1.3391812865497077,171.0,0.9884393063583816,173.0,1.0,173.0,1.0,230.0,-0.1490056686352633,0.3317565148983704,70.0,160.0,0.3052607479968507,0.3809233024563815,0.4205184130312224,-0.12195959408564,-0.0092393391088396,0.48,0.515,0.525,0.62,0.595,2.0
175.0,1.2237762237762235,143.0,0.7185929648241206,199.0,1.6446280991735538,121.0,0.5931372549019608,180.0,1.0344827586206897,174.0,1.3700787401574803,127.0,0.8943661971830986,142.0,0.9659863945578232,202.0,-0.6289605136311629,0.5406703620912204,77.0,125.0,-0.4795631021538348,-0.526418813107583,1.8182180145504456,-0.5507103557117335,-0.4700517277840783,0.29,0.275,0.38,0.415,0.42,2.0
195.0,1.911764705882353,102.0,0.6,170.0,1.8085106382978724,94.0,0.5529411764705883,180.0,1.7307692307692308,104.0,0.5591397849462365,186.0,1.8979591836734693,98.0,0.5536723163841808,199.0,-0.0367799879848882,0.5449237728525048,74.0,125.0,0.5329587316023272,0.460827975067313,0.8089797497362975,0.0269836395744042,0.3540451760339785,0.53,0.515,0.615,0.745,0.68,2.0
147.0,2.0136986301369864,73.0,0.3303167420814479,221.0,1.4258064516129032,155.0,0.96875,191.0,1.3263888888888888,144.0,0.96,150.0,1.0,150.0,1.020408163265306,196.0,-0.1766360727893408,0.290362773779273,63.0,133.0,-0.1075361184687114,-0.2846121533863999,0.8547883524282003,-0.7059380952325467,0.2422558871183193,0.215,0.29,0.32,0.38,0.34,2.0
176.0,1.76,100.0,0.6451612903225806,155.0,1.5048543689320388,103.0,0.6242424242424243,257.0,2.595959595959596,99.0,0.5210526315789473,190.0,1.3286713286713288,143.0,1.0,256.0,-0.2002710086922201,0.4114113623222617,77.0,179.0,-0.2279461438442909,-0.2788134429746721,1.6120630581455593,-0.5769149191435651,-0.5505117271459586,0.17,0.23,0.3,0.345,0.515,2.0
119.0,1.4875,80.0,0.5333333333333333,150.0,1.271186440677966,118.0,1.0172413793103448,149.0,1.2627118644067796,118.0,0.9915966386554622,119.0,1.6527777777777777,72.0,0.4556962025316455,161.0,-0.0024954944947936,0.6041119623577274,57.0,104.0,0.6425643654663566,0.3549465443669614,0.9810778090910584,0.0207020777964764,0.4216718928375448,0.54,0.475,0.62,0.775,0.695,2.0
168.0,1.6153846153846154,104.0,0.5777777777777777,180.0,1.2765957446808511,141.0,0.9724137931034482,163.0,1.393162393162393,117.0,0.6324324324324324,185.0,1.468253968253968,126.0,0.8689655172413793,185.0,-0.1638843212715177,0.4644457444955027,71.0,114.0,0.5097491760806034,0.5649898718484672,0.5877873257665728,0.093330305501006,0.5321856386701898,0.585,0.62,0.625,0.72,0.64,2.0
177.0,1.047337278106509,169.0,1.4201680672268908,119.0,0.5721153846153846,208.0,1.3081761006289307,216.0,2.1386138613861387,101.0,0.4786729857819905,211.0,1.31055900621118,161.0,0.9640718562874252,230.0,-0.1912071111317963,0.548846246797398,79.0,151.0,1.2567888558579607,-0.3262539420325246,2.4240394766353197,-0.5782350998744252,-0.577087074619758,0.32,0.285,0.345,0.395,0.41,2.0
115.0,1.5333333333333334,75.0,0.4746835443037974,158.0,1.975,80.0,0.5,145.0,1.2393162393162394,117.0,1.0086206896551724,116.0,1.318181818181818,88.0,0.6111111111111112,162.0,-0.1644931992958347,0.4186615272369972,61.0,101.0,0.7253770864785629,-0.0900123849357437,1.6948492172159673,-1.2491944944651687,-0.0818461966253294,0.345,0.285,0.38,0.42,0.67,2.0
162.0,1.0,162.0,1.0062111801242235,161.0,1.087837837837838,148.0,0.961038961038961,187.0,1.7980769230769231,104.0,0.5,208.0,1.71900826446281,121.0,0.5307017543859649,213.0,-0.0422423168103528,0.5363745531888648,83.0,130.0,1.2668928482978972,-0.0612855060546046,2.395511029619954,-0.5206880841313156,-0.2139163094926166,0.36,0.33,0.39,0.445,0.685,2.0
131.0,1.048,125.0,0.6648936170212766,188.0,1.2207792207792207,154.0,1.1846153846153846,159.0,1.382608695652174,115.0,0.8394160583941606,137.0,1.4891304347826086,92.0,0.46,174.0,-0.289407950054531,0.3760121178954362,63.0,111.0,0.5897960628610992,-0.2653214560943803,1.0917962422612275,-0.0172763966177089,0.0672313512400834,0.34,0.27,0.365,0.43,0.435,2.0
205.0,1.6141732283464567,127.0,0.9921875,128.0,1.0406504065040652,123.0,1.3516483516483515,157.0,1.0536912751677852,149.0,1.5851063829787233,94.0,0.5280898876404494,178.0,1.1337579617834397,176.0,-0.1997114309609262,0.3902998379833493,67.0,109.0,0.7372130095332388,-0.1990897562099811,1.1707213791319304,0.0872033723288523,0.239900915640705,0.36,0.275,0.38,0.45,0.46,2.0
143.0,1.2222222222222223,117.0,0.6763005780346821,173.0,1.616822429906542,107.0,0.6257309941520468,150.0,1.5463917525773196,97.0,0.5987654320987654,162.0,1.3728813559322033,118.0,0.6519337016574586,191.0,-0.0594234939478032,0.424809568815371,86.0,105.0,0.476623003236347,-1.728996882304266,0.62,0.6064566422725817,0.6064566422725817,0.41,0.455,0.67,0.685,0.685,2.0
85.0,0.5743243243243243,148.0,1.2436974789915969,119.0,1.0258620689655171,116.0,1.0740740740740742,182.0,2.5277777777777777,72.0,0.4472049689440994,161.0,1.3416666666666666,120.0,1.0169491525423728,177.0,-0.1455661093971508,0.5646065764870273,50.0,127.0,0.6289146652786781,-2.110453682868537,0.7604030745349419,-0.1118848061152764,0.5296099951251942,0.545,0.34,0.585,0.72,0.62,2.0
82.0,0.5222929936305732,157.0,1.891566265060241,83.0,0.538961038961039,154.0,1.6382978723404256,166.0,1.4067796610169492,118.0,1.0260869565217392,115.0,1.4375,80.0,0.5228758169934641,246.0,-0.1883538789437902,0.5738944362019975,130.0,116.0,0.1131520612636306,-0.1410455322350037,0.7091370999818394,-1.9286638261215296,-0.0584825808164053,0.14,0.185,0.22,0.255,0.38,2.0
112.0,1.0467289719626167,107.0,1.175824175824176,91.0,0.7398373983739838,123.0,1.108108108108108,121.0,1.1203703703703705,108.0,0.9908256880733946,109.0,0.990909090909091,110.0,1.0,154.0,-0.3126274864579174,0.9647532305829234,70.0,84.0,1.4877971037995366,-0.434358219578372,2.4903918352810464,-1.8163464956674376,2.2344910800753155,0.435,0.4,0.465,0.68,0.49,2.0
143.0,1.153225806451613,124.0,1.0420168067226891,119.0,1.0084745762711864,118.0,1.475,158.0,1.3859649122807018,114.0,0.8507462686567164,134.0,1.1074380165289257,121.0,1.6575342465753424,169.0,-0.1174522355001166,0.7011046852683902,59.0,110.0,0.8324910702370767,0.3576630960880314,0.9954813676703396,-0.0033031602820122,0.3830843321898269,0.585,0.485,0.625,0.77,0.7,2.0
141.0,1.119047619047619,126.0,0.8571428571428571,147.0,1.6896551724137931,87.0,0.4728260869565217,92.0,0.2804878048780488,328.0,2.8521739130434782,115.0,0.732484076433121,157.0,1.2764227642276422,258.0,-0.1469675383763515,0.0685756218010873,194.0,64.0,-0.1339182900498619,-0.02017893953832,0.2867471144242094,-0.1165987548556192,-0.1165987548556192,0.385,0.745,0.755,0.78,0.78,2.0
117.0,1.054054054054054,111.0,1.009090909090909,110.0,1.0,110.0,0.9821428571428572,114.0,1.0555555555555556,108.0,0.972972972972973,111.0,1.15625,96.0,0.7559055118110236,153.0,-0.2463967163916336,0.9544999952793394,74.0,79.0,0.662888631428751,-0.4534269544676962,2.451845124000438,-1.127038437240936,2.1923750195322227,0.41,0.385,0.455,0.55,0.485,2.0
117.0,1.4444444444444444,81.0,0.5294117647058824,153.0,1.2439024390243902,123.0,1.0695652173913044,148.0,1.2436974789915967,119.0,1.0258620689655171,116.0,1.0740740740740742,108.0,0.8244274809160306,162.0,-0.0800844280623006,0.6054072213219279,59.0,103.0,0.6402204251310278,0.2954520385860114,0.8721357328026448,-0.0194810354878076,0.4871773654161809,0.575,0.495,0.625,0.775,0.69,2.0
134.0,0.575107296137339,233.0,1.2328042328042328,189.0,1.111764705882353,170.0,1.7346938775510203,146.0,1.0,146.0,1.4174757281553398,103.0,0.6094674556213018,169.0,1.2158273381294964,167.0,-0.2245932990121699,0.4866703593071463,65.0,102.0,-0.1653664568734117,-0.186967020079463,1.4283412454972286,0.2697226925549857,0.3839371991720544,0.27,0.295,0.39,0.455,0.465,2.0
238.0,2.2452830188679247,106.0,0.5221674876847291,203.0,1.780701754385965,114.0,0.4541832669322709,230.0,1.7557251908396947,131.0,0.4763636363636364,275.0,2.0522388059701493,134.0,0.5929203539823009,241.0,-0.1847516207217026,0.4767122667335108,80.0,161.0,0.9946788099048376,-0.3548177159547347,2.0140579297372687,-0.6858862817956984,-0.4600679368358208,0.3,0.27,0.33,0.395,0.375,2.0
247.0,1.789855072463768,138.0,0.6216216216216216,222.0,2.0943396226415096,106.0,0.4796380090497738,214.0,1.8135593220338984,118.0,0.4609375,256.0,2.048,125.0,0.5252100840336135,226.0,-0.1959778527643412,0.514273185383878,77.0,149.0,1.3575414470123848,-0.3745078455462185,2.1882717640833285,-0.8018706023228128,-0.4691890247443984,0.32,0.28,0.34,0.45,0.6,2.0
102.0,0.7906976744186046,129.0,1.4175824175824177,91.0,0.6319444444444444,144.0,1.2413793103448276,149.0,1.2735042735042734,117.0,0.9831932773109244,119.0,1.5063291139240509,79.0,0.5197368421052632,160.0,-0.2328369718642646,0.6481680559870318,56.0,104.0,0.6267573481946693,-2.312954062594045,0.8032009054998466,-0.1885776269686231,0.7618484984969525,0.585,0.365,0.625,0.785,0.64,2.0
152.0,1.2991452991452992,117.0,1.017391304347826,115.0,0.9663865546218487,119.0,1.0,140.0,1.2173913043478262,115.0,1.4935064935064934,77.0,0.5099337748344371,151.0,1.935897435897436,164.0,-0.2760544772602562,0.4700144702670636,66.0,98.0,0.8263673983564881,-0.268862292916138,1.5893923952359732,-1.5051455586760412,-0.132838423586868,0.375,0.275,0.41,0.45,0.69,2.0
175.0,1.7156862745098038,102.0,0.5024630541871922,203.0,1.2929936305732483,157.0,0.9127906976744186,204.0,1.8053097345132743,113.0,1.2150537634408602,93.0,0.4189189189189189,222.0,1.947368421052632,219.0,-0.1059650771925832,0.5277793789192293,77.0,142.0,0.7755744985301034,0.7580765905870346,0.7922161766163167,0.6614675167949027,0.6614675167949027,0.555,0.575,0.585,0.61,0.61,2.0
222.0,1.947368421052632,114.0,0.6404494382022472,178.0,1.6330275229357798,109.0,0.6374269005847953,164.0,1.7083333333333333,96.0,0.5274725274725275,182.0,1.467741935483871,124.0,0.6262626262626263,188.0,-0.0542922323703276,0.4867764821889177,74.0,114.0,0.6803252541172727,-1.9806078812686687,0.7876686823521033,-0.0241366387444029,0.5663174277805215,0.57,0.395,0.61,0.77,0.66,2.0
83.0,0.5460526315789473,152.0,1.2991452991452992,117.0,1.0353982300884956,113.0,0.9741379310344828,126.0,1.0677966101694916,118.0,1.4567901234567902,81.0,0.525974025974026,154.0,1.4528301886792452,158.0,-0.2794305532226153,0.4832221943489224,70.0,88.0,0.7643477457598659,-0.2773056737283874,1.553042737426367,-1.591489247818068,-0.179292073350032,0.36,0.25,0.4,0.445,0.685,2.0
127.0,0.7791411042944786,163.0,1.1319444444444444,144.0,0.8780487804878049,164.0,0.942528735632184,199.0,1.3819444444444444,144.0,0.782608695652174,184.0,1.3430656934306568,137.0,0.9256756756756755,196.0,-0.2154151852684099,0.40427265830136,57.0,139.0,0.0201419178326159,-0.1577269384965739,1.4210330492626384,-0.6358661329220852,1.1962999113470074,0.155,0.23,0.29,0.425,0.305,2.0
90.0,0.6164383561643836,146.0,1.2586206896551724,116.0,1.5064935064935066,77.0,0.5167785234899329,153.0,1.7,90.0,0.6122448979591837,147.0,1.185483870967742,124.0,1.0508474576271187,161.0,-0.3975286915959345,0.7128686522428292,54.0,107.0,0.5706215207792449,0.1769661079730956,0.7530069009253134,-0.315751408039449,-0.2469083265631002,0.58,0.47,0.625,0.775,0.74,2.0
184.0,1.688073394495413,109.0,0.4067164179104477,268.0,1.654320987654321,162.0,1.018867924528302,252.0,1.6578947368421053,152.0,0.9934640522875816,153.0,1.8,85.0,0.33203125,232.0,-0.1694065032819297,0.6872821251400608,56.0,176.0,0.9467334160500962,1.1968766808558422,1.2109791529188716,-0.1699633229878212,0.1641798374362027,0.47,0.52,0.525,0.65,0.595,2.0
117.0,1.054054054054054,111.0,0.8671875,128.0,0.992248062015504,129.0,0.8376623376623377,136.0,1.0381679389312977,131.0,1.0,131.0,1.0234375,128.0,1.0406504065040652,162.0,-0.1754173546840844,0.5134720744293616,67.0,95.0,0.5873810483165359,0.5603456508991393,0.656041492357776,-0.113436585896748,0.5971139655984206,0.615,0.63,0.655,0.8,0.675,2.0
153.0,1.9615384615384612,78.0,0.5098039215686274,153.0,1.7,90.0,0.6122448979591837,164.0,1.3553719008264462,121.0,1.0168067226890756,119.0,1.5063291139240509,79.0,0.5266666666666666,170.0,-0.165385331250993,0.616163295302138,56.0,114.0,0.5396809811772741,0.2985288951717529,0.77546866656875,-0.1264086405648676,0.1485707097326076,0.535,0.455,0.61,0.76,0.695,2.0
119.0,1.0084745762711864,118.0,1.475,80.0,0.5031446540880503,159.0,1.3706896551724137,134.0,1.1074380165289257,121.0,1.6575342465753424,73.0,0.4397590361445783,166.0,1.4690265486725664,172.0,-0.1824869500694018,0.426363626666408,79.0,93.0,0.7462809236022284,-0.1376145051182865,1.3402602818193905,-1.4496310117144553,-0.0904283640899938,0.385,0.295,0.425,0.465,0.69,2.0
195.0,1.4233576642335766,137.0,1.113821138211382,123.0,0.75,164.0,1.28125,146.0,1.1587301587301588,126.0,0.8289473684210527,152.0,1.5833333333333333,96.0,0.5133689839572193,164.0,-0.213706437016248,0.3635287698426203,62.0,102.0,-0.1057621901609896,-0.2129165564133676,1.0993304132922708,-0.0138915728796657,0.0687798774531256,0.2,0.28,0.38,0.445,0.45,2.0
176.0,0.7586206896551724,232.0,1.3647058823529412,170.0,1.0759493670886076,158.0,1.6458333333333333,182.0,0.774468085106383,235.0,1.5161290322580645,155.0,1.6145833333333333,96.0,0.4660194174757281,194.0,-0.3196784471809193,0.3717763731518425,67.0,127.0,-0.2704286920144884,-0.2777937860779528,1.0684200963055388,-0.0412525189394864,0.0144891873957681,0.195,0.255,0.345,0.405,0.41,2.0
174.0,1.7938144329896908,97.0,0.5052083333333334,192.0,1.0434782608695652,184.0,2.0444444444444443,183.0,1.4758064516129032,124.0,0.7469879518072289,166.0,1.006060606060606,165.0,1.896551724137931,194.0,-0.2378373950389921,0.355346016325742,66.0,128.0,0.7195750165994531,-0.2016825593192796,1.103344172462513,-0.0105939635147852,0.0357500860445325,0.32,0.26,0.34,0.395,0.4,2.0
96.0,0.6906474820143885,139.0,1.1982758620689655,116.0,1.008695652173913,115.0,1.1274509803921569,132.0,1.1282051282051282,117.0,0.9915254237288136,118.0,0.9672131147540984,122.0,1.0427350427350428,173.0,-0.1168499636715844,0.6463738554005187,81.0,92.0,0.186179141815533,-0.223506757043369,0.9501322404124676,-2.4975469926425777,0.6622833233856953,0.38,0.3,0.425,0.475,0.69,2.0
121.0,1.0,121.0,1.2872340425531914,94.0,0.6762589928057554,139.0,1.1680672268907564,154.0,1.2419354838709677,124.0,1.0163934426229508,122.0,1.1401869158878504,107.0,0.8106060606060606,166.0,-0.1838730163250494,0.5603487776614168,59.0,107.0,-0.2856018582595517,-0.7939529828166239,0.7827489963317997,-1.9569345638498652,0.3019364766376749,0.22,0.135,0.31,0.36,0.545,2.0
834.0,5.278481012658228,158.0,0.9937106918238994,159.0,0.9352941176470588,170.0,0.9497206703910616,226.0,1.4394904458598725,157.0,0.9289940828402368,169.0,1.0368098159509205,163.0,1.0316455696202531,211.0,-0.1398781529204827,0.64933094940286,53.0,158.0,0.8761780442825033,-0.1569352405026789,1.3135374584289758,-1.9862090750531007,0.2570328443671115,0.24,0.21,0.255,0.315,0.42,2.0
168.0,1.4867256637168142,113.0,0.5678391959798995,199.0,2.01010101010101,99.0,1.1647058823529413,203.0,2.00990099009901,101.0,0.5580110497237569,181.0,1.7745098039215683,102.0,0.5513513513513514,211.0,-0.09256218088729,0.566437498878547,69.0,142.0,0.6611105406432426,0.6908929247509745,0.9021404856528454,0.8563483595412948,0.8563483595412948,0.525,0.555,0.58,0.595,0.595,2.0
146.0,1.0503597122302155,139.0,0.9455782312925172,147.0,0.9865771812080536,149.0,0.9141104294478528,257.0,1.5670731707317074,164.0,0.9761904761904762,168.0,0.96,175.0,1.0802469135802468,246.0,-0.0194928852028133,0.8241934189416288,67.0,179.0,0.7626420199393019,-2.466819494274465,1.6063823169308893,-0.3554225144709504,-0.1893950896013567,0.405,0.275,0.46,0.625,0.575,2.0
119.0,1.5063291139240509,79.0,0.5197368421052632,152.0,1.2459016393442623,122.0,1.0517241379310345,152.0,1.2881355932203389,118.0,1.0085470085470083,117.0,1.4268292682926829,82.0,0.5189873417721519,163.0,-0.2042138003273772,0.6470879271148632,57.0,106.0,0.5717776059593279,0.7582662655589603,0.8497669814046946,0.8223023436929844,0.8223023436929844,0.545,0.59,0.6,0.62,0.62,2.0
190.0,1.043956043956044,182.0,1.0520231213872833,173.0,1.005813953488372,172.0,1.131578947368421,234.0,1.4355828220858895,163.0,0.9588235294117649,170.0,1.0365853658536586,164.0,0.993939393939394,246.0,0.0155051585960099,0.5424365841124422,83.0,163.0,1.016617681446552,-0.321619716130194,2.529642473621664,-0.4472159172262583,-0.4177440051044085,0.305,0.275,0.34,0.39,0.58,2.0
168.0,0.5874125874125874,286.0,1.7125748502994012,167.0,0.5566666666666666,300.0,1.8633540372670807,196.0,1.798165137614679,109.0,0.545,200.0,0.6329113924050633,316.0,1.0326797385620916,218.0,-1.1030796006149086,0.3831167780232075,81.0,137.0,-0.8968431992453347,-1.0333273389433433,1.1683122554001508,-2.0320466197613127,-0.9192822503004936,0.325,0.345,0.375,0.405,0.655,2.0
118.0,1.6164383561643836,73.0,0.4424242424242424,165.0,1.3865546218487397,119.0,1.0084745762711864,155.0,1.2704918032786885,122.0,1.0252100840336134,119.0,1.469135802469136,81.0,0.5031055900621118,164.0,-0.1490892063210628,0.6395665003643667,56.0,108.0,0.6031132778965123,0.3020626663479205,0.8585381189394494,-0.091296987650693,0.4453731383056584,0.535,0.465,0.585,0.76,0.655,2.0
140.0,1.147540983606557,122.0,1.4698795180722892,83.0,0.5608108108108109,148.0,1.3703703703703705,157.0,1.891566265060241,83.0,0.538961038961039,154.0,1.6382978723404256,94.0,0.6527777777777778,166.0,-0.3900134770049146,0.6800507374037292,57.0,109.0,0.5192147893833376,0.118437357594246,0.6501860867290808,-0.2440452261306532,0.4672910696496206,0.56,0.465,0.595,0.72,0.635,2.0
113.0,0.5136363636363637,220.0,0.944206008583691,233.0,1.0495495495495497,222.0,0.9866666666666668,107.0,0.47767857142857145,224.0,0.9655172413793104,232.0,1.0497737556561086,221.0,0.9822222222222222,155.0,-0.0682423541919359,1.0202333740933909,81.0,74.0,1.5523259681558723,-0.4104659211328325,2.724461809783623,-1.5911020778573677,-0.2209709948872406,0.455,0.415,0.52,0.715,0.9,2.0
153.0,1.3909090909090909,110.0,0.6626506024096386,166.0,1.6435643564356437,101.0,0.7266187050359713,148.0,1.4653465346534653,101.0,0.6778523489932886,149.0,1.3185840707964602,113.0,0.6975308641975309,178.0,-0.053552306830843,0.4718670234357084,75.0,103.0,0.5313471754519332,-1.8834329765040287,0.7100692471417667,-0.0276001659254136,0.6961652390905196,0.6,0.42,0.655,0.835,0.67,2.0
116.0,1.432098765432099,81.0,0.5510204081632653,147.0,1.225,120.0,0.9917355371900828,152.0,1.2459016393442623,122.0,1.0517241379310345,116.0,1.432098765432099,81.0,0.54,161.0,-0.1974374709171947,0.6216251146288634,55.0,106.0,0.5622247800200766,0.4295384084705305,0.7583264962766797,-0.1625031262738104,0.691534803139195,0.555,0.535,0.605,0.745,0.625,2.0
105.0,1.1170212765957446,94.0,0.4351851851851852,216.0,2.0,108.0,0.6923076923076923,163.0,1.5233644859813085,107.0,0.6815286624203821,157.0,1.353448275862069,116.0,0.5858585858585859,194.0,-0.0967950820749256,0.5155562849333657,80.0,114.0,0.6079162204880801,-2.119344425882515,0.7377164644695227,-0.0691155598821101,0.7193697006874977,0.59,0.415,0.625,0.79,0.645,2.0
124.0,0.992,125.0,1.050420168067227,119.0,1.0,119.0,1.5454545454545454,162.0,1.7234042553191489,94.0,0.6143790849673203,153.0,1.2540983606557377,122.0,1.0166666666666666,168.0,-0.1937876077052291,0.6727410322635686,55.0,113.0,0.6858845483824846,0.3430587827577289,0.8477794925982278,-0.1055218545328503,0.6765950838143258,0.565,0.475,0.61,0.75,0.64,2.0
178.0,0.9621621621621622,185.0,0.9946236559139784,186.0,1.0333333333333334,180.0,1.0,246.0,2.0847457627118646,118.0,0.5130434782608696,230.0,1.7293233082706767,133.0,0.5,257.0,-0.1773129179269451,0.4451851969783217,85.0,172.0,0.9856003177879328,-0.4095650761011359,1.967153247148212,-0.5654666245733845,-0.4600034612612599,0.31,0.275,0.335,0.4,0.57,2.0
149.0,1.0719424460431657,139.0,1.0,139.0,1.5274725274725274,91.0,0.4764397905759162,173.0,1.3307692307692307,130.0,0.9219858156028368,141.0,1.0217391304347827,138.0,0.9517241379310344,188.0,-0.0155503387814013,0.3124406333238896,67.0,121.0,0.0245713069419001,-0.1162582523623686,1.704245534324855,-0.2024344711085222,0.1832718140411069,0.215,0.315,0.355,0.4,0.615,2.0
184.0,1.3049645390070923,141.0,0.933774834437086,151.0,1.1526717557251909,131.0,0.8972602739726028,287.0,2.1742424242424243,132.0,1.4666666666666666,90.0,0.4368932038834951,206.0,1.2955974842767295,267.0,-0.2755746625346783,0.3144239283132594,67.0,200.0,-0.1631546307349148,-0.2411693572443264,1.1275487277264964,0.0142175898562843,0.0142175898562843,0.15,0.195,0.25,0.295,0.295,2.0
140.0,1.044776119402985,134.0,0.9710144927536232,138.0,1.4526315789473685,95.0,0.6089743589743589,164.0,0.9318181818181818,176.0,1.2054794520547945,146.0,1.140625,128.0,0.9770992366412212,181.0,-0.2354204154497592,0.3863137567161978,67.0,114.0,-0.1159194155827133,-0.2172977664588886,1.118512433551242,-0.0001972470805918,0.192270126464864,0.3,0.275,0.37,0.435,0.445,2.0
106.0,0.8346456692913385,127.0,1.0672268907563025,119.0,1.5063291139240509,79.0,0.5163398692810458,153.0,1.275,120.0,1.0169491525423728,118.0,1.4047619047619049,84.0,0.5419354838709678,162.0,-0.09607248078196,0.6227830542414049,55.0,107.0,0.7741788194303549,0.3276697523331283,0.9058924110515588,-0.0184391023493085,0.1686986350152148,0.565,0.465,0.605,0.73,0.695,2.0
118.0,1.4390243902439024,82.0,0.543046357615894,151.0,1.2583333333333333,120.0,0.9836065573770492,153.0,1.2857142857142858,119.0,1.017094017094017,117.0,1.4444444444444444,81.0,0.5294117647058824,163.0,-0.3090392286634548,0.6183987570165245,56.0,107.0,0.5325489064048865,0.0793572636368104,0.7372128946584273,-0.286104910405696,0.5642873710834007,0.57,0.47,0.61,0.775,0.64,2.0
95.0,0.5191256830601093,183.0,1.4758064516129032,124.0,0.7469879518072289,166.0,1.006060606060606,169.0,1.2335766423357664,137.0,1.078740157480315,127.0,1.4111111111111112,90.0,0.5521472392638037,187.0,-0.3999665047672789,0.3833267053033476,69.0,118.0,0.4952992966749329,-0.421021305076498,0.8151157045504245,-0.0965685934706859,0.0205455143459574,0.35,0.265,0.37,0.44,0.45,2.0
221.0,2.0090909090909093,110.0,0.5238095238095238,210.0,1.7073170731707317,123.0,0.5515695067264574,226.0,1.7384615384615385,130.0,0.6103286384976526,213.0,1.7603305785123966,121.0,0.5627906976744186,235.0,-0.2598804712805134,0.4679383536531497,77.0,158.0,-0.1983242231410527,-0.3612405619124313,1.7728234764157818,-0.844061903028112,-0.7019238751725558,0.2,0.27,0.33,0.44,0.4,2.0
141.0,1.0071428571428571,140.0,1.0144927536231885,138.0,0.9787234042553192,141.0,1.068181818181818,176.0,1.2307692307692308,143.0,1.2543859649122806,114.0,0.991304347826087,115.0,0.782312925170068,176.0,-0.5613490130343698,0.2053685471159631,53.0,123.0,-0.2318704596864644,-1.1842313441005785,-0.1434412336139683,-0.4479591746097743,-0.1882143426048244,0.495,0.31,0.545,0.64,0.565,2.0
117.0,1.4444444444444444,81.0,0.5094339622641509,159.0,1.325,120.0,1.0526315789473684,149.0,1.2956521739130435,115.0,0.9913793103448276,116.0,1.045045045045045,111.0,0.8671875,163.0,-0.3443218921614622,0.5603060679423679,59.0,104.0,-0.1318469055625005,-0.2821065013359755,0.4928620391467138,-2.3325765207928333,0.138582591338544,0.275,0.255,0.315,0.37,0.555,2.0
75.0,0.436046511627907,172.0,2.023529411764706,85.0,0.5379746835443038,158.0,1.3859649122807018,132.0,1.0819672131147542,122.0,1.0338983050847457,118.0,1.0825688073394495,109.0,0.8515625,171.0,-0.1864126543904029,0.440695906719408,79.0,92.0,0.7914810110247493,-0.164453309286708,1.3821851459836556,-1.3919229359991934,-0.0959349078330419,0.385,0.295,0.42,0.465,0.695,2.0
179.0,0.988950276243094,181.0,0.914141414141414,198.0,1.4142857142857144,140.0,0.6451612903225806,271.0,1.7371794871794872,156.0,1.0612244897959184,147.0,0.9483870967741936,155.0,0.96875,247.0,-0.2571241759685034,0.6384531309769628,58.0,189.0,0.9739321939582876,-2.1311206724126586,1.149015525773608,-0.2662544411207296,0.2060699032121673,0.46,0.295,0.49,0.635,0.565,2.0
116.0,0.9914529914529916,117.0,1.017391304347826,115.0,1.4375,80.0,0.583941605839416,73.0,0.3967391304347826,184.0,1.9574468085106385,94.0,0.6394557823129252,147.0,1.2564102564102564,111.0,-0.0694397724891827,0.4988636360091906,60.0,51.0,1.2846286502843671,-0.0433273292727774,1.6917946714532428,-1.127336916296194,0.0442355637699848,0.52,0.355,0.55,0.61,0.95,2.0
196.0,1.037037037037037,189.0,1.4538461538461538,130.0,0.7602339181286549,171.0,1.9655172413793105,167.0,0.784037558685446,213.0,1.704,125.0,0.9328358208955224,134.0,1.2293577981651376,183.0,-0.0750744117616661,0.4328575838910566,67.0,116.0,1.1587421262174786,-0.0309364913047813,1.371165594011484,0.2924882644081689,0.4174264542522649,0.35,0.27,0.37,0.43,0.44,2.0
223.0,1.3597560975609757,164.0,1.0123456790123455,162.0,0.9759036144578314,166.0,0.8924731182795699,243.0,1.2789473684210526,190.0,1.043956043956044,182.0,1.0520231213872833,173.0,1.005813953488372,242.0,0.0634901188691371,0.3448296559335086,72.0,170.0,0.6602789466489185,0.6297899263674183,0.7180683427302998,0.6365505396116334,0.6365505396116334,0.51,0.55,0.56,0.575,0.575,2.0
164.0,1.64,100.0,0.684931506849315,146.0,1.5051546391752575,97.0,0.532967032967033,146.0,1.3773584905660377,106.0,0.5988700564971752,177.0,1.5526315789473684,114.0,0.6404494382022472,173.0,-0.0527193479047184,0.5009319948663571,71.0,102.0,0.6332683922315876,0.1522654580127136,0.808539061104373,-0.0370011451536151,0.1744999298580543,0.595,0.53,0.655,0.78,0.755,2.0
153.0,1.3076923076923077,117.0,1.017391304347826,115.0,1.0,115.0,0.9745762711864406,152.0,1.3103448275862069,116.0,1.0175438596491229,114.0,1.008849557522124,113.0,0.982608695652174,162.0,-0.1233766447100706,0.6504522650523372,56.0,106.0,0.6644065835823136,-2.2689870475668235,0.8874022659189826,-0.059355729635551,0.428906907812115,0.56,0.355,0.61,0.76,0.68,2.0
185.0,1.6228070175438596,114.0,0.5507246376811594,207.0,1.7542372881355932,118.0,0.5566037735849056,190.0,1.5702479338842976,121.0,0.568075117370892,213.0,1.4013157894736843,152.0,1.216,213.0,-0.0549478278828871,0.4490321753515492,80.0,133.0,0.7164256063529806,0.7444190730955906,0.7597586558280938,0.7211125083282894,0.4633336486177839,0.555,0.58,0.585,0.595,0.63,2.0
140.0,1.0,140.0,1.25,112.0,1.671641791044776,67.0,0.3401015228426396,158.0,1.253968253968254,126.0,1.2352941176470589,102.0,0.7285714285714285,140.0,0.9333333333333332,160.0,-0.3627838153607702,0.1895710993769626,50.0,110.0,-0.0524223747151994,-0.0029051708359226,0.0283068867770705,-0.3078360302193482,-0.0020988249983281,0.555,0.585,0.595,0.715,0.61,2.0
220.0,0.990990990990991,222.0,2.074766355140187,107.0,0.9727272727272728,110.0,0.5069124423963134,112.0,0.509090909090909,220.0,1.0232558139534884,215.0,0.9862385321100916,218.0,0.9688888888888888,152.0,-0.3348331387359648,0.8879750356194981,74.0,78.0,1.211754026924726,-0.5641331413026075,2.4824623493388,-1.0349267447088066,-0.3224727357665953,0.44,0.4,0.495,0.545,0.845,2.0
189.0,1.7181818181818185,110.0,0.6432748538011696,171.0,1.6442307692307692,104.0,0.6153846153846154,188.0,1.492063492063492,126.0,1.1775700934579438,107.0,0.5944444444444444,180.0,1.6822429906542056,203.0,-0.1424675446864396,0.5835727714225454,72.0,131.0,0.5376304979880047,0.3539930292458045,0.7460043327481439,0.7359326397767056,0.7359326397767056,0.49,0.505,0.59,0.605,0.605,2.0
155.0,1.2916666666666667,120.0,1.0344827586206895,116.0,1.4683544303797469,79.0,0.5096774193548387,114.0,0.7037037037037037,162.0,2.0,81.0,1.0,81.0,0.45,136.0,-0.267203051450642,0.4045117911525165,57.0,79.0,0.3953245549213157,-0.2473401688222303,1.35744534396079,-1.1111531648201245,-0.3664492577476079,0.38,0.29,0.43,0.48,0.57,2.0
139.0,0.9858156028368794,141.0,0.9791666666666666,144.0,1.099236641221374,131.0,1.0155038759689925,195.0,1.9696969696969697,99.0,0.5129533678756477,193.0,1.3496503496503496,143.0,0.8218390804597702,204.0,-0.1648995163439299,0.5234850304882496,68.0,136.0,0.5259803725629256,-2.324803903750616,0.6672501276737038,0.6176912036506668,0.6176912036506668,0.5,0.335,0.54,0.555,0.555,2.0
113.0,1.547945205479452,73.0,0.5251798561151079,139.0,1.1680672268907564,119.0,1.017094017094017,150.0,1.25,120.0,1.0526315789473684,114.0,1.0,114.0,0.9743589743589745,166.0,-0.4108226201974261,0.4094693032329488,61.0,105.0,0.4838928839502029,-0.3557309452965621,1.2428598066474432,-1.5633197426210357,-0.374579614775789,0.335,0.25,0.37,0.41,0.635,2.0
123.0,1.025,120.0,0.8955223880597015,134.0,1.2293577981651376,109.0,0.7730496453900709,124.0,1.2653061224489797,98.0,0.6621621621621622,148.0,1.0962962962962963,135.0,1.0,156.0,-0.0642468045248328,0.4531677845916634,70.0,86.0,0.5142067414954294,-1.8356242438102068,0.6145978558020531,0.5592341953656326,0.5592341953656326,0.685,0.455,0.73,0.745,0.745,2.0
137.0,0.7965116279069767,172.0,1.8494623655913975,93.0,0.9489795918367347,98.0,0.4100418410041841,171.0,1.693069306930693,101.0,0.6733333333333333,150.0,1.530612244897959,98.0,0.5414364640883977,204.0,0.1545785642926349,0.4681081221431875,85.0,119.0,0.6603973722831163,-1.6749077121548228,1.091720764209967,0.8375441930751146,0.8517532312236207,0.56,0.42,0.635,0.655,0.66,2.0
115.0,1.0267857142857142,112.0,0.509090909090909,220.0,1.981981981981982,111.0,1.018348623853211,114.0,1.008849557522124,113.0,1.0462962962962965,108.0,0.9557522123893806,113.0,1.018018018018018,153.0,0.1046837286278367,0.9336937117410696,74.0,79.0,1.9053741144245888,-0.0630017419440986,2.8738696796676,-0.7340523261482169,2.647605576155332,0.425,0.38,0.455,0.55,0.48,2.0
103.0,0.7006802721088435,147.0,1.105263157894737,133.0,1.015267175572519,131.0,0.9924242424242424,216.0,2.0377358490566038,106.0,0.5492227979274611,193.0,1.8557692307692308,104.0,0.574585635359116,213.0,-0.0887946385724778,0.5025368110414457,62.0,151.0,1.9218399058078055,0.0092209063238792,2.028788346221748,-0.6382528840468483,-0.5606783919597987,0.28,0.22,0.295,0.37,0.35,2.0
89.0,0.5144508670520231,173.0,1.4786324786324787,117.0,0.8731343283582089,134.0,1.0387596899224807,195.0,1.4661654135338347,133.0,0.6244131455399061,213.0,1.6136363636363635,132.0,0.9230769230769232,200.0,-0.109570270152315,0.4077085843174178,64.0,136.0,0.421301220398439,-0.0801003292611744,1.41,0.25,0.3067766974713988,0.28,0.245,0.325,0.37,0.375,2.0
183.0,1.0701754385964912,171.0,1.0961538461538465,156.0,0.9873417721518988,158.0,0.9461077844311376,208.0,1.2380952380952381,168.0,0.918032786885246,183.0,1.0397727272727273,176.0,1.0057142857142858,220.0,-0.2195405129286926,0.5011030664119528,75.0,145.0,1.1152647467529904,-0.40847284265295,2.050749023369191,-0.7984859156532949,-0.5824796519574172,0.32,0.285,0.345,0.44,0.595,2.0
111.0,1.0,111.0,1.1326530612244898,98.0,1.1666666666666667,84.0,0.525,97.0,1.2435897435897436,78.0,0.4193548387096774,186.0,1.9578947368421051,95.0,1.091954022988506,123.0,-0.0129206617527161,0.6596878609989572,56.0,67.0,0.7715820785154711,0.3188040135324946,0.9523716759289222,-0.0002530385391343,0.8995203043051736,0.74,0.61,0.79,0.995,0.815,2.0
150.0,1.056338028169014,142.0,0.9342105263157896,152.0,0.9101796407185628,167.0,1.0372670807453417,197.0,1.7130434782608697,115.0,0.5275229357798165,218.0,1.6641221374045805,131.0,0.6968085106382979,214.0,-0.0511090781055288,0.4595171597671879,77.0,137.0,0.5759377394762439,0.7205384191301882,0.7414018275591335,-0.0175694262717699,0.1169113210906039,0.5,0.54,0.55,0.67,0.635,2.0
113.0,0.5854922279792746,193.0,1.969387755102041,98.0,0.4355555555555555,225.0,1.859504132231405,196.0,1.2173913043478262,161.0,1.018987341772152,158.0,1.0394736842105263,152.0,1.1428571428571428,222.0,-0.0173120389742164,0.3611313254016036,85.0,137.0,0.4959983150271725,-1.470497861854438,0.5878229826159173,-0.0376850855960942,0.5137615123672382,0.565,0.39,0.605,0.745,0.63,2.0
187.0,1.0108108108108107,185.0,1.0946745562130178,169.0,1.005952380952381,168.0,0.9710982658959536,83.0,0.30855018587360594,269.0,1.5823529411764703,170.0,0.9550561797752808,178.0,1.072289156626506,139.0,-0.295499757787461,0.6265547201745101,81.0,58.0,0.4873835727688816,-0.2597645497691163,1.0354928100234078,-1.882783740933528,0.9114548908396016,0.545,0.455,0.59,0.645,0.985,2.0
138.0,1.3269230769230769,104.0,0.6709677419354839,155.0,1.2601626016260163,123.0,1.0,164.0,1.1468531468531469,143.0,1.5052631578947369,95.0,0.6785714285714286,140.0,0.9929078014184396,180.0,-0.2624075031968765,0.4028015445907695,66.0,114.0,-0.2271188082049421,-0.2619419519234133,1.183002526373975,-0.0698754166525121,0.0679612038724749,0.215,0.26,0.36,0.425,0.435,2.0
265.0,0.9671532846715328,274.0,1.8389261744966443,149.0,1.7126436781609196,87.0,0.4971428571428571,119.0,1.5866666666666667,75.0,0.3846153846153846,195.0,1.3732394366197185,142.0,1.136,153.0,-0.2358119115064678,0.4297968806498504,70.0,83.0,-0.1267647570021845,-0.2219443777842361,1.1258461617526887,0.0863359853207019,0.1411460866536802,0.37,0.34,0.455,0.535,0.54,2.0
149.0,1.2521008403361344,119.0,1.043859649122807,114.0,1.3411764705882352,85.0,0.5985915492957746,139.0,1.1680672268907564,119.0,1.017094017094017,117.0,0.975,120.0,1.0434782608695652,148.0,-0.201741392860352,0.2612001567780192,51.0,97.0,-0.2261305670583792,-0.264219596853084,0.8581299177799055,-1.0754261723630874,-0.124670175955529,0.215,0.235,0.35,0.385,0.605,2.0
90.0,0.5844155844155844,154.0,2.026315789473684,76.0,0.3819095477386934,199.0,0.7158273381294964,125.0,0.8802816901408451,142.0,1.1833333333333331,120.0,0.8275862068965517,145.0,0.9666666666666668,173.0,-0.0721406755900841,0.0764391926823147,86.0,87.0,-0.0543556649274939,-0.1015902521323953,0.1487403566900091,-0.1559674846421804,0.0487316440471332,0.345,0.485,0.505,0.605,0.67,2.0
202.0,2.02,100.0,0.4385964912280701,228.0,1.3652694610778444,167.0,0.9382022471910112,231.0,1.9411764705882353,119.0,0.5242290748898678,227.0,1.3352941176470587,170.0,1.069182389937107,234.0,-0.2071095119617792,0.5057797619313891,73.0,161.0,1.1749919330478933,-0.4326103425039614,2.233982719635073,-0.6188926832154752,-0.5168372843610738,0.29,0.255,0.315,0.385,0.36,2.0
92.0,0.6258503401360545,147.0,1.2672413793103448,116.0,0.9914529914529916,117.0,0.9669421487603306,162.0,1.3278688524590163,122.0,1.0252100840336134,119.0,1.0,119.0,1.0347826086956522,164.0,-0.2469852911263822,0.6186333273251178,51.0,113.0,0.6234989258930244,0.7393490168232739,0.7431107375786685,-0.1718903502841371,0.5126815191321101,0.525,0.57,0.575,0.74,0.605,2.0
109.0,1.0092592592592593,108.0,0.4909090909090909,220.0,0.990990990990991,222.0,2.074766355140187,107.0,1.0,107.0,0.9553571428571428,112.0,0.509090909090909,220.0,1.0232558139534884,150.0,-0.4614530232428511,0.983899774061069,76.0,74.0,0.8769348766756687,-0.7782571079604375,2.331609953267411,-1.2704768455430062,-0.5015388983322216,0.445,0.41,0.51,0.57,0.86,2.0
125.0,0.8012820512820513,156.0,1.1470588235294117,136.0,1.0303030303030305,132.0,0.5689655172413793,184.0,2.329113924050633,79.0,0.4463276836158192,177.0,1.4390243902439024,123.0,1.0603448275862069,192.0,-0.159971511351891,0.238383905233486,64.0,128.0,0.2036492434733711,0.0413556648163308,0.3558725061903852,-0.1343489544112057,0.3263324683265358,0.52,0.495,0.57,0.71,0.585,2.0
144.0,1.3584905660377358,106.0,0.5760869565217391,184.0,1.1572327044025157,159.0,0.9695121951219512,201.0,1.4055944055944056,143.0,1.4019607843137254,102.0,0.7034482758620689,145.0,1.0357142857142858,207.0,-0.177313106817798,0.3722838617268008,67.0,140.0,0.7407575707632092,-0.1637503822130707,1.2708082294021306,0.0245750051185754,0.0602892660032667,0.3,0.24,0.32,0.375,0.38,2.0
150.0,1.0869565217391304,138.0,1.0298507462686568,134.0,1.4105263157894736,95.0,0.5163043478260869,191.0,1.4044117647058822,136.0,1.7435897435897436,78.0,0.3466666666666667,225.0,1.4331210191082802,208.0,-0.2976746472134654,0.3791402807965973,75.0,133.0,-0.2698964456967658,-0.456184060751032,1.6066845146194608,-0.570663309249193,-0.0433864521592537,0.195,0.315,0.36,0.415,0.625,2.0
228.0,0.9382716049382716,243.0,1.0296610169491525,236.0,1.063063063063063,222.0,1.004524886877828,312.0,1.3624454148471616,229.0,1.0088105726872247,227.0,1.0133928571428572,224.0,1.0566037735849056,304.0,-0.0923089927700758,0.2194788161314652,86.0,218.0,0.0876631895324216,-0.6181372746104676,0.6125855419474718,-0.1344436498867974,-0.1455192097771236,0.28,0.335,0.46,0.535,0.7,2.0
117.0,1.017391304347826,115.0,0.9829059829059827,117.0,0.9831932773109244,119.0,1.043859649122807,147.0,1.2782608695652173,115.0,1.0087719298245614,114.0,1.0178571428571428,112.0,0.9824561403508772,158.0,-0.101085729498514,0.6001755100015265,56.0,102.0,-0.1228945939713562,-0.5600988611512321,0.8483302991685828,-2.0804604477259856,0.4811308450948028,0.22,0.12,0.31,0.365,0.545,2.0
132.0,1.0819672131147542,122.0,1.0338983050847457,118.0,1.0825688073394495,109.0,0.8515625,157.0,1.246031746031746,126.0,1.05,120.0,1.1111111111111112,108.0,0.8181818181818182,168.0,-0.0054108770884765,0.640746951006183,59.0,109.0,0.7390506941803884,0.3867411579999756,0.9988204471825376,0.9890369661669148,0.9890369661669148,0.56,0.47,0.61,0.63,0.63,2.0
113.0,1.2150537634408602,93.0,0.4189189189189189,222.0,1.947368421052632,114.0,0.6404494382022472,184.0,1.7358490566037736,106.0,0.6463414634146342,164.0,1.7083333333333333,96.0,0.5274725274725275,208.0,-0.102505093340834,0.5141438674069428,80.0,128.0,0.6278156696191592,0.5062543249261546,0.7335192389720818,0.7288727573416274,0.4752352844942615,0.545,0.56,0.6,0.61,0.66,2.0
86.0,0.4598930481283422,187.0,1.8888888888888888,99.0,1.2222222222222223,81.0,0.6428571428571429,204.0,2.2666666666666666,90.0,0.6382978723404256,141.0,0.94,150.0,0.9493670886075948,202.0,-0.2628313179946976,0.1699719305602905,60.0,142.0,-0.2625540216902136,-0.301887395763709,0.6935153753375758,-0.4727008597789915,-0.3166060350820069,0.19,0.235,0.3,0.335,0.53,2.0
216.0,1.44,150.0,1.162790697674419,129.0,0.9148936170212766,141.0,1.110236220472441,207.0,1.6299212598425197,127.0,0.8193548387096774,155.0,1.8902439024390243,82.0,0.4120603015075377,219.0,-0.2223772965648341,0.3153440290845236,75.0,144.0,0.5107192393091537,-0.2344733318054704,1.0008892663733544,0.059692105069504,0.1976430146363169,0.32,0.27,0.345,0.4,0.405,2.0
101.0,0.7163120567375887,141.0,1.165289256198347,121.0,0.9918032786885246,122.0,0.9838709677419356,120.0,0.9090909090909091,132.0,1.03125,128.0,0.9552238805970148,134.0,1.4565217391304348,179.0,-0.2831027583435823,0.5194604641167276,95.0,84.0,0.0814587548905731,-0.3324038355438827,1.4526360882173237,-0.8738559698140762,-0.2024578075902492,0.385,0.48,0.535,0.595,0.57,2.0
82.0,0.6119402985074627,134.0,1.675,80.0,0.5095541401273885,157.0,1.4952380952380953,132.0,1.1282051282051282,117.0,1.017391304347826,115.0,1.2637362637362637,91.0,0.6148648648648649,166.0,-0.3479362036021631,0.4838319975285089,74.0,92.0,1.0520656073701942,-0.3138008815869575,1.4210562698957578,-1.6783938317441651,-0.2003711239335417,0.385,0.29,0.41,0.45,0.7,2.0
221.0,1.8888888888888888,117.0,0.5109170305676856,229.0,1.5369127516778522,149.0,0.4627329192546583,297.0,2.076923076923077,143.0,0.6441441441441441,222.0,1.913793103448276,116.0,0.4603174603174603,307.0,-0.1352316383108783,0.5490465277751807,100.0,207.0,1.0611276260376048,-0.3435049397863383,2.33704112868349,-0.6860977186833312,-0.4021133407122922,0.295,0.27,0.325,0.39,0.575,2.0
114.0,0.9661016949152542,118.0,1.0727272727272728,110.0,1.896551724137931,58.0,0.3372093023255814,95.0,0.6375838926174496,149.0,1.2314049586776858,121.0,1.0341880341880345,117.0,0.9590163934426228,136.0,-0.3035112002059746,0.4722566863338283,70.0,66.0,0.9920705745912132,-0.2343305879347637,1.3225118716193236,-1.582500385849275,-0.2933382858278272,0.44,0.315,0.465,0.52,0.81,2.0
170.0,1.588785046728972,107.0,0.6407185628742516,167.0,1.3046875,128.0,0.7757575757575758,181.0,1.4251968503937007,127.0,0.8300653594771242,153.0,1.5,102.0,0.6891891891891891,204.0,-0.0933376661537919,0.5214842476116437,78.0,126.0,0.6641194523921446,0.6767332088441907,0.7379966614477071,0.6378832648909134,0.6741214186162002,0.585,0.605,0.62,0.64,0.645,2.0
151.0,1.2583333333333333,120.0,1.0256410256410255,117.0,0.9831932773109244,119.0,0.9916666666666668,166.0,1.328,125.0,1.0593220338983051,118.0,1.5945945945945943,74.0,0.4713375796178344,166.0,-0.3685614421098755,0.6274576478622557,50.0,116.0,0.4513054974717742,0.0996392052311544,0.6440374184282041,-0.311960096304687,0.1125141736298752,0.565,0.475,0.61,0.765,0.68,2.0
121.0,1.4938271604938271,81.0,0.5126582278481012,158.0,1.3166666666666669,120.0,1.0256410256410255,149.0,1.2844827586206897,116.0,0.9747899159663864,119.0,1.4,85.0,0.5704697986577181,160.0,0.0858840884490784,0.5917227870929712,56.0,104.0,0.7575160061246617,0.5974622236107282,0.990486307409006,0.9339857604307223,0.9339857604307223,0.565,0.53,0.605,0.625,0.625,2.0
207.0,1.7542372881355932,118.0,0.5566037735849056,212.0,1.9272727272727272,110.0,0.5339805825242718,213.0,1.4013157894736843,152.0,1.216,125.0,0.9615384615384616,130.0,0.9774436090225564,233.0,-0.1344698187648083,0.4957367420325128,84.0,149.0,0.6734757619663513,0.6842858256711408,0.7037404614756183,-0.1184654422645912,0.6123126628375233,0.565,0.585,0.595,0.73,0.615,2.0
118.0,1.4216867469879515,83.0,0.5608108108108109,148.0,1.2542372881355932,118.0,1.0,144.0,1.2100840336134453,119.0,1.0258620689655171,116.0,1.0175438596491229,114.0,1.0,160.0,-0.0894475883899789,0.4618356156161184,60.0,100.0,1.2113333233776338,0.0098935060672228,1.7332316526684657,-1.152748041086356,-0.0003477457733106,0.36,0.29,0.38,0.425,0.665,2.0
220.0,2.0754716981132075,106.0,0.4362139917695473,243.0,1.9918032786885247,122.0,0.4621212121212121,236.0,1.9504132231404958,121.0,0.4782608695652174,253.0,2.1623931623931623,117.0,0.5518867924528302,249.0,-0.2253754546145865,0.5012552040858241,84.0,165.0,0.9866633544195136,-0.4292949140390621,2.0887482791264267,-0.6413666078731922,-0.4673014226099508,0.31,0.275,0.34,0.39,0.6,2.0
132.0,1.1578947368421053,114.0,0.7080745341614907,161.0,1.2105263157894737,133.0,0.9851851851851852,161.0,1.7127659574468086,94.0,0.5766871165644172,163.0,1.4298245614035088,114.0,0.59375,190.0,-0.208599616805181,0.4477329682193578,78.0,112.0,0.3040384477753227,-1.9599387299856863,0.5807444436311724,-0.210705076846277,0.4988040446339989,0.555,0.41,0.625,0.755,0.64,2.0
177.0,1.6857142857142855,105.0,1.141304347826087,92.0,0.5380116959064327,171.0,0.7533039647577092,209.0,1.9174311926605505,109.0,0.5618556701030928,194.0,1.3197278911564625,147.0,1.4134615384615383,220.0,-0.1208884302745016,0.4326035509701557,74.0,146.0,0.5632480311425614,0.4641249262170118,0.6940669469954639,0.5881953330125065,0.5881953330125065,0.495,0.485,0.525,0.54,0.54,2.0
185.0,1.4919354838709675,124.0,1.0333333333333334,120.0,1.1764705882352942,102.0,0.6938775510204082,150.0,1.1538461538461537,130.0,1.1206896551724137,116.0,1.1153846153846154,104.0,0.697986577181208,179.0,-0.2330315905986812,0.4932402823275649,74.0,105.0,0.4667229921883918,0.5031691064412336,0.53542188415786,-0.1561091526877323,0.497798570238629,0.625,0.655,0.66,0.81,0.675,2.0
108.0,0.8181818181818182,132.0,1.1092436974789917,119.0,1.4875,80.0,0.5194805194805194,154.0,1.2941176470588236,119.0,0.9834710743801652,121.0,1.2736842105263158,95.0,0.6737588652482269,163.0,-0.5716391799632389,0.6812932416563626,56.0,107.0,0.3511508674048376,-0.0608107545516853,0.4943876819762365,-0.5064017864382826,-0.453034940995675,0.585,0.475,0.625,0.775,0.75,2.0
116.0,0.9830508474576272,118.0,1.0,118.0,1.6388888888888888,72.0,0.4472049689440994,160.0,0.6926406926406926,231.0,1.991379310344828,116.0,0.9830508474576272,118.0,1.145631067961165,161.0,-0.033255411403497,0.5944573538013671,49.0,112.0,0.8109111947218184,0.3042530123638933,0.9057089319227802,-0.0019219790837616,0.6373533818140609,0.605,0.485,0.64,0.81,0.685,2.0
154.0,1.2419354838709675,124.0,0.7515151515151515,165.0,1.853932584269663,89.0,0.559748427672956,133.0,1.015267175572519,131.0,0.9492753623188406,138.0,0.8518518518518519,162.0,1.1654676258992809,144.0,-0.2629648383438517,0.2079652651184583,51.0,93.0,0.0276855391102141,-0.1874318226647685,0.1239948870663387,-0.2443739531972136,0.0978037575383973,0.6,0.5,0.65,0.825,0.665,2.0
118.0,1.5733333333333333,75.0,0.4601226993865031,163.0,1.3471074380165289,121.0,1.0254237288135593,163.0,1.481818181818182,110.0,0.8461538461538461,130.0,1.0655737704918034,122.0,1.0166666666666666,164.0,-0.0422482538338568,0.6810476895833012,50.0,114.0,0.8536609132101971,0.4083746343587663,1.0001769281567756,0.0165866310486637,0.5893903027264578,0.59,0.485,0.625,0.775,0.685,2.0
171.0,1.5267857142857142,112.0,0.632768361581921,177.0,1.5258620689655171,116.0,0.6373626373626373,181.0,1.547008547008547,117.0,0.73125,160.0,1.568627450980392,102.0,0.6538461538461539,208.0,-0.0555110207719728,0.5620281481587428,82.0,126.0,0.5321146343885826,-2.2345627223239743,0.8226687574271212,-0.0579920417710821,0.7754666303485171,0.55,0.395,0.625,0.81,0.645,2.0
142.0,0.9659863945578232,147.0,1.0,147.0,0.7777777777777778,189.0,1.6875,155.0,1.019736842105263,152.0,1.2063492063492065,126.0,0.7078651685393258,178.0,1.1946308724832215,207.0,-0.6956084042777362,0.5351626732588203,99.0,108.0,-0.5279157132589465,-0.5829521068766232,1.7264799264313828,-0.6908581903065724,-0.5540441060529955,0.33,0.385,0.485,0.515,0.84,2.0
198.0,1.2774193548387096,155.0,1.7415730337078652,89.0,0.4587628865979381,194.0,1.375886524822695,159.0,0.9298245614035088,171.0,1.9655172413793105,87.0,0.3733905579399141,233.0,1.484076433121019,177.0,-0.0564911170299526,0.3965096412536986,66.0,111.0,-0.013735754338876,-0.0622803562720166,1.294823119992903,0.2412147508647311,0.3142755572495461,0.23,0.26,0.375,0.445,0.45,2.0
142.0,0.9861111111111112,144.0,1.0140845070422535,142.0,1.0597014925373134,134.0,1.0634920634920637,183.0,1.6339285714285714,112.0,0.7417218543046358,151.0,1.495049504950495,101.0,0.5906432748538012,189.0,-0.1230366149328691,0.1454243008410227,61.0,128.0,-0.048013361375415,-0.2288523266046026,0.7407315111101039,-0.6018906615793957,-0.0771205989516255,0.215,0.295,0.33,0.365,0.565,2.0
187.0,1.038888888888889,180.0,1.1180124223602483,161.0,1.018987341772152,158.0,0.9937106918238994,219.0,1.2514285714285713,175.0,0.9722222222222222,180.0,1.0650887573964498,169.0,0.9825581395348836,223.0,0.191076033550585,0.3208428911082302,70.0,153.0,0.6786186818707861,0.6534254544908027,0.7563532821637858,0.7281352562021027,0.7281352562021027,0.52,0.535,0.555,0.57,0.57,2.0
121.0,1.5316455696202531,79.0,0.512987012987013,154.0,1.5555555555555556,99.0,0.6875,170.0,1.4049586776859504,121.0,1.0168067226890756,119.0,1.6527777777777777,72.0,0.4311377245508982,168.0,-0.2700547872723209,0.6178591553059293,50.0,118.0,0.4890945081563851,0.1586405231068501,0.7067500286559094,-0.2217482805611857,0.6580909449479672,0.56,0.475,0.61,0.75,0.625,2.0
85.0,0.551948051948052,154.0,1.2419354838709675,124.0,1.0163934426229508,122.0,1.1401869158878504,173.0,2.0595238095238093,84.0,0.5419354838709678,155.0,1.2704918032786885,122.0,1.0166666666666666,170.0,-0.3661429430027427,0.646147650131434,49.0,121.0,0.3668635005659548,-2.641277539017279,0.6591620691274096,-0.2917152226844655,0.6019782866774932,0.485,0.3,0.54,0.7,0.56,2.0
126.0,1.1454545454545455,110.0,0.7586206896551724,145.0,1.3679245283018868,106.0,0.7162162162162162,144.0,1.2100840336134453,119.0,0.937007874015748,127.0,1.0672268907563025,119.0,0.8686131386861314,169.0,-0.1183172598041864,0.5018365677021266,69.0,100.0,0.614332771244369,-1.9482822536964028,0.7366752457647769,-0.0647480691532728,0.7052623611089618,0.615,0.415,0.655,0.83,0.67,2.0
197.0,1.1588235294117648,170.0,0.9497206703910616,179.0,1.0591715976331362,169.0,1.1342281879194631,206.0,1.6747967479674797,123.0,0.6684782608695652,184.0,1.2026143790849673,153.0,1.1007194244604317,223.0,-0.1218055745744969,0.5504781861434479,79.0,144.0,0.6402761317749135,0.7119553693379407,0.7212013242662489,0.6815199811402598,0.4978154353465192,0.54,0.58,0.585,0.595,0.625,2.0
218.0,0.9954337899543378,219.0,0.948051948051948,231.0,0.95850622406639,241.0,1.034334763948498,308.0,1.4193548387096775,217.0,1.0,217.0,0.9601769911504424,226.0,0.9955947136563876,306.0,-0.181079560050226,0.237658539187961,91.0,215.0,0.3731419234406606,-0.6574454852055376,0.5493914405471846,-0.2499429805468202,-0.2693452555387755,0.46,0.355,0.49,0.575,0.585,2.0
120.0,1.0344827586206895,116.0,0.9830508474576272,118.0,0.975206611570248,121.0,1.0614035087719298,247.0,2.9759036144578315,83.0,0.3108614232209737,267.0,2.282051282051282,117.0,1.0,240.0,-0.3321862578971584,0.490259410983823,68.0,172.0,-0.3105458793562143,-0.3391033216181783,1.42184329094977,-1.633435080840409,-0.3165820776803342,0.17,0.19,0.28,0.325,0.47,2.0
203.0,1.897196261682243,107.0,0.6369047619047619,168.0,1.3228346456692914,127.0,0.9769230769230768,160.0,0.9090909090909091,176.0,0.9312169312169312,189.0,1.1595092024539877,163.0,1.0251572327044025,204.0,-0.8263633307685265,0.6877977750663496,92.0,112.0,0.6784213588109763,1.277090267104382,1.4315110139096028,-1.9363816663698976,-0.7942417151515568,0.405,0.45,0.455,0.69,0.49,2.0
104.0,0.832,125.0,1.0,125.0,0.5630630630630631,222.0,1.930434782608696,113.0,1.13,100.0,1.0526315789473684,95.0,0.3991596638655462,238.0,1.0672645739910314,156.0,-0.3715790949487541,0.997756533106701,77.0,79.0,1.520713795475891,2.3129108520755293,2.392145869372878,-1.2322569689961886,-0.3477689512192947,0.435,0.485,0.495,0.55,0.88,2.0
153.0,1.4166666666666667,108.0,0.6666666666666666,162.0,1.208955223880597,134.0,0.9571428571428572,161.0,1.2105263157894737,133.0,0.9172413793103448,145.0,0.9602649006622516,151.0,1.1185185185185185,179.0,-0.1738426613730552,0.5280353673893147,67.0,112.0,0.5988159002851723,-2.3445417087253126,0.6422198235124617,0.5797499499347181,0.5797499499347181,0.57,0.38,0.605,0.62,0.62,2.0
121.0,1.5316455696202531,79.0,0.5,158.0,1.2845528455284554,123.0,1.0336134453781514,166.0,1.3833333333333333,120.0,1.0256410256410255,117.0,1.5810810810810811,74.0,0.4484848484848485,166.0,-0.332678975039971,0.6174161087346355,50.0,116.0,0.4091643816449254,0.1627521342600827,0.6330389664704915,-0.2746943722909902,0.1513385902066433,0.555,0.505,0.615,0.745,0.675,2.0
173.0,1.8020833333333333,96.0,0.3794466403162055,253.0,1.5911949685534592,159.0,1.7472527472527473,160.0,1.2121212121212122,132.0,1.03125,128.0,1.471264367816092,87.0,0.4943181818181818,178.0,-0.2278972790413729,0.4015185895113923,66.0,112.0,0.6873143755172524,-0.2478068235926484,1.195592162400981,0.0112987296922582,0.1609127916919363,0.345,0.265,0.37,0.435,0.445,2.0
192.0,1.381294964028777,139.0,1.5108695652173914,92.0,0.368,250.0,2.4752475247524752,204.0,1.275,160.0,1.3008130081300813,123.0,0.7454545454545455,165.0,1.6176470588235294,217.0,-0.1423985577041546,0.5114497352265895,75.0,142.0,0.5492069299144704,0.6118430128437419,0.6372965680352537,-0.0688063359290688,0.3576996532154032,0.525,0.56,0.57,0.685,0.62,2.0
113.0,0.982608695652174,115.0,0.5275229357798165,218.0,2.247422680412371,97.0,0.7404580152671756,112.0,0.9655172413793104,116.0,1.0642201834862386,109.0,1.0,109.0,0.990909090909091,152.0,-0.2373492784968044,0.8783088198684539,74.0,78.0,1.3979056676297992,-0.5527065781738577,2.5137890898087485,-1.0019836271201346,-0.6214156560426377,0.445,0.395,0.485,0.545,0.785,2.0
101.0,0.6778523489932886,149.0,1.3185840707964602,113.0,0.6975308641975309,162.0,1.4210526315789471,161.0,1.5940594059405941,101.0,0.6824324324324325,148.0,1.2982456140350878,114.0,0.6477272727272727,184.0,-0.0463336759715965,0.5516781284769205,72.0,112.0,0.7399594400110563,0.7351325445404976,0.7778982024614116,0.0547566842464835,0.7537970680485702,0.59,0.605,0.625,0.765,0.64,2.0
113.0,0.5432692307692307,208.0,1.908256880733945,109.0,0.990909090909091,110.0,1.375,202.0,1.565891472868217,129.0,0.6972972972972973,185.0,0.8525345622119815,217.0,2.127450980392157,217.0,-0.116280701558729,0.3124354959946966,76.0,141.0,0.3319787238396607,0.4083336593334562,0.5414819579888978,-0.0876319644975194,0.3956507536363751,0.48,0.51,0.525,0.65,0.55,2.0
144.0,1.2857142857142858,112.0,0.4933920704845815,227.0,2.008849557522124,113.0,0.5067264573991032,230.0,2.0720720720720722,111.0,0.5068493150684932,219.0,1.3773584905660377,159.0,1.6391752577319587,240.0,0.0379683328341861,0.4424494041427155,79.0,161.0,0.5117502748255731,0.3250419445350884,0.7459133610540097,0.1072234834906184,0.7074989948316268,0.475,0.445,0.52,0.65,0.535,2.0
251.0,2.024193548387097,124.0,0.5610859728506787,221.0,1.8888888888888888,117.0,0.5109170305676856,253.0,1.7692307692307692,143.0,0.4814814814814814,297.0,2.076923076923077,143.0,0.6441441441441441,262.0,-0.2109536643331883,0.580006890301769,85.0,177.0,1.403007331619841,-0.349628150638074,2.3253353338408957,-0.6154315004885237,-0.6154315004885237,0.3,0.26,0.325,0.37,0.37,2.0
116.0,1.5064935064935066,77.0,0.5032679738562091,153.0,1.2439024390243902,123.0,1.025,151.0,1.26890756302521,119.0,1.0258620689655171,116.0,1.4146341463414631,82.0,0.5466666666666666,164.0,-0.167989447364158,0.6778571693770135,59.0,105.0,0.6981232600030993,0.2531880474289091,0.9287053222224844,-0.1041043106097189,0.4297676859585887,0.575,0.49,0.625,0.805,0.69,2.0
141.0,0.9591836734693876,147.0,0.930379746835443,158.0,1.595959595959596,99.0,0.4782608695652174,176.0,1.1972789115646258,147.0,0.9545454545454546,154.0,1.0476190476190477,147.0,1.072992700729927,190.0,-0.1796878335433838,0.3298796050992532,67.0,123.0,-0.1554629014168302,-0.312734522433369,1.5477618399991673,-0.2834650245837838,-0.1562682087929318,0.21,0.31,0.35,0.41,0.61,2.0
84.0,0.5384615384615384,156.0,1.3448275862068966,116.0,0.9830508474576272,118.0,1.4936708860759491,186.0,1.537190082644628,121.0,0.9918032786885246,122.0,1.605263157894737,76.0,0.4662576687116564,183.0,-0.030453210770619,0.4700851657609596,53.0,130.0,0.6783640105981993,0.3962145616813099,0.8869428237440026,-1.7374621263393242,0.0003287812696841,0.135,0.225,0.245,0.295,0.42,2.0
198.0,1.559055118110236,127.0,0.7514792899408284,169.0,1.6095238095238096,105.0,0.6481481481481481,168.0,1.411764705882353,119.0,0.7345679012345679,162.0,1.4727272727272729,110.0,0.7534246575342466,194.0,-0.1665288777459507,0.4598667221779866,77.0,117.0,1.114271230221559,-0.201696794909519,1.69235309661165,-0.6093269235040404,-0.3608634133002742,0.37,0.3,0.395,0.475,0.68,2.0
116.0,1.008695652173913,115.0,1.036036036036036,111.0,0.9823008849557522,113.0,0.5113122171945701,115.0,1.0360360360360361,111.0,1.009090909090909,110.0,0.9565217391304348,115.0,0.9913793103448276,161.0,-0.3920632472511157,1.032733466344962,81.0,80.0,1.0592106168175173,-0.6502073647251226,2.235224211951431,2.1983290335328585,2.1983290335328585,0.435,0.4,0.47,0.495,0.495,2.0
129.0,1.0932203389830508,118.0,0.6941176470588235,170.0,1.223021582733813,139.0,0.5864978902953587,174.0,1.16,150.0,1.0714285714285714,140.0,0.9333333333333332,150.0,1.1904761904761905,221.0,-0.0511717931651031,0.4195800456552652,100.0,121.0,0.550544695961677,0.6072269472567473,0.6615106019336852,0.5790312504173418,0.5790312504173418,0.625,0.675,0.685,0.71,0.71,2.0
117.0,1.5,78.0,0.5131578947368421,152.0,1.4615384615384617,104.0,0.7938931297709924,164.0,1.3898305084745763,118.0,1.0085470085470083,117.0,1.0833333333333333,108.0,0.864,168.0,-0.1731750812741763,0.4004942290772054,54.0,114.0,-0.155,-0.2075675382541282,1.374116017710161,-1.3226354075976898,-0.3208153889782048,0.18,0.215,0.32,0.385,0.445,2.0
155.0,1.2704918032786885,122.0,1.0517241379310345,116.0,1.432098765432099,81.0,0.5328947368421053,131.0,1.0916666666666666,120.0,1.0434782608695652,115.0,0.9745762711864406,118.0,1.4216867469879515,162.0,-0.187256582513978,0.4321301906118387,71.0,91.0,0.8406114376451754,-0.1379150300658314,1.432239539467842,-1.426579553990362,-0.1711710462666499,0.365,0.285,0.395,0.445,0.66,2.0
138.0,1.1794871794871795,117.0,0.785234899328859,149.0,0.9802631578947368,152.0,1.034013605442177,211.0,2.0288461538461537,104.0,0.5977011494252874,174.0,1.1012658227848102,158.0,0.9575757575757576,224.0,-0.0840642253337901,0.4521178642173502,77.0,147.0,0.5164135814862663,-1.9661300405564288,0.6798083442624305,0.6640402951589204,0.6713103714586223,0.5,0.345,0.54,0.555,0.56,2.0
119.0,1.6527777777777777,72.0,0.4311377245508982,167.0,1.3801652892561984,121.0,0.968,173.0,1.4180327868852458,122.0,1.0252100840336134,119.0,1.451219512195122,82.0,0.5324675324675324,172.0,-0.0321034051436145,0.6026193450234065,51.0,121.0,0.0689268624918857,-0.562513131689454,0.9901641446731548,-1.9263007828893228,0.4933815593859477,0.24,0.13,0.3,0.365,0.53,2.0
297.0,2.167883211678832,137.0,1.053846153846154,130.0,0.7647058823529411,170.0,1.452991452991453,206.0,2.239130434782609,92.0,0.5287356321839081,174.0,1.2083333333333333,144.0,1.152,209.0,-0.2873409704127914,0.4094174946636094,65.0,144.0,-0.2058972752960212,-0.3007693110527194,1.121752568695145,0.0941387856646909,0.2052780000310659,0.24,0.22,0.31,0.365,0.375,2.0
143.0,1.0437956204379562,137.0,1.0378787878787878,132.0,1.375,96.0,0.5454545454545454,174.0,1.2794117647058822,136.0,0.9379310344827586,145.0,0.9731543624161074,149.0,0.9612903225806452,183.0,-0.1447564945745981,0.2917134436053288,62.0,121.0,-0.1280541382416607,-0.3039054655850581,0.9773636608112592,-0.7417422902535891,0.5776005598799515,0.24,0.295,0.335,0.39,0.35,2.0
133.0,0.9637681159420288,138.0,1.1129032258064515,124.0,1.0598290598290598,117.0,0.7090909090909091,176.0,1.3233082706766917,133.0,0.9637681159420288,138.0,0.9787234042553192,141.0,2.0434782608695654,176.0,-0.0977190993424326,0.2373121165876892,53.0,123.0,0.3294216591265464,0.3750832395537068,0.3826926732214799,-0.1080428953006839,0.3193456907537548,0.515,0.545,0.55,0.695,0.57,2.0
118.0,1.2421052631578948,95.0,0.6834532374100719,139.0,1.1487603305785123,121.0,1.0,79.0,0.45664739884393063,173.0,2.0352941176470587,85.0,0.551948051948052,154.0,1.2419354838709675,125.0,-0.2816391446456893,0.4909933956075943,70.0,55.0,0.3493084596166175,-0.2590713484731316,1.3978745768802043,-1.426692224633802,-0.2580893782443741,0.495,0.405,0.565,0.62,0.94,2.0
102.0,0.4473684210526316,228.0,1.5944055944055944,143.0,1.349056603773585,106.0,0.5221674876847291,204.0,1.446808510638298,141.0,1.5326086956521738,92.0,0.416289592760181,221.0,1.3393939393939394,208.0,-0.5100481194593596,0.3263948451902241,66.0,142.0,-0.5211801396443152,-0.6579264780555616,1.082211549353421,-0.9318513172679888,-0.1483903759096768,0.22,0.28,0.315,0.37,0.55,2.0
237.0,1.377906976744186,172.0,0.9502762430939228,181.0,0.9576719576719576,189.0,1.0558659217877095,241.0,1.235897435897436,195.0,1.1016949152542372,177.0,1.0925925925925926,162.0,1.6363636363636365,247.0,-0.0924267709751193,0.3238577608233822,79.0,168.0,0.435,0.4598840714754068,0.4811602140487131,-0.0866771925763806,0.2978120277996879,0.535,0.57,0.575,0.68,0.615,2.0
97.0,0.7950819672131147,122.0,1.0990990990990992,111.0,1.0,111.0,0.9910714285714286,127.0,1.1759259259259258,108.0,0.9818181818181818,110.0,0.9649122807017544,114.0,1.0363636363636364,152.0,-0.0939264688404813,0.9975735225354344,64.0,88.0,0.864446541578039,-0.352369688899917,2.6229036022541656,-1.6838969259845142,-0.3658014171623233,0.445,0.42,0.49,0.725,0.85,2.0
112.0,0.6956521739130435,161.0,1.7127659574468086,94.0,0.5766871165644172,163.0,1.4298245614035088,166.0,1.5229357798165137,109.0,0.6526946107784432,167.0,1.4778761061946903,113.0,0.6457142857142857,183.0,-0.0588236511055276,0.5765359699277941,67.0,116.0,0.6238069286707875,-1.951323330070468,0.9589886748724228,-0.0321883607969517,0.8974888158876542,0.57,0.43,0.63,0.8,0.65,2.0
113.0,0.8129496402877698,139.0,0.7513513513513513,185.0,1.3909774436090223,133.0,1.015267175572519,173.0,1.2269503546099292,141.0,1.3177570093457944,107.0,0.8106060606060606,132.0,1.306930693069307,181.0,-0.1943284369023994,0.269234033137299,60.0,121.0,0.1869698663347271,0.3093130036618506,0.3209073269819077,-0.1951732335979392,0.1994160720970822,0.53,0.575,0.585,0.74,0.615,2.0
136.0,0.8662420382165605,157.0,1.0902777777777777,144.0,1.125,128.0,1.0847457627118644,192.0,2.206896551724138,87.0,0.4677419354838709,186.0,1.453125,128.0,0.6881720430107527,180.0,-0.0823548140868515,0.2571181597557458,46.0,134.0,0.3103616532303438,0.4036696278707145,0.4302895077196372,0.0080764791915739,0.3692661729629981,0.45,0.495,0.505,0.62,0.52,2.0
112.0,1.0,112.0,0.9739130434782608,115.0,1.0176991150442478,113.0,1.036697247706422,127.0,1.1545454545454545,110.0,0.9821428571428572,112.0,0.9411764705882352,119.0,1.0258620689655171,159.0,0.1124557344781666,1.04580569365732,71.0,88.0,2.173002545722216,0.3552048980916513,2.819727914922605,-1.549416423538996,-0.7345524775584921,0.39,0.34,0.415,0.63,0.72,2.0
116.0,1.432098765432099,81.0,0.54,150.0,1.2195121951219512,123.0,1.0423728813559323,158.0,1.3504273504273505,117.0,1.0,117.0,1.4444444444444444,81.0,0.525974025974026,167.0,0.3845197365749228,0.8860208186207904,57.0,110.0,1.4182871333916265,1.3748944952665605,1.7190838567030429,1.5499496035333211,1.5499496035333211,0.545,0.565,0.605,0.63,0.63,2.0
147.0,1.3125,112.0,0.7671232876712328,146.0,1.0895522388059702,134.0,0.7928994082840237,196.0,1.8846153846153846,104.0,0.6081871345029239,171.0,1.6132075471698113,106.0,1.03921568627451,218.0,-0.0724698657050779,0.5044802500920422,81.0,137.0,0.7335400332577758,0.4019322642744986,0.8026643855898976,0.0066305811202359,0.6502894663899167,0.55,0.495,0.58,0.705,0.605,2.0
144.0,1.1338582677165354,127.0,0.7426900584795322,171.0,1.4491525423728813,118.0,0.6629213483146067,190.0,1.3103448275862069,145.0,1.0507246376811594,138.0,0.9452054794520548,146.0,1.0354609929078014,212.0,-0.1851429454565863,0.5270196669626946,79.0,133.0,0.4589596149177364,0.5794630199661917,0.6121877270743129,-0.2000536832248048,0.5775706335315365,0.535,0.58,0.595,0.75,0.61,2.0
170.0,1.619047619047619,105.0,0.5898876404494382,178.0,1.424,125.0,0.8680555555555556,161.0,1.4,115.0,0.5476190476190477,210.0,1.5441176470588236,136.0,0.8192771084337349,185.0,-0.1300560386257624,0.5786978328887432,73.0,112.0,0.5649580070373477,0.7730905407658218,0.9332533953106812,0.6208969078523908,0.6365655917763782,0.56,0.625,0.635,0.665,0.67,2.0
172.0,1.2932330827067668,133.0,0.9637681159420288,138.0,0.92,150.0,0.8928571428571429,225.0,0.995575221238938,226.0,1.6376811594202898,138.0,0.92,150.0,1.1450381679389312,221.0,-0.2133906438364683,0.3602727916481726,64.0,157.0,-0.051856846060105,-0.1233022587507532,1.1527943269128462,0.1386854085943618,0.1713928914996236,0.16,0.215,0.29,0.34,0.345,2.0
155.0,1.684782608695652,92.0,1.2266666666666666,75.0,0.423728813559322,177.0,2.132530120481928,156.0,1.278688524590164,122.0,1.525,80.0,0.5228758169934641,153.0,1.843373493975904,165.0,-0.1779584530088816,0.6973414681622625,56.0,109.0,0.8030658996136824,0.3643580443096715,0.9228752832426486,-0.119587743653586,0.6162136704467791,0.565,0.465,0.61,0.77,0.65,2.0
162.0,1.542857142857143,105.0,0.625,168.0,1.435897435897436,117.0,0.7647058823529411,178.0,1.459016393442623,122.0,0.7134502923976608,171.0,1.5833333333333333,108.0,0.7297297297297297,196.0,-0.1030135192210789,0.4927634083124884,72.0,124.0,0.6131079182504197,-2.0515194101072347,0.7082556536959219,0.699306593725801,0.3017913689696609,0.56,0.365,0.59,0.6,0.67,2.0
148.0,0.9487179487179488,156.0,1.0263157894736843,152.0,0.9681528662420382,157.0,0.9936708860759492,195.0,1.2420382165605095,157.0,1.0064102564102564,156.0,1.0196078431372548,153.0,1.0132450331125828,198.0,-0.1348137067068039,0.276295952117208,62.0,136.0,-0.1218321066636676,-0.2591380404769718,1.3012741376622063,-0.3856519574872064,0.0714476920185243,0.21,0.275,0.31,0.36,0.54,2.0
146.0,1.0354609929078014,141.0,1.128,125.0,0.8012820512820513,156.0,1.1470588235294117,136.0,1.4782608695652173,92.0,0.5,184.0,2.329113924050633,79.0,0.4463276836158192,160.0,-0.1614099142057939,0.1641504165357886,65.0,95.0,0.274576048591346,0.2440340316866129,0.4383645397444126,-0.2775307137356745,-0.0410742324683525,0.395,0.43,0.45,0.515,0.485,2.0
143.0,1.1626016260162602,123.0,0.8541666666666666,144.0,0.8275862068965517,174.0,1.183673469387755,142.0,1.0597014925373134,134.0,1.887323943661972,71.0,0.4329268292682927,164.0,1.3898305084745763,152.0,-0.1704553675668869,0.1378231824118796,53.0,99.0,-0.1021646988258632,-0.120057494326686,0.1897380331933161,-0.6172550092443406,0.0041950537373648,0.295,0.315,0.35,0.4,0.62,2.0
115.0,0.9829059829059827,117.0,1.0,117.0,1.017391304347826,115.0,1.0087719298245614,148.0,1.5913978494623655,93.0,0.6690647482014388,139.0,1.1779661016949152,118.0,0.9833333333333332,157.0,-0.0569323937773896,0.6180043917405499,54.0,103.0,0.6250999068497801,0.3695155783126537,0.937229832127948,0.0478386896554184,0.6475354141922978,0.525,0.47,0.605,0.735,0.65,2.0
81.0,0.54,150.0,1.851851851851852,81.0,0.5328947368421053,152.0,1.6521739130434785,132.0,1.1092436974789917,119.0,1.4875,80.0,0.5298013245033113,151.0,1.8875,165.0,-0.1479329838582863,0.4609048522669423,73.0,92.0,0.7668153313121036,-0.0939382132103233,1.533918355454014,-1.5097452843366184,0.0440142242351917,0.355,0.285,0.395,0.44,0.7,2.0
113.0,0.6766467065868264,167.0,1.1208053691275168,149.0,1.192,125.0,0.7530120481927711,163.0,1.1088435374149659,147.0,0.7424242424242424,198.0,1.5114503816793894,131.0,0.9849624060150376,182.0,-0.1290134686130336,0.3423332912946714,68.0,114.0,0.614675761593196,-0.7728028150253046,0.7424467558513668,-0.2525642608198595,0.7047157632832349,0.61,0.375,0.645,0.845,0.66,2.0
142.0,1.0597014925373134,134.0,1.887323943661972,71.0,0.4329268292682927,164.0,1.3898305084745763,141.0,0.9929577464788732,142.0,1.0676691729323309,133.0,0.95,140.0,2.121212121212121,151.0,-0.1255362029483964,0.2227549991393802,53.0,98.0,0.1103764576266795,-0.0927699886374322,0.2733024010393428,-0.1294334629412421,0.2519734751726523,0.56,0.5,0.61,0.75,0.625,2.0
93.0,0.5636363636363636,165.0,1.352459016393443,122.0,0.7721518987341772,158.0,0.9349112426035504,176.0,1.3968253968253967,126.0,1.024390243902439,123.0,0.9318181818181818,132.0,1.4666666666666666,187.0,-0.1647085010867291,0.3777244716539704,64.0,123.0,-0.1916260839713541,-0.2346808505781893,1.2674582679940285,0.0568838905991321,0.2534359711012569,0.25,0.225,0.34,0.4,0.41,2.0
104.0,0.6081871345029239,171.0,1.6132075471698113,106.0,1.03921568627451,102.0,0.4340425531914894,177.0,1.475,120.0,0.7361963190184049,163.0,1.3583333333333334,120.0,0.5581395348837209,193.0,-0.0813725083197914,0.4523125042963103,70.0,123.0,0.6278858778497394,0.6085908725242462,0.6584398110777591,-0.0658039787706918,0.5708663662192595,0.58,0.59,0.615,0.765,0.635,2.0
120.0,1.0909090909090908,110.0,0.990990990990991,111.0,0.4955357142857143,224.0,1.041860465116279,107.0,0.49537037037037035,216.0,2.0970873786407767,103.0,0.8803418803418803,117.0,1.054054054054054,150.0,0.0135262025391089,0.833051243870221,76.0,74.0,0.9997250154391089,-0.300893110316924,2.6990477786940823,-0.7347942926387488,0.1403409976851072,0.45,0.415,0.51,0.565,0.86,2.0
104.0,0.6341463414634146,164.0,1.5471698113207548,106.0,0.5760869565217391,184.0,1.6,252.0,1.9534883720930232,129.0,0.7010869565217391,184.0,1.3142857142857145,140.0,1.0294117647058822,250.0,-0.0403391218375251,0.2027336126134236,74.0,176.0,0.0571467695821468,-0.3469574535669755,0.4255140856549384,-0.8933331113308044,0.2846006817404458,0.165,0.27,0.3,0.32,0.505,2.0
158.0,1.6288659793814433,97.0,0.6598639455782312,147.0,1.2672413793103448,116.0,0.6444444444444445,156.0,1.4311926605504588,109.0,0.6855345911949685,159.0,1.485981308411215,107.0,0.6369047619047619,184.0,-0.0153495346995291,0.4763275903862264,75.0,109.0,0.5981032025549615,-1.925889546427223,0.7413942414650392,-0.0195646330241881,0.6484179829921511,0.6,0.41,0.65,0.795,0.675,2.0
159.0,0.9695121951219512,164.0,1.8636363636363635,88.0,0.4731182795698925,186.0,1.3777777777777778,145.0,1.0357142857142858,140.0,1.1382113821138211,123.0,0.984,125.0,1.3020833333333333,172.0,-0.1928228818965019,0.3789535746644782,71.0,101.0,0.6961880636819588,-0.1876374627442497,1.1508850284053882,-0.0143930846218995,0.2586037940500731,0.385,0.3,0.41,0.475,0.49,2.0
161.0,1.0320512820512822,156.0,0.981132075471698,159.0,0.9085714285714286,175.0,0.8578431372549019,141.0,0.42857142857142855,329.0,1.5893719806763285,207.0,1.1761363636363635,176.0,1.1733333333333331,179.0,-0.0405733435514044,0.3719144311810533,81.0,98.0,0.4562007562256575,0.4289803984184209,0.460500632755501,0.305753093513517,0.305753093513517,0.78,0.825,0.835,0.87,0.87,2.0
113.0,1.3780487804878048,82.0,0.9213483146067416,89.0,0.4917127071823204,181.0,1.9052631578947368,186.0,1.5245901639344261,122.0,1.0338983050847457,118.0,1.0172413793103448,116.0,1.0,183.0,-0.2537670835781246,0.6093264157780331,53.0,130.0,0.5455695366650855,-2.414196055739715,0.7361886470298494,-0.1522650762360246,0.2361701251142011,0.49,0.3,0.53,0.67,0.595,2.0
119.0,1.0258620689655171,116.0,1.045045045045045,111.0,1.018348623853211,109.0,0.981981981981982,127.0,1.1043478260869566,115.0,1.074766355140187,107.0,0.9553571428571428,112.0,0.9491525423728814,162.0,-0.1357222632943339,0.997794991203618,74.0,88.0,1.8358191582651904,-0.2689469172246427,2.6902013870817783,-1.6247414271721872,2.41840059026875,0.4,0.28,0.43,0.64,0.455,2.0
150.0,1.6483516483516485,91.0,0.52,175.0,1.0736196319018405,163.0,1.181159420289855,221.0,1.7967479674796747,123.0,0.803921568627451,153.0,1.6105263157894736,95.0,0.5792682926829268,220.0,-0.2254980921024203,0.3407900959023139,66.0,154.0,-0.2322499803752098,-0.2367971108815681,1.112069489372795,0.0759798994974873,0.1993843492974523,0.18,0.22,0.3,0.345,0.355,2.0
216.0,0.9557522123893806,226.0,0.9576271186440678,236.0,1.0,236.0,1.0442477876106195,300.0,1.4150943396226414,212.0,0.9380530973451328,226.0,1.0272727272727271,220.0,0.995475113122172,301.0,-0.2216141280004837,0.2304435201833501,91.0,210.0,0.3047816845636365,-0.0261882068056386,0.5510401484452981,-0.2540350784971129,-0.2727572557382117,0.46,0.42,0.495,0.565,0.575,2.0
117.0,1.017391304347826,115.0,0.9829059829059827,117.0,1.0,117.0,1.0263157894736843,58.0,0.3372093023255814,172.0,2.0,86.0,0.581081081081081,148.0,1.2542372881355932,117.0,-0.2317596749810587,0.5975146138208695,77.0,40.0,0.1230286480212184,0.0743984558875616,0.817099598017627,-2.2026037392082074,0.2328823161860459,0.505,0.53,0.6,0.67,0.92,2.0
163.0,1.5233644859813085,107.0,0.6815286624203821,157.0,1.353448275862069,116.0,0.5858585858585859,161.0,1.3416666666666666,120.0,0.718562874251497,167.0,1.518181818181818,110.0,0.6547619047619048,184.0,-0.0931031356391056,0.4911271969497422,72.0,112.0,0.5820617312107736,-1.9108003421711135,0.7042528007751779,0.6566080402010053,0.6566080402010053,0.6,0.395,0.645,0.66,0.66,2.0
201.0,1.7033898305084745,118.0,0.437037037037037,270.0,2.0454545454545454,132.0,0.5892857142857143,235.0,2.0982142857142856,112.0,0.5233644859813084,214.0,1.9107142857142856,112.0,0.4890829694323144,258.0,-0.2865088496714078,0.5987239240461802,94.0,164.0,1.0542204794587633,-0.4996387992390436,2.3329447918628694,-0.7861459216120056,-0.628965360654129,0.335,0.3,0.365,0.43,0.625,2.0
118.0,1.4216867469879515,83.0,0.5286624203821656,157.0,1.2764227642276422,123.0,1.0603448275862069,152.0,1.2773109243697478,119.0,0.9754098360655736,122.0,1.4698795180722892,83.0,0.988095238095238,162.0,-0.2531896576911012,0.6199313072426745,56.0,106.0,0.5415527150587978,0.1436405144098384,0.7402048653201416,-0.1888705583766922,0.1621328673426798,0.565,0.47,0.61,0.765,0.69,2.0
91.0,0.4292452830188679,212.0,1.3417721518987342,158.0,1.0193548387096774,155.0,1.019736842105263,235.0,1.3276836158192091,177.0,1.0172413793103448,174.0,0.9666666666666668,180.0,1.0285714285714285,235.0,-0.2713222971634506,0.2996633177807641,71.0,164.0,-0.2746924430822461,-0.4148422847445807,1.440174944468068,-0.5362459589900123,-0.0779951220186277,0.175,0.27,0.3,0.345,0.5,2.0
182.0,1.467741935483871,124.0,0.8266666666666667,150.0,1.5463917525773196,97.0,0.5987654320987654,156.0,1.5145631067961165,103.0,0.6319018404907976,163.0,1.4954128440366972,109.0,0.8384615384615385,180.0,-0.0514792891435092,0.4903901970422892,71.0,109.0,0.5774676202025634,-1.9635465490933544,0.7042980877314577,0.6821635616323685,0.6211558521606426,0.595,0.395,0.645,0.655,0.68,2.0
156.0,1.0263157894736843,152.0,0.9559748427672956,159.0,2.064935064935065,77.0,0.2830882352941176,240.0,1.4545454545454546,165.0,0.8967391304347826,184.0,1.0514285714285714,175.0,1.09375,233.0,-0.1305104333900785,0.3077419101109433,65.0,168.0,-0.1040407980041365,-0.2516660670147111,1.3404135956667378,-0.628602256083889,0.084565076241059,0.215,0.25,0.28,0.325,0.485,2.0
122.0,1.6266666666666667,75.0,0.4437869822485207,169.0,1.4201680672268908,119.0,1.0,165.0,1.7934782608695652,92.0,0.609271523178808,151.0,1.2583333333333333,120.0,1.0256410256410255,164.0,-0.3673763988933474,0.6251980106135911,49.0,115.0,0.203745589146348,0.1619406146211571,0.5513310707690425,-0.2659302786936616,0.2237537512129868,0.52,0.505,0.625,0.765,0.685,2.0
118.0,1.4047619047619049,84.0,0.5419354838709678,155.0,1.2916666666666667,120.0,1.0256410256410255,155.0,1.3135593220338984,118.0,0.9833333333333332,120.0,1.411764705882353,85.0,0.5555555555555556,163.0,-0.2637996793251522,0.6319399696424336,55.0,108.0,0.5337303255313569,0.1662206310284998,0.7176316836779807,-0.2144323965087579,0.2474982964693077,0.555,0.46,0.6,0.75,0.67,2.0
141.0,1.1015625,128.0,1.0491803278688523,122.0,1.0608695652173914,115.0,0.7718120805369127,153.0,1.457142857142857,105.0,0.625,168.0,1.6153846153846154,104.0,0.5777777777777777,178.0,-0.0612397813523217,0.5076496536437336,71.0,107.0,0.7562952102631181,0.7740781695501121,0.7974997633972043,0.1001401817052141,0.7196892931166008,0.6,0.63,0.64,0.745,0.655,2.0
169.0,0.9234972677595628,183.0,1.1024096385542168,166.0,1.3387096774193548,124.0,0.8051948051948052,223.0,1.4025157232704402,159.0,1.0,159.0,1.358974358974359,117.0,0.7647058823529411,235.0,0.0533227448644388,0.5282340570545945,79.0,156.0,0.7260382475560428,0.619689782602473,0.9308795779586748,0.8094022772189482,0.8094022772189482,0.51,0.49,0.545,0.56,0.56,2.0
150.0,0.9493670886075948,158.0,1.082191780821918,146.0,1.0138888888888888,144.0,1.1338582677165354,189.0,1.6153846153846154,117.0,0.6923076923076923,169.0,1.5943396226415094,106.0,0.6022727272727273,209.0,-0.16285454015387,0.4146997886694439,77.0,132.0,0.4537647420011532,-1.8703814034182769,0.5195261951847031,0.505547032970755,0.2873228105407344,0.55,0.37,0.58,0.59,0.635,2.0
159.0,1.485981308411215,107.0,0.7379310344827587,145.0,1.355140186915888,107.0,0.6645962732919255,147.0,1.2672413793103448,116.0,0.6444444444444445,180.0,1.4634146341463414,123.0,0.75,169.0,-0.0567095636590176,0.4776984529273864,67.0,102.0,0.6599364076572862,0.6920328781126812,0.7142154620702756,0.0068318778194327,0.6661306861772451,0.61,0.64,0.645,0.78,0.665,2.0
115.0,0.5299539170506913,217.0,0.9313304721030042,233.0,2.026086956521739,115.0,1.0454545454545454,113.0,0.5136363636363637,220.0,0.944206008583691,233.0,1.0495495495495497,222.0,0.9866666666666668,162.0,-0.3834090650885004,1.0303939692463469,83.0,79.0,0.8680766209325176,-0.7484114533800605,2.6616281794719883,2.5035570745385587,2.5035570745385587,0.445,0.41,0.485,0.51,0.51,2.0
86.0,0.5180722891566265,166.0,1.267175572519084,131.0,1.31,100.0,0.6289308176100629,165.0,1.2692307692307692,130.0,0.9848484848484848,132.0,1.306930693069307,101.0,0.505,175.0,-0.3245810380117012,0.391598221156172,60.0,115.0,-0.2500802400166285,-0.3206431184199164,1.0435031215571855,-0.0627187275852562,-0.0204847951856217,0.2,0.245,0.345,0.405,0.41,2.0
192.0,1.0434782608695652,184.0,1.1288343558282208,163.0,0.9588235294117649,170.0,0.9826589595375722,249.0,1.3833333333333333,180.0,0.8333333333333334,216.0,1.2203389830508475,177.0,1.0290697674418603,235.0,-0.1463787593898743,0.3084378216833602,61.0,174.0,0.0926939520780359,0.2710418394861978,0.3410370144128628,0.305,0.305,0.37,0.48,0.49,0.505,0.505,2.0
142.0,0.9161290322580644,155.0,1.7816091954022988,87.0,0.5272727272727272,165.0,1.2692307692307692,204.0,1.6585365853658536,123.0,1.0,123.0,0.9044117647058824,136.0,1.3877551020408163,208.0,-0.3166777431521437,0.3615428546408413,66.0,142.0,-0.2705735377181484,-0.2999525494953422,1.064720699403657,-0.0276465271769204,0.0619173802124387,0.23,0.225,0.32,0.37,0.38,2.0
117.0,1.073394495412844,109.0,0.956140350877193,114.0,0.9743589743589745,117.0,0.5176991150442478,127.0,1.1043478260869566,115.0,1.0087719298245614,114.0,0.9827586206896552,116.0,1.0841121495327102,158.0,-0.6643855848857337,1.0778835394197912,70.0,88.0,1.1781948291940996,-0.6274817933118639,2.317664906873309,-2.339449789161787,2.0739123692514214,0.42,0.385,0.455,0.675,0.48,2.0
267.0,2.1885245901639343,122.0,0.5147679324894515,237.0,2.0608695652173914,115.0,0.5111111111111111,221.0,1.8888888888888888,117.0,0.5109170305676856,229.0,1.5369127516778522,149.0,0.4627329192546583,240.0,-0.1290731730020605,0.589757420733385,86.0,154.0,1.0906524541411442,-0.3546946774626742,2.49990009071654,-0.6044396058339002,-0.4634141892834441,0.325,0.3,0.36,0.405,0.61,2.0
134.0,0.978102189781022,137.0,0.8782051282051282,156.0,0.7684729064039408,203.0,1.6370967741935485,151.0,1.217741935483871,124.0,0.7209302325581395,172.0,0.6209386281588448,277.0,1.6390532544378698,175.0,-0.2330412822970778,0.3988785782921509,70.0,105.0,-0.0720640179136367,-0.2075689873695212,1.1130014778929056,0.0977632971163112,0.2057139232191235,0.325,0.3,0.4,0.46,0.47,2.0
127.0,0.9921875,128.0,1.0078740157480317,127.0,0.8943661971830986,142.0,1.0597014925373134,261.0,2.230769230769231,117.0,0.5735294117647058,204.0,1.4166666666666667,144.0,1.4545454545454546,241.0,-0.1025236186258594,0.3642896284725831,59.0,182.0,-0.0564219381646124,-0.0495193972776953,1.191332053567971,-0.8981059969742318,-0.5041222850101722,0.165,0.18,0.245,0.28,0.41,2.0
115.0,1.4024390243902438,82.0,0.5503355704697986,149.0,1.2521008403361344,119.0,1.0258620689655171,157.0,1.2868852459016393,122.0,1.0338983050847457,118.0,1.475,80.0,0.5298013245033113,165.0,-0.0394993735534196,0.644333830753635,56.0,109.0,0.9018963711358624,0.3741408444289097,1.0089175963501835,-0.0068576659059837,0.7342503914044287,0.575,0.47,0.61,0.77,0.65,2.0
215.0,1.2797619047619049,168.0,1.018181818181818,165.0,1.1538461538461535,143.0,1.075187969924812,201.0,1.3958333333333333,144.0,0.9230769230769232,156.0,0.9873417721518988,158.0,0.9753086419753086,220.0,-0.166228294450469,0.5033897295354072,80.0,140.0,0.4313043953460855,0.5768622930274988,0.644579849881922,-0.0945555374895151,0.602020702817151,0.51,0.565,0.58,0.7,0.595,2.0
183.0,1.1806451612903226,155.0,0.775,200.0,1.183431952662722,169.0,1.049689440993789,241.0,2.2523364485981308,107.0,0.4652173913043478,230.0,2.0535714285714284,112.0,0.4666666666666667,247.0,-0.1789217203462139,0.5179173023850892,79.0,168.0,1.236394297549796,-0.3770730826942898,2.2370219061090557,-0.9284432352536084,-0.4064182228716725,0.3,0.265,0.325,0.465,0.365,2.0
166.0,1.456140350877193,114.0,0.6195652173913043,184.0,1.6576576576576576,111.0,0.6098901098901099,157.0,1.2868852459016393,122.0,0.6192893401015228,197.0,1.7589285714285714,112.0,0.7088607594936709,183.0,-0.0968916097948001,0.4943246300077354,74.0,109.0,0.6200853139733623,0.6967776096462492,0.7032047284302121,0.0458280645457913,0.5009165743363572,0.6,0.65,0.655,0.76,0.685,2.0
167.0,1.0844155844155845,154.0,1.350877192982456,114.0,0.4892703862660944,233.0,1.2263157894736842,240.0,1.263157894736842,190.0,1.0857142857142856,175.0,1.0057471264367817,174.0,1.0116279069767442,235.0,-0.2488968232025353,0.2909550964031587,67.0,168.0,0.1334828383964512,0.1686493678100911,0.2053613224534424,0.1825068699557363,-0.2567554752055548,0.48,0.515,0.525,0.535,0.66,2.0
136.0,1.0149253731343284,134.0,0.8874172185430463,151.0,0.9556962025316456,158.0,1.0533333333333332,178.0,1.6952380952380952,105.0,1.0,105.0,0.5526315789473685,190.0,1.881188118811881,197.0,-0.0247357919920188,0.5231157639263296,73.0,124.0,0.5251745917742995,0.7450581262415266,0.9030565400979006,0.7022205935397651,0.7022205935397651,0.515,0.57,0.585,0.605,0.605,2.0
