RR_l_0,RR_l_0/RR_l_1,RR_l_1,RR_l_1/RR_l_2,RR_l_2,RR_l_2/RR_l_3,RR_l_3,RR_l_3/RR_l_4,RR_r_0,RR_r_0/RR_r_1,RR_r_1,RR_r_1/RR_r_2,RR_r_2,RR_r_2/RR_r_3,RR_r_3,RR_r_3/RR_r_4,seq_size,signal_mean,signal_std,wl_side,wr_side,P_val,Q_val,R_val,S_val,T_val,P_pos,Q_pos,R_pos,S_pos,T_pos,label,tsne_x,tsne_y
0.08865710560625815,0.14580935619199975,133.0,1.0390625,128.0,1.0406504065040652,123.0,1.025,0.10824742268041238,1.0289855072463767,138.0,1.0072992700729928,137.0,1.0703125,128.0,0.9696969696969696,195.0,-0.1266939042000538,0.20187040363307,96.0,99.0,0.316234650721513,-0.3599882425933357,0.3984029791884338,-0.5594217518047349,0.1632283705720911,0.33,0.445,0.495,0.525,0.715,0,-20.15702,5.200753
0.1421121251629726,0.14279653983068039,176.0,0.9312169312169312,189.0,0.984375,192.0,1.0847457627118644,0.15463917525773196,1.0289017341040463,173.0,1.0613496932515338,163.0,0.9476744186046512,172.0,0.9772727272727272,246.0,-0.1983365327135474,0.1615278756626717,122.0,124.0,0.28207208722566984,-0.4510197172209652,0.5221208459118716,-0.5736741374050816,-0.1995503848399449,0.35,0.475,0.495,0.515,0.67,0,-13.833097,33.816063
0.1877444589308996,0.20832055855673381,159.0,1.8928571428571428,84.0,0.3888888888888889,216.0,1.565217391304348,0.14561855670103094,1.0301204819277108,166.0,1.1369863013698631,146.0,0.9864864864864864,148.0,0.9866666666666668,281.0,-0.2036278606503642,0.2314540280596217,162.0,119.0,0.27446433058199704,-0.308334510418901,0.5318155387917952,-0.4184554973137738,0.2286636208643647,0.46,0.515,0.58,0.67,0.6,0,-4.735132,29.868668
0.09126466753585398,0.1385032765158002,140.0,1.0,140.0,0.9929078014184396,141.0,0.9791666666666666,0.1056701030927835,0.9929078014184397,141.0,0.9724137931034482,145.0,1.7261904761904765,84.0,0.3943661971830985,193.0,-0.2024533856587381,0.1889550349752048,95.0,98.0,0.33271108893232265,-0.2781352650386625,0.44982773874912857,-0.4558499964425276,-0.1760955442799761,0.345,0.46,0.495,0.565,0.81,0,-22.374666,14.758462
0.10039113428943937,0.15303351805107587,137.0,0.9856115107913668,139.0,1.0072463768115942,138.0,0.9452054794520548,0.1056701030927835,1.0,140.0,0.9929078014184396,141.0,0.9791666666666666,144.0,0.9664429530201344,193.0,-0.2658351306681851,0.18318193691100434,95.0,98.0,0.32899876249585486,-0.3533849407013903,0.42121006695869817,-0.535057672796983,-0.2315993606777264,0.34,0.46,0.495,0.565,0.755,0,-25.813034,10.2545595
0.12385919165580182,0.13915377095744877,165.0,1.03125,160.0,1.0457516339869282,153.0,0.9870967741935484,0.12757731958762886,0.9751552795031055,161.0,1.0125786163522013,159.0,0.9695121951219512,164.0,0.9647058823529412,218.0,-0.304840609644187,0.11183056991132478,109.0,109.0,0.2843721005390203,-0.4954227317614976,0.3890527533001732,-0.360126768464455,-0.2776801616518632,0.38,0.475,0.505,0.525,0.875,0,-33.41792,-3.4926286
0.14993481095176012,0.14845620898400638,177.0,1.0,177.0,1.0290697674418603,172.0,0.9828571428571428,0.14432989690721648,0.9714285714285714,175.0,1.0,175.0,0.9887005649717514,177.0,0.9365079365079364,240.0,-0.1536619525022093,0.17219312024383432,122.0,118.0,0.28131914875805414,-0.4157967530243573,0.582731612304548,-0.4092882138202418,-0.04332667662468,0.4,0.485,0.51,0.53,0.69,0,-6.9013567,35.0714
0.07953063885267275,0.13971419693794596,130.0,0.9923664122137404,131.0,0.9632352941176472,136.0,0.951048951048951,0.10695876288659793,0.9929577464788732,142.0,1.0142857142857142,140.0,0.9859154929577464,142.0,1.0289855072463767,191.0,-0.0362671347916942,0.21210242440608468,93.0,98.0,0.3490807529242013,-0.2759127806285087,0.4632730910590298,-0.5833797920178349,0.3175560542930898,0.34,0.435,0.49,0.54,0.7,0,-18.409021,15.455764
0.16036505867014342,0.15392722249888818,180.0,1.005586592178771,179.0,1.0170454545454546,176.0,0.9513513513513514,0.1481958762886598,0.9402173913043478,184.0,0.9735449735449736,189.0,1.0441988950276244,181.0,1.0773809523809523,246.0,-0.007472035827681,0.19669933122246852,125.0,121.0,0.35101122061047385,-0.2330241951937116,0.6616995349278184,-0.1020045483147551,0.1045123360160975,0.35,0.485,0.505,0.53,0.68,0,3.9558406,32.771908
0.09908735332464146,0.13602788145136482,148.0,0.9673202614379084,153.0,1.0268456375838926,149.0,1.0492957746478873,0.11855670103092783,1.0344827586206897,145.0,0.9797297297297296,148.0,1.034965034965035,143.0,1.0287769784172662,206.0,-0.2629846317156413,0.18059083345535437,101.0,105.0,0.2913755521930234,-0.3780228169100373,0.41973329338079396,-0.5456941274574194,-0.1701720117265869,0.335,0.46,0.49,0.58,0.84,0,-24.522299,5.6847477
0.1408083441981747,0.14053267216935,177.0,0.988826815642458,179.0,0.9421052631578948,190.0,1.0326086956521738,0.16881443298969073,1.0271739130434783,184.0,1.0823529411764703,170.0,1.0240963855421688,166.0,0.976470588235294,258.0,-0.2657372132117597,0.18226011927193786,126.0,132.0,0.2501877008199043,-0.523764090118074,0.5977543975035529,-0.5327115797673039,-0.0060618153167601,0.33,0.47,0.49,0.51,0.685,0,-3.0777786,39.500084
0.05345501955671447,0.13225168256606248,114.0,1.0,114.0,1.027027027027027,111.0,1.0,0.06958762886597938,1.0,112.0,1.018181818181818,110.0,0.4932735426008968,223.0,0.986725663716814,156.0,0.4940210903044206,0.4367936384979073,78.0,78.0,0.465007179710932,0.0976108476441572,0.8913189009948912,-0.349310184957975,1.1215484565643352,0.3,0.465,0.5,0.55,0.815,0,24.442026,24.33436
0.1290743155149935,0.1464840052545038,163.0,1.01875,160.0,1.019108280254777,157.0,1.0,0.125,1.0402684563758389,149.0,0.9933333333333332,150.0,0.967741935483871,155.0,0.96875,224.0,-0.2577297480163358,0.11405899188339448,116.0,108.0,0.2987400770596854,-0.4724136399462694,0.4359704742256818,-0.326177708146824,-0.1998598136327864,0.395,0.495,0.52,0.54,0.855,0,-33.452126,0.0957382
0.05867014341590613,0.146439308703912,110.0,0.9734513274336284,113.0,1.036697247706422,109.0,0.9646017699115044,0.06443298969072164,0.972972972972973,111.0,0.9910714285714286,112.0,0.9824561403508772,114.0,1.0363636363636364,151.0,-0.0483523340883772,0.39714744847108685,76.0,75.0,0.3568198461781365,-0.3785128362030657,0.6916044241932995,-0.934312776971625,0.435123406006549,0.335,0.47,0.51,0.555,0.81,0,19.424799,21.774927
0.09778357235984354,0.15962001439789522,131.0,1.0155038759689925,129.0,0.9923076923076924,130.0,1.0,0.09922680412371133,1.0546875,128.0,1.0158730158730158,126.0,1.0161290322580645,124.0,0.984126984126984,190.0,-0.2284630563434417,0.17679457099338933,96.0,94.0,0.285029799033622,-0.4238231546289419,0.5049315539205992,-0.3728701437429553,-0.0150416122288759,0.36,0.45,0.51,0.54,0.765,0,-23.033098,18.210287
0.10299869621903521,0.1513830664604407,140.0,1.0294117647058822,136.0,1.0074074074074073,135.0,0.9642857142857144,0.03608247422680412,0.455026455026455,189.0,1.3897058823529411,136.0,0.9927007299270072,137.0,0.9856115107913668,164.0,-0.2553425111415332,0.20963584210031538,104.0,60.0,0.30960773956437104,-0.3395047197239105,0.42167184476221703,-0.5504940346784775,-0.2317579081635161,0.47,0.59,0.64,0.735,0.955,0,-17.586384,6.994266
0.09517601043024772,0.13588784024351694,145.0,1.0283687943262412,141.0,1.0,141.0,0.9463087248322148,0.10695876288659793,0.94,150.0,1.0135135135135136,148.0,1.0068027210884354,147.0,0.9735099337748344,193.0,-0.2115472043462308,0.20973680357786892,95.0,98.0,0.32425971222615224,-0.3074455822677666,0.43282471994489313,-0.7558795382991974,-0.1599497487437183,0.335,0.455,0.49,0.575,0.805,0,-19.664589,9.14903
0.05736636245110821,0.14100768011614698,112.0,0.9824561403508772,114.0,1.0363636363636364,110.0,0.9734513274336284,0.07216494845360824,0.991304347826087,115.0,1.055045871559633,109.0,0.9732142857142856,112.0,1.018181818181818,156.0,-0.5651550244031648,0.39036586231733394,77.0,79.0,0.18195840256293153,-0.909488955351038,0.5896311678169123,-1.3934629183664284,0.0043003040908726,0.325,0.445,0.5,0.54,0.835,0,17.877493,15.417256
0.15123859191655803,0.15315958921142556,174.0,1.0,174.0,1.0481927710843373,166.0,0.994011976047904,0.14432989690721648,1.0,170.0,0.9289617486338798,183.0,0.9945652173913044,184.0,1.022222222222222,236.0,-0.2209735287082763,0.22496461097939385,118.0,118.0,0.2590085274296864,-0.580694277051546,0.659141441069135,-0.5034726936851447,-0.0013250503342076,0.385,0.48,0.505,0.525,0.695,0,5.6788054,35.65675
0.14993481095176012,0.13335585610162456,191.0,1.0380434782608696,184.0,0.9945945945945946,185.0,1.0511363636363635,0.15850515463917525,6,175.0,0.9722222222222222,180.0,0.967741935483871,186.0,1.0276243093922652,258.0,-0.1325379855108886,0.15760769098885472,132.0,126.0,0.3109512668887666,-0.3009774922140498,0.5656799968946516,-0.4189157205759025,0.1102153805385084,0.405,0.49,0.515,0.535,0.71,0,-8.62805,33.34681
0.1016949152542373,0.13483552176335295,151.0,1.0202702702702702,148.0,1.049645390070922,141.0,1.0444444444444445,0.1095360824742268,1.0070422535211268,142.0,0.9861111111111112,144.0,1.051094890510949,137.0,0.9927536231884058,202.0,-0.2741073059520703,0.16567394510297592,102.0,100.0,0.29286306938218865,-0.3500537615007997,0.4057251499861583,-0.5243063238994349,-0.2643381740985656,0.34,0.465,0.505,0.57,0.765,0,-26.440376,4.521198
0.11603650586701435,0.13901630798110037,159.0,0.9875776397515528,161.0,1.0254777070063694,157.0,1.0397350993377483,0.13402061855670103,1.0188679245283019,159.0,1.0324675324675323,154.0,0.9685534591194968,159.0,0.9754601226993864,231.0,-0.2954457607187105,0.07344798989326946,118.0,113.0,0.29497436612057526,-0.4910248617977597,0.33844114675797005,-0.4112726957841786,-0.2842830965168729,0.385,0.49,0.51,0.53,0.815,0,-33.591507,-11.103338
0.14602346805736635,0.14621163564933506,176.0,1.0,176.0,1.0602409638554218,166.0,1.01840490797546,0.1481958762886598,1.0297619047619047,168.0,0.9491525423728814,177.0,0.9779005524861878,181.0,1.0284090909090908,247.0,-0.4560634323314331,0.19002326219500332,126.0,121.0,0.1882252128553854,-0.7942796752629394,0.5352212105221804,-0.7683878669721222,-0.2511552544795248,0.34,0.485,0.51,0.53,0.705,0,-11.695975,40.011566
0.11994784876140809,0.13434794937167932,166.0,0.9595375722543352,173.0,0.9774011299435028,177.0,1.0172413793103448,0.15979381443298968,1.04,175.0,1.023391812865497,171.0,0.9884393063583816,173.0,1.0613496932515338,245.0,-0.1939141941464753,0.19370017859863706,118.0,127.0,0.2716245371145345,-0.4757709904034546,0.6233312484801274,-0.4613416530607874,0.0854832879724722,0.305,0.46,0.485,0.505,0.705,0,1.5898944,36.679817
0.14863102998696218,0.13033940275123537,193.0,1.0432432432432432,185.0,1.0755813953488371,172.0,1.0424242424242425,0.14432989690721648,0.9941520467836257,171.0,1.0058823529411764,170.0,0.9770114942528736,174.0,0.9886363636363636,244.0,-0.1760988427012366,0.17581503735686005,126.0,118.0,0.2834055425536122,-0.4301480978095814,0.5598646973208846,-0.480822476609389,-0.0682537074395345,0.355,0.495,0.52,0.54,0.7,0,-9.51556,34.529884
0.15514993481095177,0.14947494943160508,180.0,1.0404624277456649,173.0,1.0176470588235291,170.0,0.9826589595375722,0.13530927835051546,0.9588235294117647,170.0,1.0,170.0,1.0,170.0,0.9392265193370166,230.0,-0.2754318429699791,0.21263649355127576,116.0,114.0,0.24371348027362144,-0.6051347709188613,0.6238697674308848,-0.421486473367465,-0.0719688997475252,0.385,0.48,0.505,0.53,0.7,0,2.9140646,39.641716
0.1395045632333768,0.14165166961337902,175.0,1.0174418604651163,172.0,0.9885057471264368,174.0,1.0116279069767442,0.1559278350515464,1.0529411764705883,170.0,1.0179640718562877,167.0,1.030864197530864,162.0,0.9938650306748468,248.0,-0.184132563913398,0.19491865571983613,123.0,125.0,0.2730720611664274,-0.4871282707657771,0.6241060011911256,-0.4371074370990521,0.0868437386191214,0.335,0.475,0.5,0.52,0.71,0,1.1966118,35.989635
0.1303780964797914,0.14522505241283482,165.0,0.9880239520958084,167.0,1.0569620253164558,158.0,0.9875,0.12886597938144329,1.0,158.0,0.9875,160.0,0.975609756097561,164.0,1.0,222.0,-0.3279547621213555,0.08006320315383225,112.0,110.0,0.2745177338830259,-0.6012598139174955,0.3138450849344943,-0.4325189497196242,-0.3179331345786188,0.34,0.475,0.51,0.53,0.85,0,-31.619282,-13.9138
0.10430247718383312,0.14144280815481725,148.0,1.0277777777777777,144.0,1.0359712230215827,139.0,1.0145985401459854,0.11082474226804123,1.0,144.0,1.0285714285714285,140.0,1.0218978102189782,137.0,0.9856115107913668,202.0,-0.1151782392471394,0.17532137159332295,102.0,100.0,0.33638132545685456,-0.1848594553025813,0.4895986866946928,-0.3804804435263039,-0.0922470845103782,0.345,0.46,0.505,0.58,0.83,0,-20.88242,16.86612
0.07301173402868318,0.16852986122873875,109.0,1.0092592592592593,108.0,0.4909090909090909,220.0,0.990990990990991,0.06572164948453608,1.0186915887850467,107.0,1.0,107.0,0.9553571428571428,112.0,0.509090909090909,226.0,-0.389900932026319,0.49143653975902407,150.0,76.0,0.15593828595602488,-0.7394598427946812,0.7333367210810137,-0.9676454810613336,-0.8690985853274882,0.125,0.17,0.2,0.23,0.235,0,21.05096,16.254322
0.11734028683181226,0.14803450814513108,153.0,0.9935064935064936,154.0,0.9808917197452228,157.0,1.0064102564102564,0.12242268041237113,0.9745222929936306,157.0,0.9751552795031057,161.0,0.9698795180722892,166.0,1.006060606060606,214.0,-0.3304527666168768,0.10087859312817953,107.0,107.0,0.2838165812049773,-0.5745929726296585,0.37936008182010406,-0.4500973646521293,-0.2776932439751853,0.38,0.475,0.5,0.52,0.86,0,-33.68478,-4.889194
0.13428943937418514,0.14279653983068039,170.0,0.9941520467836256,171.0,0.9661016949152542,177.0,0.9725274725274724,0.1713917525773196,1.0380434782608696,184.0,0.9945945945945946,185.0,1.0511363636363635,176.0,0.9832402234636872,260.0,-0.1506405676857889,0.18144914731778256,127.0,133.0,0.2988982639769856,-0.4087916450164328,0.6224091856018014,-0.4890405812651865,0.0746597953037331,0.33,0.465,0.49,0.51,0.675,0,-0.8890601,33.665306
0.1395045632333768,0.13190782852482497,184.0,1.0454545454545454,176.0,1.0538922155688624,167.0,1.0,0.16108247422680413,1.0397727272727273,176.0,0.9723756906077348,181.0,1.046242774566474,173.0,0.9611111111111112,255.0,-0.3135608157381953,0.19655444454015653,127.0,128.0,0.23767713424615178,-0.5861831221344191,0.5682119334752114,-0.5037377335737367,-0.2068780297776934,0.385,0.48,0.5,0.525,0.675,0,-9.191482,40.044174
0.08083441981747067,0.152569822173497,123.0,0.9919354838709676,124.0,0.9612403100775194,129.0,0.9699248120300752,0.09020618556701031,0.9696969696969697,132.0,0.9705882352941176,136.0,1.0708661417322836,127.0,0.927007299270073,182.0,-0.2057669019766581,0.16234138570940018,93.0,89.0,0.29876796902389546,-0.4036379740217889,0.48917676892781,-0.4443327882214771,0.0264135138582186,0.31,0.455,0.515,0.54,0.775,0,-23.035221,18.11758
0.20208604954367665,0.38722633122452366,100.0,0.8130081300813008,123.0,1.0982142857142858,112.0,1.0275229357798166,0.07345360824742268,1.0849056603773586,106.0,0.4774774774774775,222.0,2.018181818181818,110.0,0.4954954954954955,154.0,-0.1438373200805218,0.41670242263750157,74.0,80.0,0.32119826462925166,-0.4549999999999999,0.6890875705154383,-1.0996561303852883,0.24,0.295,0.44,0.485,0.53,0.835,0,16.605793,28.39475
0.13559322033898305,0.14883124730139544,166.0,1.0573248407643312,157.0,1.0064102564102564,156.0,0.9936305732484076,0.13015463917525774,1.0192307692307692,156.0,0.968944099378882,161.0,0.930635838150289,173.0,1.0,226.0,-0.2831952101742246,0.0874377805557748,115.0,111.0,0.29174162156670214,-0.5102091092025092,0.3728473264814386,-0.3210108180386121,-0.2439989697340994,0.385,0.485,0.51,0.53,0.81,0,-35.65634,-6.7809277
0.05997392438070404,0.13931215221280666,115.0,1.036036036036036,111.0,1.0,111.0,1.0277777777777777,0.06701030927835051,1.0185185185185186,108.0,0.9908256880733946,109.0,1.0092592592592593,108.0,1.0,156.0,-0.1552811683099019,0.3902930340557384,79.0,77.0,0.3226052241959302,-0.5634616859207006,0.7422901639731257,-0.8029292683669176,0.2059590971409795,0.335,0.44,0.505,0.55,0.86,0,20.824648,20.943712
0.13298565840938723,0.14045323821632086,171.0,0.9771428571428572,175.0,0.9308510638297872,188.0,1.0444444444444445,0.17268041237113402,1.0491803278688525,183.0,1.011049723756906,181.0,1.046242774566474,173.0,0.9558011049723756,259.0,-0.1317252173572259,0.1711021572217336,125.0,134.0,0.30030433188846634,-0.3432927443518722,0.5760678725359918,-0.5095616172050295,0.0073021070561759,0.36,0.465,0.485,0.505,0.665,0,-6.758721,33.58325
0.10560625814863103,0.14279653983068039,148.0,1.0422535211267605,142.0,0.9793103448275862,145.0,0.9602649006622516,0.10309278350515463,0.9452054794520548,146.0,0.9798657718120806,149.0,1.0492957746478873,142.0,0.9342105263157896,187.0,-0.3245142903277753,0.09681730503158689,91.0,96.0,0.2837748233114242,-0.5559075053815543,0.35506081533141687,-0.4668441572032124,-0.2849535921310842,0.345,0.465,0.49,0.51,0.845,0,-31.13819,-8.16502
0.12777053455019557,0.14401820012353245,164.0,0.9647058823529412,170.0,1.0493827160493827,162.0,1.0451612903225806,0.13402061855670103,0.9938650306748467,163.0,1.0251572327044025,159.0,1.0324675324675323,154.0,1.013157894736842,230.0,-0.2243562990673998,0.097737553772927,117.0,113.0,0.3146295893284254,-0.4224222110665809,0.41713312883683024,-0.3353189408238718,-0.1984410302353044,0.39,0.485,0.51,0.53,0.795,0,-34.43872,-1.0971187
0.12516297262059975,0.14403328234937013,162.0,1.0,162.0,0.9529411764705882,170.0,1.011904761904762,0.09407216494845361,0.6616161616161617,198.0,1.1511627906976745,172.0,1.0617283950617284,162.0,1.0,207.0,-0.2210173220134477,0.0957381609660384,116.0,91.0,0.3099229528623722,-0.4508131863266408,0.39999414136649314,-0.3568938641477797,-0.2130393893700068,0.375,0.535,0.56,0.58,0.935,0,-36.29225,-1.9623182
0.1395045632333768,0.15245207178382447,166.0,1.0506329113924051,158.0,0.9575757575757576,165.0,0.9821428571428572,0.1211340206185567,0.95,160.0,0.9580838323353292,167.0,0.9881656804733728,169.0,1.0368098159509205,215.0,-0.233016302592169,0.2034931248669628,109.0,106.0,0.26242853504663866,-0.5712224001364175,0.6295007192981036,-0.520514931801314,-0.2144742007736247,0.39,0.485,0.51,0.53,0.68,0,2.3234632,38.65575
0.1121251629726206,0.1509741842399759,147.0,1.05,140.0,1.0071942446043165,139.0,0.9788732394366196,0.11597938144329897,1.0422535211267605,142.0,1.0070921985815602,141.0,0.9929577464788732,142.0,0.9726027397260274,205.0,-0.2350415701308788,0.1812127869754165,102.0,103.0,0.3089654768672723,-0.309103060141437,0.42712010621574287,-0.5097951280003302,-0.1650861953261633,0.335,0.46,0.495,0.57,0.78,0,-25.325409,7.504607
0.121251629726206,0.13910907440685696,163.0,0.9939024390243902,164.0,0.9761904761904762,168.0,1.030674846625767,0.08634020618556701,0.625,200.0,1.2269938650306749,163.0,1.0124223602484472,161.0,1.0254777070063694,201.0,-0.280035083516768,0.08904613063517544,114.0,87.0,0.3009832622649063,-0.4776654126401926,0.3384962850831215,-0.4189634742386524,-0.261714321153732,0.425,0.545,0.57,0.59,0.985,0,-35.719185,-12.285366
0.12255541069100391,0.14531669439706704,159.0,1.0063291139240509,158.0,1.0193548387096774,155.0,0.9281437125748504,0.12371134020618557,1.0065359477124183,153.0,0.9807692307692308,156.0,0.9873417721518988,158.0,1.0128205128205128,213.0,-0.2152360361975432,0.1244327391684357,106.0,107.0,0.31508848529978517,-0.3982880676897958,0.4309050352042458,-0.2513896219963885,-0.2513896219963885,0.38,0.475,0.5,0.525,0.525,0,-33.51498,0.3183272
0.11082138200782268,0.13641589371514726,157.0,0.9631901840490796,163.0,0.9819277108433736,166.0,0.988095238095238,0.13659793814432988,1.0123456790123457,162.0,0.9938650306748468,163.0,1.0939597315436242,149.0,1.0136054421768708,261.0,-0.125824239391955,0.3400492025229159,147.0,114.0,0.41032793833420717,-0.228916166577914,0.7261341621489562,-0.3975372587938945,-0.0463570592423712,0.535,0.515,0.565,0.64,0.605,0,11.249146,24.077032
0.09778357235984354,0.24191819811808876,95.0,0.4611650485436893,206.0,1.3825503355704698,149.0,1.0492957746478873,0.1172680412371134,1.0347222222222223,144.0,0.972972972972973,148.0,1.0277777777777777,144.0,1.0285714285714285,206.0,-0.2639668756042537,0.18579377099447644,102.0,104.0,0.2924288092848449,-0.350228657124793,0.42351277011618405,-0.5517270701951524,-0.2271740956360586,0.335,0.46,0.495,0.575,0.83,0,-16.13313,3.9249141
0.16036505867014342,0.15160323380992172,182.0,1.0282485875706215,177.0,1.0350877192982455,171.0,0.9884393063583816,0.14690721649484537,0.9608938547486033,179.0,0.9322916666666666,192.0,1.037837837837838,185.0,0.9736842105263158,241.0,-0.3112016690332035,0.19820313356145436,121.0,120.0,0.24871891863365087,-0.6115351034409404,0.6231847697489806,-0.5083102093641019,-0.1822106839341787,0.39,0.48,0.505,0.525,0.675,0,3.2461267,39.220387
0.0469361147327249,0.03457052710140992,224.0,1.4451612903225806,155.0,1.631578947368421,95.0,0.4656862745098039,0.12757731958762886,1.097902097902098,143.0,0.9930555555555556,144.0,0.972972972972973,148.0,1.0068027210884354,219.0,-0.440222765191772,0.28632493189705843,110.0,109.0,0.22495773596388097,-0.4888023187347255,0.5705447045227416,-0.6482237322483904,-0.0570923937709003,0.33,0.445,0.51,0.615,0.54,0,3.9460797,19.76111
0.196870925684485,0.1400768255135618,221.0,0.9778761061946902,226.0,1.0272727272727271,220.0,1.9469026548672568,0.04768041237113402,0.753968253968254,126.0,0.5727272727272728,220.0,0.990990990990991,222.0,0.9866666666666668,142.0,-0.3316440979825155,0.4783004708819459,76.0,66.0,0.27468160682311504,-0.4884745080189915,0.725751644953534,-1.1076377599850895,0.2939697153076314,0.35,0.49,0.535,0.585,0.86,0,16.169924,21.914392
0.10560625814863103,0.14279653983068039,148.0,1.0068027210884354,147.0,1.0,147.0,1.0575539568345325,0.11984536082474227,1.0342465753424657,146.0,1.0354609929078014,141.0,1.0217391304347827,138.0,1.0,213.0,-0.3071057874484703,0.1787735544648373,108.0,105.0,0.30507925869209407,-0.3464195278197541,0.39602486829470895,-0.58,-0.2632251191600424,0.345,0.47,0.505,0.585,0.81,0,-25.765417,4.804582
0.12777053455019557,0.15035700352984038,159.0,0.9520958083832336,167.0,0.9226519337016574,181.0,1.0584795321637428,0.14948453608247422,0.9666666666666667,180.0,1.0285714285714285,175.0,0.9887005649717514,177.0,1.023121387283237,233.0,-0.1507306243671788,0.1980410030806919,112.0,121.0,0.2989890676907766,-0.4498753138851368,0.644293602425346,-0.4278230986037805,-0.0693079530151128,0.34,0.46,0.485,0.505,0.665,0,3.28564,33.922035
0.1016949152542373,0.14418787516420634,144.0,1.0140845070422535,142.0,1.0070921985815602,141.0,0.9657534246575342,0.1056701030927835,0.9523809523809523,147.0,1.013793103448276,145.0,0.9931506849315068,146.0,0.9798657718120806,196.0,-0.2970816272333505,0.19501835359389721,98.0,98.0,0.30529030534307566,-0.3880514174362953,0.41243898124579315,-0.7033494572420389,0.0739203732346765,0.36,0.47,0.5,0.575,0.53,0,-22.910784,5.8637414
0.1121251629726206,0.30307837025287265,85.0,0.33203125,256.0,1.5802469135802468,162.0,0.9938650306748468,0.13402061855670103,1.0062111801242235,161.0,1.0522875816993464,153.0,1.06993006993007,143.0,1.0,218.0,-0.2611684618622668,0.34272964282265506,105.0,113.0,0.28520864782905925,-0.2907905242709875,0.7090029980530955,-0.4753275056815259,0.1293831343131069,0.34,0.44,0.485,0.58,0.515,0,15.065961,28.83426
0.0560625814863103,0.148413893700617,107.0,0.9553571428571428,112.0,1.0275229357798166,109.0,0.990909090909091,0.06572164948453608,1.0,109.0,0.9732142857142856,112.0,0.9739130434782608,115.0,1.074766355140187,153.0,-0.0778579096411581,0.3909936537941882,77.0,76.0,0.31782388171177417,-0.3474053259199119,0.7385041735846439,-0.914856986443186,0.3248190992490437,0.31,0.46,0.505,0.555,0.8,0,20.701181,20.75523
0.10039113428943937,0.1400519879398894,146.0,0.9605263157894736,152.0,1.027027027027027,148.0,1.6629213483146068,0.11469072164948453,1.013793103448276,145.0,0.9797297297297296,148.0,1.0,148.0,1.0571428571428572,200.0,-0.1831350580569425,0.16188073211754087,98.0,102.0,0.32050281278711357,-0.3078239100996057,0.4312506280862523,-0.4218824959638155,-0.0815879604885704,0.33,0.455,0.49,0.555,0.755,0,-27.21365,8.582673
0.1590612777053455,0.15165188957776285,181.0,0.989071038251366,183.0,1.0054945054945057,182.0,1.089820359281437,0.15463917525773196,1.04093567251462,171.0,1.0363636363636364,165.0,0.9763313609467456,169.0,0.949438202247191,245.0,-0.207533451949247,0.1687900484632053,121.0,124.0,0.2660399215972747,-0.4572999338346228,0.5411710729038717,-0.4958672683766525,-0.0455878210390014,0.33,0.475,0.495,0.52,0.685,0,-12.808946,35.908104
0.1395045632333768,0.13294314861620138,183.0,0.973404255319149,188.0,1.0444444444444445,180.0,1.0588235294117647,0.15206185567010308,1.035294117647059,170.0,1.0,170.0,0.96045197740113,177.0,0.9779005524861878,255.0,-0.1470268981280642,0.19253843632318945,132.0,123.0,0.28797693531823804,-0.4734609727386888,0.6580229200189863,-0.3765698005900334,-0.0320389909480101,0.35,0.495,0.52,0.54,0.685,0,3.9488323,34.26656
0.13428943937418514,0.14162488902350057,171.0,0.9661016949152542,177.0,0.9725274725274724,182.0,0.994535519125683,0.16237113402061856,0.9945945945945946,185.0,1.0511363636363635,176.0,0.9832402234636872,179.0,0.9835164835164836,261.0,-0.2182744103787931,0.15617335986439607,133.0,128.0,0.2708299847461071,-0.458294869076296,0.5354915748994575,-0.5695303614166909,-0.16952312488614,0.34,0.485,0.51,0.53,0.665,0,-13.173767,34.36939
0.09647979139504563,0.14567930656489245,139.0,1.0145985401459854,137.0,0.9383561643835616,146.0,0.9605263157894736,0.10824742268041238,0.9861111111111112,144.0,0.979591836734694,147.0,0.9865771812080536,149.0,0.9738562091503268,197.0,-0.1472419434907871,0.1873430263992467,98.0,99.0,0.3513304544014859,-0.2362545016535702,0.46677274335112073,-0.4097920677211205,-0.1132866729168925,0.35,0.46,0.495,0.56,0.8,0,-19.651134,16.079277
0.15254237288135594,0.14724881289796343,180.0,1.0526315789473684,171.0,0.994186046511628,172.0,1.011764705882353,0.14175257731958762,1.0,168.0,0.9824561403508772,171.0,0.9095744680851064,188.0,1.0386740331491713,235.0,-0.3040778978329361,0.16929219630899547,118.0,117.0,0.23989288573936934,-0.5580315921033481,0.4723979621113055,-0.6258171100071248,-0.2262355573953535,0.345,0.48,0.5,0.525,0.69,0,-17.862259,34.172134
0.10430247718383312,0.14556001966554577,145.0,0.9797297297297296,148.0,1.0,148.0,1.0571428571428572,0.1134020618556701,1.0,146.0,1.028169014084507,142.0,1.0070921985815602,141.0,1.0291970802919708,202.0,-0.2222905064342367,0.1945361856264934,100.0,102.0,0.3294577925008442,-0.2936641674049797,0.45391089942234353,-0.4967972704254356,-0.2373220428095476,0.335,0.46,0.495,0.58,0.76,0,-21.512852,14.100318
0.09517601043024772,0.13997467661902208,142.0,1.0070921985815602,141.0,0.9724137931034482,145.0,0.9931506849315068,0.04896907216494845,0.5052631578947369,190.0,1.2666666666666666,150.0,1.0273972602739727,146.0,0.9864864864864864,163.0,-0.257767151292361,0.1925894451869825,96.0,67.0,0.28927455698434457,-0.3687659439029777,0.4133595724837402,-0.5070389597770006,-0.1288902310538544,0.39,0.545,0.59,0.68,0.95,0,-17.659899,6.867361
0.1316818774445893,0.1476831810020887,164.0,1.0186335403726707,161.0,1.038709677419355,155.0,0.9935897435897436,0.12886597938144329,1.0,158.0,0.9937106918238994,159.0,0.9464285714285714,168.0,0.9940828402366864,220.0,-0.3188241896594677,0.10028849300146782,110.0,110.0,0.27742415362472866,-0.5365967604520443,0.3944845888391001,-0.3748070422361149,-0.2799508261694057,0.34,0.48,0.505,0.525,0.85,0,-33.759483,-3.546457
0.1290743155149935,0.13249270787496803,175.0,0.9831460674157304,178.0,,174.0,1.0674846625766872,0.15206185567010308,1.0797546012269938,163.0,1.0251572327044025,159.0,0.9352941176470588,170.0,0.9941520467836256,246.0,-0.2754254682833653,0.20472180654377703,123.0,123.0,0.24848710541940291,-0.5997562765152595,0.597569732405652,-0.5671498333395801,-0.1044015800399572,0.375,0.475,0.5,0.525,0.7,0,-0.526505,40.092556
0.10430247718383312,0.13878949407012556,150.0,1.0135135135135136,148.0,1.0068027210884354,147.0,0.98,0.1211340206185567,1.0,152.0,1.0410958904109588,146.0,1.0138888888888888,144.0,1.0285714285714285,208.0,-0.1549908595185622,0.1862734087640265,102.0,106.0,0.3278809057206408,-0.1973066668246584,0.4713078936155298,-0.4141195715110908,-0.0909937723738663,0.335,0.46,0.49,0.57,0.78,0,-21.106274,15.66549
0.1408083441981747,0.1536590132779675,166.0,1.0573248407643312,157.0,0.9127906976744186,172.0,0.9662921348314608,0.14304123711340205,1.5363636363636364,110.0,0.4150943396226415,265.0,1.505681818181818,176.0,1.0,230.0,-0.1288584861457629,0.3155254455711847,112.0,118.0,0.3134740657438124,-0.1724275080911789,0.7012059765884916,-0.3361740035696465,0.4528931305230267,0.33,0.45,0.495,0.6,0.52,0,9.806294,29.548082
0.11603650586701435,0.13657441908447726,161.0,0.9640718562874252,167.0,1.0,167.0,1.030864197530864,0.13788659793814434,0.9705882352941176,170.0,1.0303030303030305,165.0,1.0855263157894737,152.0,0.987012987012987,250.0,-0.3113045226478929,0.07166255646757316,135.0,115.0,0.2774552218397316,-0.5106737338065721,0.35546569849320264,-0.3592576939661928,-0.2795403841569613,0.44,0.52,0.54,0.56,0.845,0,-33.29333,-9.42547
0.12777053455019557,0.13464266764350494,172.0,0.9772727272727272,176.0,1.0292397660818713,171.0,1.0426829268292683,0.14948453608247422,1.0609756097560976,164.0,0.9820359281437124,167.0,0.9881656804733728,169.0,0.971264367816092,241.0,-0.2303623561187899,0.20653359312104977,120.0,121.0,0.26193827128594277,-0.5677718723409039,0.6134514479528058,-0.4913329797985152,0.0280653287205334,0.32,0.475,0.5,0.525,0.725,0,0.4916256,38.374084
0.11342894393741851,0.14543275414683485,152.0,0.926829268292683,164.0,0.95906432748538,171.0,1.0178571428571428,0.12886597938144329,0.9575757575757575,165.0,0.9821428571428572,168.0,1.030674846625767,163.0,1.1164383561643836,219.0,-0.3207549682711784,0.1464404574526177,109.0,110.0,0.28633553975138853,-0.5275553721424895,0.42427970847511015,-0.4388731328582321,-0.2801987584685801,0.375,0.475,0.505,0.525,0.845,0,-31.720747,1.5220288
0.12385919165580182,0.14917718594621351,157.0,0.9874213836477987,159.0,0.99375,160.0,0.9411764705882352,0.13144329896907217,0.975609756097561,164.0,0.970414201183432,169.0,1.0,169.0,1.049689440993789,224.0,-0.4196659415188414,0.11823694348007356,112.0,112.0,0.25406000255523514,-0.632584306369472,0.3199492529106446,-0.5528977545825382,-0.4199438881310322,0.34,0.47,0.5,0.525,0.86,0,-29.13362,-11.749317
0.16166883963494133,0.22382136219484006,136.0,1.7435897435897436,78.0,0.3466666666666667,225.0,1.4331210191082802,0.10824742268041238,0.9161290322580645,155.0,0.9393939393939394,165.0,0.9821428571428572,168.0,1.070063694267516,199.0,0.161119230185925,0.2580599488384545,100.0,99.0,0.4037328129323946,0.0959270920595543,0.7230905845975293,-0.0054732228590322,0.5399812293410311,0.32,0.445,0.505,0.6,0.535,0,12.587116,26.227356
0.10951760104302477,0.14548583228742856,149.0,0.9933333333333332,150.0,0.9554140127388536,157.0,0.9691358024691358,0.13015463917525774,1.2926829268292683,123.0,0.6212121212121212,198.0,1.2857142857142858,154.0,1.811764705882353,259.0,-0.4013876603532865,0.35510697394457613,148.0,111.0,0.3747856410803406,-0.0590287683366039,0.5733712539238162,-0.6028399616237773,0.2042012268280871,0.545,0.55,0.58,0.625,0.595,0,7.297207,24.949667
0.11734028683181226,0.12967823525743552,168.0,0.9767441860465116,172.0,1.048780487804878,164.0,1.025,0.14432989690721648,1.0240963855421688,166.0,1.077922077922078,154.0,0.9746835443037974,158.0,1.0,234.0,-0.2711632992737969,0.1306976284763358,116.0,118.0,0.2951108303995701,-0.4422307926584103,0.43041391698466525,-0.322411069570224,-0.2182906488516205,0.375,0.47,0.5,0.52,0.815,0,-32.506664,0.5988388
0.14732724902216426,0.15090327980868146,173.0,1.0297619047619049,168.0,1.024390243902439,164.0,1.0186335403726707,0.12757731958762886,1.0129032258064516,155.0,0.9872611464968152,157.0,0.98125,160.0,0.975609756097561,223.0,-0.1603450151768234,0.21076416307424434,114.0,109.0,0.28199592028186954,-0.4810677446035304,0.6644762260048176,-0.332240924153712,-0.1066262137356093,0.34,0.49,0.515,0.54,0.695,0,5.501138,34.50259
0.09647979139504563,0.24950591062806382,92.0,0.416289592760181,221.0,1.3393939393939394,165.0,1.0443037974683544,0.1327319587628866,1.4375,112.0,0.4628099173553719,242.0,1.5816993464052287,153.0,0.9935064935064936,214.0,-0.3661403404424065,0.2805401288311985,102.0,112.0,0.24866647768054306,-0.3884280234744949,0.6211100602708379,-0.1213786019162532,-0.1213786019162532,0.325,0.435,0.48,0.51,0.51,0,9.95261,27.41283
0.08213820078226858,0.13976089910298733,132.0,1.0232558139534884,129.0,1.048780487804878,123.0,1.0165289256198349,0.08376288659793814,0.984,125.0,0.992063492063492,126.0,0.9618320610687024,131.0,0.9776119402985076,174.0,0.1052668765578942,0.209063792529973,88.0,86.0,0.38858594444470596,-0.089454167609472,0.49642475417741555,-0.3913301475965405,0.3557701922668025,0.34,0.47,0.51,0.535,0.72,0,-16.659864,17.128307
0.13689700130378096,0.13283427136521267,181.0,1.0402298850574712,174.0,1.0545454545454545,165.0,1.0,0.13788659793814434,1.0060975609756098,164.0,0.9820359281437124,167.0,0.9597701149425288,174.0,0.9942857142857144,240.0,-0.2063805903164187,0.1885204791896238,125.0,115.0,0.261188493061729,-0.5123810645979856,0.6109043368010549,-0.4817750826174508,-0.030367943421945,0.41,0.5,0.525,0.545,0.72,0,-0.5715345,38.388588
0.05215123859191656,0.04169283892779289,216.0,2.0970873786407767,103.0,0.8803418803418803,117.0,1.054054054054054,0.21005154639175258,1.0137614678899083,218.0,2.056603773584906,106.0,0.9298245614035088,114.0,1.0555555555555556,314.0,-0.2974715317089482,0.5581269921157842,160.0,154.0,0.24587303445660386,-0.4056921943529594,0.8255756852213224,-0.8698485503051807,-0.6335497480426744,0.095,0.11,0.14,0.195,0.17,0,24.955254,17.43337
0.05736636245110821,0.04636529839676798,214.0,0.9511111111111112,225.0,1.0227272727272727,220.0,2.1153846153846154,0.21391752577319587,1.041860465116279,215.0,2.0093457943925235,107.0,0.9907407407407408,108.0,0.9310344827586208,233.0,-0.0101040219122698,0.644234906836917,77.0,156.0,0.44949367088861386,-0.1724927922396957,0.9710323572533303,-0.4171876219408785,-0.4171876219408785,0.505,0.755,0.805,0.845,0.845,0,27.785849,17.762135
0.19556714471968709,0.3604870066300521,104.0,0.8813559322033898,118.0,1.2826086956521738,92.0,0.6917293233082706,0.20231958762886598,0.9953703703703703,216.0,1.981651376146789,109.0,0.990909090909091,110.0,1.134020618556701,301.0,-0.4795250105299897,0.5172286359772414,151.0,150.0,0.8096828199331234,-0.6820344457903296,0.6950484256061984,-0.8813090646316604,-0.2443901331649858,0.5,0.835,0.855,0.88,0.985,0,25.750109,0.62268364
0.13559322033898305,0.15524078132308658,161.0,1.018987341772152,158.0,1.0,158.0,0.9875,0.1211340206185567,0.9681528662420382,157.0,0.9874213836477987,159.0,0.9464285714285714,168.0,0.9882352941176472,219.0,-0.2844328571305394,0.08232801653656824,113.0,106.0,0.2902967836614787,-0.4794917104579815,0.36851744027152344,-0.3876162340094036,-0.2874593992723365,0.39,0.495,0.515,0.535,0.845,0,-35.87005,-7.7827845
0.09908735332464146,0.14856207329910456,139.0,1.0220588235294117,136.0,0.9444444444444444,144.0,0.9411764705882352,0.10824742268041238,1.0,142.0,0.9726027397260274,146.0,1.5051546391752575,97.0,0.4801980198019802,197.0,-0.1530682412383111,0.18314982579227398,98.0,99.0,0.33236301347755925,-0.2213266683169926,0.45372844870722934,-0.4198525949140503,-0.1677972069139982,0.335,0.46,0.5,0.565,0.735,0,-22.121033,14.873069
0.12385919165580182,0.14657677168026043,159.0,0.9754601226993864,163.0,0.9367816091954024,174.0,0.956043956043956,0.1559278350515464,0.9521276595744681,188.0,1.0444444444444445,180.0,1.0227272727272727,176.0,1.0232558139534884,246.0,-0.1275033296284594,0.16083325781631985,121.0,125.0,0.29290507560737156,-0.3695801952685079,0.5893266171102809,-0.368439597680353,0.1724106364437695,0.385,0.47,0.495,0.515,0.69,0,-6.014745,33.846607
0.13428943937418514,0.1488678212860665,165.0,1.0377358490566038,159.0,0.9814814814814816,162.0,1.0318471337579618,0.1211340206185567,0.9743589743589743,156.0,,161.0,1.0125786163522013,159.0,0.9636363636363636,220.0,-0.2189607013313511,0.08717521459503014,114.0,106.0,0.30830648482112605,-0.3888974042686002,0.39614163930765167,-0.272632660909445,-0.202371501286173,0.39,0.5,0.52,0.54,0.855,0,-35.855534,-3.0111413
0.1290743155149935,0.14523986041638454,164.0,1.0186335403726707,161.0,1.0125786163522013,159.0,1.0063291139240509,0.12371134020618557,1.013157894736842,152.0,0.987012987012987,154.0,1.0065359477124185,153.0,0.9807692307692308,212.0,-0.2708127094504889,0.08272662168185997,105.0,107.0,0.28335114152734536,-0.5052324069286445,0.35573858015362425,-0.4277882498408955,-0.2044723618090453,0.35,0.475,0.5,0.52,0.875,0,-34.641388,-8.933193
0.10821382007822686,0.13886806359484236,153.0,1.0408163265306123,147.0,1.05,140.0,1.0071942446043165,0.1134020618556701,0.9864864864864865,148.0,1.072463768115942,138.0,0.9928057553956836,139.0,1.0220588235294117,205.0,-0.213885132648414,0.1860299669407035,103.0,102.0,0.29629876536430916,-0.2912569296019408,0.44771912844149403,-0.4806494781201043,-0.2436446303366147,0.33,0.47,0.505,0.58,0.745,0,-22.743914,9.586613
0.09908735332464146,0.140033059995815,145.0,1.0507246376811594,138.0,1.0,138.0,0.9928057553956836,0.09922680412371133,0.9574468085106383,141.0,0.986013986013986,143.0,1.0,143.0,1.0141843971631206,194.0,-0.2771998920803478,0.16831005046750333,100.0,94.0,0.2986982344608344,-0.38546374213682,0.4101988675712946,-0.5178185341722428,-0.2210418608462099,0.36,0.485,0.515,0.59,0.765,0,-26.36311,4.966747
0.11082138200782268,0.13277892542929334,160.0,0.9523809523809524,168.0,1.0,168.0,1.3125,0.14175257731958762,0.9767441860465116,172.0,1.048780487804878,164.0,1.025,160.0,0.9937888198757764,226.0,-0.2640289322932232,0.09523761514267177,109.0,117.0,0.2923345939208093,-0.4821605183282824,0.3972159256694885,-0.4489504122307495,-0.204016963964945,0.37,0.465,0.485,0.51,0.84,0,-34.617085,-2.585079
0.12516297262059975,0.13683367411556907,168.0,1.0059880239520955,167.0,1.0182926829268293,164.0,0.9761904761904762,0.13917525773195877,0.9595375722543352,173.0,0.9505494505494504,182.0,1.011111111111111,180.0,0.9836065573770492,232.0,-0.3108287153402937,0.20433914669737002,116.0,116.0,0.24135366325331828,-0.6394904816989764,0.6049712821062276,-0.5963410208685962,-0.0882990596619308,0.385,0.48,0.505,0.525,0.695,0,0.28735197,40.358444
0.15514993481095177,0.14833113342260693,181.0,0.9945054945054944,182.0,0.9430051813471504,193.0,1.048913043478261,0.15721649484536082,1.0227272727272727,176.0,1.0414201183431953,169.0,0.9548022598870056,177.0,0.9315789473684212,251.0,-0.1973568414250203,0.18850534871930608,126.0,125.0,0.2656356352476347,-0.4787608944390089,0.6263622550130525,-0.475224901267691,-0.0874291549492218,0.39,0.48,0.505,0.525,0.685,0,0.16571935,35.32269
0.04432855280312908,0.021181921416954717,257.0,1.494186046511628,172.0,0.9717514124293786,177.0,1.0350877192982455,0.1404639175257732,0.9881656804733728,169.0,1.005952380952381,168.0,0.9824561403508772,171.0,1.0239520958083832,226.0,-0.2450699543899921,0.34025396345993114,110.0,116.0,0.2801510245055027,-0.2319489190453529,0.6897614125071054,-0.459794651874035,0.3845057315373826,0.305,0.445,0.49,0.595,0.515,0,5.417096,20.845573
0.10560625814863103,0.14279653983068039,148.0,1.049645390070922,141.0,1.7848101265822784,79.0,0.398989898989899,0.10824742268041238,1.0,142.0,0.993006993006993,143.0,1.0141843971631206,141.0,0.9724137931034482,200.0,-0.1844046775091271,0.18829369749951988,101.0,99.0,0.32419910036754607,-0.2804102201260539,0.46769022756931306,-0.4646066860327803,-0.1458032294778984,0.34,0.475,0.51,0.59,0.795,0,-20.954714,14.897256
0.1303780964797914,0.1358479055638223,173.0,1.0421686746987953,166.0,0.9822485207100592,169.0,0.9602272727272728,0.14690721649484537,0.9297297297297298,185.0,1.0,185.0,0.9946236559139784,186.0,1.0108695652173914,241.0,-0.3413451826666688,0.21480216837534355,121.0,120.0,0.22838424467970428,-0.657767993957768,0.6263956273737719,-0.6227434113869456,-0.3129951557648756,0.395,0.48,0.505,0.525,0.68,0,1.5351253,40.756638
0.1303780964797914,0.1489802524241291,162.0,1.0728476821192052,151.0,0.9869281045751634,153.0,1.4854368932038835,0.11855670103092783,0.9868421052631579,152.0,0.9743589743589745,156.0,0.8914285714285715,175.0,1.0416666666666667,207.0,-0.2702479902242982,0.2799178398909015,102.0,105.0,0.40140449252090493,-0.2669630328020035,0.5958342929429682,-0.4525678053671157,0.2020257732947125,0.465,0.44,0.495,0.585,0.525,0,7.329843,25.456818
0.1408083441981747,0.1329966996554105,184.0,0.968421052631579,190.0,1.0326086956521738,184.0,0.9633507853403142,0.16108247422680413,1.0,183.0,1.0517241379310345,174.0,1.0235294117647058,170.0,0.9659090909090908,257.0,-0.4031737971873407,0.16310264655908707,129.0,128.0,0.20883554012932334,-0.6996789386266917,0.4981895208081104,-0.7817592915259294,-0.2567004887021993,0.35,0.48,0.505,0.525,0.69,0,-17.24294,35.8376
0.13559322033898305,0.14883124730139544,166.0,0.9378531073446328,177.0,0.9833333333333332,180.0,1.0227272727272727,0.15206185567010308,0.9887640449438202,178.0,1.065868263473054,167.0,0.9940476190476192,168.0,0.9824561403508772,236.0,-0.1817021307039121,0.1847323120473661,113.0,123.0,0.26780345665063127,-0.4970516374321926,0.5857616344168398,-0.5725099806800279,-0.049818881049893,0.365,0.455,0.48,0.5,0.67,0,-5.2682443,37.094643
0.11994784876140809,0.12983256825241482,170.0,0.9941520467836256,171.0,1.0,171.0,0.9827586206896552,0.15077319587628865,0.9668508287292817,181.0,1.0168539325842696,178.0,1.0171428571428571,175.0,1.0542168674698795,244.0,-0.31977038203458,0.19452208429766787,122.0,122.0,0.23470565526628465,-0.5923121084335737,0.5627786497191337,-0.604013058165373,-0.2452090385800076,0.385,0.48,0.505,0.525,0.685,0,-9.311866,39.665577
0.11734028683181226,0.13781884323371793,161.0,0.9817073170731708,164.0,0.9820359281437124,167.0,1.8764044943820224,0.1327319587628866,1.018987341772152,158.0,1.490566037735849,106.0,0.5,212.0,1.422818791946309,219.0,-0.1317734172063555,0.3141075711949274,107.0,112.0,0.33136706419148937,-0.1294252841058317,0.7215173131286069,-0.3451887974448907,0.4004150331618094,0.33,0.445,0.495,0.6,0.52,0,10.423317,29.670357
0.11603650586701435,0.14152041060757375,157.0,0.9345238095238096,168.0,0.96,175.0,0.9776536312849162,0.14432989690721648,1.0429447852760736,163.0,1.5980392156862746,102.0,0.4473684210526316,228.0,1.5944055944055944,290.0,-0.434297978421283,0.2833851710742739,172.0,118.0,0.21514214671470092,-0.4862157513365608,0.6358693921162746,-0.671772927348765,-0.3284816071322203,0.47,0.56,0.595,0.67,0.635,0,6.490641,30.388132
0.19556714471968709,0.3271915659801051,113.0,0.982608695652174,115.0,1.0176991150442478,113.0,1.036697247706422,0.06701030927835051,1.0,110.0,0.4824561403508772,228.0,1.0410958904109588,219.0,2.046728971962617,231.0,-0.2077383757136236,0.635966195143654,154.0,77.0,0.7253596356289118,-0.508629939215286,0.8804608352642043,-0.9004476757225874,-0.9004476757225874,0.145,0.115,0.17,0.205,0.205,0,27.246403,-1.3155317
0.14993481095176012,0.14502267636432192,180.0,1.0778443113772456,167.0,0.9823529411764704,170.0,0.9941520467836256,0.13530927835051546,,177.0,1.0,177.0,0.988826815642458,179.0,0.9835164835164836,230.0,-0.1200129992067765,0.1815994449479838,116.0,114.0,0.2991472685998646,-0.3960285807101301,0.6418798804979775,-0.3733396089346464,-0.032655311276693,0.39,0.485,0.51,0.53,0.685,0,2.1824503,33.449642
0.15384615384615385,0.14609905007289586,182.0,1.0055248618784531,181.0,1.0225988700564972,177.0,0.9567567567567568,0.1559278350515464,0.9521276595744681,188.0,0.9842931937172776,191.0,1.0437158469945356,183.0,1.011049723756906,253.0,-0.3095983058199179,0.1499602754877802,128.0,125.0,0.23776723903500727,-0.5107929087333148,0.4951868894493769,-0.6903009881328146,-0.2261280737060741,0.41,0.485,0.505,0.525,0.67,0,-17.068008,34.81227
0.1408083441981747,0.15887419257364718,162.0,1.0657894736842106,152.0,1.4205607476635511,107.0,0.4692982456140351,0.12628865979381443,0.9397590361445783,166.0,0.9378531073446328,177.0,0.99438202247191,178.0,1.0171428571428571,290.0,-0.1940828361552926,0.2640357815346085,181.0,109.0,0.28953873457201057,-0.2327914705690022,0.691093408202744,-0.4084852428968817,0.4977950842076141,0.505,0.57,0.625,0.695,0.64,0,7.9586744,31.195438
0.09517601043024772,0.14137560161771764,141.0,0.9791666666666666,144.0,0.9664429530201344,149.0,0.9738562091503268,0.11211340206185567,1.7261904761904763,84.0,0.3943661971830985,213.0,1.4589041095890412,146.0,1.0,199.0,-0.2105775383531877,0.1904709056432174,98.0,101.0,0.3106750391048419,-0.3137352629738565,0.4427778416083934,-0.4812874139020695,-0.1723020159074273,0.33,0.455,0.49,0.57,0.795,0,-22.642666,10.716786
0.07692307692307693,0.14602802834725684,124.0,0.953846153846154,130.0,0.9558823529411764,136.0,1.0708661417322836,0.10438144329896908,0.972027972027972,143.0,1.0592592592592591,135.0,1.0227272727272727,132.0,1.0076335877862594,187.0,-0.0833804490800736,0.22381856861053076,90.0,97.0,0.304407935633312,-0.3031180781990992,0.4678703389873549,-0.498121379845671,0.3931754164624508,0.315,0.43,0.49,0.515,0.735,0,-18.58115,11.44096
0.1421121251629726,0.133049671764466,185.0,0.9893048128342246,187.0,0.9894179894179894,189.0,1.0862068965517242,0.14304123711340205,1.0368098159509203,163.0,1.01875,160.0,0.9523809523809524,168.0,0.9882352941176472,235.0,-0.2199699458367749,0.17360398789198667,117.0,118.0,0.2648723380200608,-0.4477704054825558,0.53510984207093,-0.5357554957153045,-0.1291600453623331,0.385,0.475,0.5,0.525,0.695,0,-12.694464,35.210514
0.11994784876140809,0.13668823836642,164.0,0.9647058823529412,170.0,1.0240963855421688,166.0,1.070967741935484,0.13144329896907217,0.9815950920245399,163.0,1.044871794871795,156.0,1.04,150.0,1.0067114093959733,225.0,-0.1925616163487131,0.08952969330174461,113.0,112.0,0.3190266996188643,-0.401524105834153,0.38775923833770504,-0.3301372553630556,-0.1527395619485501,0.39,0.485,0.51,0.525,0.835,0,-36.63714,-4.1816263
0.11342894393741851,0.14677704886434415,151.0,0.9556962025316456,158.0,0.9693251533742332,163.0,1.0,0.11597938144329897,0.961038961038961,154.0,0.9808917197452228,157.0,0.9751552795031057,161.0,1.0,206.0,-0.3159636108096718,0.07227548148350625,103.0,103.0,0.2767189067331074,-0.5820090794880626,0.31350239999794766,-0.4847319679508253,-0.2908527884958437,0.375,0.48,0.5,0.52,0.845,0,-32.120937,-14.305209
0.05867014341590613,0.146439308703912,110.0,1.0091743119266054,109.0,0.9646017699115044,113.0,0.5113122171945701,0.20618556701030927,0.9864253393665159,221.0,0.9778761061946902,226.0,1.0272727272727271,220.0,1.9469026548672568,232.0,-0.1293530593593982,0.5694598705138667,80.0,152.0,0.4169464231260279,-0.313057335382234,0.893761914067643,-0.4799200382282602,-0.2547945679613487,0.525,0.775,0.81,0.845,0.975,0,27.601583,17.415863
0.13559322033898305,0.1404803284083944,173.0,1.035928143712575,167.0,0.9542857142857144,175.0,0.9562841530054644,0.14432989690721648,0.9497206703910615,179.0,0.9675675675675676,185.0,1.0571428571428572,175.0,1.0416666666666667,235.0,-0.2767475611826155,0.1929838086163076,117.0,118.0,0.24625662395810727,-0.5799960902334146,0.6087372417620021,-0.5448954125915868,-0.2696892763481727,0.39,0.48,0.5,0.52,0.88,0,-0.6807498,39.35794
0.1121251629726206,0.14956519820999592,148.0,1.034965034965035,143.0,1.0070422535211268,142.0,0.9861111111111112,0.11984536082474227,1.0633802816901408,142.0,1.0215827338129495,139.0,0.9858156028368794,141.0,0.9657534246575342,211.0,-0.2655670792579621,0.19487934313327715,106.0,105.0,0.29926466481916064,-0.3420258576929351,0.43017055121248554,-0.5463312200847907,-0.2463027818151492,0.34,0.47,0.5,0.57,0.805,0,-23.068668,7.519618
0.14732724902216426,0.1497052394178438,174.0,1.0419161676646709,167.0,0.9597701149425288,174.0,0.935483870967742,0.1095360824742268,0.959731543624161,149.0,0.9933333333333332,150.0,0.9933774834437086,151.0,1.0342465753424657,200.0,0.5729935154289457,0.2343288329870926,100.0,100.0,0.5775614803755102,0.1790032012320793,0.8517956773382588,0.3771940345232886,0.7481840486724538,0.265,0.475,0.505,0.53,0.755,0,11.853236,21.727512
0.09908735332464146,0.14279653983068039,143.0,1.349056603773585,106.0,0.5247524752475248,202.0,1.2469135802469136,0.13402061855670103,0.9700598802395209,167.0,1.0,167.0,1.030864197530864,162.0,1.0728476821192052,220.0,-0.2770187701946164,0.27176239899613475,107.0,113.0,0.27058286001232046,-0.3462058870268196,0.6078040317468155,0.0180656844072424,0.0180656844072424,0.3,0.43,0.495,0.525,0.525,0,5.8184013,29.051277
0.12255541069100391,0.14921808752387722,156.0,1.0263157894736843,152.0,0.9559748427672956,159.0,2.064935064935065,0.045103092783505154,0.3875,240.0,1.4545454545454546,165.0,0.8967391304347826,184.0,1.0514285714285714,173.0,-0.1370844681368774,0.3696880049135034,108.0,65.0,0.4622456371304019,-0.1468771336736296,0.7615328828996766,-0.3731699577360733,0.4007411681446721,0.595,0.57,0.63,0.76,0.665,0,22.171867,25.204405
0.12516297262059975,0.1415748795378283,164.0,1.0061349693251531,163.0,1.0124223602484472,161.0,1.0,0.13659793814432988,1.0445859872611465,157.0,0.9936708860759492,158.0,1.0063694267515924,157.0,0.9936708860759492,230.0,-0.3381210534312684,0.07518520587301931,116.0,114.0,0.2728270238385364,-0.5405598460234018,0.2975667223310853,-0.4354333088370333,-0.324881696268004,0.38,0.485,0.505,0.53,0.85,0,-30.763344,-15.020878
0.1421121251629726,0.1574564633449053,164.0,2.075949367088608,79.0,0.3347457627118644,236.0,1.4303030303030304,0.1211340206185567,1.027027027027027,148.0,0.9135802469135802,162.0,0.9878048780487804,164.0,1.8426966292134832,213.0,-0.1425687614154793,0.3538430847749632,107.0,106.0,0.3283282424156277,-0.163726191583297,0.7796779789910581,-0.3792815109579022,0.4171721594691635,0.345,0.445,0.505,0.615,0.53,0,11.558477,30.170685
0.11603650586701435,0.12848566211441323,168.0,0.9710982658959536,173.0,1.054878048780488,164.0,1.0580645161290323,0.13917525773195877,0.9880952380952381,168.0,1.105263157894737,152.0,1.0555555555555556,144.0,0.9171974522292994,230.0,-0.2123683993165499,0.35515015557418617,114.0,116.0,0.4301370523026097,-0.234188997608585,0.7466266403045276,-0.53565332651732,-0.232345274784236,0.465,0.45,0.5,0.64,0.825,0,11.536977,23.719461
0.1408083441981747,0.14394798976187428,174.0,1.0357142857142858,168.0,0.9882352941176472,170.0,1.0493827160493827,0.1327319587628866,0.9817073170731707,164.0,1.0061349693251531,163.0,0.9939024390243902,164.0,0.9479768786127168,226.0,-0.23043859340765,0.19496660771519408,114.0,112.0,0.25832189024451063,-0.5363325306682838,0.5892529558256718,-0.4344912562454548,-0.0293261387255035,0.39,0.485,0.51,0.53,0.695,0,-4.8387923,39.361015
0.1408083441981747,0.14868925418443743,170.0,0.96045197740113,177.0,0.9267015706806284,191.0,1.0552486187845305,0.16881443298969073,1.0441988950276244,181.0,1.0903614457831323,166.0,0.9822485207100592,169.0,0.9941176470588236,255.0,-0.2788664778128456,0.19549330791357986,123.0,132.0,0.26170536254573284,-0.5736277952176305,0.5810499490653416,-0.4909417827630429,-0.2611040701041122,0.345,0.46,0.485,0.505,0.65,0,-6.3766527,37.393673
0.0560625814863103,0.13747745253790855,113.0,1.076190476190476,105.0,0.963302752293578,109.0,0.956140350877193,0.06958762886597938,1.018181818181818,110.0,1.0,110.0,0.9734513274336284,113.0,0.982608695652174,154.0,-0.6187233522647874,0.3965825514175113,76.0,78.0,0.1544961466418866,-0.965705386332662,0.5765773970852479,-1.4411762884639925,-0.0666752119496642,0.335,0.44,0.495,0.54,0.805,0,17.903362,14.939152
0.1121251629726206,0.12600053963673813,167.0,0.9653179190751444,173.0,1.0484848484848486,165.0,0.9593023255813954,0.04252577319587629,0.33455882352941174,272.0,1.6484848484848484,165.0,1.0784313725490196,153.0,0.9444444444444444,186.0,-0.22099036378089,0.3539556867999814,123.0,63.0,0.2820457074915699,-0.2936480675931185,0.6582247811526564,-0.4505475520973742,0.2400989575876115,0.42,0.605,0.665,0.79,0.7,0,16.39287,19.543774
0.14602346805736635,0.13219588967048249,189.0,0.9742268041237112,194.0,1.0374331550802138,187.0,1.0625,0.14432989690721648,1.0,170.0,0.96045197740113,177.0,1.0,177.0,0.9516129032258064,243.0,-0.1521093092135371,0.16963308002418942,125.0,118.0,0.2999837401054452,-0.413784942153672,0.5688065411010823,-0.4791203981743299,-0.0279438154621352,0.385,0.495,0.52,0.54,0.695,0,-8.588273,33.80494
0.05736636245110821,0.13925048163549913,113.0,1.0560747663551402,107.0,0.9907407407407408,108.0,0.9908256880733946,0.06314432989690721,0.9304347826086956,115.0,1.055045871559633,109.0,0.990909090909091,110.0,0.9821428571428572,151.0,-0.1665954956844188,0.4011305579509027,77.0,74.0,0.3422964378282644,-0.4542818916228828,0.7253837497312418,-0.9580516662505631,0.3064996576240256,0.34,0.47,0.51,0.56,0.84,0,20.498526,21.502598
0.1408083441981747,0.14279653983068039,175.0,0.9358288770053476,187.0,0.9894179894179894,189.0,1.0617977528089888,0.14432989690721648,1.0,170.0,1.0240963855421688,166.0,0.988095238095238,168.0,0.9333333333333332,232.0,-0.2257145694277341,0.18577202095886725,114.0,118.0,0.27617617884162327,-0.5461600668187958,0.5344111247218108,-0.5986686337297906,0.08759193699396,0.34,0.465,0.49,0.515,0.725,0,-12.125452,35.062557
0.15645371577574968,0.15531855783241416,176.0,0.9723756906077348,181.0,1.0402298850574712,174.0,0.9720670391061452,0.15335051546391754,0.9516129032258065,186.0,1.0333333333333334,180.0,1.0,180.0,1.0909090909090908,246.0,-0.2594162291740596,0.14832387851472348,123.0,123.0,0.2559775397957729,-0.43107739551382,0.48049383084235314,-0.5304820854410698,-0.2131382153838463,0.355,0.485,0.505,0.525,0.66,0,-17.38339,34.11794
0.07822685788787484,0.13233037553072383,134.0,0.91156462585034,147.0,1.027972027972028,143.0,0.9794520547945206,0.1172680412371134,1.568421052631579,95.0,0.3991596638655462,238.0,1.5256410256410255,156.0,0.9176470588235294,205.0,-0.0686999715041024,0.33695978415456584,101.0,104.0,0.34230312941713015,-0.1116087121223546,0.7853358667953125,-0.3305378477496358,0.4211692922577792,0.34,0.45,0.5,0.6,0.525,0,11.849135,30.449604
0.1316818774445893,0.1528141542320674,160.0,1.0062893081761006,159.0,1.0258064516129033,155.0,0.96875,0.1327319587628866,0.9938271604938271,162.0,1.0,162.0,0.9642857142857144,168.0,1.0059880239520955,225.0,-0.2539716432477397,0.09214339009603285,113.0,112.0,0.30162911581919916,-0.4806954829883936,0.38462372940068074,-0.3812771833997721,-0.180172712940614,0.38,0.48,0.505,0.52,0.83,0,-35.499496,-4.175491
0.1121251629726206,0.15385045917014192,145.0,1.0661764705882353,136.0,1.0303030303030305,132.0,1.015384615384615,0.0979381443298969,0.9852941176470589,136.0,1.0149253731343284,134.0,1.072,125.0,0.9398496240601504,188.0,-0.1635742680854701,0.2081593275634086,95.0,93.0,0.3178896045179661,-0.3554437948332578,0.4521091353195766,-0.5790885280755877,0.2479202739341254,0.34,0.46,0.51,0.535,0.745,0,-19.802158,12.375516
0.13298565840938723,0.15145373746150867,162.0,0.9418604651162792,172.0,0.9885057471264368,174.0,1.0,0.163659793814433,1.0164835164835164,182.0,0.994535519125683,183.0,1.0517241379310345,174.0,1.0,250.0,-0.2034590344522235,0.18994152282940902,121.0,129.0,0.27864464447147175,-0.4731996109188513,0.6072431122962211,-0.3869233938966074,-0.1193022250190981,0.34,0.465,0.485,0.51,0.66,0,-1.5782052,35.735928
0.11864406779661017,0.24108256791976052,106.0,0.5,212.0,1.422818791946309,149.0,1.0205479452054795,0.13144329896907217,1.032258064516129,155.0,1.9135802469135803,81.0,0.8350515463917526,97.0,0.377431906614786,224.0,-0.1891690321952394,0.32755566650227297,112.0,112.0,0.38876951923704955,-0.1836862516112103,0.711553374298217,-0.4508805901897727,0.3454037957867978,0.465,0.455,0.505,0.62,0.535,0,12.855671,25.62108
0.10299869621903521,0.13238862876430424,154.0,1.0,154.0,0.9685534591194968,159.0,0.9695121951219512,0.1481958762886598,1.0421686746987953,166.0,0.9651162790697676,172.0,1.849462365591397,93.0,0.3924050632911392,238.0,-0.2131795077642535,0.3193111263607576,117.0,121.0,0.28309452938296864,-0.219512952969482,0.7085018058980932,-0.4093903579724622,0.3279760694281952,0.325,0.45,0.495,0.585,0.52,0,9.311154,30.065962
0.05345501955671447,0.1306011831681223,115.0,0.5275229357798165,218.0,0.986425339366516,221.0,0.9778761061946902,0.07087628865979381,1.036697247706422,109.0,1.1473684210526316,95.0,0.753968253968254,126.0,0.5727272727272728,158.0,-0.3711688127367065,0.42410538974249856,79.0,79.0,0.25859391698443607,-0.5491743291004134,0.6670249933825105,-1.2966606829460467,0.2842441392727053,0.305,0.465,0.505,0.545,0.84,0,19.086374,17.663855
0.121251629726206,0.15196298438096917,153.0,0.9622641509433962,159.0,0.940828402366864,169.0,1.0180722891566265,0.12886597938144329,0.9875,160.0,0.975609756097561,164.0,1.0580645161290323,155.0,1.0472972972972974,222.0,-0.3207176707342076,0.09385234539826937,112.0,110.0,0.2877850456076282,-0.5360293851802086,0.3653027194599872,-0.4319449662805073,-0.2860421443794171,0.365,0.48,0.505,0.525,0.81,0,-34.73036,-7.0304046
0.09517601043024772,0.13588784024351694,145.0,0.9666666666666668,150.0,0.9202453987730062,163.0,1.0061728395061729,0.12886597938144329,0.9404761904761905,168.0,0.9767441860465116,172.0,1.017751479289941,169.0,1.0696202531645569,217.0,-0.1998526479423891,0.33304166538080887,107.0,110.0,0.42050604795434854,-0.2215051359016904,0.7273063526404124,-0.4046778399085028,0.3967990917865845,0.465,0.445,0.495,0.585,0.525,0,11.238078,23.945566
0.15123859191655803,0.14063056914929942,185.0,1.0451977401129944,177.0,1.0290697674418603,172.0,1.0238095238095235,0.14432989690721648,1.0119047619047619,168.0,0.9655172413793104,174.0,1.0235294117647058,170.0,0.9714285714285714,240.0,-0.2622359260088761,0.1701434824302025,122.0,118.0,0.25338476108153934,-0.4905602108930238,0.5626417332576084,-0.5751348580990768,-0.1184092671490077,0.405,0.49,0.51,0.53,0.69,0,-10.926968,36.885582
0.10299869621903521,0.13488789688221695,152.0,1.027027027027027,148.0,1.6629213483146068,89.0,0.4472361809045226,0.11211340206185567,0.9797297297297297,148.0,1.0,148.0,1.0571428571428572,140.0,1.037037037037037,203.0,-0.1692790802996296,0.1827395363322806,102.0,101.0,0.34660284589237517,-0.2558324785475755,0.44572859877958515,-0.4620602706841837,-0.2134442963980187,0.34,0.465,0.5,0.585,0.86,0,-23.55402,15.10659
0.14602346805736635,0.13629862778653748,185.0,1.0571428571428572,175.0,1.0606060606060606,165.0,0.9649122807017544,0.13659793814432988,0.9820359281437125,167.0,0.9823529411764704,170.0,0.9497206703910616,179.0,1.0170454545454546,231.0,-0.1989154858222891,0.19519504668996895,117.0,114.0,0.2795328152552361,-0.5144511112959228,0.6249041221766057,-0.3592180497007386,-0.1935949675768111,0.355,0.485,0.51,0.535,0.68,0,1.4185224,34.506054
0.11864406779661017,0.1354665780735679,164.0,0.9879518072289156,166.0,1.0246913580246917,162.0,0.9818181818181818,0.13530927835051546,1.01875,160.0,1.019108280254777,157.0,1.0,157.0,0.9751552795031057,230.0,-0.3036142054313934,0.09228522671777963,116.0,114.0,0.28427359323439855,-0.5291881751203092,0.3746179120702249,-0.4035782681357054,-0.2761323196763312,0.375,0.48,0.505,0.525,0.86,0,-33.883503,-6.023354
0.10691003911342895,0.13258750604582736,157.0,0.9691358024691358,162.0,0.9700598802395208,167.0,1.04375,0.13917525773195877,1.006060606060606,165.0,1.875,88.0,1.0731707317073171,82.0,0.3241106719367589,277.0,0.0487308941637372,0.4171459858049472,161.0,116.0,0.33222163827230977,-0.0559392873242204,0.697065323491086,-0.3460650355577138,0.527755082030573,0.435,0.525,0.585,0.67,0.61,0,17.548725,22.107613
0.05345501955671447,0.1339313943427273,113.0,1.0462962962962965,108.0,0.9391304347826088,115.0,1.0648148148148149,0.07731958762886598,1.063063063063063,111.0,1.018348623853211,109.0,0.981981981981982,111.0,0.9736842105263158,159.0,-0.0110629849492922,0.3870075193624566,77.0,82.0,0.3735657306445225,-0.2608508949120988,0.7468643855953131,-0.8581329625387971,0.4027424402793881,0.33,0.445,0.49,0.535,0.79,0,21.169977,22.734886
0.12777053455019557,0.1599319328856845,152.0,0.987012987012987,154.0,1.0,154.0,0.9390243902439024,0.12371134020618557,0.9625,160.0,0.9696969696969696,165.0,0.9763313609467456,169.0,1.005952380952381,216.0,-0.34585146994118,0.08522364261359218,109.0,107.0,0.2732942845457784,-0.5599572023599133,0.33592677967585144,-0.4219085190175914,-0.3216097405648699,0.38,0.485,0.51,0.53,0.825,0,-33.002903,-12.274253
0.13559322033898305,0.14637425925974715,168.0,0.9940828402366864,169.0,1.0368098159509205,163.0,1.01875,0.15077319587628865,1.0294117647058822,170.0,0.96045197740113,177.0,0.9567567567567568,185.0,1.0054347826086956,252.0,-0.1714145902581794,0.17670869796657265,130.0,122.0,0.28193725578765694,-0.3706929466343293,0.5805085614200334,-0.4978026659177251,-0.0573289152346479,0.36,0.495,0.515,0.54,0.7,0,-6.3884916,35.11457
0.11864406779661017,0.13665076412430802,163.0,0.9939024390243902,164.0,0.9761904761904762,168.0,1.030674846625767,0.14561855670103094,1.0239520958083832,167.0,1.0121212121212122,165.0,1.064516129032258,155.0,0.9748427672955976,235.0,-0.3617335688120928,0.08496990584605499,116.0,119.0,0.2524791499259543,-0.5814608994449737,0.3340542826342334,-0.4800109349858357,-0.2890264743971525,0.37,0.47,0.495,0.515,0.865,0,-30.176418,-12.201051
0.05867014341590613,0.1392815874091411,114.0,1.0363636363636364,110.0,0.9734513274336284,113.0,1.076190476190476,0.07345360824742268,1.055045871559633,109.0,0.9732142857142856,112.0,1.018181818181818,110.0,1.0,159.0,-0.6221561070110309,0.4058950452779997,79.0,80.0,0.14829027415727458,-0.9469006660200322,0.5704794749523059,-1.583889124125579,-0.1785139365895519,0.31,0.46,0.5,0.54,0.83,0,17.887903,14.834816
0.09256844850065189,0.1487772051449413,134.0,0.978102189781022,137.0,0.9716312056737588,141.0,1.0601503759398496,0.11469072164948453,1.0425531914893618,141.0,1.014388489208633,139.0,1.0072463768115942,138.0,1.0298507462686568,197.0,-0.0339512302956161,0.17351465730196167,95.0,102.0,0.37516250933929474,-0.1704904936105331,0.5653695162946765,-0.1828320101019066,0.2045725036945152,0.335,0.445,0.485,0.51,0.69,0,-16.553917,19.298458
0.11734028683181226,0.15355370965767312,149.0,1.6195652173913044,92.0,0.46,200.0,1.30718954248366,0.1095360824742268,0.9794520547945206,146.0,1.0138888888888888,144.0,0.9411764705882352,153.0,1.0,236.0,-0.3162564301561801,0.2709563756730466,136.0,100.0,0.36731029785576713,-0.3492259250342081,0.606285022121157,-0.5345520932057526,-0.2053565696730728,0.55,0.525,0.58,0.67,0.625,0,7.056298,26.047281
0.1590612777053455,0.1449393450502284,187.0,1.0625,176.0,0.9832402234636872,179.0,0.9781420765027322,0.14561855670103094,1.0118343195266273,169.0,0.949438202247191,178.0,1.0,178.0,1.0289017341040465,239.0,-0.0883405096067043,0.13765068908577396,120.0,119.0,0.3131958548519581,-0.2406819779769494,0.5339933691733102,-0.532915100897145,-0.0423629518749112,0.36,0.485,0.505,0.525,0.68,0,-11.385252,32.92163
0.05867014341590613,0.146439308703912,110.0,0.9821428571428572,112.0,1.0275229357798166,109.0,1.0,0.06829896907216494,1.1326530612244898,98.0,0.7903225806451613,124.0,1.0973451327433628,113.0,0.9912280701754386,150.0,0.1262300837511895,0.4160011570983054,73.0,77.0,0.3994008858523112,-0.1858057934524159,0.8091428003896576,-0.582493704069601,0.5936015470069969,0.3,0.455,0.495,0.54,0.825,0,23.195946,23.315966
0.11082138200782268,0.13641589371514726,157.0,1.0328947368421053,152.0,1.0201342281879195,149.0,1.0205479452054795,0.12242268041237113,1.0,153.0,1.0551724137931036,145.0,1.0431654676258992,139.0,0.972027972027972,214.0,-0.2415618349803411,0.18641924940090332,107.0,107.0,0.3027008895416454,-0.3391082511288851,0.44268136871839514,-0.5150455969293731,-0.2309378973508687,0.345,0.465,0.5,0.58,0.815,0,-23.08956,9.6437
0.1408083441981747,0.14748314305939944,171.0,1.0,171.0,0.9715909090909092,176.0,0.9777777777777776,0.1559278350515464,0.9728260869565217,184.0,0.9735449735449736,189.0,1.05,180.0,1.0650887573964498,246.0,-0.3631449441884129,0.1854090657617815,121.0,125.0,0.23507944124536503,-0.6661296110473132,0.558800696593312,-0.5787682654646147,-0.1520967519017264,0.355,0.47,0.495,0.515,0.685,0,-9.940282,39.770912
0.09778357235984354,0.1346741497755017,148.0,1.0068027210884354,147.0,1.0208333333333333,144.0,0.9863013698630136,0.11082474226804123,0.9473684210526315,152.0,1.8313253012048192,83.0,0.4068627450980392,204.0,1.457142857142857,198.0,-0.2215192648221543,0.19217122117371815,98.0,100.0,0.3204553431884141,-0.3036726129352128,0.4454568166536056,-0.5079446582001645,-0.2326989908264358,0.335,0.46,0.495,0.575,0.745,0,-22.631016,12.072272
0.09778357235984354,0.13598183615626747,147.0,0.98,150.0,1.0135135135135136,148.0,0.961038961038961,0.1134020618556701,0.948051948051948,154.0,1.0335570469798658,149.0,1.041958041958042,143.0,0.986206896551724,200.0,-0.1551275504623286,0.19561153713034246,98.0,102.0,0.33490194532364803,-0.2117944067058489,0.47978928322453884,-0.3395293829318588,-0.0763221834837571,0.33,0.455,0.49,0.555,0.785,0,-20.230347,16.183302
0.13689700130378096,0.13936192917877627,175.0,0.9887005649717514,177.0,0.988826815642458,179.0,0.9421052631578948,0.15850515463917525,0.9576719576719577,189.0,1.0271739130434785,184.0,1.0823529411764703,170.0,1.0240963855421688,248.0,-0.281380377254959,0.20757511840832654,122.0,126.0,0.2447812401833682,-0.5812518401295517,0.6101658069518503,-0.4945912172992282,-0.168525753206827,0.38,0.47,0.49,0.515,0.675,0,-0.120519415,39.554955
0.0938722294654498,0.14136545205905365,140.0,0.9929078014184396,141.0,0.9591836734693876,147.0,0.9865771812080536,0.10824742268041238,0.993006993006993,143.0,0.9533333333333334,150.0,0.9803921568627452,153.0,1.047945205479452,193.0,-0.1962949984883314,0.18156645538898564,94.0,99.0,0.32764434141837734,-0.2621260543378799,0.4398316836086829,-0.4614158263033925,-0.183708671948847,0.33,0.45,0.49,0.57,0.745,0,-24.156698,12.746311
0.11603650586701435,0.13537608471854182,162.0,0.9529411764705882,170.0,1.0303030303030305,165.0,1.0377358490566038,0.14304123711340205,1.0432098765432098,162.0,1.0253164556962024,158.0,1.025974025974026,154.0,1.0,232.0,-0.3883898779779727,0.08682899933673592,114.0,118.0,0.24470112095487076,-0.6446225517817483,0.32448083938091454,-0.5354894965479333,-0.3097871409240827,0.37,0.47,0.495,0.515,0.8,0,-29.673779,-12.783433
0.11994784876140809,0.13206338154348,168.0,0.9882352941176472,170.0,1.0179640718562877,167.0,1.050314465408805,0.14175257731958762,1.05,160.0,1.032258064516129,155.0,0.981012658227848,158.0,1.0,233.0,-0.2746547245648593,0.18656651284227674,116.0,117.0,0.2520094604258583,-0.5873452929441857,0.5531031996298631,-0.6005182289963955,-0.2263519345635714,0.335,0.475,0.505,0.525,0.7,0,-9.644456,38.504982
0.13559322033898305,0.1475953970289496,167.0,0.9488636363636364,176.0,0.9943502824858758,177.0,0.988826815642458,0.1481958762886598,0.9558011049723757,181.0,1.046242774566474,173.0,1.0613496932515338,163.0,0.9588235294117649,233.0,-0.2515790889687623,0.18816530319501745,112.0,121.0,0.26552341364289106,-0.5107704000973637,0.5867684488688624,-0.604323751272622,0.0801803961660237,0.335,0.46,0.485,0.505,0.715,0,-5.0695286,37.61258
0.20208604954367665,0.14836188116478424,216.0,0.9953917050691244,217.0,1.9727272727272729,110.0,0.9734513274336284,0.06958762886597938,1.0666666666666667,105.0,0.4772727272727273,220.0,1.0,220.0,1.0232558139534884,242.0,-0.197094807169624,0.4695561488792385,164.0,78.0,0.21617876233987215,-0.4357272210277063,0.8188390599110479,-0.6859182567490066,-0.3035395737594763,0.175,0.2,0.225,0.26,0.38,0,16.175669,22.08886
0.061277705345501955,0.15198701175855842,109.0,0.9478260869565216,115.0,1.036036036036036,111.0,1.018348623853211,0.06958762886597938,1.0467289719626167,107.0,0.963963963963964,111.0,1.0,111.0,0.9910714285714286,156.0,-0.0618895482059147,0.4333742723084457,78.0,78.0,0.35309894113494056,-0.2266857713496664,0.7821422277388516,-0.904154830092536,0.4459464514936246,0.31,0.465,0.505,0.545,0.78,0,22.661684,21.933027
0.10821382007822686,0.18095888040739283,126.0,0.6810810810810811,185.0,1.0755813953488371,172.0,1.029940119760479,0.030927835051546393,0.3416666666666667,240.0,1.437125748502994,167.0,1.0986842105263157,152.0,1.062937062937063,165.0,-0.1809898054425501,0.344253944317417,108.0,57.0,0.305004564282814,-0.2331480407289631,0.6333188179514678,-0.4412325935528022,0.2669350172246868,0.425,0.585,0.665,0.81,0.705,0,15.837621,19.65965
0.09778357235984354,0.14421747804364304,141.0,0.986013986013986,143.0,0.9727891156462584,147.0,0.9545454545454546,0.11211340206185567,0.9797297297297297,148.0,1.0,148.0,1.0136986301369864,146.0,0.9864864864864864,198.0,-0.3384026279246241,0.2085084768470064,97.0,101.0,0.27789402842136135,-0.4159864064960311,0.4396077942576042,-0.6320636952078434,-0.3268223252919432,0.325,0.455,0.495,0.57,0.745,0,-21.812777,6.249009
0.0847457627118644,0.18731927050351158,108.0,0.9908256880733946,109.0,1.0,109.0,0.9732142857142856,0.06443298969072164,0.9642857142857143,112.0,1.0566037735849056,106.0,0.4711111111111111,225.0,2.2058823529411766,150.0,-0.1324038929726155,0.40272137336165914,75.0,75.0,0.3280239259463079,-0.4395217565507514,0.7142375030495756,-1.0194692180359337,0.3204155021928141,0.325,0.465,0.505,0.55,0.81,0,19.74952,20.91945
0.08604954367666232,0.13982835778582497,135.0,0.9642857142857144,140.0,0.9929078014184396,141.0,1.036764705882353,0.1056701030927835,0.9655172413793104,145.0,0.9797297297297296,148.0,1.0136986301369864,146.0,1.0735294117647058,198.0,-0.1656435304508154,0.2010142649007284,100.0,98.0,0.32884096602906604,-0.3437457197454988,0.42265386285702095,-0.5854510587083567,0.2409012484498101,0.365,0.47,0.51,0.535,0.745,0,-19.89339,8.459451
0.11603650586701435,0.14279653983068039,156.0,0.9936305732484076,157.0,0.98125,160.0,1.0,0.06443298969072164,0.5684210526315789,190.0,1.1176470588235294,170.0,1.0240963855421688,166.0,1.0,186.0,-0.2475402338948693,0.11356445459489618,111.0,75.0,0.29833620433813873,-0.5284701763287819,0.4081108554663878,-0.3678666128339051,-0.1369953246878152,0.41,0.57,0.6,0.62,0.94,0,-36.5346,-1.4704342
0.14732724902216426,0.14504768913436286,178.0,0.956989247311828,186.0,1.0449438202247192,178.0,1.072289156626506,0.15077319587628865,1.0294117647058822,170.0,0.9883720930232558,172.0,0.9502762430939228,181.0,0.9836956521739132,252.0,-0.2618673380745916,0.15846399859549462,130.0,122.0,0.25648615759957527,-0.4568883404339218,0.5158902148064215,-0.6756272807113715,-0.2178852233229981,0.41,0.495,0.515,0.535,0.68,0,-15.244894,34.792976
0.1016949152542373,0.13873534480309102,148.0,1.0136986301369864,146.0,0.9668874172185432,151.0,1.0633802816901408,0.10309278350515463,0.971830985915493,142.0,1.0142857142857142,140.0,1.0144927536231885,138.0,1.022222222222222,188.0,-0.6519105476021558,0.17595317444199368,92.0,96.0,0.15624775791538933,-0.9260981344157916,0.3629905391029313,-0.819581116283449,-0.5394874999026757,0.325,0.44,0.495,0.52,0.735,0,-25.249228,-3.6211717
0.10691003911342895,0.13629159541419533,154.0,0.9565217391304348,161.0,1.018987341772152,158.0,1.490566037735849,0.1172680412371134,0.9141104294478528,163.0,1.0124223602484472,161.0,1.00625,160.0,1.032258064516129,206.0,-0.1356938070264149,0.32121520847710555,102.0,104.0,0.3289023215989134,-0.1606691549720127,0.7152859509458575,-0.4287179666871895,0.3216011966503847,0.32,0.425,0.495,0.635,0.525,0,10.430303,29.465834
0.12777053455019557,0.14777423642764287,161.0,1.0254777070063694,157.0,0.9289940828402368,169.0,0.9941176470588236,0.1481958762886598,0.9719101123595506,178.0,0.9726775956284152,183.0,1.0397727272727273,176.0,1.0666666666666669,239.0,-0.3676289992860302,0.17865040183062772,118.0,121.0,0.22530976457926855,-0.6882571518642956,0.5527521725412102,-0.5763732287020581,-0.1311183442405735,0.33,0.47,0.495,0.515,0.69,0,-10.529665,39.6702
0.10821382007822686,0.1497052394178438,145.0,0.9863945578231292,147.0,1.013793103448276,145.0,1.0211267605633805,0.1172680412371134,1.0492957746478873,142.0,1.0215827338129495,139.0,0.9928571428571428,140.0,1.0,211.0,-0.18296677802886,0.1786200987765713,107.0,104.0,0.32302870353485813,-0.2570580551596794,0.45209563290562876,-0.413644064244539,-0.1452220158394702,0.345,0.475,0.51,0.575,0.81,0,-22.527891,13.725983
0.15514993481095177,0.14279653983068039,186.0,1.0391061452513966,179.0,1.0112994350282485,177.0,0.9365079365079364,0.14175257731958762,0.9130434782608695,184.0,1.0279329608938548,179.0,1.022857142857143,175.0,1.0115606936416186,235.0,-0.2173692619933312,0.2082160186800622,118.0,117.0,0.2627937687125747,-0.4906708575608778,0.6392064817542435,-0.3916680131309454,0.0737256876249603,0.34,0.485,0.505,0.53,0.7,0,4.456797,36.706017
0.05345501955671447,0.1356411009725468,112.0,1.037037037037037,108.0,0.9473684210526316,114.0,1.0,0.07087628865979381,1.0761904761904761,105.0,0.9210526315789472,114.0,0.991304347826087,115.0,1.0454545454545454,156.0,-0.344226795605685,0.3883075612331774,77.0,79.0,0.2053395075653513,-0.6700646148713614,0.6384721396143854,-1.2909417314817,0.0933438026517763,0.3,0.455,0.495,0.54,0.805,0,18.397547,16.280642
0.12255541069100391,0.15190346201375948,154.0,0.9871794871794872,156.0,0.9629629629629628,162.0,0.9529411764705882,0.12628865979381443,0.9570552147239264,163.0,0.9644970414201184,169.0,1.0432098765432098,162.0,1.0253164556962024,218.0,-0.3024807672117695,0.14745751465801235,109.0,109.0,0.27670566276165437,-0.5247508551540981,0.4389750412006674,-0.422796219801241,-0.3038548955888883,0.38,0.475,0.505,0.53,0.845,0,-32.20299,1.403864
0.15254237288135594,0.15553570265325345,173.0,0.9885714285714284,175.0,0.9722222222222222,180.0,1.0,0.15335051546391754,0.9725274725274725,182.0,0.978494623655914,186.0,0.9946524064171124,187.0,1.0685714285714285,242.0,-0.2147971663928516,0.1626013142228026,119.0,123.0,0.2608818813236757,-0.4460190079369063,0.512614502044054,-0.5213186550066095,-0.1058906580165298,0.39,0.47,0.49,0.515,0.675,0,-15.490538,34.917862
0.09517601043024772,0.14137560161771764,141.0,0.9591836734693876,147.0,0.9865771812080536,149.0,1.0347222222222223,0.1095360824742268,0.9533333333333334,150.0,0.9803921568627452,153.0,1.047945205479452,146.0,1.042857142857143,199.0,-0.1812863192206621,0.18905658885124874,99.0,100.0,0.32559623463986587,-0.2626590530794883,0.43909815088006565,-0.4629054156833904,-0.178008191540253,0.33,0.46,0.5,0.58,0.82,0,-23.76679,12.311101
0.1316818774445893,0.1381371842951515,172.0,1.0,172.0,1.0552147239263805,163.0,1.0124223602484472,0.16108247422680413,1.1090909090909091,165.0,0.9375,176.0,1.0057142857142858,175.0,0.9943181818181818,253.0,-0.2134009859741337,0.20004457014578034,125.0,128.0,0.27348215767368345,-0.532997437319283,0.628326270845933,-0.4026738412640249,-0.075925430868506,0.37,0.47,0.495,0.52,0.685,0,2.0093124,36.16178
0.10691003911342895,0.1350409673908969,155.0,0.9872611464968152,157.0,1.0,157.0,0.9181286549707602,0.13788659793814434,0.9705882352941176,170.0,0.9826589595375722,173.0,2.011627906976744,86.0,0.3553719008264462,231.0,-0.1463702849670906,0.2936826285170312,116.0,115.0,0.3214991629717908,-0.1535493215945795,0.651471099146185,-0.3638939374409032,0.3531169297335882,0.35,0.46,0.51,0.605,0.535,0,7.571108,28.215895
0.13298565840938723,0.14765356499498922,165.0,1.012269938650307,163.0,1.0316455696202531,158.0,1.0,0.1327319587628866,1.0125786163522013,159.0,1.0127388535031847,157.0,0.98125,160.0,0.9696969696969696,231.0,-0.2385938624775183,0.08417676029276176,119.0,112.0,0.2948956112994062,-0.4971259851062677,0.36953249015890083,-0.3755090598471165,-0.2061961879675402,0.39,0.49,0.515,0.535,0.825,0,-35.67364,-6.9691463
0.12646675358539766,0.13459498418042198,171.0,1.062111801242236,161.0,1.0254777070063694,157.0,0.9631901840490796,0.14432989690721648,1.0365853658536586,164.0,1.1468531468531469,143.0,0.9662162162162162,148.0,1.0,229.0,-0.2262797639899014,0.0864289301751283,111.0,118.0,0.30585351722909876,-0.445017621357557,0.383921818692291,-0.3057364447260048,-0.1629440388804011,0.36,0.465,0.485,0.505,0.82,0,-36.145393,-4.8237376
0.10821382007822686,0.14279653983068039,150.0,1.0,150.0,1.0416666666666667,144.0,1.0140845070422535,0.12757731958762886,1.0397350993377483,151.0,0.961783439490446,157.0,0.9751552795031057,161.0,0.9817073170731708,221.0,-0.3808818093674149,0.08489316425836094,112.0,109.0,0.27184320305848075,-0.572913503370222,0.3109886790534871,-0.5084730516678128,-0.3498241206030149,0.385,0.49,0.51,0.535,0.83,0,-30.516586,-13.789951
0.14732724902216426,0.13738161312722794,185.0,1.0511363636363635,176.0,1.0602409638554218,166.0,0.9485714285714286,0.13530927835051546,0.9878787878787879,165.0,0.9880239520958084,167.0,1.0182926829268293,164.0,0.9534883720930232,235.0,-0.2651980689880595,0.20168254787129689,121.0,114.0,0.25217162612525235,-0.6153572843850555,0.6245540847735094,-0.4381204970328126,-0.210775704985233,0.4,0.49,0.515,0.54,0.695,0,2.4994676,39.192047
0.15254237288135594,0.1449982133254907,182.0,1.0167597765363128,179.0,1.0346820809248556,173.0,0.9829545454545454,0.1404639175257732,1.0245398773006136,163.0,0.9157303370786516,178.0,1.0,178.0,1.0113636363636365,236.0,-0.2136717611369204,0.17315892520064333,120.0,116.0,0.25647227215796475,-0.4359749133474256,0.5071596836705331,-0.5987628615666195,-0.1428911847553735,0.35,0.49,0.515,0.535,0.88,0,-15.897005,35.170063
0.11994784876140809,0.13908631227461113,162.0,1.0318471337579618,157.0,1.0,157.0,0.9751552795031057,0.1327319587628866,1.0125786163522013,159.0,0.9636363636363636,165.0,0.9821428571428572,168.0,0.9940828402366864,221.0,-0.320890248032231,0.08911185463706932,109.0,112.0,0.2750027161858052,-0.5274333714173411,0.36363866289646785,-0.3958797766068291,-0.2543202075604535,0.33,0.47,0.495,0.515,0.855,0,-33.288303,-7.475177
0.12255541069100391,0.14790105672310688,157.0,1.0194805194805194,154.0,0.9746835443037974,158.0,1.0128205128205128,0.16237113402061856,1.0165745856353592,181.0,1.011173184357542,179.0,0.917948717948718,195.0,1.031746031746032,257.0,-0.2448322852802452,0.18893428020715305,129.0,128.0,0.25537419350826723,-0.4482688105380334,0.6343225210492496,-0.3739487128424393,-0.1043795906014728,0.405,0.485,0.505,0.525,0.665,0,2.529173,37.05362
0.09908735332464146,0.1414052044971544,144.0,0.9863013698630136,146.0,1.0,146.0,1.0,0.1172680412371134,1.0,149.0,1.041958041958042,143.0,1.0070422535211268,142.0,1.0289855072463767,206.0,-0.2227016359823324,0.20750280832114085,102.0,104.0,0.3080826445275418,-0.3116732464909411,0.4537047822428516,-0.5156328040059757,-0.2244609033130562,0.33,0.46,0.5,0.58,0.82,0,-20.33273,11.3958025
0.05084745762711865,0.13908631227461113,108.0,0.9473684210526316,114.0,0.9743589743589745,117.0,1.0833333333333333,0.06701030927835051,0.990990990990991,111.0,0.9910714285714286,112.0,1.3333333333333333,84.0,0.6461538461538462,151.0,-0.0098938450029041,0.36534788876846147,74.0,77.0,0.3394634526101284,-0.3406558473522626,0.65572177257123,-0.7929344504499547,0.4544803088763116,0.305,0.455,0.495,0.535,0.795,0,18.527494,21.293056
0.12646675358539766,0.13802624725859133,168.0,0.9767441860465116,172.0,1.0,172.0,1.0552147239263805,0.15721649484536082,0.9836065573770492,183.0,1.1090909090909091,165.0,0.9375,176.0,1.0057142857142858,252.0,-0.1919090287266285,0.18709911085770373,127.0,125.0,0.2769551380187787,-0.5232870600527065,0.6247079884630596,-0.4165690007842835,0.026435737843961,0.38,0.48,0.505,0.525,0.695,0,1.3866152,36.10425
0.12516297262059975,0.15313730308372503,155.0,1.054421768707483,147.0,1.0068493150684932,146.0,0.906832298136646,0.11082474226804123,1.0359712230215827,139.0,1.7820512820512822,78.0,0.3696682464454976,211.0,1.3270440251572326,200.0,-0.1320853383031734,0.1815930289370807,100.0,100.0,0.31806883331593416,-0.1844426090592942,0.47202249872383656,0.261393948121729,0.261393948121729,0.365,0.445,0.505,0.53,0.53,0,-21.766811,16.599047
0.09778357235984354,0.14279653983068039,142.0,1.0,142.0,0.9659863945578232,147.0,0.9483870967741936,0.11469072164948453,0.98,150.0,1.0135135135135136,148.0,1.0068027210884354,147.0,0.98,198.0,-0.2752316077160894,0.18346881571016427,96.0,102.0,0.29259916193864316,-0.3385691810207411,0.41699507410427916,-0.5463019539683852,-0.2461193731700804,0.33,0.455,0.49,0.56,0.81,0,-24.382975,5.719902
0.11994784876140809,0.13787991926558243,163.0,0.9819277108433736,166.0,0.9171270718232044,181.0,1.0,0.16108247422680413,0.9945652173913043,184.0,1.005464480874317,183.0,1.0223463687150838,179.0,1.1049382716049383,253.0,-0.2933536934257991,0.15831283532562695,125.0,128.0,0.24783748420472443,-0.5264044650787414,0.49099882864103483,-0.6393318531520111,-0.2959247915789904,0.33,0.47,0.495,0.515,0.655,0,-16.914732,32.974045
0.12516297262059975,0.14036802724852598,165.0,0.9880239520958084,167.0,1.0182926829268293,164.0,0.9534883720930232,0.14561855670103094,1.0,171.0,0.9827586206896552,174.0,0.9942857142857144,175.0,1.0355029585798816,237.0,-0.3084701319607896,0.18883168273140366,118.0,119.0,0.24661666058611625,-0.6252711065230464,0.5850217784458065,-0.4978657626519958,-0.0694715094700706,0.345,0.475,0.5,0.525,0.7,0,-7.0390306,39.324654
0.14993481095176012,0.1384878884752451,186.0,1.1411042944785277,163.0,1.0124223602484472,161.0,0.9526627218934912,0.027061855670103094,0.3347457627118644,236.0,1.4303030303030304,165.0,0.9821428571428572,168.0,0.9882352941176472,169.0,-0.2082298585622887,0.3700327760387297,114.0,55.0,0.29840172192930875,-0.2160139689088856,0.6798012951488923,-0.4374078141231721,0.3665435495973848,0.475,0.62,0.68,0.81,0.71,0,16.413977,19.767662
0.1303780964797914,0.1381099366019613,171.0,1.0178571428571428,168.0,0.9940828402366864,169.0,1.0368098159509205,0.16494845360824742,1.062857142857143,175.0,1.0294117647058822,170.0,0.96045197740113,177.0,0.9567567567567568,260.0,-0.1829083409603561,0.18084253862878105,130.0,130.0,0.27154034663883553,-0.4824249592822175,0.582885612689589,-0.6218673110398447,-0.0671130736000771,0.4,0.48,0.5,0.52,0.675,0,-6.0658813,35.88331
0.11082138200782268,0.1468304785158027,149.0,1.0347222222222223,144.0,1.0359712230215827,139.0,0.9586206896551724,0.1134020618556701,1.020979020979021,143.0,1.0287769784172662,139.0,1.0220588235294117,136.0,0.9444444444444444,205.0,-0.2586820030858421,0.17173729776622446,103.0,102.0,0.3130394982310182,-0.2989543189360582,0.40456239138182576,-0.487710639341969,-0.2004712144704607,0.35,0.47,0.5,0.57,0.765,0,-26.630873,5.3945026
0.09256844850065189,0.13444852782952457,144.0,0.979591836734694,147.0,1.0068493150684932,146.0,0.9864864864864864,0.1134020618556701,1.006896551724138,145.0,1.0,145.0,1.013986013986014,143.0,1.0,202.0,-0.1549793761544511,0.15961785552327648,100.0,102.0,0.3249919179189334,-0.2171130495946566,0.4511056546975922,-0.3918189436284333,-0.1121680938484131,0.34,0.46,0.5,0.56,0.755,0,-25.731356,12.794924
0.13298565840938723,0.14641736431310942,166.0,0.994011976047904,167.0,0.9653179190751444,173.0,0.9829545454545454,0.14561855670103094,0.9941860465116279,172.0,1.011764705882353,170.0,1.0365853658536586,164.0,1.0186335403726707,235.0,-0.2125395411534846,0.19571809920727087,116.0,119.0,0.2805398009227437,-0.5534817411408632,0.6182789395882007,-0.4710588182848234,0.0634736442694598,0.36,0.47,0.495,0.515,0.71,0,0.77031267,35.53042
0.11994784876140809,0.13908631227461113,162.0,1.0945945945945943,148.0,1.0802919708029195,137.0,0.9448275862068966,0.12371134020618557,1.0620689655172413,145.0,0.9666666666666668,150.0,0.9615384615384616,156.0,0.9285714285714286,225.0,-0.1727441510992769,0.3786757998334168,118.0,107.0,0.44239264124296107,-0.1829793008701144,0.8081034918135555,-0.4596037907246112,0.4052011878778041,0.495,0.48,0.525,0.63,0.555,0,22.778141,25.108786
0.1290743155149935,0.14159682553111305,167.0,1.0182926829268293,164.0,0.9534883720930232,172.0,0.9347826086956522,0.1559278350515464,0.9572192513368984,187.0,1.0274725274725274,182.0,1.0769230769230769,169.0,1.005952380952381,249.0,-0.2469464381168402,0.20540478836780196,124.0,125.0,0.27366924649944474,-0.5673573906594205,0.6121500692827411,-0.4688166794265284,-0.1025628115653636,0.345,0.475,0.5,0.525,0.69,0,0.5690545,36.83675
0.08604954367666232,0.13277892542929334,140.0,1.4285714285714286,98.0,0.5,196.0,1.2564102564102564,0.10051546391752578,0.9251700680272109,147.0,0.9865771812080536,149.0,0.9551282051282052,156.0,1.4444444444444444,223.0,-0.2483595615045337,0.3097417017132521,128.0,95.0,0.386885057006048,-0.3138981332442608,0.7123321843138407,-0.4797183895310134,0.0126194779764841,0.545,0.515,0.58,0.68,0.605,0,10.941516,24.650425
0.10951760104302477,0.15549492428314277,142.0,1.083969465648855,131.0,1.0155038759689925,129.0,0.9923076923076924,0.10309278350515463,1.0222222222222221,135.0,1.0546875,128.0,1.0158730158730158,126.0,1.0161290322580645,194.0,-0.2755897404526408,0.16132335381625434,98.0,96.0,0.32827184149967914,-0.4616092595677045,0.4824406983965727,-0.3674459467888129,-0.1633623425897661,0.345,0.445,0.505,0.535,0.775,0,-21.681114,17.065826
0.09908735332464146,0.14856207329910456,139.0,0.9858156028368794,141.0,0.986013986013986,143.0,1.6436781609195403,0.1018041237113402,0.9856115107913669,139.0,1.0072463768115942,138.0,0.9452054794520548,146.0,0.9864864864864864,195.0,-0.2345571294619463,0.1885207004829429,100.0,95.0,0.3128275770126126,-0.3232728504852463,0.44312324810534287,-0.4931103624104864,-0.1249171500170281,0.345,0.48,0.515,0.595,0.795,0,-22.543812,10.710104
0.03259452411994785,0.08758134234272046,127.0,1.1759259259259258,108.0,0.9818181818181818,110.0,0.9649122807017544,0.20618556701030927,1.0,218.0,0.981981981981982,222.0,1.0277777777777777,216.0,0.9953917050691244,303.0,-0.4972444779245924,0.5884318260131036,151.0,152.0,0.8667057358072471,-0.7556095130985948,0.7954830531739254,-0.8137693876304541,-0.6580431499579775,0.5,0.83,0.86,0.885,0.985,0,27.420427,-5.605607
0.07301173402868318,0.13347782875962266,129.0,1.0238095238095235,126.0,0.9921259842519684,127.0,0.9844961240310076,0.0979381443298969,1.0634920634920635,126.0,0.9545454545454546,132.0,0.9777777777777776,135.0,1.0150375939849623,184.0,0.050697834325785,0.21773383102576546,91.0,93.0,0.3820694390772141,-0.1453029592973335,0.5406757739521428,-0.514009023715308,0.4239886054323444,0.34,0.46,0.5,0.55,0.72,0,-16.365047,18.307495
0.05867014341590613,0.04086291960604055,228.0,2.303030303030303,99.0,0.825,120.0,1.0526315789473684,0.06829896907216494,1.0,111.0,1.009090909090909,110.0,1.0091743119266054,109.0,0.4823008849557522,153.0,-0.5316964536132136,0.4654544509103524,76.0,77.0,0.15407495216414357,-0.9119506608782322,0.6877989134280356,-1.312100290255485,0.1218422294566583,0.31,0.46,0.5,0.545,0.79,0,19.855745,15.138657
0.10560625814863103,0.12893568971555375,159.0,0.99375,160.0,1.0126582278481011,158.0,1.0193548387096774,0.13144329896907217,1.0810810810810811,148.0,1.0571428571428572,140.0,0.9929078014184396,141.0,0.9929577464788732,223.0,-0.1487396512552978,0.21805769968774164,111.0,112.0,0.33713211423698336,-0.3130734458399973,0.5788353531797046,-0.3686349591771795,0.1189775959978407,0.385,0.47,0.5,0.525,0.765,0,0.6653748,28.818869
0.14863102998696218,0.14169570308327523,182.0,0.9430051813471504,193.0,1.048913043478261,184.0,1.0279329608938548,0.15206185567010308,1.0414201183431953,169.0,0.9548022598870056,177.0,0.9315789473684212,190.0,1.0106382978723405,248.0,-0.1791106375405755,0.18314039434087895,125.0,123.0,0.27694955953249095,-0.400506136916573,0.5969217202828998,-0.3941388702722692,0.0773066959091094,0.39,0.485,0.505,0.53,0.705,0,-3.5600574,35.890152
0.09517601043024772,0.15176753780207172,134.0,0.950354609929078,141.0,0.94,150.0,0.9615384615384616,0.09407216494845361,1.031496062992126,127.0,0.9071428571428573,140.0,0.8805031446540881,159.0,1.0324675324675323,187.0,-0.3282752777974564,0.16390819682452112,96.0,91.0,0.2922258864108338,-0.5018482300614096,0.4457574645988629,-0.4980649031775244,-0.2154501681015263,0.36,0.46,0.515,0.545,0.745,0,-27.60247,10.10308
0.05345501955671447,0.1356411009725468,112.0,1.0,112.0,1.0,112.0,1.018181818181818,0.06572164948453608,0.9396551724137931,116.0,1.0357142857142858,112.0,1.0275229357798166,109.0,1.0,153.0,-0.1614125023234361,0.4364777074608766,77.0,76.0,0.3127337141762317,-0.4745932965195797,0.8049627846098331,-0.8218517357154964,0.3716102312337558,0.32,0.47,0.51,0.555,0.835,0,23.223331,20.9765
0.13559322033898305,0.14516757282509152,169.0,0.949438202247191,178.0,1.0,178.0,1.0289017341040465,0.16237113402061856,1.010989010989011,182.0,1.0167597765363128,179.0,1.098159509202454,163.0,1.0061728395061729,255.0,-0.6475787236378672,0.1606820491985903,127.0,128.0,0.14186286664765052,-0.8515385102209783,0.4024044471277718,-0.989485220923212,-0.5102729319894095,0.39,0.475,0.5,0.52,0.675,0,-25.602074,-3.9085085
0.20860495436766624,0.2053342482324028,173.0,1.054878048780488,164.0,0.9879518072289156,166.0,1.0849673202614378,0.1327319587628866,1.087837837837838,148.0,1.034965034965035,143.0,1.0214285714285714,140.0,0.9790209790209792,228.0,-0.2169494263811454,0.22146263307264832,116.0,112.0,0.39097228032449244,-0.2699556847795553,0.5467124444374853,-0.0418396384169967,0.0265237379718731,0.48,0.455,0.515,0.54,0.545,0,-5.263474,29.037039
0.0938722294654498,0.1385637450131929,142.0,1.0,142.0,0.9793103448275862,145.0,0.9931506849315068,0.10438144329896908,0.9391891891891891,148.0,0.9801324503311258,151.0,1.0202702702702702,148.0,1.0,193.0,-0.2186413780811663,0.19381863544392677,96.0,97.0,0.3096930168083665,-0.3058485234614557,0.4398725748661156,-0.4815653671767669,-0.2086408044832964,0.33,0.46,0.5,0.57,0.815,0,-22.138052,9.684034
0.061277705345501955,0.15008207757714367,110.0,0.990990990990991,111.0,1.009090909090909,110.0,0.990990990990991,0.06958762886597938,1.0,112.0,1.009009009009009,111.0,0.9823008849557522,113.0,1.0660377358490567,154.0,-0.3119839425273398,0.4193229947709472,76.0,78.0,0.24717828026336905,-0.6127645876615037,0.6849594840838444,-1.3479805029799368,0.0796498818714513,0.3,0.455,0.495,0.54,0.85,0,19.364157,17.687119
0.14732724902216426,0.1395120760925207,183.0,1.0457142857142858,175.0,1.0542168674698795,166.0,1.0573248407643312,0.13530927835051546,1.0124223602484472,161.0,0.9526627218934912,169.0,1.5363636363636364,110.0,0.4150943396226415,244.0,-0.1104005719819996,0.32954733883011894,130.0,114.0,0.32107778875784265,-0.0729417894009295,0.7392360694442052,-0.3106573093399108,0.5191245080489949,0.375,0.5,0.535,0.615,0.56,0,10.753137,29.938194
0.13820078226857888,0.1537914824663491,164.0,1.0445859872611465,157.0,1.0129032258064516,155.0,0.9872611464968152,0.1327319587628866,1.0,161.0,0.9640718562874252,167.0,0.9823529411764704,170.0,0.9883720930232558,228.0,-0.1616809887810033,0.20124510455155223,116.0,112.0,0.2912781282553539,-0.4403061125327828,0.6157441579120871,-0.4252414484708502,-0.0626571734802416,0.375,0.49,0.51,0.535,0.7,0,0.9540691,33.521694
0.0560625814863103,0.14279653983068039,110.0,0.9734513274336284,113.0,0.982608695652174,115.0,1.036036036036036,0.07087628865979381,0.9912280701754386,114.0,1.0363636363636364,110.0,1.0185185185185186,108.0,0.9908256880733946,154.0,0.0548795711628048,0.41132156267295733,75.0,79.0,0.315635143276544,-0.2882540576306508,0.8020112204259708,-0.8108488154164227,0.6633581410787089,0.28,0.44,0.49,0.53,0.82,0,22.99562,21.260109
0.12255541069100391,0.14404874163085377,160.0,1.032258064516129,155.0,1.9135802469135803,81.0,0.8350515463917526,0.1211340206185567,1.4205607476635513,107.0,0.4692982456140351,228.0,1.3818181818181818,165.0,0.9375,219.0,-0.232611001249214,0.33329079982219906,113.0,106.0,0.3968759971270536,-0.213963352265582,0.716570873322475,-0.4637347787062362,0.3862598748673025,0.485,0.475,0.52,0.63,0.545,0,11.113294,24.41663
0.12777053455019557,0.14525485011322936,163.0,1.065359477124183,153.0,1.9870129870129871,77.0,0.3615023474178404,0.1134020618556701,1.0656934306569343,137.0,1.0300751879699248,133.0,1.3711340206185567,97.0,0.5105263157894737,210.0,-0.3495969402154542,0.240346034445799,108.0,102.0,0.32703084745178934,-0.3826412235417702,0.5202220764542329,-0.1141792212471395,-0.1141792212471395,0.48,0.455,0.515,0.555,0.555,0,-18.691597,18.508793
0.10299869621903521,0.14008907647895413,148.0,0.9932885906040269,149.0,1.0205479452054795,146.0,1.028169014084507,0.1172680412371134,0.9738562091503268,153.0,1.0625,144.0,1.0588235294117647,136.0,0.9927007299270072,204.0,-0.2439639772373882,0.20147050398344127,100.0,104.0,0.32225935386681087,-0.2781009875177032,0.4479528687859436,-0.4703885369034419,-0.2657918191999247,0.33,0.455,0.49,0.57,0.735,0,-21.02966,12.168308
0.09778357235984354,0.1386513200783823,145.0,1.0283687943262412,141.0,1.0930232558139534,129.0,0.9626865671641792,0.09922680412371133,0.9712230215827338,139.0,1.0296296296296297,135.0,1.0384615384615383,130.0,1.015625,189.0,-0.2023182429565604,0.2176665809049403,95.0,94.0,0.3081891621055332,-0.4226025230418272,0.3780505912487414,-0.6918561897947579,0.0867742172670123,0.34,0.47,0.505,0.53,0.74,0,-20.086088,3.6244507
0.18513689700130379,0.22160177312159154,150.0,0.974025974025974,154.0,0.9871794871794872,156.0,0.9873417721518988,0.1211340206185567,0.9559748427672956,159.0,1.0192307692307692,156.0,1.0263157894736843,152.0,0.9806451612903224,255.0,-0.3579938829503777,0.25437721081576015,149.0,106.0,0.2345143983701736,-0.4305635702235585,0.584718870695398,-0.1647272261625985,-0.1647272261625985,0.45,0.55,0.585,0.61,0.61,0,-4.421162,29.993603
0.12777053455019557,0.14279653983068039,165.0,0.9763313609467456,169.0,0.9548022598870056,177.0,1.0,0.1481958762886598,0.9942528735632183,174.0,1.029585798816568,169.0,1.0696202531645569,158.0,0.9575757575757576,238.0,-0.2518605624342067,0.19015117607178755,117.0,121.0,0.26407085968243016,-0.5717243324824098,0.5978722187596439,-0.46364825037582,-0.107481145046364,0.345,0.47,0.495,0.52,0.69,0,-3.2512422,37.50737
0.14341590612777053,0.13413265710515648,185.0,1.0054347826086956,184.0,0.983957219251337,187.0,0.9946808510638298,0.15850515463917525,1.0284090909090908,176.0,1.011494252873563,174.0,1.0481927710843373,166.0,0.9540229885057472,252.0,-0.2609861170963017,0.1632285507140607,126.0,126.0,0.25419019099131573,-0.5220100604802834,0.517261664119349,-0.6876193758347173,-0.0056637274181568,0.34,0.48,0.5,0.52,0.705,0,-15.046078,34.8773
0.0560625814863103,0.13243349044993524,116.0,1.0740740740740742,108.0,0.9818181818181818,110.0,0.9821428571428572,0.22422680412371135,2.188679245283019,106.0,0.8907563025210085,119.0,1.1666666666666667,102.0,0.8429752066115702,317.0,-0.2115990451281834,0.6985157251203232,155.0,162.0,0.8567799476124441,-0.4915643582158521,0.9168990242869453,-0.92286432160804,-0.4034631235550338,0.485,0.825,0.855,0.93,0.99,0,28.823797,-5.760202
0.12385919165580182,0.14404096397992097,161.0,0.9817073170731708,164.0,0.9534883720930232,172.0,0.9885057471264368,0.1559278350515464,0.9675675675675676,185.0,1.0571428571428572,175.0,1.0606060606060606,165.0,0.9649122807017544,248.0,-0.2464163332732159,0.20226921785120605,123.0,125.0,0.2617244692209833,-0.5487684695400474,0.6431379614769999,-0.4868980625246205,-0.0926518656012797,0.33,0.475,0.5,0.52,0.675,0,3.3261278,36.423073
0.08996088657105607,0.14731576437265947,133.0,1.023076923076923,130.0,1.0,130.0,0.9285714285714286,0.08634020618556701,0.984251968503937,127.0,0.9477611940298508,134.0,0.9925925925925926,135.0,0.9854014598540146,178.0,-0.2147328024367185,0.20487594280774366,91.0,87.0,0.29985043199663064,-0.4213154159127567,0.35550201157706185,-0.6713704486859692,0.1732761611776619,0.34,0.48,0.515,0.54,0.76,0,-20.192303,2.7840858
0.054758800521512385,0.05218495228044607,199.0,1.4316546762589928,139.0,1.053030303030303,132.0,1.015384615384615,0.11211340206185567,1.0,145.0,1.0,145.0,0.9294871794871796,156.0,0.9936305732484076,264.0,-0.0377778429731998,0.4299322845277093,163.0,101.0,0.2986967753072958,-0.2316608262087791,0.7187273961613785,-0.3954310707704548,-0.1421490189913528,0.47,0.565,0.62,0.705,0.92,0,21.898031,18.776316
0.09647979139504563,0.1442276276023071,140.0,1.0,140.0,1.0144927536231885,138.0,0.9387755102040816,0.1018041237113402,0.9647887323943662,142.0,1.0,142.0,0.9793103448275862,145.0,1.6111111111111112,192.0,-0.2535221663618203,0.17995231084534988,97.0,95.0,0.32734787124955517,-0.3695737823426241,0.4263098689197209,-0.5319087234400112,-0.2863082749135641,0.36,0.47,0.505,0.575,0.82,0,-25.697723,10.31072
0.06258148631029987,0.14279653983068039,115.0,1.036036036036036,111.0,1.0277777777777777,108.0,0.9642857142857144,0.06701030927835051,0.9821428571428571,112.0,0.991150442477876,113.0,1.0089285714285714,112.0,1.0,152.0,-0.5771608453345598,0.46074064430840833,75.0,77.0,0.16764552079993655,-0.9922909452431548,0.618791780766573,-1.4770937322545763,0.0695030539407945,0.315,0.45,0.495,0.54,0.835,0,18.498583,15.159798
0.13689700130378096,0.1463530893222971,169.0,0.9941176470588236,170.0,0.9497206703910616,179.0,0.93717277486911,0.16237113402061856,0.968421052631579,190.0,1.0326086956521738,184.0,0.9633507853403142,191.0,1.0494505494505495,250.0,-0.2095753944870489,0.13734065732934814,122.0,128.0,0.28082742806375877,-0.4378882710776997,0.4957623622476663,-0.4851169369275686,-0.2194679884406736,0.345,0.465,0.49,0.51,0.645,0,-15.81093,32.858875
0.11342894393741851,0.1567098931659401,144.0,1.0,144.0,1.0359712230215827,139.0,1.7820512820512822,0.019329896907216496,0.35960591133004927,203.0,1.380952380952381,147.0,1.7926829268292683,82.0,0.3534482758620689,147.0,-0.152938761878502,0.2619970359615781,96.0,51.0,0.3108665058189401,-0.2153809697344414,0.5298106766588744,-0.3217869776507577,0.1959013389011842,0.435,0.585,0.66,0.79,0.7,0,-15.61647,14.109956
0.05736636245110821,0.1446179242672962,110.0,1.0,110.0,0.9821428571428572,112.0,0.5283018867924528,0.06443298969072164,0.972972972972973,111.0,1.15625,96.0,0.7559055118110236,127.0,1.1759259259259258,154.0,-0.3430577793091327,0.4438419670037084,79.0,75.0,0.2689517443049409,-0.4939376608946764,0.7139386553819359,-1.2387905330805464,0.1815492807237481,0.315,0.475,0.515,0.555,0.875,0,20.424273,18.328514
0.05867014341590613,0.14102351073308975,113.0,1.0272727272727271,110.0,1.0,110.0,1.02803738317757,0.07216494845360824,1.0363636363636364,110.0,0.990990990990991,111.0,1.0471698113207548,106.0,0.9814814814814816,157.0,0.52392512145857,0.36722241109348047,78.0,79.0,0.5614879043911339,0.2335794703166718,0.7879403427651452,-0.3269105240665969,0.9311559041367468,0.335,0.455,0.5,0.545,0.835,0,23.55758,25.564537
0.054758800521512385,0.023930816709744875,268.0,1.654320987654321,162.0,1.018867924528302,159.0,0.8983050847457628,0.1211340206185567,0.9934640522875817,153.0,1.8,85.0,0.33203125,256.0,1.5802469135802468,282.0,-0.2098981585472317,0.2836596071278929,176.0,106.0,0.2914154702792027,-0.2579515579011381,0.6824656905554575,-0.4645868289026568,0.3682878061452137,0.51,0.59,0.63,0.695,0.645,0,5.239547,20.667498
0.04302477183833116,0.1053322908498834,123.0,1.0982142857142858,112.0,1.0275229357798166,109.0,1.0092592592592593,0.061855670103092786,0.4774774774774775,222.0,2.018181818181818,110.0,0.4954954954954955,222.0,1.88135593220339,154.0,-0.2121344444548752,0.41245702405655055,80.0,74.0,0.28460730792884703,-0.532691622583834,0.7083110919234548,-1.189202338691616,0.2349229555230943,0.345,0.475,0.525,0.57,0.88,0,20.395681,19.097893
0.13559322033898305,0.14883124730139544,166.0,1.064102564102564,156.0,0.975,160.0,1.0062893081761006,0.12242268041237113,1.02,150.0,0.925925925925926,162.0,1.0253164556962024,158.0,0.9634146341463414,221.0,-0.3460829608837868,0.08277150213825231,114.0,107.0,0.2715837858256431,-0.572752839996903,0.3520982253282969,-0.4573736795863813,-0.3197803451043632,0.4,0.495,0.52,0.535,0.865,0,-34.73599,-9.613088
0.12385919165580182,0.14530094343102712,160.0,1.0596026490066226,151.0,0.967948717948718,156.0,0.975,0.12371134020618557,0.9506172839506173,162.0,0.9878048780487804,164.0,1.0379746835443038,158.0,0.9461077844311376,213.0,-0.2784766017663598,0.11248671351940744,106.0,107.0,0.30344271975394943,-0.5165601523926202,0.39159408796421963,-0.3490255122626928,-0.2797201731785362,0.36,0.47,0.5,0.525,0.84,0,-35.16617,-2.7693
0.09647979139504563,0.14567930656489245,139.0,0.9858156028368794,141.0,1.0291970802919708,137.0,0.9856115107913668,0.1018041237113402,0.9927536231884058,138.0,1.568181818181818,88.0,0.4378109452736318,201.0,1.34,193.0,-0.1843463150474971,0.19823378275617293,98.0,95.0,0.3425982497406107,-0.2283402880241968,0.4712694766400856,-0.4395988192579997,-0.2100957358160549,0.36,0.475,0.51,0.59,0.805,0,-19.530064,15.966966
0.0560625814863103,0.14279653983068039,110.0,0.990990990990991,111.0,1.009090909090909,110.0,1.0185185185185186,0.06443298969072164,0.9908256880733946,109.0,1.0092592592592593,108.0,0.9642857142857144,112.0,1.037037037037037,153.0,-0.3315463487885776,0.4069242479777308,78.0,75.0,0.2764914160502327,-0.6110024729788952,0.7255929077502566,-1.2015068845535923,-0.0241320749397839,0.335,0.47,0.51,0.555,0.86,0,20.413837,19.263906
0.03911342894393742,0.09079670935019817,131.0,0.5796460176991151,226.0,1.036697247706422,218.0,1.963963963963964,0.06572164948453608,0.990909090909091,110.0,0.9821428571428572,112.0,1.0,112.0,0.9824561403508772,152.0,-0.5806264125015275,0.5067962798025145,76.0,76.0,0.15626952460717133,-0.8787589061585674,0.6352310956244714,-1.313827093409314,0.2386980726096884,0.295,0.46,0.5,0.545,0.805,0,19.342579,14.887477
0.10821382007822686,0.1497052394178438,145.0,1.013986013986014,143.0,1.0141843971631206,141.0,0.9791666666666666,0.10824742268041238,1.0142857142857142,140.0,0.9929078014184396,141.0,1.0,141.0,0.94,201.0,-0.2430491334791509,0.31443436141689385,102.0,99.0,0.2598401394145465,-0.3683280902547153,0.45569293878300315,-1.0182599021005634,0.3881078216748215,0.355,0.475,0.51,0.585,0.905,0,-7.2774234,2.3878174
0.12385919165580182,0.16174878329276388,148.0,1.0802919708029195,137.0,0.9448275862068966,145.0,0.9731543624161074,0.11211340206185567,0.9666666666666667,150.0,0.9615384615384616,156.0,0.9285714285714286,168.0,0.9710982658959536,208.0,-0.2244097751454862,0.36725561749808816,107.0,101.0,0.41545068350320224,-0.2428886139618772,0.8306155917238731,-0.4734185129730037,0.2211893685604917,0.49,0.475,0.52,0.635,0.545,0,22.853739,25.015808
0.12777053455019557,0.31810479185495316,88.0,1.0731707317073171,82.0,0.3241106719367589,253.0,1.5617283950617284,0.11597938144329897,1.5416666666666667,96.0,0.4247787610619469,226.0,1.3216374269005848,171.0,0.9715909090909092,205.0,-0.1627769081804488,0.3850817916991994,102.0,103.0,0.3074653358735112,-0.219041223895207,0.688765161723284,-0.425677699443109,0.1546358198106142,0.345,0.45,0.5,0.615,0.55,0,15.501268,28.538857
0.06649282920469361,0.14450895254886614,117.0,0.9831932773109244,119.0,0.9015151515151516,132.0,0.9635036496350364,0.09278350515463918,1.0317460317460319,126.0,0.9921259842519684,127.0,0.9548872180451128,133.0,1.023076923076923,182.0,-0.1739987327133579,0.20767362434905853,91.0,91.0,0.2707714416781699,-0.4388146313785685,0.4195636865398547,-0.636229711673306,0.2360816978440926,0.335,0.45,0.505,0.53,0.74,0,-21.955555,4.429212
0.05867014341590613,0.15215879628057477,107.0,0.981651376146789,109.0,1.0186915887850467,107.0,1.0,0.061855670103092786,0.9906542056074766,107.0,0.981651376146789,109.0,0.956140350877193,114.0,1.027027027027027,165.0,-1.2309843821556352,0.48115917180691264,91.0,74.0,0.0,-1.6579986573092884,0.5751279287696455,-1.979231825792757,-0.8068991286087366,0.49,0.52,0.55,0.595,0.905,0,18.155909,13.880044
0.09126466753585398,0.13991377309646827,139.0,0.9328859060402684,149.0,1.0067567567567568,148.0,1.0136986301369864,0.10309278350515463,0.9583333333333334,144.0,0.979591836734694,147.0,0.9865771812080536,149.0,1.7325581395348837,194.0,-0.2597468180175334,0.17929724388371587,98.0,96.0,0.3121800005354641,-0.3628141704059013,0.4236273110791241,-0.5335416664086473,-0.2412918832192705,0.355,0.47,0.505,0.58,0.835,0,-25.660267,8.445816
0.09778357235984354,0.14421747804364304,141.0,1.0291970802919708,137.0,0.9319727891156464,147.0,0.9932432432432432,0.10309278350515463,0.9857142857142858,140.0,0.9722222222222222,144.0,0.96,150.0,0.9803921568627452,194.0,-0.2572536599515064,0.1921736757971034,98.0,96.0,0.30740708985434145,-0.3223115625205563,0.4332490082569494,-0.5112365857689272,-0.2761619833647024,0.34,0.47,0.505,0.58,0.75,0,-22.643198,8.575213
0.10951760104302477,0.13392017263957795,158.0,0.9693251533742332,163.0,1.0,163.0,0.9819277108433736,0.12371134020618557,0.9808917197452229,157.0,0.9751552795031057,161.0,1.0,161.0,1.0662251655629138,210.0,-0.2699515587440941,0.08207342580161686,103.0,107.0,0.2735258621168669,-0.5212027166746095,0.3499640032740666,-0.3951790750780127,-0.1681974304618472,0.36,0.47,0.495,0.515,0.82,0,-31.839201,-9.426922
0.11473272490221642,0.13653553082981348,160.0,1.0,160.0,0.975609756097561,164.0,0.970414201183432,0.13530927835051546,1.0,163.0,0.987878787878788,165.0,1.0248447204968945,161.0,1.018987341772152,221.0,-0.3415352891966619,0.07272259484466605,107.0,114.0,0.2685796276026995,-0.5685519791510827,0.3150392491949871,-0.4572703132155856,-0.3008704193865183,0.365,0.465,0.485,0.505,0.815,0,-30.713045,-13.644666
0.12255541069100391,0.3613626722245789,77.0,0.3130081300813008,246.0,1.4470588235294115,170.0,1.0429447852760736,0.13015463917525774,1.5436893203883495,103.0,0.4598214285714285,224.0,1.4451612903225806,155.0,1.631578947368421,253.0,-0.4667834733370039,0.2983859456273945,142.0,111.0,0.21747361677916965,-0.5088235425293414,0.6598143401747575,-0.7071229430575767,-0.351787292355216,0.45,0.525,0.565,0.645,0.605,0,15.096039,29.24308
0.05736636245110821,0.1522471194546304,106.0,0.9814814814814816,108.0,0.9473684210526316,114.0,0.9743589743589745,0.06314432989690721,0.9727272727272728,110.0,0.990990990990991,111.0,0.9910714285714286,112.0,1.3333333333333333,148.0,-0.0473660588332915,0.4228372044801107,74.0,74.0,0.33505237895512663,-0.4835844741361758,0.7301819688202384,-0.8168421975909625,0.5429825788617061,0.315,0.46,0.5,0.55,0.855,0,20.982306,21.162775
0.01303780964797914,0.0011025262445218066,263.0,1.5290697674418603,172.0,1.011764705882353,170.0,2.098765432098765,0.15206185567010308,1.1282051282051282,156.0,1.1063829787234043,141.0,1.036764705882353,136.0,0.9315068493150684,236.0,-0.3004764748642381,0.33488512356487826,113.0,123.0,0.2679177350500506,-0.3050212074437428,0.6664421640525399,-0.5577190659468089,-0.1113130176054295,0.31,0.43,0.48,0.585,0.53,0,5.310393,20.751553
0.05867014341590613,0.1392815874091411,114.0,1.0363636363636364,110.0,0.990990990990991,111.0,1.0471698113207548,0.06314432989690721,0.981651376146789,109.0,1.0186915887850467,107.0,1.0,107.0,0.9727272727272728,152.0,-0.6268217296334122,0.43573215425967365,78.0,74.0,0.19391514072952207,-0.9602879071315822,0.6315803162491733,-1.7544121756131152,-0.2805283610431321,0.34,0.48,0.52,0.56,0.84,0,18.53257,15.756513
0.14602346805736635,0.13949402958846488,182.0,0.994535519125683,183.0,0.9891891891891892,185.0,1.0511363636363635,0.15850515463917525,1.011173184357542,179.0,1.0346820809248556,173.0,1.035928143712575,167.0,0.9709302325581396,250.0,-0.2051806207261214,0.17464678977289025,124.0,126.0,0.2689843927738374,-0.4672657235259232,0.5585473049755605,-0.5365831944865372,-0.0905297572091996,0.4,0.475,0.5,0.52,0.68,0,-10.167933,35.754925
0.1316818774445893,0.12537460174131165,184.0,1.0279329608938548,179.0,1.022857142857143,175.0,1.0115606936416186,0.15463917525773196,1.0229885057471264,174.0,1.0357142857142858,168.0,0.9882352941176472,170.0,1.0059171597633136,252.0,-0.3566799258709081,0.215059953048854,128.0,124.0,0.22456141917433511,-0.6554665609787006,0.6128319840802704,-0.6157785000324143,-0.3013711713987433,0.39,0.485,0.51,0.53,0.685,0,0.98899597,41.05476
0.05345501955671447,0.13738161312722794,111.0,1.15625,96.0,0.7559055118110236,127.0,1.1759259259259258,0.20489690721649484,2.0865384615384617,104.0,0.8813559322033898,118.0,1.2826086956521738,92.0,0.6917293233082706,302.0,0.0530197123104214,0.5783150834408636,151.0,151.0,0.9845353431470131,-0.2988102621855939,0.9618950920122892,-0.5166832090452794,-0.5166832090452794,0.5,0.835,0.865,0.89,0.89,0,28.682571,-5.238917
0.1290743155149935,0.13249270787496803,175.0,1.0479041916167664,167.0,1.0060240963855422,166.0,0.9485714285714286,0.13659793814432988,0.9534883720930233,172.0,0.9772727272727272,176.0,1.0,176.0,1.0797546012269938,230.0,-0.2682173693447465,0.18536768797411068,116.0,114.0,0.2490043363721323,-0.5501914271710036,0.5837339813465662,-0.5618325335989796,-0.0268467022533521,0.335,0.48,0.505,0.525,0.725,0,-6.7413926,39.503498
0.15254237288135594,0.1592961400212001,170.0,1.0,170.0,1.0179640718562877,167.0,1.050314465408805,0.14690721649484537,0.9828571428571429,175.0,1.0174418604651163,172.0,0.9347826086956522,184.0,0.9787234042553192,243.0,-0.2685881350166656,0.2031686366245582,123.0,120.0,0.25386056334830953,-0.5180278107101506,0.6080038562156338,-0.4668876704600092,-0.0781229043158269,0.385,0.485,0.51,0.53,0.68,0,-1.9350566,39.810303
0.121251629726206,0.14155211568143977,161.0,0.936046511627907,172.0,0.945054945054945,182.0,0.9528795811518324,0.05670103092783505,0.3709090909090909,275.0,1.5536723163841808,177.0,1.10625,160.0,1.0126582278481011,190.0,-0.2362686307958509,0.35679979213156676,119.0,71.0,0.2755384323228541,-0.2325375778808991,0.6803178677730428,-0.4896387627801946,0.4117849262605796,0.4,0.585,0.635,0.78,0.665,0,16.446411,19.713757
0.10039113428943937,0.14705935446956844,141.0,1.0291970802919708,137.0,0.958041958041958,143.0,1.0214285714285714,0.10695876288659793,1.014388489208633,139.0,1.0145985401459854,137.0,0.9383561643835616,146.0,0.9605263157894736,198.0,-0.1521781120443987,0.19683778223076004,100.0,98.0,0.3436253526801415,-0.2270722282679974,0.4764181659737727,-0.4578738141578478,-0.1241661618148921,0.345,0.465,0.505,0.58,0.765,0,-19.610651,16.319973
0.08865710560625815,0.15211525090173808,129.0,1.0238095238095235,126.0,1.008,125.0,0.984251968503937,0.1018041237113402,1.0073529411764706,136.0,1.0625,128.0,1.0158730158730158,126.0,0.9767441860465116,190.0,-0.2466684614990615,0.2274434783031385,95.0,95.0,0.2765358210680858,-0.50398066295682,0.4153442896785451,-0.6868842830218431,0.1790108559304484,0.335,0.45,0.505,0.53,0.735,0,-21.491238,4.147327
0.12255541069100391,0.1333124078530359,169.0,1.0,169.0,1.0180722891566265,166.0,1.0440251572327044,0.14175257731958762,1.030674846625767,163.0,1.038216560509554,157.0,1.026143790849673,153.0,0.95625,232.0,-0.2971633412550731,0.08810193230977877,115.0,117.0,0.2815730205189268,-0.4710850619720307,0.34334358404251575,-0.497546780706008,-0.3,0.325,0.475,0.495,0.52,0.84,0,-32.70451,-10.200078
0.1016949152542373,0.1414242638852849,146.0,1.042857142857143,140.0,0.9929078014184396,141.0,0.9791666666666666,0.10824742268041238,0.9793103448275862,145.0,0.9797297297297296,148.0,0.9866666666666668,150.0,1.0,198.0,-0.296630849581538,0.19091729333521054,99.0,99.0,0.2974959689805541,-0.3730663088749876,0.41711763071611246,-0.5661425048121271,-0.3306283838810017,0.345,0.47,0.505,0.575,0.745,0,-23.600328,6.033442
0.12646675358539766,0.15307101613979524,156.0,1.0129870129870129,154.0,0.9746835443037974,158.0,0.9693251533742332,0.13015463917525774,0.99375,160.0,0.9411764705882352,170.0,1.011904761904762,168.0,0.9882352941176472,220.0,-0.4190789284427694,0.0930847916182257,109.0,111.0,0.24351236504817453,-0.6293091257633985,0.31146459329713283,-0.5675359285879302,-0.4051441401757765,0.34,0.47,0.5,0.52,0.845,0,-29.384838,-13.666751
0.1303780964797914,0.13473639031232304,174.0,0.9775280898876404,178.0,0.9621621621621622,185.0,1.0451977401129944,0.15979381443298968,1.04,175.0,1.0355029585798816,169.0,1.005952380952381,168.0,1.030674846625767,249.0,-0.2046912028225803,0.1839169165524156,122.0,127.0,0.28027198541037845,-0.4863966052614527,0.5865526871497138,-0.5295059521014406,-0.0339463114734393,0.345,0.47,0.495,0.515,0.69,0,-5.4908886,35.161613
0.05084745762711865,0.042620395816810215,212.0,1.422818791946309,149.0,1.0205479452054795,146.0,1.0503597122302155,0.125,1.9135802469135803,81.0,0.8350515463917526,97.0,0.377431906614786,257.0,1.5670731707317074,220.0,-0.2070600438559076,0.33198811507474285,112.0,108.0,0.45188882539619674,-0.1974128393739269,0.7201720789870576,-0.3965479025098452,0.3379302506812994,0.485,0.45,0.515,0.6,0.54,0,9.610532,21.054533
0.13428943937418514,0.13379194261595045,178.0,1.0056497175141244,177.0,1.0114285714285711,175.0,0.9831460674157304,0.1404639175257732,0.9653179190751445,173.0,1.0421686746987953,166.0,0.9822485207100592,169.0,0.9602272727272728,239.0,-0.2449462993459437,0.17356703412565755,123.0,116.0,0.25643741514180557,-0.4568711638912842,0.5202818747784387,-0.5444446182138492,-0.2321499210089859,0.405,0.495,0.515,0.54,0.695,0,-14.509699,35.20356
0.06258148631029987,0.14634259802586164,113.0,1.018018018018018,111.0,0.9736842105263158,114.0,1.0961538461538465,0.07860824742268041,1.1018518518518519,108.0,0.9642857142857144,112.0,1.037037037037037,108.0,0.9473684210526316,160.0,-0.0517022342177877,0.3773451113592747,77.0,83.0,0.3689996013740509,-0.2692225693930759,0.6652486754399032,-0.9201537080099158,0.3729468149301586,0.305,0.44,0.485,0.53,0.795,0,18.71365,21.933863
0.11864406779661017,0.14667432605057212,155.0,1.0130718954248366,153.0,0.9935064935064936,154.0,0.9333333333333332,0.12886597938144329,0.9937106918238994,159.0,0.9695121951219512,164.0,0.9761904761904762,168.0,1.0,219.0,-0.3685453036194315,0.0841838857664955,109.0,110.0,0.25955778615511854,-0.59478811203412,0.312025965390229,-0.5143354150956051,-0.297053613535022,0.325,0.475,0.495,0.52,0.88,0,-30.339474,-13.808232
0.13298565840938723,0.15539731266261378,159.0,1.03921568627451,153.0,0.9683544303797468,158.0,1.0,0.12371134020618557,0.9685534591194969,159.0,0.9875776397515528,161.0,0.9526627218934912,169.0,1.0,215.0,-0.4258981170487311,0.07528768783040025,108.0,107.0,0.24842894300585375,-0.6458587883343972,0.2594941250606008,-0.5251978626426129,-0.4151758793969849,0.385,0.48,0.5,0.525,0.86,0,-29.168142,-15.990203
0.12516297262059975,0.1415748795378283,164.0,0.9371428571428572,175.0,0.9668508287292816,181.0,0.989071038251366,0.16237113402061856,0.9787234042553191,188.0,1.0742857142857145,175.0,1.0416666666666667,168.0,0.9655172413793104,254.0,-0.2099592103892237,0.18652253210892364,126.0,128.0,0.26479717546122655,-0.4990578166019995,0.6061362260253842,-0.3896088112437971,-0.1037412109075227,0.33,0.475,0.5,0.525,0.68,0,-1.2148749,37.191624
0.09908735332464146,0.13602788145136482,148.0,1.0,148.0,1.0422535211267605,142.0,0.9793103448275862,0.09407216494845361,0.9492753623188406,138.0,0.9452054794520548,146.0,0.9798657718120806,149.0,1.0492957746478873,186.0,-0.3850948000772585,0.09736377136430284,95.0,91.0,0.2641275959570257,-0.5840041491031018,0.32066310449934965,-0.5050887047501117,-0.3088906428894862,0.365,0.49,0.515,0.54,0.845,0,-29.489325,-10.702913
0.14341590612777053,0.15228067180832489,169.0,0.9657142857142856,175.0,0.945945945945946,185.0,1.0054347826086956,0.16494845360824742,1.0508474576271187,177.0,1.023121387283237,173.0,1.0236686390532543,169.0,1.005952380952381,250.0,-0.1964614035280868,0.1657173554624035,120.0,130.0,0.27665145792803836,-0.4407476619225166,0.5257028225443908,-0.5274517745607171,-0.0372520941759254,0.32,0.46,0.48,0.505,0.675,0,-13.760996,34.14568
0.10560625814863103,0.13752411119837146,152.0,1.0780141843971631,141.0,1.0071428571428571,140.0,1.0218978102189782,0.10824742268041238,1.0,142.0,1.0070921985815602,141.0,1.0,141.0,1.014388489208633,201.0,-0.2294468949009306,0.18909588366074012,102.0,99.0,0.3087337238775108,-0.2977455016719676,0.439809954492592,-0.5073826621246612,-0.213340697077364,0.34,0.47,0.505,0.58,0.81,0,-22.975252,10.074629
0.10691003911342895,0.1388422183564487,152.0,1.0555555555555556,144.0,1.0588235294117647,136.0,0.9855072463768116,0.11469072164948453,1.0,147.0,1.0575539568345325,139.0,1.0,139.0,0.972027972027972,204.0,-0.2299933365836824,0.18656315895321424,102.0,102.0,0.3096964836321165,-0.2962231211803541,0.4421105337607828,-0.4844287150310016,-0.1961300972631655,0.35,0.465,0.5,0.575,0.805,0,-23.186687,10.340016
0.0938722294654498,0.1502723714735065,134.0,0.9925925925925926,135.0,1.0,135.0,1.062992125984252,0.10051546391752578,1.0303030303030303,132.0,0.9635036496350364,137.0,1.0073529411764706,136.0,1.0149253731343284,193.0,0.125689150476355,0.2217554120776194,98.0,95.0,0.40546816667227675,-0.0987399680236726,0.5073833291421568,-0.3042701015847487,0.3127930540408142,0.35,0.46,0.515,0.54,0.705,0,-16.408678,17.39099
0.10691003911342895,0.13755857151622966,153.0,1.0408163265306123,147.0,1.05,140.0,1.0071942446043165,0.1134020618556701,0.9864864864864865,148.0,1.0422535211267605,142.0,1.0070921985815602,141.0,0.9929577464788732,206.0,-0.2136941785922186,0.18305890310668044,104.0,102.0,0.32852462302958857,-0.2897612559836637,0.4436484108260667,-0.4820194430256427,-0.2391038967555717,0.35,0.47,0.505,0.575,0.835,0,-23.451283,13.568848
0.13298565840938723,0.14398911297370265,168.0,1.030674846625767,163.0,0.9939024390243902,164.0,0.9371428571428572,0.15077319587628865,0.9668508287292817,181.0,0.9836956521739132,184.0,0.9787234042553192,188.0,1.0742857142857145,245.0,-0.1959130773160699,0.1869254442734504,123.0,122.0,0.27449551177119774,-0.4494258045547061,0.6148929215314979,-0.4736282639685252,-0.0983604965268423,0.39,0.485,0.505,0.525,0.675,0,-0.06763171,36.126175
0.05867014341590613,0.14102351073308975,113.0,1.2150537634408602,93.0,0.7560975609756098,123.0,1.108108108108108,0.06701030927835051,1.0185185185185186,108.0,0.9557522123893806,113.0,1.0462962962962965,108.0,0.9818181818181818,150.0,-0.238478325864172,0.44350006623415494,73.0,77.0,0.30470040231552536,-0.5412870676785928,0.7542135813779531,-1.0202814946196124,0.1650132764478673,0.31,0.45,0.495,0.54,0.875,0,21.983986,20.159323
0.11994784876140809,0.14154433803050703,160.0,0.9411764705882352,170.0,1.011904761904762,168.0,0.9882352941176472,0.14304123711340205,1.0,169.0,1.049689440993789,161.0,0.9938271604938272,162.0,1.0384615384615383,232.0,-0.3302071957098771,0.09098966864737078,114.0,118.0,0.2743860670469909,-0.5373232118700915,0.3667744156460382,-0.4142858336724737,-0.2786253210687983,0.375,0.47,0.49,0.51,0.845,0,-33.176964,-6.9727516
0.121251629726206,0.14279653983068039,160.0,1.0256410256410255,156.0,0.9629629629629628,162.0,0.9878048780487804,0.13659793814432988,1.0,164.0,0.9820359281437124,167.0,1.0,167.0,1.0121212121212122,249.0,-0.296076901962154,0.08710693357094869,135.0,114.0,0.2788858010015593,-0.5146330621994802,0.3760986297924522,-0.4109165295271014,-0.2313710404529119,0.44,0.52,0.54,0.56,0.83,0,-33.823227,-6.178729
0.18383311603650587,0.11977734078068467,235.0,2.0982142857142856,112.0,1.0666666666666669,105.0,0.4772727272727273,0.20618556701030927,0.990909090909091,220.0,0.995475113122172,221.0,0.9866071428571428,224.0,2.093457943925233,310.0,-0.3799339200464006,0.6331796122812045,158.0,152.0,0.22132543142341135,-0.5596807010531473,0.903001642096543,-0.8120051092595413,-0.8120051092595413,0.09,0.11,0.145,0.175,0.175,0,25.81482,17.557121
0.10299869621903521,0.14990123089549384,141.0,1.0217391304347827,138.0,1.0,138.0,0.9387755102040816,0.1056701030927835,1.0144927536231885,138.0,0.971830985915493,142.0,0.9726027397260274,146.0,0.9605263157894736,200.0,-0.2466746329383552,0.17583894980962433,102.0,98.0,0.3023030001153596,-0.3164584573714554,0.42958797489328104,-0.4837797242398661,-0.2363387573348927,0.35,0.475,0.51,0.575,0.825,0,-25.135668,7.3488064
0.11734028683181226,0.15214631327197492,150.0,1.0638297872340423,141.0,1.014388489208633,139.0,1.0072463768115942,0.0979381443298969,1.0551181102362204,127.0,0.9477611940298508,134.0,0.91156462585034,147.0,1.027972027972028,191.0,0.0139106293737804,0.27102675667550136,98.0,93.0,0.4907280537284197,-0.0294592889484412,0.6420999338425565,0.4041291809543547,0.4041291809543547,0.485,0.455,0.515,0.55,0.55,0,9.505104,23.084925
0.1408083441981747,0.14629105648232701,172.0,0.9662921348314608,178.0,0.967391304347826,184.0,1.010989010989011,0.15850515463917525,1.0225988700564972,177.0,1.0,177.0,1.0172413793103448,174.0,1.0807453416149069,250.0,-0.1798604337870255,0.18026207146015605,124.0,126.0,0.2762169285010579,-0.4252827452976417,0.6011760595068366,-0.4618157041141402,-0.0902937754667539,0.33,0.475,0.495,0.515,0.67,0,-3.2032695,35.7513
0.14993481095176012,0.14279653983068039,182.0,1.04,175.0,0.9887005649717514,177.0,1.005681818181818,0.15335051546391754,1.0172413793103448,174.0,0.9508196721311476,183.0,0.973404255319149,188.0,1.0444444444444445,244.0,-0.2685251604369311,0.1853456860038799,121.0,123.0,0.26047929162410005,-0.5706703064991401,0.5918798410973684,-0.5712659096355739,-0.0140254360743299,0.35,0.475,0.5,0.52,0.7,0,-3.831383,38.397915
0.0560625814863103,0.1409915642628629,111.0,1.0373831775700937,107.0,0.9907407407407408,108.0,1.018867924528302,0.04639175257731959,0.7642276422764228,123.0,1.128440366972477,109.0,1.0092592592592593,108.0,0.4909090909090909,147.0,-0.0064594694355157,0.4264158829469255,82.0,65.0,0.33852041503381863,-0.3150046088221674,0.7506620287409445,-0.956747934546068,0.2665530512625929,0.355,0.525,0.565,0.61,0.98,0,21.720388,21.325548
0.05736636245110821,0.13252206352156554,117.0,1.3928571428571428,84.0,0.6268656716417911,134.0,1.2523364485981308,0.07603092783505154,1.073394495412844,109.0,0.990909090909091,110.0,1.0,110.0,0.4932735426008968,158.0,0.0026791753277178,0.427859837690131,77.0,81.0,0.37786575345566376,-0.2700021056596396,0.7756103944186686,-0.9525837707517266,0.3838372985831595,0.315,0.445,0.495,0.535,0.83,0,22.416275,22.737139
0.0938722294654498,0.14721607559599817,136.0,0.951048951048951,143.0,1.0,143.0,0.9727891156462584,0.10438144329896908,0.9928571428571429,140.0,0.9523809523809524,147.0,0.9483870967741936,155.0,1.0616438356164384,197.0,-0.250966187019515,0.18097037918435827,100.0,97.0,0.3160327100122273,-0.3199822272384216,0.4224571695635145,-0.5231084867082991,-0.2147092610856284,0.36,0.475,0.505,0.575,0.8,0,-25.637129,8.917168
0.14863102998696218,0.14732427515334118,177.0,1.0411764705882354,170.0,1.0240963855421688,166.0,1.0121951219512195,0.13659793814432988,1.025,160.0,0.9876543209876544,162.0,1.0062111801242235,161.0,0.9817073170731708,233.0,-0.2158789729790095,0.21810493876654455,119.0,114.0,0.265625853191861,-0.5650689704263668,0.66172265848213,-0.43483998342931,-0.1121965098523262,0.395,0.49,0.515,0.535,0.69,0,5.573447,35.275013
0.06258148631029987,0.1661385539698346,103.0,0.927927927927928,111.0,1.0,111.0,0.9652173913043478,0.1791237113402062,1.5038167938931297,131.0,1.212962962962963,108.0,0.9557522123893806,113.0,1.036697247706422,214.0,-0.2831200665898495,0.587966034205022,77.0,137.0,0.4519791617963247,-0.3696746170935501,0.7884226631690686,-0.5067991629659244,-0.5067991629659244,0.585,0.845,0.88,0.92,0.92,0,27.797564,17.072205
0.13298565840938723,0.14890484129494075,164.0,1.051282051282051,156.0,1.0129870129870129,154.0,0.9746835443037974,0.12757731958762886,0.9874213836477987,159.0,0.99375,160.0,0.9411764705882352,170.0,1.011904761904762,222.0,-0.3610149362738257,0.09083144309197619,113.0,109.0,0.26654681855559764,-0.5354030111471355,0.3069465582440284,-0.4407347563995287,-0.3433835144775277,0.385,0.485,0.51,0.535,0.86,0,-30.846512,-14.351192
0.0560625814863103,0.1409915642628629,111.0,0.9910714285714286,112.0,0.991150442477876,113.0,1.036697247706422,0.07087628865979381,1.0660377358490567,106.0,0.9636363636363636,110.0,1.0,110.0,1.0091743119266054,156.0,-0.2836667334268506,0.42049602912948525,77.0,79.0,0.29397327116153255,-0.5924469710583024,0.6802713334999118,-1.3083460806564222,0.1443932607952889,0.32,0.455,0.495,0.54,0.83,0,19.263813,18.972103
0.13428943937418514,0.14639568272938236,167.0,0.9542857142857144,175.0,0.9776536312849162,179.0,0.988950276243094,0.16881443298969073,0.984375,192.0,1.0847457627118644,177.0,1.0350877192982455,171.0,0.9447513812154696,255.0,-0.2588816859469358,0.1634998536684256,123.0,132.0,0.26103484213962985,-0.5235819936565523,0.540307177923393,-0.5709161667467407,-0.157526465817595,0.38,0.46,0.485,0.505,0.665,0,-13.046544,34.943478
0.1303780964797914,0.14279653983068039,167.0,0.9823529411764704,170.0,0.9941520467836256,171.0,0.9553072625698324,0.14432989690721648,0.9714285714285714,175.0,0.9615384615384616,182.0,1.058139534883721,172.0,1.0552147239263805,237.0,-0.2241792111162589,0.18470284785855934,119.0,118.0,0.26723967072803595,-0.4734520591526819,0.598251604667297,-0.4832285237841858,-0.0475546914547633,0.355,0.485,0.505,0.525,0.685,0,-3.6433442,37.240593
0.1290743155149935,0.14159682553111305,167.0,1.0569620253164558,158.0,1.0326797385620916,153.0,0.9745222929936306,0.1559278350515464,1.0112994350282485,177.0,1.005681818181818,176.0,1.0,176.0,0.9943502824858758,252.0,-0.2597257480672114,0.18570995641043497,127.0,125.0,0.2511797898786226,-0.573842108279222,0.5794071327760157,-0.4378163606733558,-0.2604206369597606,0.39,0.48,0.505,0.53,0.66,0,-7.436443,38.722485
0.13559322033898305,0.13384224762832328,179.0,0.9728260869565216,184.0,1.0760233918128654,171.0,1.0301204819277108,0.14561855670103094,1.06875,160.0,0.975609756097561,164.0,0.993939393939394,165.0,0.9821428571428572,245.0,-0.187783934308661,0.18354330860697926,126.0,119.0,0.273576963550505,-0.429205059500375,0.582575877938462,-0.3746294887765811,-0.1386542485460559,0.335,0.49,0.515,0.54,0.695,0,-5.649357,36.647194
0.14863102998696218,0.13846459846791842,185.0,1.0451977401129944,177.0,1.047337278106509,169.0,0.971264367816092,0.1404639175257732,0.9823529411764705,170.0,0.9941520467836256,171.0,1.0058823529411764,170.0,0.9497206703910616,241.0,-0.1792101011250478,0.18876368019249753,125.0,116.0,0.2779207082183739,-0.4224319991167312,0.6245311068034359,-0.4742489604492829,0.0130358132340158,0.41,0.5,0.52,0.54,0.71,0,0.99160147,34.57779
0.17079530638852672,0.17308235081161788,172.0,1.0617283950617284,162.0,1.0,162.0,1.0384615384615383,0.13015463917525774,1.0063291139240507,158.0,1.0,158.0,0.9813664596273292,161.0,0.9640718562874252,225.0,-0.3266656761263969,0.08966518024568697,114.0,111.0,0.2707479832044995,-0.4888919036547036,0.36753072584699675,-0.4258194295509899,-0.2552735348887939,0.385,0.49,0.51,0.53,0.8,0,-37.876553,-8.244988
0.14602346805736635,0.14974517409753843,173.0,0.9829545454545454,176.0,0.967032967032967,182.0,0.9578947368421052,0.163659793814433,0.9585492227979274,193.0,1.032085561497326,187.0,1.050561797752809,178.0,0.9834254143646408,252.0,-0.262121444943705,0.1643128824165911,123.0,129.0,0.2631967541987564,-0.5147300310186567,0.5240936972522361,-0.6439956192425722,-0.0877946816945206,0.345,0.465,0.49,0.51,0.685,0,-14.331483,34.634995
0.08213820078226858,0.14279653983068039,130.0,1.031746031746032,126.0,0.9921259842519684,127.0,0.9548872180451128,0.08762886597938144,0.9402985074626866,134.0,0.978102189781022,137.0,0.958041958041958,143.0,1.0514705882352942,183.0,-0.2173771520130256,0.196969514190878,95.0,88.0,0.30526636996197865,-0.4283843136586468,0.40324758256514737,-0.7587066209085066,0.1885628792112236,0.365,0.465,0.52,0.57,0.76,0,-19.984728,5.2210956
0.1290743155149935,0.13249270787496803,175.0,0.9615384615384616,182.0,1.04,175.0,1.0355029585798816,0.16108247422680413,1.063953488372093,172.0,0.9942196531791908,173.0,0.9829545454545454,176.0,1.0057142857142858,,-0.1878040548352385,0.19315065298749237,126.0,128.0,0.27972854093649635,-0.4775153142332802,0.6326138025584769,-0.4963369240058561,0.126233257959583,0.355,0.475,0.5,0.52,0.705,0,2.0769725,35.849182
0.05867014341590613,0.1483108229874072,109.0,1.0,109.0,0.990909090909091,110.0,1.0091743119266054,0.06701030927835051,0.9821428571428571,112.0,1.018181818181818,110.0,1.0,110.0,0.9821428571428572,151.0,0.0061756315097427,0.4176355841309371,74.0,77.0,0.35383394507306165,-0.2705789331276598,0.8057281618821519,-0.7688356855391252,0.4539097853082832,0.3,0.455,0.495,0.54,0.855,0,23.202484,22.179085
0.1408083441981747,0.15114455183183623,168.0,0.9655172413793104,174.0,1.0235294117647058,170.0,0.9941520467836256,0.14304123711340205,0.9883040935672515,171.0,,176.0,1.0,176.0,1.0414201183431953,233.0,-0.2104394207959148,0.17851578110988378,115.0,118.0,0.2672406068029867,-0.4358061021731261,0.558354567628056,-0.3954854191678288,-0.2446094573517387,0.375,0.475,0.5,0.525,0.67,0,-10.628571,36.32434
0.1121251629726206,0.14545021251978954,151.0,0.9320987654320988,162.0,0.9473684210526316,171.0,0.9827586206896552,0.030927835051546393,0.3082706766917293,266.0,1.5739644970414202,169.0,1.049689440993789,161.0,1.0320512820512822,166.0,-0.2222003275364335,0.2546480981364676,109.0,57.0,0.3798252860044462,-0.2480336877444198,0.47422582198026686,-0.3997225605639645,0.1618412188966328,0.615,0.565,0.665,0.79,0.705,0,-15.873069,14.4208765
0.10560625814863103,0.14415948056556296,147.0,1.0208333333333333,144.0,0.9863013698630136,146.0,1.020979020979021,0.1211340206185567,1.8313253012048192,83.0,0.4068627450980392,204.0,1.457142857142857,140.0,1.0071942446043165,206.0,-0.2515531638843453,0.20303674075919959,100.0,106.0,0.30492423287359943,-0.3114321608040201,0.44107696604827845,-0.5316955412406905,-0.2272039690353172,0.32,0.45,0.49,0.565,0.75,0,-20.949554,10.302121
0.0560625814863103,0.12921333386269798,118.0,1.0825688073394495,109.0,0.990909090909091,110.0,1.0,0.06314432989690721,0.47555555555555556,225.0,2.710843373493976,83.0,0.6014492753623188,138.0,0.6052631578947368,153.0,-0.2716448788039237,0.43484178992607536,79.0,74.0,0.2557990251365595,-0.6149893186282349,0.7468415875230275,-1.1041295838850114,0.240006047848771,0.335,0.485,0.525,0.57,0.845,0,21.201973,18.702013
0.13559322033898305,0.13710471346625594,176.0,1.0,176.0,1.0414201183431953,169.0,1.05625,0.14948453608247422,1.029585798816568,169.0,1.0242424242424242,165.0,0.9428571428571428,175.0,0.9615384615384616,241.0,-0.2575222249150489,0.18331092187841191,120.0,121.0,0.25562339342786733,-0.564139267288547,0.5675274862601781,-0.448164474239057,-0.1646261198463066,0.34,0.475,0.5,0.525,0.685,0,-8.162757,38.363735
0.11994784876140809,0.13434794937167932,166.0,1.2868217054263569,129.0,0.6548223350253807,197.0,1.1726190476190477,0.14304123711340205,1.0242424242424242,165.0,1.012269938650307,163.0,1.0316455696202531,158.0,1.0,232.0,-0.3070235773066154,0.09512527768387356,114.0,118.0,0.2841807966365814,-0.5425588032060477,0.3797150648532021,-0.3976876812983787,-0.2739992939014741,0.33,0.47,0.49,0.51,0.8,0,-33.984985,-5.5505066
0.08735332464146023,0.2005904690694516,104.0,0.8666666666666667,120.0,1.0714285714285714,112.0,1.4177215189873418,0.07345360824742268,1.0849056603773586,106.0,0.9724770642201837,109.0,0.9478260869565216,115.0,1.0176991150442478,157.0,0.1185333204461798,0.38934862335337994,77.0,80.0,0.3533567289684141,-0.2116288182051049,0.7460710699457372,-0.7884866362106783,0.5061275364890692,0.3,0.455,0.495,0.54,0.79,0,20.7525,22.22071
0.15645371577574968,0.14496251051206133,185.0,1.022099447513812,181.0,1.0903614457831323,166.0,0.988095238095238,0.13917525773195877,0.9764705882352941,170.0,0.9444444444444444,180.0,0.989010989010989,182.0,1.0055248618784531,239.0,-0.1460788977248178,0.19058310297221245,123.0,116.0,0.2854388823981399,-0.4094634748013611,0.6383384144878337,-0.4141422834543148,-0.0742367647666854,0.395,0.495,0.515,0.535,0.68,0,1.8771439,33.964188
0.09517601043024772,0.1471838162108499,137.0,1.045801526717557,131.0,1.0,131.0,0.9924242424242424,0.0979381443298969,0.9852941176470589,136.0,1.0149253731343284,134.0,0.9640287769784172,139.0,0.972027972027972,188.0,-0.154578472190555,0.2162091182156767,95.0,93.0,0.3076275174588409,-0.3460483127377499,0.4311104825320023,-0.5562588487208919,0.3554215546334435,0.35,0.465,0.51,0.535,0.77,0,-18.941603,8.999425
0.06779661016949153,0.24810992199910797,78.0,0.2857142857142857,273.0,1.832214765100671,149.0,0.9675324675324676,0.1134020618556701,1.0503597122302157,139.0,0.9455782312925172,147.0,0.9865771812080536,149.0,0.9141104294478528,206.0,-0.160478728518186,0.2983239004708551,104.0,102.0,0.41850773928121804,-0.180803832655353,0.6542423378370137,-0.3764321608040201,-0.1550641644882092,0.475,0.445,0.505,0.61,0.805,0,12.7824745,25.119986
0.05084745762711865,0.14279653983068039,106.0,0.9724770642201837,109.0,0.9732142857142856,112.0,1.037037037037037,0.06829896907216494,0.9823008849557522,113.0,0.9912280701754386,114.0,1.0363636363636364,110.0,0.9734513274336284,152.0,0.247230680168503,0.36748081722458337,75.0,77.0,0.397672433254482,-0.0598124378555042,0.72514241570826,-0.5204646232799779,0.785366939679789,0.295,0.45,0.495,0.54,0.805,0,20.339647,23.139439
0.11082138200782268,0.14546790367105025,150.0,1.020408163265306,147.0,1.0068493150684932,146.0,1.0354609929078014,0.1134020618556701,1.028169014084507,142.0,1.0070921985815602,141.0,0.9724137931034482,145.0,0.9931506849315068,207.0,-0.211648682062098,0.1894004587050262,105.0,102.0,0.32513390441097534,-0.2833292874948194,0.4574583875763631,-0.4816804343165679,-0.2447310429011272,0.355,0.475,0.51,0.575,0.845,0,-21.444485,13.952519
0.08604954367666232,0.1369468379904544,137.0,1.0223880597014925,134.0,1.0551181102362204,127.0,1.0,0.09922680412371133,0.9782608695652174,138.0,1.022222222222222,135.0,1.0305343511450382,131.0,1.0234375,188.0,-0.1540683918563684,0.22583741757826675,94.0,94.0,0.339827212621791,-0.372007554742244,0.42960841531112204,-0.7796481877696018,0.1278409316892673,0.345,0.45,0.505,0.555,0.735,0,-17.601423,9.778646
0.05345501955671447,0.14279653983068039,108.0,0.9642857142857144,112.0,1.0566037735849056,106.0,0.4711111111111111,0.06958762886597938,1.009009009009009,111.0,0.9736842105263158,114.0,0.5352112676056338,213.0,2.3666666666666667,155.0,0.0870439591845781,0.4005912239231592,77.0,78.0,0.41130742094095124,-0.2219668466200424,0.7869497373744709,-0.6438546718231607,0.5765380845396102,0.32,0.455,0.5,0.545,0.83,0,22.601225,23.59999
0.09126466753585398,0.1371127869788296,141.0,0.9791666666666666,144.0,1.006993006993007,143.0,1.0,0.10438144329896908,0.972027972027972,143.0,0.9470198675496688,151.0,1.0202702702702702,148.0,0.9932885906040269,193.0,-0.281776287531248,0.19335426285560467,96.0,97.0,0.296791206979532,-0.3810976260040093,0.42839490818913695,-0.5605302089147395,-0.2452633015345612,0.34,0.46,0.495,0.565,0.805,0,-22.512486,6.852143
0.13428943937418514,0.1488678212860665,165.0,1.0855263157894737,152.0,0.987012987012987,154.0,1.0,0.12628865979381443,1.0129870129870129,154.0,0.9625,160.0,0.9696969696969696,165.0,0.9763313609467456,225.0,-0.3301834531779244,0.0969589899660765,116.0,109.0,0.28009766990080953,-0.5283956319527842,0.38808196919129395,-0.4802477710847443,-0.2889376658350437,0.395,0.495,0.52,0.54,0.83,0,-34.023655,-3.9594893
0.1316818774445893,0.1476831810020887,164.0,1.0789473684210529,152.0,0.9743589743589745,156.0,0.968944099378882,0.13144329896907217,1.0457516339869282,153.0,0.9161676646706588,167.0,0.9940476190476192,168.0,1.0059880239520955,227.0,-0.2904190900311315,0.08600003665303295,115.0,112.0,0.2880266782913475,-0.5211579743103661,0.36585408684196535,-0.3796412620468748,-0.2810179160381439,0.35,0.485,0.505,0.525,0.86,0,-35.143074,-7.5164633
0.10821382007822686,0.14279653983068039,150.0,1.0416666666666667,144.0,1.0140845070422535,142.0,0.9726027397260274,0.11984536082474227,0.9617834394904459,157.0,0.9751552795031057,161.0,0.9817073170731708,164.0,1.0061349693251531,214.0,-0.3379920052085407,0.08995974525927661,109.0,105.0,0.2778231426095725,-0.5457774363784963,0.3459579854089332,-0.4266725495908157,-0.2555088592518424,0.385,0.49,0.51,0.535,0.845,0,-31.64949,-9.369085
0.09908735332464146,0.13867971199449397,146.0,1.020979020979021,143.0,0.9930555555555556,144.0,0.9473684210526316,0.10824742268041238,0.9726027397260274,146.0,0.935897435897436,156.0,1.0,156.0,0.981132075471698,199.0,-0.2324844138529354,0.08879055373239186,100.0,99.0,0.3180410120044741,-0.4631177595299924,0.37571550126253644,-0.3265939010441597,-0.1965302135206341,0.37,0.48,0.505,0.53,0.835,0,-37.3615,-4.9638453
0.05997392438070404,0.14103906361991073,114.0,1.0,114.0,1.0458715596330277,109.0,0.9478260869565216,0.06958762886597938,1.009009009009009,111.0,0.9910714285714286,112.0,1.009009009009009,111.0,1.0,160.0,-0.0956647676053652,0.4720295419823366,82.0,78.0,0.34027403456797556,-0.494054700799469,0.7705647475397297,-1.1351228699700249,0.2294491180763305,0.34,0.475,0.515,0.56,0.81,0,23.184895,20.533712
0.13820078226857888,0.14279653983068039,173.0,1.054878048780488,164.0,0.970414201183432,169.0,0.9825581395348836,0.13402061855670103,0.9473684210526315,171.0,0.9606741573033708,178.0,1.0,178.0,1.0229885057471264,229.0,-0.2798376592180362,0.20617780831127117,116.0,113.0,0.26385946626763673,-0.5372211276959855,0.6226815655317187,-0.5974261095602622,-0.2969331715806753,0.36,0.49,0.51,0.53,0.675,0,2.037836,38.6258
0.1121251629726206,0.1389436112147623,156.0,0.9873417721518988,158.0,1.0128205128205128,156.0,1.0758620689655172,0.11855670103092783,1.0344827586206897,145.0,0.9863945578231292,147.0,1.027972027972028,143.0,1.0214285714285714,214.0,-0.3213542781879238,0.08147114132114594,109.0,105.0,0.27537139490330176,-0.5350134900519584,0.3352160191527287,-0.4228206298118519,-0.2560096063947812,0.385,0.49,0.515,0.535,0.845,0,-31.607489,-10.8612385
0.11473272490221642,0.13899238246306503,158.0,0.9875,160.0,0.935672514619883,171.0,1.0058823529411764,0.14561855670103094,0.9553072625698324,179.0,1.046783625730994,171.0,1.0301204819277108,166.0,0.988095238095238,237.0,-0.2949808255167052,0.18920918573180628,118.0,119.0,0.24960014041348436,-0.5604140242012153,0.5636416456626668,-0.5299707945559589,-0.036362512262942,0.34,0.475,0.5,0.52,0.7,0,-8.95063,38.93115
0.08996088657105607,0.1398928834824523,138.0,0.9857142857142858,140.0,0.9655172413793104,145.0,0.9666666666666668,0.10438144329896908,0.972027972027972,143.0,0.9533333333333334,150.0,1.0,150.0,0.986842105263158,194.0,-0.247017824800161,0.1943316130088046,97.0,97.0,0.2995538310734508,-0.3261369679488942,0.43670344466542266,-0.520598418289981,-0.2010313994118387,0.335,0.465,0.5,0.58,0.755,0,-22.203247,7.67921
0.12385919165580182,0.14156738468940594,163.0,0.9055555555555556,180.0,0.9836065573770492,183.0,1.0457142857142858,0.15979381443298968,0.978494623655914,186.0,1.1411042944785277,163.0,1.0124223602484472,161.0,0.9526627218934912,252.0,-0.070801330888173,0.315618668033478,125.0,127.0,0.325305564201199,-0.0629659451020246,0.728446515824777,-0.2982582951113246,0.5339186698798077,0.335,0.46,0.495,0.605,0.52,0,10.3414345,29.975481
0.14471968709256844,0.14279653983068039,178.0,1.0229885057471264,174.0,0.9942857142857144,175.0,1.023391812865497,0.14690721649484537,0.9885057471264368,174.0,1.0057803468208093,173.0,0.9664804469273744,179.0,0.9728260869565216,243.0,-0.2550234442463982,0.18327581150704766,123.0,120.0,0.25460097489590977,-0.5626808826262053,0.5912422214571935,-0.5568295457514549,-0.1862261737366092,0.4,0.485,0.51,0.53,0.675,0,-4.221461,38.76364
0.1316818774445893,0.146439308703912,165.0,1.0377358490566038,159.0,1.0460526315789471,152.0,0.95,0.12757731958762886,1.0064102564102564,156.0,0.9936305732484076,157.0,0.9289940828402368,169.0,1.005952380952381,225.0,-0.2965334689001854,0.10126340338441248,116.0,109.0,0.2890265920622624,-0.4912962948541108,0.3994741903758971,-0.3818645321387002,-0.2705981723982222,0.395,0.495,0.515,0.535,0.84,0,-34.304127,-3.0175273
0.10821382007822686,0.1468853620353281,147.0,1.013793103448276,145.0,1.0211267605633805,142.0,0.993006993006993,0.1134020618556701,1.028169014084507,142.0,1.0215827338129495,139.0,0.972027972027972,143.0,1.0070422535211268,209.0,-0.2230312154394363,0.1954907606448531,107.0,102.0,0.3173407337379513,-0.2952715447298872,0.45307854821604204,-0.5015353154466464,-0.1970806048451946,0.35,0.475,0.515,0.585,0.76,0,-21.170746,12.865495
0.1316818774445893,0.1404394540891776,170.0,1.0303030303030305,165.0,1.0377358490566038,159.0,0.9814814814814816,0.13659793814432988,1.0789473684210527,152.0,0.9743589743589745,156.0,0.968944099378882,161.0,1.0125786163522013,231.0,-0.2328713890113409,0.1043590012695645,117.0,114.0,0.30244563439132877,-0.4779119470346332,0.43073071758750253,-0.3040497154167859,-0.1776817973773411,0.345,0.485,0.51,0.53,0.83,0,-33.80805,-0.42977265
0.08735332464146023,0.14896122561614933,130.0,0.9848484848484848,132.0,0.9295774647887324,142.0,1.0070921985815602,0.08634020618556701,0.9615384615384616,130.0,0.9774436090225564,133.0,0.95,140.0,1.0144927536231885,171.0,-0.0177373164137967,0.2208108913043295,84.0,87.0,0.36901161884105627,-0.249765382904137,0.4241991288111118,-0.4992021735845137,0.3640832675802346,0.325,0.435,0.495,0.525,0.785,0,-16.909325,10.805298
0.08604954367666232,0.1458553533883558,131.0,0.9703703703703704,135.0,0.9183673469387756,147.0,0.9932432432432432,0.09922680412371133,0.9642857142857143,140.0,0.958904109589041,146.0,1.0579710144927537,138.0,1.0,187.0,-0.232868860273529,0.20155075158577213,93.0,94.0,0.2957006542007129,-0.4875161265642059,0.3543854280765656,-0.6620625773569676,0.1909457333021375,0.345,0.45,0.5,0.525,0.74,0,-20.185942,2.7069488
0.17992177314211213,0.17714264634972163,175.0,1.0542168674698795,166.0,1.0573248407643312,157.0,1.0,0.13530927835051546,1.0516129032258064,155.0,1.0064935064935066,154.0,0.9625,160.0,1.0126582278481011,231.0,-0.2855040428777796,0.09275633142220462,117.0,114.0,0.2894365849635898,-0.4912469063751309,0.37947278417037694,-0.3618044336201385,-0.2480264535789682,0.385,0.485,0.51,0.53,0.815,0,-38.06493,-7.844284
0.15123859191655803,0.14170766870009485,184.0,1.022222222222222,180.0,1.0344827586206895,174.0,1.0057803468208093,0.1481958762886598,1.0176470588235293,170.0,0.9826589595375722,173.0,1.0116959064327486,171.0,0.9553072625698324,246.0,-0.2144068835308804,0.21225814720479688,125.0,121.0,0.26267451523161117,-0.4824966185102889,0.6239318108249898,-0.3474629076384533,0.0542371468931491,0.39,0.49,0.51,0.535,0.695,0,3.088347,38.23056
0.14863102998696218,0.14732427515334118,177.0,0.988826815642458,179.0,1.0,179.0,0.9781420765027322,0.163659793814433,1.0,185.0,1.0511363636363635,176.0,1.0057142857142858,175.0,0.9510869565217392,256.0,-0.1913391971314085,0.15828678090868867,127.0,129.0,0.26929073286068395,-0.4197286569781668,0.5121855673813059,-0.5355584614781507,0.0063972156062763,0.395,0.475,0.5,0.52,0.68,0,-15.035952,33.979782
0.10039113428943937,0.14852089091718723,140.0,0.9859154929577464,142.0,1.0070921985815602,141.0,0.9724137931034482,0.10309278350515463,1.4375,96.0,0.5052631578947369,190.0,1.2666666666666666,150.0,1.0273972602739727,192.0,-0.2734655872992641,0.19528135506947034,96.0,96.0,0.2996224391317092,-0.3876909066880683,0.42616655141032483,-0.5777981959054409,-0.2908327057221418,0.335,0.465,0.5,0.57,0.815,0,-22.83637,6.8562064
0.11603650586701435,0.1377877326299869,160.0,0.9876543209876544,162.0,0.9938650306748468,163.0,1.0124223602484472,0.14432989690721648,1.0493827160493827,162.0,1.0318471337579618,157.0,1.026143790849673,153.0,0.9935064935064936,227.0,-0.2911617942893169,0.08887201396400074,109.0,118.0,0.2811322187112536,-0.4987356039790007,0.36352289923850994,-0.3907907902005667,-0.2314339123778292,0.315,0.46,0.48,0.505,0.81,0,-33.25461,-7.3205404
0.0847457627118644,0.14745589536620923,129.0,1.015748031496063,127.0,1.032520325203252,123.0,0.984,0.09922680412371133,0.9926470588235294,136.0,1.0381679389312977,131.0,1.0396825396825398,126.0,1.0161290322580645,191.0,0.0732056477625553,0.20248949376002026,97.0,94.0,0.36825903911327684,-0.0920092913567296,0.49803203996619283,-0.3537417189713386,0.4481863911777944,0.335,0.47,0.51,0.535,0.735,0,-17.13683,17.421846
0.15254237288135594,0.13545378581919254,191.0,1.0494505494505495,182.0,1.058139534883721,172.0,0.9662921348314608,0.14432989690721648,0.9659090909090909,176.0,0.946236559139785,186.0,1.0163934426229508,183.0,1.0397727272727273,239.0,-0.306760043179301,0.16571217954624512,121.0,118.0,0.2500180325692657,-0.4800775564336473,0.5280789765544357,-0.5197854025007733,-0.1974016685855108,0.395,0.485,0.505,0.53,0.68,0,-14.571749,35.716908
0.12777053455019557,0.13690382547692334,170.0,1.1111111111111112,153.0,1.0551724137931036,145.0,1.0,0.12242268041237113,1.06993006993007,143.0,1.0214285714285714,140.0,0.9395973154362416,149.0,0.9612903225806452,216.0,-0.1742302185122762,0.3056194500290701,109.0,107.0,0.4534783013376256,-0.184226595911993,0.6590233217334234,-0.4120230661965127,0.3179800998423672,0.48,0.445,0.51,0.64,0.54,0,9.848919,23.59773
0.11603650586701435,0.1273848253670081,169.0,0.976878612716763,173.0,1.1233766233766234,154.0,1.0198675496688745,0.1327319587628866,1.0454545454545454,154.0,1.0405405405405406,148.0,1.0,148.0,0.961038961038961,227.0,-0.3352788893672563,0.07793107197457705,115.0,112.0,0.2703719067224585,-0.5847057348376542,0.32459565755626596,-0.4932999973740285,-0.2840721349213678,0.35,0.485,0.505,0.525,0.875,0,-30.881407,-12.319465
0.1408083441981747,0.1536590132779675,166.0,1.0,166.0,0.9273743016759776,179.0,1.0112994350282485,0.14432989690721648,0.9550561797752809,178.0,1.0289017341040465,173.0,1.0,173.0,1.005813953488372,230.0,-0.1797126003744096,0.17888815099933775,112.0,118.0,0.27810752708324266,-0.4928212783554085,0.5922780886226809,-0.4438497994373382,-0.1590152958854234,0.34,0.465,0.49,0.51,0.86,0,-4.6928015,35.723454
0.09778357235984354,0.13211108446920092,150.0,1.0135135135135136,148.0,0.9866666666666668,150.0,1.0344827586206895,0.11597938144329897,1.0068027210884354,147.0,1.0,147.0,1.0575539568345325,139.0,0.9788732394366196,206.0,-0.3056349755188742,0.1868826188631628,103.0,103.0,0.29272854556323863,-0.3774493720099753,0.4016544129476231,-0.5656994017303658,-0.3072089453723508,0.345,0.465,0.505,0.58,0.845,0,-24.492079,4.6447425
0.05736636245110821,0.14279653983068039,111.0,1.0277777777777777,108.0,0.9818181818181818,110.0,0.990990990990991,0.06572164948453608,1.0092592592592593,108.0,1.0,108.0,0.9310344827586208,116.0,1.0,151.0,0.1311212261745024,0.40947781096003455,75.0,76.0,0.3787962398758821,-0.1992039994689313,0.8288532710144618,-0.6534448620028417,0.8059426847807308,0.315,0.455,0.495,0.545,0.835,0,23.508575,22.987999
0.11864406779661017,0.14667432605057212,155.0,0.981012658227848,158.0,0.9875,160.0,0.935672514619883,0.14304123711340205,0.9883040935672515,171.0,0.9553072625698324,179.0,1.046783625730994,171.0,1.0301204819277108,230.0,-0.2821344638414099,0.2118583930489971,112.0,118.0,0.24349266319615942,-0.6311181241628427,0.6286244667302745,-0.5700943615676776,-0.1240442032543153,0.375,0.465,0.49,0.51,0.68,0,1.7086954,40.2848
0.007822685788787484,0.008623966852827113,221.0,1.4258064516129032,155.0,0.96875,160.0,1.0,0.11082474226804123,0.96,150.0,1.0,150.0,1.020408163265306,147.0,1.5154639175257731,233.0,-0.1150217572388287,0.2356238509031531,133.0,100.0,0.31153012347390785,-0.2380460365692076,0.6350412683991883,0.2402609102542554,0.2402609102542554,0.445,0.53,0.575,0.6,0.6,0,4.7714844,19.924454
0.11473272490221642,0.1481038852088987,151.0,1.0342465753424657,146.0,1.0354609929078014,141.0,1.0217391304347827,0.11855670103092783,1.0273972602739727,146.0,1.042857142857143,140.0,1.0144927536231885,138.0,0.971830985915493,207.0,-0.239464262252902,0.18175946418131858,102.0,105.0,0.31348806939386703,-0.3139269716605857,0.42096925149370357,-0.5348492462311556,-0.2253978020009966,0.33,0.46,0.495,0.57,0.795,0,-25.683155,7.3453565
0.14471968709256844,0.1331539163427143,187.0,1.0446927374301676,179.0,1.0346820809248556,173.0,0.9942528735632185,0.12886597938144329,0.9634146341463414,164.0,0.9647058823529412,170.0,0.9550561797752808,178.0,1.0056497175141244,230.0,-0.1848824710874539,0.18486626887726326,120.0,110.0,0.2729949352552926,-0.4355734135877333,0.5875081937935017,-0.4123682002658635,-0.1686568816130272,0.41,0.5,0.52,0.545,0.7,0,-4.8455834,37.81405
0.1303780964797914,0.13363757809226942,175.0,1.0606060606060606,165.0,1.0509554140127388,157.0,1.0,0.13530927835051546,1.0382165605095541,157.0,1.0064102564102564,156.0,0.9570552147239264,163.0,0.9760479041916168,230.0,-0.2820205339064192,0.10895005964766825,116.0,114.0,0.2852708082916635,-0.5316668938867768,0.39953049955027803,-0.3163802849550316,-0.2428050000048657,0.39,0.48,0.505,0.53,0.83,0,-33.620342,-2.7736847
0.14993481095176012,0.15200813928023166,174.0,1.0674846625766872,163.0,0.9588235294117649,170.0,0.9392265193370166,0.11211340206185567,1.013986013986014,143.0,0.959731543624161,149.0,0.9933333333333332,150.0,1.0,205.0,-0.2852440564023023,0.19190940956755884,104.0,101.0,0.24312633885129126,-0.5318043275820937,0.5574763458862425,-0.6300897105110785,-0.1637468581221577,0.395,0.485,0.51,0.535,0.715,0,-7.34095,41.01773
0.13428943937418514,0.15012650158779284,164.0,1.0123456790123455,162.0,0.9700598802395208,167.0,0.9277777777777778,0.163659793814433,0.9438775510204082,196.0,1.037037037037037,189.0,1.0,189.0,1.0384615384615383,252.0,-0.232342676116437,0.16474147729301164,123.0,129.0,0.2687117564580436,-0.4735158290596464,0.5696220670887,-0.5599335570166764,-0.1169245367257156,0.345,0.47,0.49,0.51,0.655,0,-8.827045,35.956722
0.13298565840938723,0.14161799695992897,170.0,1.0,170.0,1.0493827160493827,162.0,1.0125,0.15206185567010308,1.0666666666666667,165.0,0.953757225433526,173.0,1.0,173.0,0.9774011299435028,251.0,-0.2821349403729508,0.20152529798731528,128.0,123.0,0.2534250938544192,-0.5568075883177158,0.5792131853089892,-0.5117559079151772,-0.3094376173451574,0.39,0.49,0.515,0.535,0.68,0,-6.7540565,39.11829
0.12516297262059975,0.14913680211003924,158.0,1.0463576158940395,151.0,0.9741935483870968,155.0,1.0130718954248366,0.1095360824742268,0.9862068965517241,145.0,0.9294871794871796,156.0,0.9629629629629628,162.0,1.8837209302325584,200.0,-0.2629455519217057,0.3293791999618865,100.0,100.0,0.37921828910332933,-0.2754884786118262,0.699469719470162,-0.4569768021466234,0.2069537482930222,0.47,0.46,0.505,0.6,0.535,0,10.924199,24.809149
0.10821382007822686,0.1414697034861258,151.0,0.993421052631579,152.0,1.0555555555555556,,1.0434782608695652,0.11855670103092783,1.0344827586206897,145.0,0.9931506849315068,146.0,1.042857142857143,140.0,0.9929078014184396,210.0,-0.1749196602607987,0.1886929347814137,105.0,105.0,0.3190127602870161,-0.2398538243694783,0.4583493934554905,-0.4344043752941606,-0.130017052830836,0.34,0.47,0.5,0.58,0.76,0,-21.426952,13.48397
0.0847457627118644,0.1458788827234148,130.0,0.948905109489051,137.0,0.9647887323943662,142.0,0.9861111111111112,0.12628865979381443,0.9936305732484076,157.0,0.9751552795031057,161.0,1.0254777070063694,157.0,0.9573170731707316,210.0,-0.1078266781067012,0.28136891898556926,101.0,109.0,0.33140007040206765,-0.115218523754904,0.6477584355388294,-0.3248975868567598,0.0401350457546626,0.335,0.425,0.485,0.58,0.54,0,7.408009,27.764696
0.15384615384615385,0.15793944532114912,172.0,1.0058479532163742,171.0,1.0118343195266273,169.0,0.949438202247191,0.15721649484536082,0.989010989010989,182.0,0.9891304347826086,184.0,1.010989010989011,182.0,1.0167597765363128,245.0,-0.7591846483310627,0.15059307293222338,120.0,125.0,0.1273747666813127,-0.9231425117975364,0.3266408776129133,-1.1682221553858254,-0.7007508298405405,0.36,0.47,0.495,0.515,0.67,0,-25.456024,-4.497227
0.1290743155149935,0.14279653983068039,166.0,1.031055900621118,161.0,1.018987341772152,158.0,1.0128205128205128,0.13015463917525774,1.0460526315789473,152.0,0.95,160.0,0.98159509202454,163.0,1.481818181818182,226.0,-0.3086758748834242,0.09618086209107106,115.0,111.0,0.29049523716002584,-0.5383315742679737,0.385140492276441,-0.4349195547258703,-0.3039021567017692,0.385,0.485,0.51,0.53,0.865,0,-34.661846,-4.249064
0.13689700130378096,0.14396819063786012,171.0,1.0118343195266273,169.0,0.949438202247191,178.0,1.0,0.15979381443298968,0.9891304347826086,184.0,1.010989010989011,182.0,1.0167597765363128,179.0,1.098159509202454,252.0,-0.7582676482299897,0.14845725149601338,125.0,127.0,0.10152795857121731,-0.943625880063156,0.3139766630155645,-1.2076759051063457,-0.6986205270968542,0.39,0.475,0.5,0.52,0.67,0,-25.433052,-4.556969
0.14341590612777053,0.13729235609365453,182.0,0.9528795811518324,191.0,1.0380434782608696,184.0,0.9945945945945946,0.16881443298969073,1.0441988950276244,181.0,1.0342857142857145,175.0,0.9722222222222222,180.0,0.967741935483871,265.0,-0.1736900173434311,0.1769977045652602,133.0,132.0,0.2723006765367215,-0.4630001459500311,0.6144029070014918,-0.4565654096177977,-0.0909838600545228,0.4,0.48,0.505,0.525,0.655,0,-1.1500452,35.341576
0.09778357235984354,0.1456587153739338,140.0,1.0218978102189782,137.0,0.9927536231884058,138.0,1.022222222222222,0.10695876288659793,1.0,141.0,1.0291970802919708,137.0,1.078740157480315,127.0,0.9769230769230768,193.0,-0.0240206986324464,0.21770660443931625,95.0,98.0,0.3501582310810984,-0.2634315639854311,0.45497251989515564,-0.4374440332359424,0.3823789032071184,0.335,0.435,0.495,0.525,0.73,0,-18.430086,15.394344
0.11603650586701435,0.1262969396401606,170.0,0.96045197740113,177.0,0.99438202247191,178.0,1.0113636363636365,0.15979381443298968,1.0,182.0,1.04,175.0,0.9887005649717514,177.0,1.005681818181818,258.0,-0.2554039839839515,0.19977237069455298,131.0,127.0,0.25980572981449174,-0.4667868897716629,0.6144551438055622,-0.5445767337309436,-0.1712064753150698,0.35,0.49,0.51,0.53,0.685,0,0.8233962,37.957623
0.12385919165580182,0.14657677168026043,159.0,0.8983050847457628,177.0,1.0172413793103448,174.0,1.0175438596491229,0.03479381443298969,0.33203125,256.0,1.5802469135802468,162.0,0.9938650306748468,163.0,1.0316455696202531,166.0,-0.1773942017239628,0.3824195932388931,107.0,59.0,0.30770919189055573,-0.1741171935204618,0.7146984888196919,-0.3912412865744852,-0.0702564107399515,0.46,0.59,0.65,0.795,0.715,0,17.14705,20.259027
0.12777053455019557,0.13805447384185815,169.0,0.949438202247191,178.0,1.0,178.0,1.0532544378698223,0.15979381443298968,1.04,175.0,1.0479041916167664,167.0,0.9823529411764704,170.0,1.0179640718562877,252.0,-0.2518849291830329,0.1663853018012278,125.0,127.0,0.2580095964552452,-0.5501931821549298,0.5314857535293155,-0.6471575299983856,-0.0628681776576361,0.34,0.475,0.5,0.515,0.69,0,-13.536373,35.02807
0.1408083441981747,0.14990963881391375,169.0,0.9941176470588236,170.0,0.9444444444444444,180.0,1.005586592178771,0.13917525773195877,0.9171270718232044,181.0,1.0,181.0,1.0,181.0,1.0402298850574712,230.0,-0.2624136614048054,0.15359819917796694,114.0,116.0,0.2660269407843476,-0.5055083594678449,0.4958560078837945,-0.5896419136476208,-0.1295714895164321,0.365,0.475,0.5,0.52,0.68,0,-16.326199,33.520813
0.07822685788787484,0.14279653983068039,127.0,0.9769230769230768,130.0,0.948905109489051,137.0,1.0223880597014925,0.09149484536082474,0.9923076923076923,130.0,0.935251798561151,139.0,0.9586206896551724,145.0,1.0283687943262412,178.0,-0.1812465374689247,0.2202259270126359,88.0,90.0,0.2915891911614299,-0.3841774307097028,0.4475728339177752,-0.5946030231999887,0.3129649666871834,0.335,0.445,0.5,0.525,0.74,0,-18.710663,10.418248
0.14732724902216426,0.13633356279752748,186.0,1.0108695652173914,184.0,1.0823529411764703,170.0,0.9770114942528736,0.1404639175257732,1.0060240963855422,166.0,0.9485714285714286,175.0,0.9615384615384616,182.0,1.011111111111111,243.0,-0.2477266060702004,0.15418683662978966,127.0,116.0,0.2596457083849163,-0.4451235211596195,0.5005953175574324,-0.5477225213630725,-0.1893848059407307,0.37,0.505,0.525,0.545,0.695,0,-16.295444,34.088505
0.10299869621903521,0.14008907647895413,148.0,1.0136986301369864,146.0,0.9864864864864864,148.0,1.072463768115942,0.11597938144329897,1.0068027210884354,147.0,1.072992700729927,137.0,0.9785714285714284,140.0,0.9722222222222222,209.0,-0.2046456649567918,0.18802932975354225,106.0,103.0,0.3167531614577563,-0.2693812009306736,0.4382138071258366,-0.4806344107866321,-0.1840475424049902,0.34,0.47,0.505,0.585,0.815,0,-23.584427,10.715653
0.10951760104302477,0.14548583228742856,149.0,0.9867549668874172,151.0,0.9741935483870968,155.0,1.0064935064935066,0.11855670103092783,0.9933774834437086,151.0,1.0,151.0,1.0066666666666666,150.0,1.020408163265306,205.0,-0.2575634117526217,0.066796769861028,100.0,105.0,0.30003038014714695,-0.4724640629914124,0.3077951864038615,-0.3584678141329519,-0.2087611911221322,0.36,0.47,0.49,0.515,0.845,0,-32.893578,-14.8234415
0.15254237288135594,0.15072007664533676,177.0,0.9619565217391304,184.0,1.005464480874317,183.0,0.9838709677419356,0.15979381443298968,#NAME?,186.0,1.0108695652173914,184.0,1.010989010989011,182.0,1.0520231213872833,252.0,-0.0930161209935886,0.19626233615962999,125.0,127.0,0.3143019229601621,-0.3745449693917078,0.6847339463290364,-0.3052889239554066,0.1427344504205949,0.37,0.475,0.5,0.52,0.695,0,4.629531,33.167336
0.1577574967405476,0.15524781196799758,177.0,1.059880239520958,167.0,0.9823529411764704,170.0,0.9941520467836256,0.14304123711340205,0.9712643678160919,174.0,0.9508196721311476,183.0,1.0166666666666666,180.0,1.0169491525423728,233.0,-0.1804294424699545,0.2024683406444738,115.0,118.0,0.27871652316080203,-0.5236383869712684,0.6019393097982716,-0.4512636312801842,-0.1638995756799163,0.34,0.475,0.5,0.52,0.67,0,-2.0320594,36.519
0.20599739243807041,0.35984485186073234,108.0,0.9473684210526316,114.0,1.0178571428571428,112.0,0.9572649572649572,0.07087628865979381,0.5067264573991032,223.0,2.2525252525252526,99.0,0.8048780487804879,123.0,1.0789473684210529,159.0,-0.2235360373964999,0.444252989757178,80.0,79.0,0.2730200453079703,-0.5972988578701817,0.7409194459328297,-1.0863609957254927,0.3194513999085033,0.31,0.465,0.51,0.555,0.85,0,16.808271,28.416706
0.10951760104302477,0.14279653983068039,151.0,1.0202702702702702,148.0,1.0571428571428572,140.0,1.0,0.11855670103092783,1.0,150.0,1.0714285714285714,140.0,1.0218978102189782,137.0,0.9716312056737588,209.0,-0.1031075064869297,0.20934115764528768,104.0,105.0,0.35688679870678075,-0.5462868595687146,0.48625448724558346,-0.3949743066097926,0.3333406835093578,0.34,0.46,0.5,0.57,0.53,0,-18.408733,17.052155
0.054758800521512385,0.16528506195624307,98.0,0.4170212765957446,235.0,2.079646017699115,113.0,1.0462962962962965,0.05412371134020619,0.8130081300813008,123.0,1.0982142857142858,112.0,1.0275229357798166,109.0,1.0092592592592593,225.0,-0.3937679806149916,0.4780466092485028,155.0,70.0,0.18290697868679892,-0.6331451960038741,0.7716476316896981,-0.98470957307642,-0.7744991724241288,0.135,0.17,0.195,0.28,0.235,0,21.42308,16.62061
0.15254237288135594,0.1592961400212001,170.0,0.9770114942528736,174.0,0.9775280898876404,178.0,0.9417989417989416,0.15077319587628865,0.9615384615384616,182.0,1.011111111111111,180.0,1.0344827586206895,174.0,0.9775280898876404,238.0,-0.2586077763019657,0.17612799185262223,116.0,122.0,0.2615603766869056,-0.542827582393007,0.556152978110903,-0.6295935544476452,-0.1341973403017473,0.35,0.465,0.49,0.51,0.68,0,-11.412559,36.467396
0.11603650586701435,0.1377877326299869,160.0,0.975609756097561,164.0,0.9647058823529412,170.0,1.0303030303030305,0.13402061855670103,0.9700598802395209,167.0,1.0060240963855422,166.0,1.0440251572327044,159.0,1.0324675324675323,222.0,-0.3343464297503607,0.10054940422205083,109.0,113.0,0.2709792139097769,-0.5272351459891009,0.37583101959689647,-0.4585834690736732,-0.2813430254304045,0.37,0.47,0.49,0.51,0.825,0,-32.876842,-5.6776524
0.13559322033898305,0.13710471346625594,176.0,1.3435114503816794,131.0,0.6649746192893401,197.0,1.3133333333333332,0.13015463917525774,1.0392156862745099,153.0,1.0132450331125828,151.0,0.9320987654320988,162.0,0.9473684210526316,232.0,-0.2263565818429246,0.3596086898666037,121.0,111.0,0.4215146150565045,-0.237015683898149,0.6322127423149853,-0.4931354897085057,0.190267537136768,0.49,0.475,0.525,0.635,0.565,0,9.341857,24.254457
0.1303780964797914,0.1358479055638223,173.0,1.0421686746987953,166.0,1.031055900621118,161.0,1.0125786163522013,0.13659793814432988,1.0379746835443038,158.0,1.0128205128205128,156.0,0.975,160.0,0.963855421686747,228.0,-0.3285683617308493,0.13627064157803126,114.0,114.0,0.27480534957799707,-0.535203624453799,0.393174266901602,-0.4676670332655963,-0.357161205627459,0.33,0.475,0.5,0.53,0.825,0,-32.153404,-2.4320943
0.1577574967405476,0.14715202435302258,184.0,1.0454545454545454,176.0,1.0173410404624277,173.0,0.9774011299435028,0.14561855670103094,0.9884393063583815,173.0,0.9664804469273744,179.0,1.0112994350282485,177.0,0.99438202247191,242.0,-0.2220762289034824,0.18399248639152516,123.0,119.0,0.26768983255230344,-0.4534703794966189,0.6223692659849654,-0.3876392847311041,0.0901439827200173,0.41,0.49,0.51,0.53,0.72,0,-0.020369088,35.038177
0.05345501955671447,0.1356411009725468,112.0,1.0467289719626167,107.0,0.4841628959276018,221.0,2.027522935779817,0.06701030927835051,1.0,110.0,1.0,110.0,0.4954954954954955,222.0,2.22,154.0,-0.1727646101901666,0.38104756782939797,77.0,77.0,0.34311292813181166,-0.422746679708666,0.6297929289973605,-1.0995386805913436,0.1528323027502764,0.33,0.45,0.505,0.55,0.8,0,18.340303,21.218357
0.1395045632333768,0.14165166961337902,175.0,1.0294117647058822,170.0,1.0,170.0,1.0,0.1481958762886598,0.9885714285714285,175.0,0.945945945945946,185.0,0.9946236559139784,186.0,1.0333333333333334,242.0,-0.2068588040573634,0.2050777482700753,121.0,121.0,0.2808870625843221,-0.5118754224554829,0.6311949319778201,-0.3462567574644862,-0.0108132774746549,0.355,0.48,0.505,0.525,0.685,0,2.4157112,35.088722
0.1395045632333768,0.149951978688814,168.0,1.05,160.0,1.0062893081761006,159.0,0.9754601226993864,0.12757731958762886,1.0,157.0,0.9691358024691358,162.0,0.9642857142857144,168.0,1.0,224.0,-0.3067164994181544,0.07784680907950281,115.0,109.0,0.28401825667838554,-0.5196851451812678,0.3502606125802501,-0.371507658684835,-0.2964630569406831,0.355,0.495,0.515,0.535,0.89,0,-35.15262,-9.96197
0.11082138200782268,0.12158276815715496,170.0,1.0059171597633136,169.0,1.0432098765432098,162.0,0.9642857142857144,0.15077319587628865,1.9230769230769231,91.0,0.3905579399141631,233.0,1.5743243243243243,148.0,0.9866666666666668,244.0,-0.1647196461512703,0.3121310362638965,122.0,122.0,0.4133734688886366,-0.1808336391895355,0.6978275505182489,-0.3933514889397439,0.3516325679393794,0.47,0.455,0.505,0.59,0.53,0,10.662293,23.989893
0.12516297262059975,0.1290580972230639,175.0,1.0057471264367817,174.0,1.0175438596491229,171.0,0.994186046511628,0.15077319587628865,0.9831460674157303,178.0,1.0470588235294118,170.0,1.0179640718562877,167.0,1.0182926829268293,249.0,-0.1772361315968702,0.18029447444218963,127.0,122.0,0.2887842649952749,-0.4591241554244167,0.6087485015031663,-0.3624365553382616,-0.14148247029745,0.37,0.485,0.51,0.535,0.685,0,-2.4776318,33.87467
0.13689700130378096,0.14396819063786012,171.0,1.062111801242236,161.0,1.018987341772152,158.0,1.0,0.13402061855670103,1.0657894736842106,152.0,0.9681528662420382,157.0,0.9874213836477987,159.0,0.9464285714285714,233.0,-0.2936896941893471,0.09345179846328784,120.0,113.0,0.28485072622435875,-0.5235576692968931,0.38284847394824845,-0.3783327266312524,-0.2344894561086866,0.395,0.495,0.515,0.535,0.85,0,-34.472828,-4.485356
0.12777053455019557,0.1392188204016136,168.0,1.030674846625767,163.0,1.1164383561643836,146.0,0.9733333333333334,0.13015463917525774,1.347457627118644,118.0,0.6519337016574586,181.0,1.0773809523809523,168.0,0.9940828402366864,223.0,-0.332395421211586,0.09578163625155305,112.0,111.0,0.282149772060638,-0.5584450442297642,0.3511410837716083,-0.4958191800434075,-0.3259224183202058,0.375,0.48,0.505,0.525,0.83,0,-33.69401,-8.681049
0.1016949152542373,0.14279653983068039,145.0,1.0431654676258992,139.0,1.053030303030303,132.0,1.015384615384615,0.11597938144329897,1.0571428571428572,140.0,1.0144927536231885,138.0,1.0,138.0,1.0298507462686568,206.0,-0.1864293935956597,0.20617653089750201,103.0,103.0,0.3204733891649797,-0.3456658366951819,0.417763262894138,-0.6159955314620807,0.1598448939462244,0.355,0.465,0.505,0.53,0.725,0,-20.41102,7.319893
0.08735332464146023,0.1555173200229179,126.0,0.9545454545454546,132.0,0.9777777777777776,135.0,1.0150375939849623,0.09664948453608248,1.023076923076923,130.0,0.9848484848484848,132.0,0.9924812030075189,133.0,0.9708029197080292,183.0,0.0185277756370374,0.212167311159219,90.0,93.0,0.3706250756625554,-0.1782421199459403,0.5041169960875584,-0.4277814759390148,0.3974860638426031,0.335,0.45,0.495,0.52,0.715,0,-16.978672,17.487234
0.1016949152542373,0.13611813022975572,150.0,1.020408163265306,147.0,1.027972027972028,143.0,1.0141843971631206,0.11082474226804123,0.9863013698630136,146.0,1.0503597122302155,139.0,0.9858156028368794,141.0,0.9929577464788732,205.0,-0.2263354593164757,0.1953535128831552,105.0,100.0,0.30688489463502927,-0.3223969235982629,0.44791940304127004,-0.5155696725520784,-0.1553494955385388,0.345,0.475,0.51,0.59,0.79,0,-21.830523,10.867428
0.13298565840938723,0.14398911297370265,168.0,0.9655172413793104,174.0,0.9456521739130436,184.0,1.0454545454545454,0.15979381443298968,1.0,182.0,0.994535519125683,183.0,1.0397727272727273,176.0,0.9723756906077348,245.0,-0.2618384359294912,0.18495702787156673,118.0,127.0,0.2646483453833966,-0.5674009910286738,0.5539525028853549,-0.4628013659102627,-0.1879212627156294,0.335,0.46,0.485,0.51,0.67,0,-9.774377,36.984806
0.10039113428943937,0.15458196853819453,136.0,1.0625,128.0,1.0491803278688523,122.0,1.0252100840336134,0.0979381443298969,0.9781021897810219,137.0,1.0148148148148148,135.0,1.0975609756097562,123.0,1.0165289256198349,191.0,-0.2233624625327058,0.22762427604808988,98.0,93.0,0.30096151687656697,-0.4564850159726103,0.40359616150866634,-0.6516262730162982,0.1564114261476178,0.355,0.455,0.52,0.545,0.755,0,-20.580416,4.297908
0.11342894393741851,0.14150394442404982,155.0,1.0064935064935066,154.0,1.013157894736842,152.0,0.9743589743589745,0.12757731958762886,1.0064102564102564,156.0,0.975,160.0,0.975609756097561,164.0,0.9879518072289156,216.0,-0.2227869917028609,0.09869896185620854,107.0,109.0,0.3075338434016547,-0.4211128346526604,0.4298115907225926,-0.3356367402816554,-0.1629147436798894,0.375,0.475,0.495,0.515,0.815,0,-34.069103,-0.556928
0.12777053455019557,0.1415895983365374,166.0,0.9822485207100592,169.0,0.9941176470588236,170.0,0.9826589595375722,0.14175257731958762,0.9882352941176471,170.0,1.0759493670886076,158.0,0.9875,160.0,1.0256410256410255,231.0,-0.1912879402968811,0.31553966272681105,114.0,117.0,0.30286177164863204,-0.218388982666154,0.6752963749366105,-0.383609166429423,-0.0320526122278587,0.31,0.45,0.495,0.61,0.55,0,8.744585,29.263699
0.12516297262059975,0.1558914606168072,153.0,1.0132450331125828,151.0,0.9869281045751634,153.0,0.9870967741935484,0.12628865979381443,1.3,120.0,0.6779661016949152,177.0,1.079268292682927,164.0,0.95906432748538,219.0,-0.3179989872183212,0.06282448332817799,110.0,109.0,0.28315351000953554,-0.5745329247661926,0.2999096020692437,-0.4150213015155266,-0.2872883786937373,0.35,0.48,0.505,0.525,0.865,0,-31.792048,-15.193439
0.08996088657105607,0.14133411437062385,137.0,0.9785714285714284,140.0,0.9929078014184396,141.0,0.9724137931034482,0.10438144329896908,1.0072463768115942,138.0,0.9517241379310344,145.0,1.5934065934065933,91.0,0.441747572815534,195.0,-0.1588731080838675,0.19258695979296017,98.0,97.0,0.33662737281129035,-0.2471062184290632,0.4688859312069917,-0.4436453122078249,-0.1292134261978521,0.345,0.47,0.505,0.575,0.815,0,-20.075397,15.617793
0.11734028683181226,0.13661282723723162,162.0,0.9529411764705882,170.0,1.0059171597633136,169.0,1.0368098159509205,0.14432989690721648,1.0303030303030303,165.0,1.0377358490566038,159.0,,152.0,0.9440993788819876,231.0,-0.3465819050949841,0.08546708500845604,113.0,118.0,0.26631399659791,-0.6149360674169778,0.3206530017381405,-0.4565199071775692,-0.2855237817923176,0.325,0.46,0.49,0.515,0.84,0,-30.45776,-12.871303
0.19035202086049544,0.41661133346859225,90.0,0.703125,128.0,1.1851851851851851,108.0,0.972972972972973,0.21649484536082475,1.0414746543778801,217.0,0.9863636363636364,220.0,1.0185185185185186,216.0,1.945945945945946,311.0,-0.1719301620690176,0.527944996288684,153.0,158.0,0.23969679875239633,-0.5036936334212616,0.8387660790259919,-0.72160454672473,-0.72160454672473,0.09,0.12,0.14,0.165,0.165,0,17.067253,28.965382
0.0938722294654498,0.09889912840887212,178.0,1.065868263473054,167.0,1.0636942675159236,157.0,1.026143790849673,0.12371134020618557,0.9935483870967742,155.0,1.054421768707483,147.0,1.0575539568345325,139.0,1.0220588235294117,215.0,-0.4665881974718465,0.06409821856455367,108.0,107.0,0.2377181808319435,-0.7113499393245849,0.24450499150218385,-0.6194732351603431,-0.4309709582887322,0.33,0.48,0.505,0.525,0.885,0,-28.248884,-15.720334
0.11734028683181226,0.1493870756210666,152.0,0.9212121212121211,165.0,1.0,165.0,1.0248447204968945,0.13144329896907217,0.9580838323353293,167.0,1.0060240963855422,166.0,1.0506329113924051,158.0,0.9937106918238994,220.0,-0.3437307203962153,0.08108110511202518,108.0,112.0,0.2621843632638383,-0.5297252934759693,0.32211568712378735,-0.5189445147422734,-0.3163264201994061,0.36,0.47,0.49,0.51,0.87,0,-30.973791,-13.179295
0.12646675358539766,0.14038265684239437,166.0,0.976470588235294,170.0,1.0493827160493827,162.0,1.018867924528302,0.1559278350515464,1.0346820809248556,173.0,0.9942528735632185,174.0,0.9720670391061452,179.0,0.952127659574468,255.0,-0.1715748262123149,0.2062810428452299,130.0,125.0,0.2798577582259533,-0.496666099158779,0.6537322482192458,-0.4115434259555613,-0.1265751342154912,0.39,0.485,0.51,0.535,0.685,0,4.060686,34.92046
0.09517601043024772,0.2685991392899592,86.0,0.4278606965174129,201.0,1.3311258278145697,151.0,0.993421052631579,0.03608247422680412,0.4215686274509804,204.0,1.3421052631578947,152.0,1.027027027027027,148.0,1.0136986301369864,161.0,-0.223943194370112,0.207068598636105,101.0,60.0,0.32232440153665354,-0.2839375464376881,0.43067166511932103,-0.4832885642743385,-0.1885015137329778,0.43,0.585,0.625,0.72,0.945,0,-16.183537,3.8441894
0.11473272490221642,0.2625948151462365,97.0,0.4163090128755364,233.0,1.3546511627906976,172.0,1.0238095238095235,0.13788659793814434,0.9428571428571428,175.0,1.0416666666666667,168.0,1.105263157894737,152.0,2.0,230.0,-0.2454095065929881,0.3143242555693335,115.0,115.0,0.4359512265396781,-0.2285546256473506,0.6534454403478333,-0.4909749777099457,0.441571979447745,0.475,0.455,0.505,0.605,0.53,0,12.864667,25.25858
0.1316818774445893,0.16388625435991622,152.0,1.0555555555555556,144.0,0.9171974522292994,157.0,1.4017857142857142,0.11469072164948453,0.9607843137254902,153.0,0.9161676646706588,167.0,0.9653179190751444,173.0,1.0484848484848486,206.0,-0.2856699277219386,0.3369766067428998,104.0,102.0,0.27445132223335705,-0.3249020028768252,0.6953312405529999,-0.4940613675502262,0.1761042756392104,0.36,0.45,0.51,0.615,0.54,0,9.501452,29.021643
0.15123859191655803,0.14501037726745097,181.0,1.0342857142857145,175.0,0.9943181818181818,176.0,1.0057142857142858,0.15077319587628865,1.0115606936416186,173.0,0.9611111111111112,180.0,0.9782608695652174,184.0,1.0514285714285714,239.0,-0.2445084038268708,0.1617682948313996,117.0,122.0,0.26116022639144976,-0.4680406657206539,0.5296970469551922,-0.5956859776367767,-0.2254037002557315,0.385,0.47,0.495,0.515,0.66,0,-14.058124,35.240906
0.12646675358539766,0.13572528260617192,170.0,1.0240963855421688,166.0,1.064102564102564,156.0,1.0196078431372548,0.18556701030927836,1.2784810126582278,158.0,1.082191780821918,146.0,0.9668874172185432,151.0,1.0134228187919463,259.0,-0.263705520768339,0.3381838221597811,118.0,141.0,0.2863018739847828,-0.272826286072561,0.7266198274042698,-0.5101786164136662,0.0289196199072426,0.28,0.39,0.46,0.555,0.505,0,9.858702,30.415066
0.1421121251629726,0.13726194623875385,181.0,0.9526315789473684,190.0,1.0614525139664803,179.0,1.0170454545454546,0.15721649484536082,1.0588235294117647,170.0,0.9883720930232558,172.0,0.9717514124293786,177.0,1.0,256.0,-0.2362288235744739,0.17958905392069727,131.0,125.0,0.26946180217881543,-0.5112582978670741,0.5958844006332787,-0.5104689068929626,0.0703092380774263,0.38,0.49,0.515,0.535,0.725,0,-3.7603102,36.270237
0.09778357235984354,0.14279653983068039,142.0,0.9659863945578232,147.0,0.9483870967741936,155.0,1.0264900662251657,0.11855670103092783,1.0135135135135136,148.0,1.0068027210884354,147.0,0.98,150.0,1.0273972602739727,207.0,-0.2453797971006029,0.18337134710819486,102.0,105.0,0.3035509572201214,-0.3379427385937456,0.43348818914181375,-0.5173749781330587,-0.244535396061111,0.34,0.46,0.495,0.56,0.835,0,-23.953678,8.305101
0.1290743155149935,0.20026192476886953,129.0,0.6548223350253807,197.0,1.1726190476190477,168.0,1.024390243902439,0.13788659793814434,1.0122699386503067,163.0,1.0316455696202531,158.0,1.0,158.0,1.0,233.0,-0.2966243494479949,0.12039519091234244,118.0,115.0,0.28126773528568644,-0.5225322775865637,0.41262229681978746,-0.3926455616336687,-0.2580538057946382,0.38,0.48,0.51,0.53,0.845,0,-32.972145,-1.4911871
0.08344198174706649,0.13263374261188196,138.0,0.9452054794520548,146.0,0.9798657718120806,149.0,1.0492957746478873,0.11469072164948453,0.9423076923076923,156.0,0.9936305732484076,157.0,0.9874213836477987,159.0,1.03921568627451,205.0,-0.424408777689532,0.07820034172040696,103.0,102.0,0.2533418535881982,-0.652540107067709,0.2823452136872444,-0.5541440950052512,-0.4045831096432873,0.36,0.475,0.5,0.525,0.84,0,-28.44666,-14.874247
0.0847457627118644,0.13548441253039786,137.0,1.0073529411764706,136.0,1.0149253731343284,134.0,0.9852941176470588,0.09020618556701031,1.024,125.0,0.9398496240601504,133.0,0.9432624113475178,141.0,1.036764705882353,183.0,-0.1146648439039362,0.22751004294922503,94.0,89.0,0.3488073838748016,-0.2482914613209934,0.43536144955019157,-0.6794462124694641,0.1805045693087127,0.36,0.485,0.515,0.57,0.76,0,-17.24348,10.282884
0.1421121251629726,0.32993878688955874,91.0,0.3345588235294117,272.0,1.6484848484848484,165.0,1.0784313725490196,0.13659793814432988,2.1578947368421053,76.0,0.3193277310924369,238.0,1.515923566878981,157.0,0.8971428571428571,240.0,-0.2395401201003122,0.31840535303688805,126.0,114.0,0.28080155281344493,-0.271846881766722,0.7064874098527119,-0.4366844899888701,0.2593631076199166,0.355,0.485,0.53,0.615,0.555,0,15.031674,28.89061
0.12255541069100391,0.12264938237537688,179.0,1.028735632183908,174.0,1.0807453416149069,161.0,1.0254777070063694,0.13788659793814434,2.037037037037037,81.0,0.3552631578947368,228.0,1.4339622641509433,159.0,0.9754601226993864,239.0,-0.2611260441666264,0.2671546057848363,124.0,115.0,0.3456706986880118,-0.2513643070446916,0.5984126425685643,-0.4486467144966561,-0.1761994306125749,0.485,0.475,0.52,0.62,0.925,0,6.42694,26.789354
0.07431551499348109,0.20123262383877133,96.0,0.7619047619047619,126.0,0.5727272727272728,220.0,1.9469026548672568,0.07087628865979381,1.0560747663551402,107.0,1.1382978723404256,94.0,0.7014925373134329,134.0,1.1964285714285714,156.0,0.199185661036553,0.4371508631549201,77.0,79.0,0.37660624522075864,-0.1547270133215982,0.8358891575229375,-0.8170942702369026,0.6339540119547118,0.295,0.455,0.5,0.545,0.835,0,24.185703,22.83486
0.14471968709256844,0.13626331304716713,184.0,1.010989010989011,182.0,0.978494623655914,186.0,1.0163934426229508,0.15335051546391754,1.0172413793103448,174.0,1.0807453416149069,161.0,0.9877300613496932,163.0,0.9588235294117649,246.0,-0.1469704539785672,0.1964092813321157,123.0,123.0,0.2794683800943039,-0.4773581401603323,0.6389123657110195,-0.4397499251641314,-0.0916468412393436,0.395,0.48,0.5,0.52,0.67,0,2.694593,35.060856
0.03259452411994785,0.03460630429570061,200.0,1.30718954248366,153.0,1.3421052631578947,114.0,0.5352112676056338,0.11082474226804123,0.9411764705882353,153.0,1.0,153.0,1.4433962264150944,106.0,0.4930232558139535,202.0,-0.311930254568628,0.28441229330178946,102.0,100.0,0.36343268348084085,-0.34,0.5688406833858797,-0.5083497655456111,0.164662069482506,0.475,0.455,0.51,0.615,0.54,0,4.8274646,19.31175
0.0560625814863103,0.044950073584574646,215.0,2.107843137254902,102.0,0.8360655737704918,122.0,1.1296296296296295,0.06572164948453608,0.9732142857142857,112.0,1.0467289719626167,107.0,0.9907407407407408,108.0,0.972972972972973,154.0,-0.3412570019917749,0.4112845294759254,78.0,76.0,0.22528069564335432,-0.7010303522541599,0.6465211465249484,-1.1381426458768045,0.2403576151621528,0.305,0.465,0.51,0.555,0.825,0,19.394335,15.909009
0.09517601043024772,0.1372311984965765,144.0,0.993103448275862,145.0,0.9666666666666668,150.0,1.0344827586206895,0.10695876288659793,0.9463087248322147,149.0,0.9867549668874172,151.0,1.0272108843537415,147.0,1.065217391304348,197.0,-0.2390614252165016,0.19577086679057912,99.0,98.0,0.3154069071920379,-0.3513163734549149,0.4289135642574469,-0.5561539011049456,-0.225,0.335,0.465,0.505,0.58,0.805,0,-22.09301,8.78305
0.1316818774445893,0.14521042281896643,166.0,1.0246913580246917,162.0,1.0,162.0,1.0384615384615383,0.12757731958762886,0.9691358024691358,162.0,1.0,162.0,0.9878048780487804,164.0,0.9820359281437124,221.0,-0.3099176475679738,0.1040513877111605,112.0,109.0,0.2793025250851812,-0.4906073619324338,0.3796925596384294,-0.4787766209608576,-0.2274546395335135,0.39,0.485,0.51,0.53,0.87,0,-33.636055,-4.4211917
0.12777053455019557,0.14650676738674967,162.0,1.528301886792453,106.0,0.5921787709497207,179.0,1.2013422818791946,0.1172680412371134,1.0419580419580419,143.0,0.9794520547945206,146.0,1.020979020979021,143.0,0.9930555555555556,210.0,-0.260024446207619,0.07907339863633929,106.0,104.0,0.2920511824064411,-0.4572543433734274,0.3391368119563523,-0.3864177996238155,-0.2057895325659994,0.365,0.485,0.505,0.53,0.85,0,-34.456657,-11.752911
0.10560625814863103,0.14415948056556296,147.0,0.98,150.0,1.0273972602739727,146.0,1.042857142857143,0.1134020618556701,1.0138888888888888,144.0,1.0285714285714285,140.0,0.9859154929577464,142.0,1.0,208.0,-0.1903951897778837,0.18810680333325963,106.0,102.0,0.31547135039789176,-0.2720065926776551,0.4519420659419702,-0.4607910363006316,-0.1811585831240503,0.34,0.475,0.51,0.585,0.76,0,-21.88252,12.75074
0.09517601043024772,0.13859334497695158,143.0,0.986206896551724,145.0,1.0,145.0,0.9731543624161074,0.11211340206185567,0.9666666666666667,150.0,1.0,150.0,1.020408163265306,147.0,1.0,199.0,-0.208727783056558,0.1829308582787915,98.0,101.0,0.3010750464937317,-0.2423698904010439,0.43871936775338866,-0.4165858414001169,-0.161333510197501,0.335,0.46,0.495,0.565,0.835,0,-23.556376,8.771715
0.13428943937418514,0.14762430580725244,166.0,1.070967741935484,155.0,1.0402684563758389,149.0,0.9933333333333332,0.12628865979381443,1.04,150.0,1.0067114093959733,149.0,0.93125,160.0,1.0256410256410255,223.0,-0.2510820450714762,0.10233390150826291,114.0,109.0,0.2988591582381906,-0.451009025414163,0.3902626873827595,-0.3960484438246188,-0.236365337435936,0.345,0.485,0.515,0.535,0.86,0,-35.062798,-3.3809743
0.13820078226857888,0.1405067993960776,175.0,0.945945945945946,185.0,0.9946236559139784,186.0,1.0333333333333334,0.16237113402061856,1.0760233918128654,171.0,1.0301204819277108,166.0,1.01840490797546,163.0,0.9588235294117649,253.0,-0.2851403797411999,0.207515138572082,125.0,128.0,0.24734947632335855,-0.6246716408653117,0.6216482198505019,-0.4468519997657909,-0.1417721793083569,0.325,0.47,0.495,0.52,0.68,0,0.38678807,39.17235
0.13820078226857888,0.14279653983068039,173.0,1.0745341614906831,161.0,1.018987341772152,158.0,0.9937106918238994,0.13144329896907217,0.9876543209876543,162.0,1.0125,160.0,0.9142857142857144,175.0,1.0294117647058822,228.0,-0.1637338095909582,0.20502576881643444,116.0,112.0,0.29801268422735355,-0.4825728376452631,0.6386414534416707,-0.3539547590208231,-0.0864646576675417,0.365,0.485,0.51,0.535,0.695,0,2.7503023,33.703873
0.09647979139504563,0.14138560822485122,142.0,1.0070921985815602,141.0,0.9215686274509804,153.0,1.006578947368421,0.11597938144329897,1.0068027210884354,147.0,1.013793103448276,145.0,0.9666666666666668,150.0,0.9933774834437086,202.0,-0.2323527043988794,0.15910816353074267,99.0,103.0,0.30511882231564397,-0.3064624909175834,0.437662635909,-0.4877423955402108,-0.1858362650195641,0.34,0.46,0.49,0.57,0.75,0,-27.369453,8.081538
0.1421121251629726,0.13943868025479647,179.0,1.0654761904761905,168.0,1.018181818181818,165.0,0.9705882352941176,0.13144329896907217,0.9467455621301775,169.0,1.0180722891566265,166.0,0.994011976047904,167.0,0.9653179190751444,228.0,-0.2380215998073109,0.19833321396022208,116.0,112.0,0.2653541448653409,-0.5544274926030884,0.5720494621249054,-0.5280619666087712,-0.0635180255200363,0.36,0.485,0.515,0.535,0.705,0,-5.883872,39.810608
0.10430247718383312,0.1362060040402942,152.0,1.0133333333333334,150.0,1.0273972602739727,146.0,1.028169014084507,0.11855670103092783,1.0204081632653061,147.0,1.013793103448276,145.0,1.0283687943262412,141.0,1.0,208.0,-0.19960586259241,0.17957704576850714,103.0,105.0,0.31895330562498647,-0.2629972660169386,0.4480938042837896,-0.4674951929826682,-0.1527638193737448,0.335,0.46,0.495,0.57,0.75,0,-23.25469,12.832888
0.1408083441981747,0.1416581745577955,176.0,0.9832402234636872,179.0,1.028735632183908,174.0,1.0057803468208093,0.14948453608247422,1.0175438596491229,171.0,1.0555555555555556,162.0,1.0062111801242235,161.0,0.9252873563218392,242.0,-0.1710064017763463,0.19284941066168693,121.0,121.0,0.278351483263884,-0.4031498512354263,0.6018688712976886,-0.4098850513514097,0.109101925661086,0.335,0.48,0.5,0.525,0.725,0,-2.6701398,36.038227
0.03129074315514994,0.08600376527163588,127.0,1.1545454545454543,110.0,1.02803738317757,107.0,0.9304347826086956,0.07087628865979381,0.9912280701754386,114.0,1.0178571428571428,112.0,0.5185185185185185,216.0,1.9285714285714288,156.0,-0.0743285190205465,0.4067741682272658,77.0,79.0,0.36353092976587825,-0.3460803622806773,0.7462036583144935,-0.8838599673879661,0.3407639635824051,0.32,0.46,0.495,0.54,0.855,0,20.846031,23.179113
0.10691003911342895,0.15120292953813805,143.0,0.9727891156462584,147.0,1.0,147.0,1.013793103448276,0.08505154639175258,0.9465648854961832,131.0,0.9632352941176472,136.0,1.0225563909774436,133.0,1.0555555555555556,175.0,-0.3249331309678871,0.16543658393535804,89.0,86.0,0.266241328046338,-0.5554075865041637,0.46532823168854187,-0.5302337445788466,-0.1716164172657152,0.33,0.455,0.515,0.545,0.78,0,-27.864506,10.484121
0.15384615384615385,0.13155227876789904,196.0,1.037037037037037,189.0,1.0,189.0,1.0384615384615383,0.15850515463917525,1.0342857142857143,175.0,0.9943181818181818,176.0,1.0057142857142858,175.0,0.9562841530054644,254.0,-0.2434902592045102,0.15437219014922643,128.0,126.0,0.26182499995984926,-0.4713761688885212,0.5026216596825319,-0.5252733608669795,0.0299099011712002,0.35,0.48,0.505,0.53,0.715,0,-16.143503,34.214165
0.11473272490221642,0.15514702333923971,146.0,1.0656934306569343,137.0,1.0300751879699248,133.0,1.3711340206185567,0.10824742268041238,1.0364963503649636,137.0,0.9383561643835616,146.0,0.954248366013072,153.0,0.9444444444444444,197.0,-0.2951743408314198,0.27266132898432816,98.0,99.0,0.3893991810418864,-0.324628463673946,0.6013629116745822,-0.4679088954524372,-0.0485784959368515,0.47,0.435,0.505,0.61,0.54,0,7.2540965,25.650377
0.09517601043024772,0.14279653983068039,140.0,0.9655172413793104,145.0,1.0283687943262412,141.0,1.0,0.1018041237113402,0.9716312056737588,141.0,0.94,150.0,1.0135135135135136,148.0,1.0068027210884354,193.0,-0.1411330163821241,0.19719703111748926,98.0,95.0,0.34751549220318567,-0.1991370813350349,0.46355175191899983,-0.4032018423767851,-0.1283165829145728,0.345,0.475,0.51,0.58,0.805,0,-19.27291,15.743956
0.12777053455019557,0.1357666349876018,171.0,0.9661016949152542,177.0,0.9725274725274724,182.0,1.0224719101123596,0.16237113402061856,1.0454545454545454,176.0,1.035294117647059,170.0,0.9883720930232558,172.0,1.0238095238095235,256.0,-0.2102692833092015,0.19970981564444795,128.0,128.0,0.2617390103895773,-0.5320510498384973,0.6344530805322601,-0.4564365855210961,-0.1171389109478737,0.38,0.475,0.5,0.52,0.67,0,2.5878491,36.707172
0.054758800521512385,0.14465165360871501,108.0,0.9642857142857144,112.0,1.037037037037037,108.0,0.972972972972973,0.06701030927835051,0.9734513274336283,113.0,1.0,113.0,1.0272727272727271,110.0,1.02803738317757,153.0,-0.0559346968152579,0.4170999469077884,76.0,77.0,0.3598658356352064,-0.3408334639209062,0.7965063701874564,-0.8924345161954608,0.3657899651367747,0.315,0.46,0.505,0.545,0.845,0,22.911358,22.343798
0.10430247718383312,0.13878949407012556,150.0,1.0416666666666667,144.0,1.0212765957446808,141.0,1.014388489208633,0.11469072164948453,0.9865771812080537,149.0,1.0642857142857145,140.0,1.0218978102189782,137.0,0.9927536231884058,205.0,-0.2831232898672653,0.18812028271907924,103.0,102.0,0.296394868458861,-0.3633454605732591,0.4242750395233779,-0.5828651018634288,-0.2808596251582009,0.34,0.465,0.5,0.575,0.81,0,-23.843962,6.572552
0.08735332464146023,0.14430294801134008,133.0,1.0390625,128.0,0.962406015037594,133.0,0.93006993006993,0.09020618556701031,0.9846153846153847,130.0,0.9420289855072465,138.0,1.0,138.0,0.9857142857142858,180.0,-0.2746109741303019,0.21355496579062475,91.0,89.0,0.2713886247916867,-0.5134529740427813,0.3792083145092043,-0.7548049318454719,0.0007297503520523,0.36,0.46,0.51,0.535,0.725,0,-20.965488,3.0648007
0.10821382007822686,0.12795562960640333,162.0,1.0253164556962024,158.0,0.9634146341463414,164.0,0.9879518072289156,0.14561855670103094,1.0301204819277108,166.0,1.01840490797546,163.0,1.01875,160.0,1.019108280254777,227.0,-0.3781853197061983,0.08330171246822504,108.0,119.0,0.25338425346134147,-0.6085282871928306,0.334651034485102,-0.5087767247718514,-0.3033355732324329,0.355,0.455,0.48,0.5,0.84,0,-29.981594,-12.0301285
0.12385919165580182,0.29144501159319736,93.0,0.4008620689655172,232.0,1.432098765432099,162.0,0.9818181818181818,0.14304123711340205,1.0432098765432098,162.0,0.9642857142857144,168.0,1.0838709677419356,155.0,0.981012658227848,236.0,-0.1432534463713283,0.33034533598712795,118.0,118.0,0.46861811318341845,-0.1845279921236929,0.7406975178868884,-0.375099474209169,0.3282633680239472,0.475,0.455,0.505,0.595,0.53,0,13.177624,25.368576
0.121251629726206,0.15196298438096917,153.0,0.9161676646706588,167.0,0.9940476190476192,168.0,1.0059880239520955,0.13144329896907217,0.9302325581395349,172.0,1.0058479532163742,171.0,1.062111801242236,161.0,1.018987341772152,220.0,-0.3485886120547093,0.08144889811498471,108.0,112.0,0.2692906896831028,-0.5614657513756318,0.32696272776061985,-0.5046721238795975,-0.3368594440588164,0.37,0.47,0.49,0.51,0.855,0,-31.738867,-12.912527
0.0938722294654498,0.1318930139516197,147.0,0.9865771812080536,149.0,0.9141104294478528,163.0,1.0124223602484472,0.13659793814432988,0.9761904761904762,168.0,0.96,175.0,1.0802469135802468,162.0,1.0657894736842106,293.0,-0.3221362483425538,0.3051051018783243,179.0,114.0,0.26223327466364765,-0.3267344189559473,0.7278727018083393,-0.5622015005227028,-0.1057134750630696,0.505,0.575,0.615,0.69,0.65,0,9.30791,30.53339
0.15123859191655803,0.1507650967408746,176.0,1.0666666666666669,165.0,0.953757225433526,173.0,1.0,0.13402061855670103,0.9364161849710982,173.0,1.0176470588235291,170.0,1.0059171597633136,169.0,0.971264367816092,226.0,-0.2297595235291473,0.18800991105964374,113.0,113.0,0.2652151633814715,-0.5574342042742547,0.6157079483183869,-0.4708536986544899,-0.0897081256312753,0.39,0.475,0.5,0.52,0.68,0,-0.5036132,35.912926
0.0560625814863103,0.13747745253790855,113.0,1.13,100.0,1.0526315789473684,95.0,0.3991596638655462,0.05025773195876289,0.7404580152671756,131.0,0.5796460176991151,226.0,1.036697247706422,218.0,1.963963963963964,219.0,0.0680460703033115,0.7387900697777583,152.0,67.0,0.8618088563426058,-0.3613631627537881,0.9688692534481285,-0.8038856431733417,-0.8038856431733417,0.175,0.14,0.205,0.24,0.24,0,33.282272,-5.258949
0.11082138200782268,0.14546790367105025,150.0,1.0416666666666667,144.0,1.0212765957446808,141.0,1.014388489208633,0.11984536082474227,1.0785714285714285,140.0,1.037037037037037,135.0,0.9642857142857144,140.0,1.0,210.0,-0.2652783841725379,0.15981832910640054,105.0,105.0,0.2987739245789978,-0.3619446895663219,0.41238544889956746,-0.5304522885117892,-0.2640564479199844,0.345,0.47,0.505,0.575,0.825,0,-27.495857,4.9786463
0.05997392438070404,0.17584433991773035,97.0,0.8083333333333333,120.0,1.0909090909090908,110.0,0.990990990990991,0.07087628865979381,1.036697247706422,109.0,1.0186915887850467,107.0,0.4953703703703703,216.0,2.0970873786407767,160.0,0.1111028344226876,0.3918369450004642,81.0,79.0,0.4088305241393631,-0.1556300463942564,0.7425473942634194,-0.7557447091442427,0.4855198128850516,0.325,0.47,0.51,0.56,0.85,0,21.462893,23.491201
0.10039113428943937,0.14279653983068039,144.0,1.0359712230215827,139.0,1.045112781954887,133.0,0.9708029197080292,0.1018041237113402,0.9927536231884058,138.0,1.037593984962406,133.0,0.9851851851851852,135.0,0.9310344827586208,190.0,-0.6740514064124067,0.21487292549342923,95.0,95.0,0.1612747235970631,-0.8978144055123308,0.41398364063971393,-0.768106099394263,-0.3885026781317432,0.335,0.445,0.505,0.535,0.735,0,-25.08641,-3.3326735
0.09256844850065189,0.13181833226751652,146.0,0.9798657718120806,149.0,1.0492957746478873,142.0,0.9342105263157896,0.12628865979381443,0.9936305732484076,157.0,0.9874213836477987,159.0,1.03921568627451,153.0,1.0268456375838926,211.0,-0.3626874518113467,0.09203594616268826,102.0,109.0,0.264223689927325,-0.555914089541323,0.3145800272341205,-0.4519909253663063,-0.2561838865955928,0.35,0.465,0.485,0.51,0.81,0,-28.953365,-12.613053
0.09256844850065189,0.13444852782952457,144.0,0.979591836734694,147.0,0.9865771812080536,149.0,1.7325581395348837,0.11469072164948453,1.0068493150684932,146.0,1.0354609929078014,141.0,1.0071428571428571,140.0,0.9929078014184396,204.0,-0.2371725302214708,0.1802428632086693,102.0,102.0,0.3100146703903474,-0.3212907748308018,0.43686535558106177,-0.4996259764446296,-0.209413436247814,0.34,0.465,0.5,0.58,0.825,0,-24.028326,9.491946
0.05997392438070404,0.14103906361991073,114.0,1.0178571428571428,112.0,1.009009009009009,111.0,0.9823008849557522,0.06829896907216494,1.0373831775700935,107.0,0.9553571428571428,112.0,0.991150442477876,113.0,1.448717948717949,153.0,-0.329776342195386,0.38794924422379273,76.0,77.0,0.2381608396775634,-0.6777413215223798,0.651637603945058,-0.9473800831205592,0.1325415358650813,0.305,0.465,0.5,0.545,0.82,0,18.442114,17.07179
0.16427640156453716,0.14922495548932443,187.0,1.050561797752809,178.0,0.9834254143646408,181.0,1.0342857142857145,0.1559278350515464,1.0170454545454546,176.0,0.9513513513513514,185.0,0.9893048128342246,187.0,0.9894179894179894,248.0,-0.2968392416976668,0.15177344126372672,123.0,125.0,0.245128846450037,-0.5214279643043096,0.4866395284354157,-0.6386039311892604,-0.1744061839918367,0.39,0.475,0.5,0.52,0.68,0,-17.369938,34.63971
0.1290743155149935,0.14523986041638454,164.0,0.993939393939394,165.0,1.0,165.0,0.9593023255813954,0.1327319587628866,0.9817073170731707,164.0,0.9534883720930232,172.0,0.9885057471264368,174.0,1.0609756097560976,225.0,-0.1943504471971253,0.21640340795130178,113.0,112.0,0.2709455479192075,-0.5012417935244916,0.6557491749937411,-0.4199307811769918,-0.0601635975762156,0.385,0.48,0.505,0.53,0.705,0,5.2607903,34.97323
0.13559322033898305,0.1404803284083944,173.0,0.9301075268817204,186.0,1.0449438202247192,178.0,0.978021978021978,0.16623711340206185,1.0108108108108107,185.0,1.022099447513812,181.0,1.046242774566474,173.0,1.193103448275862,265.0,-0.2618748759425831,0.14847534779392216,135.0,130.0,0.2509512758904234,-0.4790628972359922,0.5106562890341532,-0.5870028425938313,-0.110521840894946,0.355,0.49,0.51,0.53,0.675,0,-15.775603,33.76146
0.13428943937418514,0.14279653983068039,170.0,0.9289617486338798,183.0,0.9945652173913044,184.0,1.022222222222222,0.16494845360824742,1.0333333333333334,180.0,1.0404624277456649,173.0,1.0176470588235291,170.0,0.9826589595375722,259.0,-0.2805466588851687,0.2023773919597063,129.0,130.0,0.2523380707103128,-0.5729017761615183,0.5995369898197103,-0.4884487544429406,-0.1576579828200395,0.34,0.475,0.5,0.52,0.675,0,-1.1539083,39.189106
0.08735332464146023,0.14279653983068039,134.0,1.0075187969924813,133.0,1.0310077519379846,129.0,0.9699248120300752,0.08891752577319588,1.0,127.0,1.016,125.0,0.9765625,128.0,0.962406015037594,181.0,-0.1182499043919522,0.21642876037807426,93.0,88.0,0.32260179297350006,-0.3634080630893528,0.42891749393479206,-0.7207036845765835,0.2015749309756269,0.345,0.465,0.52,0.575,0.765,0,-18.444801,8.905344
0.15514993481095177,0.1529839443066672,177.0,0.988826815642458,179.0,1.0346820809248556,173.0,0.9402173913043478,0.11597938144329897,1.0,148.0,0.9308176100628932,159.0,0.99375,160.0,1.0126582278481011,208.0,-1.038368059334705,0.3449913710748121,105.0,103.0,0.0006239338470637655,-1.399785718528371,0.47882416201943934,-1.15195988095823,-0.7259518408502724,0.385,0.48,0.51,0.535,0.875,0,-4.7694254,9.953785
0.11734028683181226,0.12639342853016364,171.0,2.011764705882353,85.0,0.320754716981132,265.0,1.7320261437908495,0.03608247422680412,0.35537190082644626,242.0,1.6133333333333333,150.0,0.9803921568627452,153.0,1.9870129870129871,181.0,-0.1733593969762986,0.351994490759844,121.0,60.0,0.4259507177653025,-0.1739572872323154,0.6285201415091477,-0.4060268668486368,0.2341926372004054,0.635,0.615,0.675,0.795,0.72,0,8.502175,23.812466
0.11082138200782268,0.15246871925270924,145.0,0.9863945578231292,147.0,1.013793103448276,145.0,0.9797297297297296,0.1172680412371134,1.0067567567567568,148.0,0.925,160.0,1.0062893081761006,159.0,1.0192307692307692,211.0,-0.3094270014262278,0.08940354697450566,107.0,104.0,0.28821113850638425,-0.5151511284498331,0.3682965110018036,-0.4015885387568294,-0.2545142977167711,0.37,0.485,0.51,0.53,0.87,0,-34.55058,-6.634928
0.10299869621903521,0.14417827974811306,145.0,1.0283687943262412,141.0,1.014388489208633,139.0,1.0296296296296297,0.1095360824742268,1.0214285714285714,140.0,1.0,140.0,1.0144927536231885,138.0,0.9787234042553192,202.0,-0.2762204679760757,0.18754985673842667,102.0,100.0,0.306260356934637,-0.3477431916598137,0.4162235568407731,-0.5528749157280279,-0.2074173788962275,0.35,0.475,0.505,0.59,0.82,0,-24.375404,6.6375523
0.1290743155149935,0.15294095947765457,158.0,0.9937106918238994,159.0,1.03921568627451,153.0,0.9683544303797468,0.125,1.0,155.0,0.9872611464968152,157.0,0.98125,160.0,0.98159509202454,221.0,-0.2886339937362012,0.0771328870175479,113.0,108.0,0.2900065706188351,-0.4828055904490266,0.3289100715345245,-0.3925927503686709,-0.2657413233745819,0.355,0.495,0.515,0.54,0.83,0,-33.85207,-12.515076
0.17340286831812254,0.20606568341838788,152.0,1.0935251798561152,139.0,1.045112781954887,133.0,0.95,0.0979381443298969,1.4105263157894736,95.0,0.5163043478260869,184.0,1.3529411764705883,136.0,0.9251700680272108,189.0,-0.3431411377465791,0.3163289579647327,96.0,93.0,0.263226108635329,-0.3949838195468162,0.6528693287233026,-0.5240672692140201,-0.1378678386016758,0.32,0.44,0.515,0.615,0.545,0,10.573757,27.822914
0.08735332464146023,0.19335272466011016,107.0,0.9385964912280702,114.0,1.008849557522124,113.0,1.0462962962962965,0.06701030927835051,0.49327354260089684,223.0,1.956140350877193,114.0,1.027027027027027,111.0,1.088235294117647,154.0,-0.165878796449577,0.4244475768507219,77.0,77.0,0.2724265857408942,-0.6397867473864413,0.7113574441933567,-0.9718267398501444,0.5359330934993481,0.305,0.465,0.5,0.55,0.825,0,19.9113,18.460667
0.09778357235984354,0.13598183615626747,147.0,0.9932432432432432,148.0,0.9866666666666668,150.0,1.020408163265306,0.04768041237113402,0.4567307692307692,208.0,1.4246575342465753,146.0,1.006896551724138,145.0,1.0357142857142858,169.0,-0.2383835913765546,0.21066098046707388,103.0,66.0,0.29994187437008235,-0.302202093681042,0.4349913689441135,-0.4876951652513841,-0.1061048139000301,0.41,0.565,0.615,0.7,0.96,0,-17.599495,7.0300746
0.10691003911342895,0.14146085791049542,150.0,1.0,150.0,1.0714285714285714,140.0,1.0218978102189782,0.1172680412371134,1.0419580419580419,143.0,1.0141843971631206,141.0,1.0,141.0,0.9929577464788732,209.0,-0.1169062796300198,0.230560995663835,105.0,104.0,0.33920799542222474,-0.2726207747143769,0.47819752435399154,-0.430286557235548,-0.1265220991154713,0.35,0.455,0.505,0.565,0.87,0,-18.720842,17.083538
0.02216427640156454,0.020359030480394624,216.0,1.565217391304348,138.0,1.8904109589041096,73.0,0.3596059113300492,0.1134020618556701,0.9864864864864865,148.0,0.9866666666666668,150.0,0.9146341463414634,164.0,0.9479768786127168,218.0,-0.1976369053035032,0.2299280441174077,116.0,102.0,0.2954332314402661,-0.2375011675650342,0.5397627831680836,-0.3685544868377391,0.2136630341769542,0.38,0.485,0.535,0.635,0.57,0,4.2165422,19.454868
0.11734028683181226,0.1330824895020627,165.0,0.993975903614458,166.0,0.9273743016759776,179.0,1.0914634146341464,0.14432989690721648,0.9826589595375722,173.0,1.1019108280254777,157.0,1.097902097902098,143.0,0.959731543624161,236.0,-0.0459103958478869,0.2648760521558667,118.0,118.0,0.4847129785445204,-0.0551060287997249,0.6801149498181848,-0.2153723714790789,0.4130285808082644,0.475,0.445,0.505,0.6,0.53,0,10.034165,22.944761
0.13820078226857888,0.13608082067891258,179.0,1.0056179775280898,178.0,1.04093567251462,171.0,1.0363636363636364,0.15077319587628865,1.0542168674698795,166.0,1.0,166.0,0.9273743016759776,179.0,1.0112994350282485,244.0,-0.2424871655563062,0.19592528833731732,122.0,122.0,0.25663639102623026,-0.5657412774526119,0.6064097806706751,-0.4738061855003886,-0.131562244902576,0.38,0.475,0.5,0.525,0.685,0,-0.9958361,38.623146
0.0560625814863103,0.13747745253790855,113.0,1.0,113.0,1.0272727272727271,110.0,1.02803738317757,0.07474226804123711,1.045045045045045,111.0,1.009090909090909,110.0,1.0091743119266054,109.0,1.0,158.0,-0.0879244362648391,0.3664548008762022,77.0,81.0,0.32437944815415914,-0.3474205008220457,0.6844077115279994,-0.9037828259179532,0.3623804118112015,0.3,0.45,0.495,0.535,0.825,0,18.894123,20.963133
0.1395045632333768,0.13088370108308503,185.0,1.0164835164835164,182.0,0.994535519125683,183.0,1.0517241379310345,0.14948453608247422,0.9942857142857143,175.0,1.0294117647058822,170.0,1.0,170.0,1.0,246.0,-0.2409123319262592,0.217069875972773,125.0,121.0,0.25779494010804493,-0.6088154537290107,0.6662009388146372,-0.5200935571684278,-0.127170795240768,0.395,0.485,0.51,0.53,0.675,0,5.592037,35.490326
0.12646675358539766,0.13802624725859133,168.0,1.018181818181818,165.0,1.0185185185185186,162.0,0.9700598802395208,0.14175257731958762,1.0632911392405062,158.0,1.0,158.0,0.9693251533742332,163.0,1.0316455696202531,235.0,-0.2967389532059708,0.08775638023139176,118.0,117.0,0.28310956248975455,-0.4931286126202723,0.3648889975059363,-0.3996067300751772,-0.25728040845589,0.38,0.485,0.505,0.525,0.845,0,-33.90907,-7.3212943
0.06649282920469361,0.19395031549733743,94.0,0.7642276422764228,123.0,1.128440366972477,109.0,1.0092592592592593,0.211340206185567,1.0325581395348837,215.0,1.972477064220184,109.0,1.0186915887850467,107.0,1.0,306.0,-0.4007327527548013,0.504374671388523,151.0,155.0,0.8955479877080406,-0.6085793714450547,0.6755635773370807,-1.278236994293808,-0.7546279306302425,0.495,0.85,0.87,0.895,0.985,0,24.610226,-5.6577024
0.20990873533246415,0.249023591872234,149.0,1.0,149.0,0.9675324675324676,154.0,0.9565217391304348,0.11211340206185567,1.4948453608247423,97.0,0.4663461538461538,208.0,1.32484076433121,157.0,1.4672897196261685,240.0,-0.1178077927002321,0.2630455522628467,139.0,101.0,0.3173922645224474,-0.1568878398153239,0.6815852709240248,-0.3727766479436862,0.0005736328323421,0.425,0.52,0.58,0.685,0.625,0,12.823699,27.91992
0.121251629726206,0.13910907440685696,163.0,0.9760479041916168,167.0,0.9823529411764704,170.0,1.0240963855421688,0.14175257731958762,1.018181818181818,165.0,1.0,165.0,1.0576923076923077,156.0,1.0,238.0,-0.3027271110426771,0.0781075884267032,121.0,117.0,0.27458120647185624,-0.5174205805600217,0.3407929770304289,-0.3924040325921121,-0.2378935525178352,0.39,0.485,0.51,0.53,0.835,0,-32.17769,-11.270255
0.13298565840938723,0.15674511684526987,158.0,1.0063694267515924,157.0,,152.0,0.9212121212121211,0.125,1.0,155.0,0.96875,160.0,0.9580838323353292,167.0,1.0060240963855422,218.0,-0.2991508793840703,0.08045917130264621,110.0,108.0,0.2897214551020715,-0.5210126835123681,0.34751638676202384,-0.4019512939744465,-0.2726168755250591,0.385,0.485,0.51,0.53,0.855,0,-35.057888,-10.581642
0.1408083441981747,0.1536590132779675,166.0,1.0573248407643312,157.0,1.0,157.0,0.9691358024691358,0.125,1.0064935064935066,154.0,0.9625,160.0,1.0126582278481011,158.0,0.9634146341463414,222.0,-0.2808230479237932,0.07944341461167834,114.0,108.0,0.2891350936441659,-0.4827849874353076,0.3403959023333178,-0.3501457991400372,-0.2428747367018952,0.385,0.49,0.515,0.535,0.805,0,-34.874134,-11.162012
0.12516297262059975,0.13799768263241116,167.0,0.9823529411764704,170.0,1.0365853658536586,164.0,1.0061349693251531,0.13788659793814434,1.0443037974683544,158.0,1.0193548387096774,155.0,1.0130718954248366,153.0,0.9935064935064936,230.0,-0.2717669933050471,0.10216385732275206,115.0,115.0,0.2917989287002859,-0.5239030750024232,0.39047998721227106,-0.3805013544250489,-0.2556423433131645,0.335,0.475,0.505,0.525,0.835,0,-34.391342,-3.4995205
0.054758800521512385,0.1323433769770591,115.0,1.0087719298245614,114.0,1.0363636363636364,110.0,0.9821428571428572,0.06829896907216494,0.9652173913043478,115.0,1.074766355140187,107.0,0.981651376146789,109.0,0.990909090909091,152.0,-0.1334728456436152,0.4210728524703303,75.0,77.0,0.3007160776933443,-0.4607286864933193,0.7790502691042379,-0.96451468060864,0.34933045497029,0.295,0.455,0.495,0.54,0.81,0,22.395124,20.542126
0.13428943937418514,0.14639568272938236,167.0,1.050314465408805,159.0,1.0,159.0,0.9814814814814816,0.125,0.9810126582278481,158.0,1.0,158.0,0.9937106918238994,159.0,0.9520958083832336,220.0,-0.2736733970497466,0.2023471993110709,112.0,108.0,0.25898045291939514,-0.6239740090077609,0.611414824481338,-0.4758948264056334,-0.1740089574759211,0.36,0.485,0.51,0.535,0.705,0,1.4525062,39.22711
0.12516297262059975,0.14913680211003924,158.0,0.9813664596273292,161.0,0.936046511627907,172.0,1.0058479532163742,0.13659793814432988,0.9820359281437125,167.0,0.9881656804733728,169.0,1.0304878048780488,164.0,1.051282051282051,227.0,-0.3089541184537769,0.06651386440586159,113.0,114.0,0.2747733920295601,-0.4816663410820775,0.2969747688143884,-0.4279554206312402,-0.2917702783492986,0.385,0.48,0.5,0.52,0.825,0,-31.054987,-15.268888
0.05736636245110821,0.13582776459493287,115.0,1.036036036036036,111.0,1.009090909090909,110.0,1.02803738317757,0.07087628865979381,1.0560747663551402,107.0,0.9553571428571428,112.0,1.0566037735849056,106.0,0.9724770642201837,155.0,-0.0737913410333128,0.3922023869526239,76.0,79.0,0.3517375499128078,-0.4000571831714279,0.7158539932518171,-0.9850048691153608,0.4217960434054152,0.305,0.455,0.5,0.54,0.84,0,20.07978,21.828579
0.0560625814863103,0.02560935249370018,265.0,1.505681818181818,176.0,1.0,176.0,1.0731707317073171,0.13144329896907217,1.08843537414966,147.0,0.9607843137254902,153.0,1.006578947368421,152.0,1.027027027027027,230.0,-0.1330720458105129,0.3262563512520989,118.0,112.0,0.4651324480351896,-0.1420173647797255,0.7457569528349373,-0.3497403286638326,0.4268809508991699,0.485,0.46,0.515,0.62,0.54,0,9.650094,21.03858
0.12516297262059975,0.13683367411556907,168.0,0.9882352941176472,170.0,1.0759493670886076,158.0,0.9875,0.14175257731958762,1.6633663366336633,101.0,0.4879227053140096,207.0,1.3101265822784811,158.0,1.0533333333333332,333.0,-0.2196149209647507,0.24394991660026735,216.0,117.0,0.29301882828059644,-0.1734897753914952,0.6984246749402078,-0.4071105527638192,0.2461054861690876,0.54,0.615,0.65,0.73,0.67,0,7.3497963,32.011127
0.08213820078226858,0.14279653983068039,130.0,0.9285714285714286,140.0,0.9395973154362416,149.0,1.041958041958042,0.0979381443298969,0.9925925925925926,135.0,0.9854014598540146,137.0,0.9647887323943662,142.0,0.9594594594594594,181.0,-0.0521130901700622,0.2047089040759585,88.0,93.0,0.3511190454272781,-0.2495116462124561,0.4557939707539823,-0.4499088681326171,0.2517601085897786,0.32,0.425,0.49,0.515,0.72,0,-18.508373,15.310428
0.12385919165580182,0.14279653983068039,162.0,1.0062111801242235,161.0,0.9698795180722892,166.0,1.0375,0.13917525773195877,1.0375,160.0,1.0,160.0,1.0526315789473684,152.0,0.9559748427672956,230.0,-0.3464459795393984,0.08309194993363699,114.0,116.0,0.2648753884258068,-0.5575031679520923,0.31563491428917306,-0.4632123639957187,-0.2804267030381503,0.375,0.475,0.5,0.52,0.82,0,-30.730385,-13.508246
0.1408083441981747,0.14748314305939944,171.0,0.9884393063583816,173.0,1.0613496932515338,163.0,1.0061728395061729,0.13917525773195877,1.0506329113924051,158.0,0.9875,160.0,0.935672514619883,171.0,0.9553072625698324,230.0,-0.2658747280110073,0.192934688417836,114.0,116.0,0.25295420298236776,-0.5861157377534258,0.5827146612568316,-0.550424655268161,-0.074890735513269,0.325,0.475,0.5,0.52,0.71,0,-5.542489,39.42463
0.0560625814863103,0.14463463421625597,109.0,0.9646017699115044,113.0,0.5113122171945701,221.0,1.0184331797235022,0.21005154639175258,0.9778761061946902,226.0,1.0272727272727271,220.0,1.9469026548672568,113.0,1.0560747663551402,306.0,-0.0394064061618827,0.568858741696134,152.0,154.0,0.28126496883305396,-0.3093180391408268,0.8908818008974712,-0.4702029464095967,-0.4702029464095967,0.08,0.11,0.135,0.165,0.165,0,25.427229,17.483896
0.054758800521512385,0.13570442344031788,113.0,1.0,113.0,1.036697247706422,109.0,1.1473684210526316,0.20489690721649484,0.9475982532751092,229.0,1.0504587155963303,218.0,2.3956043956043955,91.0,0.7165354330708661,307.0,-0.229101999099959,0.6346132813881016,156.0,151.0,0.8875747297808997,-0.4360242101258145,0.8981360726114566,-0.6373055991398733,-0.6373055991398733,0.505,0.825,0.855,0.885,0.885,0,28.451836,-5.500655
0.09256844850065189,0.14135515646357438,139.0,0.952054794520548,146.0,0.9733333333333334,150.0,1.0067114093959733,0.1095360824742268,1.0141843971631206,141.0,0.9463087248322148,149.0,1.0275862068965518,145.0,1.0069444444444444,200.0,-0.2916876852269812,0.1785937159631,100.0,100.0,0.29288436150876856,-0.3985489226304928,0.4245870488121058,-0.5507254833001262,-0.2581760594387524,0.34,0.465,0.5,0.565,0.8,0,-24.630377,6.071837
0.12255541069100391,0.1367618323599653,166.0,1.0375,160.0,1.0526315789473684,152.0,0.9806451612903224,0.13144329896907217,1.0526315789473684,152.0,0.9559748427672956,159.0,1.0063291139240509,158.0,0.9813664596273292,224.0,-0.257033958719622,0.08683177980329763,112.0,112.0,0.299931337503007,-0.4675567518188936,0.3769752358424587,-0.3753141639688429,-0.2172974925274786,0.375,0.48,0.5,0.52,0.805,0,-35.739986,-5.3807254
0.0560625814863103,0.14279653983068039,110.0,0.9821428571428572,112.0,0.9739130434782608,115.0,1.0648148148148149,0.06572164948453608,0.9646017699115044,113.0,1.0660377358490567,106.0,0.9814814814814816,108.0,0.9557522123893806,154.0,-0.0837506204515238,0.3906920346815824,78.0,76.0,0.3285837790747574,-0.4267657256770961,0.7178415765895544,-0.8406791324130543,0.5051399470861383,0.33,0.47,0.515,0.56,0.83,0,20.107164,21.035473
0.13298565840938723,0.15275193302460538,161.0,1.0320512820512822,156.0,1.0,156.0,0.9936305732484076,0.1327319587628866,1.0454545454545454,154.0,0.9871794871794872,156.0,0.9629629629629628,162.0,0.9529411764705882,225.0,-0.3509163439796582,0.07735814024515739,113.0,112.0,0.25312698115023746,-0.5646494611276098,0.3210776840003128,-0.4974474495515772,-0.2753575745976166,0.38,0.485,0.505,0.525,0.86,0,-31.111315,-13.753868
0.10039113428943937,0.1456184030423387,142.0,1.0142857142857142,140.0,0.9859154929577464,142.0,1.0,0.10309278350515463,0.9857142857142858,140.0,1.0218978102189782,137.0,0.9319727891156464,147.0,0.9865771812080536,194.0,-0.1727171994683404,0.1811715575859856,98.0,96.0,0.3396586052737396,-0.2555749463384769,0.45592713310136607,-0.4431496067363979,-0.0900129399653256,0.35,0.475,0.51,0.585,0.795,0,-22.046366,15.44417
0.05867014341590613,0.14102351073308975,113.0,0.982608695652174,115.0,1.0,115.0,1.036036036036036,0.07474226804123711,1.0740740740740742,108.0,0.9818181818181818,110.0,0.9821428571428572,112.0,0.991150442477876,158.0,-0.4103025141955339,0.3935909995995908,77.0,81.0,0.24202897126528375,-0.7105736607329172,0.5761037218464189,-1.3269756119340417,0.1202947775392173,0.305,0.45,0.49,0.53,0.8,0,17.627598,16.32557
0.12516297262059975,0.135683440847447,169.0,1.0242424242424242,165.0,1.012269938650307,163.0,1.0316455696202531,0.14561855670103094,1.062111801242236,161.0,1.0125786163522013,159.0,1.0127388535031847,157.0,0.98125,237.0,-0.2519405582877521,0.08404933447355066,118.0,119.0,0.2971793101339984,-0.4669588441688369,0.3876362026412522,-0.3242274182616444,-0.1866581831231881,0.375,0.48,0.5,0.52,0.815,0,-35.91368,-4.7776337
0.15123859191655803,0.1354151397454478,190.0,1.021505376344086,186.0,0.984126984126984,189.0,1.0216216216216216,0.1481958762886598,0.9453551912568307,183.0,1.0701754385964912,171.0,0.994186046511628,172.0,0.9555555555555556,245.0,-0.5125574014437456,0.14892867036546573,124.0,121.0,0.20487419951781963,-0.7227239575379052,0.38886436057944146,-0.9372297879458412,-0.4983119060437516,0.365,0.48,0.505,0.525,0.68,0,-26.060385,-3.7911687
0.1773142112125163,0.21912122098410527,147.0,1.7926829268292683,82.0,0.3534482758620689,232.0,1.3567251461988303,0.1481958762886598,1.005813953488372,172.0,2.0,86.0,0.3307692307692307,260.0,1.6560509554140128,235.0,-0.1190395959981945,0.23723314670655726,114.0,121.0,0.31516027785852657,-0.1758383965624756,0.5743120282573079,-0.2746985931426441,0.2976203253059193,0.325,0.41,0.49,0.59,0.52,0,-4.775124,29.773382
0.05867014341590613,0.14460151539849783,111.0,0.9736842105263158,114.0,0.5352112676056338,213.0,2.3666666666666667,0.06572164948453608,0.990909090909091,110.0,0.502283105022831,219.0,0.9690265486725664,226.0,1.04147465437788,150.0,-0.2206652730224658,0.48973027044865836,74.0,76.0,0.281675729540059,-0.4150433444585735,0.7960773432109859,-0.922517118826758,0.4915071006647556,0.295,0.455,0.495,0.54,0.84,0,23.583017,19.760908
0.09778357235984354,0.1456587153739338,140.0,0.9859154929577464,142.0,1.0,142.0,0.9726027397260274,0.1056701030927835,1.0218978102189782,137.0,0.9319727891156464,147.0,0.9865771812080536,149.0,1.0067567567567568,194.0,-0.2072505568542126,0.18381103322408426,96.0,98.0,0.3241689514453597,-0.3024219902233573,0.43117259472936154,-0.5032969607515989,-0.2216591872828493,0.335,0.465,0.5,0.57,0.745,0,-25.17967,10.500418
0.13298565840938723,0.15145373746150867,162.0,1.0253164556962024,158.0,1.025974025974026,154.0,1.0,0.12371134020618557,0.9871794871794872,156.0,1.0,156.0,0.968944099378882,161.0,0.9640718562874252,220.0,-0.2799422655823033,0.08469008041791466,113.0,107.0,0.2921961362079179,-0.5396166677903628,0.3584979092769188,-0.3692701923834957,-0.2596251954238966,0.35,0.49,0.515,0.535,0.82,0,-35.311424,-8.56311
0.06258148631029987,0.14634259802586164,113.0,1.0272727272727271,110.0,1.0091743119266054,109.0,0.956140350877193,0.06572164948453608,0.9646017699115044,113.0,0.9912280701754386,114.0,1.0,114.0,1.0458715596330277,153.0,-0.5189181987532347,0.457378793632511,77.0,76.0,0.1679870909601519,-0.9089977739550852,0.6779733783656193,-1.465560936597319,-0.0929094432460317,0.3,0.465,0.505,0.55,0.805,0,19.524857,15.734269
0.1316818774445893,0.1392815874091411,171.0,0.9606741573033708,178.0,0.994413407821229,179.0,1.022857142857143,0.15463917525773196,1.0171428571428571,175.0,1.0057471264367817,174.0,1.0419161676646709,167.0,1.04375,247.0,-0.2959137960865002,0.1865720885508551,123.0,124.0,0.24130163216020997,-0.6080374186225987,0.5821408340609309,-0.5493903838547173,-0.0869307731335117,0.39,0.475,0.5,0.52,0.695,0,-7.6124477,39.290283
0.05345501955671447,0.13225168256606248,114.0,1.0,114.0,1.0,114.0,1.0458715596330277,0.07216494845360824,0.991304347826087,115.0,1.0454545454545454,110.0,1.25,88.0,0.6666666666666666,152.0,-0.2917209789916287,0.3988048105478585,73.0,79.0,0.24221897438577658,-0.6679283261348653,0.6310950370994471,-1.1231422743247217,0.3163198114762408,0.3,0.445,0.49,0.535,0.83,0,18.205296,16.802996
0.11342894393741851,0.1305799369021596,164.0,0.9761904761904762,168.0,1.018181818181818,165.0,1.0185185185185186,0.14304123711340205,1.005952380952381,168.0,1.0632911392405062,158.0,1.0,158.0,0.9693251533742332,233.0,-0.3165832221331801,0.09236012885495748,115.0,118.0,0.2795220321139385,-0.5060752013494401,0.3577639534853943,-0.4214225302093081,-0.2512039871815322,0.37,0.475,0.495,0.515,0.835,0,-32.88675,-8.029845
0.09256844850065189,0.13312436040865153,145.0,0.9602649006622516,151.0,0.8988095238095238,168.0,0.9655172413793104,0.14561855670103094,0.9344262295081968,183.0,1.605263157894737,114.0,0.4691358024691358,243.0,1.4727272727272729,289.0,-0.2753807928429302,0.2324182130786229,170.0,119.0,0.2611192451217344,-0.2972954408609257,0.6225560986858161,-0.4838556997793326,0.2089508001332919,0.47,0.555,0.59,0.685,0.615,0,4.792294,30.300205
0.1121251629726206,0.13523607613152036,159.0,0.940828402366864,169.0,1.0180722891566265,166.0,1.1216216216216215,0.13144329896907217,0.975609756097561,164.0,1.0580645161290323,155.0,1.0472972972972974,148.0,0.961038961038961,222.0,-0.3170032879160261,0.0948252708974836,110.0,112.0,0.2876999989353146,-0.524234823730452,0.34550185757730506,-0.5153055341256764,-0.270542760561286,0.365,0.47,0.495,0.52,0.825,0,-32.603703,-9.399628
0.14341590612777053,0.14625088962426208,174.0,1.0175438596491229,171.0,1.0363636363636364,165.0,0.9482758620689656,0.13917525773195877,0.9940119760479041,167.0,0.8978494623655914,186.0,1.0391061452513966,179.0,1.028735632183908,237.0,-0.1614278751474143,0.2151955256485695,121.0,116.0,0.28201992886094684,-0.4249911725520464,0.691137978881977,-0.2891379524600618,-0.0597906582656369,0.395,0.49,0.51,0.535,0.675,0,5.8948283,33.77427
0.1290743155149935,0.1292896440085855,178.0,0.9834254143646408,181.0,1.011173184357542,179.0,0.9675675675675676,0.15206185567010308,1.0,176.0,1.035294117647059,170.0,1.0179640718562877,167.0,0.9940476190476192,248.0,-0.1968760816249969,0.195675229230741,125.0,123.0,0.2836100249889597,-0.5347471710313861,0.62820005265781,-0.4712240063603174,-0.0448915838861424,0.375,0.48,0.505,0.525,0.695,0,1.8856711,35.505463
0.1316818774445893,0.14399625413024764,167.0,0.9766081871345028,171.0,1.0058823529411764,170.0,0.9714285714285714,0.1404639175257732,0.9709302325581395,172.0,0.9772727272727272,176.0,1.0292397660818713,171.0,1.049079754601227,234.0,-0.2531234886139095,0.19881069048983,118.0,116.0,0.25708471860305493,-0.5744434890903719,0.5855828011446054,-0.540915541789203,-0.0809081020884304,0.325,0.48,0.505,0.525,0.705,0,-5.3900647,39.398834
0.15514993481095177,0.14066513251123636,188.0,1.0,188.0,1.0804597701149423,174.0,0.9775280898876404,0.1481958762886598,1.005813953488372,172.0,0.9828571428571428,175.0,1.0,175.0,0.9562841530054644,248.0,-0.1423685199009886,0.19929256150026556,127.0,121.0,0.2882887562939372,-0.4086543918752059,0.679230852451578,-0.423496922371119,-0.0793820056770789,0.41,0.495,0.515,0.535,0.685,0,5.1076946,33.780453
0.14993481095176012,0.14170171858462716,183.0,1.0517241379310345,174.0,1.0,174.0,1.0481927710843373,0.14432989690721648,1.0,170.0,1.0,170.0,0.9289617486338798,183.0,0.9945652173913044,240.0,-0.2572916725719347,0.20117550354788447,122.0,118.0,0.24780503315020538,-0.585800173512786,0.607720633563393,-0.5293645330087963,-0.166960846362824,0.395,0.485,0.51,0.53,0.685,0,-1.3234963,39.614395
0.09256844850065189,0.14135515646357438,139.0,0.972027972027972,143.0,0.9470198675496688,151.0,1.0202702702702702,0.10695876288659793,0.9724137931034482,145.0,0.9931506849315068,146.0,0.9668874172185432,151.0,1.0134228187919463,197.0,-0.2386144263719625,0.19720078386803092,99.0,98.0,0.3228846264189772,-0.3271314467554249,0.4352418074812387,-0.5473535039245095,-0.2646430072191282,0.35,0.465,0.505,0.58,0.83,0,-20.712044,9.481558
0.10691003911342895,0.15267306107148446,142.0,1.0215827338129495,139.0,0.9928571428571428,140.0,1.0,0.1095360824742268,1.0287769784172662,139.0,1.0220588235294117,136.0,0.9577464788732394,142.0,1.0070921985815602,203.0,-0.2630183233488149,0.19683831594363518,103.0,100.0,0.3185389393562905,-0.3449918374462912,0.4274080656462979,-0.5647179383824958,-0.2152911042024427,0.345,0.475,0.51,0.595,0.795,0,-21.482574,8.680778
0.13689700130378096,0.12973008626365387,184.0,0.9787234042553192,188.0,1.032967032967033,182.0,1.0,0.1559278350515464,1.0170454545454546,176.0,1.011494252873563,174.0,0.9830508474576272,177.0,1.0172413793103448,258.0,-0.2101780142422275,0.17006076316271282,133.0,125.0,0.27045977168096924,-0.4745287526882629,0.5569731952500092,-0.4006427313535206,-0.1088550587509888,0.36,0.49,0.515,0.54,0.695,0,-9.966726,35.461906
0.08083441981747067,0.14125536838431318,130.0,0.9701492537313432,134.0,1.0075187969924813,133.0,0.9779411764705882,0.1018041237113402,1.0148148148148148,135.0,0.9712230215827338,139.0,0.9586206896551724,145.0,1.0431654676258992,188.0,-0.1352668002297601,0.21949103414561955,93.0,95.0,0.30018800046220684,-0.3047418857651518,0.47735333614002573,-0.5219133425609234,0.1409169727437185,0.31,0.45,0.495,0.52,0.715,0,-18.576761,11.588257
0.13428943937418514,0.1593862197310665,157.0,0.9691358024691358,162.0,1.018867924528302,159.0,1.0063291139240509,0.13144329896907217,0.9937888198757764,161.0,1.0,161.0,0.9817073170731708,164.0,0.9534883720930232,221.0,-0.3476057333840818,0.07520949241913805,109.0,112.0,0.2709386340071909,-0.5293261627283548,0.31925214858354184,-0.4565459666911901,-0.3035329909208005,0.375,0.475,0.495,0.515,0.84,0,-32.099228,-13.736372
0.1303780964797914,0.14160396668765815,168.0,0.9824561403508772,171.0,1.0118343195266273,169.0,0.9825581395348836,0.14690721649484537,1.0058479532163742,171.0,0.9344262295081968,183.0,1.0223463687150838,179.0,1.0718562874251496,240.0,-0.241825413800795,0.1677496419063802,120.0,120.0,0.26136793118883966,-0.4462621999781063,0.5142340582849688,-0.5651275652804711,-0.1133621881935044,0.345,0.48,0.505,0.525,0.685,0,-14.765371,34.14519
0.121251629726206,0.1479337779852378,156.0,0.9873417721518988,158.0,0.9461077844311376,167.0,1.2748091603053435,0.13144329896907217,0.9467455621301775,169.0,0.9825581395348836,172.0,1.029940119760479,167.0,1.0245398773006136,221.0,-0.3736451575020419,0.0889904387307855,109.0,112.0,0.2588783305212201,-0.6169830191427771,0.326766269967543,-0.4884235576350469,-0.2924134218868843,0.375,0.47,0.495,0.515,0.855,0,-30.760607,-12.699447
0.22294654498044328,0.24616300690231713,157.0,0.8971428571428571,175.0,1.0294117647058822,170.0,0.9826589595375722,0.15077319587628865,0.9776536312849162,179.0,1.0529411764705885,170.0,1.0897435897435896,156.0,0.968944099378882,239.0,-0.2205017288483937,0.30686541941791506,117.0,122.0,0.42487241379893126,-0.225,0.7179969427179085,-0.4538063628565433,0.300318265007057,0.465,0.445,0.49,0.6,0.515,0,12.87733,26.547201
0.11734028683181226,0.13781884323371793,161.0,1.0,161.0,1.0662251655629138,151.0,0.9869281045751634,0.13402061855670103,1.051948051948052,154.0,1.0065359477124185,153.0,0.9807692307692308,156.0,0.975,227.0,-0.3882598125500023,0.089682055422467,114.0,113.0,0.25906166217526183,-0.543847045443911,0.36165634595891216,-0.4752354807060149,-0.3376483293340165,0.375,0.485,0.505,0.525,0.84,0,-32.201214,-7.709586
0.08344198174706649,0.18546415672547695,108.0,0.9557522123893806,113.0,1.036697247706422,109.0,0.981981981981982,0.21649484536082475,2.0545454545454547,110.0,1.3095238095238095,84.0,0.6412213740458015,131.0,1.18018018018018,234.0,-0.4069724636033806,0.7211210980575802,76.0,158.0,0.3866510775665909,-0.5274584565513118,0.8734452232134324,-1.6538283273163037,-0.8839846058405199,0.515,0.715,0.765,0.905,0.965,0,26.94157,17.161411
0.12255541069100391,0.14155979731199067,162.0,1.0253164556962024,158.0,1.025974025974026,154.0,1.0694444444444444,0.03350515463917526,0.3888888888888889,216.0,1.565217391304348,138.0,1.8904109589041096,73.0,0.3596059113300492,169.0,-0.2049417461277261,0.2617833954908706,111.0,58.0,0.4110420823480314,-0.2618237011409891,0.5101568217074478,0.1397770562595817,0.1892296630099998,0.63,0.585,0.665,0.7,0.705,0,-15.846225,14.904817
0.1408083441981747,0.14053267216935,177.0,0.9365079365079364,189.0,1.0441988950276244,181.0,1.0903614457831323,0.15206185567010308,1.0414201183431953,169.0,1.0242424242424242,165.0,0.993975903614458,166.0,0.9431818181818182,248.0,-0.1585569770272182,0.19533737189645262,125.0,123.0,0.2841273860237685,-0.496401520021459,0.6202655656859473,-0.3372692883208642,-0.0972203420822581,0.39,0.48,0.505,0.53,0.68,0,1.03002,35.223633
0.14993481095176012,0.14502267636432192,180.0,1.0227272727272727,176.0,1.035294117647059,170.0,0.913978494623656,0.14948453608247422,0.9206349206349206,189.0,1.0106951871657754,187.0,1.033149171270718,181.0,1.0055555555555555,246.0,-0.2720516905355513,0.1858934111399979,125.0,121.0,0.2508720918608469,-0.5677526600651863,0.6045974417207803,-0.5292130213881592,-0.2249698379882392,0.34,0.485,0.51,0.53,0.67,0,-2.3609087,39.07853
0.11342894393741851,0.19534795964123525,122.0,0.5951219512195122,205.0,1.1714285714285717,175.0,1.0542168674698795,0.13659793814432988,0.9761904761904762,168.0,1.030674846625767,163.0,1.0516129032258064,155.0,1.0064935064935066,228.0,-0.3161107427651404,0.07290352103148985,114.0,114.0,0.2786774606605133,-0.5257313438436941,0.3237782928922844,-0.4678990153486276,-0.2921161909334828,0.33,0.48,0.5,0.52,0.805,0,-34.439854,-14.367388
0.09908735332464146,0.1470898031455605,140.0,0.9655172413793104,145.0,1.0,145.0,0.9666666666666668,0.1134020618556701,0.9605263157894737,152.0,1.0133333333333334,150.0,1.0416666666666667,144.0,0.9863013698630136,197.0,-0.1696865687695206,0.18954260603595224,95.0,102.0,0.3295856900674959,-0.2362789702507333,0.4518110173719026,-0.4455552456209497,-0.1147527276547822,0.325,0.45,0.485,0.555,0.775,0,-21.991327,14.268399
0.1303780964797914,0.1477131603957783,163.0,0.987878787878788,165.0,1.0509554140127388,157.0,0.9691358024691358,0.1018041237113402,1.0300751879699248,133.0,0.9851851851851852,135.0,0.944055944055944,143.0,1.0141843971631206,191.0,-0.713740429771387,0.10451443468118837,96.0,95.0,0.12714877769843685,-0.7436270385496172,0.15299331907252067,-0.6828211168636186,-0.5552267598539093,0.475,0.465,0.505,0.54,0.89,0,-27.22453,-16.42598
0.05736636245110821,0.14836188116478424,108.0,0.9818181818181818,110.0,0.990990990990991,111.0,1.0277777777777777,0.06443298969072164,1.0,108.0,0.9310344827586208,116.0,1.0,116.0,1.045045045045045,151.0,0.3170084661125849,0.38080828201576383,76.0,75.0,0.43270538750637705,0.0663645903693521,0.8906803789390559,-0.1614374746675669,0.8095292825298788,0.335,0.455,0.505,0.555,0.83,0,24.181166,24.25144
0.13428943937418514,0.15665738994580705,159.0,1.0,159.0,1.0063291139240509,158.0,0.9575757575757576,0.12757731958762886,1.0064102564102564,156.0,0.934131736526946,167.0,0.9709302325581396,172.0,1.017751479289941,219.0,-0.2808753197779782,0.08985962946356392,110.0,109.0,0.28616084275312775,-0.5075248450530647,0.3921956512403311,-0.3117832490680866,-0.2379855235006878,0.39,0.48,0.505,0.525,0.855,0,-34.66042,-3.6886265
0.14471968709256844,0.15099809548093876,171.0,0.994186046511628,172.0,1.017751479289941,169.0,1.0119760479041915,0.14432989690721648,0.9941520467836257,171.0,0.9553072625698324,179.0,0.9835164835164836,182.0,1.0520231213872833,234.0,-0.2274347186736919,0.20539211263328253,116.0,118.0,0.25809128149802774,-0.5412493447600588,0.6443298492870111,-0.4682119875749306,-0.0735284564779914,0.335,0.475,0.5,0.52,0.685,0,4.5999103,36.379562
0.1395045632333768,0.147510711313686,170.0,0.9659090909090908,176.0,0.946236559139785,186.0,1.0163934426229508,0.15335051546391754,0.9888268156424581,179.0,1.0346820809248556,173.0,1.0484848484848486,165.0,0.9649122807017544,246.0,-0.2599602248164334,0.16121972361823192,123.0,123.0,0.26769115816131167,-0.4798876551255291,0.5095746498503128,-0.6013513471110836,-0.2002549600247394,0.37,0.48,0.505,0.525,0.67,0,-15.1754265,33.95323
0.10039113428943937,0.14279653983068039,144.0,1.0588235294117647,136.0,0.9927007299270072,137.0,0.958041958041958,0.10438144329896908,0.9788732394366197,142.0,1.0,142.0,0.9793103448275862,145.0,0.9931506849315068,195.0,-0.2598902974835175,0.18280386573854068,98.0,97.0,0.30226950257794666,-0.3451317028461576,0.4361384298424043,-0.5339509460397905,-0.2118267130629858,0.35,0.475,0.505,0.58,0.805,0,-23.611172,8.51087
0.12385919165580182,0.13679796833284383,167.0,1.0705128205128205,156.0,1.0129870129870129,154.0,0.9625,0.13530927835051546,1.0316455696202531,158.0,1.0063694267515924,157.0,0.9127906976744186,172.0,1.0424242424242425,224.0,-0.2620807356280653,0.09731324146987211,110.0,114.0,0.2907757708969277,-0.4693644940450301,0.40830481104404265,-0.3402155812719632,-0.1956844515673831,0.38,0.47,0.495,0.515,0.835,0,-34.22887,-2.223328
0.1016949152542373,0.137417954917184,149.0,0.9085365853658536,164.0,0.9647058823529412,170.0,1.0240963855421688,0.125,0.9117647058823529,170.0,0.8415841584158416,202.0,1.2784810126582278,158.0,1.082191780821918,212.0,-0.2512668107847666,0.3447862565663631,104.0,108.0,0.4300159170383306,-0.2432265612479391,0.7007301069462519,-0.440893265199471,0.1957965268936877,0.465,0.435,0.5,0.595,0.53,0,10.960029,23.846384
0.10430247718383312,0.14279653983068039,147.0,1.013793103448276,145.0,1.0507246376811594,138.0,0.9928057553956836,0.11082474226804123,1.0285714285714285,140.0,0.9859154929577464,142.0,1.0070921985815602,141.0,0.9724137931034482,203.0,-0.239400573250432,0.18783789834665665,103.0,100.0,0.3173073328609883,-0.3193680482633765,0.4260516214755632,-0.5264283047534581,-0.1713724358532521,0.355,0.475,0.51,0.575,0.825,0,-24.93756,9.304051
0.0560625814863103,0.14463463421625597,109.0,0.9646017699115044,113.0,1.13,100.0,0.847457627118644,0.211340206185567,2.074766355140187,107.0,0.9727272727272728,110.0,0.5069124423963134,217.0,0.9774774774774776,309.0,-0.2702359417110346,0.6124010289422795,154.0,155.0,0.903054486297184,-0.3372248649040337,0.8369196499501781,-1.0926381593660168,-1.0044314368099827,0.13,0.105,0.14,0.225,0.2,0,28.055359,-5.4652743
0.10039113428943937,0.13870771762603265,147.0,0.98,150.0,1.851851851851852,81.0,0.3838862559241706,0.11984536082474227,1.0486111111111112,144.0,1.0,144.0,1.0285714285714285,140.0,1.0071942446043165,210.0,-0.2669973254573146,0.1842826546386206,105.0,105.0,0.29649353356507296,-0.3429839220777743,0.43286389399684716,-0.5143437694773341,-0.2366001631981307,0.34,0.47,0.5,0.585,0.81,0,-23.8629,7.6212177
0.054758800521512385,0.14097515539406458,110.0,1.0,110.0,0.990990990990991,111.0,1.009090909090909,0.06829896907216494,1.009090909090909,110.0,1.0377358490566038,106.0,0.954954954954955,111.0,0.5162790697674419,228.0,-0.0535105606411557,0.4784706633007947,151.0,77.0,0.25829600106330464,-0.4029739994617387,0.8420126202902233,-0.5432879245668611,-0.4448170754133333,0.12,0.145,0.175,0.21,0.215,0,23.95371,19.917156
0.08996088657105607,0.15044357372486894,131.0,0.9492753623188406,138.0,0.9452054794520548,146.0,0.9798657718120806,0.11597938144329897,1.0068027210884354,147.0,0.9423076923076924,156.0,0.9936305732484076,157.0,0.9874213836477987,204.0,-0.3316375955939732,0.10214080740721548,101.0,103.0,0.2823117640725836,-0.5180005570162247,0.364227438233858,-0.4867397865346537,-0.3575881299264982,0.37,0.475,0.5,0.52,0.79,0,-31.289246,-7.2128086
0.14341590612777053,0.14279653983068039,177.0,0.9516129032258064,186.0,1.0333333333333334,180.0,1.0,0.14948453608247422,0.9666666666666667,180.0,1.0112359550561798,178.0,1.0348837209302326,172.0,0.9717514124293786,235.0,-0.0893489492537362,0.18205137688982248,114.0,121.0,0.30374451111608347,-0.3685169423886784,0.6085633233612042,-0.363460679394978,0.0666176673165294,0.37,0.46,0.485,0.51,0.675,0,-1.9109274,33.583492
0.07561929595827901,0.14279653983068039,125.0,0.5630630630630631,222.0,1.930434782608696,115.0,1.0267857142857142,0.05412371134020619,1.0526315789473684,95.0,0.3991596638655462,238.0,1.0672645739910314,223.0,0.9911111111111112,149.0,-0.3373214029588303,0.49630521218723556,79.0,70.0,0.2378909365557409,-0.5115713027957645,0.7165058894947249,-1.070196375884952,0.3087589904876138,0.315,0.49,0.53,0.58,0.82,0,20.877602,17.110447
0.05084745762711865,0.03683244082934216,225.0,2.2058823529411766,102.0,0.85,120.0,1.1009174311926606,0.19974226804123713,2.3666666666666667,90.0,0.703125,128.0,1.1851851851851851,108.0,0.972972972972973,228.0,0.0206889766814511,0.5320960698049975,79.0,149.0,0.49321770757380606,-0.2566684510576424,0.9234749176424875,-0.4291289336010805,-0.316413980032594,0.565,0.78,0.815,0.85,0.975,0,27.984879,17.758919
0.0560625814863103,0.1392188204016136,112.0,0.5022421524663677,223.0,2.1650485436893203,103.0,0.8306451612903226,0.07216494845360824,1.0,114.0,1.027027027027027,111.0,1.0,111.0,0.9823008849557522,154.0,0.1518305157174485,0.4218099952294447,75.0,79.0,0.3602169114544874,-0.2400934678296127,0.8179670336320733,-0.7450443830600078,0.7973096113255145,0.29,0.445,0.49,0.535,0.82,0,23.430954,22.37212
0.08865710560625815,0.13703100636225618,139.0,1.0692307692307692,130.0,1.04,125.0,0.984251968503937,0.1018041237113402,1.0458015267175573,131.0,1.0,131.0,0.9924242424242424,132.0,0.9924812030075189,193.0,-0.2242515359950284,0.210736526915958,98.0,95.0,0.302813252491728,-0.4096999196606033,0.39397004592339974,-0.5996080565905395,0.0082971295501176,0.35,0.465,0.515,0.54,0.73,0,-20.25726,4.262637
0.11342894393741851,0.14677704886434415,151.0,0.9151515151515152,165.0,0.9880239520958084,167.0,0.9766081871345028,0.15979381443298968,0.9680851063829787,188.0,1.032967032967033,182.0,1.0,182.0,1.103030303030303,309.0,-0.3803555704718902,0.25927213818143663,182.0,127.0,0.23235662356671755,-0.361900935496938,0.6549336636743271,-0.6142695585923894,0.1354737051087909,0.46,0.555,0.59,0.67,0.61,0,6.4590898,30.597057
0.11864406779661017,0.14407266905378702,157.0,0.9127906976744186,172.0,1.0424242424242425,165.0,0.9705882352941176,0.13917525773195877,1.0,166.0,1.031055900621118,161.0,1.018987341772152,158.0,1.0128205128205128,230.0,-0.2588660280245802,0.07565418444968375,114.0,116.0,0.2906214647773704,-0.4470268205222045,0.3485414968513888,-0.3902925550570553,-0.2203990636714938,0.37,0.475,0.495,0.515,0.82,0,-33.82244,-10.189176
0.09126466753585398,0.14279653983068039,137.0,0.9856115107913668,139.0,0.9328859060402684,149.0,1.0067567567567568,0.10695876288659793,1.0217391304347827,138.0,0.9583333333333334,144.0,0.979591836734694,147.0,0.9865771812080536,196.0,-0.2561393600408613,0.16985552702199386,98.0,98.0,0.3133579477403227,-0.3569492336110005,0.40885251815952633,-0.5149748743718595,-0.2374190933149,0.345,0.465,0.5,0.58,0.815,0,-26.627878,5.8043036
0.13298565840938723,0.14398911297370265,168.0,0.9130434782608696,184.0,1.0279329608938548,179.0,1.022857142857143,0.16108247422680413,1.0280898876404494,178.0,1.0229885057471264,174.0,1.0357142857142858,168.0,0.9882352941176472,252.0,-0.3691149529034793,0.19493018369993576,124.0,128.0,0.22127639580695296,-0.6208651641070618,0.5576218203773587,-0.6242801753260167,-0.0944786294569335,0.32,0.47,0.495,0.515,0.71,0,-10.182394,40.13689
0.17470664928292046,0.1821514535504151,168.0,1.05,160.0,1.0256410256410255,156.0,0.9873417721518988,0.13015463917525774,1.0192307692307692,156.0,1.0,156.0,0.9397590361445785,166.0,1.006060606060606,221.0,-0.2499736450201759,0.10120671134339719,110.0,111.0,0.3077109911073099,-0.4571022577327217,0.39241434086111,-0.4254529291921689,-0.2166022335811325,0.38,0.48,0.5,0.525,0.825,0,-38.175156,-7.5248284
0.12516297262059975,0.14655314523120053,160.0,0.9195402298850576,174.0,0.9666666666666668,180.0,1.0285714285714285,0.15979381443298968,1.0282485875706215,177.0,1.0,177.0,1.0290697674418603,172.0,0.9828571428571428,250.0,-0.2322216738957471,0.1821573883793126,123.0,127.0,0.26243779931937206,-0.517463255670818,0.5606170109986403,-0.5414718817443795,0.0079006386893171,0.38,0.47,0.495,0.52,0.72,0,-9.24486,37.44277
0.11864406779661017,0.1493440002237438,153.0,1.0132450331125828,151.0,0.9741935483870968,155.0,1.597938144329897,0.12371134020618557,0.9625,160.0,0.9696969696969696,165.0,1.0,165.0,0.9428571428571428,212.0,-0.1704674841397815,0.35463068558225613,105.0,107.0,0.3236936908724284,-0.1932089288265359,0.7506880320155594,-0.4396296321085959,0.5311635083905168,0.37,0.455,0.5,0.615,0.525,0,11.296194,30.000954
0.11734028683181226,0.1402763852642937,159.0,0.9352941176470588,170.0,1.827956989247312,93.0,0.3522727272727273,0.1404639175257732,1.8764044943820224,89.0,0.7478991596638656,119.0,1.5256410256410255,78.0,0.2857142857142857,230.0,-0.080146979627285,0.3097146457015701,114.0,116.0,0.3306124872005373,-0.107950126249693,0.7680121819594538,-0.2886115975778399,0.4073508786508774,0.34,0.445,0.5,0.595,0.525,0,11.086238,30.309315
0.11864406779661017,0.13906326738295852,161.0,0.9757575757575756,165.0,0.9880239520958084,167.0,1.0372670807453417,0.13402061855670103,0.9759036144578314,166.0,1.01840490797546,163.0,1.0584415584415583,154.0,1.013157894736842,229.0,-0.3511755849998489,0.08276779346946975,116.0,113.0,0.27225696070857586,-0.579602169611795,0.3207901254321506,-0.4709201888101458,-0.3219606969075134,0.345,0.485,0.505,0.525,0.825,0,-31.198666,-12.979806
0.10430247718383312,0.1528141542320674,140.0,1.0071942446043165,139.0,0.9788732394366196,142.0,1.0,0.10824742268041238,1.0070921985815602,141.0,0.9929577464788732,142.0,0.9726027397260274,146.0,1.6043956043956045,202.0,-0.2541321038598023,0.18495984973452256,103.0,99.0,0.31337060726811267,-0.3674172169864365,0.42752276372699644,-0.5227184602644087,-0.215527750004026,0.35,0.475,0.51,0.58,0.765,0,-25.00599,8.66661
0.09517601043024772,0.14279653983068039,140.0,0.9523809523809524,147.0,1.013793103448276,145.0,0.9931506849315068,0.10824742268041238,1.0070921985815602,141.0,0.9215686274509804,153.0,1.006578947368421,152.0,1.0133333333333334,197.0,-0.2523405436413879,0.1549739038703474,98.0,99.0,0.2856314257175312,-0.3208972341764015,0.41404711005138284,-0.4764216479524145,-0.1772366667027105,0.345,0.435,0.5,0.565,0.755,0,-26.872934,4.257905
0.13428943937418514,0.13062043392844203,181.0,0.9783783783783784,185.0,1.0451977401129944,177.0,1.047337278106509,0.15721649484536082,1.0778443113772456,167.0,0.9823529411764704,170.0,0.9941520467836256,171.0,1.0058823529411764,252.0,-0.2104644368669321,0.16939835606700435,127.0,125.0,0.273263294131605,-0.4838745254048492,0.5637044643099599,-0.4310256687749215,-0.1496366818897659,0.35,0.485,0.51,0.53,0.69,0,-9.49781,35.453434
0.12255541069100391,0.14033822954813144,163.0,1.0061728395061729,162.0,1.0253164556962024,158.0,1.0193548387096774,0.13015463917525774,1.0392156862745099,153.0,0.9683544303797468,158.0,1.0193548387096774,155.0,0.9393939393939394,221.0,-0.2878299509387556,0.08049699415483846,110.0,111.0,0.27972159394888413,-0.428593345141716,0.33226454328361404,-0.4763039496938853,-0.2061804062693274,0.365,0.48,0.5,0.525,0.815,0,-32.373547,-11.986804
0.07822685788787484,0.1396903028069945,129.0,0.9280575539568344,139.0,0.972027972027972,143.0,1.0592592592592591,0.09922680412371133,1.0150375939849625,133.0,0.9925373134328358,134.0,1.0,134.0,1.0,186.0,0.0454502089642343,0.2124650267788778,92.0,94.0,0.34378719161596605,-0.143909664450022,0.5369469052614814,-0.4920963901618094,0.4465703898525263,0.315,0.45,0.495,0.545,0.725,0,-16.804245,18.66472
0.13559322033898305,0.14397508270143178,170.0,1.0303030303030305,165.0,0.9880239520958084,167.0,1.0245398773006136,0.13917525773195877,0.9880952380952381,168.0,1.024390243902439,164.0,1.0123456790123455,162.0,0.9585798816568049,235.0,-0.2470980465474818,0.1884156438777394,119.0,116.0,0.254939347134319,-0.5498081568174815,0.5793052091900607,-0.4357083750151364,-0.1211491605004276,0.34,0.485,0.505,0.53,0.69,0,-6.109088,39.099083
0.2033898305084746,0.34135996814388736,112.0,1.0275229357798166,109.0,0.9478260869565216,115.0,1.036036036036036,0.06701030927835051,1.0091743119266054,109.0,0.981981981981982,111.0,1.0,111.0,0.9910714285714286,156.0,0.132562933530586,0.496021248695071,79.0,77.0,0.427071938797444,-0.2330185477706581,0.7479828775115107,-1.023227010097612,0.4400572615869331,0.345,0.47,0.51,0.55,0.815,0,17.634527,28.303484
0.10821382007822686,0.15114455183183623,144.0,1.0212765957446808,141.0,1.014388489208633,139.0,0.9788732394366196,0.1056701030927835,1.037037037037037,135.0,0.9642857142857144,140.0,1.0,140.0,0.9523809523809524,203.0,-0.3091534654070925,0.1461907668822814,105.0,98.0,0.2869809515512744,-0.3948519595912705,0.37992265920603674,-0.5778636867722187,-0.332519292255634,0.365,0.485,0.515,0.59,0.835,0,-27.638527,2.3638728
0.14863102998696218,0.14966576113448865,175.0,1.0294117647058822,170.0,0.9714285714285714,175.0,1.0,0.14432989690721648,0.9883720930232558,172.0,1.0,172.0,0.9555555555555556,180.0,1.0227272727272727,236.0,-0.3139972567128453,0.1901958491894381,118.0,118.0,0.2369596081342448,-0.5592824412245693,0.5937002254522218,-0.5498938152743922,-0.0922485732854368,0.395,0.48,0.5,0.52,0.69,0,-3.4784522,40.256203
0.14863102998696218,0.16090066224282554,166.0,0.9822485207100592,169.0,0.9941176470588236,170.0,0.9883720930232558,0.13917525773195877,0.9431818181818182,176.0,1.0057142857142858,175.0,0.9831460674157304,178.0,1.0056497175141244,231.0,-0.3704642028668171,0.18340458704060097,115.0,116.0,0.22031901706301354,-0.6422249623857544,0.5271302209290258,-0.6932049784268715,-0.271597621140971,0.385,0.475,0.5,0.52,0.675,0,-12.214212,39.38915
0.1290743155149935,0.14901866057688348,161.0,1.0592105263157894,152.0,0.9681528662420382,157.0,1.4272727272727272,0.13015463917525774,1.0127388535031847,157.0,0.9751552795031057,161.0,0.8994413407821229,179.0,1.028735632183908,267.0,-0.1837263804967482,0.3000424915915351,156.0,111.0,0.27931082855765516,-0.2108201185902056,0.7625339231963354,-0.4263803289287862,0.2613109002563651,0.44,0.545,0.585,0.67,0.61,0,10.456028,30.66716
0.10299869621903521,0.13488789688221695,152.0,1.034013605442177,147.0,1.027972027972028,143.0,1.0070422535211268,0.1134020618556701,0.9864864864864865,148.0,1.0277777777777777,144.0,1.7349397590361446,83.0,0.4345549738219895,204.0,-0.3572492828082892,0.14681135892577699,102.0,102.0,0.2522928089662918,-0.4931378260912354,0.36807576409386816,-0.5941971943953541,-0.2466126243224242,0.335,0.405,0.505,0.57,0.755,0,-27.79747,1.1885958
0.05997392438070404,0.15014891737298278,109.0,0.9646017699115044,113.0,1.018018018018018,111.0,1.0,0.06958762886597938,0.9824561403508771,114.0,1.0363636363636364,110.0,0.9734513274336284,113.0,1.076190476190476,155.0,-0.1241543190739642,0.4236577170411856,77.0,78.0,0.28181841907148836,-0.436097475992853,0.6847628597920902,-1.150291680869882,0.2324881639353284,0.295,0.46,0.5,0.545,0.81,0,19.40028,18.58617
0.10691003911342895,0.13755857151622966,153.0,1.0,153.0,1.0,153.0,1.0551724137931036,0.1211340206185567,1.0133333333333334,150.0,1.020408163265306,147.0,1.0068493150684932,146.0,1.0354609929078014,210.0,-0.2538625295884971,0.2018318216191098,104.0,106.0,0.314234232993131,-0.3209923885928347,0.4486107591251316,-0.55,-0.2200254852803857,0.345,0.46,0.495,0.575,0.8,0,-20.8947,11.674751
0.10299869621903521,0.15288622340042263,139.0,0.9858156028368794,141.0,0.9929577464788732,142.0,0.9861111111111112,0.10438144329896908,0.9788732394366197,142.0,1.0,142.0,0.9403973509933776,151.0,1.0066666666666666,195.0,-0.2238252213805808,0.18808651774297833,98.0,97.0,0.3089024303298587,-0.3140507320309535,0.4400618258238665,-0.5119818989244566,-0.2181252238605539,0.345,0.47,0.505,0.575,0.815,0,-22.432175,10.043411
0.1316818774445893,0.15150750887536474,161.0,0.9640718562874252,167.0,1.0569620253164558,158.0,1.0604026845637584,0.125,0.9627329192546584,161.0,1.0662251655629138,151.0,1.0134228187919463,149.0,0.9430379746835444,213.0,-0.3131693508322952,0.22850824374360937,105.0,108.0,0.2764195254055998,-0.4682047754665969,0.4819860836717839,-0.5313356319966781,-0.1850118360299354,0.345,0.47,0.495,0.52,0.705,0,-18.13136,29.475767
0.2516297262059974,0.22866180612828338,182.0,0.9680851063829788,188.0,1.032967032967033,182.0,1.0,0.15077319587628865,1.0802469135802468,162.0,1.0588235294117647,153.0,1.0,153.0,0.9683544303797468,322.0,-0.2347123541367879,0.27258353830489357,200.0,122.0,0.28851916632238755,-0.2573629963356204,0.7137936022669038,-0.4648941751355623,0.1287072791229021,0.505,0.585,0.62,0.71,0.645,0,12.792132,28.337801
0.20078226857887874,0.24780877355556497,145.0,0.9863945578231292,147.0,0.91875,160.0,1.0,0.1172680412371134,0.9490445859872612,157.0,0.9691358024691358,162.0,0.9700598802395208,167.0,1.04375,202.0,-0.0374386851244783,0.2179350973983903,98.0,104.0,0.3541562685775382,-0.0183765929986656,0.6639755746514372,-0.1991762580302704,0.5133705194058783,0.295,0.44,0.49,0.605,0.505,0,12.892003,27.62439
0.12385919165580182,0.14279653983068039,162.0,0.9878048780487804,164.0,0.9820359281437124,167.0,0.9823529411764704,0.14175257731958762,0.9882352941176471,170.0,1.0240963855421688,166.0,1.01840490797546,163.0,1.044871794871795,233.0,-0.3701328110742755,0.07658472959897251,116.0,117.0,0.2710748047610567,-0.6027125659050859,0.28878608434860764,-0.4663725267923729,-0.3772450855844974,0.345,0.48,0.5,0.525,0.825,0,-30.420599,-15.42209
0.09908735332464146,0.13602788145136482,148.0,1.0,148.0,0.9736842105263158,152.0,1.0780141843971631,0.1172680412371134,1.0136054421768708,147.0,1.0352112676056338,142.0,1.0,142.0,1.0070921985815602,211.0,-0.2413165403438879,0.1893777350933015,107.0,104.0,0.3168542418129766,-0.3501746866789602,0.4247631078798934,-0.5251398931624873,-0.2049084734159814,0.355,0.475,0.505,0.575,0.805,0,-24.746212,9.355623
0.03389830508474576,0.020080763413689428,240.0,1.4545454545454546,165.0,0.8967391304347826,184.0,1.0514285714285714,0.14948453608247422,0.9886363636363636,176.0,1.0602409638554218,166.0,1.064102564102564,156.0,1.0196078431372548,301.0,-0.1284411552588889,0.3117548062410119,180.0,121.0,0.30530619159112254,-0.1314504545706586,0.8235271566031855,-0.3933747373352169,0.4282815819141524,0.47,0.565,0.6,0.695,0.62,0,6.2620807,21.438816
0.25554106910039115,0.24879687826396157,172.0,1.011764705882353,170.0,2.098765432098765,81.0,0.3616071428571428,0.12628865979381443,1.1063829787234043,141.0,1.036764705882353,136.0,0.9315068493150684,146.0,0.9668874172185432,232.0,-0.3206958339825478,0.29765637430676484,123.0,109.0,0.3721276916408142,-0.321359916908517,0.6345269799812323,-0.5406159921260849,0.1980538514384088,0.5,0.475,0.535,0.63,0.56,0,12.726877,27.499235
0.054758800521512385,0.12909723808519386,117.0,1.0636363636363635,110.0,1.0,110.0,1.0,0.06572164948453608,1.0186915887850467,107.0,0.963963963963964,111.0,1.0373831775700937,107.0,0.963963963963964,154.0,-0.3503493970982598,0.39764585780701617,78.0,76.0,0.24465182755690912,-0.632711942968218,0.651856335988144,-1.181055449702102,0.0322836110929888,0.315,0.47,0.515,0.56,0.87,0,18.549728,17.13934
0.1316818774445893,0.1392815874091411,171.0,0.9884393063583816,173.0,1.0,173.0,1.0745341614906831,0.14690721649484537,1.029940119760479,167.0,1.04375,160.0,0.9876543209876544,162.0,1.0125,237.0,-0.2029473350870004,0.18894806386849933,117.0,120.0,0.2622932292269134,-0.5251224601537747,0.5827535963428336,-0.4216095792117618,-0.11549032244697,0.38,0.47,0.495,0.52,0.685,0,-5.8724346,38.172867
0.06649282920469361,0.15543136880540276,111.0,1.018348623853211,109.0,0.981981981981982,111.0,0.9736842105263158,0.07087628865979381,1.036697247706422,109.0,1.0092592592592593,108.0,0.9908256880733946,109.0,0.9732142857142856,157.0,-0.1341444663794507,0.39662546197930476,78.0,79.0,0.3501736702389261,-0.3929534912837368,0.6985934692561702,-1.0139231913114848,0.3480344285488537,0.325,0.455,0.5,0.545,0.835,0,19.55042,21.580547
0.11342894393741851,0.13173414355921007,163.0,1.0,163.0,1.065359477124183,153.0,1.0132450331125828,0.13144329896907217,1.0126582278481013,158.0,1.0128205128205128,156.0,1.3,120.0,0.6779661016949152,226.0,-0.3583645239939061,0.11189490007744016,114.0,112.0,0.2635878309558181,-0.6107566080706761,0.337758538866227,-0.4995192380118708,-0.3113786241118951,0.38,0.475,0.505,0.53,0.86,0,-30.511873,-10.226847
0.10039113428943937,0.14279653983068039,144.0,1.0285714285714285,140.0,1.0071942446043165,139.0,0.9788732394366196,0.1056701030927835,1.0218978102189782,137.0,0.9785714285714284,140.0,1.0071942446043165,139.0,0.9586206896551724,198.0,-0.3261925542093598,0.18203863265336576,100.0,98.0,0.2785009541807039,-0.4215339247084745,0.402178095539471,-0.5941534675323424,0.0923873048317188,0.34,0.47,0.505,0.585,0.535,0,-24.723839,4.2047033
0.07561929595827901,0.14772323543791982,122.0,0.9606299212598424,127.0,1.0,127.0,1.040983606557377,0.09536082474226804,0.9635036496350365,137.0,1.0300751879699248,133.0,0.9779411764705882,136.0,0.9577464788732394,175.0,-0.0224425784139772,0.21255302489134448,83.0,92.0,0.37680839008607864,-0.2150704287963333,0.4596229300860296,-0.5396208545481641,0.3895486231084087,0.315,0.425,0.48,0.505,0.74,0,-17.361214,15.866239
0.12777053455019557,0.14279653983068039,165.0,0.9880239520958084,167.0,0.9488636363636364,176.0,1.0057142857142858,0.14948453608247422,0.9942857142857143,175.0,1.0294117647058822,170.0,0.9497206703910616,179.0,1.0591715976331362,237.0,-0.1846154355352856,0.187246309694413,116.0,121.0,0.28139804696097026,-0.4237621713463086,0.6005555729006883,-0.4470187121714298,-0.0037683156317516,0.335,0.47,0.49,0.515,0.695,0,-3.0892115,35.23033
0.07431551499348109,0.13961634478262097,126.0,0.9692307692307692,130.0,0.9701492537313432,134.0,1.0229007633587786,0.08891752577319588,1.0,127.0,0.9769230769230768,130.0,0.948905109489051,137.0,1.0223880597014925,175.0,-0.1578078405339095,0.20716832420734813,87.0,88.0,0.30517252826619834,-0.3400209774170623,0.42084449094223886,-0.6116745556823564,0.1869989088254428,0.33,0.44,0.505,0.53,0.745,0,-19.17418,7.3130183
0.08604954367666232,0.14279653983068039,133.0,1.0310077519379846,129.0,1.048780487804878,123.0,0.9919354838709676,0.10695876288659793,1.0601503759398496,133.0,1.0390625,128.0,0.9696969696969696,132.0,0.9705882352941176,193.0,-0.0193074127891245,0.16756434153554756,95.0,98.0,0.3712601198023035,-0.1682718049257998,0.5444285741631653,-0.2376559122976054,0.1417845476166462,0.325,0.46,0.495,0.52,0.705,0,-16.841822,19.172
0.20599739243807041,0.35225575004149984,110.0,1.0,110.0,0.9821428571428572,112.0,1.018181818181818,0.07216494845360824,1.0363636363636364,110.0,0.9821428571428572,112.0,0.4912280701754385,228.0,2.303030303030303,156.0,0.3769942746324379,0.4041842478605977,77.0,79.0,0.41114336028088,0.1403015072585887,0.8777006661734759,-0.3992588100768749,0.9895082317778676,0.3,0.455,0.495,0.54,0.805,0,17.945614,28.299389
0.1290743155149935,0.14901866057688348,161.0,1.087837837837838,148.0,1.034965034965035,143.0,1.0214285714285714,0.13015463917525774,1.096551724137931,145.0,1.95945945945946,74.0,0.3245614035087719,228.0,1.4805194805194806,224.0,-0.1720685542857021,0.27159989788961136,113.0,111.0,0.32262201741511537,-0.207778067835891,0.6218801534077617,0.1422405860004459,0.1422405860004459,0.335,0.46,0.51,0.54,0.54,0,6.6918144,27.461266
0.17340286831812254,0.2043426675254764,153.0,1.3421052631578947,114.0,0.5352112676056338,213.0,1.339622641509434,0.12242268041237113,1.0,153.0,1.4433962264150944,106.0,0.4930232558139535,215.0,1.5467625899280577,207.0,-0.2529242589577832,0.31604494402167754,100.0,107.0,0.2852594982224473,-0.2598289776124277,0.6279754695436202,-0.4414136871068079,0.1759704825792762,0.34,0.43,0.485,0.59,0.52,0,10.567347,27.763132
0.0651890482398957,0.15949256383299207,108.0,0.9310344827586208,116.0,1.0740740740740742,108.0,0.9473684210526316,0.06958762886597938,0.4827586206896552,232.0,2.109090909090909,110.0,0.9821428571428572,112.0,1.0,152.0,-0.0990396601865385,0.4326981721528177,74.0,78.0,0.306093840882832,-0.4489853483851699,0.7737387446136476,-0.8681605835382824,0.3933996203424391,0.3,0.45,0.49,0.535,0.855,0,22.389275,20.608149
0.14732724902216426,0.1416896211122951,181.0,1.0168539325842696,178.0,1.04093567251462,171.0,0.9395604395604396,0.13917525773195877,0.9378531073446328,177.0,0.9833333333333332,180.0,1.0227272727272727,176.0,0.9887640449438202,235.0,-0.1565748813859872,0.17943318108037853,119.0,116.0,0.280893792564516,-0.3872278000107459,0.6065660719052806,-0.5414184557506376,-0.1394436687419755,0.41,0.49,0.51,0.53,0.675,0,-2.1416657,35.034565
0.121251629726206,0.22866180612828338,112.0,0.5463414634146342,205.0,1.21301775147929,169.0,1.0628930817610065,0.13530927835051546,0.9878787878787879,165.0,1.064516129032258,155.0,1.0064935064935066,154.0,0.9685534591194968,228.0,-0.3756539103359803,0.08899976663153508,114.0,114.0,0.2572745719265434,-0.5628548155598816,0.3319529870134778,-0.4944656864996853,-0.3153041124941196,0.36,0.475,0.5,0.52,0.825,0,-34.63484,-14.464052
0.10430247718383312,0.14010724737393218,149.0,0.9738562091503268,153.0,1.06993006993007,143.0,1.0437956204379562,0.03994845360824742,0.4472361809045226,199.0,1.3630136986301369,146.0,1.042857142857143,140.0,1.0144927536231885,165.0,-0.1994218414022383,0.19729464960272045,103.0,62.0,0.30907258106802277,-0.3056497260289923,0.42945675371604547,-0.4688931280320724,0.7907994567128587,0.42,0.58,0.625,0.71,0.64,0,-17.587933,6.9898148
0.20078226857887874,0.14555368140904382,218.0,2.056603773584906,106.0,0.9298245614035088,114.0,1.0555555555555556,0.06572164948453608,0.956140350877193,114.0,0.5158371040723982,221.0,1.0184331797235022,217.0,1.0,150.0,-0.0347441901520197,0.43091778216351906,74.0,76.0,0.34057037937967255,-0.3767408143509134,0.7732549251700179,-0.9471817828975604,0.6486159018546483,0.31,0.45,0.495,0.535,0.83,0,16.232786,22.110092
0.11342894393741851,0.1364961534147137,159.0,1.0,159.0,1.0,159.0,0.9352941176470588,0.14561855670103094,1.0118343195266273,169.0,1.0,169.0,1.0,169.0,1.049689440993789,252.0,-0.3899404770476832,0.07494643793829735,133.0,119.0,0.2418737444676807,-0.6516310258667597,0.30468989160459753,-0.5101598489549822,-0.2880860248303545,0.39,0.505,0.53,0.55,0.85,0,-29.351982,-14.220952
0.07692307692307693,0.05719147130973679,220.0,1.9469026548672568,113.0,1.0462962962962965,108.0,0.9473684210526316,0.04639175257731959,0.7014925373134329,134.0,1.1964285714285714,112.0,1.0,112.0,1.0,139.0,0.4707270631029593,0.4170305163229653,74.0,65.0,0.44742869311085043,0.0805626502548154,0.8955534278497924,-0.387407906596373,1.055890936680008,0.305,0.485,0.535,0.585,0.87,0,24.660896,24.462502
0.1408083441981747,0.14279653983068039,175.0,0.9831460674157304,178.0,1.0787878787878789,165.0,1.0060975609756098,0.14561855670103094,1.0301204819277108,166.0,0.9595375722543352,173.0,1.0,173.0,0.9558011049723756,244.0,-0.2095174078748987,0.18849695315249693,125.0,119.0,0.26454455012353095,-0.462737421638461,0.5938617394403015,-0.4311604427535347,-0.1992115657334799,0.33,0.49,0.515,0.535,0.885,0,-4.0223846,37.796837
0.08996088657105607,0.13036088057378617,145.0,0.9863945578231292,147.0,1.0425531914893618,141.0,1.0217391304347827,0.08505154639175258,1.0,124.0,1.0,124.0,1.008130081300813,123.0,0.9761904761904762,174.0,-0.2359713379096581,0.22455098372571225,88.0,86.0,0.27845702904376163,-0.4839041358671778,0.37016198119177995,-0.8710297245846493,0.1827923007123517,0.34,0.465,0.51,0.565,0.78,0,-20.767313,2.8854966
0.12646675358539766,0.13919739693197844,167.0,0.9597701149425288,174.0,1.870967741935484,93.0,0.335740072202166,0.12886597938144329,0.9575757575757575,165.0,1.012269938650307,163.0,1.065359477124183,153.0,1.9870129870129871,219.0,-0.3640156287149456,0.2797463876725016,109.0,110.0,0.3371471593600595,-0.4099497487437185,0.6129526265870058,-0.6181601477680576,-0.0277725514290754,0.465,0.44,0.5,0.64,0.535,0,6.7298126,27.054886
0.05084745762711865,0.1355110020842171,110.0,1.02803738317757,107.0,0.9224137931034484,116.0,1.0740740740740742,0.04639175257731959,0.7121212121212122,132.0,1.2222222222222223,108.0,1.018867924528302,106.0,0.9814814814814816,151.0,-0.172916520047146,0.5391397870124333,86.0,65.0,0.32544315351790254,-0.3193738536304006,0.7819783536286208,-0.8464452642791758,0.6640848379017448,0.365,0.53,0.575,0.62,0.925,0,23.821663,19.441166
0.12646675358539766,0.15040485456591102,158.0,1.0193548387096774,155.0,0.981012658227848,158.0,0.9875,0.13144329896907217,0.9467455621301775,169.0,0.9883040935672516,171.0,0.9553072625698324,179.0,1.046783625730994,226.0,-0.2781244720595553,0.2066583490614045,114.0,112.0,0.2502605131198507,-0.6378311826027505,0.6142750526130941,-0.4535973123786861,-0.2368086557246935,0.355,0.48,0.505,0.53,0.685,0,1.3563344,39.717564
0.13428943937418514,0.14046686206291595,172.0,0.9502762430939228,181.0,1.0402298850574712,174.0,1.0545454545454545,0.15721649484536082,1.0909090909090908,165.0,1.0060975609756098,164.0,0.9820359281437124,167.0,0.9597701149425288,250.0,-0.1984067179632049,0.20133518743625348,125.0,125.0,0.27185936218014267,-0.5382846882547878,0.6325900315343989,-0.4335848262749722,-0.1735315141823775,0.325,0.475,0.5,0.525,0.68,0,2.4389763,35.990623
0.14602346805736635,0.14506040749201077,177.0,0.99438202247191,178.0,1.0171428571428571,175.0,1.0057471264367817,0.1481958762886598,1.005813953488372,172.0,1.0,172.0,1.011764705882353,170.0,0.9826589595375722,242.0,-0.2202725574490349,0.1884380131255745,121.0,121.0,0.2570399760270854,-0.4749560535467995,0.5829631525787654,-0.504671194170312,-0.1224580101336773,0.385,0.48,0.505,0.525,0.685,0,-5.31428,38.63586
0.09517601043024772,0.13859334497695158,143.0,1.0,143.0,1.349056603773585,106.0,0.5247524752475248,0.12371134020618557,0.9506172839506173,162.0,0.9700598802395208,167.0,1.0,167.0,1.030864197530864,266.0,-0.2594882033227128,0.25770300454081796,159.0,107.0,0.28113281046630584,-0.3092425368060274,0.6483786401336245,-0.513383824032889,-0.1316038050161099,0.47,0.56,0.6,0.69,0.64,0,6.4827204,29.377802
0.1421121251629726,0.15877555666724863,163.0,0.9939024390243902,164.0,0.9820359281437124,167.0,0.9597701149425288,0.12371134020618557,0.9871794871794872,156.0,0.9873417721518988,158.0,0.9575757575757576,165.0,1.012269938650307,212.0,-0.3688365734754633,0.34304302704418393,105.0,107.0,0.24878328611592695,-0.4045240744265097,0.6787888122584943,-0.6081933958027981,-0.2145519184936007,0.35,0.435,0.495,0.62,0.545,0,9.259152,28.785488
0.13689700130378096,0.1463530893222971,169.0,1.0696202531645569,158.0,1.0,158.0,1.025974025974026,0.11469072164948453,1.0,147.0,1.7926829268292683,82.0,0.3430962343096234,239.0,1.5031446540880504,216.0,-0.1735167470579789,0.305530871061101,114.0,102.0,0.41744568197286114,-0.1986921386619877,0.728920256221327,-0.3887223077011084,0.2482213907166935,0.5,0.475,0.53,0.64,0.555,0,11.104765,24.169844
0.09517601043024772,0.1471838162108499,137.0,0.9856115107913668,139.0,0.952054794520548,146.0,0.9605263157894736,0.1056701030927835,0.9790209790209791,143.0,0.9794520547945206,146.0,0.9931972789115646,147.0,0.9671052631578948,196.0,-0.2279150753820713,0.19227431629445793,98.0,98.0,0.3350037001839976,-0.2974839645137879,0.4483246625509752,-0.6045182310697004,-0.2071066466858983,0.34,0.465,0.5,0.58,0.81,0,-22.045397,14.798567
0.10430247718383312,0.15132216910845658,141.0,1.0217391304347827,138.0,1.0,138.0,0.9583333333333334,0.10695876288659793,1.0071428571428571,140.0,1.0,140.0,1.0144927536231885,138.0,0.9387755102040816,196.0,-0.2283576198253789,0.19268749821496395,98.0,98.0,0.3246164433144052,-0.3151963303116223,0.4329458024726511,-0.5503119154651404,-0.1894781405274196,0.345,0.47,0.505,0.605,0.76,0,-24.530746,11.075682
0.061277705345501955,0.1482114665341328,111.0,1.018348623853211,109.0,1.028301886792453,106.0,0.9636363636363636,0.06443298969072164,0.9818181818181818,110.0,1.0185185185185186,108.0,0.9642857142857144,112.0,1.0,155.0,-0.0036804372436358,0.41865868642124493,80.0,75.0,0.3807432056876238,-0.2256895116072003,0.7981912472737432,-0.9672358710004564,0.3959266863461012,0.34,0.475,0.515,0.56,0.84,0,22.968765,22.878609
0.09517601043024772,0.1332559546865023,147.0,1.013793103448276,145.0,0.9797297297297296,148.0,1.0,0.1095360824742268,0.9794520547945206,146.0,1.0,146.0,1.028169014084507,142.0,1.0070921985815602,200.0,-0.2341697535522319,0.17561030443184616,100.0,100.0,0.30733377529059674,-0.2890622689422503,0.4257157757593097,-0.445,0.6925016269235214,0.34,0.465,0.5,0.57,0.515,0,-25.659498,7.9294834
0.11082138200782268,0.15842686017327004,141.0,1.0071428571428571,140.0,1.0218978102189782,137.0,1.6506024096385543,0.10824742268041238,1.0070921985815602,141.0,1.0,141.0,1.014388489208633,139.0,0.9586206896551724,198.0,-0.2282765046745271,0.18749200801348817,99.0,99.0,0.3230478290696895,-0.3100207542777169,0.4461769594843567,-0.5129896065866564,-0.1802352986885296,0.35,0.47,0.5,0.58,0.75,0,-22.17921,13.288518
0.1421121251629726,0.1405453905269979,178.0,1.065868263473054,167.0,0.9940476190476192,168.0,0.9824561403508772,0.14948453608247422,1.0116279069767442,172.0,1.0,172.0,1.0058479532163742,171.0,0.9344262295081968,245.0,-0.2249767972417553,0.16240155229456904,124.0,121.0,0.2758444637928619,-0.4788108537434842,0.5425511390223956,-0.5246934779206283,-0.1558743278295338,0.36,0.485,0.51,0.53,0.67,0,-11.897844,34.581512
0.2033898305084746,0.14833623443052577,217.0,0.9475982532751092,229.0,1.0504587155963303,218.0,2.3956043956043955,0.20618556701030927,1.9292035398230087,113.0,1.0560747663551402,107.0,0.9727272727272728,110.0,0.9734513274336284,229.0,-0.0444121686650652,0.5489184471544858,77.0,152.0,0.5141320342685044,-0.2925436262873681,0.8680825815474588,-0.4031685578124182,-0.1627206226304197,0.54,0.795,0.82,0.855,0.975,0,28.279026,16.431698
0.10951760104302477,0.14147843267260315,152.0,0.95,160.0,0.9523809523809524,168.0,1.0566037735849056,0.10824742268041238,0.9793103448275862,145.0,0.9602649006622516,151.0,1.0633802816901408,142.0,1.0,202.0,-0.3805902676409556,0.09336720770418469,103.0,99.0,0.2604345676634189,-0.6198314628248338,0.3430447313526659,-0.5157400205123944,-0.3252787055593151,0.37,0.49,0.515,0.535,0.845,0,-30.674644,-9.508101
0.09517601043024772,0.1372311984965765,144.0,0.96,150.0,0.9803921568627452,153.0,1.0551724137931036,0.11211340206185567,0.9797297297297297,148.0,1.0136986301369864,146.0,1.006896551724138,145.0,1.0283687943262412,199.0,-0.1284583087100172,0.1625848763595727,98.0,101.0,0.3231553873872644,-0.2289449382683901,0.4435620228503138,-0.343634792328262,-0.0686907891835822,0.335,0.455,0.495,0.56,0.76,0,-25.774609,12.586072
0.1395045632333768,0.1463114922522197,171.0,1.0363636363636364,165.0,0.9482758620689656,174.0,0.9405405405405406,0.1404639175257732,0.8978494623655914,186.0,1.0391061452513966,179.0,1.028735632183908,174.0,0.9942857142857144,232.0,-0.1569038891242103,0.21426106235610748,116.0,116.0,0.28266829809245936,-0.5052811663487233,0.6968064507759288,-0.4056114231722373,-0.052670223032682,0.39,0.48,0.505,0.525,0.67,0,5.9739466,33.646038
0.09647979139504563,0.13077540254901596,150.0,1.0135135135135136,148.0,1.0068027210884354,147.0,0.9735099337748344,0.1134020618556701,0.948051948051948,154.0,1.0198675496688745,151.0,1.0272108843537415,147.0,1.0352112676056338,201.0,-0.191789658546645,0.18968171698846073,99.0,102.0,0.31755265678934297,-0.2685767234897929,0.4553353900400594,-0.4736649951129612,-0.1948586011547403,0.335,0.46,0.495,0.56,0.81,0,-22.296892,12.427148
0.054758800521512385,0.14097515539406458,110.0,0.9649122807017544,114.0,1.027027027027027,111.0,1.018348623853211,0.06958762886597938,0.9739130434782609,115.0,1.0648148148148149,108.0,0.9818181818181818,110.0,1.0185185185185186,155.0,-0.0520209090811659,0.40711108618995034,77.0,78.0,0.37115473992932574,-0.3423333695235283,0.7574816574624642,-0.877392817272531,0.4201649309827903,0.32,0.46,0.5,0.545,0.83,0,21.716177,22.543842
0.02346805736636245,0.01616695518977089,231.0,1.5503355704697988,149.0,0.9612903225806452,155.0,0.9872611464968152,0.11855670103092783,0.9036144578313253,166.0,1.006060606060606,165.0,0.9705882352941176,170.0,0.9826589595375722,212.0,-0.153534615969985,0.2672715758475936,107.0,105.0,0.3091945953194348,-0.1687591541370859,0.6285218368696265,-0.3462259055801888,0.255119245200967,0.355,0.465,0.505,0.6,0.535,0,4.8052,19.968796
0.07822685788787484,0.14279653983068039,127.0,1.016,125.0,0.992063492063492,126.0,0.9767441860465116,0.0979381443298969,1.0387596899224807,129.0,0.9923076923076924,130.0,0.9701492537313432,134.0,1.0075187969924813,190.0,0.0813524884799975,0.2126533132219725,97.0,93.0,0.39495496067989355,-0.1060216254166601,0.5220605288607622,-0.3672032705345701,0.4244889396963291,0.36,0.48,0.515,0.54,0.73,0,-16.438597,17.86707
0.1395045632333768,0.1537248464503753,165.0,1.0,165.0,0.9880239520958084,167.0,0.9488636363636364,0.1404639175257732,0.9597701149425287,174.0,0.9942857142857144,175.0,1.0294117647058822,170.0,0.9497206703910616,230.0,-0.1763057320791529,0.20885842327853724,114.0,116.0,0.27653305954396606,-0.4855002023410971,0.660268769335891,-0.3873194033413718,-0.0453486175252745,0.38,0.475,0.5,0.525,0.695,0,5.148693,34.81678
0.12777053455019557,0.14279653983068039,165.0,2.142857142857143,77.0,0.3195020746887966,241.0,1.4345238095238095,0.12757731958762886,0.9874213836477987,159.0,0.9352941176470588,170.0,1.827956989247312,93.0,0.3522727272727273,274.0,-0.0782015862527463,0.2976824741006752,165.0,109.0,0.32037118173530876,-0.056549912846245,0.7842814146683137,-0.3156716258498654,0.5089467389643205,0.47,0.57,0.605,0.68,0.625,0,11.133744,30.52823
0.19947848761408082,0.3290890181722635,114.0,1.0363636363636364,110.0,1.0091743119266054,109.0,0.981981981981982,0.06958762886597938,0.5022421524663677,223.0,2.1650485436893203,103.0,0.8306451612903226,124.0,1.2916666666666667,155.0,-0.5932067395335312,0.4611773681070324,77.0,78.0,0.18378001974449817,-0.999375126502256,0.6057077646035001,-1.5579014941590348,-0.1926436329121733,0.335,0.465,0.505,0.55,0.895,0,16.76099,27.604858
0.11864406779661017,0.14279653983068039,158.0,1.0,158.0,0.9937106918238994,159.0,0.9464285714285714,0.13144329896907217,0.9696969696969697,165.0,0.9649122807017544,171.0,1.0118343195266273,169.0,1.0242424242424242,221.0,-0.2759126316732667,0.08898624290033484,109.0,112.0,0.2899388983505289,-0.5246591917079814,0.3679995180794576,-0.3492610808472218,-0.2396198222102009,0.37,0.47,0.495,0.515,0.84,0,-34.639126,-6.639035
0.14602346805736635,0.14974517409753843,173.0,1.0484848484848486,165.0,0.9649122807017544,171.0,1.0426829268292683,0.14432989690721648,1.0,170.0,0.9941520467836256,171.0,0.9661016949152542,177.0,0.9725274725274724,232.0,-0.2051801151153288,0.1860504488437585,114.0,118.0,0.27533433492036774,-0.4292814891112898,0.5687917978344861,-0.5130291025102311,-0.1228577074577762,0.325,0.47,0.495,0.515,0.67,0,-7.7980165,35.74007
0.13428943937418514,0.16361236196343262,154.0,1.0620689655172413,145.0,0.9666666666666668,150.0,0.9615384615384616,0.1211340206185567,1.0,152.0,0.9681528662420382,157.0,0.9631901840490796,163.0,0.9819277108433736,214.0,-0.1660222641434937,0.33259482568329357,108.0,106.0,0.4738210992316116,-0.1888422713716679,0.7499890382320673,-0.3998486243369163,0.1814916267135997,0.48,0.445,0.51,0.625,0.54,0,11.596664,23.343937
0.05867014341590613,0.1502169949428189,108.0,0.9818181818181818,110.0,1.02803738317757,107.0,0.9553571428571428,0.07345360824742268,1.0087719298245614,114.0,1.0555555555555556,108.0,0.9391304347826088,115.0,0.5275229357798165,231.0,-0.0272386215933096,0.5224087310939137,151.0,80.0,0.8979944567461258,-0.3207137844090041,0.9106907374329295,-0.5014479537037801,-0.5014479537037801,0.17,0.15,0.18,0.215,0.215,0,27.920458,-4.645592
0.12385919165580182,0.14917718594621351,157.0,1.0,157.0,1.0827586206896551,145.0,0.9666666666666668,0.12628865979381443,1.0263157894736843,152.0,1.0066225165562914,151.0,0.9805194805194806,154.0,0.9625,219.0,-0.3034244051519404,0.0922337273937016,110.0,109.0,0.2850195479522567,-0.5242008187478894,0.3703238993944666,-0.3419009451691648,-0.2733766317540469,0.365,0.48,0.505,0.525,0.845,0,-34.59088,-6.612314
0.1303780964797914,0.13697234541126935,172.0,0.9772727272727272,176.0,0.9777777777777776,180.0,0.967741935483871,0.16108247422680413,0.9891891891891892,185.0,1.0511363636363635,176.0,1.0,176.0,1.0476190476190477,255.0,-0.1486772425053635,0.1608357487939113,127.0,128.0,0.29233298382943024,-0.3903484853942413,0.5747824800949118,-0.4735531408391662,-0.0398535761818305,0.4,0.475,0.5,0.52,0.68,0,-7.101972,33.77844
0.05345501955671447,0.13225168256606248,114.0,1.0178571428571428,112.0,0.9572649572649572,117.0,1.054054054054054,0.21262886597938144,2.2525252525252526,99.0,0.8048780487804879,123.0,1.0789473684210529,114.0,1.0458715596330277,235.0,-0.1031731962796801,0.5401758228625438,79.0,156.0,0.4703674298395916,-0.2688784366316519,0.9071802094162009,-0.4922719088638099,-0.2737222967070432,0.58,0.775,0.815,0.845,0.985,0,27.879492,17.446129
0.1408083441981747,0.1372311984965765,180.0,1.0112359550561798,178.0,1.0,178.0,1.04093567251462,0.14690721649484537,1.029940119760479,167.0,1.0,167.0,0.9823529411764704,170.0,0.9941520467836256,244.0,-0.2444584995253881,0.19018929476417487,124.0,120.0,0.2549399189708182,-0.4802745171311896,0.6020927617367903,-0.4850936520040723,-0.0413125439831926,0.34,0.49,0.51,0.53,0.7,0,-1.8833822,38.68846
0.1016949152542373,0.14559866973316626,143.0,0.959731543624161,149.0,0.9933333333333332,150.0,1.0,0.13788659793814434,0.953757225433526,173.0,0.9829545454545454,176.0,0.9565217391304348,184.0,1.010989010989011,225.0,-0.2163301682084226,0.1669482549637717,110.0,115.0,0.2672816537961198,-0.5045888276887425,0.5316211933531262,-0.5133992920675075,-0.0656892419205969,0.39,0.47,0.49,0.515,0.76,0,-13.369438,32.423634
0.14341590612777053,0.1474289626752524,173.0,1.0236686390532543,169.0,1.005952380952381,168.0,1.0,0.1481958762886598,0.9829545454545454,176.0,0.9887640449438202,178.0,0.9319371727748692,191.0,1.0105820105820107,239.0,-0.1488074298697471,0.16023001557413052,118.0,121.0,0.28686877300169217,-0.4134051918539584,0.5416036957879208,-0.530265911500465,-0.0878169313579129,0.39,0.475,0.495,0.515,0.66,0,-11.540277,34.02383
0.04954367666232073,0.13196668642377551,111.0,1.1326530612244898,98.0,0.7903225806451613,124.0,1.0973451327433628,0.06443298969072164,0.9642857142857143,112.0,0.9824561403508772,114.0,1.0458715596330277,109.0,0.981981981981982,152.0,-0.6478485767807786,0.45163858905490745,77.0,75.0,0.19732186920199482,-0.8502839634114028,0.6083561511142725,-1.3902252433157538,-0.1903799965375306,0.315,0.47,0.51,0.555,0.89,0,18.368944,15.461917
0.10691003911342895,0.15267306107148446,142.0,1.0289855072463767,138.0,0.9928057553956836,139.0,0.9928571428571428,0.11082474226804123,1.0285714285714285,140.0,1.037037037037037,135.0,0.9507042253521126,142.0,0.993006993006993,203.0,-0.2138464012078367,0.19118798764772774,103.0,100.0,0.3163067721819985,-0.2821055722522242,0.44771686476807804,-0.4722241177697823,-0.1787166891528244,0.345,0.475,0.51,0.585,0.77,0,-21.640863,12.618831
0.10951760104302477,0.14147843267260315,152.0,1.0555555555555556,144.0,1.0434782608695652,138.0,0.971830985915493,0.11211340206185567,0.9931506849315068,146.0,1.042857142857143,140.0,0.9929078014184396,141.0,0.9791666666666666,206.0,-0.1419290974184354,0.17073515040669335,105.0,101.0,0.33555675667201484,-0.2145037688616247,0.4623307864381428,-0.4055193084396977,-0.1267896133607731,0.355,0.475,0.51,0.58,0.825,0,-22.317493,15.97518
0.05867014341590613,0.04398025297536953,221.0,2.104761904761905,105.0,0.9545454545454546,110.0,0.9649122807017544,0.059278350515463915,0.9285714285714286,112.0,1.0,112.0,1.018181818181818,110.0,1.02803738317757,227.0,-0.0127388322322973,0.44024714111829577,155.0,72.0,0.4277552384467635,-0.235076218856104,0.7528956786322162,-0.8290262102058659,-0.0247372877273572,0.445,0.65,0.68,0.715,0.855,0,20.775133,24.506275
0.05215123859191656,0.13733238652083293,110.0,0.5069124423963134,217.0,0.9774774774774776,222.0,1.0325581395348835,0.20231958762886598,0.9862385321100917,218.0,0.9688888888888888,225.0,1.0,225.0,1.0514018691588785,304.0,-0.3555103773281736,0.565464794957036,154.0,150.0,0.17286164906725843,-0.6441560301848885,0.7816164713028725,-0.8446068841232366,-0.8446068841232366,0.11,0.125,0.145,0.17,0.17,0,24.4512,17.043034
0.0938722294654498,0.14136545205905365,140.0,1.0218978102189782,137.0,0.9647887323943662,142.0,0.9793103448275862,0.09922680412371133,0.9712230215827338,139.0,0.9788732394366196,142.0,0.9726027397260274,146.0,0.9605263157894736,192.0,-0.2351210579991196,0.14640526650878394,98.0,94.0,0.30393628982805865,-0.3033900889673261,0.40449260157237454,-0.4541531890089204,-0.2385813803903854,0.35,0.475,0.515,0.585,0.88,0,-27.542843,4.0750747
0.08996088657105607,0.13847238972936227,139.0,0.9788732394366196,142.0,0.9659863945578232,147.0,0.9865771812080536,0.1095360824742268,0.9862068965517241,145.0,1.0,145.0,0.9731543624161074,149.0,0.9802631578947368,198.0,-0.1785782737435503,0.19031343427142652,98.0,100.0,0.32412525989445146,-0.2386965097338673,0.4692834413231832,-0.4411767558240348,-0.1493240726562839,0.33,0.46,0.495,0.57,0.8,0,-20.619337,15.1359
0.12777053455019557,0.1415895983365374,166.0,0.9378531073446328,177.0,1.0172413793103448,174.0,1.0,0.15979381443298968,1.0167597765363128,179.0,1.0,179.0,1.0346820809248556,173.0,0.9829545454545454,260.0,-0.22747331419868,0.15657113574574294,133.0,127.0,0.26434288927353516,-0.4931613802145455,0.552858736545695,-0.556771943158662,-0.1351057518764608,0.41,0.49,0.515,0.535,0.68,0,-10.961528,35.203896
0.12516297262059975,0.14279653983068039,163.0,0.987878787878788,165.0,1.0377358490566038,,1.0192307692307692,0.13788659793814434,1.0060975609756098,164.0,0.993939393939394,165.0,1.375,120.0,0.5853658536585366,227.0,-0.35943698753857,0.07387404264111415,112.0,115.0,0.2613194154127551,-0.6070862751593402,0.29832921659178613,-0.4958929605828692,-0.3131832068392548,0.335,0.475,0.495,0.515,0.815,0,-30.250689,-14.846741
0.12777053455019557,0.15435532567843463,156.0,0.968944099378882,161.0,1.0125786163522013,159.0,0.9695121951219512,0.13144329896907217,0.9580838323353293,167.0,0.9766081871345028,171.0,1.0239520958083832,167.0,0.9823529411764704,221.0,-0.2892364699002145,0.08485150567456702,109.0,112.0,0.29118678351991856,-0.4961319927965128,0.35753726863903545,-0.4545267370623635,-0.2538974948595351,0.38,0.475,0.495,0.515,0.82,0,-35.192455,-8.354235
0.1016949152542373,0.14848029268253118,141.0,1.0444444444444445,135.0,1.062992125984252,127.0,1.0,0.10051546391752578,0.9784172661870504,139.0,1.0,139.0,1.037313432835821,134.0,1.0387596899224807,194.0,-0.0445194595580493,0.21655282125755237,99.0,95.0,0.36791126809987784,-0.2820447231190119,0.4771975509006302,-0.4848427191939462,0.2778520936417948,0.35,0.45,0.515,0.54,0.74,0,-17.676315,16.618158
0.11082138200782268,0.1482114665341328,148.0,1.6629213483146068,89.0,0.4472361809045226,199.0,1.3630136986301369,0.11597938144329897,1.0,148.0,1.0571428571428572,140.0,1.037037037037037,135.0,0.9507042253521126,204.0,-0.1989850787792089,0.187393638454307,101.0,103.0,0.32936921401455316,-0.2747166800519224,0.4462681674632345,-0.4756326013233684,-0.1711710800820215,0.33,0.465,0.495,0.57,0.81,0,-22.566132,13.7975025
0.13428943937418514,0.13062043392844203,181.0,1.0773809523809523,168.0,1.0434782608695652,161.0,0.9640718562874252,0.11855670103092783,1.0,150.0,0.967741935483871,155.0,0.9627329192546584,161.0,1.0662251655629138,209.0,-0.0734329199715013,0.21348803301089941,104.0,105.0,0.27472247746070017,-0.4130764061338643,0.5462949319005239,-0.266764886626299,0.1745330250288315,0.355,0.47,0.5,0.525,0.715,0,-8.546465,36.98959
0.09908735332464146,0.14279653983068039,143.0,0.9794520547945206,146.0,1.0,146.0,1.028169014084507,0.11597938144329897,1.0136986301369864,146.0,1.042857142857143,140.0,1.0294117647058822,136.0,1.0074074074074073,207.0,-0.2190511949794556,0.17681723382892015,104.0,103.0,0.3508016099357546,-0.2746994353231377,0.42174490448709845,-0.4944712454887213,-0.134605899724104,0.355,0.47,0.505,0.58,0.805,0,-25.384668,14.388737
0.13428943937418514,0.1593862197310665,157.0,1.0064102564102564,156.0,1.0,156.0,0.934131736526946,0.12628865979381443,0.9873417721518988,158.0,1.4766355140186915,107.0,0.5194174757281553,206.0,1.2261904761904765,219.0,-0.2409835415397911,0.0825670127062493,110.0,109.0,0.30068506391843275,-0.4037925950425122,0.33408823231041723,-0.3611801086105838,-0.2299383076421042,0.33,0.48,0.505,0.525,0.855,0,-34.90913,-11.807473
0.14732724902216426,0.13633356279752748,186.0,1.0,186.0,1.0391061452513966,179.0,1.0112994350282485,0.14304123711340205,1.005952380952381,168.0,0.9130434782608696,184.0,1.0279329608938548,179.0,1.022857142857143,241.0,-0.2993913665792581,0.20622249099989837,123.0,118.0,0.23982739926851998,-0.6328080587542187,0.6331534131100796,-0.4806621374732285,-0.1886753754175192,0.345,0.485,0.51,0.535,0.685,0,2.8098445,39.76585
0.15645371577574968,0.14606315322243701,184.0,1.010989010989011,182.0,1.0167597765363128,179.0,1.0346820809248556,0.14690721649484537,1.029940119760479,167.0,1.0245398773006136,163.0,0.9157303370786516,178.0,1.0,243.0,-0.3013920600096675,0.15765290909659196,123.0,120.0,0.2374809958538259,-0.5141459167828153,0.48516514620389606,-0.686886523596522,-0.2401628788284481,0.4,0.485,0.505,0.525,0.68,0,-17.508844,34.593304
0.121251629726206,0.1533413970952983,152.0,0.9806451612903224,155.0,1.0264900662251657,151.0,0.9320987654320988,0.13015463917525774,1.0063291139240507,158.0,0.9813664596273292,161.0,0.9757575757575756,165.0,0.9880239520958084,217.0,-0.3459099085939834,0.07779898108312919,106.0,111.0,0.2571233976794063,-0.6026551829737279,0.2955050298205622,-0.4432090123900916,-0.2923273045584222,0.355,0.465,0.49,0.515,0.795,0,-29.99971,-14.927734
0.13428943937418514,0.14639568272938236,167.0,1.050314465408805,159.0,0.9814814814814816,162.0,0.9204545454545454,0.14690721649484537,0.91005291005291,189.0,1.0,189.0,1.0617977528089888,178.0,1.0229885057471264,238.0,-0.1997636765882212,0.17030466955603318,118.0,120.0,0.2734097968632107,-0.49186931748233,0.5430270169119208,-0.5399857511209024,-0.0440770408448226,0.34,0.475,0.5,0.52,0.685,0,-11.767372,34.963654
0.05215123859191656,0.12725196575956263,116.0,1.0740740740740742,108.0,0.4909090909090909,220.0,2.156862745098039,0.06443298969072164,1.0188679245283019,106.0,0.9814814814814816,108.0,0.9391304347826088,115.0,1.116504854368932,167.0,-0.301333456388034,0.5144886715619815,92.0,75.0,0.3231649608473028,-0.4235229364535295,0.7186549229274909,-1.0949339545906178,0.3253783510021228,0.37,0.52,0.555,0.595,0.84,0,23.246996,19.107302
0.12516297262059975,0.14655314523120053,160.0,0.9467455621301776,169.0,0.9883040935672516,171.0,0.9553072625698324,0.14304123711340205,0.976878612716763,173.0,1.0236686390532543,169.0,1.0368098159509205,163.0,1.0124223602484472,231.0,-0.2316929627353638,0.17836172260513986,113.0,118.0,0.25847251294028883,-0.562664905551248,0.5827108783195303,-0.5011487479683737,-0.2243535223213786,0.38,0.465,0.49,0.51,0.665,0,-6.5883894,38.073494
0.16688396349413298,0.21757591493962575,142.0,0.9594594594594594,148.0,0.9866666666666668,150.0,0.8928571428571429,0.1327319587628866,1.6428571428571428,98.0,0.4355555555555555,225.0,1.2784090909090908,176.0,1.6923076923076923,219.0,-0.0935126711247733,0.28868303246170024,107.0,112.0,0.33176212190999305,-0.1053516134442425,0.7235127549091688,-0.2283356856031679,0.2672002126211525,0.32,0.435,0.49,0.575,0.52,0,12.811971,28.547554
0.10039113428943937,0.14852089091718723,140.0,1.0218978102189782,137.0,0.9785714285714284,140.0,1.0071942446043165,0.1095360824742268,1.0214285714285714,140.0,1.0071942446043165,139.0,0.9652777777777778,144.0,0.979591836734694,203.0,-0.2448136651676118,0.18686776375977937,103.0,100.0,0.30079936828552334,-0.3097039661477587,0.4263241341434688,-0.5017453743291118,-0.1977396128103101,0.34,0.47,0.505,0.58,0.765,0,-23.87102,7.1889253
0.11082138200782268,0.14961124350509333,147.0,1.027972027972028,143.0,1.0070422535211268,142.0,0.9861111111111112,0.11597938144329897,1.0277777777777777,144.0,1.7349397590361446,83.0,0.4345549738219895,191.0,1.3356643356643356,205.0,-0.1968523405566623,0.1581036615269294,102.0,103.0,0.3077850104412305,-0.310170034440053,0.41787307283516456,-0.4015476392931986,-0.1425616098720053,0.335,0.435,0.5,0.57,0.85,0,-27.664663,5.322974
0.1303780964797914,0.14042550683626928,169.0,1.005952380952381,168.0,0.9824561403508772,171.0,1.0239520958083832,0.14304123711340205,1.0180722891566265,166.0,1.106666666666667,150.0,1.020408163265306,147.0,0.98,290.0,-0.2101854964843889,0.26784515509373935,172.0,118.0,0.2845211690909588,-0.2598918171834673,0.6664613297494327,-0.4353023374724514,-0.1553527780521756,0.45,0.54,0.595,0.675,0.965,0,7.5957627,30.435028
0.11082138200782268,0.1389187536107886,155.0,1.0264900662251657,151.0,0.9320987654320988,162.0,0.9938650306748468,0.12886597938144329,0.9813664596273292,161.0,0.9757575757575756,165.0,0.9880239520958084,167.0,1.0372670807453417,221.0,-0.3161481265149875,0.09391057368129437,111.0,110.0,0.2763452696957055,-0.484650278467937,0.3779639384402745,-0.4014956467619864,-0.2643242388802173,0.375,0.485,0.505,0.525,0.805,0,-33.15133,-5.747511
0.20208604954367665,0.3258770788905121,116.0,1.0841121495327102,107.0,0.4755555555555555,225.0,2.083333333333333,0.06701030927835051,0.9649122807017544,114.0,0.991304347826087,115.0,1.0176991150442478,113.0,0.5067264573991032,154.0,-0.2626052491935807,0.44251667709331743,77.0,77.0,0.26261166390932444,-0.6408583812295265,0.7116726881959139,-0.9700997683157088,0.3602337895975595,0.33,0.465,0.505,0.55,0.815,0,16.720877,28.289703
0.1316818774445893,0.1381371842951515,172.0,1.048780487804878,164.0,1.025,160.0,0.9937888198757764,0.13917525773195877,1.077922077922078,154.0,0.9746835443037974,158.0,1.0,158.0,1.0,234.0,-0.2726613603823225,0.09852010008302975,118.0,116.0,0.2960821502881147,-0.5258132909733959,0.3662550899503528,-0.4095554944890872,-0.2581987931605506,0.375,0.48,0.505,0.525,0.85,0,-35.005653,-5.971154
0.11082138200782268,0.1482114665341328,148.0,1.0068027210884354,147.0,1.072992700729927,137.0,0.9785714285714284,0.11855670103092783,1.0344827586206897,145.0,1.0357142857142858,140.0,1.0144927536231885,138.0,0.9857142857142858,208.0,-0.2068479715378305,0.18094207833724596,103.0,105.0,0.32220309525287777,-0.2956153801816102,0.4456597829891595,-0.4667539272887734,-0.1671893705925361,0.34,0.46,0.495,0.575,0.8,0,-22.798298,13.393376
0.09647979139504563,0.13862253383010248,144.0,1.006993006993007,143.0,0.9662162162162162,148.0,0.9932885906040269,0.10695876288659793,0.94,150.0,0.986842105263158,152.0,1.0133333333333334,150.0,1.0344827586206895,196.0,-0.2876820786771597,0.20922416703507796,98.0,98.0,0.2808476115276816,-0.4180452275777799,0.39231662274106194,-0.7405344772883832,-0.1206931631667499,0.365,0.47,0.5,0.58,0.53,0,-21.079887,3.535176
0.11994784876140809,0.14154433803050703,160.0,1.0810810810810811,148.0,1.0571428571428572,140.0,0.9929078014184396,0.12371134020618557,1.0405405405405406,148.0,0.9801324503311258,151.0,0.9741935483870968,155.0,0.950920245398773,217.0,-0.3146685142925529,0.18705567179768282,110.0,107.0,0.255468601887759,-0.639036677971611,0.47842854216142655,-0.7439620496846472,-0.1777428463400476,0.35,0.48,0.51,0.535,0.76,0,-17.885426,30.713549
0.12646675358539766,0.14652981227840223,161.0,0.9817073170731708,164.0,1.0061349693251531,163.0,0.9939024390243902,0.13144329896907217,0.975609756097561,164.0,0.970414201183432,169.0,0.9825581395348836,172.0,1.036144578313253,221.0,-0.1758424155442876,0.2267253784786981,109.0,112.0,0.28068750675754317,-0.5580512898295411,0.6666954611996324,-0.4247021281573919,0.0468376393515299,0.325,0.47,0.495,0.52,0.71,0,5.8723097,34.329914
0.09126466753585398,0.1488221725533192,133.0,0.9779411764705882,136.0,0.9577464788732394,142.0,0.993006993006993,0.09278350515463918,0.9923664122137404,131.0,0.9492753623188406,138.0,0.9857142857142858,140.0,1.0294117647058822,184.0,-0.1194315135785298,0.20611105302469213,93.0,91.0,0.3232550424181862,-0.3435297653215181,0.39893223685960993,-0.5501604081616704,0.2357416775308394,0.345,0.46,0.505,0.535,0.75,0,-19.930117,5.349645
0.09517601043024772,0.14868925418443743,136.0,1.0793650793650793,126.0,0.9402985074626866,134.0,0.978102189781022,0.09536082474226804,1.0153846153846153,130.0,0.9774436090225564,133.0,1.015267175572519,131.0,0.9703703703703704,189.0,-0.222499128986646,0.20365768243232407,97.0,92.0,0.2954557148164244,-0.3774641539309478,0.3749623932169605,-0.6042407770215715,0.0827391125401394,0.355,0.485,0.52,0.545,0.75,0,-20.304497,3.2692742
0.1303780964797914,0.14279653983068039,167.0,1.030864197530864,162.0,1.0728476821192052,151.0,1.0202702702702702,0.13530927835051546,0.9939024390243902,164.0,0.9820359281437124,167.0,0.9597701149425288,174.0,1.870967741935484,237.0,-0.2552082775338967,0.3251021419858259,123.0,114.0,0.28282797782949964,-0.2647061166165278,0.7041997009494932,-0.4605816463477021,0.2382291955661317,0.375,0.48,0.52,0.615,0.55,0,9.42729,29.665405
0.13428943937418514,0.14639568272938236,167.0,1.050314465408805,159.0,1.0192307692307692,156.0,0.9176470588235294,0.14690721649484537,0.9347826086956522,184.0,0.9787234042553192,188.0,1.032967032967033,182.0,1.0,242.0,-0.2524217330869907,0.18908538013008871,122.0,120.0,0.2592192900055982,-0.5434322965800887,0.6123711476040504,-0.4970636991738326,-0.0662762072114983,0.395,0.485,0.505,0.525,0.68,0,-0.6633534,37.927326
0.13559322033898305,0.15008207757714367,165.0,0.9821428571428572,168.0,0.9824561403508772,171.0,0.9606741573033708,0.1559278350515464,1.0112994350282485,177.0,0.99438202247191,178.0,1.0171428571428571,175.0,1.0057471264367817,241.0,-0.2456061935225665,0.18184320709501614,116.0,125.0,0.25732032346975503,-0.5368525235530881,0.5847788630919342,-0.5127232566706603,0.004710094151424,0.315,0.46,0.485,0.505,0.695,0,-6.0396256,37.80978
0.22816166883963493,0.2454770874448973,160.0,1.4035087719298245,114.0,0.4956521739130435,230.0,1.3855421686746987,0.13530927835051546,1.0316455696202531,158.0,0.9875,160.0,1.0666666666666669,150.0,1.020408163265306,227.0,-0.1214046171729298,0.2974506664317789,113.0,114.0,0.33574860955963326,-0.1369890162672149,0.6856448422914372,-0.3610736220543197,0.4231335942459809,0.335,0.46,0.5,0.625,0.535,0,12.846717,27.924797
0.05215123859191656,0.1391203510595292,109.0,1.0186915887850467,107.0,1.0,107.0,0.9727272727272728,0.06314432989690721,0.981651376146789,109.0,0.956140350877193,114.0,1.027027027027027,111.0,1.018348623853211,148.0,-0.9617499298109192,0.4348601535554018,74.0,74.0,0.08530317084464921,-1.3271501224376971,0.5292351428149047,-1.6629481190429525,-0.3541657383591666,0.33,0.465,0.505,0.55,0.855,0,17.962748,14.164975
0.10691003911342895,0.13019576699874702,159.0,0.9244186046511628,172.0,2.023529411764706,85.0,0.3679653679653679,0.03479381443298969,0.32075471698113206,265.0,1.7320261437908495,153.0,1.02,150.0,0.9036144578313252,178.0,-0.1137697231115688,0.3220563240143014,119.0,59.0,0.432067619785941,-0.1411385479420775,0.6506008854322978,-0.3655560413925507,0.4078986678033544,0.635,0.59,0.675,0.795,0.705,0,8.599201,23.789606
0.11864406779661017,0.14029213623033363,160.0,0.975609756097561,164.0,1.0580645161290323,155.0,1.0472972972972974,0.12757731958762886,1.0,157.0,0.9691358024691358,162.0,1.0125,160.0,0.98159509202454,225.0,-0.2541205674185948,0.0917559276376633,116.0,109.0,0.30006914570068016,-0.4367849067109711,0.37356610138825536,-0.4047128073018926,-0.2308920875802096,0.4,0.495,0.52,0.54,0.835,0,-35.60853,-5.5138144
0.10299869621903521,0.15441116522359286,138.0,1.0,138.0,0.9787234042553192,141.0,1.0444444444444445,0.12242268041237113,1.0551724137931036,145.0,1.0661764705882353,136.0,1.0303030303030305,132.0,1.015384615384615,208.0,-0.1972754428175288,0.20092148464004483,101.0,107.0,0.30315960997255326,-0.394014064203523,0.43317717522914934,-0.7824911208207022,0.1499192416217326,0.34,0.44,0.49,0.555,0.7,0,-21.563322,8.064762
0.09647979139504563,0.1399944099281945,143.0,1.0592592592592591,135.0,1.0305343511450382,131.0,1.0076923076923077,0.10438144329896908,1.0296296296296297,135.0,0.9712230215827338,139.0,1.0692307692307692,130.0,1.04,198.0,-0.1759675459668788,0.21236969390971636,101.0,97.0,0.3078597391482688,-0.2893708449778094,0.4477034891153848,-0.5676989737101897,0.096053482573936,0.345,0.475,0.51,0.535,0.73,0,-19.710634,10.657754
0.10299869621903521,0.1387626011455581,149.0,1.0347222222222223,144.0,0.9664429530201344,149.0,1.0642857142857145,0.12242268041237113,1.047945205479452,146.0,1.0503597122302155,139.0,1.0072463768115942,138.0,0.9928057553956836,209.0,-0.1964548510230538,0.18913728613190642,102.0,107.0,0.33555305027457966,-0.2831049580253312,0.4466144262851857,-0.4788829721186102,-0.2083080154129098,0.33,0.455,0.49,0.56,0.75,0,-23.281084,14.327629
0.121251629726206,0.14662492750000025,157.0,1.0608108108108107,148.0,1.049645390070922,141.0,0.9657534246575342,0.13788659793814434,2.142857142857143,77.0,0.3195020746887966,241.0,1.4345238095238095,168.0,0.9710982658959536,230.0,-0.2750254089017411,0.3164284617980108,115.0,115.0,0.27380057113398343,-0.29283375214334,0.6874214934465576,-0.4807882525270753,0.2666455419986437,0.33,0.465,0.505,0.62,0.53,0,8.831334,29.60833
0.11864406779661017,0.14667432605057212,155.0,1.0264900662251657,151.0,0.9741935483870968,155.0,1.0064935064935066,0.10695876288659793,0.9929577464788732,142.0,0.9726027397260274,146.0,1.0,146.0,0.9864864864864864,196.0,-0.3609302273086642,0.2006082288357481,98.0,98.0,0.24072635201266795,-0.6857675155739759,0.4797556194031871,-0.7387382321678186,-0.3913160534628156,0.365,0.475,0.505,0.53,0.735,0,-18.010958,30.504496
0.14602346805736635,0.13949402958846488,182.0,0.978494623655914,186.0,0.9738219895287958,191.0,1.0105820105820107,0.15721649484536082,0.994475138121547,181.0,1.0168539325842696,178.0,1.04093567251462,171.0,0.9395604395604396,251.0,-0.3213075485903188,0.16365552607956807,126.0,125.0,0.24000842070459252,-0.5672742881759882,0.4927622339489164,-0.7239744640503116,-0.29693063815083,0.34,0.48,0.505,0.525,0.67,0,-17.011532,34.548477
0.11734028683181226,0.3406127229466772,79.0,0.2958801498127341,267.0,1.5344827586206895,174.0,0.9015544041450776,0.12757731958762886,0.9874213836477987,159.0,1.0,159.0,0.9636363636363636,165.0,1.13013698630137,216.0,-0.1142400552710649,0.31272771632310326,107.0,109.0,0.3354354266610308,-0.1597152322586918,0.6783269025824595,-0.3704087775513557,0.2982021411476814,0.335,0.44,0.5,0.625,0.53,0,15.053004,28.780312
0.1421121251629726,0.14279653983068039,176.0,1.0476190476190477,168.0,0.96,175.0,0.9562841530054644,0.14690721649484537,0.9148936170212766,188.0,1.0217391304347827,184.0,1.010989010989011,182.0,1.011111111111111,236.0,-0.1616172516526469,0.16028019819351325,116.0,120.0,0.2892624355860918,-0.3559615231385941,0.5614338029940351,-0.5239815167550141,0.151998541450739,0.365,0.475,0.495,0.515,0.7,0,-9.5378,34.04493
0.12516297262059975,0.1415748795378283,164.0,0.9820359281437124,167.0,0.9597701149425288,174.0,1.870967741935484,0.12628865979381443,0.9873417721518988,158.0,0.9575757575757576,165.0,1.012269938650307,163.0,1.065359477124183,216.0,-0.3741506865228322,0.29128515648017167,107.0,109.0,0.24251219557332346,-0.3776932965071387,0.6676669510719492,-0.55465636730051,-0.1400427766967218,0.315,0.45,0.5,0.59,0.53,0,7.5226154,30.05059
0.12255541069100391,0.14660069719829572,158.0,1.025974025974026,154.0,0.9685534591194968,159.0,1.0,0.07345360824742268,0.6020942408376964,191.0,1.1169590643274854,171.0,1.0118343195266273,169.0,1.0,192.0,-0.3325300973410832,0.0879318865417607,112.0,80.0,0.2674138748515583,-0.5495505104293483,0.32131917836140816,-0.4332098503258232,-0.2645148990853738,0.44,0.56,0.585,0.61,0.99,0,-29.542591,-10.544063
0.11473272490221642,0.14024428138446712,157.0,0.98125,160.0,0.975609756097561,164.0,0.970414201183432,0.14432989690721648,0.9883720930232558,172.0,0.9502762430939228,181.0,1.0402298850574712,174.0,1.0545454545454545,234.0,-0.2167128267333637,0.21294195807513833,116.0,118.0,0.2717828857436189,-0.5502914408237201,0.653011818753288,-0.4437309589070594,-0.0528940305232193,0.38,0.475,0.5,0.525,0.7,0,4.452739,35.210594
0.09778357235984354,0.13730743604909848,146.0,1.0,146.0,0.9864864864864864,148.0,0.9367088607594936,0.13659793814432988,0.9820359281437125,167.0,0.9382022471910112,178.0,1.0348837209302326,172.0,1.017751479289941,228.0,-0.3531086911471625,0.17024986304746254,114.0,114.0,0.2390745220026988,-0.620033788243012,0.48489131823571,-0.6973853709598637,-0.3170025387447061,0.36,0.475,0.505,0.525,0.69,0,-17.593006,31.472979
0.05997392438070404,0.15207210872085358,108.0,0.9818181818181818,110.0,0.9649122807017544,114.0,1.027027027027027,0.06701030927835051,0.990990990990991,111.0,1.0277777777777777,108.0,0.9557522123893806,113.0,1.0272727272727271,155.0,-0.4706408096563177,0.4341326610861032,78.0,77.0,0.2209617169318586,-0.7680048290808424,0.6809851600209761,-1.0815180730820535,-0.0130853046215895,0.305,0.455,0.5,0.55,0.84,0,19.425556,16.908854
0.13298565840938723,0.14519596842981497,167.0,1.030864197530864,162.0,1.0384615384615383,156.0,1.21875,0.13917525773195877,1.1216216216216217,148.0,0.9801324503311258,151.0,0.9741935483870968,155.0,0.945121951219512,234.0,-0.3695506552524025,0.08115147201493245,118.0,116.0,0.2683827343584353,-0.566574663096725,0.28958721788209535,-0.5529228306013952,-0.3377914168541754,0.35,0.485,0.51,0.535,0.845,0,-30.371021,-15.426785
0.09126466753585398,0.1585723105415261,127.0,0.9769230769230768,130.0,0.9774436090225564,133.0,0.9851851851851852,0.10051546391752578,0.9927007299270073,137.0,1.0148148148148148,135.0,1.007462686567164,134.0,0.9640287769784172,188.0,0.2234340234695021,0.22720925629448024,93.0,95.0,0.41298525536667763,0.0041365398039573,0.590443666783528,-0.3357025688819485,0.5627478408375248,0.33,0.43,0.5,0.55,0.785,0,-15.15273,19.121891
0.11994784876140809,0.14664946844659846,156.0,0.9230769230769232,169.0,0.976878612716763,173.0,1.1233766233766234,0.13788659793814434,1.0248447204968945,161.0,1.0454545454545454,154.0,1.0405405405405406,148.0,1.0,231.0,-0.28607354330657,0.10242841203546534,116.0,115.0,0.2952686472534953,-0.581369496636833,0.3781864438663743,-0.3817071312401616,-0.2759047871512312,0.37,0.475,0.505,0.525,0.815,0,-34.850204,-4.9932985
0.11994784876140809,0.1493014842471654,154.0,0.9685534591194968,159.0,0.9754601226993864,163.0,0.9588235294117649,0.125,0.9281437125748503,167.0,1.0121212121212122,165.0,1.03125,160.0,1.0596026490066226,218.0,-0.3105281417176312,0.0984611039759796,110.0,108.0,0.2821539053446636,-0.5646828808828138,0.3610016883772386,-0.4276398035089732,-0.2845424867552155,0.38,0.48,0.51,0.53,0.825,0,-34.175922,-7.3643503
0.13298565840938723,0.13816411698610834,173.0,0.9351351351351352,185.0,1.0393258426966292,178.0,1.0229885057471264,0.15721649484536082,1.0465116279069768,172.0,0.9942196531791908,173.0,0.9829545454545454,176.0,1.0173410404624277,256.0,-0.2151848610306151,0.15083339820149522,131.0,125.0,0.26272942583316305,-0.4382047666983516,0.500854615532851,-0.5920624675597499,-0.0866810480002138,0.405,0.49,0.515,0.535,0.695,0,-15.99293,33.412373
0.14341590612777053,0.14982644467375897,171.0,0.9447513812154696,181.0,1.0402298850574712,174.0,1.0175438596491229,0.15206185567010308,0.9943502824858758,177.0,0.9779005524861878,181.0,1.0055555555555555,180.0,1.0285714285714285,243.0,-0.2017435093799661,0.16613991788750296,120.0,123.0,0.28652121573748573,-0.4225427081273392,0.5512037628967292,-0.5297473765672788,0.0104874473166848,0.35,0.475,0.5,0.52,0.7,0,-10.719147,34.259342
0.13559322033898305,0.14163170094679822,172.0,1.017751479289941,169.0,1.0119760479041915,167.0,0.912568306010929,0.14561855670103094,0.9553072625698324,179.0,0.9835164835164836,182.0,1.0520231213872833,173.0,1.0297619047619049,237.0,-0.2143082747893691,0.18902514471658047,118.0,119.0,0.27456029076324634,-0.5314028237869597,0.5942827011446945,-0.4796477938846825,0.020906229656466,0.355,0.475,0.5,0.52,0.7,0,-3.991704,36.736893
0.10691003911342895,0.32032388365272885,79.0,0.395,200.0,1.4285714285714286,140.0,0.9929078014184396,0.1095360824742268,1.0214285714285714,140.0,1.0218978102189782,137.0,0.958041958041958,143.0,0.959731543624161,201.0,-0.248979523980646,0.19910005867569552,101.0,100.0,0.30241914113326157,-0.3531717736700309,0.43286561598059714,-0.5425740140119372,-0.2284008331681873,0.34,0.465,0.5,0.58,0.795,0,-15.846825,3.5802152
0.08865710560625815,0.13158802022073685,143.0,1.0141843971631206,141.0,1.0291970802919708,137.0,1.0378787878787878,0.11984536082474227,0.9617834394904459,157.0,1.0194805194805194,154.0,1.0476190476190477,147.0,0.9607843137254902,203.0,0.5668814793708599,0.18031959352472454,98.0,105.0,0.5166092774469992,0.3327077694297959,0.8294683533512515,0.1952784742810487,0.6213086074998903,0.33,0.455,0.485,0.51,0.73,0,11.789963,21.772911
0.09256844850065189,0.13715281340736377,142.0,0.9659863945578232,147.0,1.0068493150684932,146.0,1.0,0.10695876288659793,0.9791666666666666,144.0,0.9290322580645162,155.0,1.0402684563758389,149.0,0.9933333333333332,196.0,-0.263986654108775,0.18351692531973063,98.0,98.0,0.2998797160865875,-0.3218342020254002,0.4254181608329438,-0.524490456441693,-0.2420362607503054,0.34,0.47,0.5,0.57,0.805,0,-24.302101,6.8554635
0.10299869621903521,0.14990123089549384,141.0,1.0217391304347827,138.0,0.9857142857142858,140.0,0.9722222222222222,0.10695876288659793,1.0071428571428571,140.0,1.627906976744186,86.0,0.4278606965174129,201.0,1.3311258278145697,200.0,-0.2623286720011302,0.17396576101314978,102.0,98.0,0.2967479519687786,-0.364954889216891,0.4205046968172762,-0.4919848467645715,-0.2189462658296155,0.34,0.475,0.51,0.58,0.76,0,-25.489723,6.119558
0.05736636245110821,0.14100768011614698,112.0,1.037037037037037,108.0,0.972972972972973,111.0,1.168421052631579,0.06958762886597938,1.0467289719626167,107.0,0.9469026548672568,113.0,1.076190476190476,105.0,0.9722222222222222,155.0,-0.1636211398911927,0.41636310661996456,77.0,78.0,0.3054469298067271,-0.46791754408324,0.7165329830136105,-1.031407699442915,0.3109513335514615,0.295,0.46,0.5,0.545,0.82,0,20.309694,20.034966
0.10560625814863103,0.14279653983068039,148.0,0.961038961038961,154.0,0.9808917197452228,157.0,0.9751552795031057,0.12886597938144329,0.9753086419753086,162.0,0.9878048780487804,164.0,1.0123456790123455,162.0,1.051948051948052,218.0,-0.3539997571310768,0.0935332763708235,108.0,110.0,0.26818610850878666,-0.5829158070510609,0.35565928694331955,-0.5024827907208653,-0.3122632361583595,0.335,0.47,0.495,0.52,0.835,0,-31.794584,-8.494632
0.09778357235984354,0.1386513200783823,145.0,0.9797297297297296,148.0,0.9866666666666668,150.0,1.0,0.11211340206185567,0.9539473684210527,152.0,0.9681528662420382,157.0,1.0328947368421053,152.0,1.0201342281879195,200.0,-0.2208980681148003,0.18420660602574002,99.0,101.0,0.3141288117965154,-0.295,0.4494041248655732,-0.5052016831391364,-0.247996723999296,0.335,0.46,0.495,0.57,0.74,0,-22.842693,11.838957
0.13689700130378096,0.13283427136521267,181.0,0.9836956521739132,184.0,1.0454545454545454,176.0,0.9513513513513514,0.14948453608247422,1.0,174.0,0.956043956043956,182.0,1.058139534883721,172.0,1.0058479532163742,244.0,-0.2363515193786816,0.1483094478633354,123.0,121.0,0.26175043005235327,-0.4671214181020033,0.4749115634246248,-0.5217697662508086,0.0261349012537369,0.4,0.485,0.51,0.53,0.725,0,-17.516632,33.22762
0.14602346805736635,0.14506040749201077,177.0,1.005681818181818,176.0,1.0,176.0,0.9943502824858758,0.14948453608247422,1.0,174.0,0.9830508474576272,177.0,1.0172413793103448,174.0,1.0175438596491229,241.0,-0.1826878832183474,0.20153552671201877,120.0,121.0,0.27457597743787493,-0.4940308170115126,0.6640281590016739,-0.4216974380947464,0.1369600288133263,0.335,0.475,0.5,0.52,0.705,0,4.891511,34.73973
0.20208604954367665,0.1446179242672962,220.0,0.9734513274336284,226.0,2.3789473684210525,95.0,0.9134615384615384,0.20876288659793815,2.391304347826087,92.0,0.7022900763358778,131.0,1.190909090909091,110.0,0.9734513274336284,232.0,-0.5255590662241787,0.6994096540974071,78.0,154.0,0.28352672816433183,-0.7891148503890062,0.841034891242506,-1.1316963458485207,-0.937338308357398,0.59,0.745,0.8,0.835,0.985,0,26.103876,17.482708
0.17340286831812254,0.22866180612828338,140.0,0.9929078014184396,141.0,0.9657534246575342,146.0,0.948051948051948,0.1018041237113402,0.958041958041958,143.0,0.959731543624161,149.0,1.0067567567567568,148.0,1.741176470588235,193.0,-0.213129823459454,0.19696346812028342,98.0,95.0,0.3003661707607708,-0.2780970467891203,0.4557815602524943,-0.4356303322927244,-0.1497178232992592,0.34,0.475,0.51,0.59,0.835,0,-16.31265,4.4731855
0.061277705345501955,0.03643668322336143,243.0,1.4727272727272729,165.0,1.0248447204968945,161.0,0.9817073170731708,0.024484536082474227,0.2972972972972973,259.0,1.488505747126437,174.0,0.9886363636363636,176.0,1.0173410404624277,162.0,-0.1336735380140881,0.37003587724599757,109.0,53.0,0.4206427157368108,-0.1532012499838802,0.7591204188913085,-0.3687996598548574,0.2393822643711688,0.64,0.61,0.685,0.815,0.72,0,20.735384,24.665499
0.0938722294654498,0.14279653983068039,139.0,1.037313432835821,134.0,1.0387596899224807,129.0,0.9923076923076924,0.0979381443298969,1.0387596899224807,129.0,0.9699248120300752,133.0,0.9708029197080292,137.0,1.0148148148148148,190.0,-0.177696503532042,0.2257833472786518,97.0,93.0,0.32213780597289776,-0.3904361387429498,0.4338269599148453,-0.6166126433168609,0.0334131079612706,0.355,0.47,0.515,0.54,0.735,0,-18.417755,9.240429
0.03389830508474576,0.009710543451242747,277.0,2.495495495495496,111.0,0.5311004784688995,209.0,1.393333333333333,0.12242268041237113,1.9870129870129871,77.0,0.3615023474178404,213.0,1.4013157894736843,152.0,0.9559748427672956,221.0,-0.2968642239602482,0.2640290167347469,114.0,107.0,0.35047385955469645,-0.3257146194237537,0.5705447973268596,-0.4366829795744317,-0.2038127265230315,0.485,0.46,0.52,0.61,0.885,0,4.7068157,19.39989
0.09517601043024772,0.1457001961789085,138.0,1.022222222222222,135.0,1.0546875,128.0,1.0158730158730158,0.09664948453608248,1.0310077519379846,129.0,1.048780487804878,,0.9919354838709676,124.0,0.9612403100775194,186.0,-0.109323762954312,0.17397164011067953,93.0,93.0,0.32945361632443215,-0.3207971345247729,0.5385105574368855,-0.322919953383841,0.0588068295213767,0.35,0.465,0.505,0.535,0.74,0,-17.159657,19.39272
0.1421121251629726,0.1320249114420922,186.0,1.0163934426229508,183.0,1.0397727272727273,176.0,1.0,0.1481958762886598,1.0484848484848486,165.0,0.9649122807017544,171.0,1.0426829268292683,164.0,1.0186335403726707,246.0,-0.2474747484801252,0.18683614045821845,125.0,121.0,0.25734177663598534,-0.5128930939253447,0.5747955812892827,-0.4708611179684372,-0.0740068876479943,0.375,0.49,0.515,0.535,0.69,0,-7.12878,38.466965
0.04954367666232073,0.1336896176476013,110.0,0.9649122807017544,114.0,1.0178571428571428,112.0,1.0467289719626167,0.06958762886597938,1.018181818181818,110.0,1.02803738317757,107.0,0.9727272727272728,110.0,1.0377358490566038,156.0,0.0156668995741676,0.39411118813812746,78.0,78.0,0.3984905661341319,-0.2238596733486501,0.7126151704009721,-0.9674137482105668,0.426542452689631,0.325,0.465,0.505,0.55,0.82,0,20.125881,23.017141
0.121251629726206,0.1332559546865023,168.0,1.0566037735849056,159.0,0.9352941176470588,170.0,1.0365853658536586,0.11984536082474227,1.0633802816901408,142.0,1.0,142.0,1.0070921985815602,141.0,1.036764705882353,206.0,-0.4536323105188778,0.0966371682024657,101.0,105.0,0.24981002730177332,-0.6538921896932636,0.30119417698880774,-0.5989865767258944,-0.4380191381457137,0.35,0.47,0.495,0.515,0.83,0,-28.976526,-14.034376
0.0938722294654498,0.14721607559599817,136.0,0.9444444444444444,144.0,0.96,150.0,0.9933774834437086,0.11984536082474227,0.9805194805194806,154.0,0.9447852760736196,163.0,1.0,163.0,1.065359477124183,207.0,-0.2998020974258032,0.06775673909230544,102.0,105.0,0.2916549029290871,-0.5017163630073057,0.3062159116578314,-0.4638542375145082,-0.2718073791643759,0.375,0.475,0.495,0.515,0.81,0,-32.760414,-14.956657
0.1290743155149935,0.14159682553111305,167.0,1.0372670807453417,,1.0254777070063694,157.0,1.0194805194805194,0.16237113402061856,0.9945945945945946,185.0,1.0054347826086956,184.0,1.0165745856353592,181.0,1.011173184357542,261.0,-0.2480679056321339,0.17974334673514936,133.0,128.0,0.2588185125981949,-0.4936453022583569,0.5705076361823,-0.4387102444274219,-0.1653285873527726,0.395,0.485,0.51,0.535,0.68,0,-8.395734,37.75457
0.19947848761408082,0.217928647841083,160.0,0.9696969696969696,165.0,1.0060975609756098,164.0,0.993939393939394,0.16881443298969073,1.05,180.0,1.0778443113772456,167.0,1.7956989247311828,93.0,0.3536121673003802,255.0,-0.1743215294726544,0.31715315775282066,123.0,132.0,0.2943104620075865,-0.1967916748381768,0.7239211361053811,-0.4190641740066357,0.4653855915682242,0.32,0.435,0.49,0.59,0.51,0,12.8399,28.745235
0.14993481095176012,0.13640231787234827,188.0,1.032967032967033,182.0,1.0,182.0,1.103030303030303,0.13402061855670103,1.0588235294117647,153.0,1.0,153.0,0.9683544303797468,158.0,0.9753086419753086,235.0,-0.1858657046356815,0.29916353413971103,122.0,113.0,0.4476672892388309,-0.2199278049487537,0.6811179267740821,-0.3824225123422065,0.2769971251061255,0.495,0.475,0.525,0.62,0.55,0,10.17625,23.606943
0.05736636245110821,0.14279653983068039,111.0,0.9823008849557522,113.0,1.0560747663551402,107.0,0.9907407407407408,0.06829896907216494,1.0373831775700935,107.0,0.9304347826086956,115.0,1.055045871559633,109.0,0.990909090909091,168.0,-0.2790488103523668,0.3789863695324151,91.0,77.0,0.2736406122711356,-0.5147986204327843,0.7225403365079546,-1.0839999986626312,0.128051685453954,0.375,0.51,0.545,0.585,0.89,0,20.012764,19.468428
0.10560625814863103,0.1498018645868951,143.0,1.0287769784172662,139.0,1.0220588235294117,136.0,0.9577464788732394,0.10824742268041238,0.993006993006993,143.0,1.036231884057971,138.0,1.0,138.0,0.9452054794520548,195.0,-0.2427068934653272,0.15803687017288143,96.0,99.0,0.30735013372085473,-0.2895450329871303,0.3989824347530479,-0.4536188979824517,-0.2105370588664692,0.335,0.46,0.495,0.56,0.745,0,-27.20898,4.3852296
0.13428943937418514,0.13932222269725136,173.0,0.9664804469273744,179.0,0.988950276243094,181.0,1.0,0.1559278350515464,1.0467836257309941,171.0,0.9771428571428572,175.0,1.0606060606060606,165.0,1.0377358490566038,250.0,-0.336420956071162,0.17164568369460417,125.0,125.0,0.22292992183528768,-0.6607485173211334,0.5135730981287674,-0.7101123254612824,-0.2030299547780668,0.34,0.475,0.5,0.52,0.69,0,-16.634289,36.083153
0.15645371577574968,0.15292671169725153,178.0,1.0,178.0,1.0289017341040465,173.0,0.9885714285714284,0.14304123711340205,0.9657142857142857,175.0,0.945945945945946,185.0,1.0054347826086956,184.0,1.022222222222222,241.0,-0.1840513278813975,0.1703893158198853,123.0,118.0,0.28695963190936546,-0.4309762133571111,0.5716490637103724,-0.5646219296073023,-0.1557850157959498,0.365,0.49,0.51,0.53,0.665,0,-7.894994,34.554855
0.14471968709256844,0.14279653983068039,178.0,1.0113636363636365,176.0,0.9832402234636872,179.0,1.0346820809248556,0.14948453608247422,1.0357142857142858,168.0,0.9882352941176472,170.0,1.0559006211180124,161.0,0.9877300613496932,245.0,-0.211798766169868,0.16513977487684003,124.0,121.0,0.2709578260188683,-0.4451617554105322,0.525820274406928,-0.5104970253788845,-0.0169296340608065,0.4,0.48,0.51,0.53,0.695,0,-13.822342,34.56255
0.16166883963494133,0.16622955597427574,171.0,1.0118343195266273,169.0,1.0,169.0,1.0,0.14561855670103094,1.0301204819277108,166.0,1.064102564102564,156.0,0.975,160.0,1.0062893081761006,236.0,-0.3010224184736062,0.08476905734290212,117.0,119.0,0.27387183709036134,-0.547245245893884,0.35540769126825966,-0.3681647186003746,-0.2299598881667373,0.375,0.475,0.5,0.52,0.84,0,-37.7189,-8.496949
0.10430247718383312,0.14985119785982615,142.0,1.0142857142857142,140.0,0.9929078014184396,141.0,1.0,0.1095360824742268,1.0070422535211268,142.0,1.0142857142857142,140.0,0.9655172413793104,145.0,0.9731543624161074,202.0,-0.2762224310829833,0.20052018236949007,102.0,100.0,0.30664077374863996,-0.3793726479012004,0.44337060182384425,-0.5629027844262121,-0.260047781908685,0.355,0.475,0.51,0.58,0.825,0,-21.128065,10.38362
0.10951760104302477,0.1468577348582697,148.0,1.0571428571428572,140.0,1.0,140.0,0.9655172413793104,0.11855670103092783,1.0714285714285714,140.0,1.0218978102189782,137.0,0.9716312056737588,141.0,0.94,210.0,-0.1158253452393579,0.20148807815037162,105.0,105.0,0.3764791218750476,-0.2733888286192162,0.4747098840124048,-0.5102687288805001,-0.0775702550235705,0.345,0.465,0.5,0.58,0.76,0,-17.984781,16.803791
0.14993481095176012,0.14615439940656427,179.0,1.0112994350282485,177.0,1.005681818181818,176.0,1.0,0.14690721649484537,0.9885057471264368,174.0,1.0,174.0,0.9830508474576272,177.0,1.0172413793103448,233.0,-0.2032081372991133,0.2086044990951776,113.0,120.0,0.2668673690961753,-0.503415960270219,0.6555435156107122,-0.4316149418495991,-0.1036413769069507,0.38,0.465,0.49,0.51,0.665,0,5.014651,35.60478
0.11603650586701435,0.1377877326299869,160.0,0.9580838323353292,167.0,0.9766081871345028,171.0,1.0239520958083832,0.13917525773195877,0.9540229885057471,174.0,1.0545454545454545,165.0,1.012269938650307,163.0,1.038216560509554,226.0,-0.255803681627265,0.07530757152280462,110.0,116.0,0.2990235731977786,-0.4734338539593312,0.3304544287428737,-0.3356646512123419,-0.2428583633764392,0.37,0.465,0.49,0.51,0.845,0,-33.4865,-11.451237
0.19556714471968709,0.14187749263789257,218.0,1.963963963963964,111.0,0.9736842105263158,114.0,0.5205479452054794,0.06443298969072164,1.0,108.0,0.4931506849315068,219.0,1.0092165898617511,217.0,2.284210526315789,152.0,-0.1545120193722474,0.3899569617487291,77.0,75.0,0.27595784738036955,-0.4325218122562587,0.6556515031205411,-1.1423027877446654,0.2482747474786334,0.295,0.465,0.51,0.55,0.815,0,15.648984,18.810123
0.1408083441981747,0.15239425422721883,167.0,0.9709302325581396,172.0,0.9772727272727272,176.0,0.9777777777777776,0.15979381443298968,0.994535519125683,183.0,0.9891891891891892,185.0,1.0511363636363635,176.0,1.0,252.0,-0.229277126183378,0.15978873410374284,125.0,127.0,0.2570361051480307,-0.4312403169231709,0.5104139501489003,-0.5021835701613485,-0.1294044580928569,0.335,0.475,0.495,0.52,0.675,0,-15.577557,34.433613
0.10821382007822686,0.1555849837473446,141.0,1.014388489208633,139.0,1.0072463768115942,138.0,0.9928057553956836,0.08891752577319588,0.9477611940298507,134.0,0.91156462585034,147.0,1.027972027972028,143.0,0.9794520547945206,181.0,-0.0129466197652775,0.2938140965446614,93.0,88.0,0.37060490971379456,-0.0599905382033256,0.6505159634515713,-0.2367769469091268,0.4401179979332921,0.33,0.435,0.515,0.62,0.55,0,8.187107,25.659376
0.20599739243807041,0.14922987018019496,218.0,0.990909090909091,220.0,1.0185185185185186,216.0,1.894736842105263,0.20876288659793815,2.1153846153846154,104.0,0.9203539823008848,113.0,1.1649484536082475,97.0,0.8083333333333333,311.0,-0.1552145921744127,0.6518199865653554,157.0,154.0,1.0,-0.4109964921349622,1.0,-0.9911149223607196,-0.6021116084116265,0.505,0.825,0.855,0.95,0.885,0,29.512497,-5.2922025
0.1303780964797914,0.14042550683626928,169.0,1.2518518518518518,135.0,0.7105263157894737,190.0,1.2025316455696202,0.13402061855670103,1.0253164556962024,158.0,1.0326797385620916,153.0,1.006578947368421,152.0,1.0935251798561152,228.0,-0.324036400761991,0.10401179438504697,115.0,113.0,0.26596260743672456,-0.521237236679028,0.3770652319690336,-0.4379457978987327,-0.2694704111009884,0.325,0.48,0.505,0.525,0.82,0,-32.67355,-4.96871
0.05215123859191656,0.14279653983068039,107.0,0.9727272727272728,110.0,0.990990990990991,111.0,0.9910714285714286,0.07216494845360824,1.027027027027027,111.0,1.018348623853211,109.0,1.028301886792453,106.0,1.0,155.0,-0.2027358592156394,0.38962615935566647,76.0,79.0,0.2897307392731695,-0.5168646789505866,0.6967703847900926,-0.9704003865697586,0.3138488275629066,0.305,0.45,0.49,0.535,0.815,0,19.524061,19.516575
0.20730117340286833,0.14458539954521377,224.0,1.018181818181818,220.0,0.9777777777777776,225.0,1.0135135135135136,0.06958762886597938,0.9572649572649573,117.0,1.054054054054054,111.0,1.009090909090909,110.0,1.0,157.0,-0.4924092009808515,0.44178439534051006,79.0,78.0,0.14781294766510739,-0.8727252956046271,0.6361397489150484,-1.2431151821957258,0.1686429775645377,0.285,0.46,0.505,0.55,0.835,0,15.715832,16.640509
0.121251629726206,0.1367252583752943,165.0,1.0,165.0,1.0,165.0,1.0377358490566038,0.14175257731958762,1.030674846625767,163.0,1.01875,160.0,0.9195402298850576,174.0,0.9666666666666668,237.0,-0.1615931730679047,0.18052105325905024,120.0,117.0,0.28719632588652166,-0.4214953967647952,0.5625024872749105,-0.4330287522500071,-0.0672378649870071,0.345,0.48,0.51,0.53,0.7,0,-8.590568,34.86233
0.11603650586701435,0.14806896846298936,152.0,1.0066225165562914,151.0,0.9805194805194806,154.0,0.9625,0.11597938144329897,1.0206896551724138,145.0,0.9602649006622516,151.0,0.9869281045751634,153.0,1.006578947368421,207.0,-0.3309908426484934,0.09059946809487,104.0,103.0,0.26589640157228756,-0.5555756083780448,0.3533167322593191,-0.4461916784328925,-0.2821865072904936,0.375,0.48,0.505,0.525,0.845,0,-31.291883,-8.975534
0.19556714471968709,0.14187749263789257,218.0,1.0,218.0,0.981981981981982,222.0,1.0277777777777777,0.20747422680412372,1.0528846153846154,208.0,0.8851063829787233,235.0,2.0982142857142856,112.0,1.0666666666666669,303.0,-0.2539283183268246,0.6499717406660691,150.0,153.0,0.9883160467033363,-0.491136022652914,0.9489143589594075,-0.7577329399360622,-0.5232205984232493,0.495,0.82,0.855,0.88,0.99,0,29.388973,-5.268692
0.09778357235984354,0.14421747804364304,141.0,1.0444444444444445,135.0,1.0150375939849623,133.0,1.0390625,0.1056701030927835,1.0144927536231885,138.0,0.971830985915493,142.0,1.0289855072463767,138.0,1.0072992700729928,191.0,0.0602482105236357,0.210660266385293,93.0,98.0,0.39663649934418593,-0.1421978553650585,0.4727820581280272,-0.3781574044870703,0.3812270774247606,0.33,0.445,0.495,0.52,0.725,0,-17.107704,16.559427
0.13820078226857888,0.1393814440120257,176.0,0.9513513513513514,185.0,1.0054347826086956,184.0,1.0337078651685394,0.15463917525773196,1.0113636363636365,176.0,0.9832402234636872,179.0,1.0346820809248556,173.0,0.9885714285714284,248.0,-0.3052848053774884,0.16392034260591315,124.0,124.0,0.25358060641729957,-0.5560524979649847,0.48229678883977,-0.6359768892455473,-0.197082664792144,0.355,0.475,0.5,0.525,0.7,0,-17.209358,33.55356
0.12777053455019557,0.16431087948466588,149.0,0.9612903225806452,155.0,0.981012658227848,158.0,0.9875,0.12371134020618557,0.9625,160.0,0.9411764705882352,170.0,1.0828025477707006,157.0,0.98125,207.0,-0.221767204162011,0.09839407326368937,100.0,107.0,0.3118295155545139,-0.4378323159000067,0.41476474457632917,-0.3185349325128626,-0.1607622080427869,0.355,0.46,0.485,0.505,0.84,0,-34.64988,-1.2216538
0.048239895697522815,0.11608290142698167,120.0,1.0714285714285714,112.0,1.4177215189873418,79.0,0.5851851851851851,0.061855670103092786,0.9724770642201835,109.0,0.9478260869565216,115.0,1.0176991150442478,113.0,1.018018018018018,154.0,0.0709280503042893,0.4185378316862818,80.0,74.0,0.34948573758752316,-0.2835797607380396,0.7927120997396648,-0.9332351700817006,0.5836734197696293,0.315,0.475,0.52,0.565,0.855,0,22.769733,22.013323
0.13559322033898305,0.13821705896147493,175.0,0.9943181818181818,176.0,0.946236559139785,186.0,1.021978021978022,0.16237113402061856,1.0,184.0,1.0514285714285714,175.0,1.0174418604651163,172.0,0.9662921348314608,254.0,-0.218916907277594,0.1873266635186546,126.0,128.0,0.264823973853741,-0.4731385350976873,0.6300932685931327,-0.4748398888008447,-0.175928213249971,0.39,0.48,0.5,0.52,0.67,0,1.8157339,36.586823
0.121251629726206,0.1492595168638333,155.0,0.9748427672955976,159.0,0.9464285714285714,168.0,0.9882352941176472,0.13788659793814434,0.9880239520958084,167.0,0.9940476190476192,168.0,1.05,160.0,1.032258064516129,226.0,-0.1204882872370569,0.18104562559022833,111.0,115.0,0.30438094117048814,-0.4528173690768555,0.6114986712166763,-0.3356947911685476,-0.0358995004930829,0.345,0.47,0.495,0.515,0.68,0,-1.8577818,33.179817
0.0560625814863103,0.14650676738674967,108.0,0.9908256880733946,109.0,0.9478260869565216,115.0,1.0087719298245614,0.06958762886597938,1.037037037037037,108.0,0.972972972972973,111.0,0.9652173913043478,115.0,1.074766355140187,153.0,-0.2245960001848759,0.4143554924414784,75.0,78.0,0.2629789890136298,-0.4942746030471202,0.7486880764895375,-1.054063585439522,0.056817847695034,0.3,0.455,0.495,0.54,0.8,0,21.057596,19.160908
0.12516297262059975,0.14036802724852598,165.0,1.0509554140127388,157.0,0.9691358024691358,162.0,1.018867924528302,0.09664948453608248,0.9851851851851852,135.0,0.944055944055944,143.0,1.0141843971631206,141.0,1.0291970802919708,188.0,-0.4590477596342369,0.04460896296841174,95.0,93.0,0.1987499832364674,-0.4761505619542805,0.13386206653534813,-0.4392448644913422,-0.3722981177614864,0.44,0.47,0.505,0.54,0.79,0,-27.261345,-16.515318
0.09908735332464146,0.15310878994975527,136.0,0.9379310344827586,145.0,1.0,145.0,1.0431654676258992,0.11469072164948453,0.9932432432432432,148.0,1.0,148.0,1.0571428571428572,140.0,1.0144927536231885,196.0,-0.2629917958950046,0.22258730008881483,94.0,102.0,0.26992744672533814,-0.5509614287923547,0.37706597895730437,-0.7452640624455347,0.253263698592292,0.335,0.415,0.485,0.51,0.74,0,-20.918257,2.9519308
0.13428943937418514,0.13487300301602398,177.0,0.9267015706806284,191.0,1.0552486187845305,181.0,1.0342857142857145,0.15850515463917525,1.0903614457831325,166.0,0.9822485207100592,169.0,0.9941176470588236,170.0,0.9883720930232558,258.0,-0.3437467453025794,0.1891657733369298,132.0,126.0,0.2314239561554854,-0.6188483743960447,0.5586141811958834,-0.6043744555555643,-0.2962940169192067,0.35,0.49,0.515,0.535,0.68,0,-9.801545,39.895424
0.054758800521512385,0.14654144241063813,107.0,0.9553571428571428,112.0,0.991150442477876,113.0,1.0272727272727271,0.06572164948453608,0.9732142857142857,112.0,0.9824561403508772,114.0,1.0363636363636364,110.0,0.990990990990991,153.0,0.3964876252341171,0.38465969591929866,77.0,76.0,0.47584631882241235,0.0830525860109052,0.8128185036390494,-0.3246507191104503,0.760692706173864,0.315,0.47,0.51,0.555,0.835,0,23.514606,24.82304
0.13820078226857888,0.14513984144503994,171.0,1.0118343195266273,169.0,0.9602272727272728,176.0,0.967032967032967,0.15335051546391754,0.9267015706806283,191.0,1.0552486187845305,181.0,1.0342857142857145,175.0,1.0294117647058822,241.0,-0.2207488564423181,0.18458835223389417,118.0,123.0,0.2678721482123887,-0.482041648088525,0.5945582777421258,-0.4611035935593266,0.001893792968026,0.385,0.47,0.49,0.51,0.675,0,-3.984224,36.926537
0.06779661016949153,0.16320279138906138,108.0,0.9642857142857144,112.0,1.037037037037037,108.0,0.9473684210526316,0.06829896907216494,0.9823008849557522,113.0,1.076190476190476,105.0,0.9210526315789472,114.0,0.991304347826087,154.0,-0.2971810595711073,0.3843071607264667,77.0,77.0,0.22998079612228664,-0.5533463847869227,0.6647000000632834,-1.1243859519003618,0.2230462002179886,0.3,0.455,0.5,0.545,0.81,0,18.559315,17.19768
0.12646675358539766,0.1415822835396032,165.0,0.9821428571428572,168.0,1.030674846625767,163.0,1.038216560509554,0.1327319587628866,1.0,161.0,1.018987341772152,158.0,1.0533333333333332,150.0,0.9316770186335404,226.0,-0.3846569945015828,0.07964640853032164,114.0,112.0,0.25712241292802845,-0.6439755170556977,0.2701502825010559,-0.5002425613827921,-0.3553862485299693,0.34,0.48,0.505,0.53,0.84,0,-29.4702,-15.730637
0.1290743155149935,0.13693828579478154,171.0,1.0239520958083832,167.0,1.0121212121212122,165.0,1.064516129032258,0.14432989690721648,1.069182389937107,159.0,1.0,159.0,1.0063291139240509,158.0,0.9575757575757576,236.0,-0.2717846797653211,0.13194254557375165,118.0,118.0,0.27608061680921464,-0.511993960596802,0.4302087578449482,-0.4258935332170659,-0.2306400644025451,0.385,0.475,0.505,0.525,0.845,0,-32.35731,0.68060464
0.11994784876140809,0.1355110020842171,165.0,0.9821428571428572,168.0,0.9940828402366864,169.0,1.0242424242424242,0.13788659793814434,0.9880239520958084,167.0,1.0569620253164558,158.0,0.9875,160.0,1.032258064516129,231.0,-0.2721518364302638,0.08048041768608653,116.0,115.0,0.3048014335257446,-0.4830192690930729,0.3567209640420934,-0.4157469454002128,-0.276364662034989,0.355,0.485,0.505,0.525,0.84,0,-35.765812,-8.809958
0.12516297262059975,0.14036802724852598,165.0,1.0377358490566038,159.0,0.9875776397515528,161.0,1.0254777070063694,0.1327319587628866,1.0320512820512822,156.0,1.0,156.0,0.9936305732484076,157.0,0.98125,228.0,-0.3143974169947244,0.08575566331516073,116.0,112.0,0.2810053542060622,-0.5512754434462112,0.3656123071341965,-0.3839885301481057,-0.2840954773869348,0.385,0.485,0.51,0.53,0.855,0,-34.077892,-7.4547796
0.11473272490221642,0.14279653983068039,155.0,0.9872611464968152,157.0,0.98125,160.0,0.98159509202454,0.1211340206185567,0.926829268292683,164.0,0.95906432748538,171.0,1.0178571428571428,168.0,1.0909090909090908,213.0,-0.3141334646956607,0.1046219711599801,107.0,106.0,0.2782331560410787,-0.5094705172775945,0.3866614831643119,-0.4163641840991149,-0.2669633582227698,0.385,,0.505,0.53,0.87,0,-33.111088,-4.2432323
0.14602346805736635,0.14621163564933506,176.0,1.0,176.0,1.035294117647059,170.0,1.0179640718562877,0.1481958762886598,1.0484848484848486,165.0,1.0,165.0,0.9763313609467456,169.0,0.9548022598870056,243.0,-0.1555127375995523,0.18079085131173483,122.0,121.0,0.2828934143612547,-0.4383170307227821,0.6168025681386697,-0.3858448158229088,0.0286018617113496,0.335,0.48,0.505,0.525,0.7,0,-0.44443908,34.673252
0.13428943937418514,0.15012650158779284,164.0,0.9820359281437124,167.0,0.9823529411764704,170.0,0.934065934065934,0.14175257731958762,0.9655172413793104,174.0,1.0057803468208093,173.0,1.0484848484848486,165.0,1.012269938650307,230.0,-0.190890808134058,0.20054662069893675,113.0,117.0,0.275937294891655,-0.4979255238521722,0.6356733689396041,-0.4049511872122918,-0.0898284832557894,0.375,0.47,0.495,0.515,0.675,0,2.8975208,35.223644
0.018252933507170794,0.014893070241542565,224.0,1.4933333333333334,150.0,0.974025974025974,154.0,0.9808917197452228,0.1134020618556701,0.9668874172185431,151.0,0.9263803680981596,163.0,0.9760479041916168,167.0,1.0182926829268293,197.0,-0.2541589293442223,0.27345356818369915,95.0,102.0,0.39479635052159473,-0.2483668341708543,0.6038946221994911,-0.4225635356012839,0.2696396684859946,0.455,0.44,0.49,0.585,0.515,0,5.1230965,19.375637
0.2046936114732725,0.1714182952632147,196.0,1.0594594594594595,185.0,1.022099447513812,181.0,1.011173184357542,0.1404639175257732,0.9823529411764705,170.0,1.0059171597633136,169.0,0.9441340782122905,179.0,0.9944444444444444,235.0,-0.2502682409250821,0.16453575851636904,119.0,116.0,0.2654179945441615,-0.4861278087513285,0.5104143189858428,-0.5202958774363269,-0.2079531990529313,0.35,0.485,0.51,0.53,0.68,0,-15.581154,36.878952
0.16688396349413298,0.15477412226712137,184.0,1.0635838150289016,173.0,0.9885714285714284,175.0,0.9722222222222222,0.14561855670103094,0.9661016949152542,177.0,0.9725274725274724,182.0,0.978494623655914,186.0,0.9946524064171124,235.0,-0.2206256627417245,0.1564251222593684,116.0,119.0,0.26287793658123193,-0.4238965622946452,0.5264675927227483,-0.6298048196843045,-0.0955734039877509,0.34,0.475,0.495,0.515,0.685,0,-14.6959505,36.01503
0.061277705345501955,0.15198701175855842,109.0,1.0,109.0,0.981981981981982,111.0,1.0,0.03865979381443299,0.6666666666666666,132.0,1.1891891891891893,111.0,1.0,111.0,0.9652173913043478,138.0,-0.1747152705021978,0.43143497300594236,77.0,61.0,0.3134776216924614,-0.5557207629437164,0.6694418439072184,-1.08515514989301,0.4193789432416105,0.37,0.515,0.56,0.61,0.905,0,18.911009,19.39691
0.1421121251629726,0.1416646060000152,177.0,0.9725274725274724,182.0,1.0282485875706215,177.0,1.047337278106509,0.14948453608247422,1.0175438596491229,171.0,1.0363636363636364,165.0,0.9482758620689656,174.0,0.9405405405405406,244.0,-0.1851000827805453,0.199093821307654,123.0,121.0,0.2739124732459235,-0.464145452067875,0.6396303329145262,-0.440000420463973,-0.1301456946331649,0.345,0.485,0.505,0.525,0.67,0,3.0117211,35.3622
0.12385919165580182,0.14917718594621351,157.0,1.0,157.0,0.9751552795031057,161.0,0.9640718562874252,0.13015463917525774,0.9636363636363636,165.0,0.9821428571428572,168.0,0.9940828402366864,169.0,1.0242424242424242,223.0,-0.287437789190772,0.09661097971696604,112.0,111.0,0.287097155074573,-0.5286718322633356,0.4048709015248177,-0.3420100727229249,-0.270554863007884,0.35,0.48,0.505,0.525,0.855,0,-34.212605,-2.619542
0.14732724902216426,0.14059486633587004,182.0,0.9891304347826086,184.0,1.010989010989011,182.0,1.0167597765363128,0.15463917525773196,0.9888888888888889,180.0,1.0344827586206895,174.0,1.0419161676646709,167.0,0.9597701149425288,249.0,-0.2309097992784941,0.1524740202892275,125.0,124.0,0.26296787210232236,-0.453334663074685,0.5155020016593609,-0.6385562828011364,-0.0999788391717691,0.395,0.48,0.505,0.525,0.685,0,-15.153485,34.274242
0.10691003911342895,0.14691336766686683,146.0,1.020979020979021,143.0,1.0592592592592591,135.0,0.9574468085106383,0.11082474226804123,1.0,144.0,1.0588235294117647,136.0,0.9927007299270072,137.0,0.958041958041958,201.0,-0.2462282674052972,0.20194922063348128,101.0,100.0,0.3186245134452598,-0.3076183804428434,0.44020473256021553,-0.5265746203066716,-0.2293630685861211,0.35,0.47,0.505,0.575,0.825,0,-20.988832,11.042071
0.121251629726206,0.1492595168638333,155.0,0.9935897435897436,156.0,0.951219512195122,164.0,0.970414201183432,0.13015463917525774,0.9464285714285714,168.0,0.9882352941176472,170.0,1.0179640718562877,167.0,1.050314465408805,219.0,-0.2373065733525823,0.19866318169825906,108.0,111.0,0.26241229382689696,-0.5178191199556353,0.6078865642934198,-0.4307189875741399,-0.186737517155978,0.33,0.475,0.495,0.52,0.675,0,1.1257287,39.2976
0.0938722294654498,0.14424836800479446,138.0,1.0615384615384615,130.0,0.9848484848484848,132.0,1.0232558139534884,0.09149484536082474,1.015748031496063,127.0,1.032520325203252,123.0,0.984,125.0,0.992063492063492,182.0,0.0552240628967814,0.2322440258888556,92.0,90.0,0.38495487274298956,-0.1882747143579566,0.47607514199992745,-0.3898208382988207,0.3833915257675996,0.34,0.45,0.51,0.54,0.765,0,-16.901325,16.398775
0.15254237288135594,0.14724881289796343,180.0,1.0588235294117647,170.0,1.0,170.0,0.96045197740113,0.12628865979381443,0.9512195121951219,164.0,1.025,160.0,0.975609756097561,164.0,0.942528735632184,224.0,-0.1985792401163304,0.16374413294439125,115.0,109.0,0.27704707194322037,-0.4426955265037128,0.5316766042226126,-0.4986095283731385,-0.1281913567290679,0.405,0.49,0.515,0.54,0.7,0,-12.445869,33.94179
0.12255541069100391,0.14531669439706704,159.0,1.0063291139240509,158.0,0.9634146341463414,164.0,0.9879518072289156,0.13917525773195877,0.9485714285714286,175.0,0.9776536312849162,179.0,0.9835164835164836,182.0,1.0167597765363128,229.0,-0.3220971791507228,0.18828595743606363,113.0,116.0,0.23065462365657044,-0.6651067336313093,0.5383870138048288,-0.5269340493848605,-0.2771721218280317,0.33,0.47,0.495,0.52,0.675,0,-10.972973,39.344143
0.10821382007822686,0.1468853620353281,147.0,1.0068493150684932,146.0,1.0354609929078014,141.0,1.0,0.10824742268041238,1.0070921985815602,141.0,0.9724137931034482,145.0,0.9931506849315068,146.0,1.6222222222222222,201.0,-0.2023179883869392,0.20085613575155162,102.0,99.0,0.3208571454289306,-0.2749305241535376,0.4681994464399523,-0.4655628472314346,-0.2169275957530953,0.35,0.47,0.505,0.59,0.745,0,-20.306288,13.951044
0.10039113428943937,0.14852089091718723,140.0,0.9395973154362416,149.0,0.9738562091503268,153.0,1.0,0.1134020618556701,0.9798657718120806,149.0,0.9802631578947368,152.0,1.0133333333333334,150.0,1.020408163265306,206.0,-0.3075129908704661,0.19378800059071824,104.0,102.0,0.29150359356902134,-0.3990203977427859,0.4324394870577142,-0.5950354216729461,-0.334233880939301,0.345,0.47,0.505,0.58,0.84,0,-22.9832,6.887786
0.061277705345501955,0.14105434602174352,115.0,1.0267857142857142,112.0,1.0275229357798166,109.0,0.981981981981982,0.06958762886597938,1.018181818181818,110.0,1.0091743119266054,109.0,1.058252427184466,103.0,0.8046875,156.0,-0.3303666645226037,0.4091583556318941,78.0,78.0,0.20864999481613558,-0.6212476669397073,0.6889583212685023,-1.1399844703161892,0.2332548954274435,0.305,0.46,0.5,0.54,0.8,0,19.24544,16.804213
0.12255541069100391,0.14404874163085377,160.0,1.032258064516129,155.0,0.9935897435897436,156.0,0.951219512195122,0.125,0.9748427672955975,159.0,0.9464285714285714,168.0,0.9882352941176472,170.0,1.0179640718562877,220.0,-0.2335576150102037,0.18064621278909854,112.0,108.0,0.25773145069617576,-0.4802975872663859,0.5465959489251901,-0.4808787486503905,-0.1690671649155654,0.4,0.49,0.515,0.535,0.695,0,-10.54352,38.027336
0.13428943937418514,0.14046686206291595,172.0,0.9717514124293786,177.0,1.0,177.0,0.9833333333333332,0.15850515463917525,0.9890710382513661,183.0,0.973404255319149,188.0,1.0621468926553672,177.0,1.059880239520958,249.0,-0.162870732749126,0.19435749311420664,123.0,126.0,0.2841503867555372,-0.4646070191755828,0.6198231016055057,-0.3802905857707154,0.072400030147234,0.38,0.475,0.5,0.52,0.695,0,1.0246744,35.62437
0.1760104302477184,0.19859084788903844,158.0,1.082191780821918,146.0,0.9668874172185432,151.0,1.0134228187919463,0.1095360824742268,1.6627906976744187,86.0,0.4056603773584906,212.0,1.3333333333333333,159.0,1.2926829268292683,209.0,-0.3472842397343852,0.2574552552300668,109.0,100.0,0.3950334270877933,-0.3019059783521758,0.4633959524387335,-0.6025113662694226,0.093874302058001,0.495,0.48,0.525,0.64,0.565,0,-14.962529,15.98959
0.1408083441981747,0.15114455183183623,168.0,1.024390243902439,164.0,1.0123456790123455,162.0,1.0318471337579618,0.1327319587628866,1.00625,160.0,1.032258064516129,155.0,0.9935897435897436,156.0,0.951219512195122,226.0,-0.3050711168762486,0.1964964034504851,114.0,112.0,0.2437248956389458,-0.5975566102259983,0.5737325417352876,-0.5445685537830899,-0.2763624409448424,0.36,0.485,0.51,0.53,0.68,0,-6.5603848,40.31606
0.1408083441981747,0.14394798976187428,174.0,0.935483870967742,186.0,1.0,186.0,1.056818181818182,0.15850515463917525,1.052325581395349,172.0,1.0238095238095235,168.0,1.0059880239520955,167.0,0.9823529411764704,252.0,-0.1229527850823248,0.18548700725362668,126.0,126.0,0.3001502274606939,-0.4099199936980158,0.5937958149931719,-0.3603293887600606,-0.0175996467294979,0.335,0.48,0.505,0.525,0.695,0,-3.859588,33.90047
0.08865710560625815,0.15375330558219744,128.0,1.024,125.0,0.9398496240601504,133.0,0.9432624113475178,0.09278350515463918,0.9774436090225563,133.0,0.9851851851851852,135.0,0.9642857142857144,140.0,0.9859154929577464,179.0,-0.2209817980215211,0.22035843173133707,88.0,91.0,0.2742638958090131,-0.4636524370652959,0.3941556988844482,-0.6273716715450584,0.2113782339845257,0.33,0.435,0.5,0.525,0.73,0,-21.182331,3.5308323
0.09778357235984354,0.1346741497755017,148.0,1.0068027210884354,147.0,1.013793103448276,145.0,0.9666666666666668,0.11469072164948453,0.9671052631578947,152.0,1.0410958904109588,146.0,0.9931972789115646,147.0,1.0352112676056338,200.0,-0.2690190918443284,0.15763213155560205,98.0,,0.3012591839979609,-0.3834340825951254,0.4166704994417647,-0.5359610341408629,-0.220565726327937,0.345,0.46,0.49,0.56,0.805,0,-27.345093,4.9722123
0.10821382007822686,0.12569329573075136,164.0,0.9479768786127168,173.0,1.005813953488372,172.0,2.0,0.15721649484536082,1.0344827586206897,174.0,1.0807453416149069,161.0,2.037974683544304,79.0,0.3291666666666666,302.0,-0.0884906359786119,0.20896318649598647,177.0,125.0,0.32302063649965584,-0.0520926792523342,0.595364984822575,-0.2791299645486218,0.3897135137348285,0.45,0.555,0.59,0.675,0.61,0,0.42582452,29.148457
0.05736636245110821,0.13582776459493287,115.0,1.074766355140187,107.0,0.981651376146789,109.0,0.990909090909091,0.06829896907216494,0.9823008849557522,113.0,1.13,100.0,0.8064516129032258,124.0,0.5740740740740741,228.0,-0.4262537669948393,0.6322172646565718,151.0,77.0,0.96063725047388,-0.731674473997897,0.8676757452160543,-1.0855347601954763,-0.9891079385815646,0.185,0.145,0.195,0.225,0.23,0,28.596735,-4.7659245
0.10560625814863103,0.14836188116478424,144.0,1.7349397590361446,83.0,0.4345549738219895,191.0,1.3356643356643356,0.1095360824742268,1.0214285714285714,140.0,1.0218978102189782,137.0,0.9927536231884058,138.0,0.9583333333333334,200.0,-0.3344584620103352,0.141676402194983,100.0,100.0,0.276203422613702,-0.4006226340376139,0.37742600493700473,-0.56,-0.2142141059124888,0.345,0.47,0.505,0.565,0.535,0,-27.74875,1.930677
0.0560625814863103,0.03910544339527091,228.0,1.0410958904109588,219.0,2.046728971962617,107.0,0.9304347826086956,0.06314432989690721,0.4841628959276018,221.0,1.9217391304347824,115.0,1.0267857142857142,112.0,0.509090909090909,152.0,-0.3617652229261657,0.4304624126688404,78.0,74.0,0.25697643643188667,-0.6254413830965824,0.792898636204772,-1.1786659348429962,0.0278448148069942,0.33,0.475,0.515,0.56,0.85,0,22.405428,18.890577
0.12646675358539766,0.3747833996522745,76.0,0.3193277310924369,238.0,1.515923566878981,157.0,0.8971428571428571,0.12757731958762886,0.9345238095238095,168.0,0.96,175.0,0.9776536312849162,179.0,1.0529411764705885,218.0,-0.2482138621361843,0.3060216447592821,109.0,109.0,0.28895456681374715,-0.2629249897671245,0.6968569137702416,-0.4627533946082957,0.3562939609086714,0.33,0.46,0.505,0.585,0.525,0,15.139116,29.001131
0.14602346805736635,0.1473760206998859,175.0,1.0,175.0,1.0542168674698795,166.0,1.0,0.1404639175257732,1.04375,160.0,0.9411764705882352,170.0,0.9550561797752808,178.0,1.0289017341040465,237.0,-0.2473574682126985,0.19574633937026953,121.0,116.0,0.25892176577735854,-0.4955199973374722,0.5979301005785829,-0.4549417188060727,-0.2237494955718162,0.385,0.49,0.51,0.535,0.69,0,-3.0557988,38.705677
0.10951760104302477,0.13889357318078935,154.0,1.0335570469798658,149.0,1.0492957746478873,142.0,1.0142857142857142,0.11597938144329897,1.0277777777777777,144.0,1.0285714285714285,140.0,0.9929078014184396,141.0,0.9929577464788732,207.0,-0.1650098778982406,0.23540165258014445,104.0,103.0,0.3761222207247439,-0.0905079920929008,0.4861614471892901,-0.5025902564594623,-0.2324482109506962,0.345,0.45,0.5,0.565,0.855,0,-17.5383,16.887579
0.11864406779661017,0.14153646254748703,159.0,0.9464285714285714,168.0,0.9940828402366864,169.0,0.9883040935672516,0.14561855670103094,1.0118343195266273,169.0,1.0242424242424242,165.0,1.03125,160.0,1.0,234.0,-0.2744110141140304,0.08601049012700414,115.0,119.0,0.2957519860837805,-0.4864909138095431,0.3702351787873463,-0.3738065317938087,-0.2357569078860065,0.335,0.47,0.495,0.515,0.815,0,-35.40444,-6.1516438
0.11864406779661017,0.14279653983068039,158.0,0.9518072289156626,166.0,1.0849673202614378,153.0,1.0774647887323945,0.13788659793814434,1.0248447204968945,161.0,1.0254777070063694,157.0,0.9751552795031057,161.0,0.9470588235294116,229.0,-0.1906420357528317,0.31284612674747847,114.0,115.0,0.48092953034869046,-0.2021154771257081,0.6815898348718566,-0.3976092387771827,0.3791281333770827,0.475,0.455,0.505,0.585,0.53,0,10.286289,23.204142
0.14602346805736635,0.14621163564933506,176.0,0.9513513513513514,185.0,0.9343434343434344,198.0,1.0879120879120878,0.16881443298969073,1.0441988950276244,181.0,1.0773809523809523,168.0,1.0769230769230769,156.0,1.033112582781457,260.0,-0.3897123902300787,0.20525599216223042,128.0,132.0,0.21485902106763696,-0.6966160033416192,0.5497388501095574,-0.6141760578502602,-0.0059388320012703,0.36,0.47,0.495,0.515,0.71,0,-10.563143,40.39534
0.13820078226857888,0.1439613787145626,172.0,1.0,172.0,1.011764705882353,170.0,0.9826589595375722,0.13402061855670103,0.9759036144578314,166.0,0.9222222222222224,180.0,1.0404624277456649,173.0,1.0297619047619049,231.0,-0.2816866569107272,0.21930981059428467,118.0,113.0,0.24587720855554232,-0.552702078728922,0.6213791503056909,-0.5368242187368917,-0.2573067233223046,0.385,0.49,0.51,0.535,0.68,0,2.1468294,39.96511
0.11342894393741851,0.13528332902964013,160.0,0.9411764705882352,170.0,1.0828025477707006,157.0,0.98125,0.14175257731958762,1.070063694267516,157.0,0.9751552795031057,161.0,1.00625,160.0,1.0062893081761006,229.0,-0.2903275172197077,0.079323798577865,112.0,117.0,0.2913954162455146,-0.4832581981899655,0.343159167823501,-0.4232059532930773,-0.2481536319324649,0.37,0.47,0.49,0.51,0.86,0,-33.259792,-10.428502
0.09647979139504563,0.14567930656489245,139.0,0.9586206896551724,145.0,0.9797297297297296,148.0,0.9736842105263158,0.1134020618556701,0.9798657718120806,149.0,1.0347222222222223,144.0,0.9664429530201344,149.0,1.0642857142857145,202.0,-0.1922816499872492,0.18917041524035982,100.0,102.0,0.32334481060619374,-0.2742605650604614,0.45634419175289287,-0.4828442971411183,-0.2153960177947788,0.33,0.46,0.5,0.575,0.74,0,-21.58939,13.919446
0.08213820078226858,0.13395746830004476,136.0,0.951048951048951,143.0,1.0141843971631206,141.0,1.068181818181818,0.08505154639175258,0.9612403100775194,129.0,0.9772727272727272,132.0,0.9496402877697842,139.0,1.0072463768115942,172.0,-0.1924178173043231,0.22347803034492245,86.0,86.0,0.3234480921153307,-0.3814864899971267,0.41406495578339203,-0.6582153277671021,0.0854809790733968,0.335,0.465,0.505,0.53,0.795,0,-18.31276,8.43067
0.13298565840938723,0.13160367457773398,179.0,0.9944444444444444,180.0,0.972972972972973,185.0,1.0451977401129944,0.15979381443298968,1.0520231213872833,173.0,1.0116959064327486,171.0,0.9827586206896552,174.0,1.0175438596491229,258.0,-0.2155474251016333,0.1549572125316061,131.0,127.0,0.28321487621078784,-0.392263110081558,0.4529893130521928,-0.5453001760770808,-0.0159169629338698,0.365,0.485,0.51,0.53,0.705,0,-18.525423,32.734615
0.10560625814863103,0.1557689901346348,139.0,1.037313432835821,134.0,1.0229007633587786,131.0,0.9632352941176472,0.10309278350515463,1.0454545454545454,132.0,1.0,132.0,1.0,132.0,0.9777777777777776,190.0,-0.0984808352692859,0.1978626564263878,94.0,96.0,0.3105935197661263,-0.3057330048252807,0.43277573974639433,-0.4734024138569291,0.2516416746763527,0.325,0.44,0.505,0.53,0.725,0,-21.479792,8.8998995
0.054758800521512385,0.17232214017161054,95.0,0.753968253968254,126.0,0.5727272727272728,220.0,0.990990990990991,0.04252577319587629,0.7165354330708661,127.0,1.1545454545454543,110.0,1.02803738317757,107.0,0.9304347826086956,215.0,-0.0498801136593003,0.6352598479897459,152.0,63.0,0.9829844090320325,-0.2910552803480238,0.9538174244916418,-0.6557656260259699,-0.5873601379042074,0.18,0.14,0.195,0.23,0.235,0,29.02643,-4.605025
0.09778357235984354,0.14421747804364304,141.0,1.0,141.0,1.014388489208633,139.0,0.9586206896551724,0.10309278350515463,0.9583333333333334,144.0,0.9863013698630136,146.0,0.9798657718120806,149.0,1.0347222222222223,192.0,-0.2235618375867485,0.1793221506512404,96.0,96.0,0.30914945316883985,-0.3179869909151943,0.44722061702225263,-0.475077880534237,-0.1427043539516339,0.345,0.465,0.5,0.58,0.755,0,-23.332277,11.156511
0.10430247718383312,0.14556001966554577,145.0,0.9602649006622516,151.0,1.0202702702702702,148.0,1.049645390070922,0.11469072164948453,1.027972027972028,143.0,1.0070422535211268,142.0,0.9861111111111112,144.0,1.051094890510949,208.0,-0.2567245319275083,0.15542135792769085,106.0,102.0,0.3077733807365603,-0.3451525912723958,0.4035267228917632,-0.5246556744358157,-0.267368461601778,0.35,0.46,0.51,0.585,0.75,0,-27.392328,4.591854
0.13298565840938723,0.15674511684526987,158.0,0.9575757575757576,165.0,1.0248447204968945,161.0,1.0254777070063694,0.14304123711340205,0.9941176470588236,170.0,0.9826589595375722,173.0,0.9719101123595506,178.0,0.9726775956284152,230.0,-0.3260289632043079,0.19624059956747186,112.0,118.0,0.24739064437626754,-0.6387649622873014,0.5673273694224817,-0.5506495749039975,-0.2203350872541172,0.35,0.47,0.495,0.515,0.68,0,-7.404108,40.13216
0.12385919165580182,0.14530094343102712,160.0,0.98159509202454,163.0,0.9939024390243902,164.0,0.9761904761904762,0.13659793814432988,1.312,125.0,0.625,200.0,1.2269938650306749,163.0,1.0124223602484472,224.0,-0.2647731033981959,0.08490672512789356,110.0,114.0,0.3001923305906707,-0.4648955930102983,0.37549183789610296,-0.3608921629336025,-0.2142265401795889,0.37,0.47,0.495,0.515,0.82,0,-35.801632,-5.7405777
0.09908735332464146,0.14563841625660578,141.0,0.9724137931034482,145.0,0.9863945578231292,147.0,0.9607843137254902,0.11855670103092783,1.0,150.0,1.020408163265306,147.0,1.027972027972028,143.0,0.9794520547945206,240.0,-0.1463246511116029,0.17310015065003098,135.0,105.0,0.3418079729991521,-0.1344834854923797,0.45680112335237544,-0.4143888566035895,-0.0703325354560176,0.425,0.535,0.56,0.62,0.775,0,-22.720697,15.694417
0.11603650586701435,0.1330232574878638,164.0,0.970414201183432,169.0,1.0180722891566265,166.0,1.0440251572327044,0.14432989690721648,1.0179640718562875,167.0,1.050314465408805,159.0,1.0,159.0,0.9814814814814816,235.0,-0.2342901799463616,0.19466824791798426,117.0,118.0,0.2585431328846322,-0.5531255143516529,0.5989861029034272,-0.4344624265992406,-0.0820534447368672,0.385,0.475,0.5,0.525,0.705,0,-0.81288964,40.620148
0.13298565840938723,0.14890484129494075,164.0,1.0123456790123455,162.0,1.0062111801242235,161.0,1.0254777070063694,0.1211340206185567,0.9559748427672956,159.0,1.0192307692307692,156.0,0.9873417721518988,158.0,0.9693251533742332,217.0,-0.266013488231652,0.08687242340762577,111.0,106.0,0.2943410408306699,-0.4895569918222161,0.3910573239764345,-0.3585742540718299,-0.2438967234409244,0.395,0.49,0.515,0.535,0.83,0,-35.315113,-3.5498092
0.12516297262059975,0.1345467397354205,170.0,1.0240963855421688,166.0,1.0121951219512195,164.0,1.0186335403726707,0.13144329896907217,1.0596026490066226,151.0,0.9805194805194806,154.0,1.013157894736842,152.0,0.987012987012987,227.0,-0.3081921828671619,0.0853688675376034,115.0,112.0,0.2774222260569468,-0.5359471149948694,0.364817599249704,-0.404477641926682,-0.2590708088209856,0.345,0.485,0.51,0.53,0.835,0,-33.631207,-7.6354613
0.1395045632333768,0.13190782852482497,184.0,0.9533678756476685,193.0,1.0432432432432432,185.0,1.0393258426966292,0.16623711340206185,1.0625,176.0,0.9723756906077348,181.0,1.0402298850574712,174.0,0.9720670391061452,265.0,-0.1760946493263795,0.17292472703238798,135.0,130.0,0.2837422285902278,-0.4303368172572565,0.5816653444366123,-0.5463007991024146,-0.1265324216000248,0.405,0.49,0.51,0.53,0.665,0,-6.3610034,34.211456
0.15254237288135594,0.1495499877417278,178.0,1.0532544378698223,169.0,0.9657142857142856,175.0,0.9831460674157304,0.14175257731958762,0.96,175.0,1.0,175.0,0.9887005649717514,177.0,0.99438202247191,233.0,-0.1279011154781623,0.18838526456590474,116.0,117.0,0.2854688785291514,-0.4519713456472941,0.6238176155429143,-0.3914318972403274,0.0659231120896081,0.39,0.475,0.5,0.52,0.68,0,0.70203507,34.227745
0.0560625814863103,0.15035700352984038,106.0,0.9724770642201837,109.0,0.9732142857142856,112.0,1.0,0.06314432989690721,0.9224137931034483,116.0,1.0740740740740742,108.0,0.4909090909090909,220.0,2.156862745098039,151.0,-0.2192290672820129,0.4126137355322219,77.0,74.0,0.27339557683717947,-0.5724465952638147,0.6975321858652667,-0.9606544527182362,0.2588760941265867,0.31,0.47,0.515,0.56,0.87,0,19.660181,18.65742
0.14341590612777053,0.1486207342500914,172.0,1.0238095238095235,168.0,0.96,175.0,1.0115606936416186,0.14948453608247422,1.0235294117647058,170.0,0.9714285714285714,175.0,0.9114583333333334,192.0,1.0726256983240223,238.0,-0.235872535501179,0.17362929206735295,117.0,121.0,0.2624295149304633,-0.4344848700398785,0.5479283200152778,-0.55118436278995,-0.130646049282729,0.34,0.475,0.495,0.52,0.685,0,-11.664334,35.93433
0.1303780964797914,0.14042550683626928,169.0,1.005952380952381,168.0,1.0120481927710845,166.0,1.0246913580246917,0.13659793814432988,1.025,160.0,1.019108280254777,157.0,0.9691358024691358,162.0,1.0,233.0,-0.2956814188489943,0.08499965740180014,119.0,114.0,0.28882107410069985,-0.5266875282110305,0.35870063131179325,-0.3850334383320726,-0.2944430545714221,0.39,0.49,0.515,0.535,0.83,0,-34.591244,-8.142314
0.1303780964797914,0.14160396668765815,168.0,1.0059880239520955,167.0,0.9542857142857144,175.0,0.9887005649717514,0.13917525773195877,0.9880952380952381,168.0,1.0,168.0,1.0120481927710845,166.0,1.0,230.0,-0.1890658930829791,0.1889518657798162,114.0,116.0,0.27268179384387337,-0.4648735223731005,0.5944206633394935,-0.4055661341286231,-0.1165328181987211,0.38,0.475,0.5,0.52,0.675,0,-4.1460695,37.14029
0.121251629726206,0.12990838095170293,171.0,1.0058823529411764,170.0,1.0303030303030305,165.0,0.9880239520958084,0.14561855670103094,1.0301204819277108,166.0,0.988095238095238,168.0,1.024390243902439,164.0,1.0123456790123455,244.0,-0.2636609542888456,0.20426237453038062,125.0,119.0,0.24733303090679237,-0.5779349393105937,0.6133955412845647,-0.506483826942412,-0.1703964968439532,0.4,0.49,0.515,0.535,0.685,0,0.42070287,40.122105
0.1303780964797914,0.14160396668765815,168.0,0.9655172413793104,174.0,0.9666666666666668,180.0,1.0227272727272727,0.15335051546391754,1.0,177.0,1.0535714285714286,168.0,1.0059880239520955,167.0,1.030864197530864,241.0,-0.1549125960525011,0.17600851209849525,118.0,123.0,0.2846305463809627,-0.4601817249805153,0.5868997946301582,-0.3593576241930877,0.0747573153254171,0.38,0.465,0.49,0.515,0.71,0,-5.7693033,34.80649
0.13820078226857888,0.13288900910403387,182.0,1.04,175.0,1.0057471264367817,174.0,-1.0,0.14175257731958762,1.024390243902439,164.0,1.0186335403726707,161.0,0.9817073170731708,164.0,1.0061349693251531,238.0,-0.1932120182297891,0.21173174236553582,121.0,117.0,0.2840056486986917,-0.5334143552992092,0.6483574876865509,-0.4015509538139205,-0.1760054949902188,0.35,0.485,0.51,0.535,0.68,0,4.144112,34.676804
0.12255541069100391,0.12998331210797606,172.0,0.9828571428571428,175.0,1.0355029585798816,169.0,0.949438202247191,0.14561855670103094,1.0426829268292683,164.0,1.0718954248366013,153.0,1.047945205479452,146.0,1.0354609929078014,233.0,-0.2151823974919143,0.21943811568575816,114.0,119.0,0.4159487302650725,-0.2853028082416511,0.5515075734416751,0.0994467909470167,0.0994467909470167,0.47,0.445,0.495,0.52,0.52,0,-15.46245,18.717106
0.12516297262059975,0.1545054397803535,154.0,1.013157894736842,152.0,0.95,160.0,0.963855421686747,0.12886597938144329,0.9575757575757575,165.0,0.9649122807017544,171.0,1.0058823529411764,170.0,1.0303030303030305,222.0,-0.309971124172983,0.07427974958798017,112.0,110.0,0.2858383609381859,-0.5219140480887096,0.3186231446428362,-0.4221180181389439,-0.3118168749154333,0.385,0.485,0.505,0.525,0.815,0,-32.882153,-13.604836
0.14341590612777053,0.13729235609365453,182.0,0.9837837837837838,185.0,0.9788359788359788,189.0,1.0106951871657754,0.16237113402061856,1.0222222222222221,180.0,1.0344827586206895,174.0,1.0235294117647058,170.0,0.9714285714285714,254.0,-0.2012178156972183,0.16027509078121158,126.0,128.0,0.2740032194643885,-0.4051555128812306,0.522861276888267,-0.5131846519178486,0.0281689754946229,0.385,0.475,0.5,0.52,0.695,0,-14.146472,34.044846
0.09517601043024772,0.14137560161771764,141.0,0.9591836734693876,147.0,0.9671052631578948,152.0,1.0133333333333334,0.11469072164948453,0.9932432432432432,148.0,0.9866666666666668,150.0,1.020408163265306,147.0,1.013793103448276,201.0,-0.2130520826719604,0.18623959555845296,99.0,102.0,0.31472645607329774,-0.2887437521994587,0.43256073954796265,-0.4844780636430242,-0.2152106144675989,0.335,0.46,0.495,0.58,0.845,0,-24.224615,9.657693
0.14732724902216426,0.14619234132267597,177.0,1.0,177.0,1.0662650602409638,166.0,1.01840490797546,0.14175257731958762,1.018181818181818,165.0,0.9649122807017544,171.0,0.9661016949152542,177.0,0.9725274725274724,240.0,-0.2379701570491555,0.21474661605755788,123.0,117.0,0.25840056559469743,-0.573380757282598,0.6513759752688265,-0.5449037693401032,0.0621034924062225,0.395,0.49,0.515,0.535,0.725,0,5.1504455,35.99118
0.1290743155149935,0.14041139354463586,168.0,1.024390243902439,164.0,1.0123456790123455,162.0,0.9585798816568049,0.12886597938144329,0.9634146341463414,164.0,0.9879518072289156,166.0,0.994011976047904,167.0,1.0569620253164558,221.0,-0.209711484770286,0.19575827398816303,111.0,110.0,0.2643393538547403,-0.5816080404792052,0.6206327630793017,-0.5555744052246606,-0.1142797688467202,0.34,0.48,0.505,0.525,0.7,0,1.546834,38.774384
0.12777053455019557,0.1415895983365374,166.0,0.994011976047904,167.0,0.9542857142857144,175.0,1.0606060606060606,0.14175257731958762,1.0120481927710843,166.0,1.01840490797546,163.0,1.038216560509554,157.0,1.0064102564102564,234.0,-0.3581795894138228,0.08937678661159545,117.0,117.0,0.2699900789222387,-0.5878954040762367,0.31960960661149457,-0.4476466751719236,-0.3532244475869778,0.385,0.48,0.505,0.525,0.82,0,-31.060476,-13.125226
0.05867014341590613,0.15615335903252978,105.0,0.4772727272727273,220.0,1.0,220.0,1.0232558139534884,0.21005154639175258,0.9866071428571429,224.0,2.093457943925233,107.0,1.019047619047619,105.0,0.9545454545454546,308.0,-0.3721310035633444,0.5676851471390931,154.0,154.0,0.2278865649468196,-0.4789338577937252,0.8665674880873715,-0.7055949445045357,-0.7055949445045357,0.1,0.12,0.145,0.17,0.17,0,25.158295,17.389055
0.15123859191655803,0.2640623983737864,114.0,0.4691358024691358,243.0,1.4727272727272729,165.0,1.0248447204968945,0.12757731958762886,2.038961038961039,77.0,0.2972972972972973,259.0,1.488505747126437,174.0,0.9886363636363636,233.0,-0.1408165849073151,0.33542622364017005,124.0,109.0,0.31427414503003714,-0.1542742456213442,0.7761018173396399,-0.3980396428448168,0.0326661991580972,0.395,0.49,0.535,0.645,0.58,0,13.97805,29.01938
0.11342894393741851,0.1250137923725969,169.0,0.9602272727272728,176.0,1.0414201183431953,169.0,0.9941176470588236,0.16108247422680413,1.0457142857142858,175.0,1.0542168674698795,166.0,1.0573248407643312,157.0,0.9127906976744186,253.0,-0.1192887869149946,0.28616482517120606,125.0,128.0,0.31131553386843314,-0.1375210244163492,0.689059914529149,-0.3349522958105791,0.4047040362831116,0.33,0.455,0.5,0.615,0.525,0,8.582435,29.992847
0.121251629726206,0.14533264474242388,158.0,0.9875,160.0,0.975609756097561,164.0,1.0580645161290323,0.13917525773195877,1.0573248407643312,157.0,1.0,157.0,0.9691358024691358,162.0,1.0125,238.0,-0.2323086088651467,0.08260580582459216,122.0,116.0,0.3061641469148155,-0.4303315023518471,0.3702914965173285,-0.3552564384317538,-0.2159658658942655,0.395,0.49,0.515,0.535,0.835,0,-36.20168,-6.0231605
0.06779661016949153,0.06597752784076957,193.0,1.1696969696969697,165.0,0.9705882352941176,170.0,1.0303030303030305,0.13788659793814434,1.0185185185185186,162.0,0.9700598802395208,167.0,1.0705128205128205,156.0,1.0129870129870129,232.0,-0.2514836946184311,0.12031704291437671,117.0,115.0,0.2956061185902456,-0.4691735045940355,0.3980447338835241,-0.3299976255557256,-0.2455213878682117,0.39,0.48,0.51,0.53,0.845,0,-29.262081,-4.762264
0.15123859191655803,0.1461357446311427,180.0,1.0169491525423728,177.0,1.0,177.0,1.0662650602409638,0.15206185567010308,1.0476190476190477,168.0,1.018181818181818,165.0,0.9649122807017544,171.0,0.9661016949152542,243.0,-0.254158474055747,0.1925684221934893,120.0,123.0,0.25777313227572524,-0.5028094830277319,0.5976935068251436,-0.4437554801044984,-0.0313876353162835,0.335,0.475,0.495,0.52,0.7,0,-2.8894928,38.68831
0.1408083441981747,0.1372311984965765,180.0,1.1042944785276074,163.0,2.08974358974359,78.0,0.8210526315789474,0.125,1.054421768707483,147.0,1.0068493150684932,146.0,0.906832298136646,161.0,1.0,222.0,-0.1707067672638681,0.1962831166195765,114.0,108.0,0.3187407523456735,-0.1903881995859795,0.5220287332075585,-0.2888719887058986,0.1306887259945627,0.355,0.46,0.515,0.605,0.545,0,-11.077588,31.787466
0.12777053455019557,0.16886978279319456,146.0,1.0579710144927537,138.0,0.9517241379310344,145.0,0.9602649006622516,0.02577319587628866,0.319672131147541,244.0,1.4269005847953216,171.0,0.9344262295081968,183.0,1.605263157894737,168.0,-0.2548015034266193,0.32255245546316724,114.0,54.0,0.2828378242035143,-0.280714555411248,0.6330996024417346,0.2422424804189677,0.2422424804189677,0.485,0.63,0.685,0.715,0.715,0,15.7495575,19.629662
0.14863102998696218,0.15451304790247808,171.0,1.0058823529411764,170.0,0.9883720930232558,172.0,1.0238095238095235,0.15335051546391754,1.023121387283237,173.0,1.0116959064327486,171.0,1.0118343195266273,169.0,0.9602272727272728,245.0,-0.1786417049837646,0.19146267861327032,122.0,123.0,0.27545725335255555,-0.4087537747303093,0.6026901661483356,-0.3799136438074446,0.00974847090067,0.395,0.48,0.5,0.525,0.69,0,-2.3929071,36.264156
0.10039113428943937,0.15150750887536474,138.0,0.9324324324324323,148.0,0.9426751592356688,157.0,0.9631901840490796,0.13659793814432988,0.9213483146067416,178.0,1.7623762376237624,101.0,0.407258064516129,248.0,1.4850299401197604,282.0,-0.2535850998253799,0.20510172527068082,168.0,114.0,0.2675537305362828,-0.31116579078004,0.5722560035219909,-0.4077263421376619,0.0908460025563742,0.475,0.55,0.6,0.67,0.62,0,-6.1068788,41.331047
0.09908735332464146,0.14856207329910456,139.0,0.9928571428571428,140.0,0.9523809523809524,147.0,0.9483870967741936,0.1095360824742268,1.0,143.0,0.9662162162162162,148.0,1.0,148.0,0.9736842105263158,198.0,-0.2244792677891377,0.1778206150908303,98.0,100.0,0.30674016024418516,-0.3183628590014357,0.43663721600622796,-0.4810528353529335,-0.1621105527638191,0.33,0.46,0.495,0.56,0.785,0,-24.305035,8.737035
0.01564537157757497,0.0,275.0,1.608187134502924,171.0,1.0754716981132075,159.0,1.06,0.14561855670103094,1.71,100.0,0.4901960784313725,204.0,1.3972602739726028,146.0,0.9668874172185432,285.0,-0.0860561456809326,0.30103276568740833,166.0,119.0,0.3276312607066904,-0.1023670970243783,0.763004550328859,-0.3149491862694841,0.31104965338015,0.45,0.54,0.585,0.67,0.61,0,6.093091,21.263529
0.14602346805736635,0.13949402958846488,182.0,0.978494623655914,186.0,1.1411042944785277,163.0,1.0124223602484472,0.13659793814432988,2.0759493670886076,79.0,0.3347457627118644,236.0,1.4303030303030304,165.0,0.9821428571428572,237.0,-0.2268706782293048,0.3109463269225042,123.0,114.0,0.2854971528165255,-0.234661735504865,0.6956484967079049,-0.4280707389501269,0.2969372399157838,0.355,0.475,0.52,0.645,0.545,0,9.164724,29.684618
0.11864406779661017,0.13906326738295852,161.0,0.936046511627907,172.0,1.0058479532163742,171.0,1.0178571428571428,0.1404639175257732,0.9881656804733728,169.0,1.0304878048780488,164.0,1.051282051282051,156.0,1.0129870129870129,230.0,-0.3095128623663434,0.07676069846300071,114.0,116.0,0.26344065007333334,-0.4636891888049763,0.33937714426917326,-0.4380847358846722,-0.2315028620010206,0.37,0.48,0.5,0.52,0.83,0,-31.285326,-11.727806
0.13559322033898305,0.14883124730139544,166.0,1.0506329113924051,158.0,0.9575757575757576,165.0,1.0248447204968945,0.12757731958762886,1.0064102564102564,156.0,0.975,160.0,1.0,160.0,0.9696969696969696,224.0,-0.3081507636163196,0.06797418903584757,115.0,109.0,0.28298484716241257,-0.4865839847614499,0.3005282244204038,-0.4127973131614757,-0.2736638870724024,0.355,0.495,0.515,0.535,0.825,0,-31.587032,-15.175548
0.11864406779661017,0.14667432605057212,155.0,1.0402684563758389,149.0,1.0955882352941178,136.0,1.5280898876404494,0.04252577319587629,0.4666666666666667,195.0,1.3732394366197185,142.0,0.9594594594594594,148.0,0.9866666666666668,168.0,-0.0470710117770085,0.3498058614267912,105.0,63.0,0.3343267822437813,-0.0580017665749901,0.7291491512730439,0.2003522167608427,0.2003522167608427,0.415,0.565,0.635,0.67,0.67,0,17.25686,20.58489
0.08344198174706649,0.14910684811501865,127.0,0.9071428571428573,140.0,0.8805031446540881,159.0,1.0324675324675323,0.09922680412371133,0.823170731707317,164.0,0.8770053475935828,187.0,0.949238578680203,197.0,1.0648648648648649,186.0,-0.5144438045140504,0.20611069335209825,92.0,94.0,0.19142126317202812,-0.7489745897811679,0.48621177902264273,-0.6575566297776978,-0.2702111306022585,0.345,0.44,0.5,0.525,0.755,0,-18.241009,30.583008
0.14602346805736635,0.14058270239390977,181.0,1.0,181.0,1.0647058823529412,170.0,0.9941520467836256,0.14432989690721648,0.9883720930232558,172.0,1.0058479532163742,171.0,0.9344262295081968,183.0,1.0166666666666666,242.0,-0.2084666403472616,0.16378586970999034,124.0,118.0,0.2779856733010866,-0.4890502558341421,0.5513007365873931,-0.531326576122457,0.0030093407018187,0.385,0.49,0.515,0.535,0.71,0,-10.964591,34.611427
0.1316818774445893,0.1541372353794204,159.0,0.9352941176470588,170.0,1.0365853658536586,164.0,1.1468531468531469,0.10824742268041238,1.0,142.0,1.0070921985815602,141.0,1.036764705882353,136.0,1.0381679389312977,204.0,-0.4583134269068088,0.10779027211511887,105.0,99.0,0.24631671689305587,-0.6466235489396024,0.33475749190788234,-0.5881483538326783,-0.3972222678113335,0.365,0.495,0.52,0.54,0.87,0,-29.525444,-9.778147
0.07301173402868318,0.14118079557239216,124.0,0.9612403100775194,129.0,0.9772727272727272,132.0,0.9496402877697842,0.08118556701030928,0.9758064516129032,124.0,0.9465648854961832,131.0,0.9924242424242424,132.0,1.0232558139534884,170.0,0.1063320198707063,0.19097080457046975,86.0,84.0,0.3782899232875809,-0.1171618737225952,0.4837755435238768,-0.1996042569709143,0.4402280724552949,0.325,0.43,0.505,0.535,0.75,0,-16.723715,16.84831
0.15254237288135594,0.15072007664533676,177.0,0.988826815642458,179.0,0.9470899470899472,189.0,0.9742268041237112,0.16237113402061856,1.0222222222222221,180.0,1.0588235294117647,170.0,1.0,170.0,0.96045197740113,253.0,-0.2258523169733526,0.1554640926015002,125.0,128.0,0.2631521274279623,-0.4423987477423561,0.4921519801077544,-0.5672460733251429,-0.0366330583978375,0.345,0.475,0.5,0.52,0.695,0,-16.595854,34.074245
0.14863102998696218,0.15206138551982443,173.0,0.9558011049723756,181.0,0.9731182795698924,186.0,0.9946524064171124,0.15721649484536082,1.0112359550561798,178.0,0.956989247311828,186.0,1.0449438202247192,178.0,1.072289156626506,250.0,-0.247180501278237,0.16900700589033993,125.0,125.0,0.2624603668916468,-0.4835876971614907,0.5371238145225466,-0.597846874475089,0.0190098730619951,0.345,0.48,0.505,0.525,0.715,0,-13.16405,35.55192
0.13428943937418514,0.13596634819337103,176.0,0.946236559139785,186.0,1.0163934426229508,183.0,1.0397727272727273,0.1559278350515464,1.0346820809248556,173.0,1.0484848484848486,165.0,0.9649122807017544,171.0,1.0426829268292683,248.0,-0.2797371273364154,0.15545093611858757,123.0,125.0,0.2501163705045531,-0.5024236498145387,0.48800911560392135,-0.6119374179615341,-0.1722808690666028,0.33,0.475,0.5,0.52,0.675,0,-16.986498,33.51073
0.12646675358539766,0.1586138257276073,152.0,0.9743589743589745,156.0,0.968944099378882,161.0,1.0125786163522013,0.12242268041237113,0.9161676646706587,167.0,0.9940476190476192,168.0,1.0059880239520955,167.0,1.0121212121212122,219.0,-0.3391634347743948,0.08292107793530253,112.0,107.0,0.27768839528640626,-0.550167162229988,0.3379887949960782,-0.4278511878661601,-0.3555739087115092,0.395,0.49,0.515,0.535,0.83,0,-33.346386,-12.106064
0.0560625814863103,0.1409915642628629,111.0,0.9910714285714286,112.0,1.3333333333333333,84.0,0.6461538461538462,0.06572164948453608,1.028301886792453,106.0,1.0,106.0,0.9724770642201837,109.0,0.9732142857142856,153.0,-0.7314085449903797,0.4316023486876749,77.0,76.0,0.14599329770541955,-1.0849057007756313,0.6015657415377156,-1.7901588188429274,-0.2515513386531569,0.325,0.465,0.505,0.545,0.825,0,18.198225,14.941525
0.10560625814863103,0.13881603079701668,151.0,0.9741935483870968,155.0,0.945121951219512,164.0,1.025,0.12371134020618557,1.2622950819672132,122.0,0.5951219512195122,205.0,1.1714285714285717,175.0,1.0542168674698795,210.0,-0.2517421038373177,0.08835346573542756,103.0,107.0,0.3069978109080389,-0.455827625643071,0.3724337631551309,-0.3863440062104332,-0.213213098815752,0.365,0.47,0.495,0.515,0.81,0,-36.894245,-5.2909217
0.03650586701434159,0.08999051042802014,129.0,0.5944700460829493,217.0,1.9727272727272729,110.0,1.0,0.06701030927835051,0.5116279069767442,215.0,2.107843137254902,102.0,0.8360655737704918,122.0,1.1296296296296295,153.0,-0.0326473870111766,0.3937378095155978,76.0,77.0,0.3390311236652708,-0.2998998745342742,0.7127940849231339,-0.934523339675888,0.3893185346107115,0.305,0.465,0.5,0.545,0.84,0,19.952091,22.357533
0.11473272490221642,0.13899238246306503,158.0,2.025641025641025,78.0,0.3209876543209876,243.0,1.3885714285714286,0.125,1.019736842105263,152.0,1.876543209876543,81.0,0.3389121338912134,239.0,1.5031446540880504,213.0,-0.1953093462398718,0.28901556263292905,105.0,108.0,0.29280341170470414,-0.2305087939177538,0.6573168277363716,0.2582239417494659,0.2582239417494659,0.305,0.445,0.495,0.53,0.53,0,7.6205707,29.123648
0.10951760104302477,0.1468577348582697,148.0,1.049645390070922,141.0,1.0444444444444445,135.0,0.9712230215827338,0.10824742268041238,0.9861111111111112,144.0,1.051094890510949,137.0,0.9927536231884058,138.0,0.9583333333333334,199.0,-0.2204605361602546,0.15553134266828123,100.0,99.0,0.30341664753702835,-0.3476372435018615,0.420785005969646,-0.4459992649149306,-0.036234183912861,0.35,0.46,0.505,0.58,0.77,0,-27.691051,5.2664404
0.0469361147327249,0.10366523357526235,128.0,0.5688888888888889,225.0,1.0180995475113122,221.0,0.9910313901345292,0.06443298969072164,0.4778761061946903,226.0,1.0272727272727271,220.0,1.9298245614035088,114.0,1.0363636363636364,152.0,0.4454736983468856,0.430814014803439,77.0,75.0,0.46835065417001565,0.0685743571882326,0.89305519662575,-0.4528134411509435,0.7981536146772171,0.315,0.47,0.515,0.56,0.905,0,24.515184,24.424438
0.14602346805736635,0.14621163564933506,176.0,0.9832402234636872,179.0,1.0170454545454546,176.0,0.9513513513513514,0.1404639175257732,0.9766081871345029,171.0,1.0178571428571428,168.0,0.9940828402366864,169.0,1.0368098159509205,237.0,-0.2413139762100274,0.18758732233551959,121.0,116.0,0.2556044202974023,-0.5439329875704213,0.5745541587554073,-0.5189637195765475,0.0846251296725682,0.41,0.49,0.515,0.535,0.73,0,-6.142859,39.223125
0.1303780964797914,0.16256814720183896,152.0,1.062937062937063,143.0,1.0,143.0,1.7439024390243902,0.1172680412371134,0.9933333333333333,150.0,0.974025974025974,154.0,0.9390243902439024,164.0,0.9371428571428572,211.0,-0.2118097100647068,0.28342173472900406,107.0,104.0,0.4508774708429359,-0.2185971033642033,0.6289674561031974,-0.4495865814112336,0.2662411847808953,0.485,0.465,0.515,0.625,0.545,0,9.38791,23.589294
0.20730117340286833,0.15110608173044834,217.0,1.009302325581395,215.0,0.9953703703703703,216.0,1.981651376146789,0.06829896907216494,0.9823008849557522,113.0,1.036697247706422,109.0,0.9646017699115044,113.0,1.0660377358490567,153.0,-0.4480498555685356,0.44537563798260466,76.0,77.0,0.21321154817238933,-0.7719561661528535,0.632536826023937,-1.3777977993055726,0.0091206462929744,0.29,0.46,0.505,0.55,0.855,0,15.653201,16.86723
0.0560625814863103,0.1392188204016136,112.0,1.018181818181818,110.0,1.0,110.0,0.9821428571428572,0.06958762886597938,1.0,112.0,1.0275229357798166,109.0,0.9646017699115044,113.0,1.0660377358490567,156.0,-0.0639409452955457,0.408190601046961,78.0,78.0,0.3426422050204433,-0.2999894990455959,0.7589528333374131,-0.9736547167401344,0.0254549809289734,0.32,0.465,0.505,0.55,0.775,0,21.726475,21.701822
0.0938722294654498,0.1385637450131929,142.0,0.9403973509933776,151.0,1.0066666666666666,150.0,1.0273972602739727,0.11469072164948453,1.013793103448276,145.0,0.9602649006622516,151.0,1.0202702702702702,148.0,1.049645390070922,203.0,-0.2465501552502371,0.15093197833849428,101.0,102.0,0.3024008318152438,-0.2923377530502274,0.4153666723330999,-0.4766646264572695,-0.1661981803533938,0.34,0.46,0.495,0.56,0.76,0,-27.654282,4.7005486
0.12777053455019557,0.14777423642764287,161.0,1.0454545454545454,154.0,1.0405405405405406,148.0,1.0,0.12242268041237113,0.9745222929936306,157.0,1.0129032258064516,155.0,0.981012658227848,158.0,0.9753086419753086,212.0,-0.4392377964520245,0.07047852358896174,105.0,107.0,0.24049905827612725,-0.7076886938072777,0.2843113228520654,-0.5710011663622326,-0.4136173086661971,0.375,0.475,0.5,0.52,0.835,0,-29.245543,-15.421736
0.13820078226857888,0.1525105901592981,165.0,0.9593023255813954,172.0,1.0617283950617284,162.0,1.0253164556962024,0.13788659793814434,1.0784313725490196,153.0,0.9444444444444444,162.0,0.9759036144578314,166.0,2.024390243902439,305.0,-0.2684559848025321,0.25930889361978543,190.0,115.0,0.2601973765547326,-0.3218368171401869,0.69706324964817,-0.4746885791696286,0.2063594027220135,0.5,0.57,0.625,0.69,0.645,0,7.725971,31.413671
0.09908735332464146,0.14420747143650953,142.0,0.9861111111111112,144.0,1.0285714285714285,140.0,1.0218978102189782,0.10438144329896908,0.9858156028368794,141.0,0.9657534246575342,146.0,1.006896551724138,145.0,1.5263157894736843,196.0,-0.3096857636109088,0.19701380967155546,99.0,97.0,0.28128844048418444,-0.3895327430259429,0.41845919414849925,-0.566858771232922,-0.304069233212034,0.345,0.47,0.505,0.58,0.835,0,-22.982754,5.188784
0.05867014341590613,0.13756995840386974,115.0,1.0648148148148149,108.0,0.9818181818181818,110.0,1.0185185185185186,0.061855670103092786,0.9814814814814815,108.0,0.9557522123893806,113.0,1.0462962962962965,108.0,0.972972972972973,153.0,-0.1469249258604764,0.42748450849435055,79.0,74.0,0.3058764161071273,-0.419915862811031,0.766274278037748,-1.0640778448256931,0.2391239843996496,0.32,0.48,0.52,0.565,0.83,0,22.072691,20.494423
0.05867014341590613,0.1502169949428189,108.0,0.9473684210526316,114.0,1.0,114.0,1.0,0.06056701030927835,0.9210526315789473,114.0,0.991304347826087,115.0,1.0454545454545454,110.0,1.25,152.0,-0.3660377081208767,0.4013458116109487,79.0,73.0,0.22443982875458854,-0.7103486689436097,0.6346014522321862,-1.3085821076307094,-0.0131685468207323,0.315,0.48,0.52,0.565,0.8,0,18.338993,16.526884
0.1316818774445893,0.14894231553705278,163.0,1.01875,160.0,0.9195402298850576,174.0,0.9666666666666668,0.15206185567010308,0.967032967032967,182.0,1.0282485875706215,177.0,1.0,177.0,1.0290697674418603,241.0,-0.1860257149717724,0.17316132839154869,118.0,123.0,0.28300858916139227,-0.4900030938855161,0.580986148353924,-0.4518900607668673,0.0098923681074522,0.34,0.47,0.495,0.515,0.685,0,-6.397587,34.896782
0.11734028683181226,0.14669950648057142,154.0,1.0476190476190477,147.0,0.9607843137254902,153.0,0.9683544303797468,0.14175257731958762,0.9824561403508771,171.0,0.9344262295081968,183.0,1.0,183.0,0.9682539682539684,236.0,-0.2499075580148789,0.12756242185814848,119.0,117.0,0.2652879884106872,-0.4714792673819773,0.4366504145410967,-0.7240610360067143,-0.24581847013187,0.41,0.48,0.505,0.525,0.87,0,-32.33763,0.7765538
0.0560625814863103,0.14463463421625597,109.0,0.981981981981982,111.0,1.0277777777777777,108.0,1.0,0.06701030927835051,1.0,110.0,0.9649122807017544,114.0,1.2258064516129032,93.0,0.7265625,228.0,-0.0197750521280633,0.485821637663315,151.0,77.0,0.8762141031516049,-0.3095661265992226,0.8389480326524773,-0.4406214308833373,-0.4406214308833373,0.185,0.165,0.195,0.23,0.23,0,27.335096,-4.548998
0.1303780964797914,0.14042550683626928,169.0,1.0304878048780488,164.0,1.051282051282051,156.0,1.0129870129870129,0.13402061855670103,1.0318471337579618,157.0,0.9874213836477987,159.0,0.99375,160.0,0.9411764705882352,225.0,-0.3406370744728748,0.07557168952451533,112.0,113.0,0.2718034726109336,-0.5415789886602715,0.3304135110813232,-0.4211984858033181,-0.3364011569599936,0.38,0.48,0.5,0.52,0.85,0,-31.934303,-12.44851
0.1316818774445893,0.13478244830957076,175.0,1.0416666666666667,168.0,1.024390243902439,164.0,1.0123456790123455,0.13530927835051546,1.0124223602484472,161.0,1.00625,160.0,1.032258064516129,155.0,0.9935897435897436,232.0,-0.2912009330449272,0.20438126249066282,118.0,114.0,0.2438180739294352,-0.6228465958115773,0.6101167129694592,-0.5570269834068564,-0.1401720044905313,0.34,0.485,0.51,0.53,0.705,0,0.5816141,40.197536
0.05997392438070404,0.15014891737298278,109.0,0.9732142857142856,112.0,1.0275229357798166,109.0,1.0186915887850467,0.06443298969072164,1.0,108.0,0.9818181818181818,110.0,1.0091743119266054,109.0,0.9732142857142856,149.0,0.4145343758858911,0.4069913081404107,74.0,75.0,0.47351339909594825,0.0850315391822249,0.8683140509517326,-0.3117967732165414,0.829100486217557,0.305,0.46,0.505,0.545,0.83,0,24.109539,24.519516
0.1408083441981747,0.1549391027414525,165.0,0.9649122807017544,171.0,0.9771428571428572,175.0,1.0,0.14432989690721648,0.9497206703910615,179.0,1.0170454545454546,176.0,1.0173410404624277,173.0,1.0,234.0,-0.2140948426282702,0.18296067561198048,116.0,118.0,0.2760061165765571,-0.5051992549821405,0.5895582959658354,-0.4662598244207494,-0.1571233944839445,0.355,0.475,0.5,0.52,0.665,0,-4.7793956,36.033844
0.15384615384615385,0.15185201047600197,177.0,1.0535714285714286,168.0,0.9710982658959536,173.0,1.035928143712575,0.14175257731958762,1.030674846625767,163.0,0.9939024390243902,164.0,0.9371428571428572,175.0,0.9668508287292816,235.0,-0.1866326461950196,0.18381360676782685,118.0,117.0,0.27436532156328725,-0.4814549074672581,0.5904842837441094,-0.4746203152443023,-0.0822290435927009,0.34,0.48,0.505,0.525,0.69,0,-4.4552193,35.946243
0.0847457627118644,0.14279653983068039,132.0,0.9777777777777776,135.0,0.9782608695652174,138.0,1.0,0.09278350515463918,0.9848484848484849,132.0,0.9295774647887324,142.0,1.0070921985815602,141.0,1.0444444444444445,184.0,-0.5020219866380241,0.2322962236897804,93.0,91.0,0.24281678723786077,-0.6833409971690382,0.35031994668320915,-0.8665814510530583,-0.3224448573966947,0.35,0.45,0.51,0.535,0.745,0,-21.11749,2.3778481
0.05215123859191656,0.1391203510595292,109.0,0.990909090909091,110.0,1.0,110.0,0.990990990990991,0.06829896907216494,1.0373831775700935,107.0,0.9385964912280702,114.0,1.0458715596330277,109.0,0.9646017699115044,154.0,-0.1390598816008229,0.4026730226997771,77.0,77.0,0.3008933432204073,-0.4286000137710603,0.7344879948247142,-1.0363790497923149,0.2657849016872951,0.305,0.465,0.5,0.55,0.86,0,20.767004,20.110685
0.08344198174706649,0.13263374261188196,138.0,0.9857142857142858,140.0,1.0294117647058822,136.0,1.0793650793650793,0.11211340206185567,1.0431654676258992,139.0,1.053030303030303,132.0,1.015384615384615,130.0,0.9774436090225564,202.0,-0.0269264675679478,0.19959582145617574,101.0,101.0,0.3657338379415617,-0.2067279875895124,0.46080403828589,-0.4853724542789955,0.2732745301150871,0.35,0.46,0.505,0.525,0.725,0,-18.224909,15.75822
0.09778357235984354,0.14421747804364304,141.0,0.9463087248322148,149.0,0.9867549668874172,151.0,1.0272108843537415,0.1134020618556701,0.9931972789115646,147.0,1.0,147.0,0.9932432432432432,148.0,1.0571428571428572,198.0,-0.2378178341908386,0.19321422513059391,96.0,102.0,0.31614524776971487,-0.3283775434435806,0.45436210120245085,-0.4983517238374626,-0.2079673997843027,0.33,0.395,0.485,0.575,0.745,0,-21.519949,12.62908
0.10691003911342895,0.1388422183564487,152.0,1.6,95.0,0.472636815920398,201.0,1.4154929577464788,0.11984536082474227,1.0342465753424657,146.0,1.006896551724138,145.0,1.0357142857142858,140.0,0.9929078014184396,209.0,-0.2391014358580906,0.1895743963628042,104.0,105.0,0.31797591260343594,-0.337130175970196,0.436165485116013,-0.512295089558056,-0.2401126434363004,0.35,0.465,0.5,0.57,0.82,0,-23.769426,10.696836
0.054758800521512385,0.14465165360871501,108.0,0.972972972972973,111.0,0.9910714285714286,112.0,0.9824561403508772,0.06443298969072164,0.972972972972973,111.0,0.9736842105263158,114.0,0.991304347826087,115.0,1.055045871559633,154.0,-0.5145074964403765,0.42000798625679375,79.0,75.0,0.21802336835884983,-0.8038564781560398,0.6034490389236512,-1.3979981296940596,-0.1443615990845765,0.34,0.475,0.515,0.565,0.845,0,17.994305,15.989025
0.054758800521512385,0.14097515539406458,110.0,1.0091743119266054,109.0,0.990909090909091,110.0,0.9649122807017544,0.06701030927835051,1.0,110.0,0.9821428571428572,112.0,0.9739130434782608,115.0,1.0648148148148149,155.0,-0.0102544639035905,0.40709954382892444,78.0,77.0,0.33081742658405366,-0.2654771182913677,0.7899713121105499,-0.9712991919033012,0.2671507677120454,0.3,0.47,0.51,0.555,0.885,0,22.614456,21.541458
0.07822685788787484,0.14764377260554506,124.0,1.0,124.0,1.0,124.0,1.008130081300813,0.09922680412371133,0.9782608695652174,138.0,1.0454545454545454,132.0,1.0476190476190477,126.0,1.008,191.0,-0.1250514132012172,0.22758289758320424,97.0,94.0,0.31270185068143064,-0.3396660607241147,0.4316801739969272,-0.6027624786619922,0.254019450985133,0.34,0.455,0.51,0.54,0.74,0,-18.4415,9.126192
0.09647979139504563,0.14864624167090637,137.0,0.958041958041958,143.0,1.0214285714285714,140.0,0.9655172413793104,0.10438144329896908,1.0145985401459854,137.0,0.9383561643835616,146.0,0.9605263157894736,152.0,1.0133333333333334,195.0,-0.1695553116116868,0.19135057056693056,98.0,97.0,0.3288912795147868,-0.2695034919385564,0.46330228017796826,-0.4482523212944599,-0.1553548652735321,0.34,0.465,0.5,0.57,0.745,0,-20.820227,14.967523
0.061277705345501955,0.15008207757714367,110.0,0.9565217391304348,115.0,1.0454545454545454,110.0,1.0091743119266054,0.06829896907216494,1.009090909090909,110.0,1.0185185185185186,108.0,0.9557522123893806,113.0,0.9576271186440678,157.0,0.1665289326438469,0.4381796469937798,80.0,77.0,0.3575862218156479,-0.1989135513227067,0.8320749556117671,-0.8603163291200289,0.5977048439940351,0.31,0.475,0.51,0.555,0.815,0,23.805645,22.24581
0.10299869621903521,0.15441116522359286,138.0,0.965034965034965,143.0,1.0070422535211268,142.0,0.993006993006993,0.10309278350515463,0.9857142857142858,140.0,0.9722222222222222,144.0,0.9536423841059604,151.0,1.0202702702702702,194.0,-0.2153559733682851,0.17628509894700242,98.0,96.0,0.31704301567964105,-0.2855399776226576,0.4380471813226425,-0.464506673423778,-0.1779158816393644,0.345,0.465,0.505,0.58,0.825,0,-25.125109,10.971835
0.1408083441981747,0.14990963881391375,169.0,1.005952380952381,168.0,1.030674846625767,163.0,0.9939024390243902,0.15206185567010308,1.0057142857142858,175.0,0.9668508287292816,181.0,0.9836956521739132,184.0,0.9787234042553192,244.0,-0.1541081743668121,0.17587613745503014,121.0,123.0,0.2848179211147399,-0.4453461179802639,0.5818412129395993,-0.3710467872946494,0.049857832936605,0.38,0.475,0.495,0.52,0.69,0,-6.471117,34.926598
0.09256844850065189,0.13312436040865153,145.0,1.0069444444444444,144.0,0.9664429530201344,149.0,1.0275862068965518,0.10695876288659793,0.9337748344370861,151.0,0.993421052631579,152.0,1.034013605442177,147.0,1.0575539568345325,194.0,-0.2127444936445405,0.19196215278770176,96.0,98.0,0.3113853107933954,-0.2961596037043255,0.45588096106572706,-0.4500934971915539,-0.1185518351941418,0.33,0.44,0.495,0.57,0.815,0,-21.956142,11.799434
0.12777053455019557,0.1403971112315458,167.0,0.9766081871345028,171.0,0.9395604395604396,182.0,1.0340909090909092,0.15979381443298968,1.0,182.0,1.103030303030303,165.0,1.03125,160.0,0.963855421686747,258.0,-0.3287100472057915,0.29542313436702344,131.0,127.0,0.25795365128506387,-0.3811608093636746,0.6422676396029772,0.182912330760713,0.182912330760713,0.355,0.465,0.51,0.535,0.535,0,7.149662,29.80902
0.14471968709256844,0.147402339555456,174.0,1.0,174.0,1.0116279069767442,172.0,0.9608938547486032,0.15206185567010308,0.9513513513513514,185.0,0.9343434343434344,198.0,1.0879120879120878,182.0,0.978494623655914,248.0,-0.2550689001857366,0.19673343750782285,125.0,123.0,0.2682307842817805,-0.4585926679315296,0.6148449483296443,-0.3536529724709829,-0.1754185777082247,0.4,0.485,0.505,0.53,0.67,0,-0.20671868,36.74847
0.12255541069100391,0.14921808752387722,156.0,1.0612244897959184,147.0,2.0136986301369864,73.0,0.3303167420814479,0.10438144329896908,1.5274725274725274,91.0,0.4764397905759162,191.0,1.3263888888888888,144.0,0.96,194.0,-0.2670841382093434,0.37606773148312955,97.0,97.0,0.2895592220297525,-0.2952451421938258,0.6859909108387074,-0.5221208929213298,0.2227352996279181,0.34,0.45,0.505,0.59,0.535,0,16.26496,20.728249
0.10821382007822686,0.15114455183183623,144.0,1.0140845070422535,142.0,0.9726027397260274,146.0,0.935897435897436,0.12757731958762886,0.9751552795031055,161.0,0.9817073170731708,164.0,1.0061349693251531,163.0,0.9588235294117649,214.0,-0.2752314140813378,0.09627756633319652,105.0,109.0,0.2993617278585706,-0.5407384700212782,0.387909603501158,-0.4032735922618056,-0.2341000788341811,0.36,0.465,0.495,0.515,0.805,0,-35.98046,-3.853104
0.12385919165580182,0.13114815099185828,172.0,0.9942196531791908,173.0,1.0297619047619049,168.0,1.0120481927710845,0.15206185567010308,1.0538922155688624,167.0,0.9709302325581396,172.0,1.036144578313253,166.0,1.01840490797546,252.0,-0.091193062384227,0.20845240343741936,129.0,123.0,0.30605764972384386,-0.3799726390174631,0.6564534923125261,-0.3432139739769125,0.0212486673420767,0.34,0.49,0.515,0.535,0.695,0,3.9329917,33.764717
0.09647979139504563,0.14567930656489245,139.0,0.9928571428571428,140.0,0.9859154929577464,142.0,0.9594594594594594,0.11211340206185567,1.0211267605633803,142.0,0.9726027397260274,146.0,0.9798657718120806,149.0,1.0136054421768708,199.0,-0.1604514683878481,0.17434354401186472,98.0,101.0,0.35067659236648124,-0.1957033027985346,0.4258809652132731,-0.4150606324654916,-0.1057288572401487,0.34,0.455,0.495,0.57,0.79,0,-25.342388,14.405726
0.1016949152542373,0.1470293346481679,142.0,1.0,142.0,0.993006993006993,143.0,1.0141843971631206,0.10438144329896908,0.9928571428571429,140.0,0.9859154929577464,142.0,0.9793103448275862,145.0,0.9931506849315068,195.0,-0.1638614762218496,0.17889293177532858,98.0,97.0,0.33845562915772404,-0.2403125710349151,0.4439729758443444,-0.4147334684838523,-0.1424457664425374,0.34,0.47,0.505,0.575,0.81,0,-23.232525,15.044722
0.05736636245110821,0.1446179242672962,110.0,1.0091743119266054,109.0,1.0,109.0,0.9732142857142856,0.06829896907216494,1.018348623853211,109.0,1.028301886792453,106.0,0.913793103448276,116.0,1.0,151.0,-0.0164169380757783,0.4027956109982774,74.0,77.0,0.3653033499450497,-0.3306805999690305,0.7679802677024316,-0.7246038869522611,0.4653015738461267,0.315,0.455,0.495,0.54,0.845,0,21.970503,22.442245
0.14341590612777053,0.1474289626752524,173.0,1.0236686390532543,169.0,0.976878612716763,173.0,0.9351351351351352,0.15077319587628865,0.9308510638297872,188.0,1.0444444444444445,180.0,1.0465116279069768,172.0,0.9942196531791908,241.0,-0.1721230455925489,0.17424740680103784,119.0,122.0,0.2865418645810756,-0.4532364030137817,0.5717690155236848,-0.5607818609582855,0.025020317114983,0.335,0.47,0.495,0.515,0.685,0,-7.531827,34.714645
0.10821382007822686,0.1441411860590545,149.0,1.0205479452054795,146.0,1.020979020979021,143.0,1.0592592592592591,0.11211340206185567,1.0069444444444444,144.0,1.0,144.0,1.0588235294117647,136.0,0.9927007299270072,205.0,-0.2561478601521172,0.1957521435435505,104.0,101.0,0.3064526864647148,-0.3491363961933513,0.4285568774181934,-0.5413088511640269,-0.2854208484094904,0.345,0.47,0.505,0.575,0.865,0,-22.892115,7.915724
0.09517601043024772,0.13997467661902208,142.0,0.9659863945578232,147.0,1.0068493150684932,146.0,1.0,0.10824742268041238,0.9403973509933775,151.0,1.0066666666666666,150.0,1.0273972602739727,146.0,1.0503597122302155,196.0,-0.1817937970763203,0.15298030569298937,97.0,99.0,0.30748063610995513,-0.3450940460280836,0.3836474828370879,-0.4795788340335,-0.1834762881207282,0.34,0.46,0.5,0.56,0.745,0,-27.360651,3.5542264
0.1121251629726206,0.14411464698875762,152.0,1.0935251798561152,139.0,0.7808988764044944,178.0,1.065868263473054,0.11984536082474227,0.9741935483870968,155.0,1.0064935064935066,154.0,0.9935483870967742,155.0,1.054421768707483,209.0,-0.5037125161851935,0.05779711985874476,104.0,105.0,0.22380460373826258,-0.7419564010508641,0.20341806640549742,-0.6157904976192963,-0.4592959499262197,0.365,0.475,0.5,0.52,0.84,0,-27.908966,-16.220877
0.12646675358539766,0.14527002486805984,162.0,1.0451612903225806,155.0,0.9748427672955976,159.0,0.9814814814814816,0.12242268041237113,0.9683544303797469,158.0,1.0,158.0,0.9575757575757576,165.0,1.0060975609756098,218.0,-0.2686668628435718,0.07743466346015893,111.0,107.0,0.3030930627617005,-0.4946659631065601,0.3372888219504931,-0.3790570383639903,-0.2609216161475653,0.39,0.49,0.51,0.53,0.805,0,-34.585644,-11.789564
0.03911342894393742,0.025852715059123777,233.0,1.3546511627906976,172.0,1.0238095238095235,168.0,1.135135135135135,0.15077319587628865,1.0416666666666667,168.0,1.105263157894737,152.0,2.0,76.0,0.7835051546391752,237.0,-0.2559251933769111,0.31557011170526583,115.0,122.0,0.40962115727802584,-0.2573364768378732,0.6534199454283542,-0.4989200547740869,0.3235373114091213,0.46,0.435,0.49,0.605,0.52,0,6.4508696,19.620703
0.08604954367666232,0.2062744924731328,101.0,0.8416666666666667,120.0,0.5607476635514018,214.0,0.9469026548672568,0.05025773195876289,0.782258064516129,124.0,0.5714285714285714,217.0,1.9908256880733943,109.0,0.981981981981982,144.0,-0.5213530024492792,0.4878776455312109,77.0,67.0,0.22064542324024086,-0.6579998741041878,0.6221105591446241,-1.3506294258899607,0.151081995918452,0.325,0.495,0.535,0.59,0.87,0,17.180677,15.911226
0.08865710560625815,0.15882472287289962,125.0,0.9615384615384616,130.0,0.9558823529411764,136.0,0.9645390070921984,0.09278350515463918,1.0236220472440944,127.0,0.9844961240310076,129.0,0.9847328244274808,131.0,0.9849624060150376,183.0,-0.2348813400952576,0.18977950025811113,92.0,91.0,0.312558032854256,-0.4199069929903267,0.39408880346458075,-0.6018741860417659,0.1425770238468343,0.35,0.455,0.505,0.535,0.77,0,-20.009054,5.0984154
0.121251629726206,0.14405661711387371,159.0,1.3032786885245902,122.0,0.6815642458100558,179.0,1.084848484848485,0.12628865979381443,0.9629629629629629,162.0,1.0,162.0,1.0062111801242235,161.0,0.9698795180722892,214.0,-0.2763515594639623,0.11512424362669194,105.0,109.0,0.29008076852800846,-0.4629568845660466,0.43868661532758707,-0.4384020064734555,-0.2136481023126688,0.375,0.47,0.495,0.515,0.85,0,-33.17978,0.3078257
0.05997392438070404,0.04488682441440908,221.0,1.0184331797235022,217.0,1.8869565217391304,115.0,1.0087719298245614,0.20876288659793815,1.9469026548672566,113.0,1.0560747663551402,107.0,0.981651376146789,109.0,0.9646017699115044,312.0,-0.1358276130810413,0.5255286165893462,158.0,154.0,0.28194942197231193,-0.2597313001313537,0.8342587495557618,-0.4868680496897322,-0.4868680496897322,0.095,0.125,0.14,0.17,0.17,0,25.00375,17.506746
0.11473272490221642,0.1440975287139774,154.0,0.9935483870967742,155.0,1.054421768707483,147.0,1.0575539568345325,0.11855670103092783,1.0204081632653061,147.0,1.0,147.0,1.0068493150684932,146.0,0.9668874172185432,210.0,-0.27135569304168,0.07128590998294608,105.0,105.0,0.29248756035804646,-0.5440007506018683,0.33016395793680126,-0.3807685511137035,-0.2362020770376826,0.36,0.475,0.5,0.525,0.86,0,-33.887955,-12.656193
0.08996088657105607,0.13433095019570546,142.0,0.9594594594594594,148.0,0.9866666666666668,150.0,1.0273972602739727,0.10824742268041238,1.4947368421052631,95.0,0.4611650485436893,206.0,1.3825503355704698,149.0,1.0492957746478873,196.0,-0.2546620921629673,0.18282915688207332,97.0,99.0,0.28425450040838984,-0.4167970928605658,0.42603611213256437,-0.5098072812396692,-0.1557607990743302,0.33,0.46,0.495,0.57,0.825,0,-23.934832,5.459983
0.1121251629726206,0.14411464698875762,152.0,1.034013605442177,147.0,1.0352112676056338,142.0,1.0,0.11984536082474227,1.0486111111111112,144.0,1.0285714285714285,140.0,0.9859154929577464,142.0,0.9793103448275862,212.0,-0.2782458769564244,0.18589251579947777,107.0,105.0,0.29181258597348014,-0.3649293937080115,0.42597645268400297,-0.5381817174382126,-0.2885544083530008,0.34,0.47,0.505,0.57,0.835,0,-23.86632,6.5808845
0.13298565840938723,0.1348279829204862,176.0,0.9777777777777776,180.0,0.972972972972973,185.0,1.0571428571428572,0.16494845360824742,1.0108695652173914,184.0,1.03954802259887,177.0,0.9619565217391304,184.0,1.005464480874317,259.0,-0.158986462541208,0.1938784516647967,129.0,130.0,0.2835142155010405,-0.469153485762618,0.6583714580933975,-0.3376814440598992,-0.0350925688024343,0.39,0.475,0.5,0.52,0.67,0,3.8573544,34.515484
0.07301173402868318,0.07710726506748683,183.0,1.1730769230769231,156.0,0.912280701754386,171.0,1.0239520958083832,0.13144329896907217,0.9580838323353293,167.0,1.3801652892561984,121.0,0.6111111111111112,198.0,1.2611464968152866,224.0,-0.3376632887671044,0.07771871334335217,112.0,112.0,0.27243309649355946,-0.5397854654689138,0.33132395484646027,-0.4155620904939396,-0.3165573293775952,0.38,0.48,0.5,0.525,0.825,0,-28.004696,-10.226345
0.12516297262059975,0.1301305905875474,174.0,0.956043956043956,182.0,1.0224719101123596,178.0,0.9518716577540108,0.15721649484536082,1.0227272727272727,176.0,1.0232558139534884,172.0,1.0886075949367089,158.0,0.9634146341463414,256.0,-0.1804714978981532,0.18277318250973343,131.0,125.0,0.29390929182798886,-0.439572562835998,0.6044856682314184,-0.3649932471107993,-0.1595905409252689,0.38,0.49,0.51,0.535,0.78,0,-2.6247656,33.78311
0.06258148631029987,0.15382510614413394,109.0,0.990909090909091,110.0,0.9821428571428572,112.0,0.991150442477876,0.06701030927835051,0.9821428571428571,112.0,1.0666666666666669,105.0,0.9545454545454546,110.0,1.0185185185185186,156.0,-0.0282714255471985,0.4127636636557139,79.0,77.0,0.35324297083714934,-0.3966927142589234,0.742417681749143,-0.7790563913531525,0.4455856014784923,0.325,0.465,0.51,0.56,0.795,0,21.236204,21.853178
0.12777053455019557,0.14401820012353245,164.0,0.993939393939394,165.0,0.9428571428571428,175.0,0.9831460674157304,0.1481958762886598,0.9558011049723757,181.0,1.0284090909090908,176.0,1.0232558139534884,172.0,0.9942196531791908,242.0,-0.2146464759777236,0.17044572910384356,121.0,121.0,0.2658445280564381,-0.5071185892409017,0.5761305511115539,-0.4439969609973677,0.0813251159473829,0.385,0.48,0.505,0.525,0.71,0,-7.3750625,36.80201
0.09256844850065189,0.13993436428742695,140.0,0.9790209790209792,143.0,0.986206896551724,145.0,1.0,0.1056701030927835,0.9655172413793104,145.0,0.9666666666666668,150.0,1.0,150.0,1.020408163265306,194.0,-0.2672073951850502,0.19462771663542477,96.0,98.0,0.2998647269926215,-0.3455789208817257,0.4295554938794488,-0.5281889415840234,-0.2325153955709326,0.33,0.46,0.495,0.57,0.76,0,-22.47802,7.2117505
0.12646675358539766,0.1302029674403653,175.0,0.9722222222222222,180.0,1.1042944785276074,163.0,2.08974358974359,0.13530927835051546,1.0516129032258064,155.0,1.054421768707483,147.0,1.0068493150684932,146.0,0.906832298136646,228.0,-0.2195500249195847,0.24697572415067312,114.0,114.0,0.2925766436946277,-0.258429297321102,0.5782712359932356,-0.3851434194797569,-0.1627406088988643,0.33,0.44,0.5,0.585,0.82,0,1.7526686,28.00527
0.16427640156453716,0.1514604225562043,185.0,1.0755813953488371,172.0,1.0424242424242425,165.0,0.9649122807017544,0.14561855670103094,1.0058823529411764,170.0,0.9770114942528736,174.0,0.9886363636363636,176.0,0.9777777777777776,237.0,-0.2462998918929071,0.1742794664876527,118.0,119.0,0.25543281557874503,-0.5445640288035568,0.5448717195359128,-0.5932786811796348,-0.206547806003054,0.34,0.475,0.5,0.52,0.67,0,-12.489373,36.481476
0.12385919165580182,0.14035321924497624,164.0,0.9820359281437124,167.0,0.9823529411764704,170.0,1.0559006211180124,0.14432989690721648,1.0240963855421688,166.0,1.01840490797546,163.0,1.044871794871795,156.0,0.968944099378882,235.0,-0.3959903987737593,0.08169501905876547,117.0,118.0,0.24324598394388525,-0.5865382782452115,0.31260503669365614,-0.5296287385788555,-0.3141469239349204,0.34,0.48,0.5,0.52,0.82,0,-29.548302,-13.708026
0.12516297262059975,0.1415748795378283,164.0,1.0649350649350648,154.0,0.9746835443037974,158.0,0.9875,0.1404639175257732,1.0308641975308641,162.0,1.0384615384615383,156.0,1.21875,128.0,0.7272727272727273,234.0,-0.2787132056686101,0.07433435023953092,118.0,116.0,0.28840523808798607,-0.4907533667492776,0.3238241339574724,-0.4263830827834254,-0.247327101736375,0.335,0.48,0.505,0.525,0.825,0,-32.859417,-12.910296
0.10299869621903521,0.1513830664604407,140.0,1.0144927536231885,138.0,0.9857142857142858,140.0,0.9523809523809524,0.10824742268041238,1.0,142.0,0.993006993006993,143.0,1.0,143.0,0.9794520547945206,193.0,-0.2897547064813514,0.17094521506514004,94.0,99.0,0.2786390358627183,-0.3973878076771207,0.39826447534771603,-0.5456038583690244,-0.1986467227069123,0.335,0.455,0.49,0.56,0.78,0,-25.56647,3.906321
0.14341590612777053,0.15479368282635342,167.0,0.9823529411764704,170.0,0.9941520467836256,171.0,0.9606741573033708,0.14948453608247422,0.9508196721311475,183.0,1.0166666666666666,180.0,1.0169491525423728,177.0,1.0,239.0,-0.25941224646581,0.19522524275617142,118.0,121.0,0.26162223030465076,-0.5854597820665626,0.5951789173107355,-0.5653039343724957,-0.1367729188598283,0.38,0.47,0.495,0.515,0.68,0,-3.2013588,38.301247
0.05867014341590613,0.146439308703912,110.0,0.9565217391304348,115.0,1.0849056603773586,106.0,0.9724770642201837,0.06829896907216494,0.9736842105263158,114.0,1.0363636363636364,110.0,0.990990990990991,111.0,1.0,149.0,0.0655189653384089,0.41816559170088063,72.0,77.0,0.3266986924206083,-0.2969972674645532,0.7470788362377011,-0.795889633191597,0.6193366300785217,0.28,0.44,0.485,0.53,0.815,0,21.428993,20.997835
0.1121251629726206,0.1364562775513215,158.0,0.9813664596273292,161.0,1.00625,160.0,1.0126582278481011,0.13788659793814434,1.0185185185185186,162.0,1.528301886792453,106.0,0.5921787709497207,179.0,1.2013422818791946,227.0,-0.2970610923652842,0.09771227285644384,112.0,115.0,0.2877915020014869,-0.5053473373469165,0.36612872148785863,-0.5242775008597215,-0.3843004801944,0.33,0.47,0.495,0.52,0.68,0,-33.44272,-6.6180477
0.10039113428943937,0.1400519879398894,146.0,1.0138888888888888,144.0,1.0359712230215827,139.0,0.9928571428571428,0.10824742268041238,1.0142857142857142,140.0,0.9790209790209792,143.0,1.0070422535211268,142.0,0.9659863945578232,201.0,-0.2431077118884183,0.1834741223837663,102.0,99.0,0.32104907976303104,-0.3016718593006362,0.4242625095060494,-0.5097265595293119,-0.2606350584250105,0.35,0.47,0.505,0.58,0.845,0,-25.374762,9.558062
0.05345501955671447,0.13915377095744877,110.0,0.9649122807017544,114.0,1.0178571428571428,112.0,1.018181818181818,0.07087628865979381,1.0462962962962963,108.0,0.9908256880733946,109.0,0.990909090909091,110.0,0.9821428571428572,156.0,0.0642097508865407,0.3775173136767608,77.0,79.0,0.3699488388466606,-0.3462657861340404,0.6876209519002326,-0.8093051837141791,0.4436850932654724,0.33,0.46,0.5,0.535,0.755,0,19.174934,22.14831
0.11864406779661017,0.14667432605057212,155.0,0.9281437125748504,167.0,1.0121212121212122,165.0,1.03125,0.12628865979381443,0.9873417721518988,158.0,1.0128205128205128,156.0,1.0758620689655172,145.0,1.0,216.0,-0.3026990443179894,0.10711513713703942,107.0,109.0,0.2789702512343809,-0.4971169744576952,0.3783413618219837,-0.3866330854643868,-0.2430601537361994,0.365,0.47,0.495,0.52,0.815,0,-33.24912,-4.750114
0.10560625814863103,0.14694175958297848,145.0,1.0,145.0,1.0069444444444444,144.0,1.0140845070422535,0.10824742268041238,1.0142857142857142,140.0,1.0,140.0,0.9523809523809524,147.0,1.013793103448276,203.0,-0.2135641917975222,0.20216705979117422,104.0,99.0,0.3093419168952118,-0.2863755882547547,0.46254900363922286,-0.4872110552763818,-0.1602587223525322,0.345,0.475,0.515,0.59,0.76,0,-20.191917,12.682787
0.09647979139504563,0.1442276276023071,140.0,1.0218978102189782,137.0,1.6506024096385543,83.0,0.4256410256410256,0.10695876288659793,1.0,141.0,1.014388489208633,139.0,0.9586206896551724,145.0,0.9797297297297296,197.0,-0.2392798736740614,0.18592925461046353,99.0,98.0,0.31078169680586154,-0.3082884159325925,0.42526948854201513,-0.5200521052498761,-0.2167286423254823,0.345,0.47,0.5,0.575,0.81,0,-24.75251,8.390486
0.11603650586701435,0.1330232574878638,164.0,0.9010989010989012,182.0,0.9528795811518324,191.0,1.0380434782608696,0.16881443298969073,1.05,180.0,1.0227272727272727,176.0,1.0,176.0,1.0057142857142858,268.0,-0.2790520967383499,0.20451681208944916,136.0,132.0,0.24907886574973903,-0.5796922258580623,0.6438952524960238,-0.5447775733676795,-0.2404571233952782,0.395,0.485,0.51,0.53,0.67,0,3.2404926,37.128876
0.12516297262059975,0.14913680211003924,158.0,1.0063694267515924,157.0,0.9127906976744186,172.0,1.0424242424242425,0.13659793814432988,0.9879518072289156,166.0,1.0,166.0,1.031055900621118,161.0,1.018987341772152,230.0,-0.2580040748005381,0.07199596724601713,116.0,114.0,0.2992901339571522,-0.4376029197106884,0.3505953250036434,-0.3566339280638991,-0.219151028869122,0.385,0.485,0.505,0.525,0.82,0,-34.638977,-10.207018
0.20208604954367665,0.14279653983068039,222.0,1.009090909090909,220.0,0.9734513274336284,226.0,2.3789473684210525,0.06958762886597938,0.509090909090909,220.0,2.391304347826087,92.0,0.7022900763358778,131.0,1.190909090909091,158.0,-0.47120879721148,0.4366783878183563,80.0,78.0,0.22326144036543472,-0.8435859066928407,0.5989693161071217,-1.3473000499605046,-0.1908480206848147,0.32,0.475,0.51,0.56,0.815,0,15.653247,16.846584
0.13820078226857888,0.14164508989948651,174.0,1.029585798816568,169.0,1.0696202531645569,158.0,0.9575757575757576,0.13402061855670103,1.0125,160.0,0.9467455621301776,169.0,0.9941176470588236,170.0,0.9826589595375722,231.0,-0.2280106133856143,0.192619927704021,118.0,113.0,0.2615702863812087,-0.5670025282387894,0.5799367018159304,-0.4928021200035791,-0.1716466381408325,0.34,0.485,0.515,0.535,0.69,0,-5.607289,39.183193
0.0938722294654498,0.1385637450131929,142.0,0.9726027397260274,146.0,0.9605263157894736,152.0,1.034013605442177,0.11082474226804123,0.9795918367346939,147.0,1.0068493150684932,146.0,0.9864864864864864,148.0,1.0277777777777777,196.0,-0.610741945456038,0.1342718247143475,96.0,100.0,0.1921352470016038,-0.6723696175129671,0.27341523889563163,-0.8373502929381402,-0.5404466646755605,0.34,0.465,0.495,0.565,0.755,0,-27.837942,-14.196367
0.1316818774445893,0.146439308703912,165.0,0.9649122807017544,171.0,0.9661016949152542,177.0,0.9725274725274724,0.16108247422680413,0.9945652173913043,184.0,1.0454545454545454,176.0,1.035294117647059,170.0,0.9883720930232558,250.0,-0.2831300964302386,0.18583190271061004,122.0,128.0,0.2465837606693633,-0.5547680094989228,0.5599908794650774,-0.5300184645119611,-0.1895215407182879,0.375,0.47,0.495,0.515,0.675,0,-9.416015,39.06031
0.12516297262059975,0.13917571534825138,166.0,0.988095238095238,168.0,1.0120481927710845,166.0,1.064102564102564,0.1327319587628866,1.0254777070063694,157.0,1.2764227642276422,123.0,0.6721311475409836,183.0,1.1730769230769231,223.0,-0.4219781459152771,0.073035837525748,111.0,112.0,0.24746988058528938,-0.649447495708859,0.27719739683523464,-0.5584586667608893,-0.4168181299061096,0.335,0.48,0.5,0.52,0.87,0,-29.304668,-15.4867935
0.1290743155149935,0.15030975063172067,160.0,1.0526315789473684,152.0,0.9806451612903224,155.0,1.0264900662251657,0.1211340206185567,0.9559748427672956,159.0,1.0063291139240509,158.0,0.9813664596273292,161.0,0.9757575757575756,218.0,-0.2896655682768177,0.07359545428525725,112.0,106.0,0.2938972659294913,-0.5074924592371651,0.32891706069711857,-0.3736955120447908,-0.279996498800719,0.39,0.495,0.515,0.535,0.81,0,-34.136402,-12.431596
0.1290743155149935,0.1570150893036168,155.0,1.0402684563758389,149.0,0.9933333333333332,150.0,0.967741935483871,0.11855670103092783,1.0067114093959733,149.0,0.93125,160.0,1.0256410256410255,156.0,0.951219512195122,214.0,-0.271298636082853,0.13859655995060138,109.0,105.0,0.2949635578872979,-0.5121685593300533,0.44911846466517874,-0.3414984729077117,-0.2602951341302176,0.355,0.485,0.515,0.54,0.845,0,-32.703323,1.3680029
0.05997392438070404,0.15207210872085358,108.0,0.9908256880733946,109.0,1.0186915887850467,107.0,0.9727272727272728,0.06701030927835051,0.990990990990991,111.0,1.009090909090909,110.0,0.990990990990991,111.0,0.9910714285714286,156.0,-0.0847516752915126,0.40752643657475573,79.0,77.0,0.3616310683162483,-0.3807757336520348,0.7297155289318114,-1.0600791270370336,0.3514784480930482,0.33,0.465,0.505,0.55,0.85,0,20.791483,22.037819
0.15254237288135594,0.1592961400212001,170.0,1.0240963855421688,166.0,0.976470588235294,170.0,1.011904761904762,0.13530927835051546,0.9367816091954023,174.0,0.956043956043956,182.0,1.0224719101123596,178.0,0.9518716577540108,225.0,-0.2903644070565267,0.1933257701097275,111.0,114.0,0.24281917242563147,-0.5557978678118185,0.6101609171438885,-0.6021353616007458,-0.2305363660013862,0.38,0.475,0.495,0.515,0.67,0,-2.0490475,40.36317
0.15384615384615385,0.14836188116478424,180.0,1.0344827586206895,174.0,0.9720670391061452,179.0,0.9835164835164836,0.15077319587628865,0.9562841530054644,183.0,1.0280898876404494,178.0,0.9834254143646408,181.0,1.011173184357542,239.0,-0.2132113021081441,0.16112596268282928,117.0,122.0,0.263812801439612,-0.4780813770431068,0.52837777372914,-0.4932084648765633,-0.0028701392910945,0.395,0.47,0.495,0.515,0.68,0,-14.119495,35.20217
0.09517601043024772,0.1306947237753135,149.0,0.9933333333333332,150.0,1.0135135135135136,148.0,1.0,0.11855670103092783,1.0135135135135136,148.0,1.0206896551724138,145.0,1.0211267605633805,142.0,1.0,208.0,-0.16296784055032,0.18183075213442776,103.0,105.0,0.32753715019060464,-0.2301185400211215,0.4554398446664611,-0.4005700976086965,-0.1365624073690574,0.34,0.46,0.495,0.57,0.825,0,-23.196482,14.185269
0.14732724902216426,0.16369217723234655,163.0,2.08974358974359,78.0,0.8210526315789474,95.0,0.3356890459363957,0.11469072164948453,1.0068493150684932,146.0,0.906832298136646,161.0,1.0,161.0,0.9938271604938272,210.0,-0.1721302514230001,0.17508089696164758,108.0,102.0,0.35532345025815637,-0.2146779295259006,0.48747751379104803,-0.3145753581603543,0.1207869114675209,0.48,0.455,0.515,0.6,0.545,0,-20.857813,17.636389
0.12646675358539766,0.14038265684239437,166.0,1.0246913580246917,162.0,0.9818181818181818,165.0,1.03125,0.13144329896907217,1.019108280254777,157.0,1.0,157.0,0.9751552795031057,161.0,1.0125786163522013,226.0,-0.3062874492025266,0.07603236211453576,114.0,112.0,0.2874363715545997,-0.5139988913887907,0.3219835503513126,-0.3948922798813487,-0.2635436989410529,0.345,0.485,0.51,0.53,0.87,0,-32.85601,-13.048728
0.0560625814863103,0.04447550959484486,216.0,0.9773755656108596,221.0,0.9954954954954957,222.0,1.023041474654378,0.06701030927835051,0.9734513274336283,113.0,0.5067264573991032,223.0,1.0372093023255815,215.0,0.9817351598173516,228.0,-0.3348589733242189,0.4430980993361026,151.0,77.0,0.3510942259871813,-0.4953243142473499,0.7101962849443357,-1.08131986136448,-0.115529930808397,0.425,0.625,0.66,0.695,0.855,0,20.10115,23.832275
0.12646675358539766,0.1440256949719548,163.0,0.9588235294117649,170.0,1.0493827160493827,162.0,1.018867924528302,0.13659793814432988,1.0186335403726707,161.0,1.0125786163522013,159.0,1.0063291139240509,158.0,1.0193548387096774,230.0,-0.340687824785593,0.07964126350946012,116.0,114.0,0.26998399845734855,-0.5378620170220273,0.33665914453303114,-0.4528225078115878,-0.3419674092338541,0.395,0.485,0.505,0.525,0.87,0,-31.881752,-11.993227
0.19165580182529335,0.13822228667936212,219.0,1.0186046511627906,215.0,1.936936936936937,111.0,1.0,0.20489690721649484,0.9954128440366973,218.0,1.963963963963964,111.0,0.9736842105263158,114.0,0.5205479452054794,302.0,-0.3239270765559833,0.5619703778516925,151.0,151.0,0.8134192677606523,-0.358186898823317,0.798088439071637,-0.9382252075946907,-0.6605134307106312,0.135,0.12,0.145,0.215,0.17,0,25.510935,-4.020005
0.05345501955671447,0.13738161312722794,111.0,1.1935483870967742,93.0,0.7045454545454546,132.0,1.2222222222222223,0.06958762886597938,1.0275229357798166,109.0,1.0092592592592593,108.0,1.0,108.0,0.9642857142857144,153.0,-0.1577987579776905,0.3893797779427061,75.0,78.0,0.2847308731877236,-0.3920674131448086,0.729085175975996,-0.8956637726419576,0.4086859876981191,0.3,0.45,0.495,0.54,0.82,0,20.374327,19.695024
0.1395045632333768,0.14872412231670817,169.0,1.0242424242424242,165.0,0.9428571428571428,175.0,0.9615384615384616,0.14175257731958762,0.9180327868852459,183.0,1.0338983050847457,177.0,1.0411764705882354,170.0,0.9826589595375722,231.0,-0.2970923859566268,0.19123272697344304,114.0,117.0,0.2559067289336059,-0.6062857387944748,0.5742975305339466,-0.5216982857714311,-0.1896061522940078,0.35,0.475,0.5,0.52,0.68,0,-6.2672405,39.282993
0.0938722294654498,0.139954663404755,141.0,0.9929577464788732,142.0,0.9861111111111112,144.0,0.979591836734694,0.10824742268041238,1.0,142.0,0.9403973509933776,151.0,1.0066666666666666,150.0,1.0067114093959733,196.0,-0.2042741245269209,0.1825031293657009,97.0,99.0,0.31326665457349145,-0.270577734912866,0.4470300432316974,-0.4662028115104848,-0.0880041900699479,0.34,0.465,0.495,0.57,0.78,0,-23.097124,11.499004
0.11473272490221642,0.15227266156172217,148.0,0.961038961038961,154.0,1.2622950819672132,122.0,0.5951219512195122,0.13144329896907217,0.9815950920245399,163.0,0.9939024390243902,164.0,0.9761904761904762,168.0,1.030674846625767,225.0,-0.2500865747463035,0.08294256170495339,113.0,112.0,0.2960972425803162,-0.4762517833538485,0.3723145633078086,-0.3322069552131918,-0.1912864693717319,0.35,0.48,0.505,0.525,0.81,0,-35.753487,-6.313114
0.10821382007822686,0.13886806359484236,153.0,1.9870129870129871,77.0,0.2927756653992395,263.0,1.5290697674418603,0.12757731958762886,0.9691358024691358,162.0,0.9204545454545454,176.0,1.1282051282051282,156.0,1.1063829787234043,216.0,-0.3358820923236202,0.3212047488262638,107.0,109.0,0.2605460526038374,-0.3438331633826946,0.6600054102977492,-0.5270314797205409,0.0995031782081168,0.365,0.44,0.5,0.605,0.53,0,8.148444,29.35454
0.11603650586701435,0.13537608471854182,162.0,1.0,162.0,1.0062111801242235,161.0,0.9698795180722892,0.13530927835051546,0.9819277108433735,166.0,1.0375,160.0,1.0,160.0,1.0526315789473684,227.0,-0.2727989396055916,0.14260151498938603,113.0,114.0,0.2999277557499121,-0.5003410964872494,0.4082120155533881,-0.3730955088921963,-0.2919927307245914,0.37,0.465,0.5,0.525,0.855,0,-31.145605,1.5220633
0.0847457627118644,0.18731927050351158,108.0,1.018867924528302,106.0,0.9814814814814816,108.0,0.9391304347826088,0.05283505154639175,0.8114754098360656,122.0,1.0608695652173914,115.0,1.036036036036036,111.0,0.5634517766497462,218.0,-0.2531897475144766,0.5424195518017745,149.0,69.0,0.7804191095204224,-0.6248769382690263,0.8105573663893876,-0.7878169534141808,-0.7009253816772462,0.18,0.16,0.19,0.225,0.23,0,26.964682,-4.36353
0.09647979139504563,0.135935160103703,146.0,0.948051948051948,154.0,1.0,154.0,0.9685534591194968,0.14175257731958762,0.9710982658959537,173.0,1.0421686746987953,166.0,0.9651162790697676,172.0,1.849462365591397,285.0,-0.2413395088509122,0.27864307181305475,168.0,117.0,0.27153137267350536,-0.2920531705276649,0.6907446360078381,-0.4680878867560797,0.3425754538732872,0.455,0.555,0.595,0.665,0.61,0,8.165144,30.322151
0.14341590612777053,0.139457335030218,180.0,1.0227272727272727,176.0,0.9887640449438202,178.0,1.0470588235294118,0.1404639175257732,0.9940476190476191,168.0,0.9824561403508772,171.0,1.0118343195266273,169.0,0.9825581395348836,240.0,-0.1395360057036814,0.16063757447925447,124.0,116.0,0.30475808855510006,-0.3930709385007868,0.5423825173820407,-0.3804110850573907,0.0166215150176148,0.37,0.495,0.52,0.54,0.7,0,-10.848549,33.21804
0.1016949152542373,0.14848029268253118,141.0,1.014388489208633,139.0,1.0296296296296297,135.0,0.9507042253521126,0.1056701030927835,1.0,140.0,1.0144927536231885,138.0,0.9787234042553192,141.0,0.9791666666666666,198.0,-0.2903565490424669,0.199902542852575,100.0,98.0,0.3230055812749372,-0.4687517770566183,0.40973582131429803,-0.6579764260181419,-0.1947142454937654,0.35,0.475,0.505,0.58,0.75,0,-20.373396,6.3982534
0.1303780964797914,0.15026308472612412,161.0,1.00625,160.0,0.98159509202454,163.0,1.0061728395061729,0.12628865979381443,0.9873417721518988,158.0,0.9461077844311376,167.0,1.2748091603053435,131.0,0.6616161616161617,221.0,-0.3543171386537171,0.08169372555396213,112.0,109.0,0.2632173658933645,-0.6140204913240899,0.3302105688138966,-0.4600029323935892,-0.3126569472109913,0.355,0.485,0.51,0.53,0.86,0,-31.75294,-12.774537
0.1290743155149935,0.15428170283864,157.0,1.9873417721518989,79.0,0.2958801498127341,267.0,1.5344827586206895,0.12242268041237113,0.9745222929936306,157.0,0.9874213836477987,159.0,1.0,159.0,0.9636363636363636,209.0,-0.0745405389302487,0.26431749484027883,102.0,107.0,0.451963769379813,-0.1240100887559979,0.6593853507759964,0.2059204014429909,0.2059204014429909,0.46,0.44,0.49,0.525,0.525,0,9.711604,23.400892
0.14471968709256844,0.14858706838639546,173.0,1.0,173.0,1.005813953488372,172.0,1.0,0.14175257731958762,0.9882352941176471,170.0,1.0493827160493827,162.0,0.9759036144578314,166.0,0.9222222222222224,238.0,-0.2390372403596251,0.20392050888594018,121.0,117.0,0.27271983275338035,-0.5660731714623248,0.6032743639586546,-0.5004779857975977,-0.2125193392213537,0.35,0.485,0.51,0.535,0.69,0,-1.9561617,36.90689
0.13820078226857888,0.14999482562808422,167.0,0.9542857142857144,175.0,0.9562841530054644,183.0,0.9945652173913044,0.1559278350515464,0.9675675675675676,185.0,1.0571428571428572,175.0,1.0416666666666667,168.0,0.9491525423728814,243.0,-0.2541820706665512,0.19278129769242178,118.0,125.0,0.2597115501124795,-0.5017801239402974,0.6231964736644434,-0.5378249585098211,0.0217017091823404,0.355,0.465,0.485,0.505,0.705,0,0.61036414,37.1113
0.09517601043024772,0.14279653983068039,140.0,0.9395973154362416,149.0,0.9738562091503268,153.0,1.0337837837837838,0.11211340206185567,0.9797297297297297,148.0,0.9736842105263158,152.0,1.0066225165562914,151.0,1.0633802816901408,196.0,-0.1939170259443381,0.19175898056382668,95.0,101.0,0.3198319310345574,-0.286498645671452,0.44615598820016383,-0.4691249874462208,0.8924624349918329,0.325,0.45,0.48,0.565,0.495,0,-22.47654,12.115324
0.16166883963494133,0.15270407055732688,182.0,1.058139534883721,172.0,0.9662921348314608,178.0,0.9518716577540108,0.15206185567010308,0.946236559139785,186.0,1.0163934426229508,183.0,1.0397727272727273,176.0,1.0,241.0,-0.2988437375510803,0.15787792223940672,118.0,123.0,0.24570254807489594,-0.531646581711615,0.493172138565624,-0.5759219386407713,-0.1750269551292475,0.34,0.47,0.49,0.515,0.665,0,-16.986181,34.8026
0.11864406779661017,0.1378495697559214,162.0,0.9878048780487804,164.0,1.0123456790123455,162.0,1.051948051948052,0.1327319587628866,1.0454545454545454,154.0,0.9935483870967742,155.0,1.0064935064935066,154.0,1.013157894736842,226.0,-0.2470920722840442,0.1020610871029377,114.0,112.0,0.2982764239915828,-0.4540706576248677,0.4071239909444158,-0.3324848050245516,-0.204921412407185,0.38,0.485,0.505,0.53,0.815,0,-34.423546,-2.0445223
0.12516297262059975,0.15871857596533528,151.0,0.993421052631579,152.0,0.95,160.0,0.9523809523809524,0.11597938144329897,1.0422535211267605,142.0,0.9793103448275862,145.0,0.9602649006622516,151.0,1.0633802816901408,206.0,-0.2711340251770066,0.10320773529993636,103.0,103.0,0.3110899924036753,-0.5146702479707382,0.34035938277228944,-0.4200246266092974,-0.3277810329309023,0.35,0.475,0.5,0.52,0.87,0,-35.78771,-11.514912
0.11342894393741851,0.1364961534147137,159.0,0.9754601226993864,163.0,0.9588235294117649,170.0,1.0240963855421688,0.1404639175257732,1.0121212121212122,165.0,1.03125,160.0,1.0596026490066226,151.0,0.9805194805194806,224.0,-0.3662808195225988,0.07433287625245012,108.0,116.0,0.25859649137894103,-0.587675521240332,0.2972727780908611,-0.5252426489813905,-0.3431331585442969,0.355,0.46,0.48,0.5,0.815,0,-29.793955,-14.666796
0.09908735332464146,0.13602788145136482,148.0,1.0068027210884354,147.0,0.9865771812080536,149.0,1.0642857142857145,0.11211340206185567,0.9863945578231292,147.0,1.013793103448276,145.0,1.0211267605633805,142.0,1.8205128205128205,206.0,-0.2253170675666261,0.1887380299911093,105.0,101.0,0.3357414881106402,-0.3350678093675738,0.4372957979524456,-0.5131075260354183,-0.2419977664128643,0.365,0.475,0.51,0.585,0.75,0,-24.03421,13.875954
0.05345501955671447,0.13738161312722794,111.0,0.9736842105263158,114.0,0.991304347826087,115.0,1.055045871559633,0.06829896907216494,1.0,111.0,1.0277777777777777,108.0,0.9818181818181818,110.0,0.990990990990991,157.0,-0.4887610762065629,0.3864646965594902,80.0,77.0,0.1738461424384244,-0.7824279866535656,0.6346647233684504,-1.4055733636317251,-0.242601517701256,0.32,0.475,0.515,0.555,0.875,0,18.334795,15.731212
0.15384615384615385,0.12503131232083145,203.0,1.041025641025641,195.0,1.089385474860335,179.0,1.0112994350282485,0.14432989690721648,0.9826589595375722,173.0,0.9664804469273744,179.0,0.988950276243094,181.0,1.0,243.0,-0.1431843504529553,0.14691559365514006,125.0,118.0,0.2945828814382671,-0.3316400307407682,0.5086285442268874,-0.3911710031294827,0.1134716815938968,0.365,0.495,0.515,0.54,0.715,0,-14.614816,32.757294
0.061277705345501955,0.15008207757714367,110.0,0.9821428571428572,112.0,1.037037037037037,108.0,0.9908256880733946,0.06314432989690721,0.981651376146789,109.0,0.990909090909091,110.0,1.0091743119266054,109.0,0.990909090909091,154.0,-0.0816844621830096,0.40527971866874424,80.0,74.0,0.30279668801099235,-0.3926511611173102,0.8105252407897701,-0.8653441677602185,0.3701362050746696,0.32,0.48,0.52,0.57,0.845,0,23.246437,21.138668
0.10560625814863103,0.14554109172147137,146.0,1.0735294117647058,136.0,1.0225563909774436,133.0,1.023076923076923,0.1018041237113402,1.0458015267175573,131.0,1.048,125.0,0.984251968503937,127.0,0.9477611940298508,191.0,-0.0259247732632343,0.1937502367169331,96.0,95.0,0.35094323161913293,-0.2294436573317665,0.4587163498409397,-0.3923263681670175,0.3730311886877387,0.35,0.46,0.51,0.535,0.745,0,-19.479124,15.764993
0.06258148631029987,0.14455401604145005,114.0,1.0555555555555556,108.0,0.9391304347826088,115.0,0.5275229357798165,0.06572164948453608,0.9646017699115044,113.0,1.0,113.0,1.036697247706422,109.0,1.1473684210526316,150.0,-0.4076056048989738,0.4898643756579366,74.0,76.0,0.24212563244868446,-0.5957457563015717,0.6826226668869667,-1.1932731178065203,0.2189761429163641,0.29,0.455,0.495,0.535,0.875,0,20.349873,16.970726
0.09126466753585398,0.13439015012322275,143.0,0.9930555555555556,144.0,0.9536423841059604,151.0,1.0,0.10695876288659793,0.9463087248322147,149.0,1.0,149.0,0.9933333333333332,150.0,1.0,196.0,-0.174203338344204,0.23608647473164776,98.0,98.0,0.30283470561705045,0.0789162211279005,0.5472268435049864,-0.2972370418711138,-0.1931082743541601,0.42,0.47,0.5,0.565,0.825,0,1.2437922,27.624424
0.13298565840938723,0.14161799695992897,170.0,0.9826589595375722,173.0,1.1019108280254777,157.0,1.097902097902098,0.12886597938144329,0.9875,160.0,1.0256410256410255,156.0,0.981132075471698,159.0,1.606060606060606,228.0,-0.2292725579304997,0.29428387920833204,118.0,110.0,0.2956037869263236,-0.2179684102756106,0.6178780739970846,-0.4566719454390259,0.1815032191482215,0.36,0.47,0.525,0.615,0.555,0,6.803079,28.26796
0.10430247718383312,0.13878949407012556,150.0,1.0135135135135136,148.0,0.961038961038961,154.0,1.0335570469798658,0.12371134020618557,1.0335570469798658,149.0,1.041958041958042,143.0,0.986206896551724,145.0,1.013986013986014,209.0,-0.2345379416915254,0.18257647717998757,102.0,107.0,0.30833881208655434,-0.351736627175194,0.42611035539611336,-0.37156397309668,-0.2014059361806565,0.335,0.455,0.485,0.54,0.74,0,-24.617414,7.8605866
0.09126466753585398,0.12916713248185455,147.0,0.9932432432432432,148.0,0.9932885906040269,149.0,1.0067567567567568,0.11082474226804123,0.96,150.0,0.9803921568627452,153.0,1.0551724137931036,145.0,1.013986013986014,198.0,-0.280674739019396,0.20041959869497286,98.0,100.0,0.2969715047045567,-0.3387214225907086,0.4357034656134694,-0.5729936205114273,-0.2487328761466487,0.33,0.455,0.495,0.575,0.795,0,-21.8366,7.270326
0.08865710560625815,0.1398716889105674,137.0,0.9647887323943662,142.0,0.9594594594594594,148.0,1.064748201438849,0.11211340206185567,1.0357142857142858,140.0,1.037037037037037,135.0,0.9782608695652174,138.0,1.0454545454545454,197.0,-0.0462900433731037,0.19980082403650437,96.0,101.0,0.3506104637125718,-0.2416447498450811,0.4514670523569475,-0.6189479812221317,0.3255744922678253,0.325,0.45,0.49,0.54,0.725,0,-18.845993,15.279967
0.06258148631029987,0.15382510614413394,109.0,0.990909090909091,110.0,1.02803738317757,107.0,0.9553571428571428,0.06572164948453608,0.9732142857142857,112.0,1.0275229357798166,109.0,1.0186915887850467,107.0,0.9553571428571428,155.0,-0.2277252695701703,0.41716672151675954,79.0,76.0,0.2791000615015637,-0.5860716918720106,0.6757348090255606,-1.1684861760189376,0.3366630992750103,0.32,0.47,0.51,0.56,0.86,0,19.126356,18.457003
0.13298565840938723,0.13930202317903373,172.0,1.0238095238095235,168.0,0.9491525423728814,177.0,1.0411764705882354,0.14432989690721648,1.0179640718562875,167.0,1.050314465408805,159.0,1.0127388535031847,157.0,0.9874213836477987,238.0,-0.2272647083785606,0.18894640525976436,120.0,118.0,0.27010041010808344,-0.5016702735329988,0.5842315443699925,-0.3874866101035497,-0.1757432401977615,0.365,0.485,0.505,0.53,0.68,0,-5.2830224,37.355225
0.11473272490221642,0.1481038852088987,151.0,0.9741935483870968,155.0,1.0064935064935066,154.0,1.013157894736842,0.10824742268041238,0.9726027397260274,146.0,1.0,146.0,0.9864864864864864,148.0,0.9367088607594936,197.0,-0.365833917228729,0.12704548249202746,98.0,99.0,0.24107249442073378,-0.6003162902252728,0.34977067558976455,-0.690986522343236,-0.2480150753768845,0.36,0.47,0.5,0.525,0.795,0,-29.496035,-9.072453
0.13689700130378096,0.14756683240276938,168.0,0.9882352941176472,170.0,0.9497206703910616,179.0,0.9675675675675676,0.1559278350515464,0.9728260869565217,184.0,1.0337078651685394,178.0,1.0532544378698223,169.0,0.9657142857142856,246.0,-0.2653067479036122,0.19711268048339728,121.0,125.0,0.26121110167291056,-0.550297841923833,0.6063668482374539,-0.3897523397529072,-0.1170858377890185,0.345,0.47,0.49,0.515,0.67,0,-1.1943307,37.95342
0.06779661016949153,0.06106078053578134,201.0,1.1964285714285714,168.0,1.05,160.0,1.0256410256410255,0.12886597938144329,0.9937106918238994,159.0,1.0192307692307692,156.0,1.0,156.0,0.9397590361445785,227.0,-0.2997499849682395,0.10753497901447732,117.0,110.0,0.28296330639896805,-0.544834696004111,0.4045763628386534,-0.383500628273303,-0.223839202673154,0.39,0.495,0.52,0.54,0.885,0,-29.285244,-4.759396
0.14602346805736635,0.14974517409753843,173.0,1.035928143712575,167.0,0.9709302325581396,172.0,0.9148936170212766,0.15721649484536082,0.9574468085106383,188.0,1.010752688172043,186.0,1.0163934426229508,183.0,1.0338983050847457,245.0,-0.2205728268089716,0.1529685570105545,120.0,125.0,0.2637708443798495,-0.4596729926399686,0.5057323653320382,-0.5440481686127995,-0.0844811617017869,0.39,0.47,0.495,0.515,0.67,0,-15.743932,34.07458
0.15514993481095177,0.1375517155367605,191.0,1.0105820105820107,189.0,1.0441988950276244,181.0,1.0342857142857145,0.15463917525773196,1.04093567251462,171.0,0.9395604395604396,182.0,0.978494623655914,186.0,0.9946524064171124,250.0,-0.2991874012840454,0.16240796931856255,126.0,124.0,0.24087437336838044,-0.5191088295352069,0.5264829216368495,-0.6291104321407841,-0.216151324397101,0.405,0.485,0.505,0.525,0.68,0,-15.134772,35.84842
0.1408083441981747,0.14868925418443743,170.0,1.0303030303030305,165.0,0.9482758620689656,174.0,1.0481927710843373,0.13659793814432988,1.0123456790123457,162.0,1.0318471337579618,157.0,1.0328947368421053,152.0,0.95,231.0,-0.2187412644912004,0.18700259071124764,117.0,114.0,0.264126993733422,-0.5275665583775112,0.589876150013231,-0.4229468257852408,-0.1967133203336727,0.395,0.485,0.51,0.53,0.68,0,-4.6748753,38.33471
0.10951760104302477,0.1363749921374836,156.0,0.975,160.0,1.019108280254777,157.0,0.9631901840490796,0.13659793814432988,1.0379746835443038,158.0,0.9461077844311376,167.0,0.9653179190751444,173.0,1.0880503144654088,227.0,-0.3099089385101556,0.10134840989763873,113.0,114.0,0.2893981796977035,-0.4862279424256338,0.3508284301444041,-0.4568944627318174,-0.2982989461097455,0.37,0.47,0.5,0.52,0.85,0,-32.7446,-8.724867
0.09778357235984354,0.13730743604909848,146.0,0.9605263157894736,152.0,1.0,152.0,1.0410958904109588,0.11469072164948453,0.98,150.0,1.851851851851852,81.0,0.3838862559241706,211.0,1.4859154929577465,202.0,-0.2239155746014977,0.1806581365621146,100.0,102.0,0.30924509328708794,-0.3031308426176587,0.4351849111268705,-0.5106302460849209,-0.2344633009945713,0.335,0.465,0.495,0.57,0.815,0,-24.028782,9.239984
0.1016949152542373,0.28024752812878134,86.0,0.4215686274509804,204.0,1.3421052631578947,152.0,1.027027027027027,0.12242268041237113,1.0408163265306123,147.0,1.0,147.0,1.0208333333333333,144.0,1.0140845070422535,207.0,-0.2374291044594375,0.19255907857338536,100.0,107.0,0.3268471064264565,-0.3123495087863217,0.4313822105898568,-0.5470785385676483,-0.2559772965589255,0.325,0.45,0.485,0.56,0.74,0,-16.004517,3.7579904
0.121251629726206,0.12667624079396567,174.0,0.9666666666666668,180.0,1.0285714285714285,175.0,0.9887005649717514,0.15335051546391754,1.0,177.0,1.0290697674418603,172.0,0.9828571428571428,175.0,1.0294117647058822,250.0,-0.2452284989467759,0.17806044161509132,127.0,123.0,0.25653568478735467,-0.5153447835307942,0.5598458375275025,-0.4996394248214569,-0.0891513216560685,0.4,0.485,0.51,0.53,0.7,0,-9.309026,38.142113
0.08604954367666232,0.15062280108176399,128.0,0.962406015037594,133.0,0.93006993006993,143.0,1.0437956204379562,0.09278350515463918,0.9420289855072463,138.0,1.0,138.0,0.9857142857142858,140.0,0.9722222222222222,180.0,-0.1380952059699272,0.21483969811098189,89.0,91.0,0.3123121858066016,-0.2968302057735126,0.4602845642951116,-0.5357236801683959,0.3078533015275434,0.34,0.46,0.5,0.53,0.735,0,-18.714645,11.336163
0.121251629726206,0.1590413199410377,148.0,0.8457142857142858,175.0,1.0355029585798816,169.0,1.4201680672268908,0.14304123711340205,1.005952380952381,168.0,1.0120481927710845,166.0,1.0246913580246917,162.0,1.0,234.0,-0.2912411993384126,0.083960786391339,116.0,118.0,0.28749603273517244,-0.4669054709162861,0.36762187108967964,-0.3711417818199548,-0.292626339547843,0.38,0.48,0.5,0.52,0.795,0,-35.576904,-7.2701936
0.14863102998696218,0.14390960809750114,180.0,0.994475138121547,181.0,1.0168539325842696,178.0,1.04093567251462,0.14561855670103094,1.0301204819277108,166.0,0.9378531073446328,177.0,0.9833333333333332,180.0,1.0227272727272727,242.0,-0.2252742653959447,0.17839908413783484,123.0,119.0,0.26210268710095896,-0.476374917863946,0.5447997129909069,-0.5246228670414967,-0.0957693000592942,0.405,0.49,0.51,0.535,0.69,0,-11.921167,35.966145
0.1016949152542373,0.14279653983068039,145.0,1.0069444444444444,144.0,1.0140845070422535,142.0,1.0070921985815602,0.1056701030927835,1.0,140.0,0.9523809523809524,147.0,1.013793103448276,145.0,0.9931506849315068,197.0,-0.2493915269639663,0.19634980032940808,99.0,98.0,0.29530666268039785,-0.305377551333885,0.4489729788198489,-0.4805117223452504,-0.187422257614013,0.34,0.47,0.505,0.575,0.76,0,-21.55959,9.941742
0.16036505867014342,0.15510869160892138,179.0,1.0170454545454546,176.0,1.011494252873563,174.0,0.9830508474576272,0.14690721649484537,0.9717514124293786,177.0,1.0,177.0,0.9833333333333332,180.0,0.9523809523809524,238.0,-0.1764976339031171,0.18888565001939456,118.0,120.0,0.27728995265909795,-0.4855201588289149,0.626656336834409,-0.4272615918744968,-0.0249148915627416,0.385,0.475,0.5,0.52,0.685,0,0.35022488,34.450455
0.12646675358539766,0.15040485456591102,158.0,1.0128205128205128,156.0,0.975,160.0,0.963855421686747,0.12757731958762886,0.9691358024691358,162.0,0.9529411764705882,170.0,1.0059171597633136,169.0,0.9941176470588236,220.0,-0.2830845201560402,0.09972692382279552,111.0,109.0,0.27538627483169065,-0.479943558048482,0.3841816357602838,-0.3389698976726751,-0.2142117896376843,0.37,0.485,0.505,0.53,0.855,0,-33.52537,-4.346587
0.11734028683181226,0.1330824895020627,,1.0060975609756098,164.0,0.970414201183432,169.0,1.0696202531645569,0.13530927835051546,1.0061728395061729,162.0,1.0253164556962024,158.0,1.0193548387096774,155.0,1.0,226.0,-0.3012546865223723,0.09264973125936767,112.0,114.0,0.28282270315360697,-0.4542962159261504,0.338700506960599,-0.5050172564185627,-0.2774858627592962,0.375,0.475,0.495,0.52,0.805,0,-32.411156,-10.233735
0.10951760104302477,0.13762615820415808,155.0,1.597938144329897,97.0,0.4163090128755364,233.0,1.3546511627906976,0.13788659793814434,1.0,165.0,0.9428571428571428,175.0,1.0416666666666667,168.0,1.105263157894737,227.0,-0.2237512846204419,0.32541873158648427,112.0,115.0,0.2966532179253861,-0.2228609177491314,0.6588877195493046,-0.4823957399253757,0.3871270352581849,0.335,0.44,0.5,0.62,0.525,0,8.333777,28.922974
0.258148631029987,0.2894596526353007,153.0,1.02,150.0,0.9036144578313252,166.0,1.006060606060606,0.12242268041237113,1.9870129870129871,77.0,0.2927756653992395,263.0,1.5290697674418603,172.0,1.011764705882353,212.0,-0.3139422754844478,0.29615694877462023,105.0,107.0,0.2535397902198362,-0.3398316847104887,0.6108813335202186,-0.4989074688250085,0.1336071164327265,0.32,0.445,0.5,0.6,0.53,0,11.956735,27.77845
0.05997392438070404,0.22902410682996105,79.0,1.082191780821918,73.0,0.4124293785310734,177.0,1.5258620689655171,0.07087628865979381,1.0,113.0,1.0089285714285714,112.0,1.0666666666666669,105.0,0.945945945945946,156.0,0.2485467561954191,0.43836238768061037,77.0,79.0,0.4076370887131843,-0.1333009548462394,0.8545833984572064,-0.5991763175220234,0.9148714719590814,0.305,0.455,0.495,0.54,0.86,0,24.41316,23.185808
0.0560625814863103,0.14279653983068039,110.0,1.02803738317757,107.0,0.9907407407407408,108.0,1.0,0.06829896907216494,1.0471698113207548,106.0,0.9814814814814816,108.0,0.9473684210526316,114.0,0.9743589743589745,154.0,0.0022392735065371,0.43791658725118465,77.0,77.0,0.4479908195730345,-0.2679259297060044,0.6483468405055751,-1.0118797468430143,0.1954378676340784,0.345,0.465,0.5,0.545,0.815,0,18.75309,23.491762
0.1316818774445893,0.14279653983068039,168.0,1.05,160.0,1.019108280254777,157.0,1.0064102564102564,0.12886597938144329,1.0063694267515924,157.0,1.0328947368421053,152.0,0.9212121212121211,165.0,1.0,228.0,-0.2651077538516685,0.09815603661327228,118.0,110.0,0.3032336426057568,-0.4574238902052903,0.3817749633059896,-0.3872154116674685,-0.2093714656201183,0.395,0.495,0.515,0.535,0.86,0,-35.4493,-4.2249923
0.15123859191655803,0.15811759715044874,170.0,1.0240963855421688,166.0,0.9707602339181286,171.0,0.9447513812154696,0.13402061855670103,0.9257142857142857,175.0,0.9562841530054644,183.0,1.0338983050847457,177.0,1.0,227.0,-0.2313640654871532,0.17922563431532634,114.0,113.0,0.2690954383430258,-0.5222074748962544,0.556909454584632,-0.4621798383821263,-0.1471264816900658,0.355,0.48,0.505,0.525,0.675,0,-10.996966,36.38093
0.10951760104302477,0.13762615820415808,155.0,1.0064935064935066,154.0,1.013157894736842,152.0,0.9559748427672956,0.1134020618556701,1.0,146.0,0.9864864864864864,148.0,0.9367088607594936,158.0,1.025974025974026,201.0,-0.0939133395107682,0.16549635691030992,99.0,102.0,0.36828382433625356,-0.2435765355576062,0.5150685874731906,-0.3893633597011152,0.1249963086425532,0.38,0.465,0.495,0.52,0.755,0,-17.503187,18.991064
0.11082138200782268,0.13397599884832703,159.0,1.0063291139240509,158.0,0.9813664596273292,161.0,0.9757575757575756,0.13917525773195877,0.9940119760479041,167.0,1.030864197530864,162.0,0.9759036144578314,166.0,1.01840490797546,225.0,-0.3730040887404772,0.07797341458412142,109.0,116.0,0.2572213432902915,-0.5294110062134174,0.3175056068573572,-0.4760358336616743,-0.2958412465053154,0.32,0.465,0.485,0.505,0.82,0,-29.951794,-13.156232
0.22816166883963493,0.26567927648769446,150.0,0.9803921568627452,153.0,1.9870129870129871,77.0,0.2927756653992395,0.12371134020618557,0.9808917197452229,157.0,0.9691358024691358,162.0,0.9204545454545454,176.0,1.1282051282051282,212.0,-0.3322122840936929,0.3119717874313519,105.0,107.0,0.2654185762177779,-0.3592626003761091,0.607270380890239,-0.5425257473484655,0.1363786926468577,0.335,0.44,0.505,0.6,0.535,0,11.887059,27.775042
0.14602346805736635,0.1439221144825216,178.0,1.065868263473054,167.0,0.9940476190476192,168.0,1.0059880239520955,0.12757731958762886,0.9631901840490797,163.0,0.9819277108433736,166.0,0.988095238095238,168.0,1.0,224.0,-0.1617440201988201,0.20325668047507728,115.0,109.0,0.28961667814588177,-0.4943210456356171,0.630421614816146,-0.465471310628168,-0.0698975458749057,0.36,0.49,0.515,0.535,0.7,0,2.0243468,33.785732
0.1395045632333768,0.14872412231670817,169.0,1.0696202531645569,158.0,0.9575757575757576,165.0,1.0248447204968945,0.13144329896907217,0.9467455621301775,169.0,0.9941176470588236,170.0,0.9826589595375722,173.0,0.9719101123595506,225.0,-0.2718621609926754,0.19562207499015635,113.0,112.0,0.2511050401329949,-0.550683263719714,0.5884283650578087,-0.4532404267486857,-0.149280527254362,0.335,0.485,0.505,0.53,0.69,0,-4.977696,39.833805
0.09778357235984354,0.13730743604909848,146.0,0.948051948051948,154.0,1.0198675496688745,151.0,1.0272108843537415,0.1172680412371134,1.0067567567567568,148.0,0.9736842105263158,152.0,1.034013605442177,147.0,1.0425531914893618,207.0,-0.2505310577028561,0.1864367618711744,103.0,104.0,0.30571308443316947,-0.3610131151783281,0.4399780723368221,-0.5415906693955173,-0.2206166650911816,0.345,0.465,0.5,0.565,0.79,0,-23.432125,9.491511
0.09908735332464146,0.1347286624604358,149.0,0.9933333333333332,150.0,1.0,150.0,0.967741935483871,0.1481958762886598,0.9829545454545454,176.0,0.9565217391304348,184.0,1.010989010989011,182.0,1.064327485380117,236.0,-0.2053641345277516,0.15555382048647556,115.0,121.0,0.2808917277657166,-0.4267631391575785,0.5118040473840578,-0.4649038565909367,-0.190652383169782,0.33,0.465,0.49,0.515,0.68,0,-13.87503,32.315224
0.061277705345501955,0.14105434602174352,115.0,1.0267857142857142,112.0,1.018181818181818,110.0,0.9565217391304348,0.07216494845360824,1.0961538461538463,104.0,0.9369369369369368,111.0,0.9736842105263158,114.0,1.0363636363636364,156.0,0.1927473810616063,0.4057061446115977,77.0,79.0,0.42401511387640045,-0.1161273556532589,0.745747740935705,-0.8729221774663178,0.4513957637766138,0.32,0.46,0.5,0.54,0.875,0,21.663248,23.750917
0.13820078226857888,0.13826880450801957,177.0,0.9619565217391304,184.0,1.005464480874317,183.0,0.963157894736842,0.15335051546391754,0.9943820224719101,178.0,1.0229885057471264,174.0,1.0,174.0,1.0116279069767442,248.0,-0.259799002738061,0.19168362829596272,125.0,123.0,0.26115727967269303,-0.5610095272148533,0.6132628961794541,-0.3562474890261582,-0.1221313291663197,0.345,0.48,0.505,0.53,0.7,0,-0.48213872,37.769722
0.14471968709256844,0.15472227126090302,168.0,0.9333333333333332,180.0,0.994475138121547,181.0,1.0,0.1559278350515464,1.022857142857143,175.0,0.9831460674157304,178.0,1.0470588235294118,170.0,1.0365853658536586,246.0,-0.2538793556548774,0.16765075169958557,121.0,125.0,0.2547538649579892,-0.4597400958550893,0.5146987028111167,-0.6946237652339671,0.0560280239420849,0.335,0.47,0.495,0.515,0.715,0,-15.345778,34.98898
0.1303780964797914,0.1392609112184261,170.0,1.0059171597633136,169.0,0.9441340782122905,179.0,0.9944444444444444,0.15979381443298968,0.9680851063829787,188.0,1.032967032967033,182.0,1.0520231213872833,173.0,1.0116959064327486,248.0,-0.243674214546432,0.17730048980787522,121.0,127.0,0.24476422007903562,-0.569791906159787,0.5312483309654602,-0.4977200552863881,0.1318167351319872,0.34,0.465,0.49,0.51,0.685,0,-13.810999,36.390053
0.05736636245110821,0.14279653983068039,111.0,1.009090909090909,110.0,1.0091743119266054,109.0,0.4823008849557522,0.09020618556701031,0.5688888888888889,225.0,1.0180995475113122,221.0,0.9910313901345292,223.0,1.9910714285714288,161.0,-0.1691290830107561,0.8919912315225925,72.0,89.0,0.7934690236805481,-0.4152881899682529,0.9214163999580616,-1.6106101367329515,2.4030502368940163,0.42,0.385,0.455,0.65,0.475,2,35.37571,-5.2827306
0.20599739243807041,0.14459342133765563,223.0,1.0276497695852536,217.0,0.9475982532751092,229.0,1.0504587155963303,0.06701030927835051,0.5045871559633027,218.0,1.9292035398230087,113.0,1.0560747663551402,107.0,0.9727272727272728,157.0,0.0101759826836615,0.8168198987030308,80.0,77.0,0.6383966633815031,-0.3293863306887025,0.952300173718744,-0.7402074587964189,0.0316031905668722,0.455,0.425,0.51,0.57,0.86,2,36.398125,-2.6709692
0.20078226857887874,0.2804431499260745,131.0,0.4943396226415094,265.0,1.853146853146853,143.0,0.5860655737704918,0.23195876288659795,1.9193548387096773,124.0,0.5662100456621004,219.0,1.319277108433735,166.0,0.9822485207100592,253.0,-0.0962825246400319,0.4340467699557953,87.0,166.0,0.7115792248296459,-0.3413436412019423,0.7759313373291619,-0.5726668796377511,-0.4563528978104958,0.32,0.28,0.345,0.4,0.59,2,23.871796,-0.4615518
0.10430247718383312,0.14985119785982615,142.0,0.953020134228188,149.0,0.9612903225806452,155.0,0.9171597633136096,0.23711340206185566,1.423529411764706,170.0,1.0,170.0,0.9659090909090908,176.0,1.0864197530864197,224.0,-0.2499305959004489,0.537672476817121,55.0,169.0,0.5613573310448375,-0.2364367340717513,0.4790171943369232,-2.138289917719522,0.4373940925804521,0.23,0.2,0.25,0.305,0.435,2,17.203947,-21.03892
0.04954367666232073,0.1409064239058904,106.0,0.9464285714285714,112.0,1.0,112.0,1.0467289719626167,0.07989690721649484,1.188118811881188,101.0,0.8145161290322581,124.0,1.1272727272727272,110.0,1.0,153.0,-0.172524704558147,0.8277500081366062,69.0,84.0,0.7999090527734675,-0.2712209143532064,0.895460969240664,-1.4852193723364948,2.2148974332262736,0.425,0.385,0.46,0.66,0.485,2,35.34274,-4.8221703
0.08735332464146023,0.1342100132009201,140.0,1.5909090909090908,88.0,0.6068965517241379,145.0,0.9119496855345912,0.13530927835051546,1.1897810218978102,137.0,0.7405405405405405,185.0,1.3120567375886525,141.0,0.9463087248322148,176.0,-0.2174563447379708,0.32739126843562993,62.0,114.0,0.55634808942316,-0.2086092681532503,0.4452180917435991,0.1837698684188906,0.2959512177719131,0.33,0.26,0.35,0.41,0.42,2,7.593184,-4.0931587
0.11994784876140809,0.1716242071728013,139.0,0.4744027303754266,293.0,2.401639344262295,122.0,0.7134502923976608,0.16108247422680413,1.7264150943396226,106.0,0.6385542168674698,166.0,1.537037037037037,108.0,0.6708074534161491,209.0,0.0770552136970808,0.4900192248914225,81.0,128.0,0.5506993342450185,0.8000404085165944,0.38022810395163265,0.9257064012069098,0.986279140370351,0.495,0.56,0.58,0.595,0.6,2,12.547927,-22.560738
0.16297262059973924,0.21721310395526966,140.0,1.09375,128.0,0.7272727272727273,176.0,1.353846153846154,0.14175257731958762,1.4736842105263157,114.0,0.8976377952755905,127.0,0.675531914893617,188.0,1.1124260355029585,186.0,-0.112570827481132,0.27189210031023997,69.0,117.0,0.606433187732023,-0.0767848138927866,0.39010089129411857,-0.5422022020846503,-0.2966857328729065,0.34,0.24,0.365,0.53,0.635,2,5.692219,-7.3416257
0.048239895697522815,0.10029756964297787,132.0,1.5,88.0,1.035294117647059,85.0,0.4594594594594595,0.12886597938144329,1.3166666666666669,120.0,0.9917355371900828,121.0,1.5125,80.0,0.4968944099378882,167.0,-0.1936509864235914,0.5615460463582987,57.0,110.0,0.49007202502032354,0.2729972416645131,0.3063546895322626,-0.1446273854825775,0.483309623793745,0.53,0.47,0.6,0.76,0.65,2,8.236216,-23.990532
0.12385919165580182,0.0644633144363759,266.0,1.4456521739130437,184.0,1.362962962962963,135.0,0.5443548387096774,0.16752577319587628,1.0742857142857145,175.0,1.1217948717948718,156.0,0.9873417721518988,158.0,1.58,196.0,-0.2223769039991039,0.28994116959270033,65.0,131.0,0.29614565908912827,-0.2692141763952404,0.42946854616881347,0.0565306549974569,0.1634570082849166,0.185,0.23,0.33,0.385,0.395,2,-7.6650686,4.838127
0.34028683181225555,0.5138838211342343,115.0,0.732484076433121,157.0,1.2764227642276422,123.0,0.984,0.13402061855670103,1.255813953488372,129.0,0.9847328244274808,131.0,0.9632352941176472,136.0,0.8292682926829268,204.0,-0.0514856179649129,0.1793953180848876,91.0,113.0,0.46489269454813126,0.4450845140266675,0.20628563448949647,0.1409512078919686,0.498113035692972,0.605,0.625,0.64,0.725,0.655,2,-3.355206,-37.094776
0.121251629726206,0.1890316832216974,130.0,0.8280254777070064,157.0,1.0194805194805194,154.0,1.2941176470588236,0.20231958762886598,1.5579710144927537,138.0,1.022222222222222,135.0,0.7377049180327869,183.0,1.2119205298013245,228.0,-0.7889698739692852,0.5992069577993837,78.0,150.0,0.6750309278008906,1.3044096167261463,0.5169106292747782,-1.965282561679548,-1.0316531756845952,0.305,0.34,0.35,0.54,0.4,2,18.926205,-19.485903
0.10821382007822686,0.12910787418903352,161.0,0.9526627218934912,169.0,1.69,100.0,0.4739336492890995,0.19716494845360824,1.2787878787878788,165.0,1.65,100.0,0.5291005291005291,189.0,1.3897058823529411,217.0,-0.1924253624708003,0.2442170520719281,70.0,147.0,0.28864169452815885,-0.3508333250420016,0.48748752219044833,-0.3555163658874118,-0.1670861239656541,0.17,0.28,0.325,0.395,0.565,2,-10.808869,7.0336475
0.09778357235984354,0.17374526724959963,123.0,1.0982142857142858,112.0,1.009009009009009,111.0,0.9736842105263158,0.09149484536082474,1.1727272727272726,110.0,0.7638888888888888,144.0,1.3457943925233644,107.0,0.823076923076923,167.0,0.175049757965023,0.5799374094340027,77.0,90.0,0.6529354848389196,1.04398700637556,0.4723385933182859,0.5689032736479115,1.302016735371178,0.625,0.635,0.69,0.815,0.705,2,17.246416,-19.220743
0.20730117340286833,0.3540771344781157,110.0,0.5092592592592593,216.0,1.7851239669421488,121.0,0.5283842794759825,0.211340206185567,1.88135593220339,118.0,0.4682539682539682,252.0,2.1,120.0,0.5769230769230769,232.0,-0.0879407795851759,0.3734748495200066,77.0,155.0,0.7489238734247207,-0.1872853642671879,0.6295895943126648,-0.5529534082761433,-0.4653016376495407,0.315,0.27,0.335,0.405,0.58,2,22.07625,1.7896135
0.11603650586701435,0.2488653981983076,102.0,0.5425531914893617,188.0,1.540983606557377,122.0,0.6224489795918368,0.2036082474226804,2.3225806451612905,93.0,0.5195530726256983,179.0,1.6272727272727272,110.0,0.5670103092783505,226.0,-0.2120740779550235,0.07984906275159745,75.0,151.0,0.2809745210230163,-0.4056028921993359,0.16761568105458177,-0.830666627456895,-0.0276164190189286,0.175,0.305,0.335,0.365,0.555,2,-15.760185,-23.844528
0.024771838331160364,0.046870292835580474,165.0,1.3636363636363635,121.0,1.2346938775510203,98.0,0.3967611336032389,0.041237113402061855,0.5625,160.0,1.3675213675213675,117.0,1.0,117.0,1.017391304347826,131.0,-0.194925128338953,0.3928795781140981,69.0,62.0,0.37402939220549036,-0.1745084680667802,0.4663518416486219,-1.3285420794274252,-0.0914820357785452,0.425,0.33,0.52,0.595,0.895,2,-2.0311458,3.658568
0.05215123859191656,0.11258468687411638,126.0,1.105263157894737,114.0,1.5405405405405406,74.0,0.4567901234567901,0.11082474226804123,1.263157894736842,114.0,1.4430379746835442,79.0,0.5374149659863946,147.0,1.7294117647058824,164.0,-0.2928268223325338,0.390337680800777,64.0,100.0,0.28339576006980016,-0.2487333197107542,0.6050798069492047,-1.1374540574385257,-0.1660918870154865,0.3,0.285,0.395,0.44,0.7,2,17.495678,17.30845
0.10951760104302477,0.15400505944062393,143.0,1.181818181818182,121.0,0.8461538461538461,143.0,0.9166666666666666,0.12371134020618557,0.6637931034482759,232.0,1.2340425531914894,188.0,1.125748502994012,167.0,1.0372670807453417,189.0,-0.8621535316020751,0.6231814912671074,82.0,107.0,0.586203000732599,1.0363242157384993,0.47465053368797383,-1.897140867848401,-1.0544687889439115,0.38,0.425,0.44,0.675,0.775,2,17.774437,-19.685045
0.1694915254237288,0.28565643216350395,115.0,0.5275229357798165,218.0,1.6641221374045805,131.0,0.6968085106382979,0.13530927835051546,1.1560283687943262,141.0,1.0,141.0,1.0846153846153843,130.0,0.948905109489051,240.0,-0.1642702199976934,0.5077396283507678,126.0,114.0,0.668330337719911,1.492756700639559,0.5526942197866984,-0.7095449633386021,-0.1909989232830894,0.49,0.52,0.53,0.595,0.895,2,18.04995,-15.068068
0.04041720990873533,0.05593861149495481,173.0,1.5446428571428572,112.0,0.7368421052631579,152.0,1.4205607476635511,0.14175257731958762,1.68,100.0,0.591715976331361,169.0,1.4695652173913043,115.0,0.6084656084656085,189.0,-0.169833134854095,0.49120713823242257,72.0,117.0,0.5265449637462908,-2.035718712807176,0.3093689758710015,0.7801693682236736,0.4294925607096612,0.605,0.45,0.64,0.65,0.705,2,5.721252,-22.076748
0.11864406779661017,0.30216767803456474,88.0,0.5432098765432098,162.0,1.1911764705882353,136.0,0.9251700680272108,0.21778350515463918,1.4012345679012346,162.0,0.6532258064516129,248.0,1.0333333333333334,240.0,1.7142857142857142,222.0,-0.3672335445619152,0.2726542777485757,64.0,158.0,0.5589551078581978,-0.3711877537783956,0.35195781256352465,0.0548833619836841,0.1582550571285439,0.275,0.19,0.29,0.34,0.345,2,4.985425,-8.705642
0.018252933507170794,0.05136059630124184,149.0,1.2627118644067796,118.0,0.975206611570248,121.0,1.2872340425531914,0.12886597938144329,1.6288659793814433,97.0,0.6928571428571428,140.0,1.2173913043478262,115.0,0.9913793103448276,179.0,-0.1647232690124654,0.5100046226728162,69.0,110.0,0.5478810695046997,0.1483801617590671,0.2994604954234177,-0.1281155884655518,-0.1176741207609662,0.34,0.505,0.63,0.76,0.8,2,6.537462,-22.143276
0.0938722294654498,0.13583986316305052,144.0,0.979591836734694,147.0,0.9671052631578948,152.0,0.9934640522875816,0.18427835051546393,1.358108108108108,148.0,1.0,148.0,1.0068027210884354,147.0,1.0208333333333333,200.0,-0.287421932591338,0.311346159653588,60.0,140.0,0.5525126698487072,-0.3082763748543909,0.6382943056934538,-0.6005174724669249,-0.5045172675435775,0.28,0.25,0.305,0.35,0.535,2,14.485846,-0.42984247
0.09256844850065189,0.2274815275537459,97.0,0.5843373493975904,166.0,1.5229357798165135,109.0,0.6526946107784432,0.11469072164948453,1.105263157894737,133.0,1.015267175572519,131.0,0.9924242424242424,132.0,0.8859060402684564,174.0,-0.1486032154522322,0.45860567464794433,72.0,102.0,0.45417119805205275,0.5622949573588627,0.28214222334949507,0.7311609571488569,0.7351625735869551,0.57,0.62,0.65,0.66,0.665,2,1.0850593,-30.421225
0.05736636245110821,0.15028634499059595,107.0,0.9907407407407408,108.0,1.018867924528302,106.0,0.9636363636363636,0.08376288659793814,1.128440366972477,109.0,1.0092592592592593,108.0,0.4909090909090909,220.0,0.990990990990991,151.0,-0.1070972511253801,0.8905563784539482,65.0,86.0,0.8234565652127944,0.1789526119622565,0.8753141430148401,-1.659593346894556,-0.6571914775047063,0.4,0.37,0.43,0.65,0.75,2,35.297733,-5.4283795
0.15384615384615385,0.27940037257686706,110.0,0.4700854700854701,234.0,1.570469798657718,149.0,0.7680412371134021,0.20876288659793815,1.2359550561797752,178.0,0.8944723618090452,199.0,0.9567307692307692,208.0,1.1751412429378532,227.0,-0.1473233311776118,0.4488982107995326,73.0,154.0,0.6564181809880538,-0.4337634620315835,0.795497655056345,-0.4165334083649952,-0.4165334083649952,0.295,0.26,0.325,0.375,0.375,2,23.63356,-0.8095754
0.054758800521512385,0.1104319394569685,130.0,0.7602339181286549,171.0,1.401639344262295,122.0,0.6931818181818182,0.15463917525773196,1.5344827586206895,116.0,0.6270270270270271,185.0,1.796116504854369,103.0,0.6518987341772152,197.0,-0.0210234299239669,0.4223424685380014,73.0,124.0,0.5661896309900425,0.839180052504078,0.317752577468138,0.0335280351094998,0.8058529254961833,0.545,0.575,0.58,0.73,0.595,2,3.523632,-21.61409
0.06649282920469361,0.16976704014210695,104.0,0.538860103626943,193.0,1.7232142857142858,112.0,0.8484848484848485,0.12371134020618557,1.203125,128.0,1.0078740157480317,127.0,1.1339285714285714,112.0,0.7671232876712328,181.0,-0.0738948784696117,0.4764270338771501,74.0,107.0,0.5235130366563898,-2.1891761408595007,0.2912859887981468,-0.1014519562179124,0.7143502016789507,0.605,0.41,0.66,0.87,0.685,2,7.834348,-25.922682
0.1303780964797914,0.26109979561848895,105.0,0.7446808510638298,141.0,1.3823529411764706,102.0,0.68,0.125,1.3247863247863247,117.0,0.78,150.0,1.3761467889908257,109.0,0.7414965986394558,179.0,-0.0992955234386221,0.44419353884132,71.0,108.0,0.5302757199904518,0.7119067499796935,0.28001796024888653,0.7256577801096114,0.5892394434766961,0.58,0.61,0.615,0.625,0.665,2,2.0285363,-33.77805
0.06910039113428944,0.23926245628848128,81.0,0.5364238410596026,151.0,1.2796610169491525,118.0,1.0085470085470083,0.11855670103092783,1.271186440677966,118.0,0.9833333333333332,120.0,1.5,80.0,0.5298013245033113,162.0,-0.1340287986124051,0.5827553654374982,57.0,105.0,0.522848781645201,0.3104713389467047,0.3364650055696206,-0.1092882014354218,0.5757539940000035,0.555,0.475,0.62,0.79,0.675,2,14.727108,-30.63603
0.06388526727509779,0.22936851613896328,81.0,0.5328947368421053,152.0,1.2991452991452992,117.0,0.9915254237288136,0.12757731958762886,1.319327731092437,119.0,1.043859649122807,114.0,1.2527472527472527,91.0,0.65,167.0,-0.147312012100061,0.5992133027904328,58.0,109.0,0.5656858337043877,0.3063690130691567,0.3435292768717903,-0.0665692221139948,0.8208411874327717,0.58,0.475,0.615,0.765,0.645,2,15.409918,-29.325275
0.09778357235984354,0.12365460148408103,157.0,0.8971428571428571,175.0,1.2152777777777777,144.0,1.0827067669172932,0.09020618556701031,0.962406015037594,133.0,1.047244094488189,127.0,1.040983606557377,122.0,1.90625,140.0,-0.2157601098775074,0.2170807637548719,51.0,89.0,0.3855842549536969,0.1485588517874408,0.10743445235279564,-0.2083288282060304,0.1395982032083144,0.605,0.62,0.645,0.805,0.67,2,-12.759924,-22.373531
0.12385919165580182,0.14786874965416746,158.0,1.025974025974026,154.0,1.0694444444444444,144.0,1.0,0.2036082474226804,1.565217391304348,138.0,1.8904109589041096,73.0,0.3596059113300492,203.0,1.380952380952381,209.0,-0.158063474896004,0.5367250430897634,58.0,151.0,0.28998611198009727,-0.173739353852456,0.3757687429936959,-1.8610905919472904,0.1349681435387484,0.205,0.23,0.28,0.345,0.47,2,12.2223015,-40.595287
0.11734028683181226,0.2448991481525096,104.0,0.832,125.0,1.0593220338983051,118.0,1.0350877192982455,0.09407216494845361,1.1196581196581197,117.0,1.4625,80.0,0.5369127516778524,149.0,1.817073170731708,162.0,-0.2241009056003058,0.38297966189172733,71.0,91.0,0.5437984015297707,-0.0747889421770166,0.5381603488253106,-1.3471355567682408,-0.2814840278860507,0.35,0.28,0.395,0.445,0.665,2,11.741642,-5.513397
0.028683181225554105,0.05823226241637441,154.0,1.115942028985507,138.0,0.8961038961038961,154.0,1.673913043478261,0.2770618556701031,1.8571428571428568,147.0,0.8596491228070176,171.0,0.9715909090909092,176.0,1.8333333333333333,250.0,-0.2351096115976607,0.23512400438113382,59.0,191.0,0.296469535841492,-0.2574860002468886,0.42416371682944265,-0.0404316240601349,0.1182413842214007,0.14,0.175,0.235,0.28,0.285,2,-7.81752,7.0677404
0.11603650586701435,0.22402044038246707,111.0,0.676829268292683,164.0,1.4774774774774777,111.0,0.5935828877005348,0.18041237113402062,1.559055118110236,127.0,0.7514792899408284,169.0,1.6095238095238096,105.0,0.6481481481481481,219.0,-0.0569811029047102,0.45346963985323013,81.0,138.0,0.5474843386189031,0.7566536642663719,0.2910992123229108,-0.0529994318620911,0.6671091792805122,0.575,0.615,0.62,0.77,0.645,2,2.8040874,-31.987099
0.11864406779661017,0.18225986929068985,132.0,1.064516129032258,124.0,1.158878504672897,107.0,0.6369047619047619,0.15721649484536082,0.7964601769911505,226.0,1.852459016393443,122.0,0.976,125.0,1.3440860215053765,193.0,-0.3013184461256579,0.35699012704230043,68.0,125.0,0.6136377073610425,-0.316408720510753,0.437761716041805,0.0021198286465202,0.0759899698272706,0.335,0.255,0.355,0.415,0.42,2,7.686531,-5.449549
0.121251629726206,0.14533264474242388,158.0,0.8926553672316384,177.0,0.917098445595855,193.0,1.032085561497326,0.24484536082474226,1.2984293193717278,191.0,1.19375,160.0,1.0666666666666669,150.0,0.8670520231213873,259.0,-0.2844709012849769,0.4508911651458586,86.0,173.0,0.6882411876276563,-0.3407029812059174,0.6556493838303632,-0.8441391103883316,-0.7672614874372845,0.31,0.27,0.335,0.425,0.4,2,20.986834,-3.8029377
0.09908735332464146,0.1414052044971544,144.0,1.051094890510949,137.0,1.1322314049586777,121.0,0.7469135802469136,0.15335051546391754,1.5526315789473684,114.0,0.7354838709677419,155.0,1.1654135338345866,133.0,0.910958904109589,194.0,-0.1334358409966687,0.4928932735210776,71.0,123.0,0.5122611056846648,0.4165515114167162,0.2936212398837889,0.6704064316364088,0.6930551162395661,0.55,0.52,0.59,0.605,0.61,2,8.164388,-26.082113
0.0560625814863103,0.13747745253790855,113.0,0.837037037037037,135.0,1.2735849056603774,106.0,0.8153846153846154,0.14304123711340205,1.111842105263158,152.0,1.6521739130434785,92.0,0.4532019704433497,203.0,1.301282051282051,183.0,-0.1475789870551793,0.30800027913207756,65.0,118.0,0.30271251745411215,-0.2207961389230247,0.42309779784171503,0.2240460269815353,0.4763379790268224,0.27,0.245,0.355,0.42,0.43,2,-7.2022495,3.5153606
0.06388526727509779,0.14453873363961725,115.0,1.4024390243902438,82.0,0.543046357615894,151.0,1.290598290598291,0.10695876288659793,1.3055555555555556,108.0,0.9,120.0,1.0434782608695652,115.0,1.0267857142857142,158.0,-0.0779332034835653,0.5783665396775343,60.0,98.0,0.5547532889891217,0.7239244500593134,0.35329546509759246,0.8202558873696445,0.8202558873696445,0.59,0.605,0.645,0.665,0.665,2,13.464433,-25.372742
0.14341590612777053,0.2901143986746071,102.0,0.576271186440678,177.0,1.2826086956521738,138.0,1.0615384615384615,0.19716494845360824,1.4256756756756757,148.0,1.1653543307086611,127.0,1.0,127.0,1.4941176470588236,211.0,-0.2566930845951294,0.2825361027398259,64.0,147.0,0.5018129079116815,-0.245742363228047,0.4218406129892616,-7.708316238550362e-05,0.1213195791536646,0.28,0.235,0.305,0.36,0.365,2,5.551347,-8.347491
0.061277705345501955,0.14637425925974715,112.0,1.0275229357798166,109.0,0.9732142857142856,112.0,0.9333333333333332,0.2036082474226804,1.6744186046511629,129.0,1.162162162162162,111.0,0.3293768545994065,337.0,1.4716157205240177,227.0,-0.5555734721365561,0.7628458835032265,76.0,151.0,0.6531238247766175,-0.7738464133905141,0.731214704853676,2.1173665153470265,2.1173665153470265,0.295,0.265,0.315,0.33,0.33,2,38.85471,-6.9418254
0.11864406779661017,0.1319991111345746,167.0,0.9881656804733728,169.0,1.005952380952381,168.0,0.9824561403508772,0.2422680412371134,1.455621301775148,169.0,1.0180722891566265,166.0,1.106666666666667,150.0,1.020408163265306,244.0,-0.1760798431603379,0.2182991559269553,72.0,172.0,0.2953913751142947,-0.2435511229860341,0.4604431774713555,-0.5617782421860207,0.090567655189565,0.205,0.265,0.295,0.34,0.505,2,-11.023492,6.361532
0.19295958279009126,0.23547650980269633,147.0,1.5978260869565215,92.0,0.4717948717948718,195.0,1.5354330708661417,0.11597938144329897,0.6577777777777778,225.0,1.490066225165563,151.0,1.556701030927835,97.0,0.4825870646766169,168.0,-0.2839027315672653,0.3269664037517472,65.0,103.0,0.2974228847644708,-0.3170176786491794,0.3871981377691571,0.0437720975817138,0.1183510488557795,0.31,0.28,0.385,0.455,0.46,2,-10.187235,-0.10720907
0.1408083441981747,0.20216018072778866,135.0,0.8333333333333334,162.0,1.396551724137931,116.0,0.7116564417177914,0.14432989690721648,1.6346153846153846,104.0,0.5942857142857143,175.0,1.2237762237762235,143.0,1.1171875,191.0,-0.0315792429220676,0.3895652566937305,73.0,118.0,0.5476703020203316,0.7419651701214887,0.30808704924211466,0.2070278480610444,0.650211254521764,0.57,0.595,0.605,0.675,0.625,2,0.88278896,-32.43337
0.09256844850065189,0.19610127701237276,109.0,0.6337209302325582,172.0,1.4827586206896552,116.0,0.6705202312138728,0.13144329896907217,1.1764705882352942,136.0,1.054263565891473,129.0,0.9847328244274808,131.0,0.8733333333333333,189.0,-0.0342334166109284,0.4729125601046918,77.0,112.0,0.5449888757361453,-1.8066746908054987,0.30386734485591954,0.8065195985965892,0.7556281407035175,0.665,0.475,0.705,0.715,0.735,2,4.2852545,-29.25618
0.09778357235984354,0.17756842452970972,121.0,0.937984496124031,129.0,0.9347826086956522,138.0,0.9078947368421052,0.05412371134020619,0.7575757575757576,132.0,1.03125,128.0,0.9696969696969696,132.0,1.11864406779661,127.0,-0.116372298757503,0.20034415387748947,57.0,70.0,0.39616854128056794,0.0826701313278893,0.16390272956879934,-0.0900545883043326,0.1252231760639506,0.71,0.67,0.79,0.945,0.865,2,-12.586683,-23.406832
0.06388526727509779,0.2224546784441193,83.0,0.538961038961039,154.0,1.3162393162393162,117.0,1.0,0.11855670103092783,1.2295081967213115,122.0,1.0427350427350428,117.0,1.6027397260273972,73.0,0.4397590361445783,161.0,-0.5208045150801148,0.5264784959613641,56.0,105.0,0.21336190298452815,-0.4784983807440158,0.23287409623116329,-2.6030645805411003,-0.0368321539762503,0.24,0.23,0.305,0.36,0.505,2,11.397768,-38.887154
0.13428943937418514,0.30867961701493857,93.0,0.3522727272727273,264.0,1.660377358490566,159.0,1.0192307692307692,0.07860824742268041,1.5256410256410255,78.0,0.2857142857142857,273.0,1.832214765100671,149.0,0.9675324675324676,145.0,-0.0286920909401475,0.7760978601625336,62.0,83.0,0.3169812101274597,-0.0646048165230794,0.48150795573509597,-2.008078168144523,0.6327428257455583,0.32,0.35,0.435,0.54,0.77,2,13.484164,-41.52543
0.10691003911342895,0.2188562047301003,108.0,0.6,180.0,1.818181818181818,99.0,1.1123595505617978,0.15335051546391754,1.3828125,128.0,0.992248062015504,129.0,0.902097902097902,143.0,0.9407894736842104,197.0,-0.0626655126128335,0.07889407013034698,74.0,123.0,0.40598139269174516,-0.0927930431173307,0.19885031756473792,-0.6409709448591506,0.1150028816023957,0.36,0.35,0.38,0.42,0.655,2,-14.222937,-23.52065
0.20860495436766624,0.22318480354551448,162.0,0.6532258064516129,248.0,1.0333333333333334,240.0,1.7142857142857142,0.18298969072164947,1.1111111111111112,180.0,1.978021978021978,91.0,0.4814814814814814,189.0,1.4651162790697674,208.0,-0.3153150323783451,0.38122443427354336,68.0,140.0,0.2740275177397404,-0.2499320832724233,0.43796251915319356,0.3166964493828321,0.3166964493828321,0.19,0.23,0.33,0.39,0.39,2,-9.518708,-0.54544806
0.14341590612777053,0.23796387664385707,120.0,0.7361963190184049,163.0,1.3583333333333334,120.0,0.5581395348837209,0.14432989690721648,1.4049586776859504,121.0,0.6722222222222223,180.0,1.6216216216216215,111.0,0.7161290322580646,191.0,-0.1481684184834154,0.4661755110613349,73.0,118.0,0.5041797397408636,-2.1899119906881266,0.26463352200193846,-0.1473258673410842,0.6324357075913651,0.575,0.385,0.625,0.815,0.655,2,2.2020376,-32.10168
0.08083441981747067,0.08214936075201304,185.0,0.8525345622119815,217.0,2.127450980392157,102.0,0.5177664974619289,0.15721649484536082,1.3333333333333333,135.0,0.8544303797468354,158.0,1.4766355140186915,107.0,0.6079545454545454,209.0,-0.2138540055634428,0.33779898330747427,84.0,125.0,0.45064012451954205,0.4525276364093747,0.22882033366415688,-0.2241111863751909,0.4904850815717662,0.575,0.605,0.62,0.74,0.635,2,-3.3405766,-22.666483
0.11864406779661017,0.24392674235896836,105.0,0.6140350877192983,171.0,1.6132075471698113,106.0,0.6235294117647059,0.12628865979381443,1.3565217391304347,115.0,0.777027027027027,148.0,1.264957264957265,117.0,0.5735294117647058,173.0,-0.0823982730284444,0.45920384865035657,64.0,109.0,0.5575683823455797,0.2945166099558296,0.30097610268304964,0.6809898088937761,0.6809898088937761,0.535,0.55,0.615,0.645,0.645,2,3.1930797,-33.864925
0.07301173402868318,0.14780534703137388,120.0,0.9836065573770492,122.0,1.1730769230769231,104.0,0.7375886524822695,0.12371134020618557,1.1492537313432836,134.0,1.0229007633587786,131.0,1.2596153846153846,104.0,0.7375886524822695,186.0,-0.0478295065929253,0.28795766199299666,79.0,107.0,0.46068510857696054,-1.498522108327356,0.23481773460529992,0.0025155039051322,0.5660424427327657,0.575,0.425,0.64,0.78,0.66,2,-7.806305,-23.67069
0.02216427640156454,0.011417990304293276,244.0,2.15929203539823,113.0,0.5432692307692307,208.0,1.908256880733945,0.23324742268041238,2.192660550458716,109.0,0.5396039603960396,202.0,1.565891472868217,129.0,0.6972972972972973,239.0,-0.063070087134758,0.3054310343787357,72.0,167.0,0.48744139057526015,-1.755425970651786,0.2563919333704301,0.6412113202181224,0.6412113202181224,0.44,0.3,0.485,0.505,0.505,2,-3.0357938,-20.841244
0.11864406779661017,0.21300546127629877,117.0,1.0,117.0,1.4444444444444444,81.0,0.525974025974026,0.09407216494845361,1.0916666666666666,120.0,1.0344827586206895,116.0,1.3647058823529412,85.0,0.5902777777777778,163.0,-0.3868948255758148,0.35673717735333216,72.0,91.0,0.5072261462285956,-0.3970912453052231,0.4458212978882308,-1.6310790856523043,-0.2040079279900629,0.36,0.295,0.395,0.44,0.685,2,8.900203,-6.655074
0.04432855280312908,0.06891663362045113,160.0,1.2213740458015268,131.0,0.9632352941176472,136.0,1.0461538461538462,0.11082474226804123,1.1076923076923078,130.0,1.04,125.0,0.8620689655172413,145.0,0.9119496855345912,177.0,-0.0738134817352185,0.4061828423385213,77.0,100.0,0.5222878748849386,-1.994935879694049,0.28629752784254575,-0.0616929351710533,0.6822616512254428,0.61,0.435,0.665,0.8,0.68,2,2.0948517,-22.16102
0.08344198174706649,0.14749229658133053,128.0,0.9343065693430656,137.0,0.9856115107913668,139.0,1.112,0.11597938144329897,1.1935483870967742,124.0,0.7005649717514124,177.0,1.5258620689655171,116.0,0.7631578947368421,177.0,0.2544909635071053,0.4604340558827436,74.0,103.0,0.6446428323854111,-1.8038179151443168,0.4071878210359149,0.1775101519129442,1.10565765612058,0.61,0.42,0.645,0.825,0.66,2,13.400449,-22.78226
0.12385919165580182,0.22224658508306017,116.0,0.6705202312138728,173.0,1.5585585585585586,111.0,0.6416184971098265,0.14175257731958762,1.435897435897436,117.0,0.7647058823529411,153.0,1.3909090909090909,110.0,0.6626506024096386,190.0,-0.1042317300347639,0.3983285571338834,73.0,117.0,0.5138370459417794,0.6549240340625068,0.2606730078109098,-0.1003410034601434,0.6387891291210952,0.6,0.63,0.64,0.8,0.655,2,-1.1087117,-31.516476
0.08735332464146023,0.09242864619242164,179.0,1.1623376623376624,154.0,1.2520325203252032,123.0,0.76875,0.16108247422680413,0.915,200.0,1.0695187165775402,187.0,1.1333333333333333,165.0,0.9821428571428572,212.0,-0.5417114041658809,0.6003177157798198,84.0,128.0,0.6809730360207424,1.3977142611198667,0.5274703004019085,-1.6965670921019154,-0.6146397475276216,0.355,0.395,0.4,0.62,0.435,2,18.651457,-18.249962
0.13298565840938723,0.2618738430924506,106.0,0.6022727272727273,176.0,1.7959183673469388,98.0,0.5536723163841808,0.11469072164948453,1.4411764705882353,102.0,0.5513513513513514,185.0,1.6517857142857142,112.0,0.6363636363636364,175.0,-0.0147214432187184,0.42190194767972083,73.0,102.0,0.5113367656766581,0.2740381288963829,0.3157065892011196,0.6365969150563369,0.7560313873061448,0.545,0.565,0.655,0.69,0.67,2,0.8435645,-34.028492
0.05215123859191656,0.0540989123183995,192.0,1.2,160.0,1.0126582278481011,158.0,0.8926553672316384,0.2036082474226804,1.7560975609756098,123.0,0.4959677419354839,248.0,1.2984293193717278,191.0,1.19375,227.0,-0.2583408028432372,0.45490311510682085,76.0,151.0,0.6217991887039644,-0.2157791752918789,0.6526520923415241,-0.7988405614058595,-0.674850320178018,0.305,0.27,0.335,0.405,0.58,2,19.87843,-5.0784836
0.1760104302477184,0.2378541947343528,137.0,0.9013157894736842,152.0,1.6888888888888889,90.0,0.5521472392638037,0.10309278350515463,1.0,138.0,0.8165680473372781,169.0,1.181818181818182,143.0,1.1349206349206349,168.0,-0.1644048110459099,0.3640838426740587,72.0,96.0,0.30561969355488994,-0.1262133469755976,0.4440753020477211,0.323435153133409,0.4037346531175473,0.315,0.33,0.435,0.505,0.51,2,-9.28181,-0.14944181
0.05084745762711865,0.10966742133790443,127.0,0.7514792899408284,169.0,1.4695652173913043,115.0,0.8914728682170543,0.14561855670103094,1.8,95.0,0.6418918918918919,148.0,0.9801324503311258,151.0,1.1185185185185185,179.0,0.0307020052871443,0.19722444870326633,60.0,119.0,0.4429309730991625,0.4551668633220603,0.19857340562229653,0.4559741243970331,0.4559741243970331,0.49,0.535,0.545,0.56,0.56,2,-10.81495,-22.342545
0.01694915254237288,0.05375107848501802,144.0,1.3333333333333333,108.0,0.84375,128.0,1.1130434782608696,0.11597938144329897,1.2982456140350878,114.0,1.0178571428571428,112.0,1.2584269662921348,89.0,0.644927536231884,162.0,-0.2685103167612737,0.5936437224159705,59.0,103.0,0.5150897070264396,-2.4112051030148374,0.32122777190724056,0.7862429924350323,0.7862429924350323,0.575,0.375,0.62,0.645,0.645,2,8.222323,-22.65931
0.2046936114732725,0.27736150940155074,134.0,1.072,125.0,0.6510416666666666,192.0,1.0726256983240223,0.15077319587628865,0.8838383838383839,198.0,1.4244604316546765,139.0,0.9652777777777778,144.0,1.5157894736842106,184.0,-0.1647944218303298,0.29428342690049664,62.0,122.0,0.5813387357028195,-0.1372933347839181,0.44378203474901984,0.091873855962052,0.1917588302196028,0.315,0.255,0.335,0.395,0.4,2,6.3292656,-8.280746
0.14863102998696218,0.23255436486710804,125.0,1.0,125.0,1.3736263736263736,91.0,0.4690721649484536,0.11211340206185567,1.1068702290076335,131.0,1.0737704918032789,122.0,1.326086956521739,92.0,0.4946236559139785,174.0,-0.2912442830716415,0.3870324527000376,73.0,101.0,0.4700302003580164,-0.1433555781488932,0.40014822675197853,0.3572342447392528,0.3979777611653202,0.385,0.335,0.425,0.485,0.49,2,8.694243,-8.537063
0.15514993481095177,0.15661393900500728,174.0,1.0481927710843373,166.0,1.064102564102564,156.0,0.968944099378882,0.20747422680412372,1.825,120.0,0.5687203791469194,211.0,1.093264248704663,193.0,0.9018691588785048,225.0,0.0115102190682839,0.35907871585933604,72.0,153.0,0.7096680505006885,-0.1475558068010559,0.7106449216386714,-0.2500047843001685,-0.2344309798173776,0.3,0.265,0.325,0.365,0.37,2,21.541653,-3.8160727
0.06388526727509779,0.1410841271124946,117.0,0.9915254237288136,118.0,1.0,118.0,1.0350877192982455,0.12242268041237113,0.6483050847457628,236.0,2.0701754385964914,114.0,0.9827586206896552,116.0,1.2747252747252746,162.0,-0.1551673296928604,0.4930003254667774,55.0,107.0,0.47481836781260156,0.1642578539967869,0.28620132167502216,-0.1272878040436934,0.1392572427478704,0.535,0.465,0.605,0.77,0.695,2,7.8492155,-26.921476
0.08344198174706649,0.15410674963869797,124.0,1.008130081300813,123.0,0.9919354838709676,124.0,0.9465648854961832,0.09278350515463918,1.1206896551724137,116.0,0.8992248062015504,129.0,0.9772727272727272,132.0,0.8571428571428571,165.0,0.0127510873291036,0.23106655898732734,74.0,91.0,0.462239248883598,0.444608688368141,0.20707060027575475,0.395950024497955,0.4555697860354689,0.645,0.68,0.69,0.74,0.72,2,-9.8278475,-23.515566
0.08213820078226858,0.12331784516131676,144.0,1.1900826446280992,121.0,1.3010752688172045,93.0,0.5027027027027027,0.1327319587628866,1.1838235294117647,136.0,1.1056910569105691,123.0,1.160377358490566,106.0,0.7066666666666667,190.0,-0.0937856299502301,0.5119496567988411,78.0,112.0,0.5603010824068625,-2.187466430963582,0.3256745081326092,0.0406989468949194,0.0406989468949194,0.63,0.415,0.68,0.8,0.8,2,10.678617,-24.412842
0.15384615384615385,0.1617648037859694,169.0,1.005952380952381,168.0,0.9710982658959536,173.0,0.9453551912568308,0.27190721649484534,1.5823529411764703,170.0,0.9550561797752808,178.0,1.072289156626506,166.0,1.01840490797546,246.0,-0.1309175014477274,0.6519893948371688,58.0,188.0,0.6335845398115107,-2.519783307834329,0.507781279100561,-0.2973537788301978,-0.3467922100371436,0.38,0.24,0.41,0.545,0.575,2,19.231083,-20.165838
0.01955671447196871,0.045770589024793557,159.0,1.7666666666666666,90.0,0.5844155844155844,154.0,1.2622950819672132,0.12886597938144329,1.2950819672131149,122.0,1.008264462809917,121.0,1.4938271604938271,81.0,0.5031055900621118,164.0,-0.5172277131561213,0.5577686964252936,54.0,110.0,0.41124782815211297,0.1197018408670887,0.16883760406510145,-0.4089355571142129,0.2955825464174474,0.56,0.54,0.605,0.745,0.62,2,6.2470264,-25.163115
0.11473272490221642,0.20123262383877133,120.0,1.518987341772152,79.0,0.5163398692810458,153.0,1.4166666666666667,0.125,1.8452380952380956,84.0,0.535031847133758,157.0,1.9625,80.0,0.5194805194805194,164.0,-0.2515971764344247,0.6160834867225344,56.0,108.0,0.51169339480939,0.3202894156668542,0.29955082874332345,-0.1802626655853058,0.4918288580343838,0.565,0.5,0.625,0.79,0.67,2,11.210241,-29.244236
0.10691003911342895,0.15416404553438198,141.0,0.9591836734693876,147.0,1.5154639175257731,97.0,0.4663461538461538,0.19201030927835053,1.3529411764705883,153.0,1.0132450331125828,151.0,0.967948717948718,156.0,1.0064516129032255,206.0,-0.2256871075279545,0.22006583907401836,62.0,144.0,0.2848530940391178,-0.3873776230976008,0.49297809356186756,-0.5371665389733541,-0.3003723459437353,0.195,0.265,0.3,0.35,0.48,2,-11.051129,7.177883
0.24119947848761408,0.30307837025287265,140.0,0.509090909090909,275.0,2.022058823529412,136.0,0.6098654708520179,0.23067010309278352,2.0608695652173914,115.0,0.5,230.0,1.7692307692307692,130.0,0.5627705627705628,255.0,-0.1549078776656265,0.45333842005430747,90.0,165.0,0.694477236590292,-0.4063416989827669,0.7941804168943882,-0.6013505167583579,-0.5237909470733659,0.325,0.29,0.35,0.425,0.405,2,24.297663,-0.04993975
0.12255541069100391,0.12998331210797606,172.0,0.945054945054945,182.0,0.9528795811518324,191.0,1.891089108910891,0.27963917525773196,1.5536723163841808,177.0,1.10625,160.0,1.0126582278481011,158.0,0.9461077844311376,263.0,-0.2382461783649634,0.208891758942898,71.0,192.0,0.2774277466815708,-0.3444625096067533,0.3283902414831076,-0.9425626729641174,0.1328170584078442,0.16,0.24,0.27,0.31,0.46,2,-12.040839,4.5261593
0.09256844850065189,0.24297268384455056,92.0,0.5644171779141104,163.0,1.7157894736842103,95.0,0.5523255813953488,0.28350515463917525,2.074626865671642,134.0,1.1260504201680672,119.0,0.9015151515151516,132.0,1.4042553191489362,260.0,-0.3532778408573223,0.29421752988723254,66.0,194.0,0.26780771231823697,-0.3093423069330615,0.4202865279960495,0.0358590222590654,0.0358590222590654,0.145,0.19,0.25,0.295,0.295,2,-10.918664,3.1544096
0.08735332464146023,0.15056213238989513,129.0,0.8835616438356164,146.0,0.9012345679012346,162.0,1.0945945945945943,0.14561855670103094,1.5267857142857142,112.0,0.632768361581921,177.0,1.5258620689655171,116.0,0.6373626373626373,193.0,-0.0583626854896632,0.4369418406877665,74.0,119.0,0.5058931111056317,0.4982668523152495,0.30310562727214996,0.5613180125898108,0.6207781437880022,0.535,0.555,0.575,0.59,0.645,2,2.5948153,-26.282494
0.06779661016949153,0.19608172281678155,94.0,0.5562130177514792,169.0,1.111842105263158,152.0,1.6521739130434785,0.11984536082474227,1.2583333333333333,120.0,1.0526315789473684,114.0,1.1287128712871286,101.0,0.6917808219178082,172.0,-0.1037120608337745,0.3481114477845362,67.0,105.0,0.6877152194525552,-0.0964878686294245,0.48104075488064163,0.2445402813892355,0.3330250070391595,0.375,0.295,0.395,0.45,0.46,2,14.167662,-5.7058673
0.0469361147327249,0.25511524675532266,66.0,0.388235294117647,170.0,2.098765432098765,81.0,0.5328947368421053,0.11597938144329897,1.264957264957265,117.0,1.0446428571428572,112.0,1.4,80.0,0.5555555555555556,158.0,-0.0585980484567205,0.5690003287677992,55.0,103.0,0.576101637001592,0.8833753613864793,0.3409830959147249,-0.0222713543208423,0.624479567516726,0.575,0.605,0.62,0.785,0.66,2,14.814944,-29.477472
0.18122555410691005,0.2863823462505609,120.0,0.5194805194805194,231.0,1.957627118644068,118.0,0.5315315315315315,0.21262886597938144,1.8898305084745763,118.0,0.4978902953586498,237.0,2.0973451327433628,113.0,0.5594059405940595,242.0,-0.1586057181195509,0.4016744864852279,86.0,156.0,0.6806449879998079,-0.3979921226910872,0.6850371088670861,-0.7188371324290925,-0.3693380028654156,0.33,0.29,0.36,0.465,0.62,2,22.35468,-0.13768107
0.05997392438070404,0.1376150151403078,116.0,1.0265486725663715,113.0,1.3950617283950617,81.0,0.5364238410596026,0.12242268041237113,1.3189655172413792,116.0,0.9914529914529916,117.0,0.9669421487603306,121.0,1.315217391304348,167.0,-0.2335250355638604,0.318726005843539,60.0,107.0,0.5407523584074845,-0.2265228553660755,0.5046007849096797,-1.0998911568852678,-0.2664499042723595,0.33,0.245,0.365,0.405,0.61,2,9.117481,-3.5138144
0.03389830508474576,0.132574484319061,98.0,0.4100418410041841,239.0,2.172727272727273,110.0,0.6918238993710691,0.11855670103092783,1.530612244897959,98.0,0.5414364640883977,181.0,1.5603448275862069,116.0,0.6338797814207651,175.0,0.003913723286036,0.5043263440181432,70.0,105.0,0.6219472281251612,0.703929992697832,0.4280742111112365,0.3696421313657066,0.8417936071791723,0.59,0.65,0.66,0.68,0.685,2,13.875723,-22.71239
0.2151238591916558,0.1463114922522197,228.0,1.982608695652174,115.0,1.036036036036036,111.0,1.0,0.06829896907216494,1.1935483870967742,93.0,1.1071428571428572,84.0,0.4941176470588235,170.0,1.5178571428571428,153.0,-0.0785040948374999,0.5633949154191715,76.0,77.0,0.355765245534494,-0.3876312488810789,0.8980922958981636,-0.5717676170326805,-0.1218010721354051,0.295,0.44,0.5,0.55,0.805,2,25.897398,19.288689
0.11603650586701435,0.2488653981983076,102.0,0.6986301369863014,146.0,1.3773584905660377,106.0,0.5988700564971752,0.13917525773195877,1.5961538461538465,104.0,0.6341463414634146,164.0,1.5471698113207548,106.0,0.5760869565217391,195.0,-0.1330985322320001,0.41843821597658587,79.0,116.0,0.5179862028174406,-2.044893321474337,0.2668552470564254,-0.1148335838613927,0.4835572665053523,0.605,0.41,0.64,0.785,0.685,2,-0.29258972,-32.52465
0.11734028683181226,0.12532395657244721,172.0,1.6226415094339623,106.0,0.654320987654321,162.0,1.4862385321100915,0.211340206185567,1.947368421052632,114.0,0.6404494382022472,178.0,1.6330275229357798,109.0,0.6374269005847953,220.0,-0.0407725304782071,0.24050336505040149,65.0,155.0,0.33137875823474466,-0.2146064140493994,0.2898873920053013,-0.6745337464196708,-0.1241988734680382,0.23,0.27,0.3,0.335,0.525,2,-15.761932,-0.2607477
0.12385919165580182,0.15184470767709446,155.0,1.091549295774648,142.0,0.9861111111111112,144.0,0.9536423841059604,0.18427835051546393,1.4154929577464788,142.0,1.7530864197530864,81.0,0.3785046728971962,214.0,1.304878048780488,203.0,-0.2281068172808614,0.19480110420239838,63.0,140.0,0.28349180564863763,-0.3978629761651279,0.3703295933901189,-0.6736963661239731,-0.1727744747924759,0.175,0.27,0.31,0.36,0.515,2,-13.038554,5.1376777
0.12255541069100391,0.13559825403327658,167.0,1.5321100917431192,109.0,0.4638297872340425,235.0,1.298342541436464,0.25128865979381443,1.4293785310734464,177.0,1.0290697674418603,172.0,1.017751479289941,169.0,1.0833333333333333,241.0,-0.1309523444874824,0.17795586829481927,64.0,177.0,0.3082439369018382,-0.257304255227701,0.395706608009131,-0.6109952111196201,-0.007974239298191,0.14,0.235,0.265,0.31,0.455,2,-11.949357,5.3427997
0.19035202086049544,0.30105801104587027,119.0,0.4047619047619047,294.0,2.1,140.0,0.6060606060606061,0.23195876288659795,2.2452830188679247,106.0,0.5221674876847291,203.0,1.780701754385965,114.0,0.4541832669322709,279.0,-0.1897206251278732,0.380238358567257,113.0,166.0,0.30941139620117936,-0.3322341009192422,0.6694477178007726,-0.6096920981116551,-0.3396063664573496,0.23,0.345,0.405,0.45,0.665,2,14.998703,27.662827
0.12646675358539766,0.12913615655606173,176.0,1.2054794520547945,146.0,1.140625,128.0,0.9770992366412212,0.15077319587628865,1.2589928057553956,139.0,1.0610687022900764,131.0,0.6616161616161617,198.0,1.3026315789473684,182.0,-0.1942449984921067,0.3026043029979433,60.0,122.0,0.42454937760180084,-0.2158827128266949,0.42950684027233094,0.0011763237398059,0.0737661422738648,0.29,0.245,0.33,0.395,0.4,2,3.610634,-2.7668362
0.10821382007822686,0.24910591715152217,98.0,0.6012269938650306,163.0,1.044871794871795,156.0,1.0196078431372548,0.13788659793814434,1.3636363636363635,121.0,0.7469135802469136,162.0,1.4336283185840708,113.0,0.6647058823529411,183.0,-0.0876763855951769,0.5266191782993556,68.0,115.0,0.5686664672006763,0.7537411427900422,0.33510956457434704,0.6461839697428383,0.68679436454097,0.635,0.67,0.685,0.715,0.72,2,12.938094,-29.784742
0.1121251629726206,0.25207960602762963,99.0,0.4736842105263157,209.0,1.8660714285714288,112.0,0.6292134831460674,0.17525773195876287,1.779816513761468,109.0,0.6687116564417178,163.0,1.613861386138614,101.0,0.5642458100558659,214.0,-0.0361032131613684,0.4318994282984093,79.0,135.0,0.5436411980807548,0.668564234255452,0.28721231908047395,-0.0489310423616752,0.7075397389260595,0.57,0.58,0.605,0.77,0.63,2,1.6405928,-33.476677
0.11603650586701435,0.1986324233793949,122.0,1.525,80.0,0.5228758169934641,153.0,1.843373493975904,0.11597938144329897,1.3703703703703705,108.0,0.8307692307692308,130.0,1.0743801652892562,121.0,1.5921052631578947,161.0,-0.2518126696907539,0.5432621617227997,58.0,103.0,0.4632635287915195,0.1101636905335453,0.3004734322884212,-0.2370358134984503,-0.1842743632788726,0.55,0.485,0.615,0.785,0.75,2,9.432834,-31.469845
0.06910039113428944,0.18777358408180578,98.0,0.7050359712230215,139.0,1.139344262295082,122.0,1.0427350427350428,0.10695876288659793,1.175,120.0,1.0084033613445378,119.0,1.2526315789473683,95.0,0.6934306569343066,164.0,0.0111331535419083,0.36227469328461287,66.0,98.0,0.7374137459813574,0.045192969452503,0.598624421009227,-1.1144083428084737,0.0974456797477224,0.39,0.275,0.415,0.455,0.715,2,16.180517,-5.214391
0.01955671447196871,0.007380566499678024,253.0,1.5617283950617284,162.0,0.9938650306748468,163.0,1.0316455696202531,0.21649484536082475,1.3216374269005848,171.0,0.9715909090909092,176.0,1.3435114503816794,131.0,0.6649746192893401,225.0,-0.2178843606464811,0.5624069131495186,67.0,158.0,0.8760272829631403,-0.1923284368818212,0.8034973185762334,-0.7494880219530171,-0.7494880219530171,0.28,0.24,0.3,0.405,0.405,2,27.179426,-5.809865
0.05867014341590613,0.126374221139882,122.0,0.9384615384615383,130.0,1.0833333333333333,120.0,0.8571428571428571,0.13144329896907217,1.2213740458015268,131.0,0.9632352941176472,136.0,1.0461538461538462,130.0,0.9923664122137404,182.0,-0.1375373838531434,0.3753461451787517,70.0,112.0,0.5161784565761881,0.5832628445842376,0.2547525965383362,0.4533567007324579,0.4533567007324579,0.575,0.62,0.63,0.675,0.675,2,-2.4849365,-25.288504
0.08735332464146023,0.13558962299515015,139.0,1.0296296296296297,135.0,1.3636363636363635,99.0,0.6827586206896552,0.15077319587628865,1.4227642276422765,123.0,0.8978102189781022,137.0,1.4891304347826086,92.0,0.5859872611464968,191.0,-0.2847498933361931,0.3577174677662914,69.0,122.0,0.27847306348013673,-0.2694275555022882,0.4233359256153651,0.017032510111456,0.1529706820893512,0.195,0.255,0.365,0.425,0.435,2,-6.96279,2.9726589
0.11994784876140809,0.169987207491588,140.0,0.7526881720430108,186.0,1.1847133757961783,157.0,1.7065217391304348,0.18685567010309279,1.6639344262295082,122.0,0.8133333333333334,150.0,1.3761467889908257,109.0,0.981981981981982,212.0,-0.1273330043850429,0.30035703887626786,70.0,142.0,0.34138941228519515,-0.1151982961879034,0.44835435411398267,0.2467507452464623,0.3065628761206174,0.265,0.24,0.325,0.385,0.39,2,-8.672218,2.6519809
0.09647979139504563,0.14864624167090637,137.0,1.1048387096774193,124.0,1.0333333333333334,120.0,0.8108108108108109,0.06443298969072164,0.437246963562753,247.0,2.5463917525773194,97.0,0.5449438202247191,178.0,1.7450980392156863,146.0,-0.0838511971837085,0.5098202329434097,71.0,75.0,0.5364530328498355,-2.096615211745545,0.29325023379628723,0.7621665816252741,0.768167303030989,0.73,0.49,0.775,0.785,0.79,2,10.639181,-25.772907
0.07431551499348109,0.20123262383877133,96.0,0.7619047619047619,126.0,1.1454545454545455,110.0,0.7586206896551724,0.09278350515463918,1.3131313131313131,99.0,0.6875,144.0,1.2100840336134453,119.0,0.937007874015748,165.0,-0.0855617472962537,0.38345425000028854,74.0,91.0,0.4981208467726956,-1.9634507556656189,0.2512465627989197,-0.1644481779283712,0.3917949467756429,0.64,0.455,0.68,0.85,0.73,2,-2.3332887,-27.758554
0.041720990873533245,0.04015300310710898,203.0,2.00990099009901,101.0,0.5580110497237569,181.0,1.7745098039215683,0.12886597938144329,1.6288659793814433,97.0,0.532967032967033,182.0,1.6851851851851851,108.0,0.574468085106383,181.0,-0.1997384712444988,0.34714097475838396,71.0,110.0,0.4475960146054096,-1.861642324610417,0.21017886402136188,-0.1609026680628256,0.4642579395088114,0.58,0.4,0.63,0.765,0.645,2,-2.8708527,-22.08193
0.12255541069100391,0.2411175700665159,108.0,0.6923076923076923,156.0,1.4311926605504588,109.0,0.6855345911949685,0.14690721649484537,1.7551020408163265,98.0,0.5444444444444444,180.0,1.1920529801324504,151.0,0.967948717948718,199.0,-0.2050801751696763,0.3830458436876778,79.0,120.0,0.45782897111927034,-2.011863435092672,0.23960201937408468,0.5983406287510081,0.1242737098647652,0.56,0.4,0.61,0.62,0.685,2,-3.5235612,-31.139566
0.07301173402868318,0.15488676410821642,116.0,0.7160493827160493,162.0,1.4086956521739131,115.0,0.7467532467532467,0.12886597938144329,1.144927536231884,138.0,1.0952380952380951,126.0,1.0327868852459017,122.0,0.7672955974842768,182.0,0.0234914214840861,0.5283334343328164,72.0,110.0,0.5861629051507247,0.8951064198313756,0.3375296698156685,0.1504838289466342,0.8087493358192008,0.605,0.655,0.66,0.795,0.69,2,12.09637,-24.500652
0.06649282920469361,0.07452006178770741,179.0,1.8842105263157896,95.0,0.59375,160.0,1.415929203539823,0.163659793814433,1.5677966101694916,118.0,0.6941176470588235,170.0,1.4782608695652173,115.0,0.6424581005586593,196.0,-0.1665020846698407,0.4616964838394012,67.0,129.0,0.5211557031543309,0.5441689250640718,0.28749138946939157,0.0604741579284418,0.6966717984193844,0.585,0.575,0.62,0.73,0.64,2,3.953121,-22.313875
0.11473272490221642,0.31214192613984204,84.0,0.5419354838709678,155.0,1.2916666666666667,120.0,1.518987341772152,0.12371134020618557,1.925,80.0,0.5161290322580645,155.0,1.845238095238096,84.0,0.535031847133758,163.0,-0.229365730518602,0.5656397959294646,56.0,107.0,0.46263419000261957,0.1925545462441322,0.30644430644418613,-0.1827638190954774,0.6586329661661201,0.525,0.47,0.605,0.765,0.635,2,8.484906,-35.294224
0.05997392438070404,0.07561959619784979,170.0,1.5454545454545454,110.0,0.625,176.0,1.266187050359712,0.19201030927835053,2.090909090909091,99.0,0.6036585365853658,164.0,1.623762376237624,101.0,0.5906432748538012,225.0,0.0010625560517063,0.431110145856917,81.0,144.0,0.5352541987144089,0.845456722065651,0.33145750850029265,0.0439207070048109,0.5610951880369637,0.51,0.575,0.585,0.715,0.61,2,3.4999337,-21.354624
0.06258148631029987,0.14279653983068039,115.0,1.036036036036036,111.0,0.9487179487179488,117.0,1.0263157894736843,0.07860824742268041,1.1226415094339623,106.0,0.8412698412698413,126.0,1.135135135135135,111.0,0.9652173913043478,156.0,0.0398365287783565,0.867878959493117,73.0,83.0,0.8566224520260554,-0.1321071035395775,0.9572302764359479,-0.8898203307218611,2.44084844991663,0.445,0.395,0.475,0.575,0.505,2,34.45266,-5.4470625
0.09126466753585398,0.16380121518842733,124.0,1.0333333333333334,120.0,0.8108108108108109,148.0,1.3454545454545457,0.24355670103092783,2.5463917525773194,97.0,0.5449438202247191,178.0,1.7450980392156863,102.0,1.2439024390243902,247.0,-0.026305351113939,0.5128965920151082,75.0,172.0,0.7933380282323813,-0.0524161181999209,0.7065266343509423,-1.0219984125205783,-0.3572125464171556,0.285,0.22,0.31,0.45,0.545,2,24.024609,-5.1672573
0.19556714471968709,0.23036773857128212,151.0,1.0486111111111112,144.0,1.0666666666666669,135.0,0.9712230215827338,0.21649484536082475,1.6376811594202898,138.0,1.7692307692307692,78.0,0.3696682464454976,211.0,1.3973509933774837,221.0,-0.036483438775775,0.6327540090847328,63.0,158.0,0.2736562405540961,-0.0426869757707273,0.6329126694050239,-2.0472814766276617,0.8568426242466076,0.17,0.24,0.285,0.335,0.5,2,14.773331,14.007479
0.14732724902216426,0.1497052394178438,174.0,1.45,120.0,0.5286343612334802,227.0,1.2204301075268815,0.21649484536082475,1.158974358974359,195.0,1.0655737704918034,183.0,1.5378151260504205,119.0,0.5242290748898678,239.0,-0.2601966268546039,0.4280825928925354,81.0,158.0,0.6461183887479478,-0.42083172939406,0.7137931655370559,-0.8698001886667784,-0.5274497889249493,0.315,0.28,0.34,0.46,0.59,2,21.657013,-3.0674047
0.06388526727509779,0.22936851613896328,81.0,0.5159235668789809,157.0,1.286885245901639,122.0,1.0338983050847457,0.12371134020618557,1.305084745762712,118.0,1.0260869565217392,115.0,1.4197530864197532,81.0,0.5192307692307693,163.0,-0.0117741158903109,0.5693572294113125,56.0,107.0,0.5490618519000792,0.4478233941736032,0.3642418491295376,0.0233673917048432,0.7352106004121164,0.55,0.48,0.62,0.785,0.665,2,14.736736,-29.626116
0.11342894393741851,0.15377474739384422,146.0,0.9605263157894736,152.0,0.9934640522875816,153.0,0.9870967741935484,0.18041237113402062,1.3943661971830985,142.0,0.9342105263157896,152.0,1.0201342281879195,149.0,1.0136054421768708,192.0,-0.1278306701134335,0.6065522911060832,54.0,138.0,0.7007543309580883,-0.2021231374602029,0.6084512927039616,-2.1442269385175066,0.0247346719867957,0.27,0.225,0.285,0.345,0.465,2,19.49675,-17.857029
0.11994784876140809,0.2218829693153147,114.0,0.7916666666666666,144.0,1.1338582677165354,127.0,0.7426900584795322,0.13917525773195877,1.456140350877193,114.0,0.6,190.0,1.3103448275862069,145.0,1.0507246376811594,183.0,-0.1343225009847958,0.3678913151626827,67.0,116.0,0.4477184750918587,0.116513495224646,0.21538096182913294,0.5065812174096513,0.5065812174096513,0.535,0.49,0.605,0.62,0.62,2,-4.2468123,-30.025986
0.1121251629726206,0.13523607613152036,159.0,1.1777777777777778,135.0,1.0465116279069768,129.0,1.0403225806451613,0.13015463917525774,1.0460526315789471,152.0,1.0780141843971631,141.0,1.184873949579832,119.0,0.9083969465648856,176.0,-0.1385471701963064,0.236262523988228,65.0,111.0,0.4160340419290188,-1.3231436626984492,0.18904538837219945,-0.0551712749578682,0.4040968475303455,0.545,0.375,0.6,0.73,0.62,2,-10.548489,-22.8458
0.08996088657105607,0.06354607923304087,225.0,1.9230769230769231,117.0,1.0934579439252337,107.0,0.4776785714285714,0.061855670103092786,0.4608695652173913,230.0,2.1296296296296298,108.0,0.9642857142857144,112.0,0.9739130434782608,155.0,-0.49350085806111,0.9553962866595853,81.0,74.0,0.6880583527171403,-0.7811469713467298,0.7657551960626894,2.1599471378040875,2.1599471378040875,0.455,0.41,0.485,0.51,0.51,2,38.04813,-5.798669
0.04563233376792699,0.059221013967680126,175.0,1.3059701492537314,134.0,1.276190476190476,105.0,0.621301775147929,0.1481958762886598,1.8602150537634408,93.0,0.62,150.0,1.4705882352941178,102.0,0.6144578313253012,202.0,-0.1961969474972055,0.36965025459562206,81.0,121.0,0.484740396451882,0.5585881143549084,0.23745221928561186,-0.1104882384262207,0.240984297496546,0.575,0.6,0.615,0.74,0.675,2,-2.116041,-22.139614
0.2803129074315515,0.15809060761905744,262.0,0.9562043795620438,274.0,1.066147859922179,257.0,1.1077586206896552,0.10051546391752578,0.6766169154228856,201.0,0.95260663507109,211.0,0.9813953488372092,215.0,1.085858585858586,169.0,-0.6936228946217378,0.31046697609639595,74.0,95.0,0.16890970034650563,-0.7899990810042112,0.26952101710033766,-0.5206146532923933,-0.4396609734769829,0.375,0.35,0.44,0.49,0.495,2,-13.223484,-2.4566302
0.06779661016949153,0.23678897125110185,81.0,0.5031055900621118,161.0,1.319672131147541,122.0,1.0427350427350428,0.09536082474226804,1.5,88.0,1.035294117647059,85.0,0.4594594594594595,185.0,1.5289256198347108,164.0,-0.0839610955551175,0.3822511597458484,72.0,92.0,0.5879620845979332,-0.043601256237553,0.5840295131850226,-1.31067148926622,-0.105143712684255,0.355,0.275,0.395,0.445,0.66,2,12.89944,-4.7036533
0.06779661016949153,0.14112693743044927,120.0,1.188118811881188,101.0,1.2784810126582278,79.0,0.4566473988439306,0.09536082474226804,1.11864406779661,118.0,0.9672131147540984,122.0,1.1090909090909091,110.0,1.5492957746478873,166.0,-0.4530769659184928,0.33692894700733483,74.0,92.0,0.4407091223434098,-0.4033151052022975,0.41889364733332735,-1.5711482874229217,-0.3768011009406262,0.36,0.295,0.405,0.45,0.715,2,4.0913987,-2.5010173
0.15384615384615385,0.23896563808399574,125.0,1.0080645161290325,124.0,1.0689655172413792,116.0,0.8787878787878788,0.09536082474226804,0.9850746268656716,134.0,1.1754385964912282,114.0,1.008849557522124,113.0,1.118811881188119,139.0,-0.2132268679639658,0.19048231372424967,47.0,92.0,0.3976288708690611,0.2716947682214501,0.14093776538570008,-0.1273939227389549,0.2839556423922201,0.585,0.62,0.63,0.775,0.65,2,-13.067171,-24.418818
0.07040417209908735,0.13037159173593682,129.0,0.9347826086956522,138.0,0.9078947368421052,152.0,1.1176470588235294,0.09536082474226804,1.03125,128.0,0.9696969696969696,132.0,1.11864406779661,118.0,1.0085470085470083,162.0,-0.034093496806763,0.23475253705835827,70.0,92.0,0.4451632121273295,-1.1215525477221533,0.19091732945628925,0.0241016302995821,0.3840533605048045,0.62,0.44,0.655,0.76,0.675,2,-10.139013,-23.304249
0.11473272490221642,0.1318015971950117,164.0,0.8817204301075269,186.0,0.9738219895287958,191.0,1.0494505494505495,0.2190721649484536,1.3255813953488371,172.0,1.0238095238095235,168.0,1.5700934579439252,107.0,0.5572916666666666,237.0,-0.0356426783613641,0.39882964737880117,78.0,159.0,0.7002027033794516,-0.153188297981235,0.7524854953593756,-0.379272217611404,-0.3334654958399309,0.3,0.26,0.325,0.385,0.57,2,22.142704,-4.0153556
0.07040417209908735,0.14616380517568442,119.0,1.0084745762711864,118.0,1.0085470085470083,117.0,0.9915254237288136,0.13788659793814434,1.7934782608695652,92.0,0.6344827586206897,145.0,1.228813559322034,118.0,1.0085470085470083,165.0,-0.2268880666420244,0.5530452993638497,50.0,115.0,0.5316087226473248,0.1898528277939117,0.2929942929825892,-0.1519306390555963,0.4938183353300489,0.58,0.48,0.615,0.775,0.66,2,9.795967,-26.64817
0.0847457627118644,0.1592188585214788,122.0,1.0427350427350428,117.0,0.9831932773109244,119.0,1.3837209302325582,0.13530927835051546,1.9878048780487805,82.0,0.5290322580645161,155.0,1.3362068965517242,116.0,0.9830508474576272,167.0,-0.0989092866913149,0.5198843931208994,53.0,114.0,0.5183157441257771,0.2681967692556948,0.3287729503308779,0.8462201460653969,0.8462201460653969,0.52,0.44,0.55,0.57,0.57,2,9.9611225,-25.717436
0.13428943937418514,0.33393722840886947,87.0,0.5028901734104047,173.0,1.2269503546099292,141.0,1.3177570093457944,0.09922680412371133,0.8881578947368421,152.0,1.3693693693693694,111.0,0.9098360655737704,122.0,0.6931818181818182,182.0,-0.1561202961633383,0.06632563155687415,88.0,94.0,0.2941552029290516,-0.1659014876604557,0.13989998009519092,-0.7215935924655937,-0.0422899938240824,0.37,0.4,0.445,0.49,0.66,2,-15.5593605,-24.268585
0.22294654498044328,0.3759337477175056,110.0,0.5116279069767442,215.0,1.2797619047619049,168.0,1.018181818181818,0.21649484536082475,1.965217391304348,115.0,0.572139303482587,201.0,1.3958333333333333,144.0,0.9230769230769232,235.0,-0.0969631039497751,0.3713451978282396,77.0,158.0,0.49438501805351,0.5922245943838411,0.23818300052052357,-0.0366652089006515,0.5202760388867029,0.525,0.56,0.57,0.69,0.59,2,-2.2456527,-36.669884
0.07561929595827901,0.13509068259884424,130.0,0.9774436090225564,133.0,0.9925373134328358,134.0,0.9241379310344828,0.1327319587628866,1.2105263157894737,133.0,0.9851851851851852,135.0,1.115702479338843,121.0,0.7289156626506024,191.0,0.0562528947334812,0.5530132037674641,79.0,112.0,0.595256672558973,0.9113451893277869,0.40505419525151365,0.9009895698213776,0.9498830312048104,0.655,0.68,0.7,0.74,0.72,2,14.370778,-23.770617
0.1303780964797914,0.13473639031232304,174.0,1.0116279069767442,172.0,1.1168831168831168,154.0,1.0266666666666666,0.18298969072164947,1.45985401459854,137.0,1.0223880597014925,134.0,1.0151515151515151,132.0,0.9295774647887324,210.0,-0.168844248236708,0.20897186001850812,70.0,140.0,0.2983967898216375,-0.2235514093717378,0.4583706863536076,-0.27128482821909,-0.0022823213128026,0.27,0.295,0.33,0.38,0.57,2,-11.66903,6.982664
0.06910039113428944,0.15150750887536474,115.0,1.2637362637362637,91.0,1.1973684210526316,76.0,0.4086021505376344,0.12242268041237113,1.3660714285714286,112.0,1.5555555555555556,72.0,0.4363636363636363,165.0,2.0121951219512195,166.0,-0.0658058361371464,0.5029405114017098,59.0,107.0,0.5122612652173215,0.2566477324745075,0.32163345090126877,0.0314632802181133,0.7810415984650034,0.555,0.475,0.615,0.76,0.635,2,9.325527,-25.660461
0.06388526727509779,0.1463114922522197,114.0,1.0178571428571428,112.0,1.0,112.0,0.9824561403508772,0.12371134020618557,1.375,112.0,1.009009009009009,111.0,0.9823008849557522,113.0,1.018018018018018,156.0,-0.3841139519702312,0.6315370412004792,49.0,107.0,0.4695519820272415,0.0090954652802728,0.2827328393855535,-0.1101855685070739,0.6876505788828634,0.585,0.515,0.64,0.795,0.66,2,10.059556,-28.303055
0.14732724902216426,0.20004005069574907,140.0,1.044776119402985,134.0,0.575107296137339,233.0,1.1477832512315271,0.14948453608247422,1.2517985611510791,139.0,0.972027972027972,143.0,0.9050632911392406,158.0,1.0533333333333332,180.0,-0.3164218597650877,0.303128261086082,59.0,121.0,0.5180514886156891,-0.2951424986746002,0.41743180403030306,-0.2006684881989717,-0.0132067463540718,0.305,0.24,0.325,0.385,0.395,2,6.390132,-6.865113
0.0938722294654498,0.13450610032608426,145.0,1.1068702290076335,131.0,0.8972602739726028,146.0,0.9733333333333334,0.1791237113402062,1.1588235294117648,170.0,0.9497206703910616,179.0,1.0591715976331362,169.0,1.1342281879194631,211.0,-0.0891718300736707,0.3645390901080784,74.0,137.0,0.4931651191657698,0.6171280802610278,0.24789343730664365,-0.1196984924623116,0.3625804061357249,0.525,0.565,0.57,0.725,0.62,2,-2.7577202,-24.596905
0.2151238591916558,0.15182141766976778,222.0,1.930434782608696,115.0,0.9913793103448276,116.0,0.5225225225225225,0.07474226804123711,0.5155555555555555,225.0,1.9396551724137927,116.0,0.9914529914529916,117.0,1.073394495412844,158.0,-0.2001839066152944,0.7923990733379389,77.0,81.0,0.747407506589867,-0.4038067097757439,0.9015317713652024,-0.8608316053336413,-0.1478679806117775,0.44,0.4,0.495,0.545,0.84,2,35.194263,-3.3293743
0.07431551499348109,0.11864059021031455,141.0,1.0601503759398496,133.0,0.9708029197080292,137.0,0.9448275862068966,0.16237113402061856,2.0444444444444443,90.0,0.6923076923076923,130.0,1.007751937984496,129.0,1.5925925925925926,189.0,-0.0340731824620963,0.17709862977559465,61.0,128.0,0.3344747950457669,-0.1031701206197091,0.18952244242008562,-1.1131778605533782,0.3559695564178453,0.18,0.26,0.29,0.33,0.495,2,-13.0249605,-20.163326
0.11473272490221642,0.21726376192948654,113.0,0.5355450236966824,211.0,1.7154471544715446,123.0,0.5642201834862385,0.20103092783505155,1.7833333333333334,120.0,0.5150214592274678,233.0,1.9579831932773109,119.0,0.5862068965517241,226.0,-0.4618106471017606,0.40263094447580977,77.0,149.0,0.6434925434357707,-0.7321307296081732,0.6086753627077858,-0.9470210699841324,-0.7195649742377621,0.32,0.275,0.345,0.4,0.595,2,17.810217,-3.7578309
0.10821382007822686,0.24910591715152217,98.0,0.5903614457831325,166.0,1.4821428571428572,112.0,0.6787878787878788,0.13659793814432988,1.64,100.0,0.684931506849315,146.0,1.5051546391752575,97.0,0.532967032967033,187.0,-0.0211292954780396,0.44473419911158174,73.0,114.0,0.5847907648407116,0.83888104325785,0.3295783928469006,0.1015048205009716,0.38366798644005,0.565,0.6,0.615,0.735,0.685,2,2.9628005,-34.629936
0.10951760104302477,0.3206091954552999,80.0,0.5031446540880503,159.0,1.7282608695652173,92.0,0.6013071895424836,0.14304123711340205,1.4201680672268908,119.0,1.0,119.0,1.63013698630137,73.0,0.4397590361445783,170.0,-0.3151800755231811,0.5414172972569027,52.0,118.0,0.48166286779916756,0.119338294748131,0.2679417034212577,-0.2080653266331657,0.6580167502053594,0.57,0.49,0.61,0.75,0.625,2,8.245462,-35.35126
0.09778357235984354,0.18354615773462754,118.0,0.7814569536423841,151.0,1.290598290598291,117.0,0.6190476190476191,0.15463917525773196,1.4471544715447155,123.0,0.5829383886255924,211.0,2.1979166666666665,96.0,0.5052631578947369,202.0,-0.0020092392163834,0.40949301576228436,78.0,124.0,0.4931653038106808,0.2579631417086385,0.2809910626340695,0.0050086569795963,0.6832622486421257,0.575,0.54,0.645,0.78,0.66,2,-0.1255048,-27.4356
0.11734028683181226,0.1940867255657819,125.0,0.5681818181818182,220.0,1.1398963730569949,193.0,1.0722222222222222,0.1958762886597938,1.2280701754385963,171.0,1.062111801242236,161.0,1.0125786163522013,159.0,0.9298245614035088,245.0,-0.2813687965749794,0.4536027656320927,98.0,147.0,0.7022302768337444,-0.4209904791454252,0.7822264342230179,-0.7711146275559513,-0.3564373448347877,0.375,0.335,0.4,0.455,0.705,2,23.375507,-3.1213949
0.16558018252933507,0.29903456260460637,109.0,0.6687116564417178,163.0,1.613861386138614,101.0,0.5642458100558659,0.14304123711340205,1.5648148148148149,108.0,0.6428571428571429,168.0,1.6153846153846154,104.0,0.6227544910179641,192.0,-0.0535885759356134,0.43669676721370265,74.0,118.0,0.5761358113662427,0.8384393307760767,0.3536476601254275,0.4969000114267472,0.6392696286617015,0.58,0.6,0.615,0.63,0.635,2,2.468935,-35.81074
0.13689700130378096,0.2447301600553202,114.0,0.6867469879518072,166.0,1.5961538461538465,104.0,0.6341463414634146,0.02577319587628866,0.3236514522821577,241.0,2.2523364485981308,107.0,0.4246031746031746,252.0,1.9534883720930232,133.0,-0.0760101625925593,0.4238174748318517,79.0,54.0,0.4280703582819791,-1.7441089352955343,0.26659489987897317,0.542388472224403,0.592205205451137,0.775,0.595,0.85,0.87,0.875,2,-2.9860282,-30.092623
0.05997392438070404,0.14103906361991073,114.0,1.1287128712871286,101.0,0.7769230769230769,130.0,1.1111111111111112,0.1134020618556701,1.2586206896551724,116.0,1.5064935064935066,77.0,0.5167785234899329,149.0,1.839506172839506,164.0,-0.2933687697162037,0.32652575836987285,62.0,102.0,0.5192003752555862,-0.2502252815150266,0.47713673531598594,-1.1426233688155356,-0.2607425134473988,0.345,0.25,0.385,0.425,0.665,2,8.706802,-3.8811076
0.11082138200782268,0.24100844572663155,102.0,0.8095238095238095,126.0,1.1150442477876106,113.0,1.4303797468354431,0.12371134020618557,1.9012345679012344,81.0,0.5192307692307693,156.0,1.3448275862068966,116.0,1.0265486725663715,156.0,-0.3764835687685979,0.5464212491841666,49.0,107.0,0.46938343105455155,-0.0780091954215453,0.2646870931495499,-0.2669617007891823,0.5003050957099912,0.6,0.505,0.645,0.8,0.68,2,9.714586,-33.04886
0.1290743155149935,0.2591916785896533,105.0,0.7142857142857143,147.0,1.4411764705882353,102.0,0.5513513513513514,0.13788659793814434,1.75531914893617,94.0,0.5136612021857924,183.0,1.2534246575342465,146.0,1.280701754385965,187.0,-0.0074055278410389,0.381904852647811,72.0,115.0,0.43978714913142125,0.680160776786948,0.3242894038201589,0.7878973826155817,0.794810075867266,0.495,0.545,0.56,0.575,0.605,2,-3.224716,-33.243656
0.1877444589308996,0.22808163541005633,148.0,1.1653543307086611,127.0,1.0,127.0,1.4941176470588236,0.14432989690721648,1.3076923076923077,130.0,1.0743801652892562,121.0,0.8897058823529411,136.0,0.576271186440678,185.0,-0.2061488814492442,0.2909848903764044,67.0,118.0,0.5262927391849632,-0.2055778894472362,0.40340810400136695,-0.0457252378959952,0.0293174253177339,0.34,0.28,0.365,0.425,0.43,2,5.979308,-7.6666727
0.09647979139504563,0.15326270413063697,134.0,0.9925925925925926,135.0,0.9574468085106383,141.0,1.1015625,0.20747422680412372,1.887931034482759,116.0,0.6480446927374302,179.0,1.6886792452830188,106.0,0.5221674876847291,230.0,-0.1372808994531167,0.3363931925981484,77.0,153.0,0.3415731489722423,0.0138960502671965,0.5177404213288725,-0.8262907107489406,-0.3668578820869161,0.26,0.275,0.34,0.375,0.58,2,-5.7970243,2.916141
0.10691003911342895,0.20430820720761822,114.0,0.926829268292683,123.0,1.0603448275862069,116.0,0.7160493827160493,0.09407216494845361,1.2596153846153846,104.0,0.6582278481012658,158.0,1.144927536231884,138.0,1.0952380952380951,160.0,-0.1179199775408973,0.45977172901058977,69.0,91.0,0.5318712744206344,0.6520480187126677,0.2923526378389653,0.074177218842393,0.594556147486056,0.655,0.7,0.72,0.84,0.75,2,4.4667616,-30.252804
0.10299869621903521,0.12300865953164429,162.0,1.0945945945945943,148.0,1.0136986301369864,146.0,1.020979020979021,0.15335051546391754,1.5258620689655171,116.0,0.6373626373626373,182.0,1.467741935483871,124.0,0.8266666666666667,201.0,-0.0610397784481627,0.33819102803340023,78.0,123.0,0.4900542928138531,0.5226990961687608,0.26025279213741676,0.4157377148153798,0.4219605706922074,0.6,0.625,0.645,0.675,0.68,2,-3.4522262,-24.402355
0.06910039113428944,0.2506785410763867,78.0,0.4875,160.0,1.3333333333333333,120.0,0.9917355371900828,0.14175257731958762,1.3770491803278688,122.0,1.0517241379310345,116.0,1.432098765432099,81.0,0.5225806451612903,170.0,-0.4597176705406867,0.5754089468190873,53.0,117.0,0.4357940097506087,0.1033672363355917,0.23682435641240243,-0.050896039232111,0.3601865696047825,0.565,0.53,0.62,0.7,0.66,2,10.550465,-34.70251
0.11473272490221642,0.17593751980519384,133.0,0.910958904109589,146.0,1.0579710144927537,138.0,0.8679245283018868,0.12886597938144329,1.5339805825242718,103.0,1.2261904761904765,84.0,0.3636363636363636,231.0,2.179245283018868,180.0,-0.0869188446371952,0.432657768401214,70.0,110.0,0.5314750532530153,0.6958076699199329,0.27275690787171053,0.6847507674146001,0.6847507674146001,0.595,0.62,0.63,0.645,0.645,2,1.9388835,-28.045143
0.0560625814863103,0.14279653983068039,110.0,0.9821428571428572,112.0,0.5283018867924528,212.0,0.925764192139738,0.06829896907216494,1.15625,96.0,0.7559055118110236,127.0,1.1759259259259258,108.0,1.0093457943925233,152.0,-0.3085711505899981,0.9113734574503768,75.0,77.0,0.6169054323737856,-0.5737768662954917,0.8474414355682173,-1.1015531950114914,-0.3021567579502744,0.43,0.395,0.5,0.555,0.85,2,38.100864,-4.482302
0.0847457627118644,0.11993755394832076,149.0,0.9254658385093169,161.0,1.3644067796610169,118.0,0.7239263803680982,0.15850515463917525,0.9282051282051282,195.0,1.2037037037037035,162.0,1.0062111801242235,161.0,1.0733333333333333,198.0,-0.2098905501518774,0.4653908969074056,72.0,126.0,0.4943644770721804,0.6409176667919873,0.2555228410149157,-0.1307366661951113,0.5369386283582729,0.565,0.6,0.605,0.75,0.64,2,2.2020586,-24.828737
0.06258148631029987,0.2624513785139142,72.0,0.4444444444444444,162.0,1.35,120.0,1.0084033613445378,0.125,1.3247863247863247,117.0,0.9831932773109244,119.0,1.469135802469136,81.0,0.5159235668789809,164.0,-0.1973398193106118,0.49783466265383286,56.0,108.0,0.4921422251318893,0.1595289056919475,0.28128795626352365,-0.1632517768413015,0.2111026664233562,0.555,0.47,0.605,0.765,0.68,2,11.70366,-33.441463
0.06910039113428944,0.1590413199410377,111.0,0.9736842105263158,114.0,0.9743589743589745,117.0,1.073394495412844,0.06572164948453608,0.4954545454545455,220.0,1.9130434782608696,115.0,1.0,115.0,0.5227272727272727,157.0,-0.6248452800075662,0.9482041490201447,81.0,76.0,0.5983680470222839,2.147952257653895,0.7478810232831481,-1.508637994060778,-0.6786347654710312,0.45,0.505,0.515,0.575,0.88,2,38.99015,-5.0190215
0.1121251629726206,0.19370572777215536,122.0,1.0166666666666666,120.0,1.2,100.0,0.7142857142857143,0.13015463917525774,1.7666666666666666,90.0,0.5844155844155844,154.0,1.2622950819672132,122.0,1.564102564102564,168.0,0.3425677677508105,0.5167204762252937,57.0,111.0,0.5949696236699756,0.7949073646790197,0.41535109663204905,0.3869867942719575,0.9468070453950086,0.505,0.49,0.585,0.74,0.63,2,13.776123,-23.328724
0.06649282920469361,0.14450895254886614,117.0,0.9915254237288136,118.0,1.4047619047619049,84.0,0.5526315789473685,0.11211340206185567,1.228813559322034,118.0,1.0085470085470083,117.0,0.4875,240.0,2.051282051282051,165.0,-0.2425676641955301,0.39746058270555285,64.0,101.0,0.5358354709763591,-0.1823421358114894,0.5851557757838628,-1.3693244312649533,-0.121089613810369,0.35,0.275,0.39,0.435,0.685,2,12.258199,-3.1869175
0.07040417209908735,0.2454770874448973,80.0,0.5369127516778524,149.0,1.2735042735042734,117.0,0.9831932773109244,0.11855670103092783,1.2195121951219512,123.0,1.0423728813559323,118.0,1.4390243902439024,82.0,0.5394736842105263,161.0,-0.1260590727652829,0.5503173961042601,56.0,105.0,0.5083346145334381,0.2963171094586244,0.3272172594478517,-0.0748296825139784,0.585595407202795,0.535,0.475,0.6,0.77,0.655,2,13.407935,-31.723051
0.07692307692307693,0.25410336651275833,81.0,0.4969325153374233,163.0,1.101351351351351,148.0,1.184,0.1713917525773196,1.8725490196078431,102.0,0.8225806451612904,124.0,0.9253731343283582,134.0,0.9925925925925926,178.0,-0.2149832260592413,0.14049356822661496,45.0,133.0,0.3921336779368665,0.2337899235705549,0.12747533211150627,0.2346900235536182,-0.0217839195979901,0.445,0.475,0.485,0.495,0.55,2,-14.038111,-23.859228
0.08344198174706649,0.13831104084498475,134.0,0.9925925925925926,135.0,1.2272727272727273,110.0,0.7801418439716312,0.10051546391752578,1.088,125.0,1.024590163934426,122.0,0.9606299212598424,127.0,0.9921875,183.0,-0.1034027723859697,0.2967912656162958,88.0,95.0,0.4712634163537479,0.4889922962342946,0.2099684695280738,0.0092091599809987,0.4371963113445595,0.67,0.7,0.715,0.825,0.735,2,-7.7889676,-23.926836
0.01955671447196871,0.14527002486805984,81.0,0.8804347826086957,92.0,0.5508982035928144,167.0,1.7956989247311828,0.08247422680412371,1.4878048780487805,82.0,0.9213483146067416,89.0,0.536144578313253,166.0,1.7473684210526317,171.0,-0.1299487718583577,0.1001788196105352,86.0,85.0,0.2994785463549881,-0.2422436970718969,0.1621258291584541,-0.5075161022821956,0.1842481663485997,0.325,0.455,0.5,0.575,0.73,2,-15.843389,-21.46353
0.14602346805736635,0.14279653983068039,179.0,1.0718562874251496,167.0,1.8977272727272727,88.0,0.3450980392156862,0.2551546391752577,1.610062893081761,159.0,1.0192307692307692,156.0,1.0263157894736843,152.0,0.987012987012987,241.0,-0.1432070578544697,0.6160312180224283,62.0,179.0,0.24235950754913532,-0.1307401283603703,0.5145157922769441,-2.1558865976827124,0.722360699057146,0.155,0.22,0.26,0.31,0.455,2,14.687449,13.90128
0.11603650586701435,0.14672501606651842,153.0,0.9444444444444444,162.0,1.862068965517241,87.0,0.3307984790874524,0.20876288659793815,1.4193548387096775,155.0,0.96875,160.0,1.019108280254777,157.0,1.0608108108108107,209.0,-0.1769865814526859,0.604367485434553,55.0,154.0,0.6234495068313065,-0.2234309284538834,0.48870812676744424,-2.1794195078227045,0.5482290916849246,0.25,0.215,0.265,0.325,0.455,2,18.38224,-19.952671
0.07822685788787484,0.1737600752531493,110.0,0.7189542483660131,153.0,1.5,102.0,0.5795454545454546,0.1481958762886598,1.2357142857142858,140.0,0.6796116504854369,206.0,2.145833333333333,96.0,0.5853658536585366,167.0,-0.0448824710491063,0.18715577364384361,46.0,121.0,0.4228979284904645,0.3399643868460642,0.1603879240152049,-0.0605152197179144,0.2734081446356839,0.46,0.49,0.5,0.61,0.53,2,-12.067983,-22.588867
0.1316818774445893,0.1404394540891776,170.0,1.0059171597633136,169.0,1.0628930817610065,159.0,1.0460526315789471,0.21649484536082475,1.4394904458598723,157.0,1.0194805194805194,154.0,1.013157894736842,152.0,0.9047619047619048,232.0,-0.248785102429748,0.4881719736238405,74.0,158.0,0.5201993511780092,0.2483952612381671,0.35146524526163186,-0.2695251592277122,-0.2695251592277122,0.5,0.45,0.545,0.655,0.655,2,11.7807255,-20.23931
0.05736636245110821,0.13252206352156554,117.0,1.0636363636363635,110.0,0.9322033898305084,118.0,1.0825688073394495,0.08118556701030928,1.0707964601769913,113.0,1.0560747663551402,107.0,0.4755555555555555,225.0,2.710843373493976,156.0,-0.3862386737487611,0.861882858158897,72.0,84.0,0.6132263952677015,-0.5874535295448677,0.8583710212031417,-1.3030213846326308,2.1755529312254893,0.43,0.395,0.47,0.575,0.495,2,37.92397,-3.9154751
0.0847457627118644,0.14905754883154726,128.0,1.024,125.0,0.8012820512820513,156.0,0.896551724137931,0.11984536082474227,2.157142857142857,70.0,0.3571428571428571,196.0,1.3333333333333333,147.0,1.0352112676056338,252.0,-0.1514404065543309,0.12394271587001146,147.0,105.0,0.3064255086807787,-0.0960165643323093,0.2963638492785518,0.7031983948926408,0.7031983948926408,0.51,0.54,0.57,0.585,0.585,2,-27.892706,-12.296179
0.05215123859191656,0.14094142605264579,108.0,0.9310344827586208,116.0,1.0265486725663715,113.0,1.036697247706422,0.06701030927835051,1.0,110.0,0.9821428571428572,112.0,0.5283018867924528,212.0,0.925764192139738,154.0,-0.2318091752081792,0.9061341316596984,77.0,77.0,0.5982411443467277,-0.4967379193212407,0.8209662698922381,2.298923233754431,2.298923233754431,0.43,0.4,0.47,0.495,0.495,2,38.44979,-4.3827662
0.027379400260756193,0.04865510328752529,166.0,1.2116788321167884,137.0,1.0148148148148148,135.0,1.3775510204081634,0.19845360824742267,1.1910112359550562,178.0,1.8541666666666667,96.0,0.5748502994011976,167.0,1.2748091603053435,214.0,-0.3130703806252458,0.2540774588134369,66.0,148.0,0.47168537205797606,-0.3088367334650098,0.3380949680286552,-0.0027493661416742,0.1121933385952796,0.285,0.215,0.31,0.36,0.37,2,-3.3892431,-19.734495
0.028683181225554105,0.018973666543149862,233.0,2.284313725490196,102.0,0.5483870967741935,186.0,1.207792207792208,0.15077319587628865,1.7326732673267329,101.0,0.6558441558441559,154.0,1.4807692307692308,104.0,0.6081871345029239,189.0,-0.1818285852229292,0.10768909337828624,67.0,122.0,0.29914054094166626,-0.3827737488783149,0.31030550735907847,-0.7436994947288873,-0.1601981791562132,0.185,0.315,0.355,0.395,0.57,2,-27.044275,-8.73929
0.061277705345501955,0.14105434602174352,115.0,1.4024390243902438,82.0,0.543046357615894,151.0,1.51,0.15850515463917525,1.989010989010989,91.0,0.6408450704225352,142.0,1.2136752136752136,117.0,1.5,179.0,-0.3072528166807983,0.5404363662398506,53.0,126.0,0.5072513790705385,-2.450004054489177,0.26994124161873817,-0.2610197998112536,0.1159539513096153,0.505,0.31,0.54,0.68,0.615,2,8.867712,-27.148088
0.11342894393741851,0.179784654543494,130.0,0.87248322147651,149.0,1.3796296296296295,108.0,0.6,0.20618556701030927,2.037383177570093,107.0,0.6045197740112994,177.0,1.3828125,128.0,0.992248062015504,239.0,-0.1510150491550421,0.3771782697529376,87.0,152.0,0.5078247794712193,0.4295490586012062,0.28092245087438017,0.5299727305139181,0.5299727305139181,0.535,0.57,0.58,0.595,0.595,2,-1.0634071,-25.595232
0.15514993481095177,0.14947494943160508,180.0,1.0,180.0,1.487603305785124,121.0,0.4782608695652174,0.22164948453608246,1.7293233082706767,133.0,0.5,266.0,1.7615894039735098,151.0,0.5373665480427047,243.0,-0.1251262411477006,0.3966071154453276,82.0,161.0,0.6761152084029572,-0.3894535726420771,0.7105816459486584,-0.5140869897612825,-0.4773382444838471,0.315,0.275,0.34,0.395,0.585,2,21.558733,-3.326182
0.1864406779661017,0.173619968758025,182.0,0.9837837837837838,185.0,1.0451977401129944,177.0,0.9619565217391304,0.23711340206185566,1.0476190476190477,231.0,1.0845070422535212,213.0,1.1151832460732984,191.0,1.1169590643274854,265.0,-0.3193442728491924,0.4759465014954142,96.0,169.0,0.7081714160049528,-0.600034989658048,0.7656506720335745,-0.8455877028965055,-0.3609857507151059,0.335,0.3,0.36,0.405,0.63,2,23.397104,-2.6572263
0.14602346805736635,0.15340342566744317,170.0,0.9289617486338798,183.0,1.0701754385964912,171.0,1.0961538461538465,0.24097938144329897,2.2685185185185186,108.0,0.5192307692307693,208.0,1.238095238095238,168.0,0.918032786885246,250.0,-0.2517705032660355,0.4328914355459878,79.0,171.0,0.6512389756954314,-0.4498722215295197,0.6915163051890857,-0.6022175678413071,-0.5901316322939614,0.29,0.255,0.32,0.37,0.375,2,21.335453,-2.979387
0.0847457627118644,0.13548441253039786,137.0,1.0378787878787878,132.0,1.0232558139534884,129.0,0.9847328244274808,0.15077319587628865,1.2962962962962965,135.0,0.9854014598540146,137.0,1.062015503875969,129.0,0.9923076923076924,180.0,-0.4032594852236789,0.5813334193674377,58.0,122.0,0.17363792395090963,-0.6966317453103653,0.7250681899813161,-1.3197343402352264,-0.2940570993161502,0.17,0.23,0.325,0.5,0.38,2,23.94039,16.806713
0.1316818774445893,0.22529454078327937,119.0,0.7345679012345679,162.0,1.4727272727272729,110.0,0.7534246575342466,0.14432989690721648,1.588785046728972,107.0,0.7086092715231788,151.0,1.411214953271028,107.0,0.6445783132530121,204.0,-0.1264894135819912,0.4396025541823584,86.0,118.0,0.53147937712893,0.3200332771183855,0.27404262532709717,-0.0853264621407901,0.5990989726721847,0.625,0.57,0.665,0.775,0.685,2,1.6345546,-32.110394
0.06388526727509779,0.23295506944316352,80.0,0.5263157894736842,152.0,1.2666666666666666,120.0,0.9917355371900828,0.13402061855670103,1.3170731707317074,123.0,1.2947368421052632,95.0,0.931372549019608,102.0,0.6623376623376623,164.0,-0.2848906113140133,0.5603914429473315,51.0,113.0,0.5285779408799465,0.0978612051787877,0.27822540977881166,-0.2431425751143449,0.4659388009689955,0.6,0.49,0.635,0.79,0.675,2,11.796236,-31.61929
0.10560625814863103,0.14012517599031055,150.0,1.0273972602739727,146.0,1.0,146.0,1.020979020979021,0.19072164948453607,1.3825503355704698,149.0,1.0492957746478873,142.0,1.0289855072463767,138.0,0.9928057553956836,210.0,-0.2536699219883218,0.29042114947660064,66.0,144.0,0.5704964608695872,-0.2811164782098672,0.6195368408484582,-0.5671586962033738,-0.4942242908397539,0.295,0.25,0.315,0.365,0.38,2,14.4641075,-0.47407302
0.1681877444589309,0.28995795493070203,113.0,0.5678391959798995,199.0,1.9509803921568627,102.0,0.5024630541871922,0.15077319587628865,1.7857142857142858,98.0,0.5536723163841808,177.0,1.6857142857142855,105.0,1.141304347826087,196.0,-0.1807625359573966,0.356923930768381,74.0,122.0,0.454106474437088,-1.945741088268188,0.21667624377673383,-0.1571250462819959,0.3037264211929547,0.56,0.38,0.61,0.755,0.66,2,-4.5809216,-32.490395
0.11734028683181226,0.14279653983068039,157.0,1.0129032258064516,155.0,0.981012658227848,158.0,0.8540540540540541,0.2693298969072165,1.5344827586206895,174.0,0.9015544041450776,193.0,1.078212290502793,179.0,1.1474358974358974,241.0,0.0375449944660394,0.5404981422634252,55.0,186.0,0.6498387162720624,-0.1032041347856562,0.5876524772995319,-1.9372223142207028,0.206862245088311,0.215,0.175,0.23,0.275,0.385,2,19.707722,-18.885082
0.1121251629726206,0.19789341903830895,120.0,1.0344827586206895,116.0,1.3975903614457832,83.0,0.5220125786163522,0.12242268041237113,1.2540983606557377,122.0,1.008264462809917,121.0,1.0254237288135593,118.0,0.9672131147540984,171.0,-0.3496372425399061,0.19014396451161836,64.0,107.0,0.42573600213061635,-0.3100631214342118,0.229288231170533,-0.635085880343321,-0.3297954985068259,0.345,0.245,0.375,0.44,0.645,2,-11.731195,-23.58306
0.1290743155149935,0.2475679198084895,109.0,0.6606060606060606,165.0,1.4224137931034482,116.0,0.7295597484276729,0.16108247422680413,1.7102803738317758,107.0,0.6772151898734177,158.0,1.6288659793814433,97.0,0.6598639455782312,216.0,-0.1069850809167082,0.3801367624311747,88.0,128.0,0.49722892020204185,0.6144778921315509,0.2532499233796518,0.6336311363163076,0.2583396455347139,0.58,0.615,0.625,0.635,0.7,2,-2.19073,-32.408936
0.09256844850065189,0.1457428970075589,136.0,1.054263565891473,129.0,0.9148936170212766,141.0,0.9791666666666666,0.11082474226804123,1.1338582677165354,127.0,0.7426900584795322,171.0,1.4491525423728813,118.0,0.6629213483146067,179.0,-0.0926885111580336,0.38024052488018956,79.0,100.0,0.49171362225848836,-1.9355547848016728,0.23791682331967612,-0.0252610432887195,0.5224589944636671,0.63,0.445,0.665,0.825,0.7,2,-3.0779674,-26.528753
0.08865710560625815,0.19760990164959047,106.0,0.7681159420289855,138.0,1.022222222222222,135.0,1.0975609756097562,0.13015463917525774,1.2926829268292683,123.0,1.025,120.0,0.9448818897637796,127.0,0.9621212121212122,181.0,-0.1574146842086416,0.4233842490296662,70.0,111.0,0.5003079760332334,0.5751979699333871,0.248789890126976,-0.1103228139918843,0.6056522416463892,0.585,0.605,0.63,0.805,0.645,2,-0.47957057,-28.13942
0.048239895697522815,0.18758116891923413,85.0,0.3990610328638497,213.0,1.805084745762712,118.0,0.6629213483146067,0.13917525773195877,1.443478260869565,115.0,0.6216216216216216,185.0,1.7788461538461535,104.0,0.6933333333333334,189.0,-0.1078772154711155,0.44685846750488045,73.0,116.0,0.5767826115653848,0.7316984505353703,0.3129289097941232,0.4814465806382579,0.4814465806382579,0.555,0.565,0.585,0.65,0.65,2,4.370636,-28.008604
0.1421121251629726,0.33864652925105576,89.0,0.7606837606837606,117.0,0.6464088397790055,181.0,1.9673913043478264,0.13659793814432988,0.8541666666666666,192.0,1.263157894736842,152.0,1.0482758620689656,145.0,1.858974358974359,181.0,-0.2026903200370894,0.23068986928800814,67.0,114.0,0.39591244341637233,-1.4766433761534397,0.13989215152054807,0.1160995332953876,0.178861550023833,0.55,0.37,0.6,0.63,0.635,2,-13.272377,-25.521677
0.07561929595827901,0.05525522479153258,222.0,1.930434782608696,115.0,1.0267857142857142,112.0,0.509090909090909,0.04768041237113402,0.3991596638655462,238.0,1.0672645739910314,223.0,0.9911111111111112,225.0,1.991150442477876,136.0,-0.2637199483726336,0.999708159709825,70.0,66.0,0.8269437810836714,-0.5048233420175842,0.8961809715321309,-1.8695078115917405,2.279007099655676,0.485,0.44,0.515,0.755,0.55,2,35.645794,-6.634314
0.07170795306388526,0.17303839462732043,106.0,0.7361111111111112,144.0,1.2307692307692308,117.0,0.740506329113924,0.1134020618556701,1.1869918699186992,123.0,0.984,125.0,0.9398496240601504,133.0,0.9779411764705882,174.0,-0.1044269019844574,0.3782125107984251,72.0,102.0,0.485272827029306,-1.8883455513728795,0.2400412329598305,0.5720333175025818,0.5720333175025818,0.6,0.42,0.635,0.65,0.65,2,-2.9630523,-27.046692
0.10299869621903521,0.15595836897118887,137.0,0.9647887323943662,142.0,0.953020134228188,149.0,0.9197530864197532,0.17654639175257733,1.2662337662337662,154.0,0.927710843373494,166.0,0.9651162790697676,172.0,1.029940119760479,215.0,-0.3409476040086691,0.4580438981605038,79.0,136.0,0.4757062220165503,0.7960383000878727,0.5909506961208018,-1.0900102277187391,-0.3794699424882005,0.35,0.405,0.43,0.61,0.76,2,13.065277,-2.4281957
0.0938722294654498,0.11870354316911667,158.0,0.7488151658767772,211.0,1.9357798165137607,109.0,0.4932126696832579,0.19072164948453607,1.7166666666666666,120.0,0.6857142857142857,175.0,1.7156862745098038,102.0,0.5024630541871922,218.0,-0.1635345893195787,0.17188432619449562,74.0,144.0,0.292263025375967,-0.2287354307277104,0.25054721982265843,-1.0467746131710531,0.2201742495862192,0.28,0.305,0.345,0.37,0.57,2,-13.168181,-18.518618
0.121251629726206,0.12458269546452218,176.0,0.9312169312169312,189.0,1.1595092024539877,163.0,1.0251572327044025,0.125,0.945121951219512,164.0,0.8586387434554974,191.0,1.2993197278911566,147.0,1.0352112676056338,195.0,-0.9664709338237728,0.649460446358947,87.0,108.0,0.6001667350394727,1.1553709648763972,0.47574447052365637,-1.4177454056532726,-0.974614528455309,0.405,0.44,0.45,0.58,0.49,2,17.888414,-19.443377
0.11082138200782268,0.20052516519460553,118.0,0.4876033057851239,242.0,2.2,110.0,0.582010582010582,0.15335051546391754,1.5663716814159292,113.0,0.6384180790960452,177.0,1.7184466019417477,103.0,0.6204819277108434,191.0,0.0016099279148572,0.4512643290367614,68.0,123.0,0.5662981218591155,-2.02796806732167,0.32091508407862274,-0.0144712033238616,0.5780695578520368,0.55,0.355,0.59,0.765,0.645,2,3.3750987,-30.977041
0.07953063885267275,0.09509361410978982,168.0,1.3125,128.0,0.992248062015504,129.0,1.4021739130434785,0.14304123711340205,1.1901408450704225,142.0,1.0441176470588236,136.0,0.9927007299270072,137.0,0.8954248366013072,177.0,-0.1976448379459658,0.29877139085715165,59.0,118.0,0.5316323195741613,-0.2375785543688903,0.4210214700286351,0.0078548495837307,0.1155560036810612,0.31,0.245,0.335,0.395,0.4,2,6.8809824,-3.2717516
0.1421121251629726,0.14509943969306818,174.0,1.0235294117647058,170.0,1.0365853658536586,164.0,1.2148148148148148,0.18427835051546393,1.4055944055944056,143.0,1.5212765957446808,94.0,0.3208191126279863,293.0,2.1231884057971016,205.0,-0.1406854791488554,0.29867231751403867,65.0,140.0,0.3224217293638049,-0.1419419459397397,0.4685219095695492,0.1104740721377796,0.1719170393438323,0.195,0.235,0.32,0.375,0.38,2,-8.624798,2.9068224
0.03650586701434159,0.02275424067481908,237.0,0.8088737201365188,293.0,1.646067415730337,178.0,1.390625,0.1134020618556701,1.168,125.0,0.9765625,128.0,0.920863309352518,139.0,1.1209677419354838,173.0,-0.2758005274700196,0.3044474604092658,71.0,102.0,0.27709246969614426,-0.2808236714170798,0.3994536228427355,-0.0486500935173431,0.0802817691094583,0.215,0.3,0.41,0.475,0.485,2,-5.587184,5.8476076
0.09647979139504563,0.11262300247710505,166.0,1.4954954954954955,111.0,0.8740157480314961,127.0,1.6493506493506491,0.16752577319587628,1.5666666666666669,120.0,1.1320754716981132,106.0,1.1397849462365592,93.0,0.7265625,177.0,-0.2282492823320485,0.1398538313252217,46.0,131.0,0.36163369708986187,-0.0883891135438384,0.12506492952379766,-0.150036402245499,0.2207006005016153,0.45,0.4,0.5,0.595,0.515,2,-13.480293,-21.172365
0.05345501955671447,0.07124215124934456,168.0,1.6153846153846154,104.0,0.6227544910179641,167.0,1.4396551724137931,0.14304123711340205,1.1655172413793105,145.0,0.935483870967742,155.0,1.0264900662251657,151.0,1.1353383458646618,186.0,-0.0721679695982863,0.4158747576802459,68.0,118.0,0.5148495334963756,0.6069906554005529,0.2844560432205805,0.256802234169272,0.256802234169272,0.59,0.64,0.65,0.675,0.675,2,2.4691396,-22.194498
0.07170795306388526,0.2442094263632403,81.0,0.5126582278481012,158.0,1.3166666666666669,120.0,1.0256410256410255,0.12628865979381443,1.2892561983471074,121.0,0.983739837398374,123.0,1.5,82.0,0.5157232704402516,165.0,-0.0344522616248511,0.5294093623535456,56.0,109.0,0.5727230852398366,0.5004307978132648,0.32474669410131507,0.038849123132773,0.6964874554710684,0.575,0.51,0.61,0.755,0.64,2,13.387138,-30.168642
0.03650586701434159,0.07937567167801438,139.0,1.1487603305785123,121.0,1.0,121.0,1.2872340425531914,0.1481958762886598,2.0352941176470587,85.0,0.551948051948052,154.0,1.2419354838709675,124.0,1.0163934426229508,176.0,-0.1155472743747124,0.5532798178080395,55.0,121.0,0.5470754340946984,-2.3318327913166783,0.33229356188501125,0.0078794652689448,0.7416295494766967,0.52,0.32,0.565,0.69,0.595,2,7.8899975,-22.058285
0.061277705345501955,0.14279653983068039,114.0,0.991304347826087,115.0,1.0,115.0,1.036036036036036,0.07216494845360824,1.0857142857142856,105.0,0.8823529411764706,119.0,1.1226415094339623,106.0,0.8412698412698413,160.0,-0.214642027052845,0.8764651682284416,81.0,79.0,0.8022807379952237,-0.5227873391955262,0.9553608704809854,-0.8749014886892963,-0.3076470545136413,0.455,0.41,0.51,0.56,0.87,2,35.03589,-5.1645083
0.1290743155149935,0.2532711659394344,107.0,0.6045197740112994,177.0,1.5803571428571428,112.0,0.6956521739130435,0.14432989690721648,1.2318840579710144,138.0,1.422680412371134,97.0,0.5843373493975904,166.0,1.5229357798165135,198.0,-0.0788791246567328,0.5083529901202837,80.0,118.0,0.5389145497607816,-2.318365782350061,0.3250657329532031,-0.0746654011186058,0.819963394445709,0.565,0.41,0.63,0.78,0.645,2,5.328633,-34.21893
0.08604954367666232,0.14130137350211516,134.0,0.9925925925925926,135.0,0.6818181818181818,198.0,1.137931034482759,0.11984536082474227,0.9741935483870968,155.0,0.60546875,256.0,1.7414965986394555,147.0,0.8032786885245902,186.0,-0.6848602162976595,0.6089101355788219,81.0,105.0,0.6235173606279871,-0.4994296149616276,0.5398314844870451,-1.0361435736799631,-0.7276047427419935,0.395,0.325,0.435,0.53,0.485,2,18.280573,-18.860752
0.17861799217731422,0.22238854466361832,146.0,0.9668874172185432,151.0,1.0,151.0,0.9556962025316456,0.20876288659793815,1.375,160.0,0.9696969696969696,165.0,1.0060975609756098,164.0,0.993939393939394,207.0,-0.1206057994838427,0.5817965411908919,53.0,154.0,0.6118153663665349,-0.1528084322521724,0.4888428521150416,-2.088437792460546,0.2316601611755292,0.245,0.2,0.26,0.315,0.43,2,18.856833,-21.019482
0.12255541069100391,0.2383774478806116,109.0,0.6089385474860335,179.0,1.4435483870967742,124.0,0.7294117647058823,0.16237113402061856,1.6576576576576576,111.0,0.6098901098901099,182.0,1.6851851851851851,108.0,0.7152317880794702,207.0,-0.0972925463580133,0.3658709084321684,79.0,128.0,0.5032840007639281,-1.7637166017619954,0.2602446313932722,-0.0781798594782961,0.375673659287041,0.59,0.385,0.625,0.78,0.685,2,-2.216358,-32.317493
0.13820078226857888,0.13394119008359792,181.0,1.0,181.0,1.587719298245614,114.0,0.5253456221198156,0.21649484536082475,1.8677685950413223,121.0,0.5761904761904761,210.0,1.3375796178343948,157.0,1.0902777777777777,244.0,0.1412709207499965,0.6165706740458173,86.0,158.0,0.8555538586876291,0.2704849979391849,0.9596538675575206,-0.1217520699549177,-0.1217520699549177,0.325,0.29,0.355,0.4,0.4,2,28.795492,-5.546585
0.06388526727509779,0.22586943974462143,82.0,0.5466666666666666,150.0,1.271186440677966,118.0,0.9833333333333332,0.11984536082474227,1.2583333333333333,120.0,1.0344827586206895,116.0,1.3975903614457832,83.0,0.5496688741721855,161.0,-0.1082939093187908,0.6038820068765781,56.0,105.0,0.5711803866326951,0.378299565359945,0.35957402571568803,-0.086806723037489,0.38021516059983,0.56,0.47,0.605,0.795,0.685,2,15.497407,-28.95771
0.0560625814863103,0.148413893700617,107.0,0.9553571428571428,112.0,1.0275229357798166,109.0,1.0092592592592593,0.22809278350515463,2.079646017699115,113.0,1.0462962962962965,108.0,0.972972972972973,111.0,1.009090909090909,232.0,-0.3544479223272988,0.5843254034107156,68.0,164.0,0.5560624041877892,-0.4351595570715555,0.8163913193496245,-0.7473180211616843,-0.7473180211616843,0.465,0.765,0.81,0.845,0.845,2,28.161266,16.894835
0.10039113428943937,0.212077237559899,107.0,0.823076923076923,130.0,1.181818181818182,110.0,0.9243697478991596,0.08505154639175258,1.2916666666666667,96.0,0.7619047619047619,126.0,1.1454545454545455,110.0,0.7586206896551724,163.0,-0.2522824820341774,0.4220612341453034,77.0,86.0,0.42809633597701846,0.0495293969868332,0.23137143667338606,0.4545826108343493,0.4545826108343493,0.64,0.625,0.695,0.73,0.73,2,-3.267805,-29.72919
0.06779661016949153,0.2296963274089774,83.0,0.5286624203821656,157.0,1.319327731092437,119.0,1.017094017094017,0.12242268041237113,1.275,120.0,0.9836065573770492,122.0,1.5443037974683544,79.0,0.5064102564102564,163.0,-0.302328943226863,0.4967355152749161,56.0,107.0,0.44295242058305473,0.051084322351405,0.22287040236927602,-0.2364784687579853,0.4924009111523094,0.565,0.475,0.62,0.77,0.645,2,10.457964,-34.385906
0.0938722294654498,0.14136545205905365,140.0,0.8092485549132948,173.0,0.6947791164658634,249.0,1.7412587412587412,0.1404639175257732,1.5904761904761904,105.0,0.5121951219512195,205.0,1.64,125.0,0.7102272727272727,183.0,-0.2740114952484392,0.3087323922133952,67.0,116.0,0.28100256286516667,-0.2570453548235525,0.4065115761005213,-0.0148310026303277,0.1154592798482294,0.215,0.26,0.365,0.425,0.435,2,-7.688371,3.2482197
0.048239895697522815,0.10396857703460669,129.0,0.7543859649122807,171.0,1.7272727272727273,99.0,0.5439560439560439,0.14432989690721648,1.5178571428571428,112.0,0.64,175.0,1.5909090909090908,110.0,0.6010928961748634,183.0,-0.1231307385026777,0.44850237779576535,65.0,118.0,0.5018926828816908,-2.1671252766570066,0.28076977992627494,0.6979850300487662,0.6979850300487662,0.53,0.355,0.585,0.6,0.6,2,3.3076203,-22.935116
0.06649282920469361,0.22389151355619435,84.0,0.5419354838709678,155.0,1.3362068965517242,116.0,1.0,0.11211340206185567,1.218487394957983,119.0,1.63013698630137,73.0,0.7525773195876289,97.0,0.521505376344086,161.0,-0.4003604026627581,0.37426541939404917,60.0,101.0,0.4787883583960416,-0.4095281978679254,0.5284551243258861,-1.396282262852436,-0.3329120727627331,0.345,0.265,0.385,0.425,0.655,2,10.653343,-5.462274
0.06388526727509779,0.26978038435530455,71.0,0.4152046783625731,171.0,1.4491525423728813,118.0,1.0,0.09278350515463918,1.1111111111111112,117.0,1.5194805194805194,77.0,0.4782608695652174,161.0,1.61,165.0,-0.294960025533047,0.3786568498788153,74.0,91.0,0.5386277642340629,-0.2654547863866469,0.5007393281173547,-1.570440495200864,-0.1515128168316685,0.365,0.285,0.405,0.455,0.705,2,11.078998,-6.005506
0.08865710560625815,0.1678405758341479,120.0,0.9917355371900828,121.0,1.0083333333333333,120.0,1.0344827586206895,0.12886597938144329,1.3057851239669422,121.0,1.0,121.0,1.4404761904761905,84.0,0.5419354838709678,167.0,-0.2409882402819623,0.5332168606800239,57.0,110.0,0.4860197152560343,0.2596558706476419,0.2729132625531114,-0.180004050035658,0.642587552910221,0.565,0.5,0.615,0.75,0.635,2,8.750163,-27.963459
0.02998696219035202,0.061859522812851515,151.0,0.5992063492063492,252.0,1.6153846153846154,156.0,1.0263157894736843,0.13917525773195877,1.2116788321167884,137.0,0.9927536231884058,138.0,1.4838709677419355,93.0,0.5054347826086957,175.0,-0.2349503419479345,0.317210392427892,59.0,116.0,0.2768586087505689,-0.2271164951312741,0.4180347933207623,0.0726099889051436,0.1997873420759948,0.215,0.25,0.34,0.4,0.41,2,-5.7972226,5.537194
0.15254237288135594,0.3520533739929869,90.0,0.6923076923076923,130.0,1.007751937984496,129.0,1.5925925925925926,0.15850515463917525,2.033707865168539,89.0,0.55625,160.0,1.5841584158415842,101.0,0.7651515151515151,184.0,-0.1103360023492253,0.16547262160466422,58.0,126.0,0.3153872760125495,-0.1447772604031371,0.4069347283420165,-0.5138424191565275,-0.2150706051086641,0.19,0.265,0.32,0.355,0.545,2,-15.398296,3.186425
0.11864406779661017,0.14667432605057212,155.0,0.96875,160.0,1.6842105263157894,95.0,0.3861788617886179,0.211340206185567,1.3788819875776397,161.0,0.9415204678362572,171.0,1.0301204819277108,166.0,1.0573248407643312,221.0,-0.1673470055935676,0.2087833322373488,66.0,155.0,0.5006251160427762,-0.2699081303926627,0.4841405816262543,-0.5476702523253787,-0.060866050053554,0.28,0.26,0.3,0.345,0.525,2,5.0669756,-4.5064573
0.06910039113428944,0.24297268384455056,80.0,0.5,160.0,1.2698412698412698,126.0,1.0327868852459017,0.13402061855670103,1.3388429752066116,121.0,1.0083333333333333,120.0,1.5384615384615383,78.0,0.484472049689441,169.0,-0.2723884978812866,0.5492094622135549,56.0,113.0,0.5062389975245446,0.2457746821094266,0.26960008161180704,-0.1629396984924622,0.4085513878028663,0.555,0.47,0.59,0.725,0.64,2,11.317717,-32.532406
0.05867014341590613,0.06308648975512778,186.0,1.55,120.0,0.6593406593406593,182.0,1.6545454545454543,0.2190721649484536,2.0727272727272728,110.0,0.6547619047619048,168.0,1.4867256637168142,113.0,0.6686390532544378,227.0,-0.0308216045323883,0.22441891899678784,68.0,159.0,0.3629271975086406,-0.2500815851117824,0.3111087551825677,-0.6361331194820375,-0.2247373269001953,0.2,0.265,0.3,0.34,0.455,2,-16.204973,-0.35988107
0.05736636245110821,0.23126378389487745,77.0,0.4753086419753086,162.0,1.8837209302325584,86.0,0.6099290780141844,0.09020618556701031,1.1636363636363636,110.0,0.9734513274336284,113.0,1.118811881188119,101.0,1.2317073170731707,157.0,-0.4206304850975004,0.33591148664236603,68.0,89.0,0.48460868503239013,-0.2745746389960967,0.4057949963971489,-1.675682093336503,-0.4831214626460275,0.35,0.305,0.39,0.435,0.655,2,8.699882,-7.2452426
0.08996088657105607,0.16578778599779811,122.0,0.9037037037037036,135.0,1.0150375939849623,133.0,0.9779411764705882,0.11469072164948453,1.3867924528301887,106.0,0.6928104575163399,153.0,1.4166666666666667,108.0,0.6792452830188679,179.0,-0.0354356228139407,0.37707625943757417,77.0,102.0,0.4717577745998885,0.1521731728141361,0.35835117077743356,0.4670266338438708,0.4670266338438708,0.585,0.555,0.665,0.685,0.685,2,9.326598,-9.033737
0.06388526727509779,0.047132834736353914,222.0,0.956896551724138,232.0,1.0175438596491229,228.0,1.982608695652174,0.07603092783505154,1.073394495412844,109.0,0.981981981981982,111.0,1.1935483870967742,93.0,1.1071428571428572,162.0,-0.0303603903853911,0.785662857134921,81.0,81.0,0.7364757981714445,-0.3798310712351725,0.9705317045437626,-0.6583097033216117,0.0019877085359482,0.455,0.415,0.5,0.555,0.87,2,35.892284,-3.7370448
0.14341590612777053,0.14625088962426208,174.0,1.6261682242990654,107.0,0.4331983805668016,247.0,1.4114285714285717,0.26288659793814434,1.5057471264367817,174.0,1.029585798816568,169.0,1.4955752212389382,113.0,0.4154411764705882,262.0,-0.0801622719006913,0.2280259782233016,79.0,183.0,0.42366217189476363,0.4641682079850531,0.20976240686179934,0.4060945491657542,0.4060945491657542,0.49,0.535,0.545,0.565,0.565,2,-9.342383,-19.497911
0.11473272490221642,0.17419503273055012,134.0,0.7052631578947368,190.0,1.0555555555555556,180.0,1.2765957446808511,0.14690721649484537,1.237410071942446,139.0,1.045112781954887,133.0,0.764367816091954,174.0,0.7073170731707317,183.0,-0.2302173947099607,0.30575308537265683,63.0,120.0,0.5549938012181503,-0.2067185901538159,0.41665431400300373,0.0335979698963419,0.1820397931217657,0.325,0.26,0.345,0.405,0.415,2,6.75159,-5.4526067
0.15254237288135594,0.2038968829880764,141.0,0.5183823529411765,272.0,1.0225563909774436,266.0,2.1451612903225805,0.22164948453608246,1.7164179104477613,134.0,0.9710144927536232,138.0,1.5164835164835164,91.0,0.4044444444444444,229.0,-0.0234988737214736,0.27680136239320485,68.0,161.0,0.5993773853299096,-0.0320802769213156,0.4543377641095932,0.2459968684871049,0.2910809793049713,0.275,0.21,0.295,0.345,0.35,2,5.37614,-6.293753
0.06649282920469361,0.13782912773081907,121.0,1.0168067226890756,119.0,0.9916666666666668,120.0,1.0434782608695652,0.1095360824742268,1.2327586206896552,116.0,1.6338028169014085,71.0,0.4152046783625731,171.0,1.4491525423728813,165.0,-0.5701524415563934,0.3704498209252749,65.0,100.0,0.4139913680143541,-0.5402116329603651,0.4755106014406023,-1.7305416993473406,-0.4313133558970433,0.36,0.285,0.4,0.445,0.705,2,3.6034775,-1.921901
0.08996088657105607,0.14578687248781083,134.0,0.8271604938271605,162.0,1.173913043478261,138.0,0.71875,0.1713917525773196,1.2733333333333334,150.0,1.0638297872340423,141.0,1.0,141.0,0.986013986013986,226.0,-0.0204667615004864,0.32013554520904725,93.0,133.0,0.48874788958651044,0.535,0.23248675834434143,0.5385570255561188,0.4823745558611376,0.6,0.64,0.655,0.665,0.685,2,-4.0257974,-24.428843
0.06388526727509779,0.22936851613896328,81.0,0.5225806451612903,155.0,1.28099173553719,121.0,1.0168067226890756,0.1211340206185567,1.2666666666666666,120.0,1.0256410256410255,117.0,1.1142857142857143,105.0,0.8015267175572519,164.0,-0.2463474887247435,0.515848847400283,58.0,106.0,0.295681551883968,-0.1372568394419137,0.2713366176312816,-2.322805529498642,0.2452007853651659,0.235,0.255,0.305,0.36,0.515,2,11.333964,-39.426285
0.1316818774445893,0.23513281170433462,115.0,0.732484076433121,157.0,1.4952380952380953,105.0,0.6402439024390244,0.15206185567010308,1.6761904761904762,105.0,0.6730769230769231,156.0,1.5294117647058822,102.0,0.6986301369863014,211.0,-0.0522554170296046,0.4146541107225026,88.0,123.0,0.5025439888318513,-0.4846854518163196,0.3507502081793401,0.6322835879933674,0.6676622411752275,0.58,0.495,0.65,0.665,0.67,2,1.5338739,-32.92881
0.07822685788787484,0.10874974578675067,153.0,1.5,102.0,0.6891891891891891,148.0,1.3333333333333333,0.11082474226804123,1.3584905660377358,106.0,0.6503067484662577,163.0,1.304,125.0,0.9765625,183.0,-0.0832198793296438,0.4325670795601713,83.0,100.0,0.5239361909017085,-1.9434961883197488,0.28369458724785485,0.7298671472957419,0.7298671472957419,0.655,0.455,0.695,0.71,0.71,2,2.8784137,-23.369677
0.0651890482398957,0.1410986390846826,118.0,0.9833333333333332,120.0,1.5,80.0,0.5228758169934641,0.10438144329896908,1.139344262295082,122.0,1.0427350427350428,117.0,1.1938775510204085,98.0,0.6853146853146853,165.0,-0.621898535158235,0.4085750832512811,68.0,97.0,0.48371624570967975,-0.3765483449595477,0.42276534382418357,-1.6098562761831958,-0.9621728052992308,0.38,0.32,0.415,0.46,0.59,2,8.860861,-4.921564
0.14993481095176012,0.13236152482923558,192.0,1.4222222222222225,135.0,0.6958762886597938,194.0,1.0210526315789474,0.1713917525773196,1.0730337078651686,178.0,1.9777777777777776,90.0,0.5521472392638037,163.0,1.1398601398601398,200.0,-0.0918886711426409,0.2755940051395182,67.0,133.0,0.321432675374664,-0.0606474186601307,0.4473391961111517,0.1939213842841146,0.3381170332727564,0.23,0.24,0.33,0.39,0.395,2,-8.76753,3.110282
0.2255541069100391,0.09958330123646188,306.0,2.25,136.0,0.9379310344827586,145.0,1.6477272727272727,0.1958762886597938,1.5555555555555556,135.0,0.8333333333333334,162.0,0.5765124555160143,281.0,1.898648648648649,226.0,-0.1962039438999891,0.2032326315678394,79.0,147.0,0.47406423662906094,-0.1749153175924475,0.316349447973176,-0.0934620556603563,-0.0538443512863842,0.325,0.26,0.35,0.405,0.41,2,-6.0551753,-18.67178
0.10039113428943937,0.19552082615376992,114.0,0.7215189873417721,158.0,1.5047619047619047,105.0,0.6140350877192983,0.12757731958762886,1.7065217391304348,92.0,0.5897435897435898,156.0,1.3565217391304347,115.0,0.777027027027027,188.0,-0.222587104371302,0.3519773140259671,79.0,109.0,0.4679126593851785,0.3266541183366347,0.21216909578182552,0.3430695211144255,0.3430695211144255,0.59,0.605,0.65,0.695,0.695,2,-4.3417897,-28.148396
0.19165580182529335,0.32526023071308674,112.0,0.4890829694323144,229.0,1.8617886178861789,123.0,0.4606741573033708,0.25902061855670105,1.7862068965517242,145.0,0.5776892430278885,251.0,2.024193548387097,124.0,0.5610859728506787,258.0,-0.1717928043373968,0.46818771945332244,77.0,181.0,0.6167876924456042,-0.352423134026647,0.8102130893403734,-0.6972967307800606,-0.6561986034601746,0.27,0.24,0.3,0.36,0.375,2,24.2336,0.75610065
0.0651890482398957,0.22486856143240538,83.0,0.5496688741721855,151.0,1.2583333333333333,120.0,0.9917355371900828,0.12242268041237113,1.2439024390243902,123.0,1.0695652173913044,115.0,1.3855421686746987,83.0,0.5533333333333333,163.0,-0.0033598913957546,0.52232807538239,56.0,107.0,0.560212110883529,0.3300840022749139,0.35359959620991616,0.0516213365484769,0.133519651364964,0.56,0.47,0.61,0.765,0.735,2,13.689342,-29.63718
0.04302477183833116,0.03606681630188413,214.0,1.963302752293578,109.0,0.4638297872340425,235.0,1.3202247191011236,0.22164948453608246,1.306818181818182,176.0,1.0232558139534884,172.0,1.0886075949367089,158.0,0.9349112426035504,234.0,-0.0335321780122811,0.2452709858179967,73.0,161.0,0.44647319714802575,0.3782348282389924,0.1781490840073288,0.2774826958160707,0.3727246407302544,0.5,0.52,0.53,0.58,0.555,2,-9.824205,-21.409018
0.07561929595827901,0.20331962683906027,96.0,0.5363128491620112,179.0,1.3875968992248062,129.0,0.80625,0.19201030927835053,1.398648648648649,148.0,1.064748201438849,139.0,1.139344262295082,122.0,1.207920792079208,206.0,-0.193483968640178,0.2919989268051678,62.0,144.0,0.5687106591417429,-0.228132687287782,0.46434106082162785,0.0537438539237195,0.0537438539237195,0.28,0.225,0.3,0.355,0.355,2,6.3006363,-5.7531343
0.11734028683181226,0.3918058120937291,70.0,0.4242424242424242,165.0,1.7934782608695652,92.0,0.609271523178808,0.12886597938144329,1.2845528455284554,123.0,1.0423728813559323,118.0,1.6388888888888888,72.0,0.4337349397590361,165.0,-0.2782222901489164,0.5600805820203991,55.0,110.0,0.47976268337402866,0.1300726971309889,0.2868382705090778,-0.2253286439897358,0.3550679997349452,0.54,0.455,0.595,0.765,0.655,2,7.918013,-35.697067
0.17209908735332463,0.2377783652660536,135.0,0.9854014598540146,137.0,1.4891304347826086,92.0,0.6013071895424836,0.14432989690721648,0.7692307692307693,221.0,1.4932432432432432,148.0,1.1297709923664123,131.0,1.0,187.0,-0.1737488893561362,0.3202645307406272,69.0,118.0,0.5280537617994724,-0.0271425664726896,0.4503220783921579,0.1180247379778965,0.2969732102865555,0.34,0.31,0.365,0.425,0.44,2,6.641957,-7.661274
0.14602346805736635,0.26847206595717205,110.0,0.6790123456790124,162.0,1.542857142857143,105.0,0.625,0.10438144329896908,1.3365384615384617,104.0,0.5842696629213483,178.0,1.459016393442623,122.0,0.7134502923976608,167.0,-0.0003902016785002,0.45757984737239965,70.0,97.0,0.5621722904016191,0.7903338960672553,0.30554245937422836,0.7972442137635981,0.7972442137635981,0.64,0.67,0.68,0.695,0.695,2,3.194045,-34.657177
0.07170795306388526,0.2640623983737864,76.0,0.4662576687116564,163.0,1.369747899159664,119.0,1.0084745762711864,0.13530927835051546,1.3360655737704918,122.0,1.0,122.0,1.6944444444444444,72.0,0.4444444444444444,165.0,-0.3633977930601243,0.5624569765458234,51.0,114.0,0.23294220051897663,-0.3429623795431536,0.2657592246219739,-2.4786549940815394,0.2410738052558522,0.23,0.255,0.315,0.37,0.545,2,11.134656,-39.218998
0.10691003911342895,0.1720787973116578,130.0,0.8227848101265823,158.0,1.5490196078431373,102.0,0.723404255319149,0.13015463917525774,1.272,125.0,1.016260162601626,123.0,0.9389312977099236,131.0,1.0,195.0,-0.2808428789472808,0.3631730083163257,84.0,111.0,0.4407491589832844,0.3663781854877895,0.17113417763097383,-0.4097223476532586,0.3332178529190089,0.61,0.65,0.66,0.78,0.675,2,-4.9910254,-27.778364
0.05084745762711865,0.04706170269427245,203.0,1.2767295597484276,159.0,1.5436893203883495,103.0,0.4598214285714285,0.21005154639175258,1.3393939393939394,165.0,1.0443037974683544,158.0,1.0063694267515924,157.0,1.097902097902098,218.0,-0.4161133194582387,0.2714017831295811,64.0,154.0,0.4550717463450025,-0.5564906125334121,0.5126929624190357,-0.5865101919066327,-0.5216397580615869,0.275,0.255,0.295,0.34,0.505,2,5.9891043,-0.8307932
0.06258148631029987,0.14106936493388952,116.0,1.045045045045045,111.0,0.8671875,128.0,1.0756302521008403,0.125,1.3135593220338984,118.0,1.0535714285714286,112.0,1.4,80.0,0.5063291139240507,163.0,-0.2303360329277517,0.5699382697932879,55.0,108.0,0.5055263729707882,0.6356333430323091,0.322764352362133,0.7188659999299336,0.7188659999299336,0.57,0.595,0.625,0.645,0.645,2,10.428649,-26.854853
0.05867014341590613,0.21609615740180496,82.0,0.5540540540540541,148.0,1.494949494949495,99.0,0.7443609022556391,0.13402061855670103,1.6701030927835052,97.0,0.7238805970149254,134.0,1.3535353535353536,99.0,0.75,182.0,-0.2874541429064527,0.6670710168499675,69.0,113.0,0.5704063365283947,-2.454857282847403,0.37058631828203265,-0.0564435719863042,0.4067906500828602,0.58,0.385,0.62,0.77,0.69,2,16.033264,-28.019444
0.09256844850065189,0.1487772051449413,134.0,0.8481012658227848,158.0,1.0463576158940395,151.0,1.0272108843537415,0.18041237113402062,1.736842105263158,114.0,0.5089285714285714,224.0,1.4088050314465408,159.0,1.1357142857142857,208.0,-0.2503059088208157,0.4528402292442615,70.0,138.0,0.47310361104234216,0.2591301148388065,0.21895453146062888,-0.3330948078859873,0.3017120173329543,0.53,0.475,0.57,0.755,0.625,2,1.3347678,-25.23768
0.11734028683181226,0.20240548502901634,121.0,0.9758064516129032,124.0,0.9185185185185184,135.0,1.0305343511450382,0.13917525773195877,1.328,125.0,1.024590163934426,122.0,0.9682539682539684,126.0,1.2233009708737863,164.0,-0.0375518637780509,0.14815880152710115,48.0,116.0,0.42487656390588147,-0.6864354908399622,0.18382084657356207,0.4221563516799508,0.368957210347715,0.505,0.3,0.545,0.555,0.58,2,-12.99183,-23.362535
0.1016949152542373,0.25149831312232673,94.0,0.5193370165745856,181.0,1.167741935483871,155.0,1.534653465346535,0.16237113402061856,1.4488188976377954,127.0,0.8581081081081081,148.0,1.574468085106383,94.0,0.5371428571428571,189.0,-0.1823542970452557,0.36638190286240613,61.0,128.0,0.31706314227963206,-0.1936413878308341,0.5090520191023975,0.179625462328413,0.2791699593513724,0.18,0.235,0.32,0.38,0.385,2,-7.7086725,0.50591975
0.19556714471968709,0.1409668385701531,219.0,2.0277777777777777,108.0,1.0,108.0,1.0,0.08891752577319588,0.5772727272727273,220.0,1.0,220.0,1.0232558139534884,215.0,0.9862385321100916,151.0,-0.3851252911401804,0.8999239595406514,63.0,88.0,0.5696456943679871,-0.6196720999453884,0.797392160802974,-1.91142904569676,2.101832059836923,0.445,0.415,0.485,0.72,0.51,2,39.273838,-3.9034116
0.21121251629726207,0.1230768264421233,254.0,0.958490566037736,265.0,1.1181434599156117,237.0,1.0085106382978724,0.08118556701030928,0.7076023391812866,171.0,0.8769230769230769,195.0,0.9701492537313432,201.0,0.9136363636363636,160.0,-0.5805495520471582,0.3188530301192003,76.0,84.0,0.22016863730153916,-0.7178492080045663,0.30711154695563614,-0.44333250829279,-0.2918727248204075,0.415,0.37,0.475,0.53,0.54,2,-13.108014,-2.307083
0.21121251629726207,0.31545786122044034,123.0,0.4606741573033708,267.0,2.1885245901639343,122.0,0.5147679324894515,0.24871134020618557,2.024193548387097,124.0,0.5610859728506787,221.0,1.8888888888888888,117.0,0.5109170305676856,276.0,-0.1481158522621628,0.4952865182897728,101.0,175.0,0.8131949911704229,-0.3432137157706866,0.8413831880844889,-0.6151437675821247,-0.3150449720423815,0.345,0.305,0.365,0.425,0.64,2,25.666111,-0.5944877
0.12385919165580182,0.2375085305347031,110.0,0.7534246575342466,146.0,1.4174757281553398,103.0,0.639751552795031,0.11984536082474227,1.411214953271028,107.0,0.6445783132530121,166.0,1.456140350877193,114.0,0.6195652173913043,179.0,-0.1607232947060946,0.3686322568079939,74.0,105.0,0.43522126601343647,-1.95022717544654,0.23391012464804772,-0.1672661974964328,0.5535887407720399,0.57,0.415,0.64,0.805,0.655,2,-4.0988545,-30.554102
0.1694915254237288,0.294849615566019,112.0,0.7088607594936709,158.0,1.5047619047619047,105.0,0.6907894736842105,0.12757731958762886,1.481132075471698,106.0,0.6424242424242425,165.0,1.5566037735849056,106.0,0.6385542168674698,190.0,-0.1257275962475162,0.35261077880891745,81.0,109.0,0.5325760536311875,0.57349944397551,0.26321809656649614,0.5034227840598187,0.5034227840598187,0.605,0.64,0.65,0.67,0.67,2,-2.1287608,-35.084126
0.011734028683181226,0.001008766764894916,260.0,1.4285714285714286,182.0,0.9680851063829788,188.0,1.032967032967033,0.29381443298969073,1.6342857142857143,175.0,1.0802469135802468,162.0,1.0588235294117647,153.0,1.0,256.0,-0.1876660424168744,0.5317490768973788,56.0,200.0,0.2064682070751684,-0.1926894218091967,0.5356133566561528,-2.005701455136747,0.0820042116259925,0.125,0.18,0.22,0.275,0.37,2,-2.7462728,6.0491686
0.1395045632333768,0.15897405377080848,161.0,1.0254777070063694,157.0,0.9751552795031057,161.0,0.936046511627907,0.2190721649484536,1.4339622641509433,159.0,0.9754601226993864,163.0,0.953216374269006,171.0,1.0426829268292683,215.0,-0.1911611052578563,0.5342996278855957,56.0,159.0,0.6490430589885986,-0.1397285347986217,0.577017242964284,-2.102546052147685,0.3699196578418836,0.25,0.22,0.265,0.32,0.465,2,19.587091,-18.901697
0.18904823989569752,0.18106607799328248,178.0,1.8541666666666667,96.0,0.5748502994011976,167.0,1.2748091603053435,0.16237113402061856,1.218543046357616,151.0,1.495049504950495,101.0,0.5642458100558659,179.0,1.3065693430656935,195.0,-0.2328692616991259,0.2823711074698413,67.0,128.0,0.29981350730980755,-0.1597787892554858,0.3553005279723729,0.1203871405288622,0.1706335416097805,0.21,0.25,0.345,0.4,0.405,2,-11.044974,0.48616707
0.07040417209908735,0.27453503058864664,73.0,0.45625,160.0,1.3333333333333333,120.0,1.0,0.13015463917525774,1.261904761904762,126.0,1.0677966101694916,118.0,1.475,80.0,0.5263157894736842,165.0,-0.2468069221616735,0.5170880476945335,54.0,111.0,0.27672554441096986,-0.2230467192752779,0.2900861552750231,-2.2596085889398223,0.2452275589646096,0.205,0.225,0.285,0.34,0.485,2,11.047166,-39.587185
0.11342894393741851,0.2229374550417765,110.0,0.6918238993710691,159.0,1.407079646017699,113.0,0.7687074829931972,0.11855670103092783,1.530612244897959,98.0,0.6012269938650306,163.0,1.044871794871795,156.0,1.0196078431372548,180.0,-0.0830958776456611,0.4034250479760235,75.0,105.0,0.47953290943926746,0.2839978328187524,0.29137180408328994,-0.0237289276953337,0.5399397184199027,0.565,0.54,0.625,0.76,0.675,2,-1.262126,-30.629688
0.08213820078226858,0.17922422856299686,110.0,0.9243697478991596,119.0,1.017094017094017,117.0,0.9069767441860463,0.08762886597938144,1.1454545454545455,110.0,0.7586206896551724,145.0,1.3679245283018868,106.0,0.7162162162162162,155.0,-0.1470299156011347,0.5083175868549011,67.0,88.0,0.5641420715062201,-2.21798273047326,0.32028764340099036,-0.1804109815257325,0.6246456647073436,0.635,0.435,0.67,0.86,0.71,2,11.569904,-25.454288
0.06388526727509779,0.22586943974462143,82.0,0.6259541984732825,131.0,1.0826446280991735,121.0,1.0083333333333333,0.11082474226804123,1.2100840336134453,119.0,1.0258620689655171,116.0,1.288888888888889,90.0,0.6338028169014085,163.0,-0.2204708324390624,0.3620891831211095,63.0,100.0,0.48643369537228665,-0.1114166671616695,0.5479346796164927,-1.449415427172912,-0.1626786211789035,0.35,0.305,0.395,0.435,0.66,2,10.871242,-5.3921747
0.1694915254237288,0.2091293919479728,148.0,1.049645390070922,141.0,0.94,150.0,1.1029411764705883,0.06443298969072164,0.574468085106383,188.0,1.807692307692308,104.0,0.7074829931972789,147.0,1.348623853211009,155.0,-0.075085122415773,0.483969631992296,80.0,75.0,0.5243430689575562,-1.993050761100785,0.28711220639265167,0.7487074827103637,0.4211597742416115,0.75,0.52,0.795,0.805,0.875,2,5.2237754,-31.3447
0.12516297262059975,0.2657850730754319,101.0,0.5642458100558659,179.0,1.7047619047619047,105.0,0.5526315789473685,0.14175257731958762,1.6153846153846154,104.0,0.6227544910179641,167.0,1.4396551724137931,116.0,0.5603864734299517,192.0,0.0130615420604084,0.4112687215518878,75.0,117.0,0.5711546947438559,0.7657254990944948,0.3018649056250614,0.0638729571721221,0.5726478853527396,0.63,0.655,0.665,0.775,0.685,2,1.4565277,-34.47041
0.0560625814863103,0.04447550959484486,216.0,1.8,120.0,0.6382978723404256,188.0,1.9381443298969072,0.1791237113402062,1.3310810810810811,148.0,1.049645390070922,141.0,0.94,150.0,1.1029411764705883,218.0,-0.0871117337113724,0.12706479731738848,81.0,137.0,0.3433509665571912,-0.0691607453237118,0.3428332455242044,-0.6974634305220259,-0.0511291700572306,0.195,0.305,0.375,0.42,0.63,2,-27.058924,-8.415343
0.15254237288135594,0.19494302575570868,146.0,0.7849462365591398,186.0,0.7654320987654321,243.0,1.2857142857142858,0.15335051546391754,1.2826086956521738,138.0,1.0615384615384615,130.0,1.4606741573033708,89.0,0.577922077922078,194.0,-0.2318979348775247,0.2841922305215747,71.0,123.0,0.275008079090322,-0.2037691006185273,0.3936243867920401,0.0070224594007411,0.1665968744226604,0.265,0.29,0.365,0.425,0.435,2,-10.595037,0.90106887
0.14471968709256844,0.12075778814762897,200.0,1.5625,128.0,0.5844748858447488,219.0,1.3272727272727274,0.20747422680412372,1.36875,160.0,0.9248554913294798,173.0,0.9202127659574468,188.0,1.0502793296089383,225.0,-0.1522080947833998,0.22266620250248853,72.0,153.0,0.4016807907938614,0.3162389020434333,0.1607953170589957,0.3356943551191569,0.1336442061154114,0.515,0.555,0.575,0.585,0.63,2,-10.311763,-20.120558
0.10951760104302477,0.1291923721250931,162.0,0.9473684210526316,171.0,0.9827586206896552,174.0,0.956043956043956,0.26804123711340205,1.5739644970414202,169.0,1.049689440993789,161.0,1.0320512820512822,156.0,1.0612244897959184,243.0,-0.1800282137691433,0.4448369063832534,57.0,186.0,0.5684976883446062,-1.6902773893393146,0.3651107606997031,-0.1429255040234694,0.8922468549007729,0.46,0.295,0.49,0.605,0.505,2,11.833832,-19.95256
0.07692307692307693,0.14602802834725684,124.0,1.2783505154639174,97.0,0.5739644970414202,169.0,1.3,0.12628865979381443,0.9397590361445785,166.0,1.6116504854368932,103.0,0.5885714285714285,175.0,1.3358778625954195,173.0,-0.0927523136857073,0.31021963141058106,64.0,109.0,0.5537609122909103,-0.1266348963203911,0.4556893020957523,0.1658654279510503,0.3155744734142011,0.345,0.265,0.37,0.435,0.445,2,7.740496,-4.205601
0.12777053455019557,0.1403971112315458,167.0,1.518181818181818,110.0,0.4247104247104247,259.0,2.3545454545454545,0.23969072164948454,2.3689320388349517,103.0,0.4598214285714285,224.0,1.3254437869822486,169.0,0.9285714285714286,257.0,-0.3206492574698024,0.4248088026313228,87.0,170.0,0.6310631566883267,-0.5399704954380387,0.6800084218598702,-0.8669647397773221,-0.7323486793378975,0.315,0.28,0.34,0.405,0.585,2,20.90391,-3.2076247
0.11994784876140809,0.21945306742390278,115.0,0.8394160583941606,137.0,1.4891304347826086,92.0,0.46,0.12242268041237113,1.3660714285714286,112.0,0.7724137931034483,145.0,1.4646464646464648,99.0,0.4876847290640394,173.0,-0.2904672660752841,0.33072700695010726,66.0,107.0,0.5340357607316873,-0.2738080214038242,0.38678144591097025,-0.0178018563006228,0.0831597606319785,0.36,0.275,0.38,0.45,0.46,2,7.1192684,-7.1523895
0.10951760104302477,0.1525358871653622,144.0,1.5157894736842106,95.0,0.4279279279279279,222.0,1.3788819875776397,0.20618556701030927,1.3212121212121213,165.0,0.9593023255813954,172.0,1.095541401273885,157.0,1.4952380952380953,214.0,-0.1658493962156222,0.20562133707270008,62.0,152.0,0.3077792723613166,-0.2491435786617721,0.4430697173368328,-0.4084538775916024,0.1140772196610485,0.2,0.25,0.285,0.33,0.49,2,-11.614424,6.5743523
0.18904823989569752,0.33212026154496715,109.0,0.4823008849557522,226.0,1.9824561403508767,114.0,0.4615384615384615,0.2667525773195876,1.853146853146853,143.0,0.5860655737704918,244.0,2.2181818181818183,110.0,0.514018691588785,276.0,-0.1900905756887218,0.4440052212778617,91.0,185.0,0.6514496004298528,-0.3576678237503758,0.7365578634758587,-0.6237387325147727,-0.6237387325147727,0.3,0.27,0.33,0.39,0.39,2,23.329796,0.50993145
0.12777053455019557,0.22742810977343275,116.0,0.7295597484276729,159.0,1.485981308411215,107.0,0.7379310344827587,0.12886597938144329,1.6288659793814433,97.0,0.6598639455782312,147.0,1.2672413793103448,116.0,0.6444444444444445,184.0,-0.107219698634392,0.3992541921602865,74.0,110.0,0.5105332257175125,-2.0231062251920005,0.268288173029721,0.6506411265911493,0.6773212819667447,0.585,0.405,0.62,0.63,0.635,2,-1.0116278,-31.663721
0.10821382007822686,0.13386363526893405,157.0,0.9691358024691358,162.0,0.9585798816568049,169.0,1.0764331210191085,0.18041237113402062,1.2857142857142858,154.0,1.811764705882353,85.0,0.4166666666666667,204.0,1.5,224.0,-0.392034350039916,0.2215939172471714,86.0,138.0,0.31018293787867574,-0.6817347289294922,0.19208161510269864,-1.045164015605203,0.183824251327574,0.26,0.355,0.375,0.425,0.62,2,-12.600154,-19.381628
0.07822685788787484,0.15992066701253851,117.0,1.5394736842105263,76.0,0.5066666666666667,150.0,1.5463917525773196,0.11984536082474227,1.5252525252525253,99.0,0.717391304347826,138.0,1.1596638655462186,119.0,1.5657894736842106,159.0,-0.451198503081051,0.5568251163131328,54.0,105.0,0.4388181716198529,0.0016655667435415,0.22218309312299686,-0.4025809914309191,0.2704488547339559,0.54,0.465,0.595,0.775,0.645,2,8.319485,-28.861282
0.11864406779661017,0.15778888791438886,147.0,0.9932432432432432,148.0,1.6263736263736264,91.0,0.4354066985645933,0.19845360824742267,1.3417721518987342,158.0,1.0193548387096774,155.0,1.019736842105263,152.0,0.9047619047619048,211.0,-0.2555590705701783,0.2428683803477376,63.0,148.0,0.2792689214982418,-0.3381035413332622,0.4753325301988052,-0.6478151231467861,0.0481417502590726,0.17,0.26,0.3,0.35,0.525,2,-10.939443,6.949942
0.19556714471968709,0.32050030834224136,115.0,1.0087719298245614,114.0,1.0555555555555556,108.0,0.9391304347826088,0.06314432989690721,0.981651376146789,109.0,0.9646017699115044,113.0,1.0,113.0,1.036697247706422,153.0,-0.2913940399000583,0.9276886191232234,79.0,74.0,0.62934564537909,-0.533960266243905,0.8203500740221151,-1.8994482948205489,2.4002844087152506,0.45,0.415,0.485,0.71,0.51,2,37.63226,-1.6843013
0.11342894393741851,0.16283176863345444,140.0,1.0144927536231885,138.0,1.2105263157894737,114.0,0.8837209302325582,0.211340206185567,1.5,148.0,1.6629213483146068,89.0,0.4540816326530612,196.0,1.8148148148148149,225.0,-0.0575561785102534,0.1022275272100196,70.0,155.0,0.3694577576674797,0.0083757438598222,0.2414586750138724,-0.8153676655250013,0.1608330897264002,0.28,0.295,0.32,0.34,0.55,2,-13.6232815,-18.990091
0.07040417209908735,0.14616380517568442,119.0,1.4875,80.0,0.5095541401273885,157.0,1.319327731092437,0.03994845360824742,0.4917127071823204,181.0,1.9052631578947368,95.0,0.6551724137931034,145.0,1.2083333333333333,119.0,-0.2888683810316894,0.6160080702383975,57.0,62.0,0.21154886652775662,-0.778446338741069,0.26900461372679335,-2.282742390669246,0.2958979095765462,0.255,0.15,0.42,0.49,0.72,2,12.479867,-38.9195
0.25684485006518903,0.4064179714461283,114.0,0.5533980582524272,206.0,1.855855855855856,111.0,0.5,0.21262886597938144,1.8739495798319328,119.0,0.5129310344827587,232.0,1.886178861788618,123.0,0.5324675324675324,230.0,-0.14599221069347,0.3799864101425857,74.0,156.0,0.6548873425341551,-0.2190152768211062,0.6275488139096951,-0.5692643316329222,-0.4990934767210726,0.3,0.265,0.325,0.385,0.575,2,22.35782,1.7927753
0.1290743155149935,0.1925080097924505,133.0,1.047244094488189,127.0,0.8410596026490066,151.0,1.0863309352517985,0.23067010309278352,1.5592105263157894,152.0,1.1014492753623188,138.0,1.422680412371134,97.0,0.5808383233532934,228.0,-0.2934856473362244,0.2798544282455299,63.0,165.0,0.5566525088674923,-0.2720135730199972,0.41029920822424676,-0.040949435932467,0.0724693657238316,0.26,0.195,0.275,0.325,0.33,2,5.35151,-6.2285047
0.06649282920469361,0.07306066057240612,181.0,1.547008547008547,117.0,0.73125,160.0,1.568627450980392,0.14561855670103094,1.401639344262295,122.0,0.6931818181818182,176.0,1.6761904761904762,105.0,0.6481481481481481,210.0,-0.1739091231431494,0.4802093252303836,91.0,119.0,0.7385757704812194,-0.2426692103845318,0.6725664842555478,-0.9766344245074235,-0.4005286464554568,0.415,0.33,0.44,0.625,0.735,2,20.34075,-5.520187
0.09778357235984354,0.15475787045920217,134.0,1.0634920634920637,126.0,1.0,126.0,0.9,0.11984536082474227,1.495049504950495,101.0,0.5906432748538012,171.0,1.4869565217391305,115.0,0.9126984126984128,183.0,-0.0661386613602608,0.3541784211076865,78.0,105.0,0.513658594684275,0.5727980680894872,0.2734706936565953,0.5295859962548728,0.5295859962548728,0.59,0.625,0.64,0.655,0.655,2,-2.8821387,-25.893019
0.20990873533246415,0.21597911210428616,167.0,0.9382022471910112,178.0,1.0229885057471264,174.0,1.029585798816568,0.21778350515463918,1.3352941176470587,170.0,1.069182389937107,159.0,0.9754601226993864,163.0,0.9702380952380952,241.0,-0.2305646237628059,0.45841025732171964,83.0,158.0,0.6934272391319164,-0.4816239003136437,0.7741745419663352,-0.6706276610976695,-0.5129131239566379,0.32,0.285,0.35,0.4,0.61,2,23.67133,-1.680936
0.13820078226857888,0.26943430679161057,106.0,0.5608465608465608,189.0,1.75,108.0,0.6666666666666666,0.16108247422680413,1.2281879194630871,149.0,0.9933333333333332,150.0,1.0,150.0,1.0714285714285714,194.0,-0.2007862642110846,0.4163508420843103,66.0,128.0,0.4660956153277917,-2.1741423167132963,0.23244802560001843,0.5829427851420307,0.5829427851420307,0.52,0.345,0.57,0.585,0.585,2,-3.1200192,-32.26592
0.2033898305084746,0.14101563060376715,225.0,1.991150442477876,113.0,0.982608695652174,115.0,0.5275229357798165,0.06958762886597938,1.0467289719626167,107.0,0.9553571428571428,112.0,0.9655172413793104,116.0,1.0642201834862386,155.0,-0.233179357829989,0.9614231060003179,77.0,78.0,0.7164952080169696,-0.6090012004958183,0.8314922678658968,-1.142184902735799,-0.313853623829539,0.435,0.395,0.495,0.555,0.86,2,37.479073,-6.0398264
0.05215123859191656,0.1338522412580134,112.0,1.018181818181818,110.0,1.0091743119266054,109.0,0.9646017699115044,0.07345360824742268,0.5275229357798165,218.0,0.986425339366516,221.0,0.9778761061946902,226.0,1.0272727272727271,155.0,-0.0039405105710158,0.8108442109629984,75.0,80.0,0.6790868172412066,-0.3148032933367702,0.9366609974199226,-0.7195062615879594,-0.4093963609419604,0.435,0.405,0.49,0.55,0.795,2,36.699135,-3.7053556
0.06649282920469361,0.17197405750462313,103.0,0.4103585657370518,251.0,2.145299145299145,117.0,0.9669421487603306,0.11082474226804123,1.170731707317073,123.0,1.0165289256198349,121.0,1.0168067226890756,119.0,1.0258620689655171,169.0,-0.3248681537134919,0.37323780122483136,69.0,100.0,0.5674596580062595,-0.2754987562880182,0.5255683324736828,-1.5713277588932415,-0.3062210569897146,0.385,0.305,0.415,0.46,0.67,2,11.455162,-4.2190266
0.13689700130378096,0.13604309191963299,178.0,1.04093567251462,171.0,0.890625,192.0,1.037837837837838,0.2345360824742268,2.0689655172413794,116.0,0.5345622119815668,217.0,2.047169811320755,106.0,0.4690265486725664,251.0,-0.1406586502606022,0.43543173328294094,83.0,168.0,0.6141216741181165,-0.351141186574376,0.7634759406269024,-0.6630264109969147,-0.4393777562985702,0.3,0.27,0.33,0.41,0.575,2,22.198256,-3.0174718
0.1681877444589309,0.16305688356382267,178.0,0.967391304347826,184.0,1.6576576576576576,111.0,0.5162790697674419,0.20876288659793815,2.095238095238096,105.0,0.4338842975206611,242.0,1.847328244274809,131.0,0.4888059701492537,242.0,-0.0486079753752605,0.5105559619527847,88.0,154.0,0.6926508945536126,-0.2709210643188437,0.8354652630498599,-0.5373074506981699,-0.377492918594655,0.335,0.305,0.365,0.42,0.64,2,24.195791,-2.9918177
0.08344198174706649,0.1340219870703414,137.0,1.5393258426966292,89.0,0.4684210526315789,190.0,1.2925170068027212,0.16108247422680413,0.8243243243243243,222.0,1.213114754098361,183.0,1.2620689655172417,145.0,1.1507936507936507,192.0,-0.0851435554452076,0.29771094381570967,64.0,128.0,0.3541063485563881,-0.1080343872194092,0.4623154123456072,0.2692232411757569,0.3544413309004411,0.27,0.23,0.335,0.39,0.395,2,-6.46845,3.6549451
0.0651890482398957,0.14628092744855412,115.0,1.4556962025316456,79.0,0.541095890410959,146.0,1.6590909090909092,0.1172680412371134,1.2844827586206895,116.0,1.4871794871794872,78.0,0.4968152866242038,157.0,1.5096153846153846,160.0,-0.2336162714000327,0.5959353130670612,56.0,104.0,0.4866617641433897,0.2336317849287999,0.30885011281590885,-0.1128455980537867,0.5201336728976172,0.54,0.475,0.615,0.75,0.66,2,10.297224,-27.691515
0.05736636245110821,0.14100768011614698,112.0,1.0,112.0,0.9572649572649572,117.0,1.0636363636363635,0.08762886597938144,0.5727272727272728,220.0,1.9469026548672568,113.0,1.0462962962962965,108.0,0.9473684210526316,155.0,-0.3240969049864736,0.9527203606879564,67.0,88.0,0.8138217371728846,-0.6840685966366218,0.8756290647154089,-1.8901341462414325,2.28162495491793,0.47,0.425,0.5,0.715,0.53,2,35.607903,-5.910509
0.06649282920469361,0.261924927306634,74.0,0.4378698224852071,169.0,1.4201680672268908,119.0,1.017094017094017,0.125,1.28099173553719,121.0,1.0,121.0,1.4938271604938271,81.0,0.5126582278481012,162.0,-0.080583038259714,0.5104397289592911,54.0,108.0,0.5075784466367251,0.4803742648542218,0.31306545979605,-0.0413925552254507,0.4813643859467899,0.54,0.525,0.61,0.78,0.67,2,12.644423,-32.612167
0.09647979139504563,0.16314481908349776,128.0,0.847682119205298,151.0,1.3245614035087718,114.0,0.7972027972027972,0.10695876288659793,1.330188679245283,106.0,0.6583850931677019,161.0,1.2578125,128.0,0.8050314465408805,170.0,0.1220613980815321,0.38541669160830166,72.0,98.0,0.5715292365727519,-1.7209062261080263,0.32716666742578615,0.0684485738172677,0.8520123723700314,0.61,0.425,0.65,0.84,0.665,2,3.0289447,-28.054983
0.10430247718383312,0.13003524759961413,157.0,1.0466666666666666,150.0,1.0,150.0,1.0273972602739727,0.19329896907216496,1.3506493506493509,154.0,1.0547945205479452,146.0,1.0138888888888888,144.0,1.0359712230215827,207.0,-0.2718478335355,0.31304720039156475,62.0,145.0,0.5551342487189218,-0.3216929778923526,0.6593709602136971,-0.6043683298479847,-0.5923398458379072,0.28,0.245,0.305,0.35,0.355,2,14.632276,-0.37287953
0.14732724902216426,0.15710741754694754,168.0,0.9655172413793104,174.0,1.029585798816568,169.0,1.4695652173913043,0.18298969072164947,1.342281879194631,149.0,1.0067567567567568,148.0,1.3097345132743363,113.0,0.5067264573991032,226.0,0.1518754885282933,0.3999925781067019,86.0,140.0,0.7677784343482286,0.1542079943290877,0.8275307828337687,-0.2521656590814763,0.024193698066566,0.355,0.315,0.385,0.43,0.675,2,24.14249,-3.9747465
0.01564537157757497,0.04589412601334193,153.0,1.3189655172413792,116.0,0.9666666666666668,120.0,1.5584415584415583,0.13530927835051546,1.369747899159664,119.0,1.0084745762711864,118.0,1.5733333333333333,75.0,0.4658385093167702,167.0,-0.3533682955455814,0.557230475022572,53.0,114.0,0.23680649707289764,-0.3570623707081025,0.2927114935033107,-2.546402976511664,0.2029199997929946,0.22,0.255,0.32,0.375,0.54,2,13.255475,-38.846027
0.13820078226857888,0.08164483746076767,249.0,1.7412587412587412,143.0,1.5714285714285714,91.0,0.3839662447257383,0.18943298969072164,1.64,125.0,0.7102272727272727,176.0,1.266187050359712,139.0,0.9144736842105264,216.0,-0.2398631493616724,0.2323205186825131,73.0,143.0,0.5116378152626604,-0.2183944180128497,0.3314206972150263,-0.1327526227711549,-0.0824097863303627,0.32,0.235,0.34,0.395,0.4,2,-5.601548,-18.865204
0.14863102998696218,0.15206138551982443,173.0,1.601851851851852,108.0,0.48,225.0,1.3975155279503106,0.19329896907216496,2.0194174757281558,103.0,0.4881516587677725,211.0,1.2710843373493976,166.0,0.9431818181818182,229.0,0.1741550401104318,0.4161803006099884,84.0,145.0,0.789675290755871,0.0640679827439723,0.7704021584637681,-0.3706055508008761,-0.1042575207146323,0.34,0.3,0.37,0.43,0.63,2,23.84847,-4.3282814
0.05997392438070404,0.14640649096631533,111.0,0.9487179487179488,117.0,1.073394495412844,109.0,0.990909090909091,0.07603092783505154,1.0833333333333333,108.0,0.9310344827586208,116.0,1.0740740740740742,108.0,0.9473684210526316,152.0,-0.3747538482248871,0.9468482536505337,71.0,81.0,0.6763458418959397,-0.5653352852047556,0.853069324729221,-2.0553880700305056,2.230177953398332,0.44,0.41,0.475,0.695,0.5,2,37.54011,-5.093448
0.06258148631029987,0.23783544568999312,78.0,0.5165562913907285,151.0,1.2479338842975207,121.0,1.0614035087719298,0.13402061855670103,1.3846153846153846,117.0,1.0086206896551724,116.0,1.6338028169014085,71.0,0.4493670886075949,164.0,-0.2130218888579487,0.5361754694730608,51.0,113.0,0.5299025395955916,0.1518179339726201,0.3042061658531404,-0.1749425803302937,0.5910570122293481,0.59,0.49,0.635,0.79,0.665,2,12.558895,-31.62104
0.0651890482398957,0.2726022475669629,71.0,0.4355828220858895,163.0,1.3583333333333334,120.0,1.0,0.12886597938144329,1.3166666666666669,120.0,1.0256410256410255,117.0,1.4444444444444444,81.0,0.5094339622641509,166.0,-0.2178727532813501,0.5346872935813739,56.0,110.0,0.5348353356157125,0.2215370253436731,0.2815715677772834,-0.1499685621240745,0.4235206123164846,0.59,0.475,0.625,0.79,0.67,2,12.5590925,-32.68478
0.13428943937418514,0.14398205632788594,169.0,0.9602272727272728,176.0,0.9832402234636872,179.0,0.93717277486911,0.19458762886597938,1.2011494252873562,174.0,0.9456521739130436,184.0,1.0337078651685394,178.0,1.072289156626506,235.0,0.0077767142309103,0.2730978317385049,89.0,146.0,0.46588755366462986,0.4305448134107204,0.2098366677263518,0.4665918038063573,0.4665918038063573,0.56,0.575,0.595,0.62,0.62,2,-8.383753,-21.012184
0.08735332464146023,0.12888318649542063,144.0,0.993103448275862,145.0,0.9931506849315068,146.0,1.006896551724138,0.15206185567010308,1.1578947368421053,152.0,0.9743589743589745,156.0,1.04,150.0,0.986842105263158,188.0,-0.2346099218142334,0.6015529204531642,65.0,123.0,0.290316183088201,-0.3555234366055589,0.7996674874730895,-0.7749209782361136,-0.6035755090632663,0.255,0.25,0.345,0.475,0.43,2,25.19314,17.602697
0.06258148631029987,0.2304506658428168,80.0,0.5369127516778524,149.0,1.221311475409836,122.0,1.0608695652173914,0.12628865979381443,1.3109243697478992,119.0,1.0258620689655171,116.0,1.432098765432099,81.0,0.5159235668789809,167.0,-0.0812852119857103,0.5262558756401005,58.0,109.0,0.5535904870914456,0.2651690338986373,0.34040997832759995,-0.0435758055377353,0.2999437616377858,0.565,0.47,0.61,0.765,0.685,2,13.573963,-30.132349
0.08996088657105607,0.1329890851719798,143.0,1.5212765957446808,94.0,0.4069264069264069,231.0,1.593103448275862,0.19845360824742267,1.65625,128.0,1.1428571428571428,112.0,0.9491525423728814,118.0,1.2164948453608246,215.0,-0.1187780193033327,0.2782432413035565,67.0,148.0,0.5035757155062027,-0.095180249982034,0.451362482659535,0.1948973188398886,0.2669390672611723,0.28,0.23,0.31,0.365,0.37,2,5.681754,-4.3458123
0.13428943937418514,0.13596634819337103,176.0,0.9312169312169312,189.0,1.05,180.0,1.0778443113772456,0.2706185567010309,1.654320987654321,162.0,1.018867924528302,159.0,0.8983050847457628,177.0,1.0172413793103448,263.0,-0.0919035816034182,0.4733065538881669,76.0,187.0,0.5092253885307757,-1.7825454623292556,0.39519226770012433,-0.0411659139341277,-0.0402007694315761,0.485,0.325,0.535,0.655,0.67,2,12.065488,-20.03247
0.04563233376792699,0.07178560230186103,158.0,1.6288659793814433,97.0,0.532967032967033,182.0,1.6851851851851851,0.14304123711340205,1.7422680412371134,97.0,0.5672514619883041,171.0,1.6601941747572817,103.0,0.5597826086956522,191.0,-0.0978072580176219,0.49715390553869915,73.0,118.0,0.5477952153323464,-1.992107218066227,0.32469412172900636,0.8727465283750377,0.1613223201362757,0.61,0.45,0.645,0.655,0.76,2,5.9372497,-21.73337
0.13428943937418514,0.22393093746174877,121.0,0.6722222222222223,180.0,1.6216216216216215,111.0,0.7161290322580646,0.125,1.4351851851851851,108.0,0.6206896551724138,174.0,1.6730769230769231,104.0,0.6190476190476191,192.0,-0.0435502223602718,0.45045636170656933,84.0,108.0,0.5022086212354087,-2.1332981016331414,0.3153904254926041,-0.0296993902358627,0.7261561166991374,0.595,0.44,0.67,0.815,0.695,2,3.358573,-32.619427
0.06388526727509779,0.17959593967251022,98.0,0.4298245614035088,228.0,2.0727272727272728,110.0,0.6547619047619048,0.16108247422680413,1.4296875,128.0,0.7231638418079096,177.0,1.6857142857142855,105.0,0.75,204.0,-0.0390201399067006,0.4082730994966969,76.0,128.0,0.5066620850689205,0.7413158319935422,0.2836585601064814,-0.0269631414853876,0.5018529567507247,0.55,0.61,0.615,0.77,0.66,2,0.3181136,-26.916613
0.01303780964797914,0.002008445540916905,259.0,1.488505747126437,174.0,0.9886363636363636,176.0,1.0173410404624277,0.24355670103092783,1.4195402298850577,174.0,1.0545454545454545,165.0,1.896551724137931,87.0,0.3901345291479821,249.0,-0.1728524803861472,0.6526570264824938,77.0,172.0,0.6755368486840193,-2.31901192605057,0.5484607540869906,-0.2258263250086355,-0.1275618936141192,0.535,0.355,0.575,0.73,0.695,2,18.045359,-17.544128
0.07692307692307693,0.13966603533024693,128.0,0.962406015037594,133.0,0.9851851851851852,135.0,0.9854014598540146,0.125,1.183206106870229,131.0,0.9776119402985076,134.0,1.0,134.0,0.9852941176470588,175.0,-0.1600214204550021,0.28290602574644386,67.0,108.0,0.5999059083892274,-0.284251007871231,0.5158937066863154,-1.0438183249623405,-0.0830673478237648,0.365,0.24,0.385,0.43,0.665,2,9.406698,-3.1228554
0.05084745762711865,0.13206338154348,112.0,1.0,112.0,1.018181818181818,110.0,0.990990990990991,0.06958762886597938,1.0275229357798166,109.0,1.0186915887850467,107.0,0.9907407407407408,108.0,1.0093457943925233,155.0,-0.3511234123153606,0.7357650227597268,77.0,78.0,0.5346712899052622,-0.5900725839264093,0.8787915858819638,-0.9881434222349216,-0.2637018618657516,0.445,0.415,0.5,0.55,0.84,2,38.15934,-2.7887669
0.0651890482398957,0.14628092744855412,115.0,1.2637362637362637,91.0,0.6232876712328768,146.0,1.226890756302521,0.12886597938144329,1.3166666666666669,120.0,1.0169491525423728,118.0,1.4567901234567902,81.0,0.5126582278481012,163.0,-0.0553194383093655,0.6207229167851283,53.0,110.0,0.6106917522846645,0.441406854967344,0.36952707908693966,-0.0026534667461461,0.350472494091502,0.57,0.46,0.605,0.76,0.69,2,15.011754,-25.610247
0.01955671447196871,0.0760124438214336,123.0,1.430232558139535,86.0,0.524390243902439,164.0,1.8021978021978025,0.1172680412371134,1.2627118644067796,118.0,1.3258426966292134,89.0,0.6496350364963503,137.0,1.191304347826087,158.0,0.0329627221615687,0.5144427386740431,54.0,104.0,0.5637722643704344,0.9739127252859024,0.3578864239151524,0.060261023667218,0.6278538639308031,0.55,0.615,0.62,0.795,0.67,2,7.209696,-21.368742
0.03129074315514994,0.03691087465539792,193.0,1.4732824427480915,131.0,0.7987804878048781,164.0,1.9069767441860463,0.25128865979381443,1.7816901408450705,142.0,0.9161290322580644,155.0,1.7816091954022988,87.0,0.5272727272727272,243.0,-0.3448203111001888,0.27694351766804054,66.0,177.0,0.2711802724138101,-0.2996894020767919,0.39165368687725327,-0.0597223790333292,-0.0053795380833287,0.145,0.195,0.27,0.32,0.325,2,-7.4257717,6.7604113
0.19035202086049544,0.281135024421263,126.0,0.6086956521739131,207.0,1.1828571428571428,175.0,1.1904761904761905,0.20231958762886598,1.2797619047619049,168.0,1.018181818181818,165.0,1.1538461538461535,143.0,1.075187969924812,227.0,-0.2408327427580514,0.47307716485180584,77.0,150.0,0.5024300790291928,0.5595555278884442,0.24424505792083945,-0.3957785937531412,0.5165256359385734,0.53,0.54,0.56,0.705,0.585,2,0.41255298,-36.08544
0.05997392438070404,0.14279653983068039,113.0,1.448717948717949,78.0,0.5342465753424658,146.0,1.280701754385965,0.11597938144329897,1.264957264957265,117.0,1.0263157894736843,114.0,0.991304347826087,115.0,1.0267857142857142,158.0,-0.0897957927119557,0.5757746700461203,55.0,103.0,0.5668390049119838,0.6708799033089969,0.3747049769411324,0.8797822062646429,0.9038473941717944,0.565,0.55,0.605,0.63,0.635,2,13.868507,-24.974033
0.18383311603650587,0.3079993036430277,114.0,0.5277777777777778,216.0,1.8782608695652168,115.0,0.5897435897435898,0.22036082474226804,1.3391812865497077,171.0,1.0301204819277108,166.0,1.0849673202614378,153.0,0.95625,244.0,-0.0556022610880553,0.5055204351249795,84.0,160.0,0.7780168412010982,-0.249842922502888,0.8617883212012164,-0.6135846276279007,-0.4736021249969876,0.315,0.28,0.345,0.415,0.595,2,25.594698,-0.82207805
0.03650586701434159,0.17742533035399355,81.0,0.4655172413793103,174.0,1.891304347826087,92.0,0.6344827586206897,0.11984536082474227,1.290598290598291,117.0,1.0353982300884956,113.0,1.018018018018018,111.0,1.4415584415584417,162.0,0.3128157764756795,0.6969816782712719,57.0,105.0,0.7167775574688331,1.1853444890056577,0.506950700369315,1.2083744434351544,1.2083744434351544,0.59,0.605,0.64,0.665,0.665,2,20.074596,-17.85572
0.10821382007822686,0.15710741754694754,140.0,0.958904109589041,146.0,1.553191489361702,94.0,0.4607843137254901,0.18041237113402062,1.2452830188679245,159.0,0.9875776397515528,161.0,0.9877300613496932,163.0,0.9939024390243902,202.0,-0.2947417180562623,0.21017486561397591,64.0,138.0,0.2597687864106475,-0.4269274030207407,0.43024057156524326,-0.6611178331162164,0.5635218773951878,0.2,0.28,0.32,0.37,0.335,2,-12.601247,5.976797
0.06258148631029987,0.14106936493388952,116.0,0.9914529914529916,117.0,1.0353982300884956,113.0,0.9912280701754386,0.02190721649484536,0.4385964912280701,171.0,1.9,90.0,0.6164383561643836,146.0,1.2586206896551724,119.0,-0.1321929603312276,0.3736642570451974,67.0,52.0,0.6299156151084999,-0.1449796529665275,0.45168420753615074,-1.334449563515571,-0.0484677638958521,0.475,0.35,0.505,0.565,0.87,2,10.846084,-2.6936488
0.06649282920469361,0.1300757596384429,126.0,1.0,126.0,1.0677966101694916,118.0,0.8676470588235294,0.09922680412371133,1.134453781512605,119.0,1.0347826086956522,115.0,1.1386138613861383,101.0,0.6601307189542484,170.0,-0.1730833977596255,0.40037732076537014,76.0,94.0,0.4609810628973597,0.3892153102494634,0.18929549431759704,-0.1342728962126628,0.3842696617776467,0.66,0.71,0.74,0.87,0.76,2,-4.1785593,-26.57434
0.13428943937418514,0.3047834961084279,94.0,0.5529411764705883,170.0,1.5178571428571428,112.0,0.64,0.16494845360824742,1.8979591836734693,98.0,0.5536723163841808,177.0,1.4274193548387095,124.0,0.6458333333333334,202.0,-0.0680413336604045,0.4910307703520001,72.0,130.0,0.5210851300737656,-2.3212394234660074,0.2986303557547347,0.7663498398277919,0.7663498398277919,0.53,0.36,0.58,0.6,0.6,2,4.5816927,-35.65545
0.06910039113428944,0.18529551001838288,99.0,0.6971830985915493,142.0,1.1735537190082646,121.0,1.0254237288135593,0.07345360824742268,1.513157894736842,76.0,0.4,190.0,2.043010752688172,93.0,0.6158940397350994,147.0,-0.196269867488357,0.4301532443709697,67.0,80.0,0.5238672899495072,-0.1291093842174788,0.5847051608730974,-1.3728076053090348,-0.1309805558331711,0.4,0.325,0.455,0.51,0.8,2,12.311235,-3.605896
0.02346805736636245,0.05375107848501802,153.0,1.3660714285714286,112.0,1.5555555555555556,72.0,0.4363636363636363,0.09149484536082474,1.816901408450704,71.0,0.4303030303030303,165.0,1.375,120.0,1.0,166.0,-0.2937514101271786,0.3782481812525078,76.0,90.0,0.37560233460298736,0.046157635462719,0.4913096946599594,-1.319938978728607,-0.2445671383437664,0.385,0.37,0.455,0.51,0.755,2,-2.1219823,3.730656
0.03650586701434159,0.04477472149452785,186.0,1.4645669291338583,127.0,0.7791411042944786,163.0,1.147887323943662,0.13788659793814434,1.2043795620437956,137.0,1.0300751879699248,133.0,1.08130081300813,123.0,0.924812030075188,187.0,-0.1999593423614768,0.35682660462503407,72.0,115.0,0.5950166486632407,-0.1584403079387512,0.42630662167181227,0.2703887186433536,0.3295949662693711,0.365,0.285,0.385,0.45,0.455,2,8.096059,-1.5757015
0.06649282920469361,0.14982644467375897,114.0,1.2127659574468086,94.0,0.6861313868613139,137.0,1.2123893805309736,0.1172680412371134,1.8170731707317076,82.0,0.5857142857142857,140.0,1.1764705882352942,119.0,1.0084745762711864,160.0,-0.3599968135909278,0.5418849099803419,56.0,104.0,0.5089472032602756,-0.0203594118925555,0.2769158101164515,-0.3059256663226974,-0.0545720139309767,0.585,0.48,0.62,0.775,0.705,2,9.12271,-27.11111
0.041720990873533245,0.18731927050351158,81.0,0.6428571428571429,126.0,0.8873239436619719,142.0,2.4482758620689653,0.10695876288659793,0.94,150.0,0.9493670886075948,158.0,1.196969696969697,132.0,0.8627450980392157,160.0,-0.2923018731169798,0.20420204459970204,62.0,98.0,0.2661268537799074,-0.331421454592846,0.12453004905968908,-1.3387417552199756,0.0480540229497673,0.205,0.3,0.35,0.395,0.62,2,-14.792746,-20.501534
0.23989569752281617,0.37596515089744714,116.0,0.5888324873096447,197.0,1.3310810810810811,148.0,1.049645390070922,0.14432989690721648,1.4782608695652173,115.0,1.0648148148148149,108.0,0.574468085106383,188.0,1.807692307692308,199.0,0.0141077002046938,0.3839482145643775,81.0,118.0,0.5084055299175412,0.6789950704061122,0.2711142619667728,0.0081014902236638,0.627942367739451,0.61,0.655,0.665,0.815,0.69,2,-1.8518261,-36.76056
0.11734028683181226,0.1961161003541919,124.0,1.0689655172413792,116.0,0.9830508474576272,118.0,1.0172413793103448,0.1172680412371134,1.2627118644067796,118.0,0.975206611570248,121.0,1.2872340425531914,94.0,0.6811594202898551,160.0,-0.1012965713975873,0.5172317596674056,56.0,104.0,0.306834328133474,-0.158507924921723,0.3311444188326003,-2.097445725808639,0.3903168414968376,0.225,0.2,0.305,0.355,0.515,2,11.849706,-40.105095
0.04302477183833116,0.10401867763176288,124.0,0.5740740740740741,216.0,0.9557522123893806,226.0,2.092592592592593,0.07345360824742268,1.0176991150442478,113.0,1.036697247706422,109.0,0.4954545454545455,220.0,0.9821428571428572,159.0,0.1302267558406399,0.7167386681758977,79.0,80.0,0.6734174258264629,-0.195773123198623,0.9703801367305612,-0.5096881442329526,0.1184787569805553,0.45,0.415,0.5,0.56,0.875,2,36.607662,-3.062419
0.0651890482398957,0.23545947304351028,80.0,0.5369127516778524,149.0,1.8860759493670889,79.0,0.5031847133757962,0.12886597938144329,1.3166666666666669,120.0,1.0,120.0,1.4814814814814814,81.0,0.5436241610738255,161.0,-0.0049844968805404,0.525564090482351,51.0,110.0,0.33584355600760335,-0.0002176481069651,0.3679769767062733,-1.97733151365123,0.5423157073230269,0.22,0.25,0.32,0.38,0.555,2,11.294798,-40.458107
0.16558018252933507,0.24849420359334654,127.0,0.8758620689655172,145.0,1.16,125.0,0.984251968503937,0.16494845360824742,0.8378378378378378,222.0,1.1871657754010696,187.0,1.406015037593985,133.0,1.1176470588235294,194.0,-0.3412442615327689,0.3034373161780205,64.0,130.0,0.24774701837444021,-0.3864452383267318,0.37457348037448934,0.0338976912108155,0.10604564418981,0.2,0.22,0.33,0.39,0.395,2,-10.60087,0.6461445
0.20599739243807041,0.35984485186073234,108.0,0.6242774566473989,173.0,1.5043478260869565,115.0,0.7876712328767124,0.18298969072164947,1.694915254237288,118.0,0.659217877094972,179.0,1.8842105263157896,95.0,0.59375,221.0,-0.0819228943036984,0.49692617677309786,81.0,140.0,0.5450286763061084,0.8009178341286687,0.30348061717227315,0.0338838921585604,0.75,0.55,0.595,0.605,0.715,0.62,2,0.9837764,-37.22811
0.05215123859191656,0.14661277388835162,105.0,0.9545454545454546,110.0,1.0185185185185186,108.0,0.9473684210526316,0.07216494845360824,1.0178571428571428,112.0,1.0467289719626167,107.0,1.0388349514563109,103.0,0.865546218487395,156.0,0.0165253738741445,0.7572207496601342,77.0,79.0,0.6250254471486242,-0.2704764721139668,0.9560170634819865,-0.6614836746343239,0.0984995555805747,0.44,0.41,0.495,0.55,0.85,2,37.077198,-3.0439353
0.09517601043024772,0.1345628841583075,146.0,0.9864864864864864,148.0,1.4095238095238096,105.0,0.4838709677419355,0.030927835051546393,0.3266932270916334,251.0,1.539877300613497,163.0,1.7912087912087913,91.0,0.4026548672566372,125.0,-0.0203718548174024,0.2635693276060297,68.0,57.0,0.33961096251715894,-0.1365744753046406,0.44492509627881216,-0.5111275483179138,0.3811244926308779,0.34,0.475,0.54,0.625,0.94,2,-15.901334,13.570353
0.03389830508474576,0.03799688147770851,195.0,1.326530612244898,147.0,1.013793103448276,145.0,1.576086956521739,0.15850515463917525,1.2569444444444444,144.0,1.44,100.0,0.5291005291005291,189.0,1.359712230215827,188.0,-0.1805239294946838,0.29688769485926714,62.0,126.0,0.5378547951759266,-0.1973804237787924,0.44052386914962793,0.0410980973314598,0.2354834679714489,0.305,0.245,0.325,0.39,0.4,2,7.1045485,-1.8570583
0.05867014341590613,0.1483108229874072,109.0,1.0092592592592593,108.0,0.9642857142857144,112.0,1.009009009009009,0.06701030927835051,0.4954954954954955,222.0,1.88135593220339,118.0,1.102803738317757,107.0,0.963963963963964,232.0,-0.1618496131874056,0.7625008366233346,155.0,77.0,0.5154999385448501,-0.4085414195428393,0.8425849826014732,2.343502829953011,2.343502829953011,0.38,0.595,0.64,0.66,0.66,2,38.461815,-2.8731968
0.06779661016949153,0.14622136526705198,117.0,0.9069767441860463,129.0,0.9772727272727272,132.0,1.0476190476190477,0.11211340206185567,1.3679245283018868,106.0,0.7162162162162162,148.0,1.1746031746031746,126.0,1.0677966101694916,178.0,-0.1262407628441763,0.49363487896271596,77.0,101.0,0.5619279167234281,-2.026218935535476,0.320915472117225,-0.077887143485902,0.3228902549752573,0.645,0.44,0.685,0.865,0.77,2,10.652897,-24.73296
0.07170795306388526,0.1549918964932385,115.0,0.7718120805369127,149.0,1.0567375886524824,141.0,0.9096774193548388,0.14175257731958762,1.6153846153846154,104.0,0.5777777777777777,180.0,1.2765957446808511,141.0,0.9724137931034482,190.0,-0.0741912209982799,0.4792803106081805,73.0,117.0,0.5435376164474234,-2.277565303317415,0.31867654542626506,0.8404200726766642,0.8404200726766642,0.54,0.38,0.585,0.6,0.6,2,9.248584,-25.03076
0.0469361147327249,0.06455245101511316,169.0,1.5089285714285714,112.0,0.6187845303867403,181.0,1.4251968503937007,0.1791237113402062,1.7747747747747749,111.0,0.676829268292683,164.0,1.3781512605042017,119.0,0.8263888888888888,207.0,-0.0618519466679449,0.410362990912156,70.0,137.0,0.40953567133633273,-0.1827017205367369,0.6019778283785971,-0.5859061062937345,-0.460063319522725,0.28,0.26,0.34,0.425,0.585,2,7.2200193,19.187323
0.26988265971316816,0.2508517064074392,178.0,1.105590062111801,161.0,0.9470588235294116,170.0,0.9770114942528736,0.22036082474226804,1.323699421965318,173.0,0.9453551912568308,183.0,0.9891891891891892,185.0,0.9585492227979274,236.0,-0.1429887501165715,0.4094410374609084,76.0,160.0,0.6157631770580096,-0.3691182536910965,0.7399861781386332,-0.7844237131586214,-0.4488427305904424,0.295,0.265,0.325,0.445,0.555,2,22.509817,0.20420434
0.13559322033898305,0.13600493684668918,177.0,1.0662650602409638,166.0,0.8556701030927835,194.0,0.946341463414634,0.24484536082474226,2.049586776859504,121.0,0.5020746887966805,241.0,1.409356725146199,171.0,0.9884393063583816,257.0,-0.1687426244076726,0.25524339928136436,84.0,173.0,0.40158736979307164,0.2465850287210995,0.16828024696433966,0.2457651775223316,0.3213388779163362,0.49,0.525,0.535,0.545,0.55,2,-9.824292,-19.848572
0.06649282920469361,0.24170463138867873,79.0,0.4876543209876543,162.0,1.3064516129032258,124.0,1.0333333333333334,0.12886597938144329,1.3277310924369747,119.0,0.9916666666666668,120.0,1.5,80.0,0.4938271604938271,166.0,-0.2096049074045098,0.5112466151000551,56.0,110.0,0.5124814589509014,0.2135853012889101,0.2728241081051538,-0.1531733702227003,0.1510840269187511,0.565,0.47,0.605,0.76,0.68,2,11.643252,-32.91653
0.07953063885267275,0.1230434973490722,142.0,0.8875,160.0,0.9696969696969696,165.0,1.4732142857142858,0.19458762886597938,1.5144927536231885,138.0,1.0866141732283463,127.0,0.9136690647482014,139.0,1.1982758620689655,198.0,-0.2050285668360335,0.15252925439247822,52.0,146.0,0.3678474312323576,-0.0524112433086849,0.1347600014399371,-0.1590728482415585,0.0804939641257073,0.415,0.39,0.465,0.575,0.51,2,-12.937972,-20.890587
0.03259452411994785,0.024731798671476252,224.0,1.391304347826087,161.0,1.4636363636363636,110.0,0.4721030042918455,0.22809278350515463,1.46875,160.0,0.9580838323353292,167.0,1.0372670807453417,161.0,1.1027397260273972,222.0,-0.1425969877342033,0.5992851369937129,58.0,164.0,0.618913006602242,-0.1785301143286341,0.5651251159672956,-2.129677800735515,0.6493533635431264,0.25,0.195,0.265,0.32,0.465,2,18.034449,-17.632828
0.03389830508474576,0.11183300440821142,110.0,0.502283105022831,219.0,1.887931034482759,116.0,0.6480446927374302,0.18041237113402062,1.9038461538461535,104.0,0.5174129353233831,201.0,1.7946428571428572,112.0,0.5743589743589743,210.0,-0.0928110075669786,0.45538112740886905,72.0,138.0,0.5561593462692215,0.7757313322930895,0.3228475888273867,-0.0005813589883109,0.8400000000000001,0.49,0.515,0.53,0.67,0.545,2,4.13463,-21.43416
0.06649282920469361,0.23431548621372228,81.0,0.5126582278481012,158.0,1.3166666666666669,120.0,1.0256410256410255,0.13530927835051546,1.369747899159664,119.0,1.017094017094017,117.0,1.4444444444444444,81.0,0.5159235668789809,165.0,-0.2118225699183356,0.623953144402074,51.0,114.0,0.5572696051160907,0.3230415123552771,0.336125165951664,-0.1265843902671649,0.2160443101536852,0.59,0.495,0.63,0.785,0.71,2,15.804851,-29.386543
0.13689700130378096,0.1487951113285169,167.0,1.0372670807453417,161.0,1.018987341772152,158.0,0.9813664596273292,0.20103092783505155,1.963302752293578,109.0,0.4638297872340425,235.0,1.3202247191011236,178.0,1.04093567251462,219.0,-0.1381246184151932,0.4040889793992593,70.0,149.0,0.6941061277568018,-0.4398371198500644,0.7599531362469062,-0.5179878641267847,-0.4321260672793092,0.3,0.265,0.325,0.375,0.38,2,22.355766,-3.6614711
0.07561929595827901,0.154681845052665,118.0,1.0,118.0,1.0,118.0,0.959349593495935,0.13530927835051546,1.3471074380165289,121.0,1.0254237288135593,118.0,1.5733333333333333,75.0,0.4716981132075472,166.0,-0.038289444084663,0.579815849520654,52.0,114.0,0.3128021082617697,-0.0484031544525531,0.3754247633348935,-2.224192957679768,0.5625358188630604,0.215,0.245,0.315,0.37,0.53,2,12.565812,-40.439842
0.11994784876140809,0.24016400690958223,107.0,0.722972972972973,148.0,1.3577981651376148,109.0,0.6728395061728395,0.11082474226804123,1.2413793103448276,116.0,0.6590909090909091,176.0,1.5172413793103448,116.0,0.6946107784431138,167.0,-0.0866751461638105,0.48116424534246144,67.0,100.0,0.5050670157535112,-2.2485056332081728,0.29917747128997185,0.7783776378614387,0.3832068978246395,0.565,0.405,0.63,0.64,0.705,2,4.572193,-32.654366
0.15645371577574968,0.14067640979864082,189.0,1.125,168.0,1.411764705882353,119.0,0.6363636363636364,0.18943298969072164,1.9711538461538465,104.0,0.5360824742268041,194.0,1.7477477477477477,111.0,0.5336538461538461,220.0,-0.3024505161851208,0.48866460349039226,77.0,143.0,0.6496635667658698,-0.490274470722275,0.7518750496205027,-0.8361224870945108,-0.7326441377753278,0.325,0.29,0.355,0.42,0.61,2,22.72876,-3.1934347
0.061277705345501955,0.1482114665341328,111.0,1.0,111.0,0.9823008849557522,113.0,1.0560747663551402,0.06701030927835051,0.4932735426008968,223.0,0.986725663716814,226.0,1.0089285714285714,224.0,1.018181818181818,155.0,0.1350085238076013,0.8788033109368321,78.0,77.0,0.8812255709779192,-0.1886394427589657,0.990553625325458,-0.7006013193038576,0.1657109514441005,0.45,0.41,0.505,0.56,0.885,2,34.125404,-5.655958
0.12255541069100391,0.10871599599091014,194.0,0.9326923076923076,208.0,1.0833333333333333,192.0,1.1925465838509317,0.23711340206185566,1.5414012738853504,157.0,0.9874213836477987,159.0,1.3706896551724137,116.0,0.8226950354609929,296.0,-0.3045223362614917,0.2641031588446613,127.0,169.0,0.3798353281434365,0.1807816614774525,0.11941209802237215,0.169688755134223,0.169688755134223,0.605,0.645,0.655,0.67,0.67,2,-10.465656,-19.97613
0.06649282920469361,0.23796387664385707,80.0,0.5128205128205128,156.0,1.248,125.0,1.0683760683760684,0.13015463917525774,1.3140495867768596,121.0,1.0341880341880345,117.0,1.4625,80.0,0.5063291139240507,167.0,-0.1532876517910819,0.5726864825637029,56.0,111.0,0.5290250295897571,0.2980500605135088,0.32679768833485556,-0.0932667354929564,0.7905993217689715,0.55,0.46,0.605,0.775,0.625,2,14.331535,-30.901028
0.10951760104302477,0.2575817048465733,96.0,0.6857142857142857,140.0,1.686746987951807,83.0,0.532051282051282,0.10695876288659793,1.165289256198347,121.0,1.0168067226890756,119.0,1.202020202020202,99.0,0.717391304347826,168.0,-0.1983846841258179,0.3360522862677531,70.0,98.0,0.5185293017700098,-0.1687164400605438,0.47629192149517413,-1.374208074275214,-0.111366489241551,0.335,0.265,0.375,0.42,0.665,2,9.588295,-6.785304
0.06649282920469361,0.1516616853186335,113.0,0.9912280701754386,114.0,1.008849557522124,113.0,1.4303797468354431,0.1211340206185567,1.4901960784313726,102.0,0.8095238095238095,126.0,1.1150442477876106,113.0,1.4303797468354431,160.0,-0.1997313596673409,0.6048171255149846,54.0,106.0,0.522314986110252,-2.470134941872989,0.31046719490962116,-0.0466090487440629,0.4936237634801641,0.55,0.35,0.6,0.75,0.665,2,10.8130865,-27.415339
0.07040417209908735,0.1496461907034237,117.0,1.231578947368421,95.0,0.6737588652482269,141.0,1.175,0.12757731958762886,1.3652173913043475,115.0,1.0087719298245614,114.0,0.991304347826087,115.0,0.9913793103448276,165.0,-0.2068698435125939,0.4334374293284106,56.0,109.0,0.3375830014632142,-0.0895065279345246,0.3170084958280936,-1.78792285356198,0.2909909954889738,0.23,0.22,0.29,0.35,0.5,2,12.587256,-39.80098
0.12385919165580182,0.22967496561262088,113.0,0.6766467065868264,167.0,1.4273504273504274,117.0,0.8357142857142857,0.1404639175257732,1.4521739130434783,115.0,0.7467532467532467,154.0,1.6041666666666667,96.0,0.6153846153846154,197.0,-0.1632773731991382,0.513919883658767,81.0,116.0,0.5368891977044112,-2.3370468295429827,0.2849344158128802,-0.1287798553264105,0.7229885288128088,0.64,0.415,0.675,0.855,0.69,2,6.015753,-33.443333
0.2646675358539765,0.24806638608254394,177.0,1.0662650602409638,166.0,1.0573248407643312,157.0,0.9345238095238096,0.2268041237113402,1.570469798657718,149.0,0.7680412371134021,194.0,1.0210526315789474,190.0,1.0160427807486632,240.0,-0.0102686338347068,0.2314036512896154,77.0,163.0,0.4488168260854861,0.4798226999452766,0.21791082054256877,0.2177660969628133,0.4892620988529159,0.53,0.565,0.58,0.65,0.595,2,-7.8251777,-18.76394
0.11734028683181226,0.2391924519949705,106.0,0.6424242424242425,165.0,1.5566037735849056,106.0,0.6385542168674698,0.13144329896907217,1.5238095238095235,105.0,0.7342657342657343,143.0,1.361904761904762,105.0,0.5737704918032787,190.0,-0.1272354810431455,0.44537152484966114,78.0,112.0,0.46393558529660245,0.634008942933475,0.273699520571862,0.6908773969456996,0.280461629589228,0.585,0.645,0.655,0.665,0.73,2,0.57083744,-30.897854
0.11603650586701435,0.3101496274773811,85.0,0.5666666666666667,150.0,1.3761467889908257,109.0,0.8449612403100775,0.13659793814432988,0.6833333333333333,240.0,2.0338983050847457,118.0,1.0172413793103448,116.0,0.9914529914529916,164.0,-0.1212985465469016,0.5209061286544262,50.0,114.0,0.5512902422079178,0.275884916870682,0.309838116607478,-0.0778530096445889,-0.0316076561267078,0.59,0.48,0.625,0.78,0.755,2,5.982463,-35.16092
0.06649282920469361,0.13622761235436107,122.0,1.1090909090909091,110.0,1.5492957746478873,71.0,0.4104046242774566,0.10438144329896908,1.188034188034188,117.0,0.9669421487603306,121.0,1.09009009009009,111.0,1.5416666666666667,166.0,-0.2441679525079594,0.35318047720356266,69.0,97.0,0.5205142816639091,-0.2068610296870407,0.519880767840874,-1.3652035225204873,-0.1036415402072021,0.38,0.315,0.42,0.465,0.73,2,9.983624,-3.7651021
0.06910039113428944,0.15520774351381475,113.0,0.9658119658119658,117.0,0.9831932773109244,119.0,1.676056338028169,0.24871134020618557,2.145299145299145,117.0,0.9669421487603306,121.0,1.0,121.0,1.0,247.0,-0.1812785442605818,0.4680187222687244,72.0,175.0,0.5829596740772252,-0.1515668880971195,0.518996603738945,-1.3410737646206572,-0.1522097286194778,0.27,0.205,0.295,0.325,0.485,2,16.507502,-20.641756
0.05997392438070404,0.13269474379566829,119.0,1.072072072072072,111.0,0.9823008849557522,113.0,1.018018018018018,0.07345360824742268,0.515695067264574,223.0,0.9529914529914528,234.0,2.108108108108108,111.0,1.018348623853211,159.0,-0.3772535257745598,0.7698921696718292,79.0,80.0,0.7304615743378884,-0.6370249020304851,0.838062405777791,-1.082892037580352,-0.2754262268419476,0.45,0.41,0.5,0.55,0.845,2,36.298824,-4.133213
0.01694915254237288,0.04518901489408893,156.0,1.95,80.0,0.5128205128205128,156.0,1.9259259259259256,0.13015463917525774,1.4587155963302751,109.0,0.8384615384615385,130.0,1.0833333333333333,120.0,1.0344827586206895,164.0,-0.1326273302433768,0.5470976547769756,53.0,111.0,0.5399712198470993,0.3114798103745994,0.30783207133562746,-0.0908714246591683,0.2255548378203711,0.56,0.465,0.605,0.76,0.68,2,7.3316526,-22.34147
0.15254237288135594,0.29022558196430065,106.0,0.4976525821596244,213.0,2.088235294117647,102.0,0.576271186440678,0.13015463917525774,1.4454545454545455,110.0,0.6832298136645962,161.0,1.5046728971962615,107.0,0.622093023255814,207.0,-0.0224795815858681,0.4289722395622488,96.0,111.0,0.5387810026687382,0.3088684197369195,0.3256985502352409,0.667408645797165,0.6999307007440845,0.655,0.61,0.695,0.71,0.715,2,2.0724828,-35.349545
0.06258148631029987,0.14816311897428056,112.0,1.3658536585365857,82.0,0.5540540540540541,148.0,1.494949494949495,0.05283505154639175,0.6111111111111112,162.0,1.6701030927835052,97.0,0.7238805970149254,134.0,1.3535353535353536,131.0,-0.2945828357216885,0.7743842093248662,62.0,69.0,0.7450208050444144,-0.2306278737300845,0.7119954712276806,-1.379392872685722,1.387530956217956,0.435,0.365,0.49,0.775,0.525,2,37.524364,-7.1303067
0.23076923076923078,0.3100078478839071,133.0,0.5277777777777778,252.0,1.9534883720930232,129.0,0.5443037974683544,0.22293814432989692,1.8780487804878048,123.0,0.5616438356164384,219.0,2.0091743119266057,109.0,0.4541666666666666,242.0,-0.0927090065339857,0.4743429687149609,81.0,161.0,0.744884405330182,-0.3784625521042339,0.816851137537367,-0.5066620772330473,-0.5066620772330473,0.31,0.275,0.335,0.385,0.385,2,25.016762,-0.3572728
0.10560625814863103,0.14012517599031055,150.0,0.9146341463414634,164.0,0.9479768786127168,173.0,1.005813953488372,0.25128865979381443,1.4055555555555554,180.0,1.0344827586206895,174.0,1.0807453416149069,161.0,2.037974683544304,243.0,-0.0813618873107883,0.18827173058324156,66.0,177.0,0.3251728700675063,-0.1908306237886968,0.4650434863498488,-0.2322778134491308,-0.1276783427257898,0.185,0.235,0.27,0.315,0.44,2,-11.219479,6.280595
0.10560625814863103,0.13752411119837146,152.0,1.0780141843971631,141.0,0.8294117647058824,170.0,0.8808290155440415,0.13788659793814434,1.25,132.0,1.1785714285714286,112.0,0.5572139303482587,201.0,1.5227272727272727,219.0,-0.8078778385312976,0.5501145851288425,104.0,115.0,0.5423735897964532,1.005357606882383,0.42074136701847104,-1.9881544831584743,-0.7520334887354653,0.435,0.475,0.48,0.69,0.845,2,14.766064,-23.598501
0.1316818774445893,0.2456801471962768,111.0,0.6686746987951807,166.0,1.5229357798165135,109.0,0.6606060606060606,0.1327319587628866,1.2777777777777777,126.0,0.6885245901639344,183.0,1.7102803738317758,107.0,0.6772151898734177,186.0,-0.1391177011494567,0.4301687944608007,74.0,112.0,0.49020968248374264,0.6240435215923388,0.2512299226306497,-0.0844466753766265,0.6169873721925528,0.6,0.645,0.65,0.79,0.665,2,-0.3367595,-31.548405
0.0938722294654498,0.139954663404755,141.0,1.1370967741935485,124.0,0.8794326241134752,141.0,1.0601503759398496,0.163659793814433,2.102272727272727,88.0,0.4782608695652174,184.0,2.0444444444444443,90.0,0.6923076923076923,178.0,-0.0156742107985627,0.22354968734019948,49.0,129.0,0.4701522922878143,0.4679685226452157,0.21117472214407662,0.071381312284346,0.488684192219664,0.475,0.49,0.515,0.625,0.53,2,-9.636264,-22.574167
0.1290743155149935,0.1380823683476747,170.0,1.011904761904762,168.0,1.4736842105263157,114.0,0.5277777777777778,0.23711340206185566,2.0,121.0,0.5627906976744186,215.0,2.0673076923076925,104.0,0.488262910798122,246.0,-0.2946020895425061,0.4811850312565365,77.0,169.0,0.697132240554017,-0.4016429664738189,0.7485530624856472,-0.8719647291317805,-0.7205565821581028,0.285,0.245,0.31,0.42,0.38,2,22.842947,-3.7831097
0.13559322033898305,0.12088300832764627,192.0,1.037837837837838,185.0,1.5546218487394958,119.0,0.5509259259259259,0.20489690721649484,2.047169811320755,106.0,0.4690265486725664,226.0,1.899159663865546,119.0,0.5129310344827587,232.0,-0.115159038710058,0.42041637771926194,81.0,151.0,0.7795551610440825,-0.2589625439714868,0.7127906915130165,-0.7638403237250482,-0.4069296399751199,0.33,0.285,0.35,0.485,0.61,2,22.828352,-4.717985
0.14863102998696218,0.2605474459522471,114.0,0.4160583941605839,274.0,1.5393258426966292,178.0,1.105590062111801,0.22036082474226804,2.1009174311926606,109.0,0.4759825327510917,229.0,1.323699421965318,173.0,0.9453551912568308,247.0,-0.2077467887593258,0.42309181694641995,87.0,160.0,0.6640628341300615,-0.3965267703499175,0.7004768636904254,-0.6185395635320688,-0.4134868762555845,0.325,0.29,0.355,0.405,0.625,2,22.222805,-0.90594697
0.08083441981747067,0.15087526112212152,124.0,0.7654320987654321,162.0,1.0588235294117647,153.0,1.0851063829787233,0.1211340206185567,1.3333333333333333,114.0,0.7808219178082192,146.0,0.9605263157894736,152.0,1.0410958904109588,156.0,-0.0871258434696713,0.25538057629055844,50.0,106.0,0.48055531723790496,0.3708541583608175,0.22412569463077847,0.2597792803417185,0.2701419816362758,0.56,0.58,0.59,0.615,0.62,2,-8.7836075,-23.451136
0.08083441981747067,0.13824307873914082,132.0,1.0476190476190477,126.0,1.135135135135135,111.0,0.8951612903225806,0.11597938144329897,1.1746031746031746,126.0,1.0677966101694916,118.0,1.102803738317757,107.0,0.823076923076923,177.0,-0.142805693359332,0.534155728622968,74.0,103.0,0.5247224845024987,-2.266413620589575,0.30264121562409757,-0.1020969982796126,0.2884996096426552,0.625,0.425,0.68,0.845,0.77,2,9.67659,-26.138445
0.027379400260756193,0.05998426077921438,150.0,1.25,120.0,1.0526315789473684,114.0,1.0,0.1018041237113402,1.3300970873786409,103.0,0.7573529411764706,136.0,1.1623931623931625,117.0,1.0,151.0,-0.318110154279658,0.47476665673632434,56.0,95.0,0.20886931375844056,-0.2917784848066346,0.20570073611681702,-2.3260523988160497,0.1251447675669026,0.17,0.275,0.325,0.385,0.56,2,12.816084,-38.44997
0.12777053455019557,0.22499235030359951,117.0,0.8068965517241379,145.0,1.4356435643564356,101.0,0.7318840579710145,0.06443298969072164,0.6708074534161491,161.0,1.2578125,128.0,1.1636363636363636,110.0,0.6875,147.0,-0.092416993969678,0.454961279462816,72.0,75.0,0.5089254789927984,-1.9451238417079024,0.2738573196917691,-0.0641055468836277,0.6623009252614619,0.715,0.49,0.775,0.96,0.795,2,5.039144,-31.226982
0.04041720990873533,0.057941453136578586,170.0,1.4912280701754386,114.0,0.7916666666666666,144.0,0.9,0.15335051546391754,1.156862745098039,153.0,1.5612244897959184,98.0,0.6163522012578616,159.0,1.1357142857142857,185.0,-0.1957753135890518,0.31941125974573675,62.0,123.0,0.3158065161807855,-0.1320664125336395,0.43097115110244766,0.1919301119274684,0.3125484158043634,0.18,0.245,0.34,0.395,0.405,2,-5.995798,5.3211927
0.010430247718383311,0.03695004804244021,159.0,1.9875,80.0,0.5194805194805194,154.0,1.8333333333333333,0.12242268041237113,1.2644628099173554,121.0,1.4938271604938271,81.0,0.5294117647058824,153.0,1.8888888888888888,165.0,-0.3810362534110723,0.3770481712917473,58.0,107.0,0.5362770869235198,-0.9869585850557032,0.5367438871906253,-1.3399181227269792,-0.4273368254272425,0.32,0.135,0.355,0.395,0.6,2,9.447263,-0.88528025
0.13820078226857888,0.1512451302896815,166.0,1.031055900621118,161.0,1.0592105263157894,152.0,0.9681528662420382,0.21262886597938144,1.4025157232704402,159.0,1.0127388535031847,157.0,0.9751552795031057,161.0,0.8994413407821229,216.0,-0.1624430882862562,0.5542366298054971,60.0,156.0,0.24818692561481648,-0.1682544122032755,0.5664831127146178,-2.0719072161568817,0.645970227712392,0.165,0.23,0.275,0.335,0.475,2,14.796144,14.008926
0.12777053455019557,0.26654354125957885,102.0,0.6071428571428571,168.0,1.4608695652173913,115.0,0.732484076433121,0.15979381443298968,1.4444444444444444,126.0,0.7159090909090909,176.0,1.6761904761904762,105.0,0.6730769230769231,194.0,-0.0712534238265187,0.43728066715869607,67.0,127.0,0.4660665048441015,0.7935603453635324,0.3107652214753838,-0.0615971524590052,0.7954114249503702,0.48,0.555,0.565,0.73,0.58,2,0.0615036,-34.382042
0.14471968709256844,0.26962505243539675,109.0,0.6374269005847953,171.0,1.5833333333333333,108.0,0.5901639344262295,0.15979381443298968,1.467741935483871,124.0,0.6262626262626263,198.0,1.7837837837837838,111.0,0.6271186440677966,194.0,-0.0548013442963355,0.40121931454853194,67.0,127.0,0.5106673428743032,0.7693124360390347,0.29402142275711163,-0.0264955447586788,0.3349766003408316,0.51,0.57,0.575,0.745,0.64,2,-0.8493714,-33.916164
0.09126466753585398,0.15688381008263086,128.0,0.9696969696969696,132.0,1.2571428571428571,105.0,0.8203125,0.12886597938144329,1.264,125.0,1.0416666666666667,120.0,1.0169491525423728,118.0,0.8613138686131386,191.0,-0.1938063520593588,0.5029880892792697,81.0,110.0,0.4737286723303267,0.3527757700000804,0.313838505990715,0.6815699891504087,0.6815699891504087,0.6,0.59,0.64,0.655,0.655,2,8.144957,-26.801569
0.10039113428943937,0.17325008761089689,125.0,0.992063492063492,126.0,1.2475247524752475,101.0,0.6688741721854304,0.17654639175257733,1.4885496183206106,131.0,1.0234375,128.0,0.7619047619047619,168.0,1.3125,203.0,-0.253087389267445,0.271838091000638,67.0,136.0,0.2603301316664182,-0.2909084222199704,0.4043000287418409,-0.1750835457696158,-0.0563132625919427,0.235,0.245,0.33,0.39,0.395,2,-9.592485,3.4268281
0.05345501955671447,0.1356411009725468,112.0,0.9824561403508772,114.0,1.0458715596330277,109.0,0.981981981981982,0.1481958762886598,1.453781512605042,119.0,1.101851851851852,108.0,0.972972972972973,111.0,0.502262443438914,171.0,-0.1601035963353606,0.5763409279043468,50.0,121.0,0.5608663946113918,-2.2352039143878133,0.42820953903967984,-0.2521880738544967,1.1326506935484724,0.465,0.305,0.495,0.71,0.515,2,15.023577,-23.502338
0.1290743155149935,0.22429577563857475,118.0,1.0260869565217392,115.0,1.4375,80.0,0.5228758169934641,0.1172680412371134,1.8860759493670889,79.0,0.5231788079470199,151.0,1.2583333333333333,120.0,1.0619469026548674,163.0,-0.1798737393226177,0.5253312934941143,59.0,104.0,0.28790096668527093,-0.1766279469408227,0.33910410006659686,-2.204619162882389,0.3808944385742656,0.22,0.245,0.315,0.375,0.54,2,11.609727,-40.134777
0.12646675358539766,0.24952626335947659,107.0,0.6045197740112994,177.0,1.6857142857142855,105.0,0.6687898089171974,0.1172680412371134,1.3545454545454545,110.0,1.2941176470588236,85.0,0.3386454183266932,251.0,2.163793103448276,171.0,-0.293620599197083,0.45891724338588324,67.0,104.0,0.4860381536178506,-2.239208009009972,0.23956354304070274,-0.2541039316840032,-0.1293286219196141,0.6,0.39,0.64,0.825,0.75,2,0.7971232,-31.247187
0.1421121251629726,0.27827284887800957,105.0,0.6730769230769231,156.0,1.5294117647058822,102.0,0.6986301369863014,0.14690721649484537,1.5087719298245614,114.0,0.6867469879518072,166.0,1.5961538461538465,104.0,0.6341463414634146,192.0,-0.1761694386936421,0.4114484321986471,72.0,120.0,0.5114039763947936,0.6394469576564799,0.2678499874876613,0.620274207367131,0.620274207367131,0.555,0.58,0.595,0.62,0.62,2,-0.92797107,-33.698193
0.10430247718383312,0.2229374550417765,105.0,0.813953488372093,129.0,1.5542168674698795,83.0,0.5684931506849316,0.1056701030927835,1.1965811965811963,117.0,1.5194805194805194,77.0,0.506578947368421,152.0,2.111111111111111,160.0,-0.3720310284426068,0.4099285113991978,62.0,98.0,0.6949358720923263,-0.3824440538328348,0.5758032887569724,-1.4388433294547651,-0.3764109352002501,0.37,0.24,0.39,0.435,0.67,2,15.558728,-5.184574
0.16297262059973924,0.3195779704433924,102.0,0.5895953757225434,173.0,1.4786324786324787,117.0,0.585,0.17525773195876287,1.6581196581196582,117.0,0.582089552238806,201.0,1.4779411764705883,136.0,1.4166666666666667,214.0,-0.1112553148860314,0.3559641577996014,79.0,135.0,0.48475566340912496,-1.9696358336563835,0.2530299285261016,0.6299224077998543,0.6299224077998543,0.52,0.365,0.56,0.575,0.575,2,-2.9560912,-34.983032
0.12516297262059975,0.15178670660115592,156.0,1.0196078431372548,153.0,1.0551724137931036,145.0,1.1983471074380163,0.13402061855670103,1.4336283185840708,113.0,0.6647058823529411,170.0,1.5454545454545454,110.0,0.625,197.0,-0.1766594512887807,0.4493956521318723,84.0,113.0,0.49930564412151013,0.5921439924891545,0.30972288054863706,0.6201563548529655,0.6388902671651238,0.605,0.625,0.645,0.665,0.67,2,3.186798,-26.490143
0.19947848761408082,0.1409915642628629,222.0,0.9866666666666668,225.0,1.0089686098654709,223.0,1.0276497695852536,0.06314432989690721,0.9304347826086956,115.0,1.0454545454545454,110.0,0.5045871559633027,218.0,1.9292035398230087,151.0,0.046244534284823,0.854322596165041,77.0,74.0,0.8995445486998356,2.658496820163774,0.9055245750734312,-0.806675457979823,-0.048756975350061,0.455,0.505,0.515,0.57,0.895,2,33.995674,-4.5008717
0.07953063885267275,0.21526438869177794,94.0,0.6351351351351351,148.0,0.6577777777777778,225.0,1.490066225165563,0.11984536082474227,1.208,125.0,0.9615384615384616,130.0,0.9285714285714286,140.0,1.1570247933884297,172.0,-0.2333751477085994,0.32696755496061375,67.0,105.0,0.3224103522471054,-0.2467006266771841,0.4076058193714515,0.1683659071741534,0.2683574124518434,0.32,0.29,0.39,0.45,0.465,2,-8.4939375,1.2995054
0.17992177314211213,0.34909988591865065,101.0,0.5738636363636364,176.0,1.5714285714285714,112.0,0.6021505376344086,0.17010309278350516,1.637931034482759,116.0,1.183673469387755,98.0,0.4298245614035088,228.0,2.0727272727272728,205.0,-0.0803226342882478,0.44043467465278013,72.0,133.0,0.5125807954664175,-2.092054394971969,0.2928047208783024,0.7695206088513926,0.456911642335293,0.53,0.355,0.585,0.595,0.645,2,-0.06668393,-36.834866
0.07953063885267275,0.15094094178302758,123.0,0.9111111111111112,135.0,0.9121621621621622,148.0,1.064748201438849,0.12886597938144329,1.2845528455284554,123.0,0.968503937007874,127.0,0.9338235294117648,136.0,1.3076923076923077,181.0,-0.2632962974954662,0.5065671213427678,71.0,110.0,0.5173582285787737,0.4667870156405546,0.28251185566765147,0.6879152201552649,0.6879152201552649,0.57,0.56,0.605,0.62,0.62,2,8.665051,-26.272535
0.15254237288135594,0.15310037178639274,175.0,1.1217948717948718,156.0,0.9873417721518988,158.0,1.0,0.20747422680412372,1.4797297297297298,148.0,0.9487179487179488,156.0,0.9873417721518988,158.0,0.9239766081871345,223.0,-0.1819662326039573,0.2145333273916826,70.0,153.0,0.2925220436448865,-0.3258817113112274,0.39912602314013584,-0.6959216427955054,0.1238965052422099,0.24,0.285,0.315,0.36,0.52,2,-12.472362,5.150775
0.06388526727509779,0.1845365998364596,96.0,0.6906474820143885,139.0,1.1982758620689655,116.0,1.008695652173913,0.07474226804123711,0.8787878787878788,132.0,1.1282051282051282,117.0,0.9915254237288136,118.0,0.9672131147540984,153.0,-0.1878842243115666,0.4034866371854072,72.0,81.0,0.6166571340279208,-0.1373704990749492,0.5575680115741687,-1.427838794162413,-0.1100088852674726,0.39,0.285,0.425,0.475,0.745,2,13.163819,-4.3794436
0.09908735332464146,0.11714167368078682,164.0,1.1798561151079137,139.0,0.879746835443038,158.0,0.7488151658767772,0.21649484536082475,2.1121495327102804,107.0,0.5194174757281553,206.0,1.7166666666666666,120.0,0.6857142857142857,237.0,-0.1771117224503778,0.37883621207011314,79.0,158.0,0.4772093474679661,-2.151516077636257,0.2503407966748006,-0.103232558930259,0.4254932468391942,0.48,0.34,0.52,0.64,0.565,2,-2.1034946,-24.2429
0.08735332464146023,0.15056213238989513,129.0,1.1217391304347826,115.0,1.0087719298245614,114.0,0.957983193277311,0.10695876288659793,1.110236220472441,127.0,0.9694656488549618,131.0,1.0916666666666666,120.0,1.0084033613445378,174.0,-0.1066127037216788,0.3844758575352672,76.0,98.0,0.5069364855094949,0.5825165018026068,0.2537761601456048,0.5994461632776562,0.5994461632776562,0.63,0.655,0.665,0.695,0.695,2,-2.6192744,-26.510386
0.12777053455019557,0.2543133793932906,106.0,0.6235294117647059,170.0,1.588785046728972,107.0,0.6407185628742516,0.14304123711340205,1.5089285714285714,112.0,0.6187845303867403,181.0,1.4251968503937007,127.0,0.8300653594771242,190.0,-0.0551068339668737,0.3922307014939102,72.0,118.0,0.48345521443473843,0.6779722575603552,0.2874642044342772,-0.0682979369407133,0.6927957256538186,0.545,0.595,0.615,0.775,0.63,2,-1.5732745,-32.697468
0.19035202086049544,0.20750659559119278,161.0,0.9698795180722892,166.0,1.031055900621118,161.0,1.087837837837838,0.18556701030927836,1.2469135802469136,162.0,1.018867924528302,159.0,1.096551724137931,145.0,1.95945945945946,215.0,-0.2497983847134208,0.646119194360215,74.0,141.0,0.5165033242512117,-0.178577194118239,0.865233281476797,-0.8110797036488012,-0.4170706868222296,0.295,0.26,0.34,0.46,0.41,2,28.232822,16.380714
0.21903520208604954,0.36282628471828804,112.0,0.5233644859813084,214.0,1.9107142857142856,112.0,0.4890829694323144,0.21520618556701032,2.0454545454545454,110.0,0.4247104247104247,259.0,1.7862068965517242,145.0,0.5776892430278885,237.0,-0.1084492156909424,0.4703369923329408,80.0,157.0,0.7266559997116198,-0.2756555992370334,0.830431381245781,-0.5948622785970631,-0.4565340233005942,0.315,0.285,0.34,0.395,0.595,2,25.122185,0.10324019
0.2046936114732725,0.15118337979463228,215.0,2.0093457943925235,107.0,0.9907407407407408,108.0,0.9310344827586208,0.07603092783505154,1.054054054054054,111.0,1.009090909090909,110.0,1.0,110.0,0.9821428571428572,153.0,0.0025851772073202,0.8000110948229203,72.0,81.0,0.8162069628830246,-0.1237062091420646,0.8822045001619022,-1.3746330872468044,-0.0393958619940629,0.44,0.4,0.475,0.685,0.835,2,34.626118,-3.8236384
0.08213820078226858,0.09565482500062383,170.0,1.452991452991453,117.0,0.7452229299363057,157.0,1.1893939393939394,0.14948453608247422,1.2083333333333333,144.0,1.152,125.0,0.992063492063492,126.0,0.7924528301886793,185.0,-0.0720066816142314,0.32314350671120745,64.0,121.0,0.5668929163017905,-1.0413329455654556,0.3476582182755636,-0.1878321928853931,-0.171771418187327,0.58,0.355,0.615,0.775,0.78,2,6.414783,-3.2538044
0.05215123859191656,0.04215446026325732,215.0,1.936936936936937,111.0,0.502262443438914,221.0,1.1881720430107527,0.2345360824742268,1.1214953271028036,214.0,1.1322751322751323,189.0,1.8173076923076923,104.0,0.4748858447488584,238.0,-0.2249441539613745,0.19410682399637133,70.0,168.0,0.36110971236872347,0.1439270874396969,0.11046503777874511,0.1616829539002902,0.1425151148210408,0.47,0.515,0.525,0.535,0.56,2,-11.770214,-20.502064
0.12385919165580182,0.2106845051954519,121.0,0.9758064516129032,124.0,1.2525252525252526,99.0,0.66,0.13402061855670103,0.9759036144578314,166.0,1.070967741935484,155.0,1.2015503875968991,129.0,0.8113207547169812,174.0,-0.2264315478753232,0.27555073070416397,61.0,113.0,0.2715679262784967,-0.2463319380673793,0.3759786891792418,0.0114024181435272,0.1208915134172768,0.205,0.255,0.355,0.415,0.425,2,-10.725396,0.9627761
0.06388526727509779,0.07915522481010405,170.0,1.4782608695652173,115.0,1.0648148148148149,108.0,0.574468085106383,0.15206185567010308,1.6923076923076923,104.0,0.7074829931972789,147.0,1.3363636363636364,110.0,0.7801418439716312,205.0,-0.038738779939337,0.44351291638972534,82.0,123.0,0.5422536729712499,0.3294698818861098,0.29635871890681453,-0.0082014067445241,0.5057479375240068,0.595,0.525,0.63,0.815,0.69,2,3.653662,-22.084444
0.06388526727509779,0.03653682431799218,247.0,1.8571428571428568,133.0,0.5495867768595041,242.0,1.4069767441860466,0.23969072164948454,1.5061728395061729,162.0,0.9700598802395208,167.0,0.9382022471910112,178.0,1.04093567251462,250.0,-0.0889846837712987,0.21891085999672966,80.0,170.0,0.395644306863321,0.0090342638003425,0.1787186037761207,0.3711115018723189,0.3711115018723189,0.5,0.46,0.575,0.595,0.595,2,-10.608548,-21.031935
0.0651890482398957,0.14628092744855412,115.0,1.2637362637362637,91.0,0.6148648648648649,148.0,1.2231404958677683,0.12242268041237113,1.7,90.0,0.6206896551724138,145.0,1.2083333333333333,120.0,1.0169491525423728,164.0,-0.1125542477070044,0.5679590768033628,57.0,107.0,0.5710812051892735,0.2962560602860005,0.34881956693149224,-0.0448448578338079,-0.0336178729492707,0.575,0.48,0.61,0.765,0.77,2,13.333885,-25.110714
0.06779661016949153,0.2404682802442038,80.0,0.5,160.0,1.322314049586777,121.0,0.983739837398374,0.11211340206185567,1.7058823529411764,85.0,0.551948051948052,154.0,1.5247524752475248,101.0,0.7426470588235294,169.0,-0.228654281435151,0.339028806163092,68.0,101.0,0.5454697028001488,-0.1820906848487231,0.49510595714757705,-1.2407027704507745,-0.1055031428063589,0.37,0.27,0.405,0.45,0.71,2,10.691566,-6.079207
0.09778357235984354,0.1531851769876743,135.0,1.0305343511450382,131.0,1.0396825396825398,126.0,1.0,0.1559278350515464,1.287769784172662,139.0,1.1031746031746033,126.0,1.008,125.0,0.8741258741258742,180.0,-0.1940698498905367,0.44201244658351424,55.0,125.0,0.5750225702004972,-0.4753770334591769,0.599934749257433,-0.6331055812413844,-0.1110750731878987,0.285,0.23,0.31,0.355,0.485,2,13.308334,-2.9743586
0.10430247718383312,0.21264412648255315,109.0,0.6228571428571429,175.0,1.4830508474576272,118.0,0.6704545454545454,0.14175257731958762,1.5135135135135136,111.0,0.6686746987951807,166.0,1.5229357798165135,109.0,0.6606060606060606,192.0,-0.0332071977210063,0.3985682846544893,75.0,117.0,0.492802323233665,-1.9309760807396268,0.2839581009363711,0.6778001312366184,0.6945749400622097,0.56,0.39,0.615,0.63,0.635,2,-1.1304274,-30.08596
0.05345501955671447,0.1356411009725468,112.0,0.9655172413793104,116.0,1.0841121495327102,107.0,0.9727272727272728,0.08247422680412371,1.2448979591836735,98.0,0.8235294117647058,119.0,0.5458715596330275,218.0,2.0,155.0,-0.0734672807706797,0.8968992951611136,70.0,85.0,0.7295194850346143,-0.2267303001768454,0.9196562615215587,-1.6359381794227406,-0.5395289344276963,0.425,0.395,0.465,0.67,0.795,2,36.32197,-4.94038
0.0560625814863103,0.14650676738674967,108.0,0.9473684210526316,114.0,1.0363636363636364,110.0,0.9821428571428572,0.06314432989690721,1.0388349514563109,103.0,0.865546218487395,119.0,0.536036036036036,222.0,2.1346153846153846,152.0,-0.0920502393269908,0.8575070271999577,78.0,74.0,0.7409112641548103,-0.2519202601425021,0.9200620346083183,-0.8865841431934883,-0.0552812669594446,0.46,0.425,0.515,0.57,0.88,2,35.985744,-4.6328797
0.2046936114732725,0.26531412603469423,139.0,0.9328859060402684,149.0,1.0205479452054795,146.0,1.131782945736434,0.09664948453608248,1.316831683168317,101.0,0.7112676056338029,142.0,0.8452380952380952,168.0,1.0769230769230769,139.0,-0.1871963953767668,0.17470973234294937,46.0,93.0,0.40634468153938424,-0.8379151015928447,0.14130060572889122,-0.1268622611607782,0.2314274108759418,0.595,0.345,0.64,0.785,0.665,2,-13.118674,-24.751162
0.08344198174706649,0.18104561299961264,110.0,0.8527131782945736,129.0,1.1727272727272726,110.0,0.7638888888888888,0.09149484536082474,0.9772727272727272,132.0,1.0476190476190477,126.0,1.135135135135135,111.0,0.8951612903225806,171.0,-0.4335388864378518,0.40667829420318863,81.0,90.0,0.44526581568912976,-0.1310477398272257,0.38537157206517514,0.0107229926626607,0.3860540959822834,0.685,0.71,0.725,0.74,0.745,2,9.33509,-8.88
0.11342894393741851,0.31418223199898837,83.0,0.5928571428571429,140.0,1.147540983606557,122.0,1.4698795180722892,0.125,1.8902439024390243,82.0,0.5222929936305732,157.0,1.891566265060241,83.0,0.538961038961039,161.0,-0.350282900798735,0.5872500771840902,53.0,108.0,0.4739743668923532,0.1237998377675329,0.27722043642738364,-0.3341784253366784,0.2185432072284332,0.54,0.465,0.59,0.775,0.66,2,8.532208,-35.263657
0.08213820078226858,0.1271662194880907,141.0,0.9096774193548388,155.0,1.0064935064935066,154.0,1.1846153846153846,0.05154639175257732,0.4188034188034188,234.0,1.872,125.0,0.573394495412844,218.0,2.037383177570093,130.0,0.0453031159532879,0.5423826484127612,62.0,68.0,0.7271087067239426,-0.0856280284722754,0.5841646530164548,-0.5987490115824443,-0.5083901677984988,0.445,0.36,0.475,0.56,0.57,2,19.307106,-16.47194
0.11864406779661017,0.1718331033129616,138.0,1.0952380952380951,126.0,1.0327868852459017,122.0,0.7672955974842768,0.10438144329896908,1.2300884955752212,113.0,0.6647058823529411,170.0,1.3076923076923077,130.0,1.04,174.0,-0.100107339460087,0.4065283521780103,77.0,97.0,0.47725914205049963,0.6312382363849349,0.25816085815531076,0.5100788638898551,0.5100788638898551,0.61,0.67,0.68,0.72,0.72,2,-2.375481,-27.844534
0.024771838331160364,0.023719236568910188,212.0,1.3333333333333333,159.0,1.2926829268292683,123.0,0.6212121212121212,0.18041237113402062,1.2375,160.0,1.4678899082568808,109.0,0.5477386934673367,199.0,1.4316546762589928,203.0,-0.3166394089185017,0.19457968365053407,65.0,138.0,0.253396986635175,-0.427349119632749,0.34267828845744935,-0.933585024365439,0.0072458556813981,0.215,0.28,0.315,0.365,0.555,2,-17.2942,-0.4876238
0.11864406779661017,0.24392674235896836,105.0,0.6907894736842105,152.0,1.5510204081632653,98.0,0.5697674418604651,0.13788659793814434,1.5566037735849056,106.0,0.6385542168674698,166.0,1.537037037037037,108.0,0.6506024096385542,189.0,-0.0696709927860901,0.46318965048266714,74.0,115.0,0.5578199865773117,0.689382650255409,0.3023664993520021,0.7684678901119599,0.4587143767748932,0.605,0.595,0.64,0.65,0.7,2,3.2213297,-33.80964
0.14471968709256844,0.22774590995444227,125.0,0.8680555555555556,144.0,1.2307692307692308,117.0,0.6324324324324324,0.1958762886597938,1.5441176470588236,136.0,0.8192771084337349,166.0,1.5809523809523809,105.0,0.6441717791411042,227.0,-0.0409110961476603,0.36500972437209694,80.0,147.0,0.5017044877558228,0.6709511866011257,0.2830898495274243,0.6593307298753409,0.6593307298753409,0.52,0.555,0.56,0.58,0.58,2,-2.4504275,-33.3097
0.061277705345501955,0.07759313248437436,169.0,1.1655172413793105,145.0,1.1153846153846154,130.0,0.5327868852459017,0.15979381443298968,1.0340909090909092,176.0,1.1,160.0,0.98159509202454,163.0,1.2635658914728682,189.0,-0.2369471134364381,0.3117393981788259,62.0,127.0,0.5406052246524881,-0.2382806864365058,0.43927576476901775,-0.0159217981653948,0.11464738427676,0.305,0.24,0.33,0.39,0.4,2,7.0946164,-2.6102073
0.1303780964797914,0.2438751716284593,111.0,0.4586776859504132,242.0,2.0,121.0,0.5627906976744186,0.22164948453608246,2.0,115.0,0.5476190476190477,210.0,1.627906976744186,129.0,0.4980694980694981,256.0,-0.3538815067118648,0.4669872944285611,95.0,161.0,0.6000322393255728,-0.5428457733224359,0.6971695162842877,-0.8869233244572532,-0.7455284375108525,0.34,0.3,0.37,0.43,0.625,2,21.62382,-1.2093648
0.10821382007822686,0.21565191729531322,110.0,0.5,220.0,1.896551724137931,116.0,0.4915254237288136,0.22422680412371135,1.288888888888889,180.0,1.0714285714285714,168.0,0.9655172413793104,174.0,1.029585798816568,249.0,-0.192011656516576,0.44026478652655826,87.0,162.0,0.6905607347469969,-0.3217061002234688,0.6914851135406072,-0.7158919640780261,-0.53469904909175,0.32,0.28,0.35,0.415,0.615,2,21.738575,-2.2085536
0.05345501955671447,0.03861335005625541,225.0,1.3975155279503106,161.0,0.9583333333333334,168.0,1.0434782608695652,0.19716494845360824,1.2710843373493976,166.0,0.9431818181818182,176.0,0.9263157894736842,190.0,1.091954022988506,219.0,-0.0342063240973753,0.397782823794619,72.0,147.0,0.7223744226540185,-0.2694129252618927,0.7426961290451718,-0.4397236180904522,-0.4397236180904522,0.305,0.265,0.33,0.385,0.385,2,21.51123,-5.2453203
0.04041720990873533,0.027811748440846794,230.0,1.7164179104477613,134.0,0.9710144927536232,138.0,1.5164835164835164,0.21391752577319587,1.671641791044776,134.0,1.072,125.0,0.6510416666666666,192.0,1.0726256983240223,218.0,-0.1534640245658527,0.2788560730940858,62.0,156.0,0.3313512652352072,-0.1534998521251836,0.45803368341084627,0.104228989279831,0.1756813318692811,0.15,0.205,0.285,0.335,0.34,2,-6.9986343,6.6296964
0.07822685788787484,0.14279653983068039,127.0,1.165137614678899,109.0,1.379746835443038,79.0,0.6171875,0.13530927835051546,1.108843537414966,147.0,0.98,150.0,1.020408163265306,147.0,1.105263157894737,178.0,-0.202095895600402,0.15439648416507387,64.0,114.0,0.3557134544833098,-0.0767607748742333,0.10702819942359047,-0.2168009224712995,0.1720878197378745,0.555,0.51,0.59,0.735,0.605,2,-14.044424,-21.512337
0.13559322033898305,0.278328969967093,102.0,0.5425531914893617,188.0,1.709090909090909,110.0,0.5729166666666666,0.16108247422680413,1.4758064516129032,124.0,0.656084656084656,189.0,1.431818181818182,132.0,0.7021276595744681,197.0,-0.145555624889331,0.41389068402018164,69.0,128.0,0.5256251517094526,0.6301997071739882,0.2710150669176874,0.6612845929735199,0.6612845929735199,0.535,0.545,0.565,0.58,0.58,2,-0.5995629,-34.01061
0.12646675358539766,0.15172944439242675,157.0,1.0536912751677852,149.0,1.6195652173913044,92.0,0.46,0.17654639175257733,1.3636363636363635,143.0,0.9794520547945206,146.0,1.0138888888888888,144.0,0.9411764705882352,204.0,-0.3168291652350401,0.1987354337845211,68.0,136.0,0.24944479039748974,-0.426767699971771,0.39239913201928106,-0.5790781247414305,-0.0169191016572774,0.175,0.295,0.335,0.38,0.565,2,-13.03038,5.3763194
0.2894393741851369,0.31124559728075507,157.0,1.6702127659574468,94.0,0.573170731707317,164.0,1.2238805970149254,0.18170103092783504,1.2838709677419355,155.0,0.9935897435897436,156.0,1.625,96.0,0.6666666666666666,216.0,-0.0734849944613341,0.25181167567975615,77.0,139.0,0.3139240986060261,-0.0832488960749857,0.3997883732235518,0.2925301748489579,0.3993238946046303,0.25,0.275,0.36,0.415,0.42,2,-10.043097,-1.6950163
0.06649282920469361,0.15736761532360696,110.0,1.896551724137931,58.0,0.3372093023255814,172.0,2.0,0.1172680412371134,1.2314049586776858,121.0,1.0341880341880345,117.0,0.9590163934426228,122.0,1.0608695652173914,170.0,-0.2769634514639665,0.514900974721841,66.0,104.0,0.23999075664508657,-0.3649831002422947,0.30164478641083187,-2.3429545767106643,0.489804742243957,0.31,0.295,0.39,0.445,0.655,2,12.164093,-39.429657
0.12255541069100391,0.2068435827247941,122.0,1.0427350427350428,117.0,1.1037735849056605,106.0,0.7737226277372263,0.03479381443298969,0.4594594594594595,185.0,1.5289256198347108,121.0,1.0254237288135593,118.0,0.9915966386554622,120.0,-0.1760398827326285,0.706315428584268,61.0,59.0,0.6865289089172211,-0.0569074758247287,0.6936262017507691,-1.0809642618273885,-0.72088981507084,0.45,0.385,0.51,0.845,0.695,2,20.93655,-16.355356
0.13559322033898305,0.2750679532858876,103.0,0.5597826086956522,184.0,1.5726495726495726,117.0,0.6763005780346821,0.16237113402061856,1.2777777777777777,144.0,1.1076923076923078,130.0,0.9701492537313432,134.0,1.072,199.0,-0.1683084412344528,0.41743537199697633,71.0,128.0,0.5089408208382269,0.507889316219521,0.2716127316509018,0.4941637152896446,0.4941637152896446,0.555,0.54,0.585,0.62,0.62,2,-0.78762615,-33.800056
0.09256844850065189,0.17478556060821876,119.0,1.5657894736842106,76.0,0.4967320261437908,153.0,1.4854368932038835,0.12628865979381443,1.278688524590164,122.0,1.0427350427350428,117.0,1.0086206896551724,116.0,1.008695652173913,164.0,-0.0929336625940638,0.5994326153301464,55.0,109.0,0.582564980699066,0.4754863321094287,0.34925273819570335,0.0354522613065326,0.8929253213097984,0.565,0.48,0.595,0.745,0.615,2,14.741181,-26.36806
0.11994784876140809,0.2675056170724371,98.0,0.6490066225165563,151.0,1.4245283018867925,106.0,0.7361111111111112,0.10695876288659793,1.068181818181818,132.0,1.056,125.0,1.0416666666666667,120.0,0.9375,169.0,-0.1738270248496369,0.47605911059083844,71.0,98.0,0.5157988080357652,-2.2508493706517587,0.27046846127058627,-0.1542133010258163,0.6991160541694549,0.62,0.42,0.655,0.825,0.67,2,4.294712,-32.86602
0.05736636245110821,0.14279653983068039,111.0,0.956896551724138,116.0,0.5155555555555555,225.0,1.9396551724137927,0.14432989690721648,1.5178571428571428,112.0,1.0,112.0,0.9739130434782608,115.0,1.0176991150442478,176.0,-0.1468495607055533,0.5149774750233709,58.0,118.0,0.546365823795474,0.0841172642125548,0.5570968499297791,-1.0459450930385965,0.5437044986898305,0.3,0.275,0.34,0.375,0.56,2,13.191499,-2.7032654
0.061277705345501955,0.22442154606420422,81.0,0.5625,144.0,1.263157894736842,114.0,1.027027027027027,0.07474226804123711,1.0265486725663715,113.0,0.9658119658119658,117.0,0.9915254237288136,118.0,1.5526315789473684,160.0,-0.2876285310841202,0.3314266494603043,79.0,81.0,0.47085849067239316,0.0268210849128353,0.41586852135988217,-1.584136923252002,-0.1598047699360651,0.41,0.38,0.45,0.495,0.75,2,8.787613,-7.146624
0.1981747066492829,0.23302141126039128,151.0,0.9263803680981596,163.0,1.8111111111111111,90.0,0.3358208955223881,0.22809278350515463,1.298342541436464,181.0,1.0225988700564972,177.0,1.0858895705521472,163.0,1.0516129032258064,240.0,-0.2006034868101995,0.1639750348997083,76.0,164.0,0.27068948374161605,-0.4136539824773624,0.365239856209659,-0.6814333464935156,0.1694933891132651,0.215,0.28,0.315,0.36,0.53,2,-13.052354,4.2381124
0.08083441981747067,0.14125536838431318,130.0,1.3541666666666667,96.0,0.4465116279069767,215.0,1.6044776119402986,0.3079896907216495,2.167883211678832,137.0,1.053846153846154,130.0,0.7647058823529411,170.0,1.452991452991453,271.0,-0.2919006326559572,0.3221859341465981,64.0,207.0,0.2708356894857473,-0.2427830447294566,0.4761690362693885,0.2903350977603118,0.3548798627316033,0.14,0.155,0.235,0.275,0.28,2,-9.215224,5.965038
0.11603650586701435,0.14672501606651842,153.0,1.0132450331125828,151.0,1.6593406593406594,91.0,0.4666666666666667,0.2190721649484536,1.5302013422818792,149.0,1.0,149.0,0.9675324675324676,154.0,0.9565217391304348,229.0,-0.0709281430451715,0.23898748592791103,70.0,159.0,0.323260566586258,-0.175859932278762,0.5781327004856792,-0.4417501204305732,-0.0296782058233607,0.23,0.27,0.305,0.355,0.52,2,0.13972345,29.376886
0.10951760104302477,0.21017164553912404,113.0,0.6420454545454546,176.0,1.660377358490566,106.0,0.6751592356687898,0.1211340206185567,1.5510204081632653,98.0,0.5697674418604651,172.0,1.421487603305785,121.0,0.6914285714285714,179.0,-0.2241927276655001,0.37746866735069495,73.0,106.0,0.4742202753660666,-2.0684376597738003,0.21194647590643417,-0.2545222814531624,0.4775561778642639,0.6,0.41,0.635,0.815,0.65,2,-3.9634974,-28.985132
0.0938722294654498,0.13450610032608426,145.0,0.9666666666666668,150.0,0.9202453987730062,163.0,0.9476744186046512,1.0,5.278481012658228,158.0,0.9937106918238994,159.0,0.9352941176470588,170.0,0.9497206703910616,638.0,-0.0778374960053205,0.4461745485291411,55.0,583.0,0.28620367572462185,-0.0754432856565748,0.687089175412576,-0.3974991433124012,-0.1151953032604964,0.445,0.485,0.5,0.545,0.83,2,-2.5683427,7.069139
0.3116036505867014,0.46644254356779946,117.0,0.5969387755102041,196.0,1.798165137614679,109.0,0.545,0.18298969072164947,1.96078431372549,102.0,0.5024630541871922,203.0,1.897196261682243,107.0,0.6369047619047619,217.0,-0.8724647030098615,0.2466927119792312,77.0,140.0,0.09940302517102698,-0.8505085894257598,0.17705981663484924,-1.0678195436228577,-0.6483150797383864,0.3,0.29,0.36,0.385,0.395,2,-14.6469755,-6.0167093
0.11994784876140809,0.2218829693153147,114.0,0.6333333333333333,180.0,1.7142857142857142,105.0,0.6645569620253164,0.14432989690721648,1.6037735849056605,106.0,0.6666666666666666,159.0,1.6224489795918366,98.0,0.6363636363636364,197.0,-0.032066976500763,0.3960425117923208,79.0,118.0,0.5233057196413594,0.2329787155751281,0.3307430477980008,0.5999756778669469,0.5999756778669469,0.6,0.535,0.65,0.67,0.67,2,1.0381744,-32.72671
0.04432855280312908,0.0810441222878837,146.0,0.776595744680851,188.0,1.197452229299363,157.0,1.236220472440945,0.15077319587628865,1.0736196319018405,163.0,1.181159420289855,138.0,1.3269230769230769,104.0,0.6709677419354839,185.0,-0.1104385443974072,0.2942366084960285,63.0,122.0,0.30666563237362626,-0.1347367859259677,0.46427704205567877,0.146581274116217,0.3254720079468738,0.2,0.23,0.34,0.395,0.41,2,-6.2612724,5.0516024
0.19556714471968709,0.3413107334728451,109.0,0.981981981981982,111.0,0.9823008849557522,113.0,1.036697247706422,0.07989690721649484,1.0909090909090908,110.0,0.990990990990991,111.0,1.0373831775700937,107.0,0.9907407407407408,154.0,-0.2503170716348443,0.9311061884206477,70.0,84.0,0.6377636421464835,-0.4861027500573051,0.9145526815565364,-1.879720505905501,-0.619333562493033,0.425,0.4,0.465,0.67,0.79,2,37.492085,-1.5906124
0.0651890482398957,0.06265562461958425,195.0,1.7727272727272727,110.0,0.7432432432432432,148.0,0.9135802469135802,0.17010309278350516,1.1176470588235294,170.0,0.9770114942528736,174.0,1.0175438596491229,171.0,1.062111801242236,212.0,-0.5196504696529819,0.5924616166522302,79.0,133.0,0.7313076484671822,1.4656261869338345,0.5867712469207386,-1.6200944307982854,-0.6879841029825424,0.325,0.365,0.375,0.58,0.425,2,18.973494,-17.478134
0.06258148631029987,0.2416716949612535,77.0,0.48125,160.0,1.3675213675213675,117.0,1.017391304347826,0.11855670103092783,1.271186440677966,118.0,1.0172413793103448,116.0,1.3975903614457832,83.0,0.5460526315789473,161.0,-0.3505433543896181,0.5296204419769089,56.0,105.0,0.49811419854462324,0.6165326633165829,0.24335349415127935,-0.3096649860817049,0.2646817317230943,0.6,0.63,0.635,0.815,0.685,2,10.833771,-33.185852
0.1577574967405476,0.2977860456634607,106.0,1.261904761904762,84.0,0.3442622950819672,244.0,2.15929203539823,0.15335051546391754,1.7019230769230769,104.0,0.4351464435146444,239.0,2.192660550458716,109.0,0.5396039603960396,168.0,-0.1787766812544267,0.3041806003184613,45.0,123.0,0.4333369847815855,0.2058415079826255,0.18096959010893524,0.3793008744273731,0.3932776675568128,0.435,0.405,0.475,0.49,0.495,2,-5.3464665,-32.260826
0.08083441981747067,0.14279653983068039,129.0,0.8486842105263158,152.0,1.0482758620689656,145.0,1.835443037974684,0.10051546391752578,1.088,125.0,0.7621951219512195,164.0,1.0718954248366013,153.0,1.0408163265306123,144.0,-0.1545737354540251,0.14404528996986657,49.0,95.0,0.3947549403286374,0.2505085617332921,0.1376364863906578,0.2749106771816915,0.2749106771816915,0.575,0.61,0.62,0.635,0.635,2,-13.737775,-22.190994
0.06388526727509779,0.2224546784441193,83.0,0.5496688741721855,151.0,1.2377049180327868,122.0,1.0427350427350428,0.11984536082474227,1.2796610169491525,118.0,0.9915966386554622,119.0,1.5256410256410255,78.0,0.5,160.0,-0.1329436547914715,0.5999392612622868,55.0,105.0,0.5415415448353516,0.3076120768226875,0.3427415265016924,-0.0911094328808407,0.9053939456719986,0.565,0.47,0.615,0.805,0.63,2,15.288054,-29.813162
0.03259452411994785,0.033244303519945506,203.0,1.301282051282051,156.0,1.1386861313868613,137.0,0.8896103896103896,0.1134020618556701,0.776595744680851,188.0,1.197452229299363,157.0,1.236220472440945,127.0,1.0495867768595042,172.0,-0.1161659943050137,0.3077858441398863,70.0,102.0,0.5156343966410548,-0.096641676554568,0.4201682546981145,0.2194369660194475,0.378264297872972,0.38,0.295,0.42,0.475,0.485,2,7.3562455,-1.7629755
0.05997392438070404,0.14458539954521377,112.0,0.991150442477876,113.0,0.9741379310344828,116.0,0.5225225225225225,0.027061855670103094,0.5642857142857143,140.0,1.25,112.0,0.9491525423728814,118.0,1.0,132.0,-0.3948483580126939,0.8352513125077474,77.0,55.0,0.6478903310647249,-0.6069104132968934,0.8018505367856853,-1.0164930276781188,-0.4682482771720009,0.52,0.475,0.585,0.645,0.98,2,37.698353,-4.175964
0.11082138200782268,0.20958063583992714,114.0,1.008849557522124,113.0,1.0089285714285714,112.0,0.991150442477876,0.11082474226804123,1.2521739130434784,115.0,0.9913793103448276,116.0,1.0265486725663715,113.0,1.0,156.0,-0.6029648556515764,0.4746198810635529,56.0,100.0,0.33147406399238566,0.0943130982888383,0.13617452105946787,0.2005911407075832,0.2005911407075832,0.565,0.595,0.625,0.655,0.655,2,10.70878,-37.457108
0.06649282920469361,0.18871060583703755,96.0,0.6956521739130435,138.0,1.2212389380530972,113.0,0.9741379310344828,0.09149484536082474,1.048780487804878,123.0,1.051282051282051,117.0,1.135922330097087,103.0,0.8879310344827587,161.0,-0.0079920032916028,0.3945644986631005,71.0,90.0,0.729856493190805,0.0306979044668376,0.6060686830887074,-1.2570490593319363,0.0076424358807119,0.37,0.265,0.395,0.44,0.685,2,16.304657,-5.2650275
0.196870925684485,0.14188168920041674,219.0,1.990909090909091,110.0,1.0,110.0,1.02803738317757,0.08247422680412371,1.161904761904762,105.0,0.9722222222222222,108.0,0.5,216.0,0.9818181818181818,153.0,-0.2687762476678973,0.8951545625745102,68.0,85.0,0.606616453316723,-0.3602091931141183,0.8336618267652347,-1.8484733304695344,-0.5207531596827502,0.41,0.385,0.45,0.67,0.8,2,39.041443,-3.8285627
0.11994784876140809,0.23470125910946033,109.0,0.8384615384615385,130.0,1.0833333333333333,120.0,1.0344827586206895,0.09278350515463918,1.0833333333333333,120.0,1.0256410256410255,117.0,1.1470588235294117,102.0,0.7611940298507462,161.0,-0.0318652882727607,0.34476948457830814,70.0,91.0,0.6098332402982646,-0.0257019259059121,0.531999369098416,-1.212101321550244,0.018097716972197,0.35,0.265,0.385,0.435,0.66,2,12.797819,-5.629255
0.1408083441981747,0.1549391027414525,165.0,0.9821428571428572,168.0,1.030674846625767,163.0,1.0584415584415583,0.21520618556701032,1.5100671140939597,149.0,1.0205479452054795,146.0,0.9419354838709676,155.0,0.8611111111111112,231.0,-0.118360276369468,0.18562654121843827,74.0,157.0,0.4128095430058672,0.2304147185271301,0.144288845080563,-0.1046591923342686,0.23832201735773,0.515,0.53,0.55,0.62,0.565,2,-10.934716,-20.07957
0.07561929595827901,0.19541431244402627,99.0,0.4419642857142857,224.0,1.5555555555555556,144.0,1.1338582677165354,0.1404639175257732,1.2748091603053435,131.0,0.891156462585034,147.0,0.8909090909090909,165.0,1.875,187.0,-0.0053853264163684,0.28949447373956716,71.0,116.0,0.5131001606888191,0.0243157792947689,0.46235144850937376,0.3005800026904777,0.4021844472047989,0.35,0.29,0.385,0.445,0.45,2,7.192319,-5.675106
0.07953063885267275,0.20148559389941242,99.0,0.7557251908396947,131.0,1.2596153846153846,104.0,0.6582278481012658,0.1134020618556701,1.280701754385965,114.0,1.0,114.0,1.027027027027027,111.0,0.7985611510791367,177.0,-0.1775466756647347,0.40102637084854476,75.0,102.0,0.49335589318715106,-2.104831856291163,0.24369237217302808,-0.2152220593957912,0.3748584974826386,0.615,0.425,0.65,0.795,0.705,2,-1.8535095,-28.061666
0.07040417209908735,0.08674560210863398,168.0,0.9940828402366864,169.0,0.9234972677595628,183.0,1.1024096385542168,0.21778350515463918,2.008849557522124,113.0,0.5067264573991032,223.0,1.4025157232704402,159.0,1.0,236.0,-0.1370817773033513,0.2591453056830242,78.0,158.0,0.45795680393983207,0.3968398576597978,0.1884328307220294,0.4373201465817939,0.2364146514674882,0.5,0.525,0.545,0.555,0.58,2,-9.394748,-21.469303
0.061277705345501955,0.08980012815882649,155.0,1.6666666666666667,93.0,0.4946808510638298,188.0,1.4573643410852712,0.15206185567010308,1.2222222222222223,144.0,1.3584905660377358,106.0,0.5760869565217391,184.0,1.1572327044025157,188.0,-0.1625197767560044,0.28009388770933535,65.0,123.0,0.3102663513027135,-0.1932602255026023,0.45090211335982777,0.0239762059548532,0.1324695372348307,0.185,0.25,0.345,0.405,0.41,2,-6.522928,4.8966107
0.20730117340286833,0.265870088190578,140.0,0.8484848484848485,165.0,1.0185185185185186,162.0,1.7052631578947368,0.13530927835051546,1.181159420289855,138.0,1.0866141732283463,127.0,0.6684210526315789,190.0,1.3286713286713288,179.0,-0.3391372251435394,0.3655007841244199,65.0,114.0,0.2625951047037804,-0.345810953198888,0.40825102679831293,0.0408906153648793,0.1711761407497233,0.2,0.23,0.36,0.425,0.435,2,-9.78468,-0.60290223
0.0560625814863103,0.04353944300959801,218.0,1.9292035398230087,113.0,1.0560747663551402,107.0,0.9727272727272728,0.07216494845360824,1.0555555555555556,108.0,0.972972972972973,111.0,1.1935483870967742,93.0,0.7045454545454546,157.0,-0.2077323586492434,0.9040329358257365,78.0,79.0,0.746500526522964,-0.5193571529375035,0.8372713418678582,-0.980347888897154,2.379857289874889,0.43,0.39,0.46,0.555,0.485,2,36.624924,-5.7966523
0.08996088657105607,0.10859005163082229,164.0,1.28125,128.0,0.927536231884058,138.0,0.75,0.18170103092783504,1.3724137931034484,145.0,1.0,145.0,0.8146067415730337,178.0,1.105590062111801,200.0,-0.2619540224474203,0.29100812863433584,61.0,139.0,0.3121248857165547,-0.2724157253587582,0.43388081142969376,-0.0365844989490941,0.1366455881965866,0.16,0.22,0.305,0.355,0.365,2,-7.465555,4.3842993
0.054758800521512385,0.14465165360871501,108.0,1.0,108.0,0.9908256880733946,109.0,1.0380952380952382,0.06958762886597938,1.009009009009009,111.0,1.0277777777777777,108.0,1.0485436893203883,103.0,0.9196428571428572,151.0,-0.3541448892473709,0.8190742018337622,73.0,78.0,0.5034306220097263,-0.5372479224465323,0.8011387412403659,-1.061065831468222,-0.3865880222048949,0.42,0.395,0.485,0.545,0.85,2,38.79064,-3.1997304
0.14732724902216426,0.24048897779461986,121.0,1.0254237288135593,118.0,0.9915966386554622,119.0,0.9834710743801652,0.125,1.28099173553719,121.0,1.0168067226890756,119.0,1.469135802469136,81.0,0.5225806451612903,164.0,-0.1351474690605535,0.5283665586458649,56.0,108.0,0.5437807143541216,0.3000216548346491,0.30647989887821875,-0.0963562174099219,0.4989837615727488,0.57,0.47,0.605,0.765,0.655,2,6.0514665,-33.845013
0.24119947848761408,0.3631840566611948,120.0,0.5769230769230769,208.0,1.94392523364486,107.0,0.4798206278026906,0.19072164948453607,1.7166666666666666,120.0,0.5194805194805194,231.0,1.957627118644068,118.0,0.5315315315315315,221.0,-0.1613878419143466,0.39273270138820154,77.0,144.0,0.6425398490992336,-0.3000627139815214,0.6971920580347079,-0.5732268616189531,-0.3932059695054126,0.32,0.285,0.35,0.42,0.62,2,22.69422,1.2684758
0.054758800521512385,0.05055513989711677,202.0,1.565891472868217,129.0,0.6972972972972973,185.0,0.8525345622119815,0.211340206185567,1.85,120.0,0.6666666666666666,180.0,1.3333333333333333,135.0,0.8544303797468354,243.0,-0.1038060348271956,0.4976325118999007,88.0,155.0,0.5585823935958303,0.8200519522460391,0.32248438442432975,0.1297790361909194,0.265,0.535,0.565,0.575,0.665,0.64,2,5.245708,-21.006725
0.1303780964797914,0.2038413775891325,128.0,0.7757575757575758,165.0,1.5277777777777777,108.0,0.8120300751879699,0.12242268041237113,1.5,102.0,0.6891891891891891,148.0,1.3333333333333333,111.0,1.11,195.0,-0.1240336018752376,0.4028015452552565,88.0,107.0,0.45907870039398996,-2.048233480290765,0.26437823501578234,-0.1241494216708107,-0.041489915008261,0.6,0.45,0.67,0.82,0.785,2,-2.1041791,-30.028885
0.11342894393741851,0.19743807292915502,121.0,1.0341880341880345,117.0,0.9590163934426228,122.0,1.008264462809917,0.14175257731958762,1.3770491803278688,122.0,1.0166666666666666,120.0,1.5384615384615383,78.0,0.490566037735849,167.0,-0.1908542109736346,0.5341774754511833,50.0,117.0,0.27958838620717485,-0.7087007677410185,0.29859774293537755,-2.220103040742121,0.2601170330164764,0.225,0.125,0.3,0.36,0.51,2,11.731172,-39.814667
0.11342894393741851,0.2852692779837402,90.0,0.6164383561643836,146.0,1.1587301587301588,126.0,0.8289473684210527,0.11597938144329897,1.2542372881355932,118.0,0.9076923076923076,130.0,1.25,104.0,0.6380368098159509,173.0,-0.3139839011781237,0.30337398424908724,70.0,103.0,0.48076159787203676,-0.2499932852395218,0.32969685055275055,-0.039269526517219,0.0875159263176851,0.38,0.31,0.405,0.47,0.48,2,5.9522257,-10.4483795
0.07040417209908735,0.0562594013398254,213.0,1.4013157894736843,152.0,1.216,125.0,0.9615384615384616,0.11597938144329897,1.121212121212121,132.0,1.1578947368421053,114.0,0.7080745341614907,161.0,1.2105263157894737,186.0,-0.0229898826819036,0.4988873943432876,83.0,103.0,0.5069434105622,-1.930236394482824,0.3225248579309065,0.6103931481611913,0.8457770478541518,0.665,0.515,0.735,0.795,0.75,2,5.9827013,-22.222198
0.06779661016949153,0.11775250382721283,136.0,0.8774193548387097,155.0,1.0616438356164384,146.0,1.042857142857143,0.17783505154639176,1.7818181818181815,110.0,0.6707317073170732,164.0,1.5769230769230769,104.0,0.6887417218543046,202.0,0.0380009459458157,0.22078278696575998,65.0,137.0,0.476329801584402,0.5029778507108303,0.21653008896982037,0.4317283627586352,0.4503039987333671,0.485,0.51,0.515,0.53,0.545,2,-9.566716,-22.30575
0.08735332464146023,0.12384429636859685,148.0,1.088235294117647,136.0,1.088,125.0,0.6443298969072165,0.14175257731958762,0.9940828402366864,169.0,0.9234972677595628,183.0,1.1024096385542168,166.0,1.3387096774193548,201.0,-0.0557402527949161,0.33367645029155885,84.0,117.0,0.4455491025189005,0.1416646231182519,0.2754189530252293,0.4832399911863794,0.5480495301148112,0.375,0.54,0.625,0.64,0.645,2,-3.7555878,-23.802837
0.06388526727509779,0.15763745005495747,108.0,0.4778761061946903,226.0,2.3789473684210525,95.0,0.7251908396946565,0.07087628865979381,1.0,113.0,1.036697247706422,109.0,0.4823008849557522,226.0,2.036036036036036,159.0,-0.2362151902426722,0.8356464218773186,80.0,79.0,0.7933083168304963,-0.3868234884389337,0.8084169756304966,2.3118356661697925,2.3118356661697925,0.435,0.375,0.465,0.485,0.485,2,35.905518,-4.972688
0.041720990873533245,0.08212648078002661,142.0,1.1735537190082646,121.0,1.0254237288135593,118.0,1.2164948453608246,0.023195876288659795,0.4,190.0,2.043010752688172,93.0,0.6158940397350994,151.0,1.2377049180327868,133.0,-0.2151530032664017,0.5856024899990888,80.0,53.0,0.3424380731778256,-0.199304350230477,0.3826674640930882,-2.406687325876859,0.6624954265585616,0.54,0.47,0.605,0.67,0.965,2,14.227201,-39.728264
0.07561929595827901,0.13074527438540276,133.0,1.3571428571428572,98.0,0.4644549763033175,211.0,1.6106870229007633,0.15850515463917525,1.167741935483871,155.0,1.534653465346535,101.0,0.5976331360946746,169.0,0.8756476683937824,191.0,-0.1971993285343713,0.2892407212894593,65.0,126.0,0.5766466853349259,-0.2010390907797399,0.4386220800292805,0.1285596840873316,0.3034298639711187,0.32,0.24,0.34,0.395,0.405,2,6.8935623,-4.063821
0.06779661016949153,0.23319940150173393,82.0,0.5324675324675324,154.0,1.2419354838709675,124.0,1.0163934426229508,0.12628865979381443,1.3220338983050848,118.0,1.0,118.0,1.4390243902439024,82.0,0.543046357615894,166.0,-0.5724345821547187,0.505709537886491,57.0,109.0,0.1828433341824662,-1.0433814806926516,0.1730437784807808,-2.5270818927469283,-0.0250914971522073,0.225,0.13,0.295,0.355,0.505,2,11.221007,-38.573338
0.10430247718383312,0.18188966920194674,123.0,1.0423728813559323,118.0,1.0,118.0,1.0442477876106195,0.1211340206185567,1.3103448275862069,116.0,0.9830508474576272,118.0,1.4216867469879515,83.0,0.5460526315789473,162.0,-0.0242167876860285,0.50839519920105,56.0,106.0,0.5433158835598967,0.3306387865900774,0.3442734010025664,0.0376195401103266,0.8805668283846959,0.555,0.47,0.605,0.75,0.63,2,11.881573,-25.846718
0.06779661016949153,0.16736804685295043,106.0,0.8412698412698413,126.0,1.135135135135135,111.0,0.9652173913043478,0.07474226804123711,0.5225225225225225,222.0,0.956896551724138,232.0,1.0175438596491229,228.0,1.982608695652174,161.0,0.0523266338886658,0.9086031735789168,80.0,81.0,0.8400639939602821,2.6404406065293107,0.9062034462750629,-1.404551943333122,-0.1679600456643978,0.43,0.485,0.495,0.665,0.84,2,34.921356,-5.4946566
0.08213820078226858,0.15081063135179,125.0,1.0,125.0,0.7861635220125787,159.0,1.127659574468085,0.12371134020618557,2.026315789473684,76.0,0.3819095477386934,199.0,0.7158273381294964,278.0,3.0217391304347827,169.0,-0.1903879741388217,0.23711694437844996,62.0,107.0,0.43283166687546154,0.3868169638369885,0.17261224655222393,-0.0847167599282158,-0.0847167599282158,0.57,0.605,0.61,0.725,0.725,2,-10.538864,-23.043589
0.0847457627118644,0.11529720617981407,153.0,1.2142857142857142,126.0,0.72,175.0,1.232394366197183,0.0979381443298969,1.046875,128.0,0.7852760736196319,163.0,0.5780141843971631,282.0,2.220472440944882,193.0,-0.1763061889769232,0.15292238688025486,100.0,93.0,0.3475416614879359,-0.0744115397416472,0.12160590463313263,-0.1351474073820148,-0.0130809820460322,0.645,0.605,0.715,0.83,0.78,2,-14.333768,-21.580256
0.04563233376792699,0.07344382474415488,156.0,1.3565217391304347,115.0,0.583756345177665,197.0,1.6694915254237288,0.13917525773195877,1.5514018691588785,107.0,0.6993464052287581,153.0,1.5454545454545454,99.0,0.4736842105263157,193.0,-0.1321506994279379,0.41246833454120063,77.0,116.0,0.5088250995173096,0.4716281521278856,0.2839527912234076,-0.1181783659720265,0.4872863818555105,0.6,0.59,0.655,0.79,0.675,2,2.2692714,-22.200216
0.2138200782268579,0.34142165296162996,116.0,0.9830508474576272,118.0,1.145631067961165,103.0,0.4103585657370518,0.12371134020618557,1.5555555555555556,99.0,0.6875,144.0,1.170731707317073,123.0,1.0165289256198349,162.0,-0.2203082867854991,0.5398926586953848,55.0,107.0,0.4936224539668497,0.2068093590956733,0.29255729362363636,-0.1530625773706128,0.3802289011367918,0.54,0.46,0.59,0.735,0.655,2,6.327614,-36.28338
0.10821382007822686,0.1022998007612435,188.0,1.5932203389830508,118.0,0.7283950617283951,162.0,1.265625,0.11597938144329897,0.8809523809523809,168.0,1.12751677852349,149.0,1.1037037037037036,135.0,0.9854014598540146,184.0,-0.7058320239806641,0.6407488062776961,81.0,103.0,0.6258043560611203,1.338700404540214,0.5526977374461148,-1.8250465525230213,-0.7897830837214903,0.39,0.435,0.445,0.685,0.49,2,18.460293,-18.6053
0.15514993481095177,0.11417478439814606,217.0,0.9863636363636364,220.0,1.1398963730569949,193.0,1.078212290502793,0.21005154639175258,1.1945945945945946,185.0,1.0755813953488371,172.0,0.9608938547486032,179.0,0.904040404040404,266.0,-0.1108534590736487,0.26799668291245765,112.0,154.0,0.4537693514528723,0.4504180979634998,0.20300832721637674,-0.0676249857552888,0.3317722401897555,0.595,0.63,0.64,0.75,0.675,2,-8.691209,-20.555
0.0,0.02003733444952156,173.0,1.2357142857142858,140.0,0.6796116504854369,206.0,2.145833333333333,0.08762886597938144,0.9618320610687024,131.0,0.803680981595092,163.0,1.0061728395061729,162.0,1.1408450704225352,142.0,-0.2278222931449695,0.09235772812587006,54.0,88.0,0.3294872572233655,-0.1623484177229524,0.062143879633154875,-0.3217890180460553,-0.0397115887013976,0.63,0.575,0.68,0.82,0.72,2,-16.201616,-20.63622
0.1016949152542373,0.08012710376513127,211.0,0.8828451882845189,239.0,1.8527131782945736,129.0,1.0,0.2615979381443299,1.751677852348993,149.0,0.8370786516853933,178.0,1.1710526315789471,152.0,1.7882352941176471,242.0,-0.1868265040838576,0.2712063253423131,60.0,182.0,0.30024315968045756,-0.1427796204836183,0.4760097167518243,0.0499870777081997,0.122290666928792,0.175,0.17,0.25,0.29,0.295,2,-9.113494,6.5029407
0.20078226857887874,0.1446262410912077,219.0,1.972972972972973,111.0,1.0673076923076923,104.0,0.9629629629629628,0.06829896907216494,0.5211267605633803,213.0,0.9424778761061948,226.0,1.04147465437788,217.0,0.9908675799086758,153.0,-0.1684240380183231,0.9033675915519913,76.0,77.0,0.8538132475021378,-0.470207980079281,0.8894348682229328,-0.9693132939440896,-0.2589903921438711,0.445,0.4,0.5,0.555,0.865,2,34.346817,-4.405979
0.06910039113428944,0.24297268384455056,80.0,0.5161290322580645,155.0,1.2704918032786885,122.0,1.0252100840336134,0.1018041237113402,1.1416666666666666,120.0,1.0256410256410255,117.0,1.125,104.0,0.7878787878787878,169.0,-0.0608595323579871,0.3745506181502699,74.0,95.0,0.5819116218038894,-0.0195716883026331,0.5780050086124972,-1.2964444309350092,-0.0374329654954098,0.355,0.275,0.395,0.445,0.675,2,12.776862,-4.8512793
0.0651890482398957,0.15174083840334737,112.0,1.0,112.0,0.9824561403508772,114.0,1.0458715596330277,0.06829896907216494,0.4723404255319149,235.0,2.1171171171171173,111.0,0.9736842105263158,114.0,1.008849557522124,155.0,-0.6013875994953473,1.0,78.0,77.0,0.7560833248752493,-0.9516076678149704,0.7874416437610408,2.12176423634504,2.12176423634504,0.44,0.395,0.465,0.495,0.495,2,37.20316,-6.132694
0.048239895697522815,0.02819173309876307,243.0,1.2789473684210526,190.0,1.043956043956044,182.0,1.0520231213872833,0.22809278350515463,1.9747899159663864,119.0,0.5085470085470085,234.0,1.4355828220858895,163.0,0.9588235294117649,248.0,-0.2239869498546822,0.512550321289931,84.0,164.0,0.710549023725799,-0.4263243216360021,0.7970989793746491,-0.8474559545017941,-0.67239745545743,0.315,0.28,0.34,0.42,0.39,2,22.491907,-5.4545674
0.06910039113428944,0.16925816277774042,106.0,0.8153846153846154,130.0,1.1111111111111112,117.0,1.5194805194805194,0.11984536082474227,1.2796610169491525,118.0,1.0172413793103448,116.0,0.9747899159663864,119.0,1.017094017094017,161.0,0.010050011369461,0.50415042612443,56.0,105.0,0.5876003032343108,0.3654658377078907,0.3446081136932423,0.0849750814380426,0.7407503838409614,0.585,0.475,0.625,0.775,0.655,2,12.064251,-24.411436
0.06779661016949153,0.051810867744688203,218.0,2.0,109.0,0.9646017699115044,113.0,1.0272727272727271,0.06443298969072164,0.972972972972973,111.0,1.018348623853211,109.0,0.990909090909091,110.0,1.0476190476190477,153.0,-0.324783637139494,0.9069143454781858,78.0,75.0,0.7948637817456173,-0.6168668695655735,0.8136224914493747,-1.130745315521157,-0.4656691799507282,0.455,0.405,0.51,0.57,0.885,2,36.3072,-6.1509867
0.0560625814863103,0.148413893700617,107.0,0.963963963963964,111.0,1.0373831775700937,107.0,0.9907407407407408,0.06443298969072164,1.08,100.0,0.847457627118644,118.0,0.5514018691588785,214.0,1.8771929824561404,147.0,-0.4568474268462853,0.9522608015646064,72.0,75.0,0.6848851707700134,2.330888151166107,0.8061000416508394,-1.3196410103105407,-0.6814380582234562,0.425,0.48,0.49,0.55,0.83,2,37.785038,-5.387237
0.1395045632333768,0.26523404918096616,108.0,0.6835443037974683,158.0,1.58,100.0,0.6944444444444444,0.1211340206185567,1.4901960784313726,102.0,0.6144578313253012,166.0,1.4821428571428572,112.0,0.64,179.0,-0.1004221476604343,0.4681311239095871,73.0,106.0,0.5468599927118323,-2.1415633816788766,0.29810446042532995,-0.0887936653032491,0.5131452324639146,0.615,0.41,0.655,0.815,0.705,2,3.4162796,-34.28666
0.2033898305084746,0.23069302748156,155.0,1.4220183486238531,109.0,0.5477386934673367,199.0,1.4014084507042253,0.15077319587628865,1.1904761904761905,147.0,0.9932432432432432,148.0,1.4509803921568627,102.0,0.5425531914893617,182.0,-0.206323729593408,0.28973564674993296,60.0,122.0,0.5498916388429627,-0.2037610424329925,0.40382980195956564,0.0107891921179753,0.1011152006760646,0.305,0.22,0.325,0.39,0.4,2,5.909567,-7.754539
0.048239895697522815,0.025790803622480023,250.0,1.497005988023952,167.0,1.67,100.0,0.45662100456621,0.24484536082474226,1.6209150326797386,153.0,0.9870967741935484,155.0,1.0,155.0,1.0130718954248366,235.0,-0.1293598442665733,0.6031223204516373,62.0,173.0,0.6348961323770402,-2.0422396986634848,0.4727795379545984,-0.1774673565689123,0.7991230064021424,0.485,0.325,0.53,0.68,0.58,2,17.79993,-17.722424
0.13298565840938723,0.13703929017471086,174.0,1.029585798816568,169.0,1.396694214876033,121.0,0.521551724137931,0.22938144329896906,1.4216867469879515,166.0,1.0440251572327044,159.0,0.9814814814814816,162.0,0.9418604651162792,248.0,-0.1604213702282717,0.39116094084410563,83.0,165.0,0.6454309958153069,-0.3654184606079187,0.6942200258997746,-0.6280326197114824,-0.4648373763164918,0.31,0.275,0.335,0.395,0.575,2,20.965816,-3.310633
0.13428943937418514,0.13932222269725136,173.0,0.5924657534246576,292.0,1.7176470588235293,170.0,0.9941520467836256,0.18427835051546393,1.7946428571428572,112.0,0.5863874345549738,191.0,1.80188679245283,106.0,0.8346456692913385,214.0,-0.6705813833206432,0.27140715102267365,74.0,140.0,0.14013307532451938,-0.7322497782493933,0.2585339069735622,-0.8960873326709864,-0.6462546691292766,0.28,0.265,0.35,0.38,0.62,2,-14.127071,-3.5458412
0.04041720990873533,0.061441368328507044,165.0,1.3636363636363635,121.0,0.7469135802469136,162.0,1.4336283185840708,0.12371134020618557,1.232,125.0,0.7225433526011561,173.0,1.4913793103448276,116.0,0.5603864734299517,178.0,-0.09084018286969,0.5068701484275595,71.0,107.0,0.5695993478921143,0.7600962794362476,0.34410921132441724,0.7737145478665104,0.8773633263472959,0.635,0.66,0.67,0.685,0.69,2,6.786313,-21.42696
0.048239895697522815,0.06949692225955588,164.0,1.4385964912280702,114.0,0.7125,160.0,1.1594202898550725,0.18298969072164947,1.4705882352941178,136.0,1.054263565891473,129.0,1.084033613445378,119.0,1.202020202020202,207.0,-0.2081902349702231,0.28236862213331043,67.0,140.0,0.5380600769839801,-0.2570139883350817,0.42472473377303244,0.0315692274022604,0.1145236961968129,0.3,0.245,0.325,0.38,0.385,2,6.689805,-2.4079626
0.16297262059973924,0.1585545849564577,178.0,1.2275862068965515,145.0,1.2946428571428572,112.0,0.6256983240223464,0.14948453608247422,1.2794117647058822,136.0,0.951048951048951,143.0,0.959731543624161,149.0,0.8232044198895028,214.0,-0.8471842866108937,0.616752872113105,93.0,121.0,0.5686382396760485,1.0472711863569744,0.4825635904884874,-2.131626298413072,-0.8603280073452897,0.385,0.425,0.435,0.655,0.47,2,18.04449,-20.060972
0.06910039113428944,0.276364731849174,72.0,0.4285714285714285,168.0,1.3770491803278688,122.0,1.0166666666666666,0.1211340206185567,1.256198347107438,121.0,1.0614035087719298,114.0,1.3734939759036144,83.0,0.538961038961039,162.0,-0.2460919876259145,0.5077876099164156,56.0,106.0,0.2571192370225666,-0.2470551766199968,0.26879897761143845,-2.226638868915652,0.3345140702641087,0.2,0.23,0.305,0.355,0.525,2,11.029591,-39.27984
0.13298565840938723,0.23687500551327148,115.0,0.6084656084656085,189.0,1.7181818181818185,110.0,0.6432748538011696,0.15850515463917525,1.7572815533980584,103.0,0.5478723404255319,188.0,1.492063492063492,126.0,1.1775700934579438,199.0,-0.0593023968785026,0.39082019057413103,73.0,126.0,0.5653661664889762,0.7213179392536724,0.3142857838942392,0.6502265779050925,0.7328836079148062,0.56,0.585,0.595,0.615,0.625,2,0.9002293,-33.205956
0.10951760104302477,0.16821436741628923,134.0,1.0634920634920637,126.0,0.8181818181818182,154.0,0.9746835443037974,0.16237113402061856,0.6594982078853047,279.0,2.082089552238806,134.0,1.0634920634920637,126.0,0.875,174.0,-0.1666494915582923,0.15162609057489584,46.0,128.0,0.4019027003626838,-0.8171867881797416,0.1490828800160841,-0.1340263473463016,0.0593531321241911,0.46,0.275,0.5,0.625,0.57,2,-13.020479,-22.28198
0.05867014341590613,0.1392815874091411,114.0,1.4615384615384617,78.0,0.5234899328859061,149.0,1.2627118644067796,0.08634020618556701,1.1261261261261262,111.0,1.353658536585366,82.0,0.5655172413793104,145.0,1.2719298245614037,161.0,-0.3566585794636841,0.34486455710297637,74.0,87.0,0.37265342136239965,0.0393560195699106,0.4267349337977023,-1.3481194786787,-0.2991876619764287,0.39,0.38,0.46,0.515,0.8,2,3.0289361,-1.7124014
0.10821382007822686,0.173619968758025,130.0,1.1206896551724137,116.0,1.1153846153846154,104.0,0.697986577181208,0.1172680412371134,1.3070175438596492,114.0,0.926829268292683,123.0,1.0603448275862069,116.0,0.7160493827160493,174.0,0.0457165731360064,0.48496945873895964,70.0,104.0,0.6181732980932076,0.9219425210067128,0.3670680513156755,0.1551283925715409,0.8763077646235392,0.605,0.62,0.64,0.76,0.655,2,12.963285,-23.397892
0.03780964797913951,0.023943487610834428,236.0,1.388235294117647,170.0,1.3492063492063493,126.0,0.9402985074626866,0.13530927835051546,1.2074074074074077,135.0,0.6053811659192825,223.0,1.5379310344827586,145.0,1.0431654676258992,178.0,-0.2346215213124318,0.33592315853903787,64.0,114.0,0.62757338660684,-0.2288556428639999,0.44697074015317917,0.1191769295339498,0.170695592367794,0.345,0.26,0.365,0.42,0.425,2,8.241751,-1.36561
0.1681877444589309,0.30271075137575754,109.0,0.545,200.0,0.6329113924050633,316.0,1.0326797385620916,0.18685567010309279,1.897196261682243,107.0,0.6369047619047619,168.0,1.3228346456692914,127.0,0.9769230769230768,213.0,-0.9131379662928168,0.18917217757492158,71.0,142.0,0.10164894273494349,-0.814873408542539,0.08283659127548915,-1.233344298050212,-0.9699574984175372,0.27,0.285,0.34,0.37,0.46,2,-14.736107,-6.0848017
0.06910039113428944,0.23926245628848128,81.0,0.5436241610738255,149.0,1.2627118644067796,118.0,0.975206611570248,0.05283505154639175,0.6265822784810127,158.0,1.6288659793814433,97.0,0.6928571428571428,140.0,1.2173913043478262,135.0,-0.2820358571103362,0.41149171234318227,66.0,69.0,0.5518960174714121,-0.2576704580694371,0.5558940777274263,-1.4037453798532185,-0.1229220804044232,0.45,0.33,0.495,0.545,0.87,2,12.123017,-4.6025767
0.01694915254237288,0.047892824449119166,152.0,1.2773109243697478,119.0,0.9754098360655736,122.0,1.4698795180722892,0.11597938144329897,1.2231404958677683,121.0,1.0254237288135593,118.0,0.5,236.0,1.91869918699187,164.0,-0.2581084180578278,0.39241040394361315,61.0,103.0,0.2702200502920264,-0.2355006859831833,0.5459007083230432,-1.447346376145371,-0.2605928830265723,0.22,0.28,0.375,0.445,0.66,2,-3.1173,4.633024
0.018252933507170794,0.05136059630124184,149.0,1.2844827586206895,116.0,1.4871794871794872,78.0,0.4968152866242038,0.1018041237113402,1.2123893805309736,113.0,0.9912280701754386,114.0,1.1176470588235294,102.0,0.7786259541984732,160.0,-0.2870177139181502,0.38073438708110074,65.0,95.0,0.5402505554708401,-0.2520537481000302,0.5328519433796497,-1.3829641121219538,-0.1925157230778126,0.37,0.28,0.41,0.455,0.715,2,9.56662,-1.0601447
0.05084745762711865,0.009864386821798693,315.0,2.404580152671756,131.0,1.5232558139534884,86.0,0.4598930481283422,0.06314432989690721,0.6484848484848484,165.0,1.896551724137931,87.0,0.4264705882352941,204.0,2.2666666666666666,114.0,-0.0715994461265263,0.2670789690979137,40.0,74.0,0.4623398677492535,0.4390174152523846,0.19733797675402953,0.1495788667356088,0.3266489487789811,0.71,0.75,0.775,0.87,0.81,2,-5.2647967,-22.050251
0.22685788787483702,0.17458320091200463,208.0,2.122448979591837,98.0,0.3798449612403101,258.0,1.2344497607655502,0.2912371134020619,1.4129353233830846,201.0,0.9901477832512317,203.0,0.944186046511628,215.0,2.128712871287129,296.0,-0.1788921609217397,0.15871344875102486,98.0,198.0,0.4415120130107335,-0.6295078713600831,0.24595957761187567,-0.2269120781762257,-0.2335061930383996,0.495,0.39,0.525,0.605,0.615,2,-8.946366,-18.012373
0.1016949152542373,0.20182891041028245,112.0,0.9739130434782608,115.0,0.9913793103448276,116.0,1.008695652173913,0.024484536082474227,0.4753086419753086,162.0,1.8837209302325584,86.0,0.6099290780141844,141.0,1.3055555555555556,130.0,0.1173333748609539,0.3739771660021362,77.0,53.0,0.5828020266539848,0.3260693291885883,0.5153293909143954,-1.315895623776982,0.0544525027301674,0.48,0.41,0.54,0.595,0.95,2,11.866077,-4.793816
0.12516297262059975,0.1415748795378283,164.0,1.0123456790123455,162.0,0.9418604651162792,172.0,0.9717514124293786,0.22164948453608246,1.3529411764705883,170.0,1.0493827160493827,162.0,1.018867924528302,159.0,0.9814814814814816,246.0,-0.0987701356439314,0.29937216772602293,85.0,161.0,0.4518813956362694,0.4930856532803824,0.23604891318325433,0.3981626994268312,0.4619865909629109,0.53,0.57,0.59,0.625,0.63,2,-7.9016666,-20.943102
0.1577574967405476,0.25118384318994974,122.0,0.6224489795918368,196.0,1.2173913043478262,161.0,1.018987341772152,0.1559278350515464,1.6272727272727272,110.0,0.5670103092783505,194.0,1.5772357723577235,123.0,0.7151162790697675,190.0,-0.0554869091487172,0.45917877977091665,65.0,125.0,0.5423594602597577,0.6813908327357063,0.28341813672489025,-0.0793498590733053,0.6146766319532097,0.565,0.575,0.595,0.76,0.625,2,2.3883898,-34.029957
0.11342894393741851,0.14279653983068039,154.0,1.0335570469798658,149.0,0.9933333333333332,150.0,0.974025974025974,0.04768041237113402,0.3356890459363957,283.0,1.725609756097561,164.0,1.0,164.0,1.0061349693251531,120.0,-0.2022459858822083,0.6759811346203642,54.0,66.0,0.27709146476137736,-0.2190820125200671,0.40229945407840245,-2.026451427002432,0.4401151873026351,0.34,0.355,0.455,0.565,0.805,2,13.39798,-40.985703
0.06910039113428944,0.22866180612828338,84.0,0.5753424657534246,146.0,1.2372881355932204,118.0,0.9672131147540984,0.10824742268041238,1.1735537190082646,121.0,1.5714285714285714,77.0,0.5703703703703704,135.0,1.1637931034482758,161.0,-0.1694677357263734,0.3687962303087991,62.0,99.0,0.6771057862503748,-0.1395955233852457,0.5323153994902806,-1.5419529067404767,0.0166682768331168,0.37,0.26,0.39,0.435,0.685,2,14.488758,-5.332877
0.1121251629726206,0.1414955509473834,154.0,1.0198675496688745,151.0,0.9151515151515152,165.0,0.9880239520958084,0.2603092783505155,1.4285714285714286,182.0,0.9680851063829788,188.0,1.032967032967033,182.0,1.0,235.0,-0.3077422788962152,0.5713452274768461,53.0,182.0,0.548828254764998,-0.3025475812089073,0.4369273795519082,-2.295477564012073,0.1708949504650243,0.215,0.18,0.23,0.28,0.38,2,17.178568,-21.347843
0.05084745762711865,0.03478052367659429,230.0,2.1296296296296298,108.0,0.9642857142857144,112.0,0.9739130434782608,0.06829896907216494,0.9327731092436976,119.0,1.0258620689655171,116.0,1.0545454545454545,110.0,0.9734513274336284,154.0,-0.0356842010145717,0.8515833678015327,77.0,77.0,0.8569374462379019,-0.1658099024914603,0.8872594490097233,2.5914918298141463,2.619565712049825,0.445,0.385,0.475,0.495,0.5,2,34.896698,-6.2353973
0.08213820078226858,0.13976089910298733,132.0,1.0,132.0,1.0393700787401574,127.0,0.9921875,0.18170103092783504,2.01010101010101,99.0,1.1647058823529413,85.0,0.3256704980842911,261.0,2.230769230769231,218.0,-0.1348613411904978,0.33201592538811264,79.0,139.0,0.49447174956314166,-1.9799128373910264,0.24875935755064418,-0.0899871740045517,0.0889706150292349,0.515,0.365,0.545,0.645,0.605,2,-3.4777904,-24.422573
0.22816166883963493,0.3431488278584207,121.0,0.5627906976744186,215.0,2.0673076923076925,104.0,0.488262910798122,0.1958762886597938,1.627906976744186,129.0,0.4980694980694981,259.0,1.773972602739726,146.0,0.5910931174089069,227.0,-0.3421233195864209,0.4591319901432978,80.0,147.0,0.6889618525570974,-0.499388159425205,0.709330754583776,-0.9519720350327414,-0.6199283561511016,0.33,0.295,0.355,0.45,0.605,2,23.404076,0.8814693
0.10951760104302477,0.16821436741628923,134.0,0.6979166666666666,192.0,1.271523178807947,151.0,1.0785714285714283,0.1713917525773196,1.3941605839416058,137.0,0.8954248366013072,153.0,1.2966101694915255,118.0,0.7239263803680982,200.0,-0.1815433075979361,0.2679596137933818,67.0,133.0,0.27595865111233425,-0.2359150095122944,0.4039596831469939,0.0140208827757607,0.1878716793453183,0.235,0.245,0.335,0.395,0.4,2,-9.578417,3.4139287
0.11994784876140809,0.24583485938780397,105.0,0.4585152838427948,229.0,1.1804123711340206,194.0,1.0319148936170213,0.24355670103092783,1.8571428571428568,133.0,0.5495867768595041,242.0,1.4069767441860466,172.0,0.9555555555555556,253.0,-0.1157915672649105,0.40363558552956086,81.0,172.0,0.6987715494890967,-0.3290842910824031,0.7237053708746265,-0.6754834250422769,-0.598067756042547,0.3,0.265,0.325,0.42,0.395,2,22.257662,-1.5945667
0.1421121251629726,0.2751046545659806,106.0,0.6751592356687898,157.0,1.286885245901639,122.0,0.6192893401015228,0.14690721649484537,1.421487603305785,121.0,0.6914285714285714,175.0,1.5086206896551724,116.0,0.7388535031847133,188.0,-0.1592376824622423,0.3742472913246801,68.0,120.0,0.43982326281543177,0.5245782992520526,0.21859477371408134,-0.1274085588237928,0.5017112767377142,0.54,0.605,0.61,0.78,0.625,2,-4.23288,-31.932974
0.10430247718383312,0.14010724737393218,149.0,0.9802631578947368,152.0,0.9101796407185628,167.0,0.8835978835978836,0.19716494845360824,1.7154471544715446,123.0,0.5642201834862385,218.0,1.831932773109244,119.0,0.5804878048780487,226.0,-0.1867494817936129,0.40716205490057955,79.0,147.0,0.7307942808166681,-0.2456869509032695,0.6681892649172597,-0.6349212591252988,-0.4661045790716828,0.33,0.29,0.35,0.4,0.62,2,21.105803,-4.345426
0.09647979139504563,0.24620417236112702,93.0,0.4386792452830189,212.0,1.4825174825174825,143.0,1.075187969924812,0.32087628865979384,1.1584905660377358,265.0,1.4480874316939891,183.0,1.2448979591836735,147.0,0.9483870967741936,283.0,-0.2274932826129287,0.24921526862336396,69.0,214.0,0.5768529610406057,-0.1955172262280007,0.42783612480611777,0.1234220497978779,0.2387946642437962,0.23,0.185,0.245,0.285,0.29,2,4.543192,-6.418145
0.0651890482398957,0.22831276033032563,82.0,0.5189873417721519,158.0,1.3504273504273503,117.0,1.0,0.11597938144329897,1.4230769230769231,104.0,0.7938931297709924,131.0,1.0916666666666666,120.0,1.0344827586206895,157.0,-0.3224671554248655,0.5364753350695338,54.0,103.0,0.48740909665020266,0.5566990882926303,0.30323174261194996,0.2828079079070571,0.2828079079070571,0.565,0.585,0.625,0.67,0.67,2,11.738859,-32.34532
0.13298565840938723,0.2879497280956759,98.0,0.6163522012578616,159.0,1.4587155963302751,109.0,0.5956284153005464,0.15850515463917525,1.5603448275862069,116.0,0.5829145728643216,199.0,1.809090909090909,110.0,0.6285714285714286,196.0,-0.1108481303807349,0.4160400268769818,70.0,126.0,0.5015566297613622,-2.107153238242564,0.2732552381945601,-0.1082006545296248,0.370364278851819,0.54,0.36,0.595,0.74,0.655,2,-0.9318066,-33.98134
0.05345501955671447,0.14657677168026043,106.0,0.9814814814814816,108.0,0.9391304347826088,115.0,1.116504854368932,0.08247422680412371,1.0608695652173914,115.0,1.036036036036036,111.0,0.5634517766497462,197.0,1.5038167938931295,154.0,-0.1413492843540215,0.854678738897192,69.0,85.0,0.6437568996407261,-0.2166744740676059,0.8788598582273477,-1.5811722718952643,-0.502993400085837,0.415,0.385,0.455,0.665,0.79,2,37.398026,-4.0178747
0.1316818774445893,0.22529454078327937,119.0,0.6363636363636364,187.0,1.7980769230769231,104.0,0.5,0.17525773195876287,1.7477477477477477,111.0,0.5336538461538461,208.0,1.824561403508772,114.0,0.5277777777777778,207.0,-0.2086197885764013,0.5162514386749378,72.0,135.0,0.7413706472780182,-0.3935988729589044,0.8377518599950639,-0.7210339441836079,-0.5853900378548313,0.325,0.285,0.355,0.425,0.61,2,25.000744,-2.8769484
0.018252933507170794,0.10974873974363045,97.0,1.2435897435897436,78.0,0.4193548387096774,186.0,1.957894736842105,0.13659793814432988,1.8021978021978025,91.0,0.6319444444444444,144.0,1.2521739130434784,115.0,1.0267857142857142,174.0,-0.1139348990020479,0.5912966519811185,60.0,114.0,0.5337667591021448,-2.181432798562161,0.3863716239644908,-0.0063045564891139,0.2467288843895405,0.515,0.355,0.58,0.75,0.685,2,10.209394,-22.49772
0.1408083441981747,0.14053267216935,177.0,1.0535714285714286,168.0,0.9438202247191012,178.0,1.0470588235294118,0.2757731958762887,1.2952380952380953,210.0,1.1229946524064172,187.0,1.0747126436781609,174.0,1.0057803468208093,269.0,1.0483418108251212,0.3930054510576252,79.0,190.0,0.9464289471310726,0.9092824862428202,0.8799572100070858,0.4200161600668681,0.557637264862526,0.27,0.24,0.295,0.395,0.37,2,25.654493,-4.9221325
0.17209908735332463,0.22321964136294234,142.0,1.1639344262295082,122.0,1.008264462809917,121.0,0.8642857142857143,0.11597938144329897,1.1384615384615384,130.0,1.04,125.0,1.0,125.0,1.7605633802816902,152.0,-0.1027399656836465,0.18094646395077538,49.0,103.0,0.406914299860682,0.3759315914347107,0.17246158991111005,-0.0357112102070274,0.3625849225580064,0.545,0.6,0.61,0.74,0.625,2,-12.913877,-24.28371
0.23989569752281617,0.23652860440506182,171.0,1.163265306122449,147.0,0.7819148936170213,188.0,0.8744186046511628,0.23324742268041238,1.0963302752293578,218.0,1.1534391534391537,189.0,1.1595092024539877,163.0,0.7990196078431373,249.0,-0.1888599234225633,0.4294551475824471,82.0,167.0,0.6707161508451799,-0.4208936807929929,0.8005340874123402,-0.7365102795751233,-0.4931390846301299,0.305,0.275,0.33,0.4,0.57,2,23.875479,-1.0426011
0.06649282920469361,0.1613476776110267,108.0,0.9557522123893806,113.0,1.018018018018018,111.0,0.4889867841409692,0.05670103092783505,0.796875,128.0,1.1327433628318584,113.0,0.9741379310344828,116.0,0.9914529914529916,147.0,0.0720497116987995,0.8457383760155045,76.0,71.0,0.8788838786519113,-0.1422782375312001,0.8690410750730273,2.4527789409093934,2.4527789409093934,0.45,0.39,0.475,0.51,0.51,2,34.46754,-5.1887736
0.014341590612777053,0.048035322520262644,148.0,1.5913978494623655,93.0,0.6690647482014388,139.0,1.1779661016949152,0.08891752577319588,1.0854700854700854,117.0,1.5394736842105263,76.0,0.5066666666666667,150.0,1.5463917525773196,166.0,-0.0951412725264166,0.3270645197891332,78.0,88.0,0.5411649085740098,0.331540462322397,0.401129689156845,-1.3681191754553654,0.0619361063407281,0.385,0.36,0.425,0.47,0.705,2,7.673661,-1.6932331
0.09256844850065189,0.2397411953279741,93.0,0.4793814432989691,194.0,1.5772357723577235,123.0,1.0336134453781514,0.18556701030927836,0.90990990990991,222.0,1.819672131147541,122.0,0.9242424242424242,132.0,0.9924812030075189,204.0,-0.1834786870444587,0.29437100503654706,63.0,141.0,0.317121356710097,-0.1504258673291688,0.4346203820353418,0.1085623433149512,0.1666526934346447,0.16,0.235,0.305,0.36,0.365,2,-9.256902,1.5475309
0.10299869621903521,0.2440054275972708,97.0,0.532967032967033,182.0,1.4444444444444444,126.0,0.7159090909090909,0.15335051546391754,1.5526315789473684,114.0,0.6404494382022472,178.0,1.7281553398058251,103.0,0.5988372093023255,197.0,-0.0720862832495888,0.39989015178069454,74.0,123.0,0.5356507356274683,-2.01438566085255,0.3081146474500711,0.7502111626084977,0.7736256826693542,0.54,0.38,0.575,0.59,0.605,2,0.7318627,-33.081474
0.06779661016949153,0.06285800066809712,198.0,1.2147239263803682,163.0,0.9476744186046512,172.0,1.0058479532163742,0.21649484536082475,1.9824561403508767,114.0,0.4935064935064935,231.0,1.32,175.0,1.09375,235.0,-0.1876569005352521,0.4033892616457337,77.0,158.0,0.7102056555906188,-0.3615324049710794,0.7052954381056042,-0.5597136071789469,-0.5597136071789469,0.31,0.27,0.33,0.38,0.38,2,21.221878,-4.9856405
0.12255541069100391,0.10871599599091014,194.0,1.2125,160.0,0.6694560669456067,239.0,1.8244274809160304,0.19072164948453607,0.9196428571428572,224.0,1.2375690607734806,181.0,0.9945054945054944,182.0,1.5964912280701755,205.0,-0.2383759706738141,0.2612211567231829,61.0,144.0,0.3133210150494194,-0.1986584071248481,0.3797561007389055,-0.0731127302425166,-0.0004024555624019,0.16,0.22,0.295,0.35,0.355,2,-9.147751,4.4745936
0.061277705345501955,0.14105434602174352,115.0,0.9583333333333334,120.0,1.0169491525423728,118.0,1.0172413793103448,0.13917525773195877,1.371900826446281,121.0,1.0341880341880345,117.0,1.6956521739130437,69.0,0.4107142857142857,169.0,-0.2497416876565087,0.5225756283882114,53.0,116.0,0.4679698035039091,0.1694695757397762,0.2645897334000231,-0.1536280751324966,0.6507505765047031,0.57,0.49,0.63,0.765,0.645,2,8.122514,-27.573788
0.1864406779661017,0.2685991392899592,129.0,0.4980694980694981,259.0,1.773972602739726,146.0,0.5910931174089069,0.2538659793814433,1.9172932330827068,133.0,0.5833333333333334,228.0,1.1813471502590671,193.0,0.8008298755186722,283.0,-0.1932766484943625,0.481648740479853,105.0,178.0,0.6642893928110245,-0.3949372059335001,0.7469000328762333,-0.7257677843568439,-0.5067666327042224,0.335,0.3,0.37,0.43,0.625,2,23.38951,-0.64772844
0.05215123859191656,0.10124199120270463,135.0,1.0384615384615383,130.0,0.9027777777777778,144.0,1.1900826446280992,0.11469072164948453,1.3125,112.0,0.6956521739130435,161.0,1.1838235294117647,136.0,1.1056910569105691,173.0,-0.0545660746154984,0.36274975036184626,71.0,102.0,0.4784351775735514,-1.7704774767604123,0.25555527136008266,-0.1139666213518902,0.5809964195644508,0.59,0.415,0.65,0.82,0.675,2,-2.5796618,-23.169584
0.07692307692307693,0.12670985977005894,137.0,0.9319727891156464,147.0,0.9932432432432432,148.0,0.9426751592356688,0.19201030927835053,1.7542372881355932,118.0,0.5566037735849056,212.0,1.9272727272727272,110.0,0.5339805825242718,223.0,-0.1175988230748071,0.3905740803908041,79.0,144.0,0.5099357529895427,0.6769668520475884,0.3044203240162836,0.2818353145891977,0.5716893103998706,0.525,0.575,0.585,0.62,0.6,2,-0.5134004,-24.576054
0.04302477183833116,0.09422628818759182,132.0,1.03125,128.0,0.9696969696969696,132.0,1.11864406779661,0.15979381443298968,1.4444444444444444,126.0,0.9692307692307692,130.0,0.8227848101265823,158.0,1.0748299319727892,176.0,-0.147526995141672,0.10655833229460172,49.0,127.0,0.38299600773390496,-0.1711775384443529,0.12671563865764704,-0.142469712294534,0.2159922842249492,0.455,0.37,0.49,0.62,0.505,2,-13.7205105,-21.02209
0.2333767926988266,0.3988022411994597,108.0,0.9908256880733946,109.0,1.0186915887850467,107.0,0.9553571428571428,0.06829896907216494,1.0373831775700937,107.0,0.981651376146789,109.0,0.9732142857142856,112.0,1.0666666666666669,151.0,-0.3028777116002732,0.9470739930143498,74.0,77.0,0.831707004473805,-0.6254900605527988,0.8561051667323535,-1.872387815608876,2.3975320328085576,0.43,0.385,0.455,0.695,0.485,2,33.684807,-3.0554385
0.061277705345501955,0.15590369886053254,107.0,0.4755555555555555,225.0,2.083333333333333,108.0,0.6242774566473989,0.1481958762886598,1.4786324786324787,117.0,0.585,200.0,1.694915254237288,118.0,0.659217877094972,192.0,-0.1070480349982347,0.5111780698288614,71.0,121.0,0.5426956176579228,0.7633282812481362,0.303903954732603,0.0310964342610366,0.6963677908495047,0.58,0.62,0.63,0.75,0.645,2,9.572744,-25.358353
0.0469361147327249,0.057090283285480346,180.0,1.7142857142857142,105.0,0.580110497237569,181.0,1.7572815533980584,0.14948453608247422,1.6893203883495145,103.0,0.5597826086956522,184.0,0.983957219251337,187.0,1.1,195.0,-0.1355152780108803,0.37025719559238784,74.0,121.0,0.45793903442164396,0.5381619199369856,0.2508549151966234,-0.0773064960092658,0.2804096884754586,0.54,0.58,0.605,0.755,0.67,2,-2.3344922,-22.130907
0.06779661016949153,0.05706887812650302,208.0,1.3081761006289307,159.0,0.9695121951219512,164.0,0.9879518072289156,0.19716494845360824,1.31055900621118,161.0,0.9640718562874252,167.0,1.5045045045045045,111.0,0.4586776859504132,217.0,-0.2166642464494929,0.27556612286863413,70.0,147.0,0.3958447947325079,0.2708082909792673,0.13805598730066732,0.2566885553320873,0.2732788195013246,0.505,0.545,0.55,0.56,0.565,2,-10.327681,-21.120602
0.05345501955671447,0.14466899112065923,107.0,0.981651376146789,109.0,0.956140350877193,114.0,0.5158371040723982,0.09664948453608248,1.316831683168317,101.0,0.8416666666666667,120.0,0.5607476635514018,214.0,0.9469026548672568,157.0,-0.0349226281450986,0.9179729414773862,64.0,93.0,0.7621386646026385,-0.1904502979360998,0.9356121870645502,-1.618564785944156,2.4455840756182687,0.435,0.41,0.475,0.675,0.5,2,35.71573,-5.3839536
0.1121251629726206,0.1305049884179356,163.0,1.5233644859813085,107.0,0.4495798319327731,238.0,1.2864864864864864,0.2190721649484536,1.3652694610778444,167.0,0.9382022471910112,178.0,1.0229885057471264,174.0,1.029585798816568,229.0,-0.1379918639233815,0.12297728086330852,70.0,159.0,0.3656175748458535,-1.0573212571162425,0.2240731315483424,-0.1838628083552587,-0.0759619423508705,0.265,0.31,0.35,0.41,0.515,2,-13.43108,-19.11279
0.17470664928292046,0.23855314807923275,136.0,1.4166666666666667,96.0,0.518918918918919,185.0,1.5677966101694916,0.19329896907216496,1.8407079646017697,113.0,0.5678391959798995,199.0,1.9702970297029705,101.0,0.4975369458128079,224.0,-0.168796565833706,0.30335095432011333,79.0,145.0,0.4587894059511974,-1.6387795778454388,0.21032809426897459,0.5062267172852091,0.1872147178283274,0.515,0.36,0.545,0.555,0.615,2,-5.535184,-31.953476
0.003911342894393742,0.028485111692153692,163.0,1.3583333333333334,120.0,1.0526315789473684,114.0,1.0,0.11984536082474227,1.5729166666666667,96.0,0.7058823529411765,136.0,1.7894736842105263,76.0,0.475,157.0,-0.1057774445287738,0.5397404436947694,52.0,105.0,0.54144594357695,0.2969604922770142,0.3198339438268134,-0.0260329216553211,0.4299382534409752,0.56,0.46,0.6,0.76,0.67,2,7.3060412,-22.150183
0.1577574967405476,0.2848645258867144,110.0,0.5729166666666666,192.0,1.7454545454545454,110.0,0.5339805825242718,0.16881443298969073,1.431818181818182,132.0,0.7021276595744681,188.0,1.7735849056603774,106.0,1.261904761904762,218.0,-0.1466330252673305,0.323284826615023,86.0,132.0,0.4694956284434148,0.4086845795642813,0.2145831844139493,0.3869272493904617,0.4298610700152424,0.36,0.6,0.625,0.645,0.65,2,-5.01839,-32.443928
0.05345501955671447,0.1409584454451048,109.0,1.0380952380952382,105.0,0.9292035398230089,113.0,1.036697247706422,0.06443298969072164,1.0485436893203883,103.0,0.9196428571428572,112.0,0.5209302325581395,215.0,1.972477064220184,152.0,-0.3687229324123788,0.9063450020053112,77.0,75.0,0.5997915335111854,-0.6200075003038297,0.787777234666083,2.2383938874068514,2.247689712926571,0.435,0.405,0.475,0.495,0.5,2,38.67379,-4.632869
0.10430247718383312,0.14279653983068039,147.0,1.0888888888888888,135.0,1.5340909090909092,88.0,0.546583850931677,0.19458762886597938,1.62015503875969,129.0,0.9555555555555556,135.0,1.5168539325842696,89.0,0.3588709677419355,220.0,-0.1177262097611022,0.2533686896699612,74.0,146.0,0.5347623329683204,-0.0821490794552398,0.3971502616791744,0.2339699735137876,0.2770621421420766,0.315,0.26,0.34,0.385,0.39,2,5.552071,-4.91894
0.10951760104302477,0.14017755567345502,153.0,0.9935064935064936,154.0,0.9625,160.0,1.0062893081761006,0.2268041237113402,1.5,156.0,1.5294117647058822,102.0,0.5425531914893617,188.0,1.540983606557377,247.0,-0.096046036054409,0.43536467604259316,84.0,163.0,0.5326377244987319,-2.255969875018043,0.27230014052363155,-0.0676127051179708,-0.0085089548942573,0.52,0.345,0.55,0.705,0.68,2,0.38543427,-25.165327
0.19426336375488917,0.25378305909784593,139.0,1.0692307692307692,130.0,1.0,130.0,0.7182320441988951,0.1327319587628866,1.2677165354330708,127.0,0.7839506172839507,162.0,1.1571428571428573,140.0,0.7734806629834254,179.0,-0.0915822346739613,0.2874660861914117,67.0,112.0,0.5378487443434061,-0.1111763508755504,0.4371495831652068,0.1405511559245514,0.207253854934531,0.345,0.27,0.37,0.435,0.44,2,6.281841,-7.976642
0.0651890482398957,0.22486856143240538,83.0,0.5220125786163522,159.0,1.347457627118644,118.0,1.0260869565217392,0.12242268041237113,1.2857142857142858,119.0,1.0084745762711864,118.0,1.4047619047619049,84.0,0.5419354838709678,165.0,-0.1358012953098087,0.529037041898055,58.0,107.0,0.5650355098378432,0.8140840913919885,0.3105545995505676,-0.0452497902585344,0.126985660834767,0.585,0.615,0.625,0.74,0.705,2,12.981544,-30.405544
0.09778357235984354,0.13085501272968925,151.0,1.1984126984126984,126.0,0.875,144.0,1.2307692307692308,0.1172680412371134,1.128787878787879,132.0,0.8,165.0,1.853932584269663,89.0,1.5084745762711864,179.0,-0.1738322009021933,0.03424657790722628,75.0,104.0,0.36684266863314413,0.0561294220028707,0.14626772520684675,-0.2565840018784405,-0.1464679909735748,0.38,0.405,0.42,0.485,0.71,2,-15.732345,-22.076925
0.13689700130378096,0.280293208085012,102.0,0.6710526315789473,152.0,1.4901960784313726,102.0,0.7183098591549296,0.10824742268041238,1.3027522935779816,109.0,0.6606060606060606,165.0,1.5566037735849056,106.0,0.6235294117647059,177.0,-0.1467576325798917,0.3917298194053704,78.0,99.0,0.4453665616637028,-1.897404605224049,0.2450005865770175,-0.1286645763188194,0.4701231440421884,0.62,0.44,0.695,0.825,0.73,2,-3.7078779,-31.733139
0.06258148631029987,0.24560889816070502,76.0,0.4,190.0,2.043010752688172,93.0,0.6158940397350994,0.12371134020618557,1.2727272727272727,121.0,1.0341880341880345,117.0,0.9590163934426228,122.0,1.008264462809917,163.0,-0.1567270295910527,0.5243638834815881,56.0,107.0,0.4737747160139601,0.3738562617666288,0.28195902044715443,-0.0730899548432253,0.49740778065551,0.545,0.53,0.615,0.755,0.665,2,11.185594,-33.233765
0.19295958279009126,0.35663407801413405,104.0,0.488262910798122,213.0,1.836206896551724,116.0,0.4773662551440329,0.25902061855670105,1.773972602739726,146.0,0.5910931174089069,247.0,2.093220338983051,118.0,0.5756097560975609,271.0,-0.2667414538127181,0.4736491307831141,90.0,181.0,0.6906609596592266,-0.5385946059765392,0.7315121770630365,-0.8744663681620191,-0.7464887940258762,0.305,0.265,0.335,0.4,0.57,2,23.868908,0.74115384
0.10299869621903521,0.22922301701911743,102.0,0.6257668711656442,163.0,1.393162393162393,117.0,0.6324324324324324,0.037371134020618556,0.3901345291479821,223.0,2.123809523809524,105.0,0.6287425149700598,167.0,1.2462686567164178,136.0,-0.1142437881654548,0.5084379111067061,76.0,60.0,0.4876894500397113,0.5600383924047417,0.27170539113559977,0.6535169002239403,0.6922103741704594,0.815,0.845,0.88,0.905,0.915,2,6.1382875,-31.317677
0.12385919165580182,0.22224658508306017,116.0,0.7116564417177914,163.0,1.5233644859813085,107.0,0.601123595505618,0.15077319587628865,1.2237762237762235,143.0,1.1171875,128.0,0.9846153846153848,130.0,1.181818181818182,194.0,-0.0134166623083764,0.45973752795983647,72.0,122.0,0.540943741596335,0.4953759398912069,0.3363097594682433,0.7414698972902902,0.7414698972902902,0.54,0.555,0.625,0.655,0.655,2,3.348756,-33.01722
0.01564537157757497,0.04325846042836353,157.0,1.6881720430107527,93.0,0.6690647482014388,139.0,1.1982758620689655,0.12242268041237113,1.2966101694915255,118.0,1.0,118.0,1.2291666666666667,96.0,0.676056338028169,164.0,-0.0659929759351417,0.5448245131038438,57.0,107.0,0.33740048040462184,-0.014848017958655,0.3587809077412954,-2.182837536737108,0.6105291503449441,0.22,0.235,0.31,0.36,0.54,2,14.27654,-39.213177
0.06649282920469361,0.14111290715817837,119.0,1.017094017094017,117.0,0.975,120.0,1.1320754716981132,0.0979381443298969,1.1858407079646018,113.0,1.4125,80.0,0.5298013245033113,151.0,1.2796610169491525,163.0,-0.3026282649637684,0.39134917438093186,70.0,93.0,0.5052863254087012,-0.2420689875015116,0.5396281666921515,-1.3943396393565135,-0.1950905885240714,0.39,0.325,0.435,0.475,0.77,2,10.7811,-3.77537
0.09256844850065189,0.14279653983068039,138.0,0.965034965034965,143.0,0.9225806451612903,155.0,0.9872611464968152,0.14304123711340205,1.05625,160.0,1.0457516339869282,153.0,1.224,125.0,0.9124087591240876,202.0,-0.0935744471834316,0.3869603556182664,84.0,118.0,0.4921943143312864,0.6587530874323542,0.267995293458654,0.0586871704662703,0.5143688976102799,0.595,0.65,0.665,0.765,0.685,2,-2.2983503,-25.749949
0.05997392438070404,0.14458539954521377,112.0,0.991150442477876,113.0,0.9741379310344828,116.0,1.0265486725663715,0.09664948453608248,1.1271186440677967,118.0,1.4936708860759491,79.0,0.541095890410959,146.0,1.3644859813084111,163.0,-0.0041010816573575,0.4430817140017536,70.0,93.0,0.5574023041171962,-0.1343257574345964,0.5855237683665871,-1.121196675574859,0.3406342534692355,0.39,0.285,0.435,0.48,0.755,2,12.642071,-3.1429014
0.08213820078226858,0.14279653983068039,130.0,1.0,130.0,1.0655737704918034,122.0,0.953125,0.10695876288659793,1.1370967741935485,124.0,1.0420168067226891,119.0,1.072072072072072,111.0,0.7350993377483444,169.0,-0.0998360540012877,0.48319860775977197,71.0,98.0,0.5277170962108041,0.7620848595820108,0.3113761130998534,0.0510289127402224,0.4980734136244663,0.585,0.615,0.64,0.795,0.695,2,8.8974,-25.421879
0.11994784876140809,0.27777071281778976,95.0,0.375494071146245,253.0,1.7816901408450705,142.0,0.9161290322580644,0.18298969072164947,1.2269938650306749,163.0,1.7157894736842103,95.0,0.4656862745098039,204.0,1.6585365853658536,210.0,-0.339504060910522,0.3041924272818524,70.0,140.0,0.279414561006568,-0.2909903408919845,0.3792018223243333,-0.0229315451224331,0.0627043604228544,0.27,0.25,0.33,0.39,0.395,2,-10.528391,1.4805577
0.0938722294654498,0.13583986316305052,144.0,0.993103448275862,145.0,1.0069444444444444,144.0,1.0434782608695652,0.1791237113402062,1.3586206896551725,145.0,1.0507246376811594,138.0,1.0147058823529411,136.0,1.0,194.0,-0.1078527926882147,0.3529533787734051,57.0,137.0,0.6405745305487743,0.054231117622445,0.659116917501555,-0.4903342525190664,-0.43184052331784,0.28,0.245,0.3,0.345,0.52,2,19.538353,-3.6131182
0.06388526727509779,0.13451751966424486,121.0,1.0341880341880345,117.0,1.0,117.0,1.0263157894736843,0.12242268041237113,1.6105263157894736,95.0,0.6690140845070423,142.0,1.1735537190082646,121.0,1.5125,162.0,-0.213434410907333,0.5249371699245943,55.0,107.0,0.5136834805395948,0.1528253018123263,0.2834404649107635,0.7344804801109177,0.7344804801109177,0.565,0.465,0.6,0.615,0.615,2,8.942356,-26.46691
0.10299869621903521,0.14557921049773231,144.0,1.0285714285714285,140.0,0.9859154929577464,142.0,0.9659863945578232,0.18298969072164947,1.4285714285714286,140.0,0.9929078014184396,141.0,0.9657534246575342,146.0,0.948051948051948,195.0,-0.202366484179636,0.30769381008120816,55.0,140.0,0.3394485245759024,-0.1170126593821485,0.6269123613186086,-0.5067356180755285,-0.4889357066381252,0.15,0.23,0.285,0.335,0.34,2,7.2903733,27.47528
0.1864406779661017,0.1884909213106913,171.0,1.062111801242236,161.0,1.0125786163522013,159.0,0.9298245614035088,0.19716494845360824,2.0485436893203883,103.0,0.4204081632653061,245.0,1.3387978142076502,183.0,1.6194690265486726,221.0,-0.1538240462107659,0.4831994936098735,74.0,147.0,0.823459213722902,-0.3983058680056033,0.8113075409972615,-0.4689898540919174,-0.413575760311926,0.315,0.27,0.335,0.38,0.385,2,25.168016,-3.7876468
0.3363754889178618,0.3443855703771105,162.0,0.680672268907563,238.0,2.2452830188679247,106.0,0.5221674876847291,0.22293814432989692,2.008695652173913,115.0,0.5,230.0,1.7557251908396947,131.0,0.4763636363636364,247.0,-0.2113510816344081,0.433144324682926,86.0,161.0,0.6276029326124115,-0.4159218785287947,0.6884646289183246,-0.6194205792650976,-0.5497183068711503,0.32,0.29,0.35,0.4,0.615,2,23.11324,1.8102205
0.1303780964797914,0.053973692138382164,300.0,1.8633540372670807,161.0,0.543918918918919,296.0,1.761904761904762,0.18298969072164947,0.6329113924050633,316.0,1.0326797385620916,306.0,0.977635782747604,313.0,1.0296052631578947,216.0,-1.4206184569227724,0.4032903501725253,76.0,140.0,0.1577625031540477,-1.4014028969836263,0.23567728191360515,-1.639428848622178,-1.4517150049731071,0.315,0.265,0.36,0.455,0.4,2,-13.680475,-3.5357745
0.09126466753585398,0.15358473995525107,130.0,1.0833333333333333,120.0,0.916030534351145,131.0,1.1391304347826088,0.15463917525773196,1.6330275229357798,109.0,0.7676056338028169,142.0,1.5434782608695652,92.0,0.5859872611464968,206.0,-0.1218224808153408,0.26019041585336805,82.0,124.0,0.44815095853878484,0.3759517634779748,0.1910848164070721,0.2075039340830496,0.43,0.56,0.59,0.62,0.685,0.635,2,-9.375804,-22.88835
0.06910039113428944,0.173619968758025,104.0,1.4647887323943662,71.0,0.4034090909090909,176.0,2.022988505747126,0.11855670103092783,1.829268292682927,82.0,0.5324675324675324,154.0,1.2622950819672132,122.0,1.5061728395061729,161.0,0.3339779864784837,0.5476859101304425,56.0,105.0,0.6742173703871943,0.732176121280366,0.4618728785533726,0.4353260439041684,1.1803024053114612,0.58,0.475,0.615,0.755,0.64,2,16.884949,-19.235727
0.0560625814863103,0.0504773482884863,204.0,1.8053097345132745,113.0,1.2150537634408602,93.0,0.4189189189189189,0.16108247422680413,1.5913043478260869,115.0,0.625,184.0,1.7358490566037736,106.0,0.6463414634146342,203.0,-0.1001086295858686,0.4297607798390719,75.0,128.0,0.5219477840005283,0.5461045234786257,0.28494806509942433,0.6593568923649201,0.6877622519747812,0.58,0.57,0.615,0.635,0.64,2,2.888562,-21.995888
0.17079530638852672,0.13786175441127793,203.0,1.0099502487562189,201.0,0.9095022624434388,221.0,0.8532818532818532,0.11469072164948453,0.6591928251121076,223.0,0.961206896551724,232.0,1.0175438596491229,228.0,0.9539748953974896,175.0,-0.8030999113999095,0.2621187939555156,73.0,102.0,0.10972813479569149,-0.8409763894615976,0.1887854375226324,-0.6782907070192623,-0.3932932412832662,0.245,0.34,0.42,0.465,0.475,2,-14.156654,-3.6110036
0.07822685788787484,0.2251635915754181,90.0,0.5202312138728323,173.0,1.6320754716981132,106.0,0.5608465608465608,0.14948453608247422,1.831578947368421,95.0,0.5191256830601093,183.0,1.2281879194630871,149.0,0.9933333333333332,195.0,-0.1298525889128906,0.3986624287620857,74.0,121.0,0.4744350314491223,0.6659919295823636,0.27060174342362525,-0.1204714354523455,0.6673216740425529,0.535,0.59,0.6,0.77,0.615,2,-1.2602655,-29.428532
0.11734028683181226,0.14408084936931972,156.0,0.9936305732484076,157.0,0.9345238095238096,168.0,0.96,0.2422680412371134,1.4470588235294115,170.0,1.0429447852760736,163.0,1.5980392156862746,102.0,0.4473684210526316,225.0,-0.3194104701436571,0.5726218171128001,53.0,172.0,0.4901377201893079,-0.2925180108249823,0.43578512938997915,-2.2115336982992986,0.063748198556505,0.22,0.195,0.24,0.3,0.405,2,16.872301,-21.57494
0.05867014341590613,0.08269085342235828,160.0,1.3793103448275863,116.0,0.6823529411764706,170.0,1.4782608695652173,0.15077319587628865,1.4830508474576272,118.0,0.6704545454545454,176.0,1.6923076923076923,104.0,0.7074829931972789,198.0,0.024752371737637,0.409642691474621,76.0,122.0,0.5497503557768574,0.7631598046754884,0.2948300973207413,0.0616989092664226,0.6182219229937765,0.585,0.615,0.635,0.785,0.665,2,2.8606565,-21.886335
0.048239895697522815,0.06721453895794002,167.0,1.403361344537815,119.0,1.5256410256410255,78.0,0.5098039215686274,0.1134020618556701,1.226890756302521,119.0,1.5657894736842106,76.0,0.4903225806451612,155.0,1.2916666666666667,165.0,0.0009252849041615,0.3364421843774041,63.0,102.0,0.5858287052193628,0.0234836968582564,0.5871178603137763,-1.0687405641044003,0.0701737626744711,0.345,0.25,0.385,0.43,0.665,2,10.492736,-1.0298872
0.14993481095176012,0.2897215510510233,105.0,0.6521739130434783,161.0,1.4,115.0,0.5476190476190477,0.15463917525773196,1.2108843537414966,147.0,1.072992700729927,137.0,0.7965116279069767,172.0,1.849462365591397,191.0,-0.0352046373977253,0.46391578173244874,67.0,124.0,0.5152366119600135,-2.2283521296203146,0.34587698466037636,0.7429547258183584,0.7429547258183584,0.495,0.35,0.555,0.575,0.575,2,3.3538535,-35.68238
0.12777053455019557,0.24853802517865442,108.0,0.8120300751879699,133.0,1.2912621359223302,103.0,0.6094674556213018,0.11597938144329897,1.3333333333333333,111.0,1.11,100.0,0.5076142131979695,197.0,1.7747747747747749,174.0,-0.1071536832384141,0.3957198124421564,71.0,103.0,0.4989002730810415,-1.952217083921402,0.261619853378092,0.656649941876838,0.656649941876838,0.585,0.415,0.62,0.64,0.64,2,-1.4365753,-31.860188
0.12777053455019557,0.20904205442049772,124.0,0.6850828729281768,181.0,1.448,125.0,0.9765625,0.14175257731958762,0.8842105263157894,190.0,1.0982658959537572,173.0,1.7128712871287128,101.0,0.4926829268292683,185.0,-0.3220053086775546,0.29544139230998384,68.0,117.0,0.26230342544015856,-0.2899923209483227,0.3452496927669204,0.0538948677773168,0.1603177548562046,0.275,0.27,0.365,0.43,0.435,2,-10.880308,0.876543
0.11603650586701435,0.16411061302512084,141.0,1.036764705882353,136.0,0.9315068493150684,146.0,0.9668874172185432,0.21005154639175258,1.5241379310344827,145.0,0.9863945578231292,147.0,0.91875,160.0,1.0,209.0,-0.0314581215579776,0.5784842167379497,55.0,154.0,0.6022876807973517,-2.0168722738115337,0.480364219777265,-0.0589706078626199,0.0871826981358478,0.475,0.325,0.535,0.675,0.63,2,18.055243,-20.498404
0.06388526727509779,0.1978383772009387,91.0,0.6363636363636364,143.0,1.181818181818182,121.0,1.0083333333333333,0.0979381443298969,1.1074380165289257,121.0,1.043103448275862,116.0,1.1485148514851484,101.0,1.2469135802469136,164.0,0.0282482487306145,0.333707510416941,71.0,93.0,0.6205999422044305,0.0198066157193425,0.5356663878699489,-1.1588251058917822,0.1511200361160438,0.35,0.265,0.385,0.435,0.68,2,13.391341,-5.103057
0.1303780964797914,0.13363757809226942,175.0,1.6203703703703705,108.0,0.4186046511627907,258.0,2.015625,0.21649484536082475,1.30635838150289,173.0,0.9351351351351352,185.0,1.1490683229813663,161.0,0.9817073170731708,239.0,-0.2756683071029196,0.48573828510625744,81.0,158.0,0.6831151291798948,-0.3676412747514417,0.7507173627855522,-0.621389611212011,-0.621389611212011,0.31,0.275,0.34,0.385,0.385,2,22.806664,-3.7028358
0.20990873533246415,0.3577199033513473,110.0,0.6547619047619048,168.0,1.4867256637168142,113.0,0.6686390532544378,0.15335051546391754,1.6857142857142855,105.0,0.75,140.0,1.4,100.0,0.5524861878453039,212.0,-0.059141666188093,0.4038222673588723,89.0,123.0,0.5288634151768716,0.7602599561914838,0.29493881374910685,-0.0365591090611385,-0.0125806100710725,0.6,0.64,0.645,0.8,0.78,2,-1.1803774,-36.786617
0.11473272490221642,0.2439452677670153,103.0,0.5953757225433526,173.0,1.3307692307692307,130.0,0.8227848101265823,0.16237113402061856,1.2867132867132869,143.0,1.0916030534351144,131.0,1.1101694915254237,118.0,0.8428571428571429,213.0,-0.0589432285266577,0.33872349202044943,85.0,128.0,0.4628230317923416,0.4969635622278598,0.21595414126319915,3.158927914628782e-05,0.3498612290721012,0.62,0.65,0.66,0.765,0.7,2,-4.6903334,-31.058771
0.0651890482398957,0.14628092744855412,115.0,1.0087719298245614,114.0,1.008849557522124,113.0,0.9741379310344828,0.10438144329896908,1.1779661016949152,118.0,0.9833333333333332,120.0,1.0526315789473684,114.0,1.425,162.0,-0.134949855050086,0.6469273240209095,65.0,97.0,0.8218258099767014,-0.0296244052884458,0.7508286476553315,-1.06941314026,-0.4499848268374046,0.37,0.305,0.41,0.65,0.5,2,27.342218,-5.1983256
0.07040417209908735,0.24931294612390942,79.0,0.5266666666666666,150.0,1.2605042016806722,119.0,0.967479674796748,0.125,1.25,124.0,1.0508474576271187,118.0,1.5945945945945943,74.0,0.4596273291925465,164.0,-0.1625359932813832,0.5271015796375191,56.0,108.0,0.5416379142453164,0.253594714658765,0.30754101168560705,-0.1182352585832271,0.6054997783285199,0.565,0.465,0.6,0.755,0.635,2,12.802737,-31.371723
0.06649282920469361,0.27079939051507,72.0,0.4337349397590361,166.0,1.328,125.0,1.0593220338983051,0.13788659793814434,1.3865546218487397,119.0,1.0084745762711864,118.0,1.6619718309859155,71.0,0.4277108433734939,166.0,-0.0410242115472042,0.5311505827893547,51.0,115.0,0.3268390880066068,-0.5819663304156149,0.34583148949766895,-1.985517595134174,0.4165121631402451,0.24,0.135,0.31,0.365,0.515,2,11.071986,-40.34421
0.06910039113428944,0.19552082615376992,95.0,0.6643356643356644,143.0,1.153225806451613,124.0,1.0420168067226891,0.14690721649484537,2.023529411764706,85.0,0.5379746835443038,158.0,1.3859649122807018,114.0,0.8507462686567164,172.0,-0.0781654392580743,0.532629676500821,52.0,120.0,0.5557433342470546,-2.2225799054478337,0.3477732080350828,-0.024033260058149,0.0243183892607075,0.515,0.315,0.56,0.7,0.67,2,13.520235,-28.436256
0.1121251629726206,0.2720560804937387,93.0,0.6838235294117647,136.0,1.1333333333333333,120.0,1.0,0.1095360824742268,1.181818181818182,121.0,1.0341880341880345,117.0,1.231578947368421,95.0,0.6737588652482269,168.0,-0.2204454857625268,0.3408279807366528,68.0,100.0,0.5482854913540928,-0.1969907418882029,0.5183879317192623,-1.1635604823632415,-0.2218225471088895,0.37,0.29,0.41,0.455,0.695,2,11.221981,-6.2901106
0.08344198174706649,0.15410674963869797,124.0,0.8671328671328671,143.0,0.934640522875817,153.0,1.1417910447761197,0.1791237113402062,1.7433628318584071,113.0,0.7583892617449665,149.0,0.9085365853658536,164.0,1.197080291970803,216.0,-1.0415515214562037,0.6121093015774607,79.0,137.0,0.5826764475337074,-0.785179669626175,0.44042508225106997,1.0043380439865783,1.126802122564864,0.325,0.25,0.345,0.365,0.37,2,17.481968,-20.484879
0.07170795306388526,0.2867115636252544,71.0,0.4277108433734939,166.0,1.3949579831932772,119.0,0.9754098360655736,0.125,1.24,125.0,1.0416666666666667,120.0,1.6216216216216215,74.0,0.4596273291925465,164.0,-0.2396695084594514,0.5237908811754286,56.0,108.0,0.5153689179653618,0.1897097286544901,0.2894167643842319,-0.1990241279254745,0.1199538703065137,0.565,0.465,0.61,0.765,0.685,2,12.432677,-33.174976
0.08344198174706649,0.09503814559150973,172.0,1.3129770992366412,131.0,1.048,125.0,0.8064516129032258,0.16494845360824742,1.0054054054054054,185.0,1.2012987012987013,154.0,1.2125984251968505,127.0,0.9338235294117648,179.0,-0.2341459294747448,0.14219276786213686,49.0,130.0,0.38948808329820483,0.1956780655662942,0.11066894784304089,-0.2396788767006667,0.1603963462760276,0.475,0.505,0.515,0.66,0.53,2,-13.224253,-21.19738
0.14993481095176012,0.15949256383299207,168.0,1.0059880239520955,167.0,1.5321100917431192,109.0,0.5190476190476191,0.17268041237113402,1.2,160.0,1.0126582278481011,158.0,0.8926553672316384,177.0,0.917098445595855,208.0,-0.0163470282606756,0.296874725652699,74.0,134.0,0.5289521630532191,-0.0839413985223507,0.49816729255900244,-0.423801056855679,0.8785438155549892,0.335,0.31,0.36,0.455,0.39,2,5.969462,-5.2488704
0.06649282920469361,0.23796387664385707,80.0,0.5298013245033113,151.0,1.26890756302521,119.0,1.0084745762711864,0.12628865979381443,1.3109243697478992,119.0,1.0258620689655171,116.0,1.432098765432099,81.0,0.5328947368421053,165.0,-0.0482576978062916,0.5671048369140046,56.0,109.0,0.6028552160506053,0.4022680352784458,0.3547967519312079,-0.014980877064081,0.717506336843099,0.575,0.47,0.615,0.77,0.65,2,14.967375,-28.729017
0.0651890482398957,0.23184200117634274,81.0,0.5094339622641509,159.0,1.3140495867768596,121.0,1.0341880341880345,0.12628865979381443,1.3,120.0,1.0084033613445378,119.0,1.4337349397590362,83.0,0.5424836601307189,162.0,-0.1636340340173649,0.5385527656457492,53.0,109.0,0.5448326927206365,0.271118998906405,0.2976538771603187,-0.0860586732131368,0.1653258908304696,0.57,0.46,0.605,0.73,0.685,2,12.502118,-31.19587
0.12385919165580182,0.12077980488257703,182.0,0.994535519125683,183.0,1.1806451612903226,155.0,0.775,0.22164948453608246,2.017543859649123,114.0,0.4730290456431535,241.0,2.2523364485981308,107.0,0.4652173913043478,242.0,-0.0646338224197006,0.44551476767284937,81.0,161.0,0.6370112368577234,-0.3320280376625446,0.8018348323917003,-0.5103336556724694,-0.4689006606201134,0.305,0.275,0.335,0.39,0.58,2,22.842398,-3.450212
0.1395045632333768,0.16308537912462878,158.0,0.9575757575757576,165.0,1.0714285714285714,154.0,1.1,0.04381443298969072,0.368,250.0,2.4752475247524752,101.0,0.4549549549549549,222.0,1.5,161.0,0.0775404518838041,0.4827628949399766,97.0,64.0,0.5575519550558433,0.8589142191400929,0.3697393760166346,0.7183807351567585,0.7183807351567585,0.815,0.87,0.895,0.92,0.92,2,12.33448,-26.294127
0.010430247718383311,0.030318062341422633,171.0,1.9,90.0,0.6164383561643836,146.0,1.2586206896551724,0.12242268041237113,1.9615384615384612,78.0,0.5098039215686274,153.0,1.7,90.0,0.6122448979591837,162.0,-0.389400484512848,0.5887148416771137,55.0,107.0,0.46912294238966096,0.1206445269012757,0.261324046861251,-0.3173364517202476,0.3404135301936931,0.565,0.465,0.625,0.765,0.68,2,7.0686727,-23.882177
0.11473272490221642,0.2439452677670153,103.0,0.6242424242424243,165.0,1.75531914893617,94.0,0.5136612021857924,0.17010309278350516,1.3286713286713288,143.0,1.0,143.0,0.9407894736842104,152.0,0.9806451612903224,202.0,-0.0455795306500875,0.4395444878913192,69.0,133.0,0.5138053807780368,0.4701070248879729,0.32228744189826536,0.7041451781366274,0.7041451781366274,0.505,0.485,0.555,0.57,0.57,2,2.274625,-33.091633
0.19426336375488917,0.3431488278584207,108.0,0.6923076923076923,156.0,1.4054054054054057,111.0,0.676829268292683,0.12757731958762886,1.353448275862069,116.0,0.5858585858585859,198.0,1.559055118110236,127.0,0.7514792899408284,183.0,-0.0579361434253946,0.3579003860151096,74.0,109.0,0.47450100474591383,-1.7603690042854705,0.2634778148502618,-0.0090692162346114,0.5603848027544586,0.565,0.405,0.635,0.755,0.66,2,-2.458085,-36.0996
0.20990873533246415,0.2297418723710205,159.0,0.9754601226993864,163.0,0.953216374269006,171.0,1.0426829268292683,0.16623711340206185,1.2986111111111112,144.0,0.935064935064935,154.0,0.9935483870967742,155.0,1.0763888888888888,195.0,-0.3379349568609973,0.6545017649743798,65.0,130.0,0.9595928220298453,-0.2939121614201979,0.8332465385216844,-0.9258999851783704,-0.4119490172212736,0.315,0.24,0.335,0.455,0.39,2,29.423336,-4.974538
0.242503259452412,0.2969136844674037,143.0,0.4814814814814814,297.0,2.076923076923077,143.0,0.6441441441441441,0.21262886597938144,2.0458715596330275,109.0,0.4467213114754098,244.0,1.8345864661654128,133.0,0.5277777777777778,251.0,-0.0712377824844572,0.4851237585775038,95.0,156.0,0.6874600574595789,-0.2638280316058946,0.8281047145668136,-0.4550643641790682,-0.3068921214081155,0.345,0.31,0.38,0.43,0.655,2,24.71364,-0.35702506
0.12646675358539766,0.25838439830822285,104.0,0.6887417218543046,151.0,1.290598290598291,117.0,0.7358490566037735,0.1404639175257732,1.4273504273504274,117.0,0.8357142857142857,140.0,1.443298969072165,97.0,0.6736111111111112,195.0,-0.0791875340989437,0.506698666455361,79.0,116.0,0.5566203978957666,0.8034265431187334,0.31042780471554465,-0.0720668439913315,0.5978655615696462,0.62,0.665,0.67,0.795,0.7,2,5.427966,-34.267044
0.11603650586701435,0.30169663033544,87.0,0.5838926174496645,149.0,1.2416666666666667,120.0,0.9917355371900828,0.10051546391752578,1.1724137931034482,116.0,0.9666666666666668,120.0,1.1538461538461535,104.0,1.4647887323943662,162.0,-0.230361139595366,0.30242764510226516,67.0,95.0,0.48953922719034554,-0.1986683417085427,0.44774171886093317,-1.1818316466081835,-0.162877756834208,0.375,0.295,0.415,0.465,0.725,2,7.8457794,-7.980163
0.08344198174706649,0.13831104084498475,134.0,1.0,134.0,0.978102189781022,137.0,0.9133333333333332,0.09149484536082474,1.0403225806451613,124.0,0.9117647058823528,136.0,1.6385542168674698,83.0,0.9325842696629212,184.0,-0.15777377151978,0.06471542158544608,94.0,90.0,0.34678551253222845,-0.1421346642130359,0.10681127349927969,-0.1081741780312176,0.170435160327029,0.665,0.6,0.715,0.82,0.73,2,-15.552284,-21.817926
0.01955671447196871,0.05124483205641493,151.0,1.51,100.0,0.746268656716418,134.0,1.1452991452991452,0.10824742268041238,1.2136752136752136,117.0,1.5,78.0,0.5131578947368421,152.0,1.4615384615384617,162.0,-0.4040839101341428,0.3655977300463565,63.0,99.0,0.24622887403237936,-0.3780218872692472,0.46319098168528033,-1.6412647361219217,-0.1740267527809788,0.295,0.28,0.395,0.44,0.7,2,-4.4454217,5.0628815
0.11082138200782268,0.3328743515493059,78.0,0.490566037735849,159.0,1.3140495867768596,121.0,1.0521739130434782,0.12371134020618557,1.3275862068965518,116.0,1.0175438596491229,114.0,1.5616438356164384,73.0,0.4506172839506173,163.0,-0.3655995370613586,0.5512055102041499,56.0,107.0,0.4980449302378632,0.008037032252685,0.2535962192031308,-0.2497989949748742,-0.016826964033035,0.575,0.475,0.615,0.725,0.695,2,8.196135,-35.40948
0.04432855280312908,0.11107409422628818,120.0,0.5607476635514018,214.0,0.9469026548672568,226.0,1.04147465437788,0.08505154639175258,0.5714285714285714,217.0,1.9908256880733943,109.0,0.981981981981982,111.0,0.9823008849557522,153.0,-0.5233170582962908,0.9651332678833167,67.0,86.0,0.587497979490994,-0.8112438881214752,0.7879807251127212,-2.2342755676162693,2.025977231989481,0.47,0.435,0.51,0.72,0.535,2,38.868965,-5.030263
0.14732724902216426,0.24048897779461986,121.0,0.4782608695652174,253.0,2.1260504201680672,119.0,0.476,0.26804123711340205,1.7615894039735098,151.0,0.5373665480427047,281.0,2.2301587301587302,126.0,0.586046511627907,279.0,-0.1334965653777005,0.3964642380148314,93.0,186.0,0.6600932196191533,-0.3359018541312982,0.71843602843178,-0.5111251259356994,-0.3972050781193886,0.305,0.275,0.335,0.395,0.585,2,22.159555,-1.3077796
0.15384615384615385,0.24876799796105545,121.0,1.0254237288135593,118.0,0.9915966386554622,119.0,0.9754098360655736,0.1327319587628866,1.288,125.0,1.024590163934426,122.0,1.525,80.0,0.5,168.0,-0.243947865394173,0.5465659655370341,56.0,112.0,0.49188938239977414,0.2504871135476507,0.27653344992797657,-0.1505908507036392,-0.1505908507036392,0.535,0.465,0.58,0.725,0.725,2,7.889128,-33.558914
0.09126466753585398,0.24079494158337944,92.0,0.46,200.0,0.8658008658008658,231.0,1.0176211453744493,0.11211340206185567,1.4646464646464648,99.0,0.4876847290640394,203.0,0.7574626865671642,268.0,1.3333333333333333,179.0,-0.0798401370350959,0.3130226604297164,78.0,101.0,0.5309500167943593,-0.8781749891099646,0.33647713965898907,0.8823720220827092,-0.0456379240927214,0.665,0.45,0.705,0.715,0.83,2,6.02962,-10.287111
0.1421121251629726,0.27827284887800957,105.0,0.6481481481481481,162.0,1.6363636363636365,99.0,0.678082191780822,0.12886597938144329,1.5192307692307692,104.0,0.611764705882353,170.0,1.619047619047619,105.0,0.5898876404494382,182.0,-0.0888344674134871,0.5016400820078695,72.0,110.0,0.5551672297563317,0.8086060991923432,0.3074501692332147,-0.0696089933315983,0.5599750742714814,0.575,0.64,0.65,0.81,0.695,2,5.1245704,-34.715336
0.121251629726206,0.2073728971288777,121.0,0.7202380952380952,168.0,1.5272727272727271,110.0,0.6962025316455697,0.16494845360824742,1.5630252100840336,119.0,1.072072072072072,111.0,0.5414634146341464,205.0,2.0297029702970297,206.0,-0.1463016694847934,0.4741837297399433,76.0,130.0,0.5330469890252233,-2.257453816140244,0.28320989976705674,-0.1567423844633958,0.7201052175817513,0.555,0.375,0.59,0.765,0.605,2,3.212674,-31.564552
0.0560625814863103,0.08193002194883522,158.0,1.5192307692307692,104.0,0.611764705882353,170.0,1.452991452991453,0.18943298969072164,2.0297029702970297,101.0,0.5738636363636364,176.0,1.5714285714285714,112.0,0.6021505376344086,220.0,-0.0747887329055899,0.23902222388034772,77.0,143.0,0.3140115996722597,-0.3658444996570303,0.29715463113198215,-0.725769880971201,-0.1786524026236029,0.185,0.32,0.355,0.385,0.555,2,-16.350657,-0.2829434
0.03780964797913951,0.04158765206408991,194.0,1.5396825396825398,126.0,1.0327868852459017,122.0,0.9172932330827068,0.19072164948453607,1.6747967479674797,123.0,0.9761904761904762,126.0,0.8689655172413793,145.0,1.1068702290076335,211.0,-0.3381659304049691,0.26913336647693226,67.0,144.0,0.5117215969579557,-0.3632255671772109,0.3713606359081762,-0.1963157152404829,-0.1214778290514605,0.295,0.24,0.315,0.375,0.38,2,-3.2466037,-19.375141
0.06258148631029987,0.14106936493388952,116.0,1.3975903614457832,83.0,0.5533333333333333,150.0,1.3043478260869563,0.14561855670103094,1.9655172413793105,87.0,0.6,145.0,1.2083333333333333,120.0,1.0169491525423728,184.0,-0.2162224654791164,0.43508208185288705,65.0,119.0,0.2771776028253223,-0.2758257164040671,0.46878285141614595,-1.461666452062488,-0.4713087275931651,0.19,0.25,0.355,0.42,0.615,2,-4.4168196,3.4292948
0.08083441981747067,0.16147344803665617,118.0,0.975206611570248,121.0,0.8768115942028986,138.0,0.9857142857142858,0.14304123711340205,1.396694214876033,121.0,0.9097744360902256,133.0,0.9366197183098592,142.0,0.9726027397260274,188.0,-0.1934283306285699,0.34252888024866496,70.0,118.0,0.591302149342732,-0.1515714828643121,0.4173182824875041,-0.8793214595588663,-0.3771817023936744,0.325,0.245,0.365,0.545,0.635,2,7.5049906,-4.7365146
0.11082138200782268,0.13641589371514726,157.0,1.1056338028169015,142.0,1.0441176470588236,136.0,0.951048951048951,0.11597938144329897,0.9866666666666668,150.0,1.0638297872340423,141.0,1.1015625,128.0,1.0491803278688523,194.0,-0.1072833717761664,0.3913156445370812,91.0,103.0,0.47786835660190985,0.2753253659989887,0.23088518950462833,-0.0135723884590717,0.5306558586247279,0.655,0.615,0.7,0.8,0.715,2,-3.3513536,-26.612217
0.07170795306388526,0.25184905103565297,79.0,0.5031847133757962,157.0,1.286885245901639,122.0,1.0252100840336134,0.1327319587628866,1.3529411764705883,119.0,1.0084745762711864,118.0,1.5945945945945943,74.0,0.4378698224852071,163.0,-0.0724449874974265,0.5234270853562031,51.0,112.0,0.532803929000993,0.3602920876276627,0.3366985808848703,-0.0004760885962712,0.8429220984251322,0.575,0.495,0.625,0.77,0.645,2,13.406001,-31.009697
0.07692307692307693,0.15107555999711594,121.0,1.3595505617977528,89.0,0.5426829268292683,164.0,1.108108108108108,0.18943298969072164,1.752136752136752,117.0,0.785234899328859,149.0,1.0567375886524824,141.0,1.0522388059701493,213.0,-0.2019275179117139,0.2780284093735351,70.0,143.0,0.28487908246736704,-0.1953057637350118,0.4104292080166684,0.1342336210645783,0.263687027688782,0.22,0.245,0.33,0.385,0.39,2,-8.969833,3.8940706
0.020860495436766623,0.048362977320790035,157.0,1.3418803418803418,117.0,1.0086206896551724,116.0,0.9666666666666668,0.03608247422680412,0.5212121212121212,165.0,1.3636363636363635,121.0,1.2346938775510203,98.0,0.3967611336032389,128.0,-0.43193214240604,0.42059291864796206,68.0,60.0,0.3374988374640705,-0.3586702798228026,0.4339142583954653,-1.560573911494597,-0.4086129110845304,0.44,0.36,0.54,0.605,0.91,2,-2.1117835,3.663122
0.05736636245110821,0.04885144783681171,209.0,1.393333333333333,150.0,0.974025974025974,154.0,0.9871794871794872,0.19974226804123713,1.4013157894736843,152.0,0.9559748427672956,159.0,1.0192307692307692,156.0,1.0263157894736843,202.0,-0.2146831337781258,0.4342344559152768,53.0,149.0,0.26375208898984603,-0.1639179306755221,0.4508953110504009,-1.760840134846997,0.37749454485746,0.16,0.22,0.27,0.31,0.47,2,-4.1885448,4.3470583
0.01694915254237288,0.0485911593673058,151.0,1.8875,80.0,0.5161290322580645,155.0,1.845238095238096,0.09536082474226804,1.1092436974789917,119.0,1.4875,80.0,0.5194805194805194,154.0,1.925,167.0,-0.2564635172342502,0.37468247033411417,75.0,92.0,0.558355690514882,-0.2084388273743204,0.4586006401603451,-1.620633398973347,-0.0381909547738693,0.375,0.27,0.41,0.455,0.72,2,8.753392,-1.3803271
0.11994784876140809,0.14279653983068039,159.0,1.358974358974359,117.0,0.7647058823529411,153.0,1.3421052631578947,0.05154639175257732,0.460093896713615,213.0,1.6904761904761905,126.0,0.6086956521739131,207.0,1.1828571428571428,135.0,-0.1351295690311524,0.10434176948480436,67.0,68.0,0.31887246757310705,-0.4307612623287581,0.16546940555923392,-0.8419708374453418,0.0062207347013886,0.265,0.455,0.505,0.555,0.88,2,-15.633094,-22.312855
0.20730117340286833,0.35036873012969066,111.0,0.9823008849557522,113.0,0.9741379310344828,116.0,1.0175438596491229,0.07087628865979381,1.1770833333333333,96.0,0.7559055118110236,127.0,1.2450980392156863,102.0,0.8225806451612904,160.0,0.0309915482070185,0.8055344028090723,81.0,79.0,0.821825525695581,-0.0314931096439751,0.9047420413010195,-0.6096394847286325,-0.0388048973204666,0.45,0.405,0.51,0.565,0.845,2,33.649364,-3.1294837
0.06910039113428944,0.18048657421213646,101.0,0.7163120567375887,141.0,1.165289256198347,121.0,1.0168067226890756,0.10309278350515463,1.15,120.0,1.0256410256410255,117.0,1.21875,96.0,0.6666666666666666,161.0,-0.1356737503232934,0.3391735552379239,65.0,96.0,0.6211378731822867,-0.1138698757404736,0.5337959632055402,-1.2542504433100623,-0.0442756248102225,0.375,0.285,0.405,0.45,0.685,2,13.385643,-5.0428367
0.20990873533246415,0.14728874359811853,223.0,2.064814814814815,108.0,1.0,108.0,0.9391304347826088,0.08118556701030928,0.5377777777777778,225.0,1.0135135135135136,222.0,1.0325581395348835,215.0,0.9267241379310344,156.0,-0.4265149137240403,0.9226419139158724,72.0,84.0,0.8122219778516098,-0.6952564165114665,0.8449680918154864,-1.3308758933500269,2.150837039361397,0.44,0.395,0.465,0.575,0.495,2,34.65612,-4.199611
0.07953063885267275,0.15977554729065838,118.0,0.944,125.0,1.146788990825688,109.0,0.8074074074074075,0.10824742268041238,1.1544715447154472,123.0,1.0982142857142858,112.0,1.009009009009009,111.0,0.9736842105263158,185.0,-0.1136027018185597,0.44561891677368604,86.0,99.0,0.5061907609151078,0.7309632424996537,0.29419056511106456,-0.0219357212913761,0.6874022764950862,0.645,0.685,0.695,0.84,0.725,2,2.5646312,-26.859415
0.06779661016949153,0.14622136526705198,117.0,1.0086206896551724,116.0,0.9747899159663864,119.0,1.0084745762711864,0.12242268041237113,1.9870129870129871,77.0,0.5032679738562091,153.0,1.8888888888888888,81.0,0.525974025974026,161.0,-0.1492475222842539,0.5718544943867734,54.0,107.0,0.5156435640284927,0.3152072783784279,0.33599590745724794,-0.0068606671825173,0.8212112010991008,0.54,0.485,0.605,0.73,0.625,2,10.8593025,-26.683388
0.21121251629726207,0.26328812563757326,143.0,0.5416666666666666,264.0,2.3157894736842106,114.0,0.5533980582524272,0.19329896907216496,1.94392523364486,107.0,0.4798206278026906,223.0,1.8739495798319328,119.0,0.5129310344827587,229.0,-0.1311420525724364,0.4076065310560838,84.0,145.0,0.6043068719406934,-0.2824392930503288,0.6790668325809467,-0.6696488625435688,-0.3017768576397762,0.34,0.305,0.37,0.46,0.655,2,21.919365,0.17547525
0.09647979139504563,0.156456923105299,132.0,0.7542857142857143,175.0,1.1290322580645162,155.0,1.5048543689320388,0.03221649484536082,0.3952380952380952,210.0,1.721311475409836,122.0,0.6630434782608695,184.0,1.2867132867132869,134.0,0.0388100835355645,0.12119961366686777,76.0,58.0,0.4390082067568291,0.3437342302176708,0.1673442773003927,0.2515776174794212,0.2746796936245253,0.47,0.49,0.5,0.515,0.52,2,-13.725165,-23.131332
0.04432855280312908,0.031196800446807463,228.0,1.5302013422818792,149.0,1.0,149.0,0.9675324675324676,0.18170103092783504,1.3724137931034484,145.0,1.4948453608247425,97.0,0.4663461538461538,208.0,1.32484076433121,211.0,-0.1604787376371408,0.20452940501043743,72.0,139.0,0.2949095246434489,-0.3327990255616749,0.4397232940385182,-0.6940841931158483,0.1772132676005622,0.18,0.305,0.34,0.385,0.585,2,-7.359972,7.625177
0.11864406779661017,0.15070518277914383,152.0,1.027027027027027,148.0,1.0277777777777777,144.0,1.0746268656716418,0.19716494845360824,2.089108910891089,101.0,0.5459459459459459,185.0,1.3120567375886525,141.0,1.068181818181818,235.0,-0.110779617999194,0.35477344837927766,88.0,147.0,0.4928891272691507,0.5733269306566926,0.23365700568681316,-0.1041352011095332,0.3397966391104236,0.57,0.605,0.61,0.735,0.65,2,-2.910638,-24.52011
0.1121251629726206,0.2113381120506968,114.0,0.4956521739130435,230.0,2.072072072072072,111.0,0.5068493150684932,0.19201030927835053,1.1828571428571428,175.0,1.1904761904761905,147.0,1.185483870967742,124.0,0.7607361963190185,232.0,-0.0870042497386817,0.37353541277387176,88.0,144.0,0.4911350895245079,0.5896855443563556,0.23669141042915437,-0.1044761569783511,0.4307408871862658,0.585,0.63,0.635,0.77,0.67,2,-2.5181735,-29.136711
0.29335071707953064,0.3080871774535662,160.0,1.0596026490066226,151.0,0.8579545454545454,176.0,1.266187050359712,0.19329896907216496,1.7627118644067796,118.0,0.59,200.0,1.7241379310344829,116.0,0.9133858267716536,222.0,-0.90653239084574,0.5629036343909545,77.0,145.0,0.1541396920115098,-0.6673694732763014,0.4038637621915747,0.9342162553370316,0.9936783065596736,0.19,0.24,0.325,0.345,0.35,2,-8.691607,-2.7406096
0.20990873533246415,0.3328743515493059,117.0,1.073394495412844,109.0,0.4954545454545455,220.0,1.9130434782608696,0.10051546391752578,0.5991189427312775,227.0,1.0179372197309418,223.0,1.9910714285714288,112.0,0.991150442477876,315.0,-0.1206922220949408,0.8258224738721155,220.0,95.0,0.5248836106845498,-0.5793968760356318,0.8944706722859948,-1.917415690708266,-0.5564530624491885,0.495,0.695,0.735,0.85,0.99,2,37.789978,-1.5506039
0.19556714471968709,0.33062680985668697,112.0,0.7724137931034483,145.0,1.4948453608247425,97.0,0.3745173745173745,0.15335051546391754,1.1721854304635762,151.0,1.6593406593406594,91.0,0.5083798882681564,179.0,1.2785714285714285,187.0,-0.2103934791681319,0.33643451667887586,64.0,123.0,0.5107630687372171,-0.2367670774513935,0.4607841370698377,0.0955298622039494,0.1839740518008783,0.305,0.24,0.34,0.4,0.405,2,6.777172,-8.815182
0.018252933507170794,0.055142413818543984,144.0,1.309090909090909,110.0,0.9482758620689656,116.0,1.008695652173913,0.1211340206185567,1.3333333333333333,114.0,1.008849557522124,113.0,1.0089285714285714,112.0,0.991150442477876,162.0,-0.2199207053120861,0.42433677620299004,56.0,106.0,0.7059286455476187,-0.2409618909337704,0.6267057351398948,-0.8527502533394294,-0.3017496054784283,0.33,0.25,0.355,0.4,0.455,2,19.352062,-5.5449967
0.10430247718383312,0.23118725513703642,102.0,0.5513513513513514,185.0,1.6517857142857142,112.0,0.6363636363636364,0.16108247422680413,1.2534246575342465,146.0,1.280701754385965,114.0,1.027027027027027,111.0,0.4319066147859922,193.0,-0.1159890844456132,0.31143292768584524,65.0,128.0,0.6344660959722158,-0.1178054097537842,0.5873705515232753,-0.3197145771055349,-0.3197145771055349,0.315,0.26,0.345,0.38,0.38,2,14.623333,-4.597535
0.07953063885267275,0.15264993104515936,122.0,0.8187919463087249,149.0,1.146153846153846,130.0,0.8227848101265823,0.11984536082474227,1.2583333333333333,120.0,0.7547169811320755,159.0,1.272,125.0,1.016260162601626,182.0,-0.0147424628073094,0.3730096314911913,77.0,105.0,0.5008752173944395,0.3340953194434838,0.2669236063607572,0.6773317701879369,0.6526294291898888,0.605,0.555,0.64,0.655,0.67,2,-2.6695657,-26.115704
0.13689700130378096,0.16054927421288523,158.0,0.9875,160.0,0.9195402298850576,174.0,1.0545454545454545,0.20231958762886598,1.3109756097560976,164.0,1.6565656565656566,99.0,0.3928571428571428,252.0,1.3621621621621622,222.0,-0.0771183774250907,0.22823220730373814,72.0,150.0,0.4101746769867996,0.0509698532401037,0.19643767128245232,0.4497825188130675,0.3393169002071446,0.465,0.435,0.53,0.54,0.565,2,-9.724173,-20.214943
0.07692307692307693,0.13514950593649186,131.0,0.9424460431654677,139.0,0.8853503184713376,157.0,1.0827586206896551,0.09020618556701031,1.1743119266055049,109.0,0.7364864864864865,148.0,1.2436974789915969,119.0,1.3837209302325582,144.0,-0.1307193727174683,0.11973005934088447,55.0,89.0,0.3887985683762864,-0.0572021276352106,0.1194565540301046,-0.13,0.1825103946723601,0.61,0.55,0.655,0.765,0.675,2,-14.365947,-22.00299
0.02346805736636245,0.058294214267959964,147.0,1.5978260869565215,92.0,0.6388888888888888,144.0,1.2,0.125,1.684782608695652,92.0,1.2266666666666666,75.0,0.423728813559322,177.0,2.132530120481928,166.0,-0.1098870062754058,0.6042871316398924,58.0,108.0,0.573027394051264,0.3532639205483012,0.36321030790236963,-0.0236221700592306,0.4167720433514942,0.57,0.475,0.615,0.76,0.685,2,9.082403,-22.095226
0.2503259452411995,0.3003148904180073,145.0,0.5776892430278885,251.0,2.024193548387097,124.0,0.5610859728506787,0.20618556701030927,1.786885245901639,122.0,0.4822134387351778,253.0,1.7692307692307692,143.0,0.4814814814814814,250.0,-0.2556731118339244,0.4868546085984145,98.0,152.0,0.6005174188196636,-0.4037643649531204,0.7738339270722908,-0.6529360348957288,-0.4046167549696523,0.36,0.33,0.395,0.44,0.445,2,24.000793,1.1873356
0.14732724902216426,0.25878996974147744,114.0,0.4653061224489795,245.0,2.4019607843137254,102.0,0.4358974358974359,0.23840206185567012,1.641891891891892,148.0,1.0,148.0,1.0136986301369864,146.0,0.9931972789115646,235.0,-0.2280394534912401,0.550079533901003,65.0,170.0,0.5773806682692888,-0.2507673977762402,0.5084319514685374,-2.064040349708275,0.0439802619047196,0.26,0.23,0.28,0.345,0.455,2,18.911747,-21.352348
0.11864406779661017,0.1840905228592986,131.0,0.8851351351351351,148.0,0.9866666666666668,150.0,1.0638297872340423,0.125,1.4351851851851851,108.0,0.7012987012987013,154.0,1.5098039215686274,102.0,0.6666666666666666,206.0,-0.1364633191747036,0.323191013324457,98.0,108.0,0.45128047467953436,0.4582811439860423,0.20705279305826566,-0.2069525495223037,-0.161412819321379,0.655,0.695,0.705,0.815,0.85,2,-5.1454315,-27.695253
0.05084745762711865,0.133771661991593,111.0,0.5162790697674419,215.0,0.9555555555555556,225.0,1.0321100917431192,0.06829896907216494,0.5186915887850467,214.0,0.9511111111111112,225.0,1.0227272727272727,220.0,2.1153846153846154,154.0,-0.3384760766105036,0.8472235935076838,77.0,77.0,0.6217007428448117,-0.5245484008737026,0.8882316422233685,-1.0923127181528438,2.3713852664409547,0.44,0.41,0.48,0.57,0.505,2,37.60282,-3.749939
0.10560625814863103,0.1189450769702351,168.0,0.8571428571428571,196.0,0.937799043062201,209.0,1.4315068493150684,0.15979381443298968,1.2297297297297298,148.0,0.8409090909090909,176.0,1.035294117647059,170.0,1.140939597315436,208.0,-0.6795293815182543,0.6115961628588366,81.0,127.0,0.6228551101709914,-0.5331825160623792,0.5261347661122618,1.2845518313819158,1.2845518313819158,0.335,0.255,0.36,0.385,0.385,2,18.393085,-19.02051
0.1590612777053455,0.15165188957776285,181.0,1.2569444444444444,144.0,1.0666666666666669,135.0,1.0714285714285714,0.2822164948453608,1.9236111111111112,144.0,1.125,128.0,1.28,100.0,0.4878048780487805,259.0,-0.2390798590458187,0.25629619341219434,66.0,193.0,0.28400291672688005,-0.218206879247321,0.4083287008066735,0.1369715421367697,0.2432130217251175,0.19,0.185,0.255,0.3,0.305,2,-11.202599,4.6786833
0.196870925684485,0.3094761744083804,119.0,0.5804878048780487,205.0,1.9339622641509435,106.0,0.53,0.18685567010309279,1.9333333333333331,105.0,0.4929577464788732,213.0,1.7899159663865547,119.0,0.4047619047619047,225.0,0.054950490505746,0.4056509069074857,83.0,142.0,0.7100935651677902,-0.2497554392057009,0.7657307784998042,-0.4668402889079991,-0.1652283139628264,0.345,0.3,0.37,0.43,0.645,2,23.576422,-0.04605045
0.05997392438070404,0.14458539954521377,112.0,0.9824561403508772,114.0,0.9661016949152542,118.0,1.0085470085470083,0.09664948453608248,1.1176470588235294,119.0,1.0347826086956522,115.0,1.0267857142857142,112.0,1.2444444444444445,162.0,-0.3061388456968186,0.3713005942453236,69.0,93.0,0.4941907012809459,-0.2826254975069132,0.4551873150852949,-1.7547118075264547,-0.2080942533447271,0.345,0.275,0.385,0.43,0.655,2,8.981989,-4.4942136
0.121251629726206,0.2073728971288777,121.0,0.9918032786885246,122.0,1.0,122.0,1.0517241379310345,0.12757731958762886,1.319327731092437,119.0,1.017094017094017,117.0,1.3928571428571428,84.0,0.5283018867924528,167.0,-0.046465555666372,0.5075836204297884,58.0,109.0,0.5668536033518881,0.3472006870087578,0.31610907430481605,0.06761272557394,0.0685915018626576,0.58,0.475,0.615,0.725,0.73,2,12.200085,-28.325094
0.08996088657105607,0.20194816772458468,105.0,0.6730769230769231,156.0,1.4054054054054057,111.0,0.6686746987951807,0.15463917525773196,1.8350515463917525,97.0,0.9797979797979798,99.0,0.8389830508474576,118.0,0.5130434782608696,202.0,-0.1051123654085434,0.4249464607729441,78.0,124.0,0.5062673358658049,0.1969664717299363,0.2731294182893039,-0.0653632519398304,0.5872517131627,0.55,0.49,0.595,0.72,0.63,2,0.21401615,-27.944918
0.07170795306388526,0.08132481509489643,176.0,1.5304347826086957,115.0,0.7278481012658228,158.0,1.196969696969697,0.20618556701030927,1.6029411764705883,136.0,0.9645390070921984,141.0,1.4242424242424243,99.0,0.6346153846153846,214.0,-0.3703390062067982,0.3068690084974885,62.0,152.0,0.24668715222008383,-0.3892937145021569,0.40405869501066316,-0.0287268156340051,0.0931475140202316,0.17,0.21,0.29,0.345,0.35,2,-7.428694,5.440778
0.07822685788787484,0.18477511446506406,105.0,0.6907894736842105,152.0,1.2881355932203389,118.0,0.4876033057851239,0.15206185567010308,1.7959183673469388,98.0,0.5536723163841808,177.0,1.5663716814159292,113.0,0.6384180790960452,197.0,-0.0365748794858774,0.3457716167804379,74.0,123.0,0.47345576542218665,0.6633412294240755,0.2777408543259558,0.6440056780939252,0.6440056780939252,0.52,0.57,0.575,0.59,0.59,2,-3.5883749,-25.635262
0.06388526727509779,0.1410841271124946,117.0,1.0353982300884956,113.0,0.9912280701754386,114.0,1.1287128712871286,0.14561855670103094,1.9,90.0,0.6164383561643836,146.0,1.2586206896551724,116.0,1.5064935064935066,171.0,0.0097561157674649,0.4983912937992276,52.0,119.0,0.5964860970653171,-1.9937771134383848,0.3599206299297309,0.0373720472007864,0.848718095546634,0.52,0.31,0.55,0.7,0.575,2,12.163373,-23.774641
0.03780964797913951,0.04641084450922693,185.0,1.5677966101694916,118.0,0.6941176470588235,170.0,1.4782608695652173,0.18170103092783504,1.9702970297029705,101.0,0.4975369458128079,203.0,1.068421052631579,190.0,1.1046511627906976,218.0,-0.2131079472236961,0.37263456835780856,79.0,139.0,0.45037341369822387,-2.0641646383894927,0.22829354649745434,-0.2130357768443671,-0.2130357768443671,0.525,0.365,0.585,0.72,0.72,2,-2.4039106,-21.96684
0.09908735332464146,0.18119739503599733,120.0,0.7407407407407407,162.0,1.396551724137931,116.0,0.6705202312138728,0.13402061855670103,1.542857142857143,105.0,0.625,168.0,1.435897435897436,117.0,0.7647058823529411,190.0,-0.1284244646011379,0.4625000909298886,77.0,113.0,0.5359237742878622,-2.182763816242594,0.29641716608229246,-0.1095331132540178,0.7582695832789978,0.59,0.405,0.625,0.8,0.64,2,3.9068954,-28.839825
0.05084745762711865,0.06380049483688563,175.0,1.699029126213592,103.0,0.6023391812865497,171.0,1.2573529411764706,0.13015463917525774,1.485981308411215,107.0,0.6993464052287581,153.0,1.457142857142857,105.0,0.5898876404494382,184.0,-0.3510452151007495,0.4527027863736547,73.0,111.0,0.6765700725575844,-0.4592141791087024,0.6496836870929327,-0.7176309565805957,-0.5312728670171502,0.375,0.29,0.4,0.445,0.695,2,19.575243,-5.4317145
0.1303780964797914,0.19213702867333285,134.0,1.0307692307692309,130.0,1.0,130.0,1.0,0.12886597938144329,1.5490196078431373,102.0,0.723404255319149,141.0,1.1370967741935485,124.0,1.0420168067226891,201.0,-0.1689028724481143,0.3595325633676088,91.0,110.0,0.4900449563614911,0.4124693672542628,0.2396155568783049,0.0372458084373935,0.3450860899840285,0.635,0.68,0.7,0.77,0.73,2,-3.6685486,-28.345453
0.1408083441981747,0.20606568341838788,133.0,1.015267175572519,131.0,1.0,131.0,0.891156462585034,0.18170103092783504,1.592,125.0,0.8680555555555556,144.0,1.0827067669172932,133.0,1.08130081300813,203.0,-0.2290664112023509,0.2794080111797829,64.0,139.0,0.5208934699777805,-0.233971722165254,0.3878729974684101,0.0502546234026738,0.0998722995278634,0.295,0.22,0.315,0.37,0.375,2,5.672502,-6.9432397
0.15384615384615385,0.30230030311490086,103.0,0.6518987341772152,158.0,1.5192307692307692,104.0,0.611764705882353,0.163659793814433,1.796116504854369,103.0,0.5659340659340659,182.0,1.7333333333333334,105.0,0.6521739130434783,210.0,-0.1309186227691857,0.3853201690305544,81.0,129.0,0.3920255378845786,0.2341406378493656,0.2851313892296658,0.5220911694669295,0.6151954520903495,0.335,0.505,0.53,0.545,0.565,2,-4.0455527,-33.2089
0.1421121251629726,0.14745589536620923,172.0,1.0886075949367089,158.0,0.9349112426035504,169.0,1.0628930817610065,0.19458762886597938,1.2981366459627328,161.0,0.9938271604938272,162.0,0.9310344827586208,174.0,1.392,223.0,-0.1124291526693525,0.4320283861371454,77.0,146.0,0.6611508070837071,-0.4739627765730032,0.7409345748154833,-0.5702216224410399,-0.3885136245974783,0.32,0.28,0.345,0.41,0.61,2,22.155146,-3.2950208
0.09778357235984354,0.18152009129822677,119.0,1.469135802469136,81.0,0.5436241610738255,149.0,1.839506172839506,0.08634020618556701,1.0593220338983051,118.0,1.0350877192982455,114.0,1.2127659574468086,94.0,0.6861313868613139,159.0,-0.3090457576262173,0.3858393596500279,72.0,87.0,0.5582811238865656,-0.2761347442842385,0.4892211415759123,-1.5503491895314243,-0.1430831384283584,0.375,0.275,0.41,0.455,0.71,2,11.092468,-4.6831927
0.07822685788787484,0.11436817463755505,148.0,1.574468085106383,94.0,0.5371428571428571,175.0,1.4,0.17396907216494845,1.2371794871794872,156.0,1.5757575757575757,99.0,0.6305732484076433,157.0,1.2764227642276422,204.0,-0.2642526527022941,0.32696094020102767,69.0,135.0,0.26439989072293907,-0.3087409003083657,0.399806014567385,0.127632070395877,0.2271401012300792,0.18,0.255,0.34,0.4,0.405,2,-7.5474253,4.1577973
0.06649282920469361,0.139457335030218,120.0,1.0344827586206895,116.0,0.9914529914529916,117.0,1.0446428571428572,0.12242268041237113,1.3076923076923077,117.0,0.9915254237288136,118.0,0.975206611570248,121.0,1.0254237288135593,162.0,-0.0304131479183491,0.5192471597134798,55.0,107.0,0.584745983791748,0.3368049992953049,0.35147009162153203,-0.0044267266809514,0.2829717026000911,0.57,0.47,0.605,0.755,0.69,2,12.001032,-24.21085
0.027379400260756193,0.06488176115322582,144.0,1.1900826446280992,121.0,1.551282051282051,78.0,0.5131578947368421,0.11984536082474227,1.2479338842975207,121.0,1.0614035087719298,114.0,1.4074074074074074,81.0,0.525974025974026,159.0,-0.3514419724131787,0.5170577284621881,54.0,105.0,0.43176936767151247,0.5751790319375107,0.23385531111463692,-0.2884311588987753,0.3126335213895553,0.53,0.595,0.605,0.74,0.65,2,6.190522,-24.853735
0.11994784876140809,0.2675056170724371,98.0,0.6363636363636364,154.0,1.4,110.0,0.6918238993710691,0.12886597938144329,1.462962962962963,108.0,0.72,150.0,1.530612244897959,98.0,0.6012269938650306,187.0,-0.1001974592004004,0.45719196180328453,77.0,110.0,0.5591859759128556,0.7423947643625038,0.3546018859808079,0.4051097378310517,0.4051097378310517,0.605,0.62,0.66,0.675,0.675,2,3.2337441,-35.078
0.018252933507170794,0.043242607891430515,161.0,0.8609625668449198,187.0,1.1265060240963856,166.0,1.4067796610169492,0.1134020618556701,1.206611570247934,121.0,1.423529411764706,85.0,0.5704697986577181,149.0,1.8860759493670889,159.0,-0.2927845592115108,0.5254058737009838,57.0,102.0,0.503582692025771,0.0245883659653707,0.2780072948266908,-0.2349929234999443,0.1192947377961187,0.585,0.485,0.625,0.78,0.7,2,6.7315617,-23.042606
0.01564537157757497,0.046574717291041935,152.0,1.4476190476190476,105.0,0.7954545454545454,132.0,1.1092436974789917,0.125,1.2916666666666667,120.0,1.518987341772152,79.0,0.5163398692810458,153.0,1.4166666666666667,166.0,-0.194579725815112,0.5982043330625773,58.0,108.0,0.5284989548355856,0.3010293501118433,0.32364565901053566,-0.0966113259150752,0.422322468074614,0.565,0.47,0.615,0.755,0.68,2,8.317931,-22.486725
0.018252933507170794,0.04921093160719642,152.0,1.2773109243697478,119.0,1.608108108108108,74.0,0.4567901234567901,0.13015463917525774,1.325,120.0,1.0344827586206895,116.0,0.9830508474576272,118.0,1.0,166.0,-0.1618237805758099,0.5401690043054177,55.0,111.0,0.502560639259798,0.2607138556583289,0.30241481492259126,-0.0733501007061176,0.5562040354690649,0.535,0.455,0.59,0.725,0.64,2,7.108535,-22.824131
0.1303780964797914,0.2236109081107773,119.0,0.7,170.0,1.5178571428571428,112.0,0.6956521739130435,0.13530927835051546,1.5980392156862746,102.0,0.5666666666666667,180.0,1.125,160.0,1.167883211678832,184.0,-0.1385450633190488,0.4851674827545344,70.0,114.0,0.49057417078881765,-2.2932513603434024,0.28932271561864586,-0.1292178048540763,0.7052359546068968,0.535,0.385,0.61,0.79,0.625,2,4.6614113,-32.55898
0.1303780964797914,0.23339061789539775,115.0,0.7467532467532467,154.0,1.6041666666666667,96.0,0.6153846153846154,0.14948453608247422,1.6111111111111112,108.0,0.6835443037974683,158.0,1.58,100.0,0.6944444444444444,204.0,-0.0589723659952521,0.3812878015180832,83.0,121.0,0.4924812637492073,0.629427552232337,0.2548989678877141,0.6461453009707222,0.2972122607271976,0.585,0.625,0.635,0.645,0.71,2,-2.090806,-31.774952
0.061277705345501955,0.1343783764681703,119.0,1.0258620689655171,116.0,1.008695652173913,115.0,0.9913793103448276,0.11984536082474227,1.336283185840708,113.0,0.9741379310344828,116.0,0.9830508474576272,118.0,1.0,161.0,-0.412706411590481,0.506678920758399,56.0,105.0,0.47166378131451436,-0.0825679455679075,0.22863496129276792,-0.3789499341569855,0.3058233417530812,0.58,0.475,0.62,0.785,0.66,2,7.623994,-27.759748
0.048239895697522815,0.10272608222513231,130.0,0.5726872246696035,227.0,2.2254901960784315,102.0,0.6071428571428571,0.14432989690721648,1.36,125.0,0.6983240223463687,179.0,1.6272727272727272,110.0,0.7236842105263158,188.0,-0.0418218284827943,0.4718628066790949,70.0,118.0,0.5545952613191817,-2.1735179118282275,0.30144802202543464,-0.0188724246859785,0.5595853009544978,0.565,0.375,0.605,0.775,0.655,2,4.6225257,-22.042606
0.09517601043024772,0.14868925418443743,136.0,1.0074074074074073,135.0,0.9642857142857144,140.0,0.9929078014184396,0.16881443298969073,1.3897058823529411,136.0,0.9927007299270072,137.0,0.9856115107913668,139.0,0.952054794520548,192.0,-0.3080194795284069,0.2989758099631769,60.0,132.0,0.5469507211708826,-0.3291855172831729,0.6031302601039518,-0.6476682634185886,-0.464285436865518,0.295,0.255,0.32,0.365,0.56,2,14.281739,-0.5144859
0.07301173402868318,0.0669055216383545,198.0,1.2857142857142858,154.0,1.811764705882353,85.0,0.4166666666666667,0.18170103092783504,1.4316546762589928,139.0,1.053030303030303,132.0,1.015384615384615,130.0,0.948905109489051,215.0,-0.2992096315601397,0.19294481263808677,76.0,139.0,0.2615556381446679,-0.4566820673285252,0.3476413573646131,-0.9627320793871708,-0.0171768537351196,0.215,0.31,0.35,0.395,0.6,2,-17.265297,-0.45513847
0.10951760104302477,0.196672785350745,119.0,1.0084745762711864,118.0,1.4567901234567902,81.0,0.5225806451612903,0.11469072164948453,1.2352941176470589,119.0,1.0084745762711864,118.0,1.4390243902439024,82.0,0.7192982456140351,169.0,-0.2563632746235234,0.6025916783395985,67.0,102.0,0.6653814199572168,-0.1684972338087208,0.6842841339630708,-1.1235970085979097,-0.6726040934336831,0.36,0.305,0.4,0.65,0.51,2,20.300905,-16.561895
0.09778357235984354,0.12599279954448278,155.0,0.9872611464968152,157.0,1.0397350993377483,151.0,1.0202702702702702,0.125,1.0064935064935066,154.0,1.0547945205479452,146.0,1.0579710144927537,138.0,1.0454545454545454,190.0,-0.1458699074084055,0.4408648424763927,82.0,108.0,0.6720626861731026,0.9948444340990968,0.6047663327993328,-0.6584562496677808,-0.1190816836211658,0.435,0.465,0.49,0.605,0.87,2,17.999947,-5.233923
0.07040417209908735,0.09209009656440043,162.0,1.4336283185840708,113.0,0.6647058823529411,170.0,1.5454545454545454,0.1481958762886598,1.4913793103448276,116.0,0.5603864734299517,207.0,2.090909090909091,99.0,0.6036585365853658,208.0,-0.0701834924412248,0.21186389924252697,87.0,121.0,0.4436402154334567,0.3816619892855899,0.17403589297887784,0.0397119122419064,0.3622675593602882,0.605,0.635,0.64,0.715,0.655,2,-10.726148,-22.150269
0.06910039113428944,0.1479337779852378,117.0,0.9669421487603306,121.0,1.475609756097561,82.0,0.5222929936305732,0.08634020618556701,1.0593220338983051,118.0,0.9833333333333332,120.0,1.348314606741573,89.0,0.6054421768707483,164.0,-0.2619990725293997,0.35582827633421793,77.0,87.0,0.5685975137021525,-0.2353435086409431,0.4161256189113773,-1.4995884692200954,-0.067464598330991,0.395,0.3,0.425,0.47,0.755,2,8.193296,-4.0274425
0.048239895697522815,0.045087788526511456,203.0,1.4,145.0,1.835443037974684,79.0,0.3607305936073059,0.20876288659793815,1.4965986394557824,147.0,0.9423076923076924,156.0,0.9629629629629628,162.0,0.9642857142857144,236.0,-0.2472535358766697,0.2208631510374704,82.0,154.0,0.26845989599268133,-0.3745918578405028,0.45833006681874316,-0.7441752044694562,0.0839260042391817,0.18,0.315,0.345,0.39,0.585,2,-7.4032865,7.5566673
0.09126466753585398,0.23137334085347086,95.0,0.5555555555555556,171.0,1.049079754601227,163.0,1.1241379310344828,0.16237113402061856,1.3529411764705883,136.0,0.9784172661870504,139.0,0.8128654970760234,171.0,1.1712328767123288,188.0,-0.2189214462621148,0.29667801492914514,60.0,128.0,0.5390065883905524,-0.2050056822128507,0.43260920432484823,0.0080205397386866,0.0770702497997416,0.295,0.23,0.315,0.375,0.38,2,6.6362243,-6.411126
0.22033898305084745,0.14892084557825322,229.0,1.0456621004566211,219.0,1.0233644859813085,214.0,0.9304347826086956,0.33634020618556704,1.4304932735426008,223.0,1.061904761904762,210.0,1.0,210.0,0.9722222222222222,313.0,-0.187887466505692,0.15832624952249064,90.0,223.0,0.4570896749552052,-0.6172613065326632,0.2430757906199283,-0.2450474525928774,-0.1630931330584044,0.445,0.34,0.475,0.59,0.535,2,-9.06717,-17.944782
0.11603650586701435,0.2976142169430252,88.0,0.4808743169398907,183.0,1.6339285714285714,112.0,0.7417218543046358,0.2654639175257732,2.467289719626168,107.0,1.202247191011236,89.0,0.3819742489270386,233.0,2.284313725490196,258.0,-0.0625853181337231,0.31466025989545443,74.0,184.0,0.49254388323705245,-1.7116040246761095,0.2784937540265973,0.6324222370189501,0.6324222370189501,0.42,0.295,0.465,0.48,0.48,2,-3.786151,-34.605232
0.12255541069100391,0.2229374550417765,115.0,0.5476190476190477,210.0,1.5441176470588236,136.0,0.8192771084337349,0.1018041237113402,0.7965116279069767,172.0,1.849462365591397,93.0,0.9489795918367347,98.0,0.4100418410041841,197.0,-0.1701838756886687,0.3557523986234784,102.0,95.0,0.3239308848934954,-0.1299676441031151,0.22138403200913262,-1.7768715074719874,0.4323332710003157,0.415,0.395,0.48,0.53,0.78,2,-5.251677,-29.88519
0.04954367666232073,0.07475236653824026,159.0,1.485981308411215,107.0,0.6993464052287581,153.0,1.457142857142857,0.18685567010309279,1.45,140.0,1.1111111111111112,126.0,0.9197080291970804,137.0,0.9319727891156464,212.0,-0.2554395616763464,0.23126362842764153,70.0,142.0,0.510530371138202,-0.3323686770175567,0.5400879222328941,-0.7170864814618048,-0.4364075159640712,0.31,0.265,0.335,0.38,0.55,2,5.933811,-0.92146987
0.07170795306388526,0.2442094263632403,81.0,0.5294117647058824,153.0,1.2966101694915255,118.0,0.9833333333333332,0.11984536082474227,1.2583333333333333,120.0,0.9836065573770492,122.0,1.7183098591549295,71.0,0.4409937888198758,162.0,-0.5595404087227629,0.5127484408630464,57.0,105.0,0.37390751608109385,-0.2224028313151019,0.18197216135903,-0.5285317858876009,-0.0556656036069715,0.56,0.48,0.625,0.79,0.685,2,10.719371,-36.79173
0.035202086049543675,0.033867140514627386,206.0,1.525925925925926,135.0,1.0,135.0,1.5,0.15721649484536082,1.0169491525423728,177.0,1.4390243902439024,123.0,0.8661971830985915,142.0,1.5268817204301075,188.0,-0.2090531046349311,0.3185937165931086,63.0,125.0,0.2874576881821045,-0.2073892238119145,0.42663682523892377,0.1419296328086801,0.2705281260087126,0.2,0.225,0.335,0.395,0.405,2,-5.873469,5.675624
0.04954367666232073,0.04407222399092428,207.0,1.6046511627906976,129.0,0.6861702127659575,188.0,1.7570093457943925,0.14561855670103094,0.7533039647577092,227.0,2.316326530612245,98.0,0.5664739884393064,173.0,1.5446428571428572,183.0,-0.0082799001289174,0.2673737230108065,64.0,119.0,0.3169052799468189,-0.2355276203092123,0.334313916871197,-0.7691469597683778,-0.1631355081468332,0.27,0.315,0.355,0.395,0.615,2,-16.46668,-0.093532175
0.05997392438070404,0.2254418586421233,80.0,0.5405405405405406,148.0,1.213114754098361,122.0,1.0338983050847457,0.11855670103092783,1.829268292682927,82.0,0.5324675324675324,154.0,1.7701149425287357,87.0,0.6041666666666666,163.0,0.0043455884527878,0.558322261511143,58.0,105.0,0.5883361735321527,0.3699876500620608,0.3571136598655779,0.0279634498024514,0.8488712593122272,0.595,0.495,0.64,0.785,0.66,2,14.674113,-28.838776
0.0651890482398957,0.14628092744855412,115.0,0.9663865546218487,119.0,1.017094017094017,117.0,0.9915254237288136,0.12628865979381443,1.471698113207547,106.0,0.7969924812030075,133.0,1.1083333333333334,120.0,1.0,167.0,-0.1434716122079561,0.6352631076192907,58.0,109.0,0.5916678406885746,0.4364221528147693,0.3633843308844282,-0.0764182443016587,0.9274966593531946,0.58,0.47,0.625,0.78,0.64,2,15.0117855,-25.758598
0.0651890482398957,0.23545947304351028,80.0,0.5095541401273885,157.0,1.286885245901639,122.0,1.0338983050847457,0.11984536082474227,1.227642276422764,123.0,1.051282051282051,117.0,1.4444444444444444,81.0,0.5094339622641509,161.0,-0.1610650725140276,0.5229407034750682,56.0,105.0,0.5194118526005707,0.2167340332128192,0.29747762386208176,-0.0847903899702938,0.2878356170601832,0.57,0.47,0.615,0.765,0.69,2,12.245135,-32.02597
0.061277705345501955,0.144569568928271,113.0,1.036697247706422,109.0,0.9396551724137931,116.0,0.9747899159663864,0.1095360824742268,1.2543859649122806,114.0,1.0,114.0,1.52,75.0,0.5033557046979866,158.0,-0.2031097142088006,0.47676778555439525,58.0,100.0,0.5316159778037344,0.650623390010278,0.28343259557886435,-0.1243043465426801,0.5233046917078609,0.595,0.61,0.63,0.755,0.665,2,8.072604,-25.56641
0.10430247718383312,0.1231300575702887,163.0,1.038216560509554,157.0,0.9127906976744186,172.0,1.1700680272108843,0.11597938144329897,1.0136986301369864,146.0,1.0977443609022557,133.0,0.8580645161290322,155.0,1.3596491228070176,182.0,-0.5123537219035916,0.653997339826453,79.0,103.0,0.7430345696640089,1.5075567861910075,0.6128304829040333,-0.9319685245794244,-0.5658780369303261,0.385,0.43,0.44,0.535,0.48,2,19.749405,-17.232494
0.061277705345501955,0.08343289893357214,162.0,2.0,81.0,1.0,81.0,0.45,0.11855670103092783,1.2605042016806722,119.0,0.967479674796748,123.0,1.5185185185185186,81.0,0.5225806451612903,160.0,-0.2345711239757756,0.5121041432843828,55.0,105.0,0.5202835350348003,0.1135028607066346,0.26601110821973284,-0.1878069074351987,0.4781607391164206,0.58,0.475,0.615,0.77,0.655,2,6.089292,-23.237232
0.0651890482398957,0.21822328355877083,85.0,0.5629139072847682,151.0,1.26890756302521,119.0,1.0258620689655171,0.11984536082474227,1.26890756302521,119.0,0.9834710743801652,121.0,1.4938271604938271,81.0,0.5364238410596026,161.0,-0.0659306607512943,0.5812793359330957,56.0,105.0,0.5368692600261816,0.379632295441533,0.3586722196030927,-0.0418484966884596,0.674417324443589,0.545,0.47,0.615,0.78,0.665,2,14.934413,-29.814342
0.16688396349413298,0.18971448069793598,158.0,1.9506172839506173,81.0,0.54,150.0,1.851851851851852,0.1211340206185567,1.4476190476190476,105.0,0.7954545454545454,132.0,1.1092436974789917,119.0,1.4875,161.0,-0.0050163868779915,0.5432642268038902,55.0,106.0,0.5482088880937988,-2.0171817927082185,0.35796583530786175,0.0290846963785843,0.6058915329682699,0.55,0.35,0.61,0.785,0.67,2,12.802602,-27.396564
0.08865710560625815,0.16056972667185088,124.0,0.984126984126984,126.0,1.0413223140495869,121.0,0.8120805369127517,0.14432989690721648,1.4912280701754386,114.0,0.7916666666666666,144.0,0.9,160.0,0.9937888198757764,186.0,-0.3304063355020739,0.3763427686966853,68.0,118.0,0.29389495137347293,-0.2738920869955544,0.4339201582887912,0.2150859746224403,0.2940372739823491,0.295,0.27,0.365,0.425,0.43,2,-6.847796,2.378857
0.0651890482398957,0.13617332369753196,121.0,1.09009009009009,111.0,1.5416666666666667,72.0,0.4137931034482758,0.0979381443298969,1.1260504201680672,119.0,1.0,119.0,1.101851851851852,108.0,1.4594594594594594,166.0,-0.2377775719108965,0.33216751719458476,73.0,93.0,0.500214594015345,-0.2545417161017461,0.4349170575663647,-1.4977679686269,-0.1375178913580705,0.36,0.26,0.4,0.445,0.685,2,8.262793,-4.182604
0.05215123859191656,0.04501695428604156,209.0,1.9174311926605505,109.0,0.5618556701030928,194.0,1.3197278911564625,0.16881443298969073,1.7181818181818185,110.0,0.6432748538011696,171.0,1.6442307692307692,104.0,0.6153846153846154,212.0,-0.0674277189989391,0.37195156889866515,80.0,132.0,0.5145664360164363,0.5938862588765038,0.2795477852243108,0.6636193336841593,0.6636193336841593,0.585,0.605,0.62,0.635,0.635,2,-0.7253306,-21.773447
0.01955671447196871,0.050529038765273655,152.0,1.4074074074074074,108.0,0.864,125.0,1.0869565217391304,0.11082474226804123,1.309090909090909,110.0,0.9482758620689656,116.0,1.008695652173913,115.0,1.0,156.0,-0.0694639805183724,0.5248314229807929,56.0,100.0,0.3489681476917867,0.03752540703913,0.379156782846973,-2.117828982385693,0.4644215757014639,0.225,0.245,0.315,0.37,0.535,2,14.339314,-39.248074
0.05867014341590613,0.2229374550417765,80.0,0.5228758169934641,153.0,1.3304347826086955,115.0,0.9745762711864406,0.12757731958762886,1.319327731092437,119.0,1.0347826086956522,115.0,1.4556962025316456,79.0,0.512987012987013,167.0,-0.3202813447176836,0.5511913392375721,58.0,109.0,0.5316870465900024,0.655420775560472,0.26668199441816853,-0.0847817154557278,0.5184960075539295,0.595,0.615,0.635,0.735,0.665,2,11.515336,-31.600986
0.10691003911342895,0.19543146295661215,118.0,1.0442477876106195,113.0,1.0089285714285714,112.0,0.9824561403508772,0.11597938144329897,1.494949494949495,99.0,0.7443609022556391,133.0,1.1176470588235294,119.0,1.0347826086956522,160.0,-0.278555282386196,0.5606753468268092,57.0,103.0,0.5434969547113707,-2.3368886396925426,0.2924221846379739,-0.2205775183837144,0.5018729771834257,0.595,0.37,0.63,0.79,0.665,2,11.861417,-29.276653
0.19947848761408082,0.33953887672278577,111.0,1.009090909090909,110.0,1.0091743119266054,109.0,0.981981981981982,0.09149484536082474,0.5944700460829493,217.0,1.9727272727272729,110.0,1.0,110.0,0.9649122807017544,156.0,-0.0976563664068108,0.9344634939899463,66.0,90.0,0.9332995145417438,-0.4045064914748471,0.9148224690873791,-1.015805999683561,2.4235361289199946,0.47,0.42,0.495,0.6,0.52,2,33.54139,-3.471436
0.03911342894393742,0.08429952142842044,137.0,1.191304347826087,115.0,1.0176991150442478,113.0,1.2150537634408602,0.08505154639175258,1.0689655172413792,116.0,1.4146341463414631,82.0,0.5466666666666666,150.0,1.6666666666666667,160.0,-0.1359463892951176,0.3647943254101332,74.0,86.0,0.5976518573324786,0.1651650489876133,0.5310246687349719,-1.314773402890646,0.027418076213634,0.385,0.34,0.42,0.465,0.735,2,10.07107,-1.576366
0.11994784876140809,0.22943536708591944,111.0,0.888,125.0,1.0593220338983051,118.0,0.9833333333333332,0.11211340206185567,1.1788617886178865,123.0,1.051282051282051,117.0,1.24468085106383,94.0,1.1058823529411763,163.0,-0.1643128281631014,0.3324820705592798,62.0,101.0,0.31821255939112886,-0.134286381395925,0.5246560021840532,-1.339622266719774,-0.1529037059271389,0.29,0.27,0.38,0.43,0.645,2,-7.643388,0.43124065
0.02346805736636245,0.06496183800695392,139.0,1.1583333333333334,120.0,1.4457831325301205,83.0,0.564625850340136,0.11984536082474227,1.3017241379310345,116.0,0.9914529914529916,117.0,1.3,90.0,0.6428571428571429,158.0,-0.4571185395433315,0.5217326215476753,53.0,105.0,0.46165242945939877,-2.1067292267168067,0.2183506331978731,-0.3695633081069439,0.1435350212964576,0.62,0.4,0.655,0.83,0.715,2,6.2855086,-24.733385
0.08083441981747067,0.17320715497774808,112.0,0.6746987951807228,166.0,1.5660377358490567,106.0,0.5955056179775281,0.14561855670103094,1.2573529411764706,136.0,1.0149253731343284,134.0,0.8874172185430463,151.0,0.9556962025316456,191.0,-0.1203050440826584,0.4218633654392039,72.0,119.0,0.5212811334552696,0.5176900043915059,0.2575474292684597,0.646445662408399,0.646445662408399,0.555,0.58,0.615,0.63,0.63,2,0.65752375,-27.091036
0.1316818774445893,0.1404394540891776,170.0,1.0625,160.0,1.08843537414966,147.0,0.9607843137254902,0.2345360824742268,1.643835616438356,146.0,1.0138888888888888,144.0,0.9113924050632912,158.0,1.0063694267515924,230.0,-0.1378698641903316,0.6326497864079501,62.0,168.0,0.5078086778044023,-0.1760933220062446,0.5675657156058163,-2.254957206117332,0.5176459962219845,0.245,0.21,0.27,0.33,0.475,2,19.62119,-20.133608
0.01564537157757497,0.04726432302275122,151.0,1.2583333333333333,120.0,1.0619469026548674,113.0,0.9576271186440678,0.08505154639175258,1.0689655172413792,116.0,1.045045045045045,111.0,1.2333333333333334,90.0,0.6521739130434783,161.0,-0.1612251185526894,0.3757638294757243,75.0,86.0,0.5529185264927498,-0.1296233184693389,0.4971382733269657,-1.340181508938808,0.039728898764683,0.38,0.25,0.425,0.47,0.745,2,9.236406,-1.2486938
0.24119947848761408,0.333830116787363,129.0,0.5443037974683544,237.0,2.0608695652173914,115.0,0.5,0.20747422680412372,2.0091743119266057,109.0,0.4541666666666666,240.0,2.0689655172413794,116.0,0.4873949579831932,239.0,-0.1753140789727037,0.46150891729723265,86.0,153.0,0.7037102919818403,-0.3420513605076528,0.805420120804948,-0.5953618660717038,-0.4089130723443445,0.335,0.295,0.36,0.41,0.615,2,24.614496,0.16630855
0.11864406779661017,0.2981258417847712,89.0,0.2861736334405145,311.0,1.279835390946502,243.0,1.5677419354838709,0.163659793814433,1.3703703703703705,135.0,0.9926470588235294,136.0,1.431578947368421,95.0,0.5828220858895705,248.0,-0.3173543886716539,0.44996764741698647,119.0,129.0,0.3634722974916192,-0.2096134353043558,0.6221089200531074,-1.380004026657654,-0.2922369413994832,0.41,0.38,0.48,0.65,0.85,2,15.594311,27.72508
0.1395045632333768,0.38372650644631756,79.0,0.341991341991342,231.0,1.4528301886792452,159.0,1.0743243243243243,0.09407216494845361,0.803680981595092,163.0,0.844559585492228,193.0,1.3496503496503496,143.0,0.9662162162162162,143.0,-0.2374213539085038,0.1848232464636635,52.0,91.0,0.3822453928241881,-0.1557585601714752,0.13021612642985825,-0.1202404065291783,0.2513088959032051,0.585,0.5,0.63,0.745,0.645,2,-13.44761,-25.473434
0.21121251629726207,0.22919846404264338,160.0,1.5533980582524272,103.0,0.4238683127572016,243.0,1.49079754601227,0.2757731958762887,1.5632183908045978,174.0,1.0175438596491229,171.0,1.089171974522293,157.0,1.0129032258064516,243.0,-0.1686883288875719,0.6436579777145458,53.0,190.0,0.6239206401687807,-2.2157346800018365,0.4930895856848992,-0.1652966681315466,-0.1652966681315466,0.425,0.275,0.47,0.6,0.6,2,19.287354,-21.058392
0.05345501955671447,0.1306011831681223,115.0,1.116504854368932,103.0,0.927927927927928,111.0,1.0,0.06829896907216494,0.5634517766497462,197.0,1.5038167938931295,131.0,1.212962962962963,108.0,0.9557522123893806,157.0,-0.2842194474706626,0.9370828255491946,80.0,77.0,0.7213732224208745,2.3486910117658537,0.8108236669952579,-1.1085585872492012,-0.4089572938421343,0.44,0.495,0.51,0.57,0.865,2,37.190098,-5.517734
0.1981747066492829,0.2962922443680621,124.0,0.5344827586206896,232.0,1.6571428571428573,140.0,0.6086956521739131,0.22036082474226804,1.3391812865497077,171.0,1.0118343195266273,169.0,1.0242424242424242,165.0,0.873015873015873,250.0,-0.051324488041453,0.3919744830678439,90.0,160.0,0.6597101168818535,-0.1683748376677064,0.712728258791631,-0.5912439711983565,-0.2134852264757289,0.33,0.3,0.36,0.45,0.635,2,22.601824,0.1779883
0.06910039113428944,0.1497052394178438,116.0,1.008695652173913,115.0,0.9829059829059827,117.0,0.975,0.10824742268041238,1.1833333333333331,120.0,1.4634146341463414,82.0,0.5394736842105263,152.0,1.948717948717949,164.0,-0.4929795158726169,0.3779426919541479,65.0,99.0,0.5157329121937112,-0.4211710767422152,0.4777535160995681,-1.7251777114038744,-0.3759590839208587,0.37,0.3,0.405,0.445,0.68,2,9.423425,-4.2467895
0.08344198174706649,0.1459027768543663,129.0,0.9923076923076924,130.0,0.9701492537313432,134.0,1.0229007633587786,0.14948453608247422,1.318181818181818,132.0,1.03125,128.0,0.992248062015504,129.0,1.015748031496063,186.0,-0.1941195752621004,0.25283028713147987,65.0,121.0,0.3230513091114023,-0.1693625081997155,0.3597805422011451,0.7952879754568818,0.7952879754568818,0.275,0.26,0.35,0.38,0.38,2,-18.408953,2.4197147
0.16166883963494133,0.25105140513599167,124.0,1.0333333333333334,120.0,1.518987341772152,79.0,0.4876543209876543,0.1056701030927835,1.1382113821138211,123.0,1.1714285714285717,105.0,0.8015267175572519,131.0,1.0916666666666666,168.0,-0.1694888346244069,0.3330211736898494,70.0,98.0,0.6207393455643256,-0.0487726726498137,0.49197873442475537,-1.3372404801710105,-0.0975034165587001,0.35,0.305,0.375,0.42,0.65,2,12.227143,-6.7537966
0.07953063885267275,0.237215434188581,87.0,0.4943181818181818,176.0,1.3968253968253967,126.0,0.9,0.14304123711340205,1.2246376811594204,138.0,0.9019607843137256,153.0,1.5612244897959184,98.0,0.6049382716049383,181.0,-0.1956131598113573,0.29994549781049684,63.0,118.0,0.3095253061667091,-0.2392568886619299,0.44519737155864175,-0.0322948047726274,0.1164529440267644,0.185,0.255,0.35,0.405,0.415,2,-8.603793,1.164802
0.11342894393741851,0.17443111162453412,133.0,1.0,133.0,1.3571428571428572,98.0,0.5764705882352941,0.14690721649484537,1.1390728476821192,151.0,1.6777777777777778,90.0,0.5084745762711864,177.0,1.156862745098039,190.0,-0.165990355793586,0.33680862100739256,70.0,120.0,0.31133044984561836,-0.162225135566663,0.48315836245607835,0.17048544846063,0.2853635440315376,0.2,0.28,0.37,0.42,0.43,2,-7.4561048,1.676407
0.13559322033898305,0.25966870784686225,108.0,0.5901639344262295,183.0,1.5913043478260869,115.0,0.625,0.18041237113402062,1.7837837837837838,111.0,0.6271186440677966,177.0,1.6238532110091743,109.0,0.6374269005847953,224.0,-0.0906731477486842,0.40269873986917537,86.0,138.0,0.4933901182240404,0.2370290535120134,0.2693319702182301,0.6794229681795354,0.1003273947743597,0.555,0.505,0.6,0.61,0.7,2,-1.693244,-33.42433
0.07822685788787484,0.15626560121069652,119.0,0.9296875,128.0,0.7710843373493976,166.0,1.2481203007518795,0.07474226804123711,1.008695652173913,115.0,0.8646616541353384,133.0,1.0555555555555556,126.0,1.1150442477876106,146.0,-0.1994760988732027,0.0718693466723509,65.0,81.0,0.35647472522199924,-0.1191100332476225,0.0904272386165175,-0.1436230747212865,0.0760804020100502,0.655,0.595,0.7,0.79,0.715,2,-15.45018,-21.825869
0.20730117340286833,0.2907489986819348,130.0,0.6103286384976526,213.0,1.7603305785123966,121.0,0.5627906976744186,0.22036082474226804,1.748091603053435,131.0,0.5927601809954751,221.0,1.9217391304347824,115.0,0.5251141552511416,241.0,-0.2035682854106962,0.4087482185794599,81.0,160.0,0.6741176524842492,-0.3447200974090027,0.7083261697820523,-0.5956054264638241,-0.5478788039239945,0.31,0.275,0.335,0.385,0.575,2,22.742949,0.08274702
0.06258148631029987,0.15001644210195028,111.0,1.0,111.0,0.956896551724138,116.0,0.5155555555555555,0.03350515463917526,0.4941176470588235,170.0,1.5178571428571428,112.0,1.0,112.0,0.9739130434782608,123.0,0.2230853748820056,0.9769247801859523,65.0,58.0,0.8145502954711877,0.0107266141628151,0.9552170511946105,-1.2495038582013294,2.5749474319129244,0.575,0.525,0.62,0.885,0.66,2,35.083733,-6.261024
0.2737940026075619,0.26323953378955317,173.0,1.0613496932515338,163.0,1.065359477124183,153.0,0.9161676646706588,0.25,1.605095541401274,157.0,0.923529411764706,170.0,2.073170731707317,82.0,0.7735849056603774,233.0,-0.075240612600167,0.5396933879913379,57.0,176.0,0.6035492291050653,-0.0677357756157213,0.5016356801998929,-1.860783351126036,0.3984617374792127,0.23,0.205,0.245,0.31,0.41,2,19.416521,-21.520218
0.2138200782268579,0.3631840566611948,110.0,0.5339805825242718,206.0,1.7166666666666666,120.0,0.5194805194805194,0.1958762886597938,1.7073170731707317,123.0,0.5515695067264574,223.0,1.8898305084745763,118.0,0.4978902953586498,224.0,-0.2015463518674818,0.38563184191065913,77.0,147.0,0.593411247349861,-0.4202076154174881,0.6823321767053765,-0.7227457802650425,-0.5356974490744233,0.32,0.29,0.35,0.42,0.58,2,22.280033,1.2350401
0.11342894393741851,0.12720025393630538,167.0,0.9226519337016574,181.0,1.0168539325842696,178.0,1.0470588235294118,0.26804123711340205,1.53757225433526,173.0,1.005813953488372,172.0,0.9717514124293786,177.0,1.0,270.0,-0.1404208570183449,0.6515736872921891,84.0,186.0,0.6910809306466249,-2.326258907375987,0.5532748410902333,-0.1582160804020101,-0.1582160804020101,0.5,0.355,0.545,0.68,0.68,2,19.364822,-18.829273
0.1877444589308996,0.2651490821376974,131.0,0.9097222222222222,144.0,0.676056338028169,213.0,1.5106382978723405,0.14304123711340205,0.8756476683937824,193.0,1.3402777777777777,144.0,0.9473684210526316,152.0,1.7272727272727273,188.0,-0.1760554180639209,0.34031467598991616,70.0,118.0,0.58631845579927,-0.1948095166634627,0.45613559246867824,0.177883532770046,0.3031755850522752,0.35,0.25,0.375,0.435,0.445,2,6.8044577,-8.247609
0.06779661016949153,0.05490614932794525,212.0,0.9906542056074766,214.0,0.9727272727272728,220.0,1.0138248847926268,0.06056701030927835,0.481651376146789,218.0,0.9954337899543378,219.0,1.990909090909091,110.0,1.0,150.0,-0.1428584571759476,0.9351659188843664,77.0,73.0,0.6622168843554387,-0.3644046339180894,0.8876684630109066,2.5652753600770124,2.5652753600770124,0.44,0.405,0.485,0.51,0.51,2,37.449997,-4.963551
0.22816166883963493,0.38321928546396883,110.0,0.582010582010582,189.0,1.6153846153846154,117.0,0.6923076923076923,0.15335051546391754,1.7184466019417477,103.0,0.6204819277108434,166.0,1.5809523809523809,105.0,0.7142857142857143,202.0,-0.088860822459503,0.34934650846074017,79.0,123.0,0.5097026925378108,0.6519023533723785,0.2609339484131681,-0.0666896087534789,0.5735651933971607,0.565,0.6,0.605,0.715,0.63,2,-2.1644135,-36.685287
0.10430247718383312,0.15132216910845658,141.0,1.0217391304347827,138.0,0.9857142857142858,140.0,0.9722222222222222,0.1791237113402062,1.4172661870503598,139.0,0.9858156028368794,141.0,0.9724137931034482,145.0,0.9797297297297296,197.0,-0.2674326846535849,0.30361562619340804,60.0,137.0,0.5254992537685046,-0.3084212494330151,0.6233284510513042,-0.6187507243314447,-0.5103331567239785,0.28,0.24,0.305,0.355,0.53,2,14.377149,-0.356011
0.06258148631029987,0.23409631665344813,79.0,0.512987012987013,154.0,1.2833333333333334,120.0,1.0256410256410255,0.13144329896907217,1.3675213675213675,117.0,1.017391304347826,115.0,1.4197530864197532,81.0,0.5364238410596026,165.0,-0.2949291273089933,0.5080180940887983,53.0,112.0,0.4786175961470235,0.3284187071671401,0.2503029239002422,-0.2157868587267719,0.4339355688719938,0.595,0.57,0.64,0.785,0.68,2,10.6975975,-33.515343
0.06258148631029987,0.09013984874646659,156.0,1.5,104.0,1.223529411764706,85.0,0.3990610328638497,0.12757731958762886,1.4952380952380953,105.0,0.6325301204819277,166.0,1.443478260869565,115.0,0.6216216216216216,173.0,-0.1491368304531543,0.4718084876914318,64.0,109.0,0.5318593230645194,0.2335517894122472,0.3027742234767419,-0.1436807905874178,0.6551586669523903,0.565,0.52,0.61,0.78,0.635,2,4.729391,-22.403276
0.11603650586701435,0.25815088748301573,99.0,0.6305732484076433,157.0,1.2764227642276422,123.0,1.051282051282051,0.13917525773195877,1.2296296296296296,135.0,1.0887096774193548,124.0,0.984126984126984,126.0,1.0413223140495869,193.0,-0.1474455177575437,0.35404933710783004,77.0,116.0,0.3305655810065332,-0.0343346518169313,0.43299554379216415,0.4317434529135473,0.5013165897750191,0.325,0.34,0.4,0.46,0.465,2,-8.657297,0.5739267
0.11082138200782268,0.15540612439186682,143.0,1.0916030534351144,131.0,0.9776119402985076,134.0,1.0,0.13015463917525774,1.1777777777777778,135.0,1.0465116279069768,129.0,1.0403225806451613,124.0,0.9117647058823528,218.0,-0.0323143829010187,0.12186488995759066,107.0,111.0,0.39442769530723726,0.0916897467978459,0.1607197487393604,0.3353721461137603,0.3353721461137603,0.62,0.595,0.675,0.69,0.69,2,-13.722032,-22.465391
0.14732724902216426,0.18286699743622845,150.0,0.7853403141361257,191.0,0.8127659574468085,235.0,1.087962962962963,0.3247422680412371,1.55,200.0,1.0810810810810811,185.0,1.0451977401129944,177.0,1.023121387283237,290.0,-0.1146581274283476,0.2531827458552503,73.0,217.0,0.46021239245950923,0.4142886383902416,0.18703537091091674,-0.1984068202747422,0.3591957548819789,0.47,0.485,0.495,0.62,0.515,2,-8.966606,-18.99112
0.2737940026075619,0.33885556454354065,140.0,1.5217391304347827,92.0,0.5644171779141104,163.0,1.2074074074074077,0.13530927835051546,1.7157894736842103,95.0,0.5523255813953488,172.0,0.7610619469026548,226.0,1.6142857142857143,178.0,-0.3123110426513752,0.3367939491729424,64.0,114.0,0.279179212210607,-0.3331553494132565,0.4269294350654959,-0.0340702629762385,0.0690863470628386,0.19,0.27,0.355,0.425,0.43,2,-9.8890085,-1.5665863
0.1303780964797914,0.1685174416720795,148.0,1.072463768115942,138.0,1.1794871794871795,117.0,0.785234899328859,0.1481958762886598,1.5585585585585586,111.0,0.5260663507109005,211.0,2.0288461538461537,104.0,0.5977011494252874,213.0,-0.1439360466708759,0.12461908211369649,92.0,121.0,0.308276150724687,-0.263979486868128,0.15213364993718465,-0.9657327554554478,0.1964824120603015,0.215,0.335,0.395,0.44,0.635,2,-15.011898,-22.62046
0.11603650586701435,0.1986324233793949,122.0,1.0427350427350428,117.0,1.0086206896551724,116.0,1.008695652173913,0.11597938144329897,1.2333333333333334,120.0,0.9917355371900828,121.0,1.375,88.0,0.6068965517241379,161.0,-0.2332508316020528,0.34135970238276214,58.0,103.0,0.6819102257200587,-0.073205807874647,0.548757725297058,-1.061441528251159,-0.1904837295187471,0.345,0.29,0.365,0.405,0.645,2,14.659495,-5.322886
0.0651890482398957,0.15949256383299207,108.0,0.864,125.0,1.0416666666666667,120.0,1.5789473684210529,0.11855670103092783,1.4705882352941178,102.0,0.7906976744186046,129.0,1.4175824175824177,91.0,0.6319444444444444,160.0,-0.369413374381461,0.5733115420725076,55.0,105.0,0.4737167149250437,-2.5023175652811496,0.2689431877588945,-0.3032495501145102,0.3204622092489303,0.55,0.355,0.605,0.74,0.66,2,9.22664,-28.35839
0.12646675358539766,0.230670350369163,114.0,0.6514285714285715,175.0,1.1666666666666667,150.0,0.7978723404255319,0.13530927835051546,0.9209039548022598,177.0,1.5128205128205128,117.0,0.7905405405405406,148.0,0.8809523809523809,199.0,-0.7449037813774254,0.6090982108107889,85.0,114.0,0.6227223408839143,1.0876958261794982,0.5103590186106578,-1.8152804616556804,-0.7631129831611949,0.375,0.42,0.43,0.665,0.47,2,18.422226,-19.942654
0.09647979139504563,0.15170108596524662,135.0,1.0150375939849623,133.0,2.046153846153846,65.0,0.4577464788732394,0.16623711340206185,1.0809248554913296,173.0,1.2097902097902098,143.0,0.9727891156462584,147.0,1.013793103448276,179.0,-0.1714578500786817,0.13178498495008426,49.0,130.0,0.39362327300040284,-0.9590930838808618,0.1266823656992028,-0.1946111036532866,0.2135850368902397,0.47,0.275,0.505,0.625,0.52,2,-13.417617,-21.788416
0.14993481095176012,0.13236152482923558,192.0,1.0726256983240223,179.0,1.0718562874251496,167.0,1.0245398773006136,0.20489690721649484,1.2994011976047903,167.0,1.0060240963855422,166.0,0.9485714285714286,175.0,0.9943181818181818,249.0,-0.2399690690009333,0.46989776688485296,98.0,151.0,0.5255523863750317,-2.003873170986504,0.35060237127940935,-0.2195422121977035,-0.2195422121977035,0.57,0.395,0.61,0.715,0.715,2,11.72266,-20.225624
0.08344198174706649,0.12991674988603993,140.0,0.6965174129353234,201.0,1.248447204968944,161.0,1.75,0.1481958762886598,1.4786324786324787,117.0,0.8731343283582089,134.0,1.0387596899224807,129.0,0.9485294117647058,183.0,-0.2060495368396508,0.3314194575912936,62.0,121.0,0.2837132069457691,-0.2097164444588044,0.44459318706150386,0.1511177530304996,0.3864785706927304,0.2,0.245,0.34,0.395,0.41,2,-7.0528607,3.2332377
0.16036505867014342,0.291682185062304,109.0,0.6123595505617978,178.0,1.679245283018868,106.0,0.6272189349112426,0.19201030927835053,1.8818181818181816,110.0,1.1458333333333333,96.0,0.4507042253521127,213.0,2.173469387755102,225.0,-0.0451943521642721,0.3614386830779628,81.0,144.0,0.5124397071059049,0.634553946155701,0.24852893794635433,0.6049743778579213,0.3261096023050312,0.555,0.585,0.595,0.615,0.66,2,-2.749843,-34.61408
0.11473272490221642,0.2659297168477291,96.0,0.5783132530120482,166.0,1.4690265486725664,113.0,0.6243093922651933,0.14175257731958762,1.2444444444444445,135.0,1.115702479338843,121.0,0.8231292517006803,147.0,1.0352112676056338,189.0,-0.0176950425264462,0.45528972066750667,72.0,117.0,0.5332075040220348,0.3916098465326224,0.3034198066748152,0.0185709047631497,0.7600050127267007,0.565,0.51,0.62,0.795,0.635,2,2.7501616,-33.961304
0.0560625814863103,0.20172368336825108,85.0,0.3386454183266932,251.0,2.163793103448276,116.0,0.5888324873096447,0.13144329896907217,1.3793103448275863,116.0,0.6823529411764706,170.0,1.4782608695652173,115.0,1.0648148148148149,190.0,0.0150071076663595,0.3760248933774146,78.0,112.0,0.7001132327083526,-0.0128239702844027,0.6638476597690793,-0.422716212733521,-0.3244478723387357,0.385,0.3,0.415,0.495,0.46,2,16.903927,-4.8682365
0.19947848761408082,0.36222999814677703,105.0,0.4338842975206611,242.0,1.847328244274809,131.0,0.4888059701492537,0.23969072164948454,1.8914728682170543,129.0,0.5863636363636363,220.0,1.3095238095238095,168.0,0.9824561403508772,253.0,-0.1511701606570717,0.4523504316821404,83.0,170.0,0.7452527189307143,-0.2894502895010204,0.788166879828546,-0.6545037348379661,-0.5494307006675088,0.305,0.27,0.325,0.375,0.57,2,24.883226,0.31664187
0.05867014341590613,0.14460151539849783,111.0,0.9736842105263158,114.0,1.008849557522124,113.0,0.982608695652174,0.1211340206185567,1.9,80.0,0.5405405405405406,148.0,1.2982456140350878,114.0,1.008849557522124,159.0,-0.4862641332331758,0.545369972596866,53.0,106.0,0.4875871920397653,0.4760216287566912,0.22624909938418447,-0.3723495165096265,0.2548482858366488,0.64,0.665,0.685,0.81,0.72,2,8.134525,-28.117592
0.11734028683181226,0.21129304855811296,117.0,1.0086206896551724,116.0,0.9666666666666668,120.0,1.0344827586206895,0.13788659793814434,1.3636363636363635,121.0,1.2346938775510203,98.0,0.3967611336032389,247.0,2.9759036144578315,175.0,-0.3059010543223188,0.4974570364174204,60.0,115.0,0.487404523220687,0.0364298082096505,0.25379844779650435,-0.2571421802417142,-0.2129397125473341,0.545,0.46,0.585,0.725,0.7,2,7.442779,-32.177017
0.0938722294654498,0.15832772494910985,129.0,0.9485294117647058,136.0,1.0149253731343284,134.0,0.8271604938271605,0.18427835051546393,1.5,134.0,0.7015706806282722,191.0,1.2733333333333334,150.0,1.0638297872340423,211.0,-0.1032845223508531,0.4285026407825704,71.0,140.0,0.5268526714584698,0.5955357951083029,0.2733657244975344,0.5476840002389657,0.5476840002389657,0.535,0.565,0.58,0.595,0.595,2,0.59022397,-25.889462
0.027379400260756193,0.06403736453701694,145.0,1.2393162393162394,117.0,1.0086206896551724,116.0,1.318181818181818,0.13015463917525774,1.3140495867768596,121.0,1.0521739130434782,115.0,1.4743589743589745,78.0,0.5165562913907285,165.0,-0.2765095816309175,0.6368264782377244,54.0,111.0,0.5287287300941279,0.3220611043066836,0.31177787906195925,-0.2166046261834026,0.4025438045452044,0.55,0.455,0.595,0.74,0.655,2,8.713731,-22.656828
0.061277705345501955,0.048185737150914114,216.0,1.815126050420168,119.0,0.7777777777777778,153.0,1.2338709677419355,0.12886597938144329,1.5192307692307692,104.0,0.611764705882353,170.0,1.452991452991453,117.0,0.639344262295082,187.0,-0.1250192277944364,0.3581886410637709,77.0,110.0,0.4461694141848815,-1.803333830704545,0.22296943272263628,0.4239778843317893,0.4239778843317893,0.585,0.415,0.645,0.675,0.675,2,-2.7737682,-22.200562
0.0469361147327249,0.12034326617239914,116.0,0.8787878787878788,132.0,1.1282051282051282,117.0,0.9915254237288136,0.02577319587628866,0.4642857142857143,168.0,1.411764705882353,119.0,1.0084745762711864,118.0,1.4216867469879515,135.0,-0.2810930085160632,0.39821497183634885,81.0,54.0,0.46301625450527045,-0.0315949317856977,0.4930118785196511,-1.197912127869017,-0.441003092229564,0.55,0.52,0.61,0.66,0.74,2,9.722255,-4.7022653
0.05215123859191656,0.10485103073451742,132.0,1.211009174311927,109.0,0.8515625,128.0,1.1327433628318584,0.14304123711340205,1.942528735632184,87.0,0.5117647058823529,170.0,1.9540229885057472,87.0,0.5028901734104047,172.0,-0.0896405543864734,0.14648544871055552,54.0,118.0,0.40878332928771327,0.2021201896898998,0.1377769257343303,-0.156103457881026,0.0390047476875954,0.09,0.08,0.11,0.26,0.18,2,-12.942019,-21.511517
0.12777053455019557,0.2543133793932906,106.0,0.6385542168674698,166.0,1.537037037037037,108.0,0.6506024096385542,0.1095360824742268,1.361904761904762,105.0,0.5737704918032787,183.0,1.4878048780487805,123.0,0.6988636363636364,173.0,-0.2206464883983955,0.39465642342927443,73.0,100.0,0.47621478735555306,0.4345807439685612,0.2195154663785086,0.4744439867172834,0.4744439867172834,0.62,0.63,0.655,0.675,0.675,2,-3.2552626,-31.23439
0.07301173402868318,0.15307101613979524,117.0,1.4268292682926829,82.0,0.5359477124183006,153.0,1.3660714285714286,0.12242268041237113,1.2338709677419355,124.0,1.0598290598290598,117.0,1.4444444444444444,81.0,0.5328947368421053,163.0,-0.2432419262088762,0.5283595412422667,56.0,107.0,0.4769310472477085,0.2434039713759345,0.2722811766352996,-0.1727294402674517,0.6345310235973313,0.555,0.495,0.61,0.76,0.63,2,8.480377,-27.633898
0.06258148631029987,0.14816311897428056,112.0,0.9655172413793104,116.0,0.9914529914529916,117.0,1.0353982300884956,0.11984536082474227,1.3017241379310345,116.0,0.9914529914529916,117.0,1.481012658227848,79.0,0.5064102564102564,161.0,-0.135706000992392,0.5141865345167158,56.0,105.0,0.5367015393639716,-2.008523316074289,0.3281882098092018,-0.1183887227202725,0.3160832277394622,0.57,0.365,0.615,0.765,0.69,2,10.220933,-25.170483
0.05345501955671447,0.13738161312722794,111.0,0.956896551724138,116.0,1.0740740740740742,108.0,0.4778761061946903,0.07345360824742268,1.0,115.0,1.0176991150442478,113.0,1.0,113.0,1.036697247706422,161.0,-0.4756211782819304,0.8980033340078727,81.0,80.0,0.6383742287233948,-0.7230827698008299,0.8498867499167575,-1.21638986030265,-0.5190073134014499,0.445,0.41,0.505,0.555,0.855,2,37.7774,-4.522582
0.19556714471968709,0.3376846745485733,110.0,0.4230769230769231,260.0,1.7333333333333334,150.0,0.5882352941176471,0.2706185567010309,2.2521008403361344,119.0,0.497907949790795,239.0,1.9916666666666667,120.0,0.5504587155963303,279.0,-0.2229242530405042,0.3920286726351716,92.0,187.0,0.5755390675430376,-0.5098453508684819,0.673916170430595,-0.7319069233699782,-0.5380973052047496,0.305,0.27,0.33,0.39,0.58,2,22.01035,1.0082521
0.13820078226857888,0.17351722399493386,150.0,1.3636363636363635,110.0,0.6626506024096386,166.0,1.2296296296296296,0.12371134020618557,1.1578947368421053,133.0,1.0,133.0,1.3571428571428572,98.0,0.5764705882352941,174.0,-0.1806377812135751,0.41990604647042024,67.0,107.0,0.603776530276055,-0.1458652162924967,0.47851628815001257,1.3484097551041017,0.4145619316315563,0.36,0.285,0.38,0.39,0.46,2,12.582342,-6.2662406
0.15123859191655803,0.1507650967408746,176.0,1.0173410404624277,173.0,1.1161290322580646,155.0,0.9567901234567902,0.22036082474226804,1.3391812865497077,171.0,0.9884393063583816,173.0,1.0,173.0,1.0,230.0,-0.1490056686352633,0.25660551733251946,70.0,160.0,0.428246770199046,0.3809233024563815,0.1801265031164044,-0.12195959408564,-0.0092393391088396,0.48,0.515,0.525,0.62,0.595,2,-9.324843,-20.082272
0.1408083441981747,0.18763061827045438,143.0,0.7185929648241206,199.0,1.6446280991735538,121.0,0.5931372549019608,0.15721649484536082,1.0344827586206895,174.0,1.3700787401574803,127.0,0.8943661971830986,142.0,0.9659863945578232,202.0,-0.6289605136311629,0.4602998099004537,77.0,125.0,0.19851706559607118,-0.526418813107583,0.6265462835501691,-0.5507103557117335,-0.4700517277840783,0.29,0.275,0.38,0.415,0.42,2,16.229338,15.490877
0.16688396349413298,0.3254706847971495,102.0,0.6,170.0,1.8085106382978724,94.0,0.5529411764705883,0.15721649484536082,1.7307692307692308,104.0,0.5591397849462365,186.0,1.8979591836734693,98.0,0.5536723163841808,199.0,-0.0367799879848882,0.46444695240757955,74.0,125.0,0.4948973829477995,0.460827975067313,0.3041995331511785,0.0269836395744042,0.3540451760339785,0.53,0.515,0.615,0.745,0.68,2,1.1416837,-36.700478
0.10430247718383312,0.3458933797492117,73.0,0.3303167420814479,221.0,1.4258064516129032,155.0,0.96875,0.1713917525773196,1.3263888888888888,144.0,0.96,150.0,1.0,150.0,1.020408163265306,196.0,-0.1766360727893408,0.21624596755977793,63.0,133.0,0.30741494000433467,-0.2846121533863999,0.3188306215005412,-0.7059380952325467,0.2422558871183193,0.215,0.29,0.32,0.38,0.34,2,-14.967965,2.844215
0.1421121251629726,0.29506427873176305,100.0,0.6451612903225806,155.0,1.5048543689320388,103.0,0.6242424242424243,0.25644329896907214,2.595959595959596,99.0,0.5210526315789473,190.0,1.3286713286713288,143.0,1.0,256.0,-0.2002710086922201,0.3342702485776372,77.0,179.0,0.2721691207603635,-0.2788134429746721,0.5607011976149879,-0.5769149191435651,-0.5505117271459586,0.17,0.23,0.3,0.345,0.515,2,15.00254,27.057646
0.06779661016949153,0.2404682802442038,80.0,0.5333333333333333,150.0,1.271186440677966,118.0,1.0172413793103448,0.1172680412371134,1.2627118644067796,118.0,0.9915966386554622,119.0,1.6527777777777777,72.0,0.4556962025316455,161.0,-0.0024954944947936,0.5221563697183137,57.0,104.0,0.5269805948501529,0.3549465443669614,0.35916697950855137,0.0207020777964764,0.4216718928375448,0.54,0.475,0.62,0.775,0.695,2,13.74868,-30.65211
0.1316818774445893,0.26609025554005905,104.0,0.5777777777777777,180.0,1.2765957446808511,141.0,0.9724137931034482,0.13530927835051546,1.393162393162393,117.0,0.6324324324324324,185.0,1.468253968253968,126.0,0.8689655172413793,185.0,-0.1638843212715177,0.3859796067830013,71.0,114.0,0.4881035981603619,0.5649898718484672,0.2335515389506746,0.093330305501006,0.5321856386701898,0.585,0.62,0.625,0.72,0.64,2,-2.9174783,-31.954433
0.14341590612777053,0.15228067180832489,169.0,1.4201680672268908,119.0,0.5721153846153846,208.0,1.3081761006289307,0.2036082474226804,2.1386138613861387,101.0,0.4786729857819905,211.0,1.31055900621118,161.0,0.9640718562874252,230.0,-0.1912071111317963,0.46827142630462876,79.0,151.0,0.7067733097510619,-0.3262539420325246,0.8200432866200897,-0.5782350998744252,-0.577087074619758,0.32,0.285,0.345,0.395,0.41,2,23.782024,-3.3838446
0.06258148631029987,0.24965109344547526,75.0,0.4746835443037974,158.0,1.975,80.0,0.5,0.11211340206185567,1.2393162393162394,117.0,1.0086206896551724,116.0,1.318181818181818,88.0,0.6111111111111112,162.0,-0.1644931992958347,0.3413392735999213,61.0,101.0,0.5512211195638833,-0.0900123849357437,0.5871427726966404,-1.2491944944651687,-0.0818461966253294,0.345,0.285,0.38,0.42,0.67,2,12.44134,-5.0991616
0.12385919165580182,0.14279653983068039,162.0,1.0062111801242235,161.0,1.087837837837838,148.0,0.961038961038961,0.16623711340206185,1.7980769230769231,104.0,0.5,208.0,1.71900826446281,121.0,0.5307017543859649,213.0,-0.0422423168103528,0.45611132853777697,83.0,130.0,0.709730899786191,-0.0612855060546046,0.8109314123383249,-0.5206880841313156,-0.2139163094926166,0.36,0.33,0.39,0.445,0.685,2,23.653296,-3.7068143
0.08344198174706649,0.15241344965601192,125.0,0.6648936170212766,188.0,1.2207792207792207,154.0,1.1846153846153846,0.13015463917525774,1.382608695652174,115.0,0.8394160583941606,137.0,1.4891304347826086,92.0,0.46,174.0,-0.289407950054531,0.29975542752652024,63.0,111.0,0.5115345217375956,-0.2653214560943803,0.39453001357686834,-0.0172763966177089,0.0672313512400834,0.34,0.27,0.365,0.43,0.435,2,6.762557,-4.539868
0.17992177314211213,0.2658475513752768,127.0,0.9921875,128.0,1.0406504065040652,123.0,1.3516483516483515,0.12757731958762886,1.0536912751677852,149.0,1.5851063829787233,94.0,0.5280898876404494,178.0,1.1337579617834397,176.0,-0.1997114309609262,0.3136861797232838,67.0,109.0,0.5546856716497204,-0.1990897562099811,0.41973839328465884,0.0872033723288523,0.239900915640705,0.36,0.275,0.38,0.45,0.46,2,6.447309,-8.112889
0.09908735332464146,0.18731927050351158,117.0,0.6763005780346821,173.0,1.616822429906542,107.0,0.6257309941520468,0.11855670103092783,1.5463917525773196,97.0,0.5987654320987654,162.0,1.3728813559322033,118.0,0.6519337016574586,191.0,-0.0594234939478032,0.34733371100468113,86.0,105.0,0.47840707084321044,-1.728996882304266,0.24384014098135437,0.6064566422725817,0.6064566422725817,0.41,0.455,0.67,0.685,0.685,2,-3.771181,-27.564957
0.02346805736636245,0.05751144425130444,148.0,1.2436974789915969,119.0,1.0258620689655171,116.0,1.0740740740740742,0.15979381443298968,2.5277777777777777,72.0,0.4472049689440994,161.0,1.3416666666666666,120.0,1.0169491525423728,177.0,-0.1455661093971508,0.48363799606485625,50.0,127.0,0.5229851230109211,-2.110453682868537,0.28868433327988974,-0.1118848061152764,0.5296099951251942,0.545,0.34,0.585,0.72,0.62,2,5.327899,-22.174196
0.01955671447196871,0.047086848097683404,157.0,1.891566265060241,83.0,0.538961038961039,154.0,1.6382978723404256,0.13917525773195877,1.4067796610169492,118.0,1.0260869565217392,115.0,1.4375,80.0,0.5228758169934641,246.0,-0.1883538789437902,0.4926938056223944,130.0,116.0,0.3720136780900147,-0.1410455322350037,0.27231018172483235,-1.9286638261215296,-0.0584825808164053,0.14,0.185,0.22,0.255,0.38,2,5.771898,-25.027351
0.05867014341590613,0.15215879628057477,107.0,1.175824175824176,91.0,0.7398373983739838,123.0,1.108108108108108,0.08118556701030928,1.1203703703703705,108.0,0.9908256880733946,109.0,0.990909090909091,110.0,1.0,154.0,-0.3126274864579174,0.8737872883434534,70.0,84.0,0.7743928864882873,-0.434358219578372,0.8412359701879258,-1.8163464956674376,2.2344910800753155,0.435,0.4,0.465,0.68,0.49,2,36.085434,-5.1926327
0.09908735332464146,0.17349568073815674,124.0,1.0420168067226891,119.0,1.0084745762711864,118.0,1.475,0.12886597938144329,1.3859649122807018,114.0,0.8507462686567164,134.0,1.1074380165289257,121.0,1.6575342465753424,169.0,-0.1174522355001166,0.616725802730992,59.0,110.0,0.5825749881332019,0.3576630960880314,0.3637674197257758,-0.0033031602820122,0.3830843321898269,0.585,0.485,0.625,0.77,0.7,2,15.007947,-26.27346
0.09647979139504563,0.16664800269112567,126.0,0.8571428571428571,147.0,1.6896551724137931,87.0,0.4728260869565217,0.04381443298969072,0.2804878048780488,328.0,2.8521739130434782,115.0,0.732484076433121,157.0,1.2764227642276422,258.0,-0.1469675383763515,0.0,194.0,64.0,0.2996924829422066,-0.02017893953832,0.13740047408443506,-0.1165987548556192,-0.1165987548556192,0.385,0.745,0.755,0.78,0.78,2,-16.545946,-22.04605
0.0651890482398957,0.15362639323758523,111.0,1.009090909090909,110.0,1.0,110.0,0.9821428571428572,0.07216494845360824,1.0555555555555556,108.0,0.972972972972973,111.0,1.15625,96.0,0.7559055118110236,153.0,-0.2463967163916336,0.8637902223769827,74.0,79.0,0.5329298121361932,-0.4534269544676962,0.8289243015234798,-1.127038437240936,2.1923750195322227,0.41,0.385,0.455,0.55,0.485,2,38.636395,-3.5628624
0.0651890482398957,0.23184200117634274,81.0,0.5294117647058824,153.0,1.2439024390243902,123.0,1.0695652173913044,0.11597938144329897,1.2436974789915969,119.0,1.0258620689655171,116.0,1.0740740740740742,108.0,0.8244274809160306,162.0,-0.0800844280623006,0.5234192676159412,59.0,103.0,0.5262944883808621,0.2954520385860114,0.3243713068734518,-0.0194810354878076,0.4871773654161809,0.575,0.495,0.625,0.775,0.69,2,13.034822,-31.171518
0.08735332464146023,0.057668314445503153,233.0,1.2328042328042328,189.0,1.111764705882353,170.0,1.7346938775510203,0.1134020618556701,1.0,146.0,1.4174757281553398,103.0,0.6094674556213018,169.0,1.2158273381294964,167.0,-0.2245932990121699,0.40764895638563264,65.0,102.0,0.29048713313881813,-0.186967020079463,0.5020211699651175,0.2697226925549857,0.3839371991720544,0.27,0.295,0.39,0.455,0.465,2,-3.3434696,4.2482357
0.22294654498044328,0.39229184190296085,106.0,0.5221674876847291,203.0,1.780701754385965,114.0,0.4541832669322709,0.22164948453608246,1.7557251908396947,131.0,0.4763636363636364,275.0,2.0522388059701493,134.0,0.5929203539823009,241.0,-0.1847516207217026,0.39793965923100105,80.0,161.0,0.6300497705534166,-0.3548177159547347,0.6890967857058831,-0.6858862817956984,-0.4600679368358208,0.3,0.27,0.33,0.395,0.375,2,22.631895,1.3947425
0.23468057366362452,0.30104581080911297,138.0,0.6216216216216216,222.0,2.0943396226415096,106.0,0.4796380090497738,0.20103092783505155,1.8135593220338984,118.0,0.4609375,256.0,2.048,125.0,0.5252100840336135,226.0,-0.1959778527643412,0.43456214670846166,77.0,149.0,0.7362651033547427,-0.3745078455462185,0.7447400023117673,-0.8018706023228128,-0.4691890247443984,0.32,0.28,0.34,0.45,0.6,2,23.960407,0.013334841
0.04563233376792699,0.10086234001092079,129.0,1.4175824175824177,91.0,0.6319444444444444,144.0,1.2413793103448276,0.1172680412371134,1.2735042735042734,117.0,0.9831932773109244,119.0,1.5063291139240509,79.0,0.5197368421052632,160.0,-0.2328369718642646,0.565111755135365,56.0,104.0,0.5223536439645732,-2.312954062594045,0.30235379292746145,-0.1885776269686231,0.7618484984969525,0.585,0.365,0.625,0.785,0.64,2,8.453777,-23.739605
0.11082138200782268,0.20273098496718392,117.0,1.017391304347826,115.0,0.9663865546218487,119.0,1.0,0.1056701030927835,1.2173913043478262,115.0,1.4935064935064934,77.0,0.5099337748344371,151.0,1.935897435897436,164.0,-0.2760544772602562,0.3914092021486729,66.0,98.0,0.5807824975865103,-0.268862292916138,0.5534602766421375,-1.5051455586760412,-0.132838423586868,0.375,0.275,0.41,0.45,0.69,2,12.535676,-4.7757134
0.1408083441981747,0.28618592243876906,102.0,0.5024630541871922,203.0,1.2929936305732483,157.0,0.9127906976744186,0.18814432989690721,1.8053097345132745,113.0,1.2150537634408602,93.0,0.4189189189189189,222.0,1.947368421052632,219.0,-0.1059650771925832,0.4477308982030881,77.0,142.0,0.5659146544764884,0.7580765905870346,0.29884531352961397,0.6614675167949027,0.6614675167949027,0.555,0.575,0.585,0.61,0.61,2,1.6908268,-35.27929
0.20208604954367665,0.3326039705938029,114.0,0.6404494382022472,178.0,1.6330275229357798,109.0,0.6374269005847953,0.13659793814432988,1.7083333333333333,96.0,0.5274725274725275,182.0,1.467741935483871,124.0,0.6262626262626263,188.0,-0.0542922323703276,0.40775242786738536,74.0,114.0,0.5380337729533098,-1.9806078812686687,0.2973928616660323,-0.0241366387444029,0.5663174277805215,0.57,0.395,0.61,0.77,0.66,2,-0.93402505,-36.713745
0.020860495436766623,0.051847145923350886,152.0,1.2991452991452992,117.0,1.0353982300884956,113.0,0.9741379310344828,0.08762886597938144,1.0677966101694916,118.0,1.4567901234567902,81.0,0.525974025974026,154.0,1.4528301886792452,158.0,-0.2794305532226153,0.4042869412235903,70.0,88.0,0.5626284156637125,-0.2773056737283874,0.5418503382543974,-1.591489247818068,-0.179292073350032,0.36,0.25,0.4,0.445,0.685,2,9.811675,-1.0888295
0.07822685788787484,0.09854695474479909,163.0,1.1319444444444444,144.0,0.8780487804878049,164.0,0.942528735632184,0.18170103092783504,1.3819444444444444,144.0,0.782608695652174,184.0,1.3430656934306568,137.0,0.9256756756756755,196.0,-0.2154151852684099,0.3273098996829699,57.0,139.0,0.3447882149859247,-0.1577269384965739,0.4996869607009333,-0.6358661329220852,1.1962999113470074,0.155,0.23,0.29,0.425,0.305,2,-5.8952136,3.7125337
0.02998696219035202,0.06594908688853342,146.0,1.2586206896551724,116.0,1.5064935064935066,77.0,0.5167785234899329,0.12242268041237113,1.7,90.0,0.6122448979591837,147.0,1.185483870967742,124.0,1.0508474576271187,161.0,-0.3975286915959345,0.6281958558789716,54.0,107.0,0.5059218458645116,0.1769661079730956,0.2863220243865685,-0.315751408039449,-0.2469083265631002,0.58,0.47,0.625,0.775,0.74,2,8.447886,-22.991484
0.15254237288135594,0.28065361874885036,109.0,0.4067164179104477,268.0,1.654320987654321,162.0,1.018867924528302,0.25,1.6578947368421053,152.0,0.9934640522875816,153.0,1.8,85.0,0.33203125,232.0,-0.1694065032819297,0.6032485888236787,56.0,176.0,0.6160154351223408,1.1968766808558422,0.4325965686144536,-0.1699633229878212,0.1641798374362027,0.47,0.52,0.525,0.65,0.595,2,19.005407,-21.513407
0.0651890482398957,0.15362639323758523,111.0,0.8671875,128.0,0.992248062015504,129.0,0.8376623376623377,0.10051546391752578,1.0381679389312977,131.0,1.0,131.0,1.0234375,128.0,1.0406504065040652,162.0,-0.1754173546840844,0.4337810509058555,67.0,95.0,0.5108276107819361,0.5603456508991393,0.2553516525303131,-0.113436585896748,0.5971139655984206,0.615,0.63,0.655,0.8,0.675,2,1.6320782,-26.835648
0.1121251629726206,0.3354429706265844,78.0,0.5098039215686274,153.0,1.7,90.0,0.6122448979591837,0.13659793814432988,1.3553719008264462,121.0,1.0168067226890756,119.0,1.5063291139240509,79.0,0.5266666666666666,170.0,-0.165385331250993,0.5339066092146278,56.0,114.0,0.49686508615766445,0.2985288951717529,0.2934962243904881,-0.1264086405648676,0.1485707097326076,0.535,0.455,0.61,0.76,0.695,2,7.9216666,-35.470894
0.06779661016949153,0.14449444057667818,118.0,1.475,80.0,0.5031446540880503,159.0,1.3706896551724137,0.0979381443298969,1.1074380165289257,121.0,1.6575342465753424,73.0,0.4397590361445783,166.0,1.4690265486725664,172.0,-0.1824869500694018,0.3488489418944958,79.0,93.0,0.5573399860159749,-0.1376145051182865,0.473888455022139,-1.4496310117144553,-0.0904283640899938,0.385,0.295,0.425,0.465,0.69,2,9.155403,-3.8325117
0.16688396349413298,0.2276172165139573,137.0,1.113821138211382,123.0,0.75,164.0,1.28125,0.1134020618556701,1.1587301587301588,126.0,0.8289473684210527,152.0,1.5833333333333333,96.0,0.5133689839572193,164.0,-0.213706437016248,0.28758396649287044,62.0,102.0,0.30793419540927874,-0.2129165564133676,0.3969363983063002,-0.0138915728796657,0.0687798774531256,0.2,0.28,0.38,0.445,0.45,2,-10.328327,0.27647492
0.1421121251629726,0.09443564272053616,232.0,1.3647058823529412,170.0,1.0759493670886076,158.0,1.6458333333333333,0.15979381443298968,0.774468085106383,235.0,1.5161290322580645,155.0,1.6145833333333333,96.0,0.4660194174757281,194.0,-0.3196784471809193,0.2956255096649808,67.0,127.0,0.2597338421433244,-0.2777937860779528,0.387063764081209,-0.0412525189394864,0.0144891873957681,0.195,0.255,0.345,0.405,0.41,2,-8.322587,4.483857
0.1395045632333768,0.3018390777496083,97.0,0.5052083333333334,192.0,1.0434782608695652,184.0,2.0444444444444443,0.16108247422680413,1.4758064516129032,124.0,0.7469879518072289,166.0,1.006060606060606,165.0,1.896551724137931,194.0,-0.2378373950389921,0.27960565289004025,66.0,128.0,0.5495227667434921,-0.2016825593192796,0.398218377270554,-0.0105939635147852,0.0357500860445325,0.32,0.26,0.34,0.395,0.4,2,5.7281365,-8.520238
0.03780964797913951,0.08081705504512043,139.0,1.1982758620689655,116.0,1.008695652173913,115.0,1.1274509803921569,0.09536082474226804,1.1282051282051282,117.0,0.9915254237288136,118.0,0.9672131147540984,122.0,1.0427350427350428,173.0,-0.1168499636715844,0.5633623812948776,81.0,92.0,0.3933897991648076,-0.223506757043369,0.34928308603109837,-2.4975469926425777,0.6622833233856953,0.38,0.3,0.425,0.475,0.69,2,14.394111,-39.366066
0.07040417209908735,0.14279653983068039,121.0,1.2872340425531914,94.0,0.6762589928057554,139.0,1.1680672268907564,0.12371134020618557,1.2419354838709675,124.0,1.0163934426229508,122.0,1.1401869158878504,107.0,0.8106060606060606,166.0,-0.1838730163250494,0.47948657512587606,59.0,107.0,0.25529242895398135,-0.7939529828166239,0.2958215332127654,-1.9569345638498647,0.3019364766376749,0.22,0.135,0.31,0.36,0.545,2,12.311849,-39.48208
1.0,1.0,158.0,0.9937106918238994,159.0,0.9352941176470588,170.0,0.9497206703910616,0.21649484536082475,1.4394904458598723,157.0,0.9289940828402368,169.0,1.0368098159509205,163.0,1.0316455696202531,211.0,-0.1398781529204827,0.5662455945378359,53.0,158.0,0.5953628202569666,-0.1569352405026789,0.46535328985678276,-1.9862090750531007,0.2570328443671115,0.24,0.21,0.255,0.315,0.42,2,21.504955,-9.759419
0.1316818774445893,0.24031314019816463,113.0,0.5678391959798995,199.0,2.01010101010101,99.0,1.1647058823529413,0.18685567010309279,2.00990099009901,101.0,0.5580110497237569,181.0,1.7745098039215683,102.0,0.5513513513513514,211.0,-0.09256218088729,0.4854231742437978,69.0,142.0,0.5324093383116099,0.6908929247509745,0.33395470745881123,0.8563483595412948,0.8563483595412948,0.525,0.555,0.58,0.595,0.595,2,4.3133016,-33.925777
0.10299869621903521,0.15288622340042263,139.0,0.9455782312925172,147.0,0.9865771812080536,149.0,0.9141104294478528,0.25644329896907214,1.5670731707317074,164.0,0.9761904761904762,168.0,0.96,175.0,1.0802469135802468,246.0,-0.0194928852028133,0.7367392573944763,67.0,179.0,0.5621291241490413,-2.466819494274465,0.5588867911123335,-0.3554225144709504,-0.1893950896013567,0.405,0.275,0.46,0.625,0.575,2,19.879534,-19.96813
0.06779661016949153,0.24424073630042237,79.0,0.5197368421052632,152.0,1.2459016393442623,122.0,1.0517241379310345,0.1211340206185567,1.2881355932203389,118.0,1.0085470085470083,117.0,1.4268292682926829,82.0,0.5189873417721519,163.0,-0.2042138003273772,0.5640586124669641,57.0,106.0,0.5062602493251931,0.7582662655589603,0.31722681525537,0.8223023436929844,0.8223023436929844,0.545,0.59,0.6,0.62,0.62,2,13.33792,-31.901966
0.16036505867014342,0.15160323380992172,182.0,1.0520231213872833,173.0,1.005813953488372,172.0,1.131578947368421,0.2268041237113402,1.4355828220858895,163.0,0.9588235294117649,170.0,1.0365853658536586,164.0,0.993939393939394,246.0,0.0155051585960099,0.4620219041989641,83.0,163.0,0.6364716070937215,-0.321619716130194,0.8537724703993146,-0.4472159172262583,-0.4177440051044085,0.305,0.275,0.34,0.39,0.58,2,23.758804,-2.8533683
0.1316818774445893,0.06013370770734695,286.0,1.7125748502994012,167.0,0.5566666666666666,300.0,1.8633540372670807,0.17783505154639176,1.798165137614679,109.0,0.545,200.0,0.6329113924050633,316.0,1.0326797385620916,218.0,-1.1030796006149086,0.3066825830890047,81.0,137.0,0.07637292659835143,-1.0333273389433433,0.41896892859696067,-2.0320466197613127,-0.9192822503004936,0.325,0.345,0.375,0.405,0.655,2,-4.954613,9.723713
0.06649282920469361,0.26630137491627376,73.0,0.4424242424242424,165.0,1.3865546218487397,119.0,1.0084745762711864,0.125,1.2704918032786885,122.0,1.0252100840336134,119.0,1.469135802469136,81.0,0.5031055900621118,164.0,-0.1490892063210628,0.5567251028809305,56.0,108.0,0.5154326701891652,0.3020626663479205,0.32002828224310004,-0.091296987650693,0.4453731383056584,0.535,0.465,0.585,0.76,0.655,2,13.44383,-31.985239
0.09517601043024772,0.17235671347411743,122.0,1.4698795180722892,83.0,0.5608108108108109,148.0,1.3703703703703705,0.12757731958762886,1.891566265060241,83.0,0.538961038961039,154.0,1.6382978723404256,94.0,0.6527777777777778,166.0,-0.3900134770049146,0.5961978718461833,57.0,109.0,0.49087432505341644,0.118437357594246,0.2534814588976674,-0.2440452261306532,0.4672910696496206,0.56,0.465,0.595,0.72,0.635,2,9.669233,-28.956936
0.05997392438070404,0.045352472471733955,220.0,0.944206008583691,233.0,1.0495495495495497,222.0,0.9866666666666668,0.06314432989690721,0.4776785714285714,224.0,0.9655172413793104,232.0,1.0497737556561086,221.0,0.9822222222222222,155.0,-0.0682423541919359,0.9278813023869558,81.0,74.0,0.793281452303534,-0.4104659211328325,0.915997003610271,-1.5911020778573677,-0.2209709948872406,0.455,0.415,0.52,0.715,0.9,2,35.711258,-6.2033195
0.1121251629726206,0.2211160706051607,110.0,0.6626506024096386,166.0,1.6435643564356437,101.0,0.7266187050359713,0.11597938144329897,1.465346534653465,101.0,0.6778523489932886,149.0,1.3185840707964602,113.0,0.6975308641975309,178.0,-0.053552306830843,0.3932154706761164,75.0,103.0,0.49442565630708896,-1.8834329765040287,0.2726079058781586,-0.0276001659254136,0.6961652390905196,0.6,0.42,0.655,0.835,0.67,2,-1.4113785,-30.71466
0.06388526727509779,0.22936851613896328,81.0,0.5510204081632653,147.0,1.225,120.0,0.9917355371900828,0.1211340206185567,1.2459016393442623,122.0,1.0517241379310345,116.0,1.432098765432099,81.0,0.54,161.0,-0.1974374709171947,0.5392319691122138,55.0,106.0,0.5034639939862064,0.4295384084705305,0.2880210823144467,-0.1625031262738104,0.691534803139195,0.555,0.535,0.605,0.745,0.625,2,11.6417265,-32.208603
0.04954367666232073,0.16624202034456487,94.0,0.4351851851851852,216.0,2.0,108.0,0.6923076923076923,0.13530927835051546,1.5233644859813085,107.0,0.6815286624203821,157.0,1.353448275862069,116.0,0.5858585858585859,194.0,-0.0967950820749256,0.43581318898516563,80.0,114.0,0.5168385634766514,-2.119344425882515,0.2814383188479026,-0.0691155598821101,0.7193697006874977,0.59,0.415,0.625,0.79,0.645,2,1.6232585,-26.818193
0.07431551499348109,0.14119372152645845,125.0,1.050420168067227,119.0,1.0,119.0,1.5454545454545454,0.13402061855670103,1.7234042553191489,94.0,0.6143790849673203,153.0,1.2540983606557377,122.0,1.0166666666666666,168.0,-0.1937876077052291,0.58907079416602,55.0,113.0,0.5396610617125681,0.3430587827577289,0.3165920191120263,-0.1055218545328503,0.6765950838143258,0.565,0.475,0.61,0.75,0.64,2,11.018544,-26.917545
0.14471968709256844,0.135215642445847,185.0,0.9946236559139784,186.0,1.0333333333333334,180.0,1.0,0.2422680412371134,2.0847457627118646,118.0,0.5130434782608696,230.0,1.7293233082706767,133.0,0.5,257.0,-0.1773129179269451,0.36720026949301465,85.0,172.0,0.6273923598339837,-0.4095650761011359,0.6741156137287554,-0.5654666245733845,-0.4600034612612599,0.31,0.275,0.335,0.4,0.57,2,20.494564,-3.1419537
0.10691003911342895,0.15721037350174089,139.0,1.0,139.0,1.5274725274725274,91.0,0.4764397905759162,0.1481958762886598,1.3307692307692307,130.0,0.9219858156028368,141.0,1.0217391304347827,138.0,0.9517241379310344,188.0,-0.0155503387814013,0.2377722284648464,67.0,121.0,0.34608476356998225,-0.1162582523623686,0.5901439195926375,-0.2024344711085222,0.1832718140411069,0.215,0.315,0.355,0.4,0.615,2,0.7788752,28.886503
0.15254237288135594,0.2038968829880764,141.0,0.933774834437086,151.0,1.1526717557251909,131.0,0.8972602739726028,0.29510309278350516,2.1742424242424243,132.0,1.4666666666666666,90.0,0.4368932038834951,206.0,1.2955974842767295,267.0,-0.2755746625346783,0.23970597232740753,67.0,200.0,0.2911345678024468,-0.2411693572443264,0.40594921745588386,0.0142175898562843,0.0142175898562843,0.15,0.195,0.25,0.295,0.295,2,-11.35228,4.332534
0.09517601043024772,0.15176753780207172,134.0,0.9710144927536232,138.0,1.4526315789473685,95.0,0.6089743589743589,0.13659793814432988,0.9318181818181818,176.0,1.2054794520547945,146.0,1.140625,128.0,0.9770992366412212,181.0,-0.2354204154497592,0.30979968768486366,67.0,114.0,0.30496102328247554,-0.2172977664588886,0.40306306047532287,-0.0001972470805918,0.192270126464864,0.3,0.275,0.37,0.435,0.445,2,-7.690129,3.0068367
0.05084745762711865,0.10966742133790443,127.0,1.0672268907563025,119.0,1.5063291139240509,79.0,0.5163398692810458,0.12242268041237113,1.275,120.0,1.0169491525423728,118.0,1.4047619047619049,84.0,0.5419354838709678,162.0,-0.09607248078196,0.5403609784784302,55.0,107.0,0.5655061182842661,0.3276697523331283,0.3351530577415736,-0.0184391023493085,0.1686986350152148,0.565,0.465,0.605,0.73,0.695,2,10.656611,-23.77982
0.06649282920469361,0.23075608091602978,82.0,0.543046357615894,151.0,1.2583333333333333,120.0,0.9836065573770492,0.12242268041237113,1.2857142857142858,119.0,1.017094017094017,117.0,1.4444444444444444,81.0,0.5294117647058824,163.0,-0.3090392286634548,0.5360862196071086,56.0,107.0,0.4947774209696705,0.0793572636368104,0.2812774806218218,-0.286104910405696,0.5642873710834007,0.57,0.47,0.61,0.775,0.64,2,11.28226,-32.51466
0.03650586701434159,0.04645227017799651,183.0,1.4758064516129032,124.0,0.7469879518072289,166.0,1.006060606060606,0.14304123711340205,1.2335766423357664,137.0,1.078740157480315,127.0,1.4111111111111112,90.0,0.5521472392638037,187.0,-0.3999665047672789,0.30688726549466344,69.0,118.0,0.4838739018701995,-0.421021305076498,0.30615933309524135,-0.0965685934706859,0.0205455143459574,0.35,0.265,0.37,0.44,0.45,2,-3.3020618,-20.731714
0.20078226857887874,0.3449702122950366,110.0,0.5238095238095238,210.0,1.7073170731707317,123.0,0.5515695067264574,0.21649484536082475,1.7384615384615385,130.0,0.6103286384976526,213.0,1.7603305785123966,121.0,0.5627906976744186,235.0,-0.2598804712805134,0.3893849557397244,77.0,158.0,0.28083990095087513,-0.3612405619124313,0.6120474457992376,-0.844061903028112,-0.7019238751725558,0.2,0.27,0.33,0.44,0.4,2,15.0965805,27.520424
0.09647979139504563,0.1442276276023071,140.0,1.0144927536231885,138.0,0.9787234042553192,141.0,1.068181818181818,0.15206185567010308,1.2307692307692308,143.0,1.2543859649122806,114.0,0.991304347826087,115.0,0.782312925170068,176.0,-0.5613490130343698,0.13337525743131073,53.0,123.0,0.27102041469209326,-1.1842313441005785,0.0,-0.4479591746097743,-0.1882143426048244,0.495,0.31,0.545,0.64,0.565,2,-15.215163,-20.643023
0.0651890482398957,0.23184200117634274,81.0,0.5094339622641509,159.0,1.325,120.0,1.0526315789473684,0.1172680412371134,1.2956521739130435,115.0,0.9913793103448276,116.0,1.045045045045045,111.0,0.8671875,163.0,-0.3443218921614622,0.4794449324768878,59.0,104.0,0.3002988082294788,-0.2821065013359755,0.20323277405699597,-2.3325765207928333,0.138582591338544,0.275,0.255,0.315,0.37,0.555,2,10.945593,-38.25336
0.010430247718383311,0.02980716809410589,172.0,2.023529411764706,85.0,0.5379746835443038,158.0,1.3859649122807018,0.09536082474226804,1.0819672131147542,122.0,1.0338983050847457,118.0,1.0825688073394495,109.0,0.8515625,171.0,-0.1864126543904029,0.36282314075928634,79.0,92.0,0.5705707291051543,-0.164453309286708,0.4872790924914373,-1.3919229359991934,-0.0959349078330419,0.385,0.295,0.42,0.465,0.695,2,9.003241,-1.2036128
0.14602346805736635,0.14058270239390977,181.0,0.914141414141414,198.0,1.4142857142857144,140.0,0.6451612903225806,0.27448453608247425,1.7371794871794872,156.0,1.0612244897959184,147.0,0.9483870967741936,155.0,0.96875,247.0,-0.2571241759685034,0.5556395501864522,58.0,189.0,0.6239769250964426,-2.1311206724126586,0.4128056287050472,-0.2662544411207296,0.2060699032121673,0.46,0.295,0.49,0.635,0.565,2,17.55601,-21.367002
0.06388526727509779,0.1410841271124946,117.0,1.017391304347826,115.0,1.4375,80.0,0.583941605839416,0.019329896907216496,0.3967391304347826,184.0,1.9574468085106385,94.0,0.6394557823129252,147.0,1.2564102564102564,111.0,-0.0694397724891827,0.4195375932820432,60.0,51.0,0.7149224348681923,-0.0433273292727774,0.5861671627392231,-1.127336916296194,0.0442355637699848,0.52,0.355,0.55,0.61,0.95,2,16.407616,-5.765994
0.1681877444589309,0.1502169949428189,189.0,1.4538461538461538,130.0,0.7602339181286549,171.0,1.9655172413793105,0.1404639175257732,0.784037558685446,213.0,1.704,125.0,0.9328358208955224,134.0,1.2293577981651376,183.0,-0.0750744117616661,0.3551806525044687,67.0,116.0,0.6780735623704603,-0.0309364913047813,0.48375949073541746,0.2924882644081689,0.4174264542522649,0.35,0.27,0.37,0.43,0.44,2,13.73181,-6.509667
0.2033898305084746,0.21487449710895284,164.0,1.0123456790123455,162.0,0.9759036144578314,166.0,0.8924731182795699,0.23840206185567012,1.2789473684210526,190.0,1.043956043956044,182.0,1.0520231213872833,173.0,1.005813953488372,242.0,0.0634901188691371,0.26935203581645295,72.0,170.0,0.5321659182847733,0.6297899263674183,0.275162785690974,0.6365505396116334,0.6365505396116334,0.51,0.55,0.56,0.575,0.575,2,-6.775531,-18.874544
0.12646675358539766,0.2710220041684342,100.0,0.684931506849315,146.0,1.5051546391752575,97.0,0.532967032967033,0.1134020618556701,1.3773584905660377,106.0,0.5988700564971752,177.0,1.5526315789473684,114.0,0.6404494382022472,173.0,-0.0527193479047184,0.42155427575593507,71.0,102.0,0.5242595241477136,0.1522654580127136,0.30405877892753164,-0.0370011451536151,0.1744999298580543,0.595,0.53,0.655,0.78,0.755,2,0.8894438,-34.129093
0.1121251629726206,0.20444339768536973,117.0,1.017391304347826,115.0,1.0,115.0,0.9745762711864406,0.1211340206185567,1.3103448275862069,116.0,1.0175438596491229,114.0,1.008849557522124,113.0,0.982608695652174,162.0,-0.1233766447100706,0.5673388949630336,56.0,106.0,0.5333741394840081,-2.2689870475668235,0.3292473777790831,-0.059355729635551,0.428906907812115,0.56,0.355,0.61,0.76,0.68,2,12.322418,-29.084427
0.15384615384615385,0.2675773507953257,114.0,0.5507246376811594,207.0,1.7542372881355932,118.0,0.5566037735849056,0.17010309278350516,1.5702479338842976,121.0,0.568075117370892,213.0,1.4013157894736843,152.0,1.216,213.0,-0.0549478278828871,0.37095113401821467,80.0,133.0,0.5486008871580834,0.7444190730955906,0.2884785084679588,0.7211125083282894,0.4633336486177839,0.555,0.58,0.585,0.595,0.63,2,-1.4786988,-34.622387
0.09517601043024772,0.14279653983068039,140.0,1.25,112.0,1.671641791044776,67.0,0.3401015228426396,0.12886597938144329,1.253968253968254,126.0,1.2352941176470589,102.0,0.7285714285714285,140.0,0.9333333333333332,160.0,-0.3627838153607702,0.11797249698813056,50.0,110.0,0.32354755889662157,-0.0029051708359226,0.05485567722244558,-0.3078360302193482,-0.0020988249983281,0.555,0.585,0.595,0.715,0.61,2,-14.982019,-21.26225
0.19947848761408082,0.1409915642628629,222.0,2.074766355140187,107.0,0.9727272727272728,110.0,0.5069124423963134,0.06958762886597938,0.509090909090909,220.0,1.0232558139534884,215.0,0.9862385321100916,218.0,0.9688888888888888,152.0,-0.3348331387359648,0.798927338570564,74.0,78.0,0.6935909402987432,-0.5641331413026075,0.8387033234235979,-1.0349267447088066,-0.3224727357665953,0.44,0.4,0.495,0.545,0.845,2,35.82901,-3.108177
0.1590612777053455,0.2866859103233303,110.0,0.6432748538011696,171.0,1.6442307692307692,104.0,0.6153846153846154,0.16752577319587628,1.492063492063492,126.0,1.1775700934579438,107.0,0.5944444444444444,180.0,1.6822429906542056,203.0,-0.1424675446864396,0.5021303349500315,72.0,131.0,0.49626487899363164,0.3539930292458045,0.2840854315273256,0.7359326397767056,0.7359326397767056,0.49,0.505,0.59,0.605,0.605,2,4.6562023,-35.797092
0.11473272490221642,0.20123262383877133,120.0,1.0344827586206895,116.0,1.4683544303797469,79.0,0.5096774193548387,0.07216494845360824,0.7037037037037037,162.0,2.0,81.0,1.0,81.0,0.45,136.0,-0.267203051450642,0.32754305798051975,57.0,79.0,0.45460979644525923,-0.2473401688222303,0.47937729658692546,-1.1111531648201245,-0.3664492577476079,0.38,0.29,0.43,0.48,0.57,2,9.174469,-6.3779893
0.0938722294654498,0.139954663404755,141.0,0.9791666666666666,144.0,1.099236641221374,131.0,1.0155038759689925,0.17654639175257733,1.9696969696969695,99.0,0.5129533678756477,193.0,1.3496503496503496,143.0,0.8218390804597702,204.0,-0.1648995163439299,0.4435438408230133,68.0,136.0,0.4928547126588838,-2.324803903750616,0.25893164676602715,0.6176912036506668,0.6176912036506668,0.5,0.335,0.54,0.555,0.555,2,1.3102173,-25.318752
0.05997392438070404,0.2525786154623189,73.0,0.5251798561151079,139.0,1.1680672268907564,119.0,1.017094017094017,0.11855670103092783,1.25,120.0,1.0526315789473684,114.0,1.0,114.0,0.9743589743589745,166.0,-0.4108226201974261,0.33237671036732624,61.0,105.0,0.48053507389583466,-0.3557309452965621,0.4427791245958134,-1.5633197426210357,-0.374579614775789,0.335,0.25,0.37,0.41,0.635,2,8.771669,-7.113873
0.07301173402868318,0.14780534703137388,120.0,0.8955223880597015,134.0,1.2293577981651376,109.0,0.7730496453900709,0.08505154639175258,1.2653061224489797,98.0,0.6621621621621622,148.0,1.0962962962962963,135.0,1.0,156.0,-0.0642468045248328,0.3749834181861705,70.0,86.0,0.48940839437138406,-1.8356242438102068,0.24211471727507464,0.5592341953656326,0.5592341953656326,0.685,0.455,0.73,0.745,0.745,2,-3.0915036,-26.67121
0.09126466753585398,0.10202717889480299,172.0,1.849462365591397,93.0,0.9489795918367347,98.0,0.4100418410041841,0.14561855670103094,1.693069306930693,101.0,0.6733333333333333,150.0,1.530612244897959,98.0,0.5414364640883977,204.0,0.1545785642926349,0.38955048269230913,85.0,119.0,0.5322005832429757,-1.6749077121548228,0.39450590618280845,0.8375441930751146,0.8517532312236207,0.56,0.42,0.635,0.655,0.66,2,7.3408127,-3.3590271
0.06258148631029987,0.14816311897428056,112.0,0.509090909090909,220.0,1.981981981981982,111.0,1.018348623853211,0.07216494845360824,1.008849557522124,113.0,1.0462962962962965,108.0,0.9557522123893806,113.0,1.018018018018018,153.0,0.1046837286278367,0.8435037681124959,74.0,79.0,0.8966239365276919,-0.0630017419440986,0.9637172922875975,-0.7340523261482169,2.647605576155332,0.425,0.38,0.455,0.55,0.48,2,33.974426,-5.4646263
0.0469361147327249,0.08282714749584655,147.0,1.105263157894737,133.0,1.015267175572519,131.0,0.9924242424242424,0.2036082474226804,2.037735849056604,106.0,0.5492227979274611,193.0,1.8557692307692308,104.0,0.574585635359116,213.0,-0.0887946385724778,0.4231189968114259,62.0,151.0,0.9014437204700302,0.0092209063238792,0.6938016230583095,-0.6382528840468483,-0.5606783919597987,0.28,0.22,0.295,0.37,0.35,2,24.454042,-5.816426
0.028683181225554105,0.04551566009466774,173.0,1.4786324786324787,117.0,0.8731343283582089,134.0,1.0387596899224807,0.17654639175257733,1.466165413533835,133.0,0.6244131455399061,213.0,1.6136363636363635,132.0,0.9230769230769232,200.0,-0.109570270152315,0.33065998168356886,64.0,136.0,0.462213555792639,-0.0801003292611744,0.4961630479631831,0.25,0.3067766974713988,0.28,0.245,0.325,0.37,0.375,2,6.335644,-0.9209253
0.15123859191655803,0.1568563495168376,171.0,1.0961538461538465,156.0,0.9873417721518988,158.0,0.9461077844311376,0.19329896907216496,1.238095238095238,168.0,0.918032786885246,183.0,1.0397727272727273,176.0,1.0057142857142858,220.0,-0.2195405129286926,0.4217210732082191,75.0,145.0,0.6653470817221333,-0.40847284265295,0.7008157773584769,-0.7984859156532949,-0.5824796519574172,0.32,0.285,0.345,0.44,0.595,2,21.536222,-3.1973007
0.05736636245110821,0.14279653983068039,111.0,1.1326530612244898,98.0,1.1666666666666667,84.0,0.525,0.05025773195876289,1.2435897435897436,78.0,0.4193548387096774,186.0,1.957894736842105,95.0,1.091954022988506,123.0,-0.0129206617527161,0.5763437465229851,56.0,67.0,0.5647460132961312,0.3188040135324946,0.34999835296718723,-0.0002530385391343,0.8995203043051736,0.74,0.61,0.79,0.995,0.815,2,13.545572,-25.625875
0.10821382007822686,0.15408399267731362,142.0,0.9342105263157896,152.0,0.9101796407185628,167.0,1.0372670807453417,0.1791237113402062,1.7130434782608697,115.0,0.5275229357798165,218.0,1.6641221374045805,131.0,0.6968085106382979,214.0,-0.0511090781055288,0.381174159020276,77.0,137.0,0.5074779827615132,0.7205384191301882,0.28261540938974333,-0.0175694262717699,0.1169113210906039,0.5,0.54,0.55,0.67,0.635,2,-1.2308594,-25.243364
0.05997392438070404,0.05974895930104708,193.0,1.969387755102041,98.0,0.4355555555555555,225.0,1.859504132231405,0.17783505154639176,1.2173913043478262,161.0,1.018987341772152,158.0,1.0394736842105263,152.0,1.1428571428571428,222.0,-0.0173120389742164,0.28524642038979653,85.0,137.0,0.484078515019432,-1.470497861854438,0.23356292760875108,-0.0376850855960942,0.5137615123672382,0.565,0.39,0.605,0.745,0.63,2,-4.0827594,-21.48309
0.15645371577574968,0.14496251051206133,185.0,1.0946745562130178,169.0,1.005952380952381,168.0,0.9710982658959536,0.03221649484536082,0.3085501858736059,269.0,1.5823529411764703,170.0,0.9550561797752808,178.0,1.072289156626506,139.0,-0.295499757787461,0.5440384121879211,81.0,58.0,0.4815568508347261,-0.2597645497691163,0.3765469177600315,-1.882783740933528,0.9114548908396016,0.545,0.455,0.59,0.645,0.985,2,12.434819,-26.619461
0.09256844850065189,0.20829632630128778,104.0,0.6709677419354839,155.0,1.2601626016260163,123.0,1.0,0.13659793814432988,1.1468531468531469,143.0,1.5052631578947369,95.0,0.6785714285714286,140.0,0.9929078014184396,180.0,-0.2624075031968765,0.32587554063692203,66.0,114.0,0.27241129430287064,-0.2619419519234133,0.4236609436304621,-0.0698754166525121,0.0679612038724749,0.215,0.26,0.36,0.425,0.435,2,-8.457861,1.5010964
0.258148631029987,0.13621562526042616,274.0,1.8389261744966443,149.0,1.7126436781609196,87.0,0.4971428571428571,0.07860824742268041,1.586666666666667,75.0,0.3846153846153846,195.0,1.3732394366197185,142.0,1.136,153.0,-0.2358119115064678,0.3521964186211954,70.0,83.0,0.3017864292890142,-0.2219443777842361,0.40540542454975786,0.0863359853207019,0.1411460866536802,0.37,0.34,0.455,0.535,0.54,2,-11.040249,-0.751005
0.10691003911342895,0.19330552000574097,119.0,1.043859649122807,114.0,1.3411764705882352,85.0,0.5985915492957746,0.10438144329896908,1.1680672268907564,119.0,1.017094017094017,117.0,0.975,120.0,1.0434782608695652,148.0,-0.201741392860352,0.18781195651015853,51.0,97.0,0.27270056729913955,-0.264219596853084,0.3198979043909362,-1.0754261723630874,-0.124670175955529,0.215,0.235,0.35,0.385,0.605,2,-20.444487,1.666927
0.02998696219035202,0.05953325129967141,154.0,2.026315789473684,76.0,0.3819095477386934,199.0,0.7158273381294964,0.08634020618556701,0.8802816901408451,142.0,1.1833333333333331,120.0,0.8275862068965517,145.0,0.9666666666666668,173.0,-0.0721406755900841,0.0076671055041689995,86.0,87.0,0.3229816558735459,-0.1015902521323953,0.0933216559899662,-0.1559674846421804,0.0487316440471332,0.345,0.485,0.505,0.605,0.67,2,-16.425364,-21.035349
0.1760104302477184,0.34715587361897554,100.0,0.4385964912280701,228.0,1.3652694610778444,167.0,0.9382022471910112,0.22293814432989692,1.9411764705882355,119.0,0.5242290748898678,227.0,1.3352941176470587,170.0,1.069182389937107,234.0,-0.2071095119617792,0.42628092502363196,73.0,161.0,0.6828301243968182,-0.4326103425039614,0.7593399025468728,-0.6188926832154752,-0.5168372843610738,0.29,0.255,0.315,0.385,0.36,2,23.584024,0.38014865
0.03259452411994785,0.06783479941213809,147.0,1.2672413793103448,116.0,0.9914529914529916,117.0,0.9669421487603306,0.13402061855670103,1.3278688524590163,122.0,1.0252100840336134,119.0,1.0,119.0,1.0347826086956522,164.0,-0.2469852911263822,0.5363149293537739,51.0,113.0,0.5213998549166423,0.7393490168232739,0.28316122855923626,-0.1718903502841371,0.5126815191321101,0.525,0.57,0.575,0.74,0.605,2,6.8835235,-22.877842
0.054758800521512385,0.14465165360871501,108.0,0.4909090909090909,220.0,0.990990990990991,222.0,2.074766355140187,0.06314432989690721,1.0,107.0,0.9553571428571428,112.0,0.509090909090909,220.0,1.0232558139534884,150.0,-0.4614530232428511,0.892455469899183,76.0,74.0,0.5955843564425483,-0.7782571079604375,0.7905216587376395,-1.2704768455430062,-0.5015388983322216,0.445,0.41,0.51,0.57,0.86,2,38.66661,-4.407178
0.07561929595827901,0.10298294413286019,156.0,1.1470588235294117,136.0,1.0303030303030305,132.0,0.5689655172413793,0.16237113402061856,2.329113924050633,79.0,0.4463276836158192,177.0,1.4390243902439024,123.0,1.0603448275862069,192.0,-0.159971511351891,0.165565751771391,64.0,128.0,0.39850355977805674,0.0413556648163308,0.15947885357392777,-0.1343489544112057,0.3263324683265358,0.52,0.495,0.57,0.71,0.585,2,-12.435426,-21.367142
0.10039113428943937,0.21462094497270048,106.0,0.5760869565217391,184.0,1.1572327044025157,159.0,0.9695121951219512,0.18427835051546393,1.4055944055944056,143.0,1.4019607843137254,102.0,0.7034482758620689,145.0,1.0357142857142858,207.0,-0.177313106817798,0.29612031902133246,67.0,140.0,0.5557232178508863,-0.1637503822130707,0.451705741399636,0.0245750051185754,0.0602892660032667,0.3,0.24,0.32,0.375,0.38,2,6.282811,-6.0685797
0.10821382007822686,0.1602184779200491,138.0,1.0298507462686568,134.0,1.4105263157894736,95.0,0.5163043478260869,0.1713917525773196,1.4044117647058822,136.0,1.7435897435897436,78.0,0.3466666666666667,225.0,1.4331210191082802,208.0,-0.2976746472134654,0.30280543564111434,75.0,133.0,0.25988963861832054,-0.456184060751032,0.558983311870895,-0.570663309249193,-0.0433864521592537,0.195,0.315,0.36,0.415,0.625,2,2.8693957,27.872585
0.20990873533246415,0.13042911464378282,243.0,1.0296610169491525,236.0,1.063063063063063,222.0,1.004524886877828,0.327319587628866,1.3624454148471616,229.0,1.0088105726872247,227.0,1.0133928571428572,224.0,1.0566037735849056,304.0,-0.0923089927700758,0.14713299203663235,86.0,218.0,0.3645527032835667,-0.6181372746104676,0.2414719921085585,-0.1344436498867974,-0.1455192097771236,0.28,0.335,0.46,0.535,0.7,2,-9.333574,-17.767529
0.0651890482398957,0.14628092744855412,115.0,0.9829059829059827,117.0,0.9831932773109244,119.0,1.043859649122807,0.11469072164948453,1.2782608695652171,115.0,1.0087719298245614,114.0,1.0178571428571428,112.0,0.9824561403508772,158.0,-0.101085729498514,0.5183182666500018,56.0,102.0,0.30291928401771145,-0.5600988611512321,0.31676794457407265,-2.0804604477259856,0.4811308450948028,0.22,0.12,0.31,0.365,0.545,2,12.48473,-39.80453
0.0847457627118644,0.1592188585214788,122.0,1.0338983050847457,118.0,1.0825688073394495,109.0,0.8515625,0.12757731958762886,1.246031746031746,126.0,1.05,120.0,1.1111111111111112,108.0,0.8181818181818182,168.0,-0.0054108770884765,0.5578760608553637,59.0,109.0,0.5552235894908538,0.3867411579999756,0.36483390864876475,0.9890369661669148,0.9890369661669148,0.56,0.47,0.61,0.63,0.63,2,13.375208,-25.087456
0.05997392438070404,0.18588305338503314,93.0,0.4189189189189189,222.0,1.947368421052632,114.0,0.6404494382022472,0.16237113402061856,1.7358490566037736,106.0,0.6463414634146342,164.0,1.7083333333333333,96.0,0.5274725274725275,208.0,-0.102505093340834,0.4344360596434726,80.0,128.0,0.5226634305086192,0.5062543249261546,0.2800977414570513,0.7288727573416274,0.4752352844942615,0.545,0.56,0.6,0.61,0.66,2,0.92638713,-27.057678
0.024771838331160364,0.03458487624350511,187.0,1.8888888888888888,99.0,1.2222222222222223,81.0,0.6428571428571429,0.18814432989690721,2.2666666666666666,90.0,0.6382978723404256,141.0,0.94,150.0,0.9493670886075948,202.0,-0.2628313179946976,0.09886299859597146,60.0,142.0,0.26203887618006283,-0.301887395763709,0.26732066403583205,-0.4727008597789915,-0.3166060350820069,0.19,0.235,0.3,0.335,0.53,2,-27.008532,-8.955887
0.19426336375488917,0.2309515465628861,150.0,1.162790697674419,129.0,0.9148936170212766,141.0,1.110236220472441,0.19201030927835053,1.6299212598425197,127.0,0.8193548387096774,155.0,1.8902439024390243,82.0,0.4120603015075377,219.0,-0.2223772965648341,0.24060308507609413,75.0,144.0,0.48838755020756114,-0.2344733318054704,0.3654946813984441,0.059692105069504,0.1976430146363169,0.32,0.27,0.345,0.4,0.405,2,4.9034805,-7.8426847
0.04432855280312908,0.0859590113121725,141.0,1.165289256198347,121.0,0.9918032786885246,122.0,0.9838709677419356,0.07989690721649484,0.9090909090909092,132.0,1.03125,128.0,0.9552238805970148,134.0,1.4565217391304348,179.0,-0.2831027583435823,0.43961982520147763,95.0,84.0,0.36273657226610767,-0.3324038355438827,0.5097808476104349,-0.8738559698140762,-0.2024578075902492,0.385,0.48,0.535,0.595,0.57,2,-2.1723835,3.7425559
0.01955671447196871,0.0650478907452886,134.0,1.675,80.0,0.5095541401273885,157.0,1.4952380952380953,0.09536082474226804,1.1282051282051282,117.0,1.017391304347826,115.0,1.2637362637362637,91.0,0.6148648648648649,166.0,-0.3479362036021631,0.4048815089314785,74.0,92.0,0.6468477463377863,-0.3138008815869575,0.49969437728023797,-1.6783938317441651,-0.2003711239335417,0.385,0.29,0.41,0.45,0.7,2,9.989647,-1.5366799
0.20078226857887874,0.3208874625220051,117.0,0.5109170305676856,229.0,1.5369127516778522,149.0,0.4627329192546583,0.3079896907216495,2.076923076923077,143.0,0.6441441441441441,222.0,1.913793103448276,116.0,0.4603174603174603,307.0,-0.1352316383108783,0.46846670341350605,100.0,207.0,0.649500335031633,-0.3435049397863383,0.7922563549013272,-0.6860977186833312,-0.4021133407122922,0.295,0.27,0.325,0.39,0.575,2,24.285961,0.7536595
0.061277705345501955,0.13600493684668918,118.0,1.0727272727272728,110.0,1.896551724137931,58.0,0.3372093023255814,0.04768041237113402,0.6375838926174496,149.0,1.2314049586776858,121.0,1.0341880341880345,117.0,0.9590163934426228,136.0,-0.3035112002059746,0.3935953981411409,70.0,66.0,0.6292863009824816,-0.2343305879347637,0.46821968229304173,-1.582500385849275,-0.2933382858278272,0.44,0.315,0.465,0.52,0.81,2,10.859133,-2.682276
0.13428943937418514,0.2607609710993499,107.0,0.6407185628742516,167.0,1.3046875,128.0,0.7757575757575758,0.15850515463917525,1.4251968503937007,127.0,0.8300653594771242,153.0,1.5,102.0,0.6891891891891891,204.0,-0.0933376661537919,0.4415930459948655,78.0,126.0,0.5332900918808585,0.6767332088441907,0.2815278126657039,0.6378832648909134,0.6741214186162002,0.585,0.605,0.62,0.64,0.645,2,1.674551,-33.885952
0.10951760104302477,0.19455421423784663,120.0,1.0256410256410255,117.0,0.9831932773109244,119.0,0.9916666666666668,0.13917525773195877,1.328,125.0,1.0593220338983051,118.0,1.5945945945945943,74.0,0.4713375796178344,166.0,-0.3685614421098755,0.5449187809096055,50.0,116.0,0.47099625742378803,0.0996392052311544,0.25151759831571263,-0.311960096304687,0.1125141736298752,0.565,0.475,0.61,0.765,0.68,2,9.227978,-31.428904
0.07040417209908735,0.2417359413258608,81.0,0.5126582278481012,158.0,1.3166666666666669,120.0,1.0256410256410255,0.1172680412371134,1.2844827586206895,116.0,0.9747899159663864,119.0,1.4,85.0,0.5704697986577181,160.0,0.0858840884490784,0.5100767286367673,56.0,104.0,0.5606286630720724,0.5974622236107282,0.3621720170350301,0.9339857604307223,0.9339857604307223,0.565,0.53,0.605,0.625,0.625,2,13.65755,-29.831642
0.18252933507170796,0.29390970622448453,118.0,0.5566037735849056,212.0,1.9272727272727272,110.0,0.5339805825242718,0.19974226804123713,1.4013157894736843,152.0,1.216,125.0,0.9615384615384616,130.0,0.9774436090225564,233.0,-0.1344698187648083,0.4164888223888129,84.0,149.0,0.5360288239342279,0.6842858256711408,0.27058651651493393,-0.1184654422645912,0.6123126628375233,0.565,0.585,0.595,0.73,0.615,2,-0.5834328,-35.698
0.06649282920469361,0.22728244442069132,83.0,0.5608108108108109,148.0,1.2542372881355932,118.0,1.0,0.11082474226804123,1.2100840336134453,119.0,1.0258620689655171,116.0,1.0175438596491229,114.0,1.0,160.0,-0.0894475883899789,0.38343469000155633,60.0,100.0,0.6934677940646164,0.0098935060672228,0.599401972304763,-1.152748041086356,-0.0003477457733106,0.36,0.29,0.38,0.425,0.665,2,15.754778,-5.11511
0.19947848761408082,0.35826975525674076,106.0,0.4362139917695473,243.0,1.9918032786885247,122.0,0.4621212121212121,0.22938144329896906,1.950413223140496,121.0,0.4782608695652174,253.0,2.1623931623931623,117.0,0.5518867924528302,249.0,-0.2253754546145865,0.42186940983725807,84.0,165.0,0.627703526589821,-0.4292949140390621,0.7129525908721626,-0.6413666078731922,-0.4673014226099508,0.31,0.275,0.34,0.39,0.6,2,22.861965,0.9511149
0.0847457627118644,0.17443111162453412,114.0,0.7080745341614907,161.0,1.2105263157894737,133.0,0.9851851851851852,0.1327319587628866,1.7127659574468086,94.0,0.5766871165644172,163.0,1.4298245614035088,114.0,0.59375,190.0,-0.208599616805181,0.3696843865945906,78.0,112.0,0.42788898460324143,-1.9599387299856863,0.23130206997101052,-0.210705076846277,0.4988040446339989,0.555,0.41,0.625,0.755,0.64,2,-4.4075155,-27.616795
0.14341590612777053,0.28018096590684516,105.0,1.141304347826087,92.0,0.5380116959064327,171.0,0.7533039647577092,0.19458762886597938,1.9174311926605505,109.0,0.5618556701030928,194.0,1.3197278911564625,147.0,1.4134615384615383,220.0,-0.1208884302745016,0.35493296640415906,74.0,146.0,0.5037635149271895,0.4641249262170118,0.26749683386384104,0.5881953330125065,0.5881953330125065,0.495,0.485,0.525,0.54,0.54,2,-2.7998528,-34.311535
0.15384615384615385,0.24135693958626228,124.0,1.0333333333333334,120.0,1.1764705882352942,102.0,0.6938775510204082,0.11855670103092783,1.1538461538461535,130.0,1.1206896551724137,116.0,1.1153846153846154,104.0,0.697986577181208,179.0,-0.2330315905986812,0.414054734843365,74.0,105.0,0.47550918921897556,0.5031691064412336,0.21682622192270293,-0.1561091526877323,0.497798570238629,0.625,0.655,0.66,0.81,0.675,2,-2.9707804,-31.246601
0.05345501955671447,0.10636885109836398,132.0,1.1092436974789917,119.0,1.4875,80.0,0.5194805194805194,0.12371134020618557,1.2941176470588236,119.0,0.9834710743801652,121.0,1.2736842105263158,95.0,0.6737588652482269,163.0,-0.5716391799632389,0.5974093330688527,56.0,107.0,0.4416794959932072,-0.0608107545516853,0.20372005840352908,-0.5064017864382826,-0.453034940995675,0.585,0.475,0.625,0.775,0.75,2,6.5799847,-26.095448
0.06388526727509779,0.1394007383386848,118.0,1.0,118.0,1.6388888888888888,72.0,0.4472049689440994,0.13144329896907217,0.6926406926406926,231.0,1.991379310344828,116.0,0.9830508474576272,118.0,1.145631067961165,161.0,-0.033255411403497,0.5127429742620865,49.0,112.0,0.5762582351108041,0.3042530123638933,0.3350944552262016,-0.0019219790837616,0.6373533818140609,0.605,0.485,0.64,0.81,0.685,2,11.428828,-24.299982
0.11342894393741851,0.1912688675793272,124.0,0.7515151515151515,165.0,1.853932584269663,89.0,0.559748427672956,0.09664948453608248,1.015267175572519,131.0,0.9492753623188406,138.0,0.8518518518518519,162.0,1.1654676258992809,144.0,-0.2629648383438517,0.135907098396493,51.0,93.0,0.34699634600463247,-0.1874318226647685,0.08541804987594713,-0.2443739531972136,0.0978037575383973,0.6,0.5,0.65,0.825,0.665,2,-14.776468,-22.192652
0.06649282920469361,0.2576651849665848,75.0,0.4601226993865031,163.0,1.3471074380165289,121.0,1.0254237288135593,0.13530927835051546,1.481818181818182,110.0,0.8461538461538461,130.0,1.0655737704918034,122.0,1.0166666666666666,164.0,-0.0422482538338568,0.5971699159288071,50.0,114.0,0.5887717184845699,0.4083746343587663,0.3652671633610246,0.0165866310486637,0.5893903027264578,0.59,0.485,0.625,0.775,0.685,2,15.643387,-28.982899
0.13559322033898305,0.24833926298815073,112.0,0.632768361581921,177.0,1.5258620689655171,116.0,0.6373626373626373,0.15850515463917525,1.547008547008547,117.0,0.73125,160.0,1.568627450980392,102.0,0.6538461538461539,208.0,-0.0555110207719728,0.48112398782019355,82.0,126.0,0.4946503030412287,-2.2345627223239743,0.30857174861224845,-0.0579920417710821,0.7754666303485171,0.55,0.395,0.625,0.81,0.645,2,4.321128,-33.615387
0.09778357235984354,0.13598183615626747,147.0,1.0,147.0,0.7777777777777778,189.0,1.6875,0.125,1.019736842105263,152.0,1.2063492063492065,126.0,0.7078651685393258,178.0,1.1946308724832215,207.0,-0.6956084042777362,0.4549297265121351,99.0,108.0,0.18436353157206428,-0.5829521068766232,0.5972454973790842,-0.6908581903065724,-0.5540441060529955,0.33,0.385,0.485,0.515,0.84,2,17.083742,15.255722
0.17079530638852672,0.19837814231579542,155.0,1.7415730337078652,89.0,0.4587628865979381,194.0,1.375886524822695,0.13015463917525774,0.9298245614035088,171.0,1.9655172413793105,87.0,0.3733905579399141,233.0,1.484076433121019,177.0,-0.0564911170299526,0.3197408357508098,66.0,111.0,0.3348717125515262,-0.0622803562720166,0.4593760034309199,0.2412147508647311,0.3142755572495461,0.23,0.26,0.375,0.445,0.45,2,-9.007664,0.27899444
0.09778357235984354,0.14001386916362843,144.0,1.0140845070422535,142.0,1.0597014925373134,134.0,1.0634920634920637,0.16108247422680413,1.6339285714285714,112.0,0.7417218543046358,151.0,1.495049504950495,101.0,0.5906432748538012,189.0,-0.1230366149328691,0.07492867285800295,61.0,128.0,0.3248381431875358,-0.2288523266046026,0.28240131294035486,-0.6018906615793957,-0.0771205989516255,0.215,0.295,0.33,0.365,0.565,2,-32.677593,-15.876052
0.15645371577574968,0.15058801769842586,180.0,1.1180124223602483,161.0,1.018987341772152,158.0,0.9937106918238994,0.20747422680412372,1.2514285714285711,175.0,0.9722222222222222,180.0,1.0650887573964498,169.0,0.9825581395348836,223.0,0.191076033550585,0.24596456218686527,70.0,153.0,0.537534233677084,0.6534254544908027,0.28739084545234167,0.7281352562021027,0.7281352562021027,0.52,0.535,0.555,0.57,0.57,2,-6.2214046,-18.952059
0.07040417209908735,0.24931294612390942,79.0,0.512987012987013,154.0,1.5555555555555556,99.0,0.6875,0.14432989690721648,1.4049586776859504,121.0,1.0168067226890756,119.0,1.6527777777777777,72.0,0.4311377245508982,168.0,-0.2700547872723209,0.5355600994375505,50.0,118.0,0.48205766726772636,0.1586405231068501,0.27154776048922274,-0.2217482805611857,0.6580909449479672,0.56,0.475,0.61,0.75,0.625,2,10.893632,-33.13136
0.02346805736636245,0.05302830688318634,154.0,1.2419354838709675,124.0,1.0163934426229508,122.0,1.1401869158878504,0.1481958762886598,2.0595238095238093,84.0,0.5419354838709678,155.0,1.2704918032786885,122.0,1.0166666666666666,170.0,-0.3661429430027427,0.5631418275935292,49.0,121.0,0.44627881923490703,-2.641277539017279,0.25634835253281174,-0.2917152226844655,0.6019782866774932,0.485,0.3,0.54,0.7,0.56,2,6.6142464,-24.410357
0.07692307692307693,0.17193869081653354,110.0,0.7586206896551724,145.0,1.3679245283018868,106.0,0.7162162162162162,0.11082474226804123,1.2100840336134453,119.0,0.937007874015748,127.0,1.0672268907563025,119.0,0.8686131386861314,169.0,-0.1183172598041864,0.42243624852286304,69.0,100.0,0.5187167840601992,-1.9482822536964028,0.2811057576701997,-0.0647480691532728,0.7052623611089618,0.615,0.415,0.655,0.83,0.67,2,1.6797128,-27.261211
0.1694915254237288,0.17461719734096856,170.0,0.9497206703910616,179.0,1.0591715976331362,169.0,1.1342281879194631,0.19072164948453607,1.6747967479674797,123.0,0.6684782608695652,184.0,1.2026143790849673,153.0,1.1007194244604317,223.0,-0.1218055745744969,0.4698625928791476,79.0,144.0,0.52631079455051,0.7119553693379407,0.27616344772726653,0.6815199811402598,0.4978154353465192,0.54,0.58,0.585,0.595,0.625,2,2.5002334,-30.12153
0.196870925684485,0.14188168920041674,219.0,0.948051948051948,231.0,0.95850622406639,241.0,1.034334763948498,0.32216494845360827,1.4193548387096775,217.0,1.0,217.0,0.9601769911504424,226.0,0.9955947136563876,306.0,-0.181079560050226,0.164858508448455,91.0,215.0,0.4481166077171273,-0.6574454852055376,0.22128804353966616,-0.2499429805468202,-0.2693452555387755,0.46,0.355,0.49,0.575,0.585,2,-9.144846,-18.070673
0.06910039113428944,0.1497052394178438,116.0,0.9830508474576272,118.0,0.975206611570248,121.0,1.0614035087719298,0.24355670103092783,2.9759036144578315,83.0,0.3108614232209737,267.0,2.282051282051282,117.0,1.0,240.0,-0.3321862578971584,0.41114833831791575,68.0,172.0,0.24799094009498904,-0.3391033216181783,0.4999457487235345,-1.633435080840409,-0.3165820776803342,0.17,0.19,0.28,0.325,0.47,2,-4.7270203,3.3623505
0.1773142112125163,0.32255186366865307,107.0,0.6369047619047619,168.0,1.3228346456692914,127.0,0.9769230769230768,0.13144329896907217,0.9090909090909092,176.0,0.9312169312169312,189.0,1.1595092024539877,163.0,1.0251572327044025,204.0,-0.8263633307685265,0.6037513556261643,92.0,112.0,0.5374764742598175,1.277090267104382,0.5030335815857117,-1.9363816663698976,-0.7942417151515568,0.405,0.45,0.455,0.69,0.49,2,19.079956,-22.186525
0.048239895697522815,0.10913735544202001,125.0,1.0,125.0,0.5630630630630631,222.0,1.930434782608696,0.07087628865979381,1.13,100.0,1.0526315789473684,95.0,0.3991596638655462,238.0,1.0672645739910314,156.0,-0.3715790949487541,0.9059660282896893,77.0,79.0,0.7840280955276969,2.3129108520755293,0.8098565933307275,-1.2322569689961886,-0.3477689512192947,0.435,0.485,0.495,0.55,0.88,2,36.38454,-5.777857
0.1121251629726206,0.22627665984223888,108.0,0.6666666666666666,162.0,1.208955223880597,134.0,0.9571428571428572,0.1327319587628866,1.2105263157894737,133.0,0.9172413793103448,145.0,0.9602649006622516,151.0,1.1185185185185185,179.0,-0.1738426613730552,0.4479804909946633,67.0,112.0,0.514174763349266,-2.3445417087253126,0.2509370656158955,0.5797499499347181,0.5797499499347181,0.57,0.38,0.605,0.62,0.62,2,1.0086677,-31.382088
0.07040417209908735,0.24931294612390942,79.0,0.5,158.0,1.2845528455284554,123.0,1.0336134453781514,0.13917525773195877,1.3833333333333333,120.0,1.0256410256410255,117.0,1.5810810810810811,74.0,0.4484848484848485,166.0,-0.332678975039971,0.5351281220500916,50.0,116.0,0.4586609211713501,0.1627521342600827,0.24800473582169996,-0.2746943722909902,0.1513385902066433,0.555,0.505,0.615,0.745,0.675,2,10.541603,-33.884033
0.13820078226857888,0.30349577085293045,96.0,0.3794466403162055,253.0,1.5911949685534592,159.0,1.7472527472527473,0.13144329896907217,1.2121212121212122,132.0,1.03125,128.0,1.471264367816092,87.0,0.4943181818181818,178.0,-0.2278972790413729,0.324624639220852,66.0,112.0,0.5400795935464828,-0.2478068235926484,0.4276820240863828,0.0112987296922582,0.1609127916919363,0.345,0.265,0.37,0.435,0.445,2,6.8711267,-8.431882
0.16297262059973924,0.2191898582873008,139.0,1.5108695652173914,92.0,0.368,250.0,2.4752475247524752,0.18814432989690721,1.275,160.0,1.3008130081300813,123.0,0.7454545454545455,165.0,1.6176470588235294,217.0,-0.1423985577041546,0.4318092383200637,75.0,142.0,0.49965347413674915,0.6118430128437419,0.2493645970920685,-0.0688063359290688,0.3576996532154032,0.525,0.56,0.57,0.685,0.62,2,0.08026236,-30.316204
0.05997392438070404,0.13931215221280666,115.0,0.5275229357798165,218.0,2.247422680412371,97.0,0.7404580152671756,0.06958762886597938,0.9655172413793104,116.0,1.0642201834862386,109.0,1.0,109.0,0.990909090909091,152.0,-0.2373492784968044,0.789502625916642,74.0,78.0,0.7480803157456347,-0.5527065781738577,0.8487089616788418,-1.0019836271201346,-0.6214156560426377,0.445,0.395,0.485,0.545,0.785,2,36.094646,-4.3096037
0.04432855280312908,0.07825352086872377,149.0,1.3185840707964602,113.0,0.6975308641975309,162.0,1.4210526315789471,0.1327319587628866,1.594059405940594,101.0,0.6824324324324325,148.0,1.2982456140350878,114.0,0.6477272727272727,184.0,-0.0463336759715965,0.47103255556004836,72.0,112.0,0.5554895930166112,0.7351325445404976,0.294272208642454,0.0547566842464835,0.7537970680485702,0.59,0.605,0.625,0.765,0.64,2,4.802537,-22.062277
0.05997392438070404,0.0512894852026259,208.0,1.908256880733945,109.0,0.990909090909091,110.0,1.375,0.18556701030927836,1.565891472868217,129.0,0.6972972972972973,185.0,0.8525345622119815,217.0,2.127450980392157,217.0,-0.116280701558729,0.23776721948794172,76.0,141.0,0.43606752220190587,0.4083336593334562,0.2187617857778573,-0.0876319644975194,0.3956507536363751,0.48,0.51,0.525,0.65,0.55,2,-9.625696,-21.656044
0.10039113428943937,0.20004005069574907,112.0,0.4933920704845815,227.0,2.008849557522124,113.0,0.5067264573991032,0.22164948453608246,2.072072072072072,111.0,0.5068493150684932,219.0,1.3773584905660377,159.0,1.6391752577319587,240.0,0.0379683328341861,0.36453282837434714,79.0,161.0,0.48868934975732853,0.3250419445350884,0.2840563755243927,0.1072234834906184,0.7074989948316268,0.475,0.445,0.52,0.65,0.535,2,-1.1273924,-25.83767
0.23989569752281617,0.3479960606332855,124.0,0.5610859728506787,221.0,1.8888888888888888,117.0,0.5109170305676856,0.25128865979381443,1.7692307692307692,143.0,0.4814814814814814,297.0,2.076923076923077,143.0,0.6441441441441441,262.0,-0.2109536643331883,0.4986535446748162,85.0,177.0,0.7495736492639661,-0.349628150638074,0.7885175698592815,-0.6154315004885237,-0.6154315004885237,0.3,0.26,0.325,0.37,0.37,2,25.217495,0.16888338
0.06388526727509779,0.24427367272784759,77.0,0.5032679738562091,153.0,1.2439024390243902,123.0,1.025,0.11984536082474227,1.26890756302521,119.0,1.0258620689655171,116.0,1.4146341463414631,82.0,0.5466666666666666,164.0,-0.167989447364158,0.5940591084592403,59.0,105.0,0.5432435160490221,0.2531880474289091,0.34243941225216373,-0.1041043106097189,0.4297676859585887,0.575,0.49,0.625,0.805,0.69,2,15.233529,-30.039898
0.09647979139504563,0.13461889542138483,147.0,0.930379746835443,158.0,1.595959595959596,99.0,0.4782608695652174,0.15206185567010308,1.1972789115646258,147.0,0.9545454545454546,154.0,1.0476190476190477,147.0,1.072992700729927,190.0,-0.1796878335433838,0.254775500706613,67.0,123.0,0.29338605226458475,-0.312734522433369,0.5401636402919875,-0.2834650245837838,-0.1562682087929318,0.21,0.31,0.35,0.41,0.61,2,1.6518852,27.756449
0.02216427640156454,0.05032625304864638,156.0,1.3448275862068966,116.0,0.9830508474576272,118.0,1.4936708860759491,0.16494845360824742,1.537190082644628,121.0,0.9918032786885246,122.0,1.605263157894737,76.0,0.4662576687116564,183.0,-0.030453210770619,0.39147813136906867,53.0,130.0,0.5374596875783498,0.3962145616813099,0.3291006337472083,-1.7374621263393242,0.0003287812696841,0.135,0.225,0.245,0.295,0.42,2,2.2952886,-21.276585
0.17079530638852672,0.25480451187768477,127.0,0.7514792899408284,169.0,1.6095238095238096,105.0,0.6481481481481481,0.14175257731958762,1.411764705882353,119.0,0.7345679012345679,162.0,1.4727272727272729,110.0,0.7534246575342466,194.0,-0.1665288777459507,0.3815149878783567,77.0,117.0,0.6650562645416409,-0.201696794909519,0.586345521548465,-0.6093269235040404,-0.3608634133002742,0.37,0.3,0.395,0.475,0.68,2,15.428046,-4.558236
0.06388526727509779,0.14453873363961725,115.0,1.036036036036036,111.0,0.9823008849557522,113.0,0.5113122171945701,0.07345360824742268,1.036036036036036,111.0,1.009090909090909,110.0,0.9565217391304348,115.0,0.9913793103448276,161.0,-0.3920632472511157,0.9400690892782062,81.0,80.0,0.6489391976990107,-0.6502073647251226,0.7597364303320109,2.1983290335328585,2.1983290335328585,0.435,0.4,0.47,0.495,0.495,2,38.456432,-5.3388333
0.08083441981747067,0.16147344803665617,118.0,0.6941176470588235,170.0,1.223021582733813,139.0,0.5864978902953587,0.14948453608247422,1.16,150.0,1.0714285714285714,140.0,0.9333333333333332,150.0,1.1904761904761905,221.0,-0.0511717931651031,0.3422348435295058,100.0,121.0,0.5000450583104382,0.6072269472567473,0.25709846471613024,0.5790312504173418,0.5790312504173418,0.625,0.675,0.685,0.71,0.71,2,-3.3515637,-25.289673
0.0651890482398957,0.24297268384455056,78.0,0.5131578947368421,152.0,1.4615384615384617,104.0,0.7938931297709924,0.13659793814432988,1.3898305084745763,118.0,1.0085470085470083,117.0,1.0833333333333333,108.0,0.864,168.0,-0.1731750812741763,0.32362587165814627,54.0,114.0,0.29352155044768447,-0.2075675382541282,0.48470184451323806,-1.3226354075976898,-0.3208153889782048,0.18,0.215,0.32,0.385,0.445,2,-7.9757037,0.82075036
0.11473272490221642,0.19699019151031505,122.0,1.0517241379310345,116.0,1.432098765432099,81.0,0.5328947368421053,0.09407216494845361,1.0916666666666666,120.0,1.0434782608695652,115.0,0.9745762711864406,118.0,1.4216867469879515,162.0,-0.187256582513978,0.3544714325967419,71.0,91.0,0.5849519413891102,-0.1379150300658314,0.5032662697966807,-1.426579553990362,-0.1711710462666499,0.365,0.285,0.395,0.445,0.66,2,11.955778,-5.4333057
0.09256844850065189,0.17875720691258248,117.0,0.785234899328859,149.0,0.9802631578947368,152.0,1.034013605442177,0.19716494845360824,2.0288461538461537,104.0,0.5977011494252874,174.0,1.1012658227848102,158.0,0.9575757575757576,224.0,-0.0840642253337901,0.37395972927913035,77.0,147.0,0.4900543695148556,-1.9661300405564288,0.2629426919763752,0.6640402951589204,0.6713103714586223,0.5,0.345,0.54,0.555,0.56,2,-1.4045199,-25.514624
0.06779661016949153,0.27358206118212197,72.0,0.4311377245508982,167.0,1.3801652892561984,121.0,0.968,0.1481958762886598,1.4180327868852458,122.0,1.0252100840336134,119.0,1.451219512195122,82.0,0.5324675324675324,172.0,-0.0321034051436145,0.5207010443003272,51.0,121.0,0.35906829952144786,-0.562513131689454,0.36206911951853493,-1.9263007828893228,0.4933815593859477,0.24,0.13,0.3,0.365,0.53,2,10.967062,-40.53932
0.29986962190352023,0.3767846134397202,137.0,1.053846153846154,130.0,0.7647058823529411,170.0,1.452991452991453,0.19072164948453607,2.239130434782609,92.0,0.5287356321839081,174.0,1.2083333333333333,144.0,1.152,209.0,-0.2873409704127914,0.3323261961959472,65.0,144.0,0.278623155073224,-0.3007693110527194,0.4040979469544667,0.0941387856646909,0.2052780000310659,0.24,0.22,0.31,0.365,0.375,2,-9.919983,-1.729111
0.09908735332464146,0.15157109259101936,137.0,1.0378787878787878,132.0,1.375,96.0,0.5454545454545454,0.14948453608247422,1.2794117647058822,136.0,0.9379310344827586,145.0,0.9731543624161074,149.0,0.9612903225806452,183.0,-0.1447564945745981,0.21756289192074346,62.0,121.0,0.30140900807378407,-0.3039054655850581,0.35798069508966474,-0.7417422902535891,0.5776005598799515,0.24,0.295,0.335,0.39,0.35,2,-18.642601,2.4760506
0.08604954367666232,0.13553739896011005,138.0,1.1129032258064515,124.0,1.0598290598290598,117.0,0.7090909090909091,0.15206185567010308,1.3233082706766917,133.0,0.9637681159420288,138.0,0.9787234042553192,141.0,2.0434782608695654,176.0,-0.0977190993424326,0.16452074095510752,53.0,123.0,0.43531903103273245,0.3750832395537068,0.16804510991699614,-0.1080428953006839,0.3193456907537548,0.515,0.545,0.55,0.695,0.57,2,-12.046868,-22.14357
0.06649282920469361,0.1913028832479228,95.0,0.6834532374100719,139.0,1.1487603305785123,121.0,1.0,0.027061855670103094,0.4566473988439306,173.0,2.0352941176470587,85.0,0.551948051948052,154.0,1.2419354838709675,125.0,-0.2816391446456893,0.41186398489043247,70.0,55.0,0.44114019561788764,-0.2590713484731316,0.4922902352923331,-1.426692224633802,-0.2580893782443741,0.495,0.405,0.565,0.62,0.94,2,9.766944,-5.285409
0.04563233376792699,0.032075538552192306,228.0,1.5944055944055944,143.0,1.349056603773585,106.0,0.5221674876847291,0.18814432989690721,1.446808510638298,141.0,1.5326086956521738,92.0,0.416289592760181,221.0,1.3393939393939394,208.0,-0.5100481194593596,0.2513778048909616,66.0,142.0,0.18633513492805778,-0.6579264780555616,0.39146870018822805,-0.9318513172679888,-0.1483903759096768,0.22,0.28,0.315,0.37,0.55,2,-6.3128295,7.3204045
0.22164276401564537,0.2185110672830241,172.0,0.9502762430939228,181.0,0.9576719576719576,189.0,1.0558659217877095,0.23582474226804123,1.235897435897436,195.0,1.1016949152542372,177.0,1.0925925925925926,162.0,1.6363636363636365,247.0,-0.0924267709751193,0.24890410766010274,79.0,168.0,0.46622339391196177,0.4598840714754068,0.19949525693583084,-0.0866771925763806,0.2978120277996879,0.535,0.57,0.575,0.68,0.615,2,-7.905982,-18.90784
0.03911342894393742,0.10174074310368443,122.0,1.0990990990990992,111.0,1.0,111.0,0.9910714285714286,0.08891752577319588,1.1759259259259258,108.0,0.9818181818181818,110.0,0.9649122807017544,114.0,1.0363636363636364,152.0,-0.0939264688404813,0.9057875900992702,64.0,88.0,0.591928833572785,-0.352369688899917,0.883559709747364,-1.6838969259845142,-0.3658014171623233,0.445,0.42,0.49,0.725,0.85,2,38.1728,-4.09967
0.05867014341590613,0.08181975651788985,161.0,1.7127659574468086,94.0,0.5766871165644172,163.0,1.4298245614035088,0.13917525773195877,1.5229357798165135,109.0,0.6526946107784432,167.0,1.4778761061946903,113.0,0.6457142857142857,183.0,-0.0588236511055276,0.49526934262389233,67.0,116.0,0.5214900119463233,-1.951323330070468,0.35211179652278185,-0.0321883607969517,0.8974888158876542,0.57,0.43,0.63,0.8,0.65,2,6.1069207,-21.555233
0.05997392438070404,0.1053205722859232,139.0,0.7513513513513513,185.0,1.3909774436090223,133.0,1.015267175572519,0.1481958762886598,1.2269503546099292,141.0,1.3177570093457944,107.0,0.8106060606060606,132.0,1.306930693069307,181.0,-0.1943284369023994,0.19564511253868697,60.0,121.0,0.3936212560836842,0.3093130036618506,0.14831111223085988,-0.1951732335979392,0.1994160720970822,0.53,0.575,0.585,0.74,0.615,2,-12.16581,-21.530283
0.08996088657105607,0.11599782614544123,157.0,1.0902777777777777,144.0,1.125,128.0,1.0847457627118644,0.17268041237113402,2.206896551724138,87.0,0.4677419354838709,186.0,1.453125,128.0,0.6881720430107527,180.0,-0.0823548140868515,0.18383194509928805,46.0,134.0,0.42973988161796267,0.4036696278707145,0.18324735250396834,0.0080764791915739,0.3692661729629981,0.45,0.495,0.505,0.62,0.52,2,-11.388556,-21.821539
0.05867014341590613,0.14279653983068039,112.0,0.9739130434782608,115.0,1.0176991150442478,113.0,1.036697247706422,0.08891752577319588,1.1545454545454543,110.0,0.9821428571428572,112.0,0.9411764705882352,119.0,1.0258620689655171,159.0,0.1124557344781666,0.9528147168680325,71.0,88.0,0.9749627898303239,0.3552048980916513,0.9464246246045805,-1.549416423538996,-0.7345524775584921,0.39,0.34,0.415,0.63,0.72,2,34.001152,-6.216191
0.06388526727509779,0.22936851613896328,81.0,0.54,150.0,1.2195121951219512,123.0,1.0423728813559323,0.12886597938144329,1.3504273504273503,117.0,1.0,117.0,1.4444444444444444,81.0,0.525974025974026,167.0,0.3845197365749228,0.7970219462070385,57.0,110.0,0.7540462762703324,1.3748944952665605,0.5948832216650398,1.5499496035333211,1.5499496035333211,0.545,0.565,0.605,0.63,0.63,2,20.982222,-17.286263
0.10430247718383312,0.20540662983934924,112.0,0.7671232876712328,146.0,1.0895522388059702,134.0,0.7928994082840237,0.17783505154639176,1.8846153846153848,104.0,0.6081871345029239,171.0,1.6132075471698113,106.0,1.03921568627451,218.0,-0.0724698657050779,0.42501388050573047,81.0,137.0,0.5536105364399355,0.4019322642744986,0.3021824305688134,0.0066305811202359,0.6502894663899167,0.55,0.495,0.58,0.705,0.605,2,2.620619,-31.239407
0.10039113428943937,0.16961535003911807,127.0,0.7426900584795322,171.0,1.4491525423728813,118.0,0.6629213483146067,0.17010309278350516,1.3103448275862069,145.0,1.0507246376811594,138.0,0.9452054794520548,146.0,1.0354609929078014,212.0,-0.1851429454565863,0.44699016707577854,79.0,133.0,0.47323673232719443,0.5794630199661917,0.24134493159560144,-0.2000536832248048,0.5775706335315365,0.535,0.58,0.595,0.75,0.61,2,1.2275894,-25.472397
0.13428943937418514,0.2668241467049958,105.0,0.5898876404494382,178.0,1.424,125.0,0.8680555555555556,0.1327319587628866,1.4,115.0,0.5476190476190477,210.0,1.5441176470588236,136.0,0.8192771084337349,185.0,-0.1300560386257624,0.4973771930721819,73.0,112.0,0.5042640505022897,0.7730905407658218,0.3438920489898595,0.6208969078523908,0.6365655917763782,0.56,0.625,0.635,0.665,0.67,2,4.7825074,-34.6108
0.13689700130378096,0.20154645887640874,133.0,0.9637681159420288,138.0,0.92,150.0,0.8928571428571429,0.21520618556701032,0.995575221238938,226.0,1.6376811594202898,138.0,0.92,150.0,1.1450381679389312,221.0,-0.2133906438364683,0.28440933645352023,64.0,157.0,0.32371309761063294,-0.1233022587507532,0.414012562994109,0.1386854085943618,0.1713928914996236,0.16,0.215,0.29,0.34,0.345,2,-9.917794,2.479182
0.11473272490221642,0.2799943022844591,92.0,1.2266666666666666,75.0,0.423728813559322,177.0,2.132530120481928,0.12628865979381443,1.278688524590164,122.0,1.525,80.0,0.5228758169934641,153.0,1.843373493975904,165.0,-0.1779584530088816,0.61305660676092,56.0,109.0,0.5739617996401323,0.3643580443096715,0.34057732062784785,-0.119587743653586,0.6162136704467791,0.565,0.465,0.61,0.77,0.65,2,16.232035,-29.663918
0.12385919165580182,0.25155921047431085,105.0,0.625,168.0,1.435897435897436,117.0,0.7647058823529411,0.15463917525773196,1.459016393442623,122.0,0.7134502923976608,171.0,1.5833333333333333,108.0,0.7297297297297297,196.0,-0.1030135192210789,0.4135897751652477,72.0,124.0,0.5183582512296435,-2.0515194101072347,0.2720286512321602,0.699306593725801,0.3017913689696609,0.56,0.365,0.59,0.6,0.67,2,-0.41727737,-33.008564
0.10560625814863103,0.13252206352156554,156.0,1.0263157894736843,152.0,0.9681528662420382,157.0,0.9936708860759492,0.17654639175257733,1.2420382165605095,157.0,1.0064102564102564,156.0,1.0196078431372548,153.0,1.0132450331125828,198.0,-0.1348137067068039,0.20253059480859492,62.0,136.0,0.3032302899782118,-0.2591380404769718,0.4614364332173879,-0.3856519574872064,0.0714476920185243,0.21,0.275,0.31,0.36,0.54,2,-11.727577,7.0770607
0.10299869621903521,0.14990123089549384,141.0,1.128,125.0,0.8012820512820513,156.0,1.1470588235294117,0.10051546391752578,1.4782608695652173,92.0,0.5,184.0,2.329113924050633,79.0,0.4463276836158192,160.0,-0.1614099142057939,0.0931869307008616,65.0,95.0,0.4192648987524733,0.2440340316866129,0.18582648611721228,-0.2775307137356745,-0.0410742324683525,0.395,0.43,0.45,0.515,0.485,2,-13.978343,-22.866089
0.09908735332464146,0.17537414764006906,123.0,0.8541666666666666,144.0,0.8275862068965517,174.0,1.183673469387755,0.10824742268041238,1.0597014925373134,134.0,1.887323943661972,71.0,0.4329268292682927,164.0,1.3898305084745763,152.0,-0.1704553675668869,0.0675174626297018,53.0,99.0,0.3089872350455891,-0.120057494326686,0.10641615335049155,-0.6172550092443406,0.0041950537373648,0.295,0.315,0.35,0.4,0.62,2,-15.684277,-22.11312
0.06258148631029987,0.1393717143943087,117.0,1.0,117.0,1.017391304347826,115.0,1.0087719298245614,0.11597938144329897,1.5913978494623655,93.0,0.6690647482014388,139.0,1.1779661016949152,118.0,0.9833333333333332,157.0,-0.0569323937773896,0.5357017072495871,54.0,103.0,0.5218684860396642,0.3695155783126537,0.34516210734069785,0.0478386896554184,0.6475354141922978,0.525,0.47,0.605,0.735,0.65,2,10.608348,-25.434233
0.018252933507170794,0.05063448733791984,150.0,1.851851851851852,81.0,0.5328947368421053,152.0,1.6521739130434785,0.09536082474226804,1.1092436974789917,119.0,1.4875,80.0,0.5298013245033113,151.0,1.8875,165.0,-0.1479329838582863,0.38252718107141065,73.0,92.0,0.5633507149413012,-0.0939382132103233,0.5357420855284545,-1.5097452843366184,0.0440142242351917,0.355,0.285,0.395,0.44,0.7,2,9.687036,-1.1175274
0.05997392438070404,0.07801196765404579,167.0,1.1208053691275168,149.0,1.192,125.0,0.7530120481927711,0.13530927835051546,1.108843537414966,147.0,0.7424242424242424,198.0,1.5114503816793894,131.0,0.9849624060150376,182.0,-0.1290134686130336,0.2669180409619608,68.0,114.0,0.5188171824763567,-0.7728028150253046,0.2829491553951659,-0.2525642608198595,0.7047157632832349,0.61,0.375,0.645,0.845,0.66,2,-4.0084877,-20.842623
0.09778357235984354,0.15475787045920217,134.0,1.887323943661972,71.0,0.4329268292682927,164.0,1.3898305084745763,0.10695876288659793,0.9929577464788732,142.0,1.0676691729323309,133.0,0.95,140.0,2.121212121212121,151.0,-0.1255362029483964,0.15032732208745136,53.0,98.0,0.37120121730217126,-0.0927699886374322,0.1331062852682236,-0.1294334629412421,0.2519734751726523,0.56,0.5,0.61,0.75,0.625,2,-14.001615,-22.140501
0.03389830508474576,0.055370086873120956,165.0,1.352459016393443,122.0,0.7721518987341772,158.0,0.9349112426035504,0.15206185567010308,1.3968253968253967,126.0,1.024390243902439,123.0,0.9318181818181818,132.0,1.4666666666666666,187.0,-0.1647085010867291,0.30142499942018547,64.0,123.0,0.28280054668373483,-0.2346808505781893,0.4506357768417002,0.0568838905991321,0.2534359711012569,0.25,0.225,0.34,0.4,0.41,2,-6.0421796,5.512716
0.048239895697522815,0.06429593574963592,171.0,1.6132075471698113,106.0,1.03921568627451,102.0,0.4340425531914894,0.15335051546391754,1.475,120.0,0.7361963190184049,163.0,1.3583333333333334,120.0,0.5581395348837209,193.0,-0.0813725083197914,0.37414950642278016,70.0,123.0,0.5226839815100557,0.6085908725242462,0.25611766613954734,-0.0658039787706918,0.5708663662192595,0.58,0.59,0.615,0.765,0.635,2,-0.9418908,-22.013708
0.06910039113428944,0.16101038419683858,110.0,0.990990990990991,111.0,0.4955357142857143,224.0,1.041860465116279,0.06314432989690721,0.4953703703703703,216.0,2.0970873786407767,103.0,0.8803418803418803,117.0,1.054054054054054,150.0,0.0135262025391089,0.7453757762598565,76.0,74.0,0.6315268705504814,-0.300893110316924,0.9078798615816135,-0.7347942926387488,0.1403409976851072,0.45,0.415,0.51,0.565,0.86,2,37.161907,-3.0739303
0.048239895697522815,0.06949692225955588,164.0,1.5471698113207548,106.0,0.5760869565217391,184.0,1.6,0.25,1.9534883720930232,129.0,0.7010869565217391,184.0,1.3142857142857145,140.0,1.0294117647058822,250.0,-0.0403391218375251,0.13080615477646293,74.0,176.0,0.35562008975586756,-0.3469574535669755,0.18172210139329753,-0.8933331113308044,0.2846006817404458,0.165,0.27,0.3,0.32,0.505,2,-12.447824,-20.072483
0.11864406779661017,0.26879127766255834,97.0,0.6598639455782312,147.0,1.2672413793103448,116.0,0.6444444444444445,0.12628865979381443,1.4311926605504588,109.0,0.6855345911949685,159.0,1.485981308411215,107.0,0.6369047619047619,184.0,-0.0153495346995291,0.397564593731607,75.0,109.0,0.5139661460410623,-1.925889546427223,0.28261298642099075,-0.0195646330241881,0.6484179829921511,0.6,0.41,0.65,0.795,0.675,2,-0.71484107,-33.03689
0.11994784876140809,0.13668823836642,164.0,1.8636363636363635,88.0,0.4731182795698925,186.0,1.3777777777777778,0.11211340206185567,1.0357142857142858,140.0,1.1382113821138211,123.0,0.984,125.0,1.3020833333333333,172.0,-0.1928228818965019,0.30262339422063833,71.0,101.0,0.5426770550793166,-0.1876374627442497,0.413402740526137,-0.0143930846218995,0.2586037940500731,0.385,0.3,0.41,0.475,0.49,2,6.991564,-4.4966593
0.12255541069100391,0.14921808752387722,156.0,0.981132075471698,159.0,0.9085714285714286,175.0,0.8578431372549019,0.10695876288659793,0.4285714285714285,329.0,1.5893719806763285,207.0,1.1761363636363635,176.0,1.1733333333333331,179.0,-0.0405733435514044,0.295760118418643,81.0,98.0,0.47242917303570386,0.4289803984184209,0.19289666755743756,0.305753093513517,0.305753093513517,0.78,0.825,0.835,0.87,0.87,2,-7.915599,-24.128313
0.05997392438070404,0.21853947798750903,82.0,0.9213483146067416,89.0,0.4917127071823204,181.0,1.9052631578947368,0.16494845360824742,1.524590163934426,122.0,1.0338983050847457,118.0,1.0172413793103448,116.0,1.0,183.0,-0.2537670835781246,0.5272405439597518,53.0,130.0,0.49858875461204866,-2.414196055739715,0.2809503399394015,-0.1522650762360246,0.2361701251142011,0.49,0.3,0.53,0.67,0.595,2,10.75228,-32.26668
0.06779661016949153,0.14797806452105294,116.0,1.045045045045045,111.0,1.018348623853211,109.0,0.981981981981982,0.08891752577319588,1.1043478260869566,115.0,1.074766355140187,107.0,0.9553571428571428,112.0,0.9491525423728814,162.0,-0.1357222632943339,0.9060035255401124,74.0,88.0,0.8762641583059881,-0.2689469172246427,0.9050543587361498,-1.6247414271721872,2.41840059026875,0.4,0.28,0.43,0.64,0.455,2,34.637066,-5.672932
0.10821382007822686,0.27269527602449006,91.0,0.52,175.0,1.0736196319018405,163.0,1.181159420289855,0.21005154639175258,1.7967479674796747,123.0,0.803921568627451,153.0,1.6105263157894736,95.0,0.5792682926829268,220.0,-0.2254980921024203,0.2654134011405028,66.0,154.0,0.27090932329789125,-0.2367971108815681,0.4010052093302249,0.0759798994974873,0.1993843492974523,0.18,0.22,0.3,0.345,0.355,2,-10.796875,2.0075781
0.19426336375488917,0.1339313943427273,226.0,0.9576271186440678,236.0,1.0,236.0,1.0442477876106195,0.3118556701030928,1.4150943396226414,212.0,0.9380530973451328,226.0,1.0272727272727271,220.0,0.995475113122172,301.0,-0.2216141280004837,0.15782375124228587,91.0,210.0,0.42810654115149954,-0.0261882068056386,0.22181463438728125,-0.2540350784971129,-0.2727572557382117,0.46,0.42,0.495,0.565,0.575,2,-9.229483,-18.039516
0.0651890482398957,0.14628092744855412,115.0,0.9829059829059827,117.0,1.0,117.0,1.0263157894736843,0.0,0.3372093023255814,172.0,2.0,86.0,0.581081081081081,148.0,1.2542372881355932,117.0,-0.2317596749810587,0.5157238509499485,77.0,40.0,0.37490470307335416,0.0743984558875616,0.30679298090130064,-2.2026037392082074,0.2328823161860459,0.505,0.53,0.6,0.67,0.92,2,14.068369,-39.944313
0.12516297262059975,0.24765381206949777,107.0,0.6815286624203821,157.0,1.353448275862069,116.0,0.5858585858585859,0.1327319587628866,1.3416666666666666,120.0,0.718562874251497,167.0,1.518181818181818,110.0,0.6547619047619048,184.0,-0.0931031356391056,0.4119944433071419,72.0,112.0,0.5092705669342477,-1.9108003421711133,0.27075015568129585,0.6566080402010053,0.6566080402010053,0.6,0.395,0.645,0.66,0.66,2,-0.6837942,-32.37433
0.17470664928292046,0.2837223017484977,118.0,0.437037037037037,270.0,2.0454545454545454,132.0,0.5892857142857143,0.22809278350515463,2.0982142857142856,112.0,0.5233644859813084,214.0,1.9107142857142856,112.0,0.4890829694323144,258.0,-0.2865088496714078,0.5169029474729879,94.0,164.0,0.6474785096973212,-0.4996387992390436,0.7909480009588516,-0.7861459216120056,-0.628965360654129,0.335,0.3,0.365,0.43,0.625,2,24.23892,-0.7426519
0.06649282920469361,0.22728244442069132,83.0,0.5286624203821656,157.0,1.2764227642276422,123.0,1.0603448275862069,0.1211340206185567,1.2773109243697478,119.0,0.9754098360655736,122.0,1.4698795180722892,83.0,0.988095238095238,162.0,-0.2531896576911012,0.5375804802237937,56.0,106.0,0.49741297072006047,0.1436405144098384,0.28223310433697124,-0.1888705583766922,0.1621328673426798,0.565,0.47,0.61,0.765,0.69,2,11.310119,-32.35241
0.03129074315514994,0.028444526380885182,212.0,1.3417721518987342,158.0,1.0193548387096774,155.0,1.019736842105263,0.22809278350515463,1.3276836158192091,177.0,1.0172413793103448,174.0,0.9666666666666668,180.0,1.0285714285714285,235.0,-0.2713222971634506,0.225314144496522,71.0,164.0,0.25848577829675734,-0.4148422847445807,0.505800807084953,-0.5362459589900123,-0.0779951220186277,0.175,0.27,0.3,0.345,0.5,2,-7.4338474,7.697474
0.14993481095176012,0.23650970681139763,124.0,0.8266666666666667,150.0,1.5463917525773196,97.0,0.5987654320987654,0.12628865979381443,1.5145631067961165,103.0,0.6319018404907976,163.0,1.4954128440366972,109.0,0.8384615384615385,180.0,-0.0514792891435092,0.4112758567855281,71.0,109.0,0.5079258017813706,-1.9635465490933544,0.27076462015782354,0.6821635616323685,0.6211558521606426,0.595,0.395,0.645,0.655,0.68,2,-0.78047675,-32.068913
0.11603650586701435,0.14806896846298936,152.0,0.9559748427672956,159.0,2.064935064935065,77.0,0.2830882352941176,0.2345360824742268,1.4545454545454546,165.0,0.8967391304347826,184.0,1.0514285714285714,175.0,1.09375,233.0,-0.1305104333900785,0.23319089930120263,65.0,168.0,0.3084380726954033,-0.2516660670147111,0.47393742286472534,-0.628602256083889,0.084565076241059,0.215,0.25,0.28,0.325,0.485,2,-10.88819,6.501079
0.07170795306388526,0.2683506403280643,75.0,0.4437869822485207,169.0,1.4201680672268908,119.0,1.0,0.13788659793814434,1.7934782608695652,92.0,0.609271523178808,151.0,1.2583333333333333,120.0,1.0256410256410255,164.0,-0.3673763988933474,0.5427155989903047,49.0,115.0,0.39853176160065484,0.1619406146211571,0.2219075538384624,-0.2659302786936616,0.2237537512129868,0.52,0.505,0.625,0.765,0.685,2,10.626424,-35.479435
0.06649282920469361,0.22389151355619435,84.0,0.5419354838709678,155.0,1.2916666666666667,120.0,1.0256410256410255,0.125,1.3135593220338984,118.0,0.9833333333333332,120.0,1.411764705882353,85.0,0.5555555555555556,163.0,-0.2637996793251522,0.5492891152667742,55.0,108.0,0.4951232400561881,0.1662206310284998,0.27502331849927647,-0.2144323965087579,0.2474982964693077,0.555,0.46,0.6,0.75,0.67,2,11.027318,-32.244835
0.09647979139504563,0.16314481908349776,128.0,1.0491803278688523,122.0,1.0608695652173914,115.0,0.7718120805369127,0.12242268041237113,1.457142857142857,105.0,0.625,168.0,1.6153846153846154,104.0,0.5777777777777777,178.0,-0.0612397813523217,0.4281040989043612,71.0,107.0,0.560271317824984,0.7740781695501121,0.3005328704610625,0.1001401817052141,0.7196892931166008,0.6,0.63,0.64,0.745,0.655,2,3.0596793,-27.976036
0.13298565840938723,0.1274690423859352,183.0,1.1024096385542168,166.0,1.3387096774193548,124.0,0.8051948051948052,0.21262886597938144,1.4025157232704402,159.0,1.0,159.0,1.358974358974359,117.0,0.7647058823529411,235.0,0.0533227448644388,0.44817421654877826,79.0,156.0,0.5514146513213538,0.619689782602473,0.34313386102162885,0.8094022772189482,0.8094022772189482,0.51,0.49,0.545,0.56,0.56,2,11.663818,-20.140547
0.10821382007822686,0.13265212018370617,158.0,1.082191780821918,146.0,1.0138888888888888,144.0,1.1338582677165354,0.16881443298969073,1.6153846153846154,117.0,0.6923076923076923,169.0,1.5943396226415094,106.0,0.6022727272727273,209.0,-0.16285454015387,0.3374765160771424,77.0,132.0,0.471716115158963,-1.8703814034182769,0.21174920109968273,0.505547032970755,0.2873228105407344,0.55,0.37,0.58,0.59,0.635,2,-4.229708,-24.362034
0.11994784876140809,0.24016400690958223,107.0,0.7379310344827587,145.0,1.355140186915888,107.0,0.6645962732919255,0.11469072164948453,1.2672413793103448,116.0,0.6444444444444445,180.0,1.4634146341463414,123.0,0.75,169.0,-0.0567095636590176,0.3989012063079467,67.0,102.0,0.5320656519876321,0.6920328781126812,0.2739321906930103,0.0068318778194327,0.6661306861772451,0.61,0.64,0.645,0.78,0.665,2,-0.4325128,-32.247086
0.06258148631029987,0.04862173163330936,217.0,0.9313304721030042,233.0,2.026086956521739,115.0,1.0454545454545454,0.07087628865979381,0.5136363636363637,220.0,0.944206008583691,233.0,1.0495495495495497,222.0,0.9866666666666668,162.0,-0.3834090650885004,0.9377880427469667,83.0,79.0,0.5929914122108191,-0.7484114533800605,0.8959281880957732,2.5035570745385587,2.5035570745385587,0.445,0.41,0.485,0.51,0.51,2,38.295223,-4.675036
0.024771838331160364,0.04624122029923926,166.0,1.267175572519084,131.0,1.31,100.0,0.6289308176100629,0.13788659793814434,1.2692307692307692,130.0,0.9848484848484848,132.0,1.306930693069307,101.0,0.505,175.0,-0.3245810380117012,0.3149521237735414,60.0,115.0,0.26569013904446803,-0.3206431184199164,0.3791053799018453,-0.0627187275852562,-0.0204847951856217,0.2,0.245,0.345,0.405,0.41,2,-5.694476,5.8758774
0.16297262059973924,0.15150750887536474,184.0,1.1288343558282208,163.0,0.9588235294117649,170.0,0.9826589595375722,0.24613402061855671,1.3833333333333333,180.0,0.8333333333333334,216.0,1.2203389830508475,177.0,1.0290697674418603,235.0,-0.1463787593898743,0.23386942404878644,61.0,174.0,0.3660252828863779,0.2710418394861978,0.15474045558429556,0.305,0.305,0.37,0.48,0.49,0.505,0.505,2,-10.239459,-19.525764
0.09778357235984354,0.12599279954448278,155.0,1.7816091954022988,87.0,0.5272727272727272,165.0,1.2692307692307692,0.18814432989690721,1.6585365853658536,123.0,1.0,123.0,0.9044117647058824,136.0,1.3877551020408163,208.0,-0.3166777431521437,0.2856476678819274,66.0,142.0,0.2596914436347821,-0.2999525494953422,0.3858821911946744,-0.0276465271769204,0.0619173802124387,0.23,0.225,0.32,0.37,0.38,2,-8.683104,4.245275
0.0651890482398957,0.15750129491528517,109.0,0.956140350877193,114.0,0.9743589743589745,117.0,0.5176991150442478,0.08891752577319588,1.1043478260869566,115.0,1.0087719298245614,114.0,0.9827586206896552,116.0,1.0841121495327102,158.0,-0.6643855848857337,0.9840911218909042,70.0,88.0,0.6837676601067748,-0.6274817933118639,0.7860676655171885,-2.339449789161787,2.0739123692514214,0.42,0.385,0.455,0.675,0.48,2,38.086834,-5.639919
0.2607561929595828,0.380920160847257,122.0,0.5147679324894515,237.0,2.0608695652173914,115.0,0.5111111111111111,0.21005154639175258,1.8888888888888888,117.0,0.5109170305676856,229.0,1.5369127516778522,149.0,0.4627329192546583,240.0,-0.1290731730020605,0.5081604654707208,86.0,154.0,0.6581426947628993,-0.3546946774626742,0.8442728697471784,-0.6044396058339002,-0.4634141892834441,0.325,0.3,0.36,0.405,0.61,2,25.046335,0.9297891
0.08735332464146023,0.1384092634505109,137.0,0.8782051282051282,156.0,0.7684729064039408,203.0,1.6370967741935485,0.11984536082474227,1.217741935483871,124.0,0.7209302325581395,172.0,0.6209386281588448,277.0,1.6390532544378698,175.0,-0.2330412822970778,0.3220505866872333,70.0,105.0,0.3177981555253713,-0.2075689873695212,0.4013028828146148,0.0977632971163112,0.2057139232191235,0.325,0.3,0.4,0.46,0.47,2,-7.3985724,3.0265913
0.07822685788787484,0.14123128758046366,128.0,1.0078740157480317,127.0,0.8943661971830986,142.0,1.0597014925373134,0.2615979381443299,2.230769230769231,117.0,0.5735294117647058,204.0,1.4166666666666667,144.0,1.4545454545454546,241.0,-0.1025236186258594,0.2883258156448389,59.0,182.0,0.32237682672583184,-0.0495193972776953,0.4263213620043523,-0.8981059969742318,-0.5041222850101722,0.165,0.18,0.245,0.28,0.41,2,-9.53086,5.560747
0.06258148631029987,0.22342611915891733,82.0,0.5503355704697986,149.0,1.2521008403361344,119.0,1.0258620689655171,0.12757731958762886,1.286885245901639,122.0,1.0338983050847457,118.0,1.475,80.0,0.5298013245033113,165.0,-0.0394993735534196,0.5613733251224329,56.0,109.0,0.602890960016953,0.3741408444289097,0.36805889856042245,-0.0068576659059837,0.7342503914044287,0.575,0.47,0.61,0.77,0.65,2,14.890093,-28.471186
0.19295958279009126,0.1988474775527268,168.0,1.018181818181818,165.0,1.1538461538461535,143.0,1.075187969924812,0.18427835051546393,1.3958333333333333,144.0,0.9230769230769232,156.0,0.9873417721518988,158.0,0.9753086419753086,220.0,-0.166228294450469,0.4239506057812479,80.0,140.0,0.46514163503662925,0.5768622930274988,0.2516908487982955,-0.0945555374895151,0.602020702817151,0.51,0.565,0.58,0.7,0.595,2,0.018237375,-30.073307
0.15123859191655803,0.1789892112163367,155.0,0.775,200.0,1.183431952662722,169.0,1.049689440993789,0.23582474226804123,2.2523364485981308,107.0,0.4652173913043478,230.0,2.0535714285714284,112.0,0.4666666666666667,247.0,-0.1789217203462139,0.43811521819975097,79.0,168.0,0.7008035168418082,-0.3770730826942898,0.760310606807601,-0.9284432352536084,-0.4064182228716725,0.3,0.265,0.325,0.465,0.365,2,22.84585,-2.783356
0.1290743155149935,0.23418530279070232,114.0,0.6195652173913043,184.0,1.6576576576576576,111.0,0.6098901098901099,0.12757731958762886,1.286885245901639,122.0,0.6192893401015228,197.0,1.7589285714285714,112.0,0.7088607594936709,183.0,-0.0968916097948001,0.4151119909160375,74.0,109.0,0.5204006395413927,0.6967776096462492,0.27041540547774007,0.0458280645457913,0.5009165743363572,0.6,0.65,0.655,0.76,0.685,2,-0.31653777,-32.087345
0.1303780964797914,0.15970939531354159,154.0,1.350877192982456,114.0,0.4892703862660944,233.0,1.2263157894736842,0.2345360824742268,1.263157894736842,190.0,1.0857142857142856,175.0,1.0057471264367817,174.0,1.0116279069767442,235.0,-0.2488968232025353,0.21682349145044186,67.0,168.0,0.3779648012932342,0.1686493678100911,0.11140617077167266,0.1825068699557363,-0.2567554752055548,0.48,0.515,0.525,0.535,0.66,2,-10.821316,-19.745453
0.08996088657105607,0.14578687248781083,134.0,0.8874172185430463,151.0,0.9556962025316456,158.0,1.0533333333333332,0.15463917525773196,1.6952380952380952,105.0,1.0,105.0,0.5526315789473685,190.0,1.881188118811881,197.0,-0.0247357919920188,0.4431838001071394,73.0,124.0,0.4926188485442672,0.7450581262415266,0.33424729166201367,0.7022205935397651,0.7022205935397651,0.515,0.57,0.585,0.605,0.605,2,3.1591382,-26.038729
