RR_l_0,RR_l_0/RR_l_1,RR_l_1,RR_l_1/RR_l_2,RR_l_2,RR_l_2/RR_l_3,RR_l_3,RR_l_3/RR_l_4,RR_r_0,RR_r_0/RR_r_1,RR_r_1,RR_r_1/RR_r_2,RR_r_2,RR_r_2/RR_r_3,RR_r_3,RR_r_3/RR_r_4,seq_size,signal_mean,signal_std,wl_side,wr_side,P_val,Q_val,R_val,S_val,T_val,P_pos,Q_pos,R_pos,S_pos,T_pos,label
0.05802357207615594,0.1849325231908883,133.0,1.0390625,128.0,1.0406504065040652,123.0,1.025,0.06943192064923355,1.0289855072463767,138.0,1.0072992700729928,137.0,1.0703125,128.0,0.9696969696969696,195.0,-0.1266939042000538,0.23465057603719275,96.0,99.0,0.316234650721513,-0.3599882425933357,0.3690967563339622,-0.5594217518047349,0.1632283705720911,0.33,0.445,0.495,0.525,0.715,0
0.09519492293744333,0.1817874498204099,176.0,0.9312169312169312,189.0,0.984375,192.0,1.0847457627118644,0.1018935978358882,1.0289017341040463,173.0,1.0613496932515338,163.0,0.9476744186046512,172.0,0.9772727272727272,246.0,-0.1983365327135474,0.18636880328379113,122.0,124.0,0.28207208722566984,-0.4510197172209652,0.49884142047801516,-0.5736741374050816,-0.1995503848399449,0.35,0.475,0.495,0.515,0.67,0
0.12692656391659113,0.2501878505443997,159.0,1.8928571428571428,84.0,0.3888888888888889,216.0,1.565217391304348,0.09558160504959423,1.0301204819277108,166.0,1.1369863013698631,146.0,0.9864864864864864,148.0,0.9866666666666668,281.0,-0.2036278606503642,0.2700561369587299,162.0,119.0,0.27446433058199704,-0.308334510418901,0.509008381039154,-0.4184554973137738,0.2286636208643647,0.46,0.515,0.58,0.67,0.6,0
0.05983680870353581,0.17730572026747812,140.0,1.0,140.0,0.9929078014184396,141.0,0.9791666666666666,0.06762849413886383,0.9929078014184397,141.0,0.9724137931034482,145.0,1.7261904761904765,84.0,0.3943661971830985,193.0,-0.2024533856587381,0.21919351556187974,95.0,98.0,0.33271108893232265,-0.2781352650386625,0.42302662381871264,-0.4558499964425276,-0.1760955442799761,0.345,0.46,0.495,0.565,0.81,0
0.06618313689936536,0.19247381225805738,137.0,0.9856115107913668,139.0,1.0072463768115942,138.0,0.9452054794520548,0.06762849413886383,1.0,140.0,0.9929078014184396,141.0,0.9791666666666666,144.0,0.9664429530201344,193.0,-0.2658351306681851,0.21228429537063753,95.0,98.0,0.32899876249585486,-0.3533849407013903,0.39301486954772896,-0.535057672796983,-0.2315993606777264,0.34,0.46,0.495,0.565,0.755,0
0.08250226654578423,0.17798477019974052,165.0,1.03125,160.0,1.0457516339869282,153.0,0.9870967741935484,0.0829576194770063,0.9751552795031055,161.0,1.0125786163522013,159.0,0.9695121951219512,164.0,0.9647058823529412,218.0,-0.304840609644187,0.12689127067841027,109.0,109.0,0.2843721005390203,-0.4954227317614976,0.35929104314416654,-0.360126768464455,-0.2776801616518632,0.38,0.475,0.505,0.525,0.875,0
0.10063463281958296,0.1876955678751222,177.0,1.0,177.0,1.0290697674418603,172.0,0.9828571428571428,0.09467989179440937,0.9714285714285714,175.0,1.0,175.0,0.9887005649717514,177.0,0.9365079365079364,240.0,-0.1536619525022093,0.19913292445153205,122.0,118.0,0.28131914875805414,-0.4157967530243573,0.5624047823221914,-0.4092882138202418,-0.04332667662468,0.4,0.485,0.51,0.53,0.69,0
0.051677243880326386,0.1785697978336897,130.0,0.9923664122137404,131.0,0.9632352941176472,136.0,0.951048951048951,0.06853020739404869,0.9929577464788732,142.0,1.0142857142857142,140.0,0.9859154929577464,142.0,1.0289855072463767,191.0,-0.0362671347916942,0.2468962167202276,93.0,98.0,0.3490807529242013,-0.2759127806285087,0.43712695359279635,-0.5833797920178349,0.3175560542930898,0.34,0.435,0.49,0.54,0.7,0
0.10788757932910245,0.19340674866134405,180.0,1.005586592178771,179.0,1.0170454545454546,176.0,0.9513513513513514,0.09738503155996393,0.9402173913043478,184.0,0.9735449735449736,189.0,1.0441988950276244,181.0,1.0773809523809523,246.0,-0.007472035827681,0.22846185769006186,125.0,121.0,0.35101122061047385,-0.2330241951937116,0.6452195516862093,-0.1020045483147551,0.1045123360160975,0.35,0.485,0.505,0.53,0.68,0
0.06527651858567543,0.17472165998470668,148.0,0.9673202614379084,153.0,1.0268456375838926,149.0,1.0492957746478873,0.07664562669071236,1.0344827586206897,145.0,0.9797297297297296,148.0,1.034965034965035,143.0,1.0287769784172662,206.0,-0.2629846317156413,0.20918327333458564,101.0,105.0,0.2913755521930234,-0.3780228169100373,0.39146615635895154,-0.5456941274574194,-0.1701720117265869,0.335,0.46,0.49,0.58,0.84,0
0.0942883046237534,0.17942420259852498,177.0,0.988826815642458,179.0,0.9421052631578948,190.0,1.0326086956521738,0.11181244364292155,1.0271739130434783,184.0,1.0823529411764703,170.0,1.0240963855421688,166.0,0.976470588235294,258.0,-0.2657372132117597,0.2111810677840534,126.0,132.0,0.2501877008199043,-0.523764090118074,0.5781593881182182,-0.5327115797673039,-0.0060618153167601,0.33,0.47,0.49,0.51,0.685,0
0.033544877606527655,0.17077969302373544,114.0,1.0,114.0,1.027027027027027,111.0,1.0,0.04238052299368801,1.0,112.0,1.018181818181818,110.0,0.4932735426008968,223.0,0.986725663716814,156.0,0.4940210903044206,0.5158057443142217,78.0,78.0,0.465007179710932,0.0976108476441572,0.8860246053163389,-0.349310184957975,1.1215484565643352,0.3,0.465,0.5,0.55,0.815,0
0.08612873980054397,0.18563678808673162,163.0,1.01875,160.0,1.019108280254777,157.0,1.0,0.0811541929666366,1.0402684563758389,149.0,0.9933333333333332,150.0,0.967741935483871,155.0,0.96875,224.0,-0.2577297480163358,0.12955823699576907,116.0,108.0,0.2987400770596854,-0.4724136399462694,0.4084943159219964,-0.326177708146824,-0.1998598136327864,0.395,0.495,0.52,0.54,0.855,0
0.0371713508612874,0.18559012944107922,110.0,0.9734513274336284,113.0,1.036697247706422,109.0,0.9646017699115044,0.0387736699729486,0.972972972972973,111.0,0.9910714285714286,112.0,0.9824561403508772,114.0,1.0363636363636364,151.0,-0.0483523340883772,0.4683573459684938,76.0,75.0,0.3568198461781365,-0.3785128362030657,0.6765812289990614,-0.934312776971625,0.435123406006549,0.335,0.47,0.51,0.555,0.81,0
0.0643699002719855,0.19934944348838674,131.0,1.0155038759689925,129.0,0.9923076923076924,130.0,1.0,0.06311992786293959,1.0546875,128.0,1.0158730158730158,126.0,1.0161290322580645,124.0,0.984126984126984,190.0,-0.2284630563434417,0.20463992192053054,96.0,94.0,0.285029799033622,-0.4238231546289419,0.48081476858571265,-0.3728701437429553,-0.0150416122288759,0.36,0.45,0.51,0.54,0.765,0
0.06799637352674524,0.19075090892627342,140.0,1.0294117647058822,136.0,1.0074074074074073,135.0,0.9642857142857144,0.018935978358881875,0.455026455026455,189.0,1.3897058823529411,136.0,0.9927007299270072,137.0,0.9856115107913668,164.0,-0.2553425111415332,0.24394422108792368,104.0,60.0,0.30960773956437104,-0.3395047197239105,0.3934991424148053,-0.5504940346784775,-0.2317579081635161,0.47,0.59,0.64,0.735,0.955,0
0.06255666364460562,0.17457547122948525,145.0,1.0283687943262412,141.0,1.0,141.0,0.9463087248322148,0.06853020739404869,0.94,150.0,1.0135135135135136,148.0,1.0068027210884354,147.0,0.9735099337748344,193.0,-0.2115472043462308,0.24406505137202644,95.0,98.0,0.32425971222615224,-0.3074455822677666,0.4051953192334016,-0.7558795382991974,-0.1599497487437183,0.335,0.455,0.49,0.575,0.805,0
0.03626473254759746,0.17992006250668832,112.0,0.9824561403508772,114.0,1.0363636363636364,110.0,0.9734513274336284,0.04418394950405771,0.991304347826087,115.0,1.055045871559633,109.0,0.9732142857142856,112.0,1.018181818181818,156.0,-0.5651550244031648,0.4602411713494079,77.0,79.0,0.18195840256293153,-0.909488955351038,0.5696404430751857,-1.3934629183664284,0.0043003040908726,0.325,0.445,0.5,0.54,0.835,0
0.10154125113327289,0.19260541770679687,174.0,1.0,174.0,1.0481927710843373,166.0,0.994011976047904,0.09467989179440937,1.0,170.0,0.9289617486338798,183.0,0.9945652173913044,184.0,1.022222222222222,236.0,-0.2209735287082763,0.26228962909389036,118.0,118.0,0.2590085274296864,-0.580694277051546,0.642536842734512,-0.5034726936851447,-0.0013250503342076,0.385,0.48,0.505,0.525,0.695,0
0.10063463281958296,0.17193233771448665,191.0,1.0380434782608696,184.0,0.9945945945945946,185.0,1.0511363636363635,0.10459873760144274,6,175.0,0.9722222222222222,180.0,0.967741935483871,186.0,1.0276243093922652,258.0,-0.1325379855108886,0.18167714227257534,132.0,126.0,0.3109512668887666,-0.3009774922140498,0.5445225137941047,-0.4189157205759025,0.1102153805385084,0.405,0.49,0.515,0.535,0.71,0
0.06708975521305531,0.1734769579341788,151.0,1.0202702702702702,148.0,1.049645390070922,141.0,1.0444444444444445,0.0703336339044184,1.0070422535211268,142.0,0.9861111111111112,144.0,1.051094890510949,137.0,0.9927536231884058,202.0,-0.2741073059520703,0.19133080226123436,102.0,100.0,0.29286306938218865,-0.3500537615007997,0.3767756196712993,-0.5243063238994349,-0.2643381740985656,0.34,0.465,0.505,0.57,0.765,0
0.0770625566636446,0.1778412728555643,159.0,0.9875776397515528,161.0,1.0254777070063694,157.0,1.0397350993377483,0.08746618575293057,1.0188679245283019,159.0,1.0324675324675323,154.0,0.9685534591194968,159.0,0.9754601226993864,231.0,-0.2954457607187105,0.08095515563175805,118.0,113.0,0.29497436612057526,-0.4910248617977597,0.30621394064862956,-0.4112726957841786,-0.2842830965168729,0.385,0.49,0.51,0.53,0.815,0
0.09791477787851315,0.18535246196478744,176.0,1.0,176.0,1.0602409638554218,166.0,1.01840490797546,0.09738503155996393,1.0297619047619047,168.0,0.9491525423728814,177.0,0.9779005524861878,181.0,1.0284090909090908,247.0,-0.4560634323314331,0.22047196553688267,126.0,121.0,0.1882252128553854,-0.7942796752629394,0.5125799568070379,-0.7683878669721222,-0.2511552544795248,0.34,0.485,0.51,0.53,0.705,0
0.07978241160471441,0.17296798202548397,166.0,0.9595375722543352,173.0,0.9774011299435028,177.0,1.0172413793103448,0.1055004508566276,1.04,175.0,1.023391812865497,171.0,0.9884393063583816,173.0,1.0613496932515338,245.0,-0.1939141941464753,0.22487248407562574,118.0,127.0,0.2716245371145345,-0.4757709904034546,0.6049821909009103,-0.4613416530607874,0.0854832879724722,0.305,0.46,0.485,0.505,0.705,0
0.09972801450589303,0.1687834676979136,193.0,1.0432432432432432,185.0,1.0755813953488371,172.0,1.0424242424242425,0.09467989179440937,0.9941520467836257,171.0,1.0058823529411764,170.0,0.9770114942528736,174.0,0.9886363636363636,244.0,-0.1760988427012366,0.20346762006384173,126.0,118.0,0.2834055425536122,-0.4301480978095814,0.538423927469608,-0.480822476609389,-0.0682537074395345,0.355,0.495,0.52,0.54,0.7,0
0.1042611060743427,0.18875902912497042,180.0,1.0404624277456649,173.0,1.0176470588235291,170.0,0.9826589595375722,0.08836789900811542,0.9588235294117647,170.0,1.0,170.0,1.0,170.0,0.9392265193370166,230.0,-0.2754318429699791,0.24753538849254783,116.0,114.0,0.24371348027362144,-0.6051347709188613,0.6055469432867352,-0.421486473367465,-0.0719688997475252,0.385,0.48,0.505,0.53,0.7,0
0.09338168631006347,0.18059232193962813,175.0,1.0174418604651163,172.0,0.9885057471264368,174.0,1.0116279069767442,0.10279531109107304,1.0529411764705883,170.0,1.0179640718562877,167.0,1.030864197530864,162.0,0.9938650306748468,248.0,-0.184132563913398,0.2263307525191432,123.0,125.0,0.2730720611664274,-0.4871282707657771,0.6057946849484179,-0.4371074370990521,0.0868437386191214,0.335,0.475,0.5,0.52,0.71,0
0.08703535811423391,0.18432256956752283,165.0,0.9880239520958084,167.0,1.0569620253164558,158.0,0.9875,0.08385933273219116,1.0,158.0,0.9875,160.0,0.975609756097561,164.0,1.0,222.0,-0.3279547621213555,0.08887221585158712,112.0,110.0,0.2745177338830259,-0.6012598139174955,0.2804197052235479,-0.4325189497196242,-0.3179331345786188,0.34,0.475,0.51,0.53,0.85,0
0.06890299184043518,0.18037429185326925,148.0,1.0277777777777777,144.0,1.0359712230215827,139.0,1.0145985401459854,0.07123534715960325,1.0,144.0,1.0285714285714285,140.0,1.0218978102189782,137.0,0.9856115107913668,202.0,-0.1151782392471394,0.20287680289371487,102.0,100.0,0.33638132545685456,-0.1848594553025813,0.46473497541373976,-0.3804804435263039,-0.0922470845103782,0.345,0.46,0.505,0.58,0.83,0
0.0471441523118767,0.20865041594807418,109.0,1.0092592592592593,108.0,0.4909090909090909,220.0,0.990990990990991,0.03967538322813345,1.0186915887850467,107.0,1.0,107.0,0.9553571428571428,112.0,0.509090909090909,226.0,-0.389900932026319,0.5812021454324573,150.0,76.0,0.15593828595602488,-0.7394598427946812,0.7203464747720119,-0.9676454810613336,-0.8690985853274882,0.125,0.17,0.2,0.23,0.235,0
0.07796917497733455,0.18725535515732006,153.0,0.9935064935064936,154.0,0.9808917197452228,157.0,1.0064102564102564,0.0793507664562669,0.9745222929936306,157.0,0.9751552795031057,161.0,0.9698795180722892,166.0,1.006060606060606,214.0,-0.3304527666168768,0.11378398958208565,107.0,107.0,0.2838165812049773,-0.5745929726296585,0.3491262024534406,-0.4500973646521293,-0.2776932439751853,0.38,0.475,0.5,0.52,0.86,0
0.08975521305530372,0.1817874498204099,170.0,0.9941520467836256,171.0,0.9661016949152542,177.0,0.9725274725274724,0.11361587015329125,1.0380434782608696,184.0,0.9945945945945946,185.0,1.0511363636363635,176.0,0.9832402234636872,260.0,-0.1506405676857889,0.2102104998605797,127.0,133.0,0.2988982639769856,-0.4087916450164328,0.6040152106123191,-0.4890405812651865,0.0746597953037331,0.33,0.465,0.49,0.51,0.675,0
0.09338168631006347,0.17042074443253952,184.0,1.0454545454545454,176.0,1.0538922155688624,167.0,1.0,0.10640216411181244,1.0397727272727273,176.0,0.9723756906077348,181.0,1.046242774566474,173.0,0.9611111111111112,255.0,-0.3135608157381953,0.22828845790025407,127.0,128.0,0.23767713424615178,-0.5861831221344191,0.5471777912409194,-0.5037377335737367,-0.2068780297776934,0.385,0.48,0.5,0.525,0.675,0
0.05258386219401632,0.1919897609978155,123.0,0.9919354838709676,124.0,0.9612403100775194,129.0,0.9699248120300752,0.056807935076645624,0.9696969696969697,132.0,0.9705882352941176,136.0,1.0708661417322836,127.0,0.927007299270073,182.0,-0.2057669019766581,0.18734240878609315,93.0,89.0,0.29876796902389546,-0.4036379740217889,0.4642925043268191,-0.4443327882214771,0.0264135138582186,0.31,0.455,0.515,0.54,0.775,0
0.13689936536718042,0.43694725236732423,100.0,0.8130081300813008,123.0,1.0982142857142858,112.0,1.0275229357798166,0.04508566275924256,1.0849056603773586,106.0,0.4774774774774775,222.0,2.018181818181818,110.0,0.4954954954954955,154.0,-0.1438373200805218,0.49176065920643103,74.0,80.0,0.32119826462925166,-0.4549999999999999,0.6739417692041089,-1.0996561303852883,0.24,0.295,0.44,0.485,0.53,0.835,0
0.09066183136899365,0.1880870696739284,166.0,1.0573248407643312,157.0,1.0064102564102564,156.0,0.9936305732484076,0.08476104598737602,1.0192307692307692,156.0,0.968944099378882,161.0,0.930635838150289,173.0,1.0,226.0,-0.2831952101742246,0.09769807997527866,115.0,111.0,0.29174162156670214,-0.5102091092025092,0.34229618447425525,-0.3210108180386121,-0.2439989697340994,0.385,0.485,0.51,0.53,0.81,0
0.038077969174977334,0.1781501040962914,115.0,1.036036036036036,111.0,1.0,111.0,1.0277777777777777,0.0405770964833183,1.0185185185185186,108.0,0.9908256880733946,109.0,1.0092592592592593,108.0,1.0,156.0,-0.1552811683099019,0.46015401078329354,79.0,77.0,0.3226052241959302,-0.5634616859207006,0.7297360760619116,-0.8029292683669176,0.2059590971409795,0.335,0.44,0.505,0.55,0.86,0
0.08884859474161379,0.17934128164337115,171.0,0.9771428571428572,175.0,0.9308510638297872,188.0,1.0444444444444445,0.1145175834084761,1.0491803278688525,183.0,1.011049723756906,181.0,1.046242774566474,173.0,0.9558011049723756,259.0,-0.1317252173572259,0.19782726436116588,125.0,134.0,0.30030433188846634,-0.3432927443518722,0.555416424851177,-0.5095616172050295,0.0073021070561759,0.36,0.465,0.485,0.505,0.665,0
0.06980961015412511,0.1817874498204099,148.0,1.0422535211267605,142.0,0.9793103448275862,145.0,0.9602649006622516,0.06582506762849413,0.9452054794520548,146.0,0.9798657718120806,149.0,1.0492957746478873,142.0,0.9342105263157896,187.0,-0.3245142903277753,0.10892345657062784,91.0,96.0,0.2837748233114242,-0.5559075053815543,0.3236432204637075,-0.4668441572032124,-0.2849535921310842,0.345,0.465,0.49,0.51,0.845,0
0.08522212148685404,0.1830627387175856,164.0,0.9647058823529412,170.0,1.0493827160493827,162.0,1.0451612903225806,0.08746618575293057,0.9938650306748467,163.0,1.0251572327044025,159.0,1.0324675324675323,154.0,1.013157894736842,230.0,-0.2243562990673998,0.11002480650681896,117.0,113.0,0.3146295893284254,-0.4224222110665809,0.3887393272888223,-0.3353189408238718,-0.1984410302353044,0.39,0.485,0.51,0.53,0.795,0
0.08340888485947416,0.18307848302495813,162.0,1.0,162.0,0.9529411764705882,170.0,1.011904761904762,0.059513074842200184,0.6616161616161617,198.0,1.1511627906976745,172.0,1.0617283950617284,162.0,1.0,207.0,-0.2210173220134477,0.10763194135920566,116.0,91.0,0.3099229528623722,-0.4508131863266408,0.37076543045402705,-0.3568938641477797,-0.2130393893700068,0.375,0.535,0.56,0.58,0.935,0
0.09338168631006347,0.1918668415860395,166.0,1.0506329113924051,158.0,0.9575757575757576,165.0,0.9821428571428572,0.07844905320108206,0.95,160.0,0.9580838323353292,167.0,0.9881656804733728,169.0,1.0368098159509205,215.0,-0.233016302592169,0.23659264218422305,109.0,106.0,0.26242853504663866,-0.5712224001364175,0.6114522015826674,-0.520514931801314,-0.2144742007736247,0.39,0.485,0.51,0.53,0.68,0
0.0743427017225748,0.1903240775402799,147.0,1.05,140.0,1.0071942446043165,139.0,0.9788732394366196,0.07484220018034266,1.0422535211267605,142.0,1.0070921985815602,141.0,0.9929577464788732,142.0,0.9726027397260274,205.0,-0.2350415701308788,0.20992762476791305,102.0,103.0,0.3089654768672723,-0.309103060141437,0.3992128107084632,-0.5097951280003302,-0.1650861953261633,0.335,0.46,0.495,0.57,0.78,0
0.08068902991840435,0.17793811155408817,163.0,0.9939024390243902,164.0,0.9761904761904762,168.0,1.030674846625767,0.05410279531109107,0.625,200.0,1.2269938650306749,163.0,1.0124223602484472,161.0,1.0254777070063694,201.0,-0.280035083516768,0.09962294678329121,114.0,87.0,0.3009832622649063,-0.4776654126401926,0.3062717649844972,-0.4189634742386524,-0.261714321153732,0.425,0.545,0.57,0.59,0.985,0
0.0815956482320943,0.18441823446364028,159.0,1.0063291139240509,158.0,1.0193548387096774,155.0,0.9281437125748504,0.08025247971145176,1.0065359477124183,153.0,0.9807692307692308,156.0,0.9873417721518988,158.0,1.0128205128205128,213.0,-0.2152360361975432,0.14197349538971726,106.0,107.0,0.31508848529978517,-0.3982880676897958,0.4031821188886646,-0.2513896219963885,-0.2513896219963885,0.38,0.475,0.5,0.525,0.525,0
0.07343608340888486,0.1751267052619126,157.0,0.9631901840490796,163.0,0.9819277108433736,166.0,0.988095238095238,0.08926961226330027,1.0123456790123457,162.0,0.9938650306748468,163.0,1.0939597315436242,149.0,1.0136054421768708,261.0,-0.125824239391955,0.4000223983541486,147.0,114.0,0.41032793833420717,-0.228916166577914,0.7127930500778524,-0.3975372587938945,-0.0463570592423712,0.535,0.515,0.565,0.64,0.605,0
0.0643699002719855,0.2852603637091499,95.0,0.4611650485436893,206.0,1.3825503355704698,149.0,1.0492957746478873,0.0757439134355275,1.0347222222222223,144.0,0.972972972972973,148.0,1.0277777777777777,144.0,1.0285714285714285,206.0,-0.2639668756042537,0.21541012773742227,102.0,104.0,0.2924288092848449,-0.350228657124793,0.3954297466847501,-0.5517270701951524,-0.2271740956360586,0.335,0.46,0.495,0.575,0.83,0
0.10788757932910245,0.19098074121103914,182.0,1.0282485875706215,177.0,1.0350877192982455,171.0,0.9884393063583816,0.09648331830477908,0.9608938547486033,179.0,0.9322916666666666,192.0,1.037837837837838,185.0,0.9736842105263158,241.0,-0.3112016690332035,0.23026160218922223,121.0,120.0,0.24871891863365087,-0.6115351034409404,0.6048285765986254,-0.5083102093641019,-0.1822106839341787,0.39,0.48,0.505,0.525,0.675,0
0.02901178603807797,0.06881051734025534,224.0,1.4451612903225806,155.0,1.631578947368421,95.0,0.4656862745098039,0.0829576194770063,1.097902097902098,143.0,0.9930555555555556,144.0,0.972972972972973,148.0,1.0068027210884354,219.0,-0.440222765191772,0.33572541062935346,110.0,109.0,0.22495773596388097,-0.4888023187347255,0.549624200996459,-0.6482237322483904,-0.0570923937709003,0.33,0.445,0.51,0.615,0.54,0
0.13327289211242066,0.17894834512624502,221.0,0.9778761061946902,226.0,1.0272727272727271,220.0,1.9469026548672568,0.027051397655545536,0.753968253968254,126.0,0.5727272727272728,220.0,0.990990990990991,222.0,0.9866666666666668,142.0,-0.3316440979825155,0.5654809518359256,76.0,66.0,0.27468160682311504,-0.4884745080189915,0.712391898923506,-1.1076377599850895,0.2939697153076314,0.35,0.49,0.535,0.585,0.86,0
0.06980961015412511,0.1817874498204099,148.0,1.0068027210884354,147.0,1.0,147.0,1.0575539568345325,0.0775473399458972,1.0342465753424657,146.0,1.0354609929078014,141.0,1.0217391304347827,138.0,1.0,213.0,-0.3071057874484703,0.20700836125882138,108.0,105.0,0.30507925869209407,-0.3464195278197541,0.3666027980450323,-0.58,-0.2632251191600424,0.345,0.47,0.505,0.585,0.81,0
0.08522212148685404,0.18967980375010102,159.0,0.9520958083832336,167.0,0.9226519337016574,181.0,1.0584795321637428,0.09828674481514878,0.9666666666666667,180.0,1.0285714285714285,175.0,0.9887005649717514,177.0,1.023121387283237,233.0,-0.1507306243671788,0.23006756509183662,112.0,121.0,0.2989890676907766,-0.4498753138851368,0.6269657058476314,-0.4278230986037805,-0.0693079530151128,0.34,0.46,0.485,0.505,0.665,0
0.06708975521305531,0.18323986217552665,144.0,1.0140845070422535,142.0,1.0070921985815602,141.0,0.9657534246575342,0.06762849413886383,0.9523809523809523,147.0,1.013793103448276,145.0,0.9931506849315068,146.0,0.9798657718120806,196.0,-0.2970816272333505,0.2264500705277456,98.0,98.0,0.30529030534307566,-0.3880514174362953,0.3838165087924188,-0.7033494572420389,0.0739203732346765,0.36,0.47,0.5,0.575,0.53,0
0.0743427017225748,0.3491053531298619,85.0,0.33203125,256.0,1.5802469135802468,162.0,0.9938650306748468,0.08746618575293057,1.0062111801242235,161.0,1.0522875816993464,153.0,1.06993006993007,143.0,1.0,218.0,-0.2611684618622668,0.40323033836043737,105.0,113.0,0.28520864782905925,-0.2907905242709875,0.6948273577257306,-0.4753275056815259,0.1293831343131069,0.34,0.44,0.485,0.58,0.515,0
0.03535811423390753,0.18765139502985329,107.0,0.9553571428571428,112.0,1.0275229357798166,109.0,0.990909090909091,0.03967538322813345,1.0,109.0,0.9732142857142856,112.0,0.9739130434782608,115.0,1.074766355140187,153.0,-0.0778579096411581,0.4609925096255873,77.0,76.0,0.31782388171177417,-0.3474053259199119,0.7257656547766477,-0.914856986443186,0.3248190992490437,0.31,0.46,0.505,0.555,0.8,0
0.06618313689936536,0.17892241722949462,146.0,0.9605263157894736,152.0,1.027027027027027,148.0,1.6629213483146068,0.0739404869251578,1.013793103448276,145.0,0.9797297297297296,148.0,1.0,148.0,1.0571428571428572,200.0,-0.1831350580569425,0.18679110044823916,98.0,102.0,0.32050281278711357,-0.3078239100996057,0.40354454699702136,-0.4218824959638155,-0.0815879604885704,0.33,0.455,0.49,0.555,0.755,0
0.10698096101541252,0.19103153287618074,181.0,0.989071038251366,183.0,1.0054945054945057,182.0,1.089820359281437,0.1018935978358882,1.04093567251462,171.0,1.0363636363636364,165.0,0.9763313609467456,169.0,0.949438202247191,245.0,-0.207533451949247,0.19506014203947286,121.0,124.0,0.2660399215972747,-0.4572999338346228,0.5188196610378063,-0.4958672683766525,-0.0455878210390014,0.33,0.475,0.495,0.52,0.685,0
0.09338168631006347,0.17150151314155015,183.0,0.973404255319149,188.0,1.0444444444444445,180.0,1.0588235294117647,0.10009017132551848,1.035294117647059,170.0,1.0,170.0,0.96045197740113,177.0,0.9779005524861878,255.0,-0.1470268981280642,0.22348211566385098,132.0,123.0,0.28797693531823804,-0.4734609727386888,0.6413638340023617,-0.3765698005900334,-0.0320389909480101,0.35,0.495,0.52,0.54,0.685,0
0.08975521305530372,0.18056436573189047,171.0,0.9661016949152542,177.0,0.9725274725274724,182.0,0.994535519125683,0.1073038773669973,0.9945945945945946,185.0,1.0511363636363635,176.0,0.9832402234636872,179.0,0.9835164835164836,261.0,-0.2182744103787931,0.17996054063930492,133.0,128.0,0.2708299847461071,-0.458294869076296,0.5128634917260869,-0.5695303614166909,-0.16952312488614,0.34,0.485,0.51,0.53,0.665,0
0.06346328195829556,0.18479676462813382,139.0,1.0145985401459854,137.0,0.9383561643835616,146.0,0.9605263157894736,0.06943192064923355,0.9861111111111112,144.0,0.979591836734694,147.0,0.9865771812080536,149.0,0.9738562091503268,197.0,-0.1472419434907871,0.21726427028012513,98.0,99.0,0.3513304544014859,-0.2362545016535702,0.4407970880954654,-0.4097920677211205,-0.1132866729168925,0.35,0.46,0.495,0.56,0.8,0
0.10244786944696282,0.1864351693567835,180.0,1.0526315789473684,171.0,0.994186046511628,172.0,1.011764705882353,0.09287646528403967,1.0,168.0,0.9824561403508772,171.0,0.9095744680851064,188.0,1.0386740331491713,235.0,-0.3040778978329361,0.19566111053100718,118.0,117.0,0.23989288573936934,-0.5580315921033481,0.44669633400154385,-0.6258171100071248,-0.2262355573953535,0.345,0.48,0.5,0.525,0.69,0
0.06890299184043518,0.18467224125677975,145.0,0.9797297297297296,148.0,1.0,148.0,1.0571428571428572,0.07303877366997295,1.0,146.0,1.028169014084507,142.0,1.0070921985815602,141.0,1.0291970802919708,202.0,-0.2222905064342367,0.22587301387308475,100.0,102.0,0.3294577925008442,-0.2936641674049797,0.42730869175459735,-0.4967972704254356,-0.2373220428095476,0.335,0.46,0.495,0.58,0.76,0
0.06255666364460562,0.17884171208608854,142.0,1.0070921985815602,141.0,0.9724137931034482,145.0,0.9931506849315068,0.027953110910730387,0.5052631578947369,190.0,1.2666666666666666,150.0,1.0273972602739727,146.0,0.9864864864864864,163.0,-0.257767151292361,0.2235431628637655,96.0,67.0,0.28927455698434457,-0.3687659439029777,0.38478194575107894,-0.5070389597770006,-0.1288902310538544,0.39,0.545,0.59,0.68,0.95,0
0.08794197642792384,0.1868886054091127,164.0,1.0186335403726707,161.0,1.038709677419355,155.0,0.9935897435897436,0.08385933273219116,1.0,158.0,0.9937106918238994,159.0,0.9464285714285714,168.0,0.9940828402366864,220.0,-0.3188241896594677,0.1130777601598602,110.0,110.0,0.27742415362472866,-0.5365967604520443,0.3649874853505232,-0.3748070422361149,-0.2799508261694057,0.34,0.48,0.505,0.525,0.85,0
0.08612873980054397,0.1710312988933737,175.0,0.9831460674157304,178.0,,174.0,1.0674846625766872,0.10009017132551848,1.0797546012269938,163.0,1.0251572327044025,159.0,0.9352941176470588,170.0,0.9941520467836256,246.0,-0.2754254682833653,0.23806312339823474,123.0,123.0,0.24848710541940291,-0.5997562765152595,0.5779657272368853,-0.5671498333395801,-0.1044015800399572,0.375,0.475,0.5,0.525,0.7,0
0.06890299184043518,0.1776045022376736,150.0,1.0135135135135136,148.0,1.0068027210884354,147.0,0.98,0.07844905320108206,1.0,152.0,1.0410958904109588,146.0,1.0138888888888888,144.0,1.0285714285714285,208.0,-0.1549908595185622,0.21598415626162276,102.0,106.0,0.3278809057206408,-0.1973066668246584,0.44555316386271027,-0.4141195715110908,-0.0909937723738663,0.335,0.46,0.49,0.57,0.78,0
0.0942883046237534,0.19312676555674324,166.0,1.0573248407643312,157.0,0.9127906976744186,172.0,0.9662921348314608,0.09377817853922453,1.5363636363636364,110.0,0.4150943396226415,265.0,1.505681818181818,176.0,1.0,230.0,-0.1288584861457629,0.37067246616665783,112.0,118.0,0.3134740657438124,-0.1724275080911789,0.6866505118259347,-0.3361740035696465,0.4528931305230267,0.33,0.45,0.495,0.6,0.52,0
0.0770625566636446,0.1752921895987697,161.0,0.9640718562874252,167.0,1.0,167.0,1.030864197530864,0.09017132551848513,0.9705882352941176,170.0,1.0303030303030305,165.0,1.0855263157894737,152.0,0.987012987012987,250.0,-0.3113045226478929,0.07881835619794347,135.0,115.0,0.2774552218397316,-0.5106737338065721,0.324067827121054,-0.3592576939661928,-0.2795403841569613,0.44,0.52,0.54,0.56,0.845,0
0.08522212148685404,0.17327563787879532,172.0,0.9772727272727272,176.0,1.0292397660818713,171.0,1.0426829268292683,0.09828674481514878,1.0609756097560976,164.0,0.9820359281437124,167.0,0.9881656804733728,169.0,0.971264367816092,241.0,-0.2303623561187899,0.24023146217625413,120.0,121.0,0.26193827128594277,-0.5677718723409039,0.5946211053505663,-0.4913329797985152,0.0280653287205334,0.32,0.475,0.5,0.525,0.725,0
0.07524932003626474,0.1845393890195785,152.0,0.926829268292683,164.0,0.95906432748538,171.0,1.0178571428571428,0.08385933273219116,0.9575757575757575,165.0,0.9821428571428572,168.0,1.030674846625767,163.0,1.1164383561643836,219.0,-0.3207549682711784,0.16831224277305995,109.0,110.0,0.28633553975138853,-0.5275553721424895,0.39623404571150667,-0.4388731328582321,-0.2801987584685801,0.375,0.475,0.505,0.525,0.845,0
0.08250226654578423,0.18844819437890717,157.0,0.9874213836477987,159.0,0.99375,160.0,0.9411764705882352,0.08566275924256087,0.975609756097561,164.0,0.970414201183432,169.0,1.0,169.0,1.049689440993789,224.0,-0.4196659415188414,0.1345583924077845,112.0,112.0,0.25406000255523514,-0.632584306369472,0.2868212318980656,-0.5528977545825382,-0.4199438881310322,0.34,0.47,0.5,0.525,0.86,0
0.10879419764279238,0.26636911050073947,136.0,1.7435897435897436,78.0,0.3466666666666667,225.0,1.4331210191082802,0.06943192064923355,0.9161290322580645,155.0,0.9393939393939394,165.0,0.9821428571428572,168.0,1.070063694267516,199.0,0.161119230185925,0.30189799431286457,100.0,99.0,0.4037328129323946,0.0959270920595543,0.7096012075601583,-0.0054732228590322,0.5399812293410311,0.32,0.445,0.505,0.6,0.535,0
0.07252946509519492,0.18459479719137384,149.0,0.9933333333333332,150.0,0.9554140127388536,157.0,0.9691358024691358,0.08476104598737602,1.2926829268292683,123.0,0.6212121212121212,198.0,1.2857142857142858,154.0,1.811764705882353,259.0,-0.4013876603532865,0.4180434777095801,148.0,111.0,0.3747856410803406,-0.0590287683366039,0.5525884430452553,-0.6028399616237773,0.2042012268280871,0.545,0.55,0.58,0.625,0.595,0
0.07796917497733455,0.16809327618645178,168.0,0.9767441860465116,172.0,1.048780487804878,164.0,1.025,0.09467989179440937,1.0240963855421688,166.0,1.077922077922078,154.0,0.9746835443037974,158.0,1.0,234.0,-0.2711632992737969,0.1494712893333986,116.0,118.0,0.2951108303995701,-0.4422307926584103,0.40266707631525084,-0.322411069570224,-0.2182906488516205,0.375,0.47,0.5,0.52,0.815,0
0.09882139619220308,0.19025006053692844,173.0,1.0297619047619049,168.0,1.024390243902439,164.0,1.0186335403726707,0.0829576194770063,1.0129032258064516,155.0,0.9872611464968152,157.0,0.98125,160.0,0.975609756097561,223.0,-0.1603450151768234,0.24529459102250256,114.0,109.0,0.28199592028186954,-0.4810677446035304,0.6481315066104109,-0.332240924153712,-0.1066262137356093,0.34,0.49,0.515,0.54,0.695,0
0.06346328195829556,0.2931811626215396,92.0,0.416289592760181,221.0,1.3393939393939394,165.0,1.0443037974683544,0.08656447249774572,1.4375,112.0,0.4628099173553719,242.0,1.5816993464052287,153.0,0.9935064935064936,214.0,-0.3661403404424065,0.3288021819399176,102.0,112.0,0.24866647768054306,-0.3884280234744949,0.6026527996347383,-0.1213786019162532,-0.1213786019162532,0.325,0.435,0.48,0.51,0.51,0
0.05349048050770626,0.17861855013651873,132.0,1.0232558139534884,129.0,1.048780487804878,123.0,1.0165289256198349,0.05229936880072137,0.984,125.0,0.992063492063492,126.0,0.9618320610687024,131.0,0.9776119402985076,174.0,0.1052668765578942,0.24325959449785925,88.0,86.0,0.38858594444470596,-0.089454167609472,0.4718935682380915,-0.3913301475965405,0.3557701922668025,0.34,0.47,0.51,0.535,0.72,0
0.09156844968268359,0.17138785638266774,181.0,1.0402298850574712,174.0,1.0545454545454545,165.0,1.0,0.09017132551848513,1.0060975609756098,164.0,0.9820359281437124,167.0,0.9597701149425288,174.0,0.9942857142857144,240.0,-0.2063805903164187,0.21867344097202032,125.0,115.0,0.261188493061729,-0.5123810645979856,0.5919499141178542,-0.4817750826174508,-0.030367943421945,0.41,0.5,0.525,0.545,0.72,0
0.032638259292837715,0.07624548534859119,216.0,2.0970873786407767,103.0,0.8803418803418803,117.0,1.054054054054054,0.1406672678088368,1.0137614678899083,218.0,2.056603773584906,106.0,0.9298245614035088,114.0,1.0555555555555556,314.0,-0.2974715317089482,0.661017006510903,160.0,154.0,0.24587303445660386,-0.4056921943529594,0.8170787717338742,-0.8698485503051807,-0.6335497480426744,0.095,0.11,0.14,0.195,0.17,0
0.03626473254759746,0.08112305705829799,214.0,0.9511111111111112,225.0,1.0227272727272727,220.0,2.1153846153846154,0.14337240757439135,1.041860465116279,215.0,2.0093457943925235,107.0,0.9907407407407408,108.0,0.9310344827586208,233.0,-0.0101040219122698,0.7640706072640729,77.0,156.0,0.44949367088861386,-0.1724927922396957,0.9696212262727323,-0.4171876219408785,-0.4171876219408785,0.505,0.755,0.805,0.845,0.845,0
0.13236627379873073,0.4090341213825262,104.0,0.8813559322033898,118.0,1.2826086956521738,92.0,0.6917293233082706,0.13525698827772767,0.9953703703703703,216.0,1.981651376146789,109.0,0.990909090909091,110.0,1.134020618556701,301.0,-0.4795250105299897,0.6120700208753541,151.0,150.0,0.8096828199331234,-0.6820344457903296,0.6801930016432429,-0.8813090646316604,-0.2443901331649858,0.5,0.835,0.855,0.88,0.985,0
0.09066183136899365,0.19477797026369031,161.0,1.018987341772152,158.0,1.0,158.0,0.9875,0.07844905320108206,0.9681528662420382,157.0,0.9874213836477987,159.0,0.9464285714285714,168.0,0.9882352941176472,219.0,-0.2844328571305394,0.09158273526064245,113.0,106.0,0.2902967836614787,-0.4794917104579815,0.33775537200338374,-0.3876162340094036,-0.2874593992723365,0.39,0.495,0.515,0.535,0.845,0
0.06527651858567543,0.1878060794358578,139.0,1.0220588235294117,136.0,0.9444444444444444,144.0,0.9411764705882352,0.06943192064923355,1.0,142.0,0.9726027397260274,146.0,1.5051546391752575,97.0,0.4801980198019802,197.0,-0.1530682412383111,0.21224586491485314,98.0,99.0,0.33236301347755925,-0.2213266683169926,0.4271173531275884,-0.4198525949140503,-0.1677972069139982,0.335,0.46,0.5,0.565,0.735,0
0.08250226654578423,0.1857336267852555,159.0,0.9754601226993864,163.0,0.9367816091954024,174.0,0.956043956043956,0.10279531109107304,0.9521276595744681,188.0,1.0444444444444445,180.0,1.0227272727272727,176.0,1.0232558139534884,246.0,-0.1275033296284594,0.18553748748145404,121.0,125.0,0.29290507560737156,-0.3695801952685079,0.5693210564724805,-0.368439597680353,0.1724106364437695,0.385,0.47,0.495,0.515,0.69,0
0.08975521305530372,0.1881252491881922,165.0,1.0377358490566038,159.0,0.9814814814814816,162.0,1.0318471337579618,0.07844905320108206,0.9743589743589743,156.0,,161.0,1.0125786163522013,159.0,0.9636363636363636,220.0,-0.2189607013313511,0.097383842105536,114.0,106.0,0.30830648482112605,-0.3888974042686002,0.36672525744606516,-0.272632660909445,-0.202371501286173,0.39,0.5,0.52,0.54,0.855,0
0.08612873980054397,0.18433802761476129,164.0,1.0186335403726707,161.0,1.0125786163522013,159.0,1.0063291139240509,0.08025247971145176,1.013157894736842,152.0,0.987012987012987,154.0,1.0065359477124185,153.0,0.9807692307692308,212.0,-0.2708127094504889,0.09205978427099284,105.0,107.0,0.28335114152734536,-0.5052324069286445,0.3243540019502856,-0.4277882498408955,-0.2044723618090453,0.35,0.475,0.5,0.52,0.875,0
0.07162284678150499,0.17768652081772726,153.0,1.0408163265306123,147.0,1.05,140.0,1.0071942446043165,0.07303877366997295,0.9864864864864865,148.0,1.072463768115942,138.0,0.9928057553956836,139.0,1.0220588235294117,205.0,-0.213885132648414,0.21569280608146105,103.0,102.0,0.29629876536430916,-0.2912569296019408,0.4208152945788843,-0.4806494781201043,-0.2436446303366147,0.33,0.47,0.505,0.58,0.745,0
0.06527651858567543,0.17890265838404,145.0,1.0507246376811594,138.0,1.0,138.0,0.9928057553956836,0.06311992786293959,0.9574468085106383,141.0,0.986013986013986,143.0,1.0,143.0,1.0141843971631206,194.0,-0.2771998920803478,0.19448568239808461,100.0,94.0,0.2986982344608344,-0.38546374213682,0.3814672701251208,-0.5178185341722428,-0.2210418608462099,0.36,0.485,0.515,0.59,0.765,0
0.07343608340888486,0.17133008086356913,160.0,0.9523809523809524,168.0,1.0,168.0,1.3125,0.09287646528403967,0.9767441860465116,172.0,1.048780487804878,164.0,1.025,160.0,0.9937888198757764,226.0,-0.2640289322932232,0.10703289016156667,109.0,117.0,0.2923345939208093,-0.4821605183282824,0.3678518766394161,-0.4489504122307495,-0.204016963964945,0.37,0.465,0.485,0.51,0.84,0
0.08340888485947416,0.17556282544133803,168.0,1.0059880239520955,167.0,1.0182926829268293,164.0,0.9761904761904762,0.09107303877366997,0.9595375722543352,173.0,0.9505494505494504,182.0,1.011111111111111,180.0,0.9836065573770492,232.0,-0.3108287153402937,0.2376051576564837,116.0,116.0,0.24135366325331828,-0.6394904816989764,0.5857278363443226,-0.5963410208685962,-0.0882990596619308,0.385,0.48,0.505,0.525,0.695,0
0.1042611060743427,0.18756500173026666,181.0,0.9945054945054944,182.0,0.9430051813471504,193.0,1.048913043478261,0.1036970243462579,1.0227272727272727,176.0,1.0414201183431953,169.0,0.9548022598870056,177.0,0.9315789473684212,251.0,-0.1973568414250203,0.2186553328869229,126.0,125.0,0.2656356352476347,-0.4787608944390089,0.6081608500149726,-0.475224901267691,-0.0874291549492218,0.39,0.48,0.505,0.525,0.685,0
0.027198549410698096,0.054834176881331506,257.0,1.494186046511628,172.0,0.9717514124293786,177.0,1.0350877192982455,0.09197475202885483,0.9881656804733728,169.0,1.005952380952381,168.0,0.9824561403508772,171.0,1.0239520958083832,226.0,-0.2450699543899921,0.40026745540751413,110.0,116.0,0.2801510245055027,-0.2319489190453529,0.6746484367632128,-0.459794651874035,0.3845057315373826,0.305,0.445,0.49,0.595,0.515,0
0.06980961015412511,0.1817874498204099,148.0,1.049645390070922,141.0,1.7848101265822784,79.0,0.398989898989899,0.06943192064923355,1.0,142.0,0.993006993006993,143.0,1.0141843971631206,141.0,0.9724137931034482,200.0,-0.1844046775091271,0.2184020295712706,101.0,99.0,0.32419910036754607,-0.2804102201260539,0.4417592666788783,-0.4646066860327803,-0.1458032294778984,0.34,0.475,0.51,0.59,0.795,0
0.08703535811423391,0.1745337834919654,173.0,1.0421686746987953,166.0,0.9822485207100592,169.0,0.9602272727272728,0.09648331830477908,0.9297297297297298,185.0,1.0,185.0,0.9946236559139784,186.0,1.0108695652173914,241.0,-0.3413451826666688,0.2501272592793793,121.0,120.0,0.22838424467970428,-0.657767993957768,0.6081958480782911,-0.6227434113869456,-0.3129951557648756,0.395,0.48,0.505,0.525,0.68,0
0.08703535811423391,0.18824261584315102,162.0,1.0728476821192052,151.0,0.9869281045751634,153.0,1.4854368932038835,0.07664562669071236,0.9868421052631579,152.0,0.9743589743589745,156.0,0.8914285714285715,175.0,1.0416666666666667,207.0,-0.2702479902242982,0.3280574290770227,102.0,105.0,0.40140449252090493,-0.2669630328020035,0.5761457475024175,-0.4525678053671157,0.2020257732947125,0.465,0.44,0.495,0.585,0.525,0
0.0942883046237534,0.17155741497132657,184.0,0.968421052631579,190.0,1.0326086956521738,184.0,0.9633507853403142,0.10640216411181244,1.0,183.0,1.0517241379310345,174.0,1.0235294117647058,170.0,0.9659090909090908,257.0,-0.4031737971873407,0.18825348266271322,129.0,128.0,0.20883554012932334,-0.6996789386266917,0.47374430378547994,-0.7817592915259294,-0.2567004887021993,0.35,0.48,0.505,0.525,0.69,0
0.09066183136899365,0.1880870696739284,166.0,0.9378531073446328,177.0,0.9833333333333332,180.0,1.0227272727272727,0.10009017132551848,0.9887640449438202,178.0,1.065868263473054,167.0,0.9940476190476192,168.0,0.9824561403508772,236.0,-0.1817021307039121,0.21413977800353717,113.0,123.0,0.26780345665063127,-0.4970516374321926,0.5655824090605118,-0.5725099806800279,-0.049818881049893,0.365,0.455,0.48,0.5,0.67,0
0.07978241160471441,0.16825438411155716,170.0,0.9941520467836256,171.0,1.0,171.0,0.9827586206896552,0.09918845807033363,0.9668508287292817,181.0,1.0168539325842696,178.0,1.0171428571428571,175.0,1.0542168674698795,244.0,-0.31977038203458,0.22585613746032315,122.0,122.0,0.23470565526628465,-0.5923121084335737,0.5414798302689001,-0.604013058165373,-0.2452090385800076,0.385,0.48,0.505,0.525,0.685,0
0.07796917497733455,0.17659124164309772,161.0,0.9817073170731708,164.0,0.9820359281437124,167.0,1.8764044943820224,0.08656447249774572,1.018987341772152,158.0,1.490566037735849,106.0,0.5,212.0,1.422818791946309,219.0,-0.1317734172063555,0.36897555990244063,107.0,112.0,0.33136706419148937,-0.1294252841058317,0.7079512956779962,-0.3451887974448907,0.4004150331618094,0.33,0.445,0.495,0.6,0.52,0
0.0770625566636446,0.18045530090871043,157.0,0.9345238095238096,168.0,0.96,175.0,0.9776536312849162,0.09467989179440937,1.0429447852760736,163.0,1.5980392156862746,102.0,0.4473684210526316,228.0,1.5944055944055944,290.0,-0.434297978421283,0.33220711687990917,172.0,118.0,0.21514214671470092,-0.4862157513365608,0.6181311181993279,-0.671772927348765,-0.3284816071322203,0.47,0.56,0.595,0.67,0.635,0
0.13236627379873073,0.3742770730967706,113.0,0.982608695652174,115.0,1.0176991150442478,113.0,1.036697247706422,0.0405770964833183,1.0,110.0,0.4824561403508772,228.0,1.0410958904109588,219.0,2.046728971962617,231.0,-0.2077383757136236,0.7541746468713466,154.0,77.0,0.7253596356289118,-0.508629939215286,0.8746375993099126,-0.9004476757225874,-0.9004476757225874,0.145,0.115,0.17,0.205,0.205,0
0.10063463281958296,0.18411130958859673,180.0,1.0778443113772456,167.0,0.9823529411764704,170.0,0.9941520467836256,0.08836789900811542,,177.0,1.0,177.0,0.988826815642458,179.0,0.9835164835164836,230.0,-0.1200129992067765,0.21039037545072808,116.0,114.0,0.2991472685998646,-0.3960285807101301,0.6244344017676506,-0.3733396089346464,-0.032655311276693,0.39,0.485,0.51,0.53,0.685,0
0.10335448776065277,0.18523493409189584,182.0,1.0055248618784531,181.0,1.0225988700564972,177.0,0.9567567567567568,0.10279531109107304,0.9521276595744681,188.0,0.9842931937172776,191.0,1.0437158469945356,183.0,1.011049723756906,253.0,-0.3095983058199179,0.1725247466258611,128.0,125.0,0.23776723903500727,-0.5107929087333148,0.47059540211505146,-0.6903009881328146,-0.2261280737060741,0.41,0.485,0.505,0.525,0.67,0
0.0942883046237534,0.198570881479537,162.0,1.0657894736842106,152.0,1.4205607476635511,107.0,0.4692982456140351,0.08205590622182146,0.9397590361445783,166.0,0.9378531073446328,177.0,0.99438202247191,178.0,1.0171428571428571,290.0,-0.1940828361552926,0.30904984648384803,181.0,109.0,0.28953873457201057,-0.2327914705690022,0.6760453193538112,-0.4084852428968817,0.4977950842076141,0.505,0.57,0.625,0.695,0.64,0
0.06255666364460562,0.1803041350747587,141.0,0.9791666666666666,144.0,0.9664429530201344,149.0,0.9738562091503268,0.0721370604147881,1.7261904761904763,84.0,0.3943661971830985,213.0,1.4589041095890412,146.0,1.0,199.0,-0.2105775383531877,0.22100770338794345,98.0,101.0,0.3106750391048419,-0.3137352629738565,0.41563329768886986,-0.4812874139020695,-0.1723020159074273,0.33,0.455,0.49,0.57,0.795,0
0.04986400725294651,0.18516079464519722,124.0,0.953846153846154,130.0,0.9558823529411764,136.0,1.0708661417322836,0.06672678088367899,0.972027972027972,143.0,1.0592592592592591,135.0,1.0227272727272727,132.0,1.0076335877862594,187.0,-0.0833804490800736,0.2609180502662121,90.0,97.0,0.304407935633312,-0.3031180781990992,0.4419481520521979,-0.498121379845671,0.3931754164624508,0.315,0.43,0.49,0.515,0.735,0
0.09519492293744333,0.17161271245699727,185.0,0.9893048128342246,187.0,0.9894179894179894,189.0,1.0862068965517242,0.09377817853922453,1.0368098159509203,163.0,1.01875,160.0,0.9523809523809524,168.0,0.9882352941176472,235.0,-0.2199699458367749,0.20082144509216224,117.0,118.0,0.2648723380200608,-0.4477704054825558,0.5124631631483174,-0.5357554957153045,-0.1291600453623331,0.385,0.475,0.5,0.525,0.695,0
0.07978241160471441,0.17541100533453138,164.0,0.9647058823529412,170.0,1.0240963855421688,166.0,1.070967741935484,0.08566275924256087,0.9815950920245399,163.0,1.044871794871795,156.0,1.04,150.0,1.0067114093959733,225.0,-0.1925616163487131,0.10020167260821852,113.0,112.0,0.3190266996188643,-0.401524105834153,0.35793451583881053,-0.3301372553630556,-0.1527395619485501,0.39,0.485,0.51,0.525,0.835,0
0.07524932003626474,0.18594269576352548,151.0,0.9556962025316456,158.0,0.9693251533742332,163.0,1.0,0.07484220018034266,0.961038961038961,154.0,0.9808917197452228,157.0,0.9751552795031057,161.0,1.0,206.0,-0.3159636108096718,0.07955190235439333,103.0,103.0,0.2767189067331074,-0.5820090794880626,0.28006032671842984,-0.4847319679508253,-0.2908527884958437,0.375,0.48,0.5,0.52,0.845,0
0.0371713508612874,0.18559012944107922,110.0,1.0091743119266054,109.0,0.9646017699115044,113.0,0.5113122171945701,0.13796212804328223,0.9864253393665159,221.0,0.9778761061946902,226.0,1.0272727272727271,220.0,1.9469026548672568,232.0,-0.1293530593593982,0.6745801491047345,80.0,152.0,0.4169464231260279,-0.313057335382234,0.8885866274318048,-0.4799200382282602,-0.2547945679613487,0.525,0.775,0.81,0.845,0.975,0
0.09066183136899365,0.17936956104426177,173.0,1.035928143712575,167.0,0.9542857142857144,175.0,0.9562841530054644,0.09467989179440937,0.9497206703910615,179.0,0.9675675675675676,185.0,1.0571428571428572,175.0,1.0416666666666667,235.0,-0.2767475611826155,0.22401513540576629,117.0,118.0,0.24625662395810727,-0.5799960902334146,0.5896772511189142,-0.5448954125915868,-0.2696892763481727,0.39,0.48,0.5,0.52,0.88,0
0.0743427017225748,0.1888532396561131,148.0,1.034965034965035,143.0,1.0070422535211268,142.0,0.9861111111111112,0.0775473399458972,1.0633802816901408,142.0,1.0215827338129495,139.0,0.9858156028368794,141.0,0.9657534246575342,211.0,-0.2655670792579621,0.22628370337606565,106.0,105.0,0.29926466481916064,-0.3420258576929351,0.4024118552124961,-0.5463312200847907,-0.2463027818151492,0.34,0.47,0.5,0.57,0.805,0
0.09882139619220308,0.18899942841133452,174.0,1.0419161676646709,167.0,0.9597701149425288,174.0,0.935483870967742,0.0703336339044184,0.959731543624161,149.0,0.9933333333333332,150.0,0.9933774834437086,151.0,1.0342465753424657,200.0,0.5729935154289457,0.2734966917578826,100.0,100.0,0.5775614803755102,0.1790032012320793,0.844576045661789,0.3771940345232886,0.7481840486724538,0.265,0.475,0.505,0.53,0.755,0
0.06527651858567543,0.1817874498204099,143.0,1.349056603773585,106.0,0.5247524752475248,202.0,1.2469135802469136,0.08746618575293057,0.9700598802395209,167.0,1.0,167.0,1.030864197530864,162.0,1.0728476821192052,220.0,-0.2770187701946164,0.3182970307134434,107.0,113.0,0.27058286001232046,-0.3462058870268196,0.5886985806713635,0.0180656844072424,0.0180656844072424,0.3,0.43,0.495,0.525,0.525,0
0.0815956482320943,0.1884908914594104,156.0,1.0263157894736843,152.0,0.9559748427672956,159.0,2.064935064935065,0.025247971145175834,0.3875,240.0,1.4545454545454546,165.0,0.8967391304347826,184.0,1.0514285714285714,173.0,-0.1370844681368774,0.4354939960377479,108.0,65.0,0.4622456371304019,-0.1468771336736296,0.7499161856165388,-0.3731699577360733,0.4007411681446721,0.595,0.57,0.63,0.76,0.665,0
0.08340888485947416,0.1805121609232342,164.0,1.0061349693251531,163.0,1.0124223602484472,161.0,1.0,0.08926961226330027,1.0445859872611465,157.0,0.9936708860759492,158.0,1.0063694267515924,157.0,0.9936708860759492,230.0,-0.3381210534312684,0.08303424862313938,116.0,114.0,0.2728270238385364,-0.5405598460234018,0.26334835777204596,-0.4354333088370333,-0.324881696268004,0.38,0.485,0.505,0.53,0.85,0
0.09519492293744333,0.1970909165865183,164.0,2.075949367088608,79.0,0.3347457627118644,236.0,1.4303030303030304,0.07844905320108206,1.027027027027027,148.0,0.9135802469135802,162.0,0.9878048780487804,164.0,1.8426966292134832,213.0,-0.1425687614154793,0.41653086031194175,107.0,106.0,0.3283282424156277,-0.163726191583297,0.7689452026905284,-0.3792815109579022,0.4171721594691635,0.345,0.445,0.505,0.615,0.53,0
0.0770625566636446,0.1668483513106374,168.0,0.9710982658959536,173.0,1.054878048780488,164.0,1.0580645161290323,0.09107303877366997,0.9880952380952381,168.0,1.105263157894737,152.0,1.0555555555555556,144.0,0.9171974522292994,230.0,-0.2123683993165499,0.4180951573075836,114.0,116.0,0.4301370523026097,-0.234188997608585,0.7342837996857282,-0.53565332651732,-0.232345274784236,0.465,0.45,0.5,0.64,0.825,0
0.0942883046237534,0.18298944625223068,174.0,1.0357142857142858,168.0,0.9882352941176472,170.0,1.0493827160493827,0.08656447249774572,0.9817073170731707,164.0,1.0061349693251531,163.0,0.9939024390243902,164.0,0.9479768786127168,226.0,-0.23043859340765,0.22638814127139603,114.0,112.0,0.25832189024451063,-0.5363325306682838,0.5692438068489206,-0.4344912562454548,-0.0293261387255035,0.39,0.485,0.51,0.53,0.695,0
0.0942883046237534,0.18793884332443384,170.0,0.96045197740113,177.0,0.9267015706806284,191.0,1.0552486187845305,0.11181244364292155,1.0441988950276244,181.0,1.0903614457831323,166.0,0.9822485207100592,169.0,0.9941176470588236,255.0,-0.2788664778128456,0.22701849391826764,123.0,132.0,0.26170536254573284,-0.5736277952176305,0.5606411984684383,-0.4909417827630429,-0.2611040701041122,0.345,0.46,0.485,0.505,0.65,0
0.03535811423390753,0.1762348645335918,113.0,1.076190476190476,105.0,0.963302752293578,109.0,0.956140350877193,0.04238052299368801,1.018181818181818,110.0,1.0,110.0,0.9734513274336284,113.0,0.982608695652174,154.0,-0.6187233522647874,0.46768127948129173,76.0,78.0,0.1544961466418866,-0.965705386332662,0.5559507704009929,-1.4411762884639925,-0.0666752119496642,0.335,0.44,0.495,0.54,0.805,0
0.0743427017225748,0.16425413659935956,167.0,0.9653179190751444,173.0,1.0484848484848486,165.0,0.9593023255813954,0.023444544634806132,0.33455882352941174,272.0,1.6484848484848484,165.0,1.0784313725490196,153.0,0.9444444444444444,186.0,-0.22099036378089,0.416665621955721,123.0,63.0,0.2820457074915699,-0.2936480675931185,0.6415755286078814,-0.4505475520973742,0.2400989575876115,0.42,0.605,0.665,0.79,0.7,0
0.09791477787851315,0.17072145092428215,189.0,0.9742268041237112,194.0,1.0374331550802138,187.0,1.0625,0.09467989179440937,1.0,170.0,0.96045197740113,177.0,1.0,177.0,0.9516129032258064,243.0,-0.1521093092135371,0.19606907876949747,125.0,118.0,0.2999837401054452,-0.413784942153672,0.5478013646079625,-0.4791203981743299,-0.0279438154621352,0.385,0.495,0.52,0.54,0.695,0
0.03626473254759746,0.1780857262958645,113.0,1.0560747663551402,107.0,0.9907407407407408,108.0,0.9908256880733946,0.03787195671776375,0.9304347826086956,115.0,1.055045871559633,109.0,0.990909090909091,110.0,0.9821428571428572,151.0,-0.1665954956844188,0.4731243151306023,77.0,74.0,0.3422964378282644,-0.4542818916228828,0.7120060820377104,-0.9580516662505631,0.3064996576240256,0.34,0.47,0.51,0.56,0.84,0
0.0942883046237534,0.1817874498204099,175.0,0.9358288770053476,187.0,0.9894179894179894,189.0,1.0617977528089888,0.09467989179440937,1.0,170.0,1.0240963855421688,166.0,0.988095238095238,168.0,0.9333333333333332,232.0,-0.2257145694277341,0.21538409738361222,114.0,118.0,0.27617617884162327,-0.5461600668187958,0.5117304084525407,-0.5986686337297906,0.08759193699396,0.34,0.465,0.49,0.515,0.725,0
0.10516772438803264,0.19485916101646084,176.0,0.9723756906077348,181.0,1.0402298850574712,174.0,0.9720670391061452,0.10099188458070334,0.9516129032258065,186.0,1.0333333333333334,180.0,1.0,180.0,1.0909090909090908,246.0,-0.2594162291740596,0.17056631341003856,123.0,123.0,0.2559775397957729,-0.43107739551382,0.4551865852262291,-0.5304820854410698,-0.2131382153838463,0.355,0.485,0.505,0.525,0.66,0
0.050770625566636446,0.1708618404625166,134.0,0.91156462585034,147.0,1.027972027972028,143.0,0.9794520547945206,0.0757439134355275,1.568421052631579,95.0,0.3991596638655462,238.0,1.5256410256410255,156.0,0.9176470588235294,205.0,-0.0686999715041024,0.3963249950652344,101.0,104.0,0.34230312941713015,-0.1116087121223546,0.7748787090818786,-0.3305378477496358,0.4211692922577792,0.34,0.45,0.5,0.6,0.525,0
0.08794197642792384,0.19224481877725066,160.0,1.0062893081761006,159.0,1.0258064516129033,155.0,0.96875,0.08656447249774572,0.9938271604938271,162.0,1.0,162.0,0.9642857142857144,168.0,1.0059880239520955,225.0,-0.2539716432477397,0.10332973425970242,113.0,112.0,0.30162911581919916,-0.4806954829883936,0.35464626358609186,-0.3812771833997721,-0.180172712940614,0.38,0.48,0.505,0.52,0.83,0
0.0743427017225748,0.19332661556588937,145.0,1.0661764705882353,136.0,1.0303030303030305,132.0,1.015384615384615,0.062218214607754736,0.9852941176470589,136.0,1.0149253731343284,134.0,1.072,125.0,0.9398496240601504,188.0,-0.1635742680854701,0.24217713451887335,95.0,93.0,0.3178896045179661,-0.3554437948332578,0.4254191564387089,-0.5790885280755877,0.2479202739341254,0.34,0.46,0.51,0.535,0.745,0
0.08884859474161379,0.19082468225224758,162.0,0.9418604651162792,172.0,0.9885057471264368,174.0,1.0,0.10820559062218214,1.0164835164835164,182.0,0.994535519125683,183.0,1.0517241379310345,174.0,1.0,250.0,-0.2034590344522235,0.22037414019788737,121.0,129.0,0.27864464447147175,-0.4731996109188513,0.5881103365667999,-0.3869233938966074,-0.1193022250190981,0.34,0.465,0.485,0.51,0.66,0
0.07887579329102448,0.2843880509063946,106.0,0.5,212.0,1.422818791946309,149.0,1.0205479452054795,0.08566275924256087,1.032258064516129,155.0,1.9135802469135803,81.0,0.8350515463917526,97.0,0.377431906614786,224.0,-0.1891690321952394,0.38507018545668886,112.0,112.0,0.38876951923704955,-0.1836862516112103,0.6975019731077104,-0.4508805901897727,0.3454037957867978,0.465,0.455,0.505,0.62,0.535,0
0.06799637352674524,0.17092265090421171,154.0,1.0,154.0,0.9685534591194968,159.0,0.9695121951219512,0.09738503155996393,1.0421686746987953,166.0,0.9651162790697676,172.0,1.849462365591397,93.0,0.3924050632911392,238.0,-0.2131795077642535,0.3752031534783997,117.0,121.0,0.28309452938296864,-0.219512952969482,0.6943017504747764,-0.4093903579724622,0.3279760694281952,0.325,0.45,0.495,0.585,0.52,0
0.033544877606527655,0.16905673978599509,115.0,0.5275229357798165,218.0,0.986425339366516,221.0,0.9778761061946902,0.04328223624887286,1.036697247706422,109.0,1.1473684210526316,95.0,0.753968253968254,126.0,0.5727272727272728,158.0,-0.3711688127367065,0.5006205000108209,79.0,79.0,0.25859391698443607,-0.5491743291004134,0.650804434750526,-1.2966606829460467,0.2842441392727053,0.305,0.465,0.505,0.545,0.84,0
0.08068902991840435,0.19135628416000275,153.0,0.9622641509433962,159.0,0.940828402366864,169.0,1.0180722891566265,0.08385933273219116,0.9875,160.0,0.975609756097561,164.0,1.0580645161290323,155.0,1.0472972972972974,222.0,-0.3207176707342076,0.10537500498762624,112.0,110.0,0.2877850456076282,-0.5360293851802086,0.33438404914552966,-0.4319449662805073,-0.2860421443794171,0.365,0.48,0.505,0.525,0.81,0
0.06255666364460562,0.17457547122948525,145.0,0.9666666666666668,150.0,0.9202453987730062,163.0,1.0061728395061729,0.08385933273219116,0.9404761904761905,168.0,0.9767441860465116,172.0,1.017751479289941,169.0,1.0696202531645569,217.0,-0.1998526479423891,0.39163580651477525,107.0,110.0,0.42050604795434854,-0.2215051359016904,0.7140223427067564,-0.4046778399085028,0.3967990917865845,0.465,0.445,0.495,0.585,0.525,0
0.10154125113327289,0.17952639707298487,185.0,1.0451977401129944,177.0,1.0290697674418603,172.0,1.0238095238095235,0.09467989179440937,1.0119047619047619,168.0,0.9655172413793104,174.0,1.0235294117647058,170.0,0.9714285714285714,240.0,-0.2622359260088761,0.1966799262850026,122.0,118.0,0.25338476108153934,-0.4905602108930238,0.5413362440530456,-0.5751348580990768,-0.1184092671490077,0.405,0.49,0.51,0.53,0.69,0
0.06799637352674524,0.17353163222290402,152.0,1.027027027027027,148.0,1.6629213483146068,89.0,0.4472361809045226,0.0721370604147881,0.9797297297297297,148.0,1.0,148.0,1.0571428571428572,140.0,1.037037037037037,203.0,-0.1692790802996296,0.21175483216437574,102.0,101.0,0.34660284589237517,-0.2558324785475755,0.41872779817037875,-0.4620602706841837,-0.2134442963980187,0.34,0.465,0.5,0.585,0.86,0
0.09791477787851315,0.1750042915781348,185.0,1.0571428571428572,175.0,1.0606060606060606,165.0,0.9649122807017544,0.08926961226330027,0.9820359281437125,167.0,0.9823529411764704,170.0,0.9497206703910616,179.0,1.0170454545454546,231.0,-0.1989154858222891,0.2266615361036731,117.0,114.0,0.2795328152552361,-0.5144511112959228,0.6066316856335247,-0.3592180497007386,-0.1935949675768111,0.355,0.485,0.51,0.535,0.68,0
0.07887579329102448,0.17413571643735568,164.0,0.9879518072289156,166.0,1.0246913580246917,162.0,0.9818181818181818,0.08836789900811542,1.01875,160.0,1.019108280254777,157.0,1.0,157.0,0.9751552795031057,230.0,-0.3036142054313934,0.10349948374947937,116.0,114.0,0.28427359323439855,-0.5291881751203092,0.344153022444707,-0.4035782681357054,-0.2761323196763312,0.375,0.48,0.505,0.525,0.86,0
0.07071622846781506,0.1711302585268142,157.0,0.9691358024691358,162.0,0.9700598802395208,167.0,1.04375,0.09107303877366997,1.006060606060606,165.0,1.875,88.0,1.0731707317073171,82.0,0.3241106719367589,277.0,0.0487308941637372,0.4922915137941283,161.0,116.0,0.33222163827230977,-0.0559392873242204,0.6823081507774627,-0.3460650355577138,0.527755082030573,0.435,0.525,0.585,0.67,0.61,0
0.033544877606527655,0.1725331410090464,113.0,1.0462962962962965,108.0,0.9391304347826088,115.0,1.0648148148148149,0.047790802524797116,1.063063063063063,111.0,1.018348623853211,109.0,0.981981981981982,111.0,0.9736842105263158,159.0,-0.0110629849492922,0.4562219202133771,77.0,82.0,0.3735657306445225,-0.2608508949120988,0.7345331265107191,-0.8581329625387971,0.4027424402793881,0.33,0.445,0.49,0.535,0.79,0
0.08522212148685404,0.1996750546150059,152.0,0.987012987012987,154.0,1.0,154.0,0.9390243902439024,0.08025247971145176,0.9625,160.0,0.9696969696969696,165.0,0.9763313609467456,169.0,1.005952380952381,216.0,-0.34585146994118,0.095048208726566,109.0,107.0,0.2732942845457784,-0.5599572023599133,0.3035770885815502,-0.4219085190175914,-0.3216097405648699,0.38,0.485,0.51,0.53,0.825,0
0.09066183136899365,0.185522224447853,168.0,0.9940828402366864,169.0,1.0368098159509205,163.0,1.01875,0.09918845807033363,1.0294117647058822,170.0,0.96045197740113,177.0,0.9567567567567568,185.0,1.0054347826086956,252.0,-0.1714145902581794,0.20453714943266235,130.0,122.0,0.28193725578765694,-0.3706929466343293,0.5600734376423542,-0.4978026659177251,-0.0573289152346479,0.36,0.495,0.515,0.54,0.7,0
0.07887579329102448,0.175371886043207,163.0,0.9939024390243902,164.0,0.9761904761904762,168.0,1.030674846625767,0.09558160504959423,1.0239520958083832,167.0,1.0121212121212122,165.0,1.064516129032258,155.0,0.9748427672955976,235.0,-0.3617335688120928,0.09474453759920376,116.0,119.0,0.2524791499259543,-0.5814608994449737,0.3016133746394197,-0.4800109349858357,-0.2890264743971525,0.37,0.47,0.495,0.515,0.865,0
0.0371713508612874,0.17811819755485175,114.0,1.0363636363636364,110.0,0.9734513274336284,113.0,1.076190476190476,0.04508566275924256,1.055045871559633,109.0,0.9732142857142856,112.0,1.018181818181818,110.0,1.0,159.0,-0.6221561070110309,0.4788264341099125,79.0,80.0,0.14829027415727458,-0.9469006660200322,0.5495557938299552,-1.583889124125579,-0.1785139365895519,0.31,0.46,0.5,0.54,0.83,0
0.06074342701722575,0.18803065516777753,134.0,0.978102189781022,137.0,0.9716312056737588,141.0,1.0601503759398496,0.0739404869251578,1.0425531914893618,141.0,1.014388489208633,139.0,1.0072463768115942,138.0,1.0298507462686568,197.0,-0.0339512302956161,0.20071453460676383,95.0,102.0,0.37516250933929474,-0.1704904936105331,0.5441969084289793,-0.1828320101019066,0.2045725036945152,0.335,0.445,0.485,0.51,0.69,0
0.07796917497733455,0.19301683930426572,149.0,1.6195652173913044,92.0,0.46,200.0,1.30718954248366,0.0703336339044184,0.9794520547945206,146.0,1.0138888888888888,144.0,0.9411764705882352,153.0,1.0,236.0,-0.3162564301561801,0.3173323852914252,136.0,100.0,0.36731029785576713,-0.3492259250342081,0.5871055739462054,-0.5345520932057526,-0.2053565696730728,0.55,0.525,0.58,0.67,0.625,0
0.10698096101541252,0.18402432018550952,187.0,1.0625,176.0,0.9832402234636872,179.0,0.9781420765027322,0.09558160504959423,1.0118343195266273,169.0,0.949438202247191,178.0,1.0,178.0,1.0289017341040465,239.0,-0.0883405096067043,0.15779268388090564,120.0,119.0,0.3131958548519581,-0.2406819779769494,0.5112923023424855,-0.532915100897145,-0.0423629518749112,0.36,0.485,0.505,0.525,0.68,0
0.0371713508612874,0.18559012944107922,110.0,0.9821428571428572,112.0,1.0275229357798166,109.0,1.0,0.04147880973850315,1.1326530612244898,98.0,0.7903225806451613,124.0,1.0973451327433628,113.0,0.9912280701754386,150.0,0.1262300837511895,0.4909213874724409,73.0,77.0,0.3994008858523112,-0.1858057934524159,0.7998453746517182,-0.582493704069601,0.5936015470069969,0.3,0.455,0.495,0.54,0.825,0
0.07343608340888486,0.1751267052619126,157.0,1.0328947368421053,152.0,1.0201342281879195,149.0,1.0205479452054795,0.0793507664562669,1.0,153.0,1.0551724137931036,145.0,1.0431654676258992,139.0,0.972027972027972,214.0,-0.2415618349803411,0.21615869774035865,107.0,107.0,0.3027008895416454,-0.3391082511288851,0.4155321252144058,-0.5150455969293731,-0.2309378973508687,0.345,0.465,0.5,0.58,0.815,0
0.0942883046237534,0.18667978617448744,171.0,1.0,171.0,0.9715909090909092,176.0,0.9777777777777776,0.10279531109107304,0.9728260869565217,184.0,0.9735449735449736,189.0,1.05,180.0,1.0650887573964498,246.0,-0.3631449441884129,0.2149497140857133,121.0,125.0,0.23507944124536503,-0.6661296110473132,0.5373080949653463,-0.5787682654646147,-0.1520967519017264,0.355,0.47,0.495,0.515,0.685,0
0.0643699002719855,0.17330850201756604,148.0,1.0068027210884354,147.0,1.0208333333333333,144.0,0.9863013698630136,0.07123534715960325,0.9473684210526315,152.0,1.8313253012048192,83.0,0.4068627450980392,204.0,1.457142857142857,198.0,-0.2215192648221543,0.22304263407233077,98.0,100.0,0.3204553431884141,-0.3036726129352128,0.4184427764383568,-0.5079446582001645,-0.2326989908264358,0.335,0.46,0.495,0.575,0.745,0
0.0643699002719855,0.1746735933871849,147.0,0.98,150.0,1.0135135135135136,148.0,0.961038961038961,0.07303877366997295,0.948051948051948,154.0,1.0335570469798658,149.0,1.041958041958042,143.0,0.986206896551724,200.0,-0.1551275504623286,0.22715999016215035,98.0,102.0,0.33490194532364803,-0.2117944067058489,0.45444771624580005,-0.3395293829318588,-0.0763221834837571,0.33,0.455,0.49,0.555,0.785,0
0.09156844968268359,0.17820206617806447,175.0,0.9887005649717514,177.0,0.988826815642458,179.0,0.9421052631578948,0.10459873760144274,0.9576719576719577,189.0,1.0271739130434785,184.0,1.0823529411764703,170.0,1.0240963855421688,248.0,-0.281380377254959,0.24147795538744102,122.0,126.0,0.2447812401833682,-0.5812518401295517,0.5911754074941699,-0.4945912172992282,-0.168525753206827,0.38,0.47,0.49,0.515,0.675,0
0.061650045330915684,0.18029353996943262,140.0,0.9929078014184396,141.0,0.9591836734693876,147.0,0.9865771812080536,0.06943192064923355,0.993006993006993,143.0,0.9533333333333334,150.0,0.9803921568627452,153.0,1.047945205479452,193.0,-0.1962949984883314,0.2103508936812179,94.0,99.0,0.32764434141837734,-0.2621260543378799,0.4125436204230774,-0.4614158263033925,-0.183708671948847,0.33,0.45,0.49,0.57,0.745,0
0.0770625566636446,0.17404125059312042,162.0,0.9529411764705882,170.0,1.0303030303030305,165.0,1.0377358490566038,0.09377817853922453,1.0432098765432098,162.0,1.0253164556962024,158.0,1.025974025974026,154.0,1.0,232.0,-0.3883898779779727,0.09696949309803238,114.0,118.0,0.24470112095487076,-0.6446225517817483,0.29157357026435204,-0.5354894965479333,-0.3097871409240827,0.37,0.47,0.495,0.515,0.8,0
0.07978241160471441,0.1705831259380805,168.0,0.9882352941176472,170.0,1.0179640718562877,167.0,1.050314465408805,0.09287646528403967,1.05,160.0,1.032258064516129,155.0,0.981012658227848,158.0,1.0,233.0,-0.2746547245648593,0.21633494202570666,116.0,117.0,0.2520094604258583,-0.5873452929441857,0.5313330498925363,-0.6005182289963955,-0.2263519345635714,0.335,0.475,0.505,0.525,0.7,0
0.09066183136899365,0.18679696788356712,167.0,0.9488636363636364,176.0,0.9943502824858758,177.0,0.988826815642458,0.09738503155996393,0.9558011049723757,181.0,1.046242774566474,173.0,1.0613496932515338,163.0,0.9588235294117649,233.0,-0.2515790889687623,0.21824836779188567,112.0,121.0,0.26552341364289106,-0.5107704000973637,0.5666382695145645,-0.604323751272622,0.0801803961660237,0.335,0.46,0.485,0.505,0.715,0
0.13689936536718042,0.18759709924087695,216.0,0.9953917050691244,217.0,1.9727272727272729,110.0,0.9734513274336284,0.04238052299368801,1.0666666666666667,105.0,0.4772727272727273,220.0,1.0,220.0,1.0232558139534884,242.0,-0.197094807169624,0.5550157829668088,164.0,78.0,0.21617876233987215,-0.4357272210277063,0.8100139781717629,-0.6859182567490066,-0.3035395737594763,0.175,0.2,0.225,0.26,0.38,0
0.038984587488667274,0.19138136629457575,109.0,0.9478260869565216,115.0,1.036036036036036,111.0,1.018348623853211,0.04238052299368801,1.0467289719626167,107.0,0.963963963963964,111.0,1.0,111.0,0.9910714285714286,156.0,-0.0618895482059147,0.5117134608202029,78.0,78.0,0.35309894113494056,-0.2266857713496664,0.771529494956613,-0.904154830092536,0.4459464514936246,0.31,0.465,0.505,0.545,0.78,0
0.07162284678150499,0.2216250458464699,126.0,0.6810810810810811,185.0,1.0755813953488371,172.0,1.029940119760479,0.015329125338142471,0.3416666666666667,240.0,1.437125748502994,167.0,1.0986842105263157,152.0,1.062937062937063,165.0,-0.1809898054425501,0.405054616165531,108.0,57.0,0.305004564282814,-0.2331480407289631,0.6154562952561947,-0.4412325935528022,0.2669350172246868,0.425,0.585,0.665,0.81,0.705,0
0.0643699002719855,0.18327076456606103,141.0,0.986013986013986,143.0,0.9727891156462584,147.0,0.9545454545454546,0.0721370604147881,0.9797297297297297,148.0,1.0,148.0,1.0136986301369864,146.0,0.9864864864864864,198.0,-0.3384026279246241,0.24259499495588047,97.0,101.0,0.27789402842136135,-0.4159864064960311,0.4123088245166294,-0.6320636952078434,-0.3268223252919432,0.325,0.455,0.495,0.57,0.745,0
0.05530371713508613,0.22826464518414658,108.0,0.9908256880733946,109.0,1.0,109.0,0.9732142857142856,0.0387736699729486,0.9642857142857143,112.0,1.0566037735849056,106.0,0.4711111111111111,225.0,2.2058823529411766,150.0,-0.1324038929726155,0.4750281965187769,75.0,75.0,0.3280239259463079,-0.4395217565507514,0.7003168566212041,-1.0194692180359337,0.3204155021928141,0.325,0.465,0.505,0.55,0.81,0
0.056210335448776065,0.1786889701294941,135.0,0.9642857142857144,140.0,0.9929078014184396,141.0,1.036764705882353,0.06762849413886383,0.9655172413793104,145.0,0.9797297297297296,148.0,1.0136986301369864,146.0,1.0735294117647058,198.0,-0.1656435304508154,0.23362595269800507,100.0,98.0,0.32884096602906604,-0.3437457197454988,0.39452899858083945,-0.5854510587083567,0.2409012484498101,0.365,0.47,0.51,0.535,0.745,0
0.0770625566636446,0.1817874498204099,156.0,0.9936305732484076,157.0,0.98125,160.0,1.0,0.0387736699729486,0.5684210526315789,190.0,1.1176470588235294,170.0,1.0240963855421688,166.0,1.0,186.0,-0.2475402338948693,0.12896637678812717,111.0,75.0,0.29833620433813873,-0.5284701763287819,0.37927754250974377,-0.3678666128339051,-0.1369953246878152,0.41,0.57,0.6,0.62,0.94,0
0.09882139619220308,0.18413742037250894,178.0,0.956989247311828,186.0,1.0449438202247192,178.0,1.072289156626506,0.09918845807033363,1.0294117647058822,170.0,0.9883720930232558,172.0,0.9502762430939228,181.0,0.9836956521739132,252.0,-0.2618673380745916,0.1827019677198337,130.0,122.0,0.25648615759957527,-0.4568883404339218,0.4923072701439392,-0.6756272807113715,-0.2178852233229981,0.41,0.495,0.515,0.535,0.68,0
0.06708975521305531,0.17754797591898794,148.0,1.0136986301369864,146.0,0.9668874172185432,151.0,1.0633802816901408,0.06582506762849413,0.971830985915493,142.0,1.0142857142857142,140.0,1.0144927536231885,138.0,1.022222222222222,188.0,-0.6519105476021558,0.20363294196330556,92.0,96.0,0.15624775791538933,-0.9260981344157916,0.33195923313623565,-0.819581116283449,-0.5394874999026757,0.325,0.44,0.495,0.52,0.735,0
0.07071622846781506,0.17499695049778605,154.0,0.9565217391304348,161.0,1.018987341772152,158.0,1.490566037735849,0.0757439134355275,0.9141104294478528,163.0,1.0124223602484472,161.0,1.00625,160.0,1.032258064516129,206.0,-0.1356938070264149,0.3774819511807347,102.0,104.0,0.3289023215989134,-0.1606691549720127,0.7014163786528904,-0.4287179666871895,0.3216011966503847,0.32,0.425,0.495,0.635,0.525,0
0.08522212148685404,0.18698365799772207,161.0,1.0254777070063694,157.0,0.9289940828402368,169.0,0.9941176470588236,0.09738503155996393,0.9719101123595506,178.0,0.9726775956284152,183.0,1.0397727272727273,176.0,1.0666666666666669,239.0,-0.3676289992860302,0.20686097268904077,118.0,121.0,0.22530976457926855,-0.6882571518642956,0.5309649228553595,-0.5763732287020581,-0.1311183442405735,0.33,0.47,0.495,0.515,0.69,0
0.07162284678150499,0.18899942841133452,145.0,0.9863945578231292,147.0,1.013793103448276,145.0,1.0211267605633805,0.0757439134355275,1.0492957746478873,142.0,1.0215827338129495,139.0,0.9928571428571428,140.0,1.0,211.0,-0.18296677802886,0.20682470611767576,107.0,104.0,0.32302870353485813,-0.2570580551596794,0.42540499626759387,-0.413644064244539,-0.1452220158394702,0.345,0.475,0.51,0.575,0.81,0
0.1042611060743427,0.1817874498204099,186.0,1.0391061452513966,179.0,1.0112994350282485,177.0,0.9365079365079364,0.09287646528403967,0.9130434782608695,184.0,1.0279329608938548,179.0,1.022857142857143,175.0,1.0115606936416186,235.0,-0.2173692619933312,0.2422449822158103,118.0,117.0,0.2627937687125747,-0.4906708575608778,0.6216307709638291,-0.3916680131309454,0.0737256876249603,0.34,0.485,0.505,0.53,0.7,0
0.033544877606527655,0.17431790056552365,112.0,1.037037037037037,108.0,0.9473684210526316,114.0,1.0,0.04328223624887286,1.0761904761904761,105.0,0.9210526315789472,114.0,0.991304347826087,115.0,1.0454545454545454,156.0,-0.344226795605685,0.45777780501608717,77.0,79.0,0.2053395075653513,-0.6700646148713614,0.6208606560497425,-1.2909417314817,0.0933438026517763,0.3,0.455,0.495,0.54,0.805,0
0.0815956482320943,0.1912941488720833,154.0,0.9871794871794872,156.0,0.9629629629629628,162.0,0.9529411764705882,0.08205590622182146,0.9570552147239264,163.0,0.9644970414201184,169.0,1.0432098765432098,162.0,1.0253164556962024,218.0,-0.3024807672117695,0.16952945268375533,109.0,109.0,0.27670566276165437,-0.5247508551540981,0.4116452475003694,-0.422796219801241,-0.3038548955888883,0.38,0.475,0.505,0.53,0.845,0
0.10244786944696282,0.1950858380892247,173.0,0.9885714285714284,175.0,0.9722222222222222,180.0,1.0,0.10099188458070334,0.9725274725274725,182.0,0.978494623655914,186.0,0.9946524064171124,187.0,1.0685714285714285,242.0,-0.2147971663928516,0.18765349016962554,119.0,123.0,0.2608818813236757,-0.4460190079369063,0.48887198417076744,-0.5213186550066095,-0.1058906580165298,0.39,0.47,0.49,0.515,0.675,0
0.06255666364460562,0.1803041350747587,141.0,0.9591836734693876,147.0,0.9865771812080536,149.0,1.0347222222222223,0.0703336339044184,0.9533333333333334,150.0,0.9803921568627452,153.0,1.047945205479452,146.0,1.042857142857143,199.0,-0.1812863192206621,0.21931505482607702,99.0,100.0,0.32559623463986587,-0.2626590530794883,0.4117743543499251,-0.4629054156833904,-0.178008191540253,0.33,0.46,0.5,0.58,0.82,0
0.08794197642792384,0.1769235572823444,172.0,1.0,172.0,1.0552147239263805,163.0,1.0124223602484472,0.10640216411181244,1.1090909090909091,165.0,0.9375,176.0,1.0057142857142858,175.0,0.9943181818181818,253.0,-0.2134009859741337,0.23246542597461975,125.0,128.0,0.27348215767368345,-0.532997437319283,0.6102205409986549,-0.4026738412640249,-0.075925430868506,0.37,0.47,0.495,0.52,0.685,0
0.07071622846781506,0.17369142224092027,155.0,0.9872611464968152,157.0,1.0,157.0,0.9181286549707602,0.09017132551848513,0.9705882352941176,170.0,0.9826589595375722,173.0,2.011627906976744,86.0,0.3553719008264462,231.0,-0.1463702849670906,0.34453107190210913,116.0,115.0,0.3214991629717908,-0.1535493215945795,0.6344928474489493,-0.3638939374409032,0.3531169297335882,0.35,0.46,0.51,0.605,0.535,0
0.08884859474161379,0.1868576893146357,165.0,1.012269938650307,163.0,1.0316455696202531,158.0,1.0,0.08656447249774572,1.0125786163522013,159.0,1.0127388535031847,157.0,0.98125,160.0,0.9696969696969696,231.0,-0.2385938624775183,0.09379530423949527,119.0,112.0,0.2948956112994062,-0.4971259851062677,0.33881986907413936,-0.3755090598471165,-0.2061961879675402,0.39,0.49,0.515,0.535,0.825,0
0.0843155031731641,0.17322586120077416,171.0,1.062111801242236,161.0,1.0254777070063694,157.0,0.9631901840490796,0.09467989179440937,1.0365853658536586,164.0,1.1468531468531469,143.0,0.9662162162162162,148.0,1.0,229.0,-0.2262797639899014,0.0964906919589328,111.0,118.0,0.30585351722909876,-0.445017621357557,0.3539101599696051,-0.3057364447260048,-0.1629440388804011,0.36,0.465,0.485,0.505,0.82,0
0.07162284678150499,0.1817874498204099,150.0,1.0,150.0,1.0416666666666667,144.0,1.0140845070422535,0.0829576194770063,1.0397350993377483,151.0,0.961783439490446,157.0,0.9751552795031057,161.0,0.9817073170731708,221.0,-0.3808818093674149,0.09465269358039317,112.0,109.0,0.27184320305848075,-0.572913503370222,0.27742415226498585,-0.5084730516678128,-0.3498241206030149,0.385,0.49,0.51,0.535,0.83,0
0.09882139619220308,0.17613481795184732,185.0,1.0511363636363635,176.0,1.0602409638554218,166.0,0.9485714285714286,0.08836789900811542,0.9878787878787879,165.0,0.9880239520958084,167.0,1.0182926829268293,164.0,0.9534883720930232,235.0,-0.2651980689880595,0.2344257510285319,121.0,114.0,0.25217162612525235,-0.6153572843850555,0.6062645964934886,-0.4381204970328126,-0.210775704985233,0.4,0.49,0.515,0.54,0.695,0
0.10244786944696282,0.1840857726680672,182.0,1.0167597765363128,179.0,1.0346820809248556,173.0,0.9829545454545454,0.09197475202885483,1.0245398773006136,163.0,0.9157303370786516,178.0,1.0,178.0,1.0113636363636365,236.0,-0.2136717611369204,0.2002887958803869,120.0,116.0,0.25647227215796475,-0.4359749133474256,0.4831514395430351,-0.5987628615666195,-0.1428911847553735,0.35,0.49,0.515,0.535,0.88,0
0.07978241160471441,0.1779143502067652,162.0,1.0318471337579618,157.0,1.0,157.0,0.9751552795031057,0.08656447249774572,1.0125786163522013,159.0,0.9636363636363636,165.0,0.9821428571428572,168.0,0.9940828402366864,221.0,-0.320890248032231,0.09970160500040177,109.0,112.0,0.2750027161858052,-0.5274333714173411,0.3326389296598118,-0.3958797766068291,-0.2543202075604535,0.33,0.47,0.495,0.515,0.855,0
0.0815956482320943,0.18711604546720773,157.0,1.0194805194805194,154.0,0.9746835443037974,158.0,1.0128205128205128,0.1073038773669973,1.0165745856353592,181.0,1.011173184357542,179.0,0.917948717948718,195.0,1.031746031746032,257.0,-0.2448322852802452,0.2191686763402187,129.0,128.0,0.25537419350826723,-0.4482688105380334,0.6165088927893638,-0.3739487128424393,-0.1043795906014728,0.405,0.485,0.505,0.525,0.665,0
0.06527651858567543,0.1803350374652931,144.0,0.9863013698630136,146.0,1.0,146.0,1.0,0.0757439134355275,1.0,149.0,1.041958041958042,143.0,1.0070422535211268,142.0,1.0289855072463767,206.0,-0.2227016359823324,0.24139141497034466,102.0,104.0,0.3080826445275418,-0.3116732464909411,0.4270925337740586,-0.5156328040059757,-0.2244609033130562,0.33,0.46,0.5,0.58,0.82,0
0.03173164097914778,0.1779143502067652,108.0,0.9473684210526316,114.0,0.9743589743589745,117.0,1.0833333333333333,0.0405770964833183,0.990990990990991,111.0,0.9910714285714286,112.0,1.3333333333333333,84.0,0.6461538461538462,151.0,-0.0098938450029041,0.43029976275638193,74.0,77.0,0.3394634526101284,-0.3406558473522626,0.6389505883599801,-0.7929344504499547,0.4544803088763116,0.305,0.455,0.495,0.535,0.795,0
0.0843155031731641,0.17680775031715237,168.0,0.9767441860465116,172.0,1.0,172.0,1.0552147239263805,0.1036970243462579,0.9836065573770492,183.0,1.1090909090909091,165.0,0.9375,176.0,1.0057142857142858,252.0,-0.1919090287266285,0.216972353155932,127.0,125.0,0.2769551380187787,-0.5232870600527065,0.6064259974539162,-0.4165690007842835,0.026435737843961,0.38,0.48,0.505,0.525,0.695,0
0.08340888485947416,0.19258215325972936,155.0,1.054421768707483,147.0,1.0068493150684932,146.0,0.906832298136646,0.07123534715960325,1.0359712230215827,139.0,1.7820512820512822,78.0,0.3696682464454976,211.0,1.3270440251572326,200.0,-0.1320853383031734,0.2103826967950763,100.0,100.0,0.31806883331593416,-0.1844426090592942,0.4463025802746513,0.261393948121729,0.261393948121729,0.365,0.445,0.505,0.53,0.53,0
0.0643699002719855,0.1817874498204099,142.0,1.0,142.0,0.9659863945578232,147.0,0.9483870967741936,0.0739404869251578,0.98,150.0,1.0135135135135136,148.0,1.0068027210884354,147.0,0.98,198.0,-0.2752316077160894,0.21262763074612448,96.0,102.0,0.29259916193864316,-0.3385691810207411,0.388594547352159,-0.5463019539683852,-0.2461193731700804,0.33,0.455,0.49,0.56,0.81,0
0.07978241160471441,0.17665499879864754,163.0,0.9819277108433736,166.0,0.9171270718232044,181.0,1.0,0.10640216411181244,0.9945652173913043,184.0,1.005464480874317,183.0,1.0223463687150838,179.0,1.1049382716049383,253.0,-0.2933536934257991,0.18252105613566708,125.0,128.0,0.24783748420472443,-0.5264044650787414,0.4662033239343963,-0.6393318531520111,-0.2959247915789904,0.33,0.47,0.495,0.515,0.655,0
0.08340888485947416,0.17925233007329702,165.0,0.9880239520958084,167.0,1.0182926829268293,164.0,0.9534883720930232,0.09558160504959423,1.0,171.0,0.9827586206896552,174.0,0.9942857142857144,175.0,1.0355029585798816,237.0,-0.3084701319607896,0.219045888100155,118.0,119.0,0.24661666058611625,-0.6252711065230464,0.5648065117142435,-0.4978657626519958,-0.0694715094700706,0.345,0.475,0.5,0.525,0.7,0
0.10063463281958296,0.17728965672069344,186.0,1.1411042944785277,163.0,1.0124223602484472,161.0,0.9526627218934912,0.012623985572587917,0.3347457627118644,236.0,1.4303030303030304,165.0,0.9821428571428572,168.0,0.9882352941176472,169.0,-0.2082298585622887,0.4359066167126924,114.0,55.0,0.29840172192930875,-0.2160139689088856,0.6642031218244621,-0.4374078141231721,0.3665435495973848,0.475,0.62,0.68,0.81,0.71,0
0.08703535811423391,0.17689511346633233,171.0,1.0178571428571428,168.0,0.9940828402366864,169.0,1.0368098159509205,0.109107303877367,1.062857142857143,175.0,1.0294117647058822,170.0,0.96045197740113,177.0,0.9567567567567568,260.0,-0.1829083409603561,0.20948451305841156,130.0,130.0,0.27154034663883553,-0.4824249592822175,0.5625662846885382,-0.6218673110398447,-0.0671130736000771,0.4,0.48,0.5,0.52,0.675,0
0.07343608340888486,0.18599847087685584,149.0,1.0347222222222223,144.0,1.0359712230215827,139.0,0.9586206896551724,0.07303877366997295,1.020979020979021,143.0,1.0287769784172662,139.0,1.0220588235294117,136.0,0.9444444444444444,205.0,-0.2586820030858421,0.19858739797148595,103.0,102.0,0.3130394982310182,-0.2989543189360582,0.37555621839486947,-0.487710639341969,-0.2004712144704607,0.35,0.47,0.5,0.57,0.765,0
0.06074342701722575,0.17307297568970928,144.0,0.979591836734694,147.0,1.0068493150684932,146.0,0.9864864864864864,0.07303877366997295,1.006896551724138,145.0,1.0,145.0,1.013986013986014,143.0,1.0,202.0,-0.1549793761544511,0.18408289897971858,100.0,102.0,0.3249919179189334,-0.2171130495946566,0.42436679221903256,-0.3918189436284333,-0.1121680938484131,0.34,0.46,0.5,0.56,0.755,0
0.08884859474161379,0.185567221732521,166.0,0.994011976047904,167.0,0.9653179190751444,173.0,0.9829545454545454,0.09558160504959423,0.9941860465116279,172.0,1.011764705882353,170.0,1.0365853658536586,164.0,1.0186335403726707,235.0,-0.2125395411534846,0.22728752322071732,116.0,119.0,0.2805398009227437,-0.5534817411408632,0.599683763618775,-0.4710588182848234,0.0634736442694598,0.36,0.47,0.495,0.515,0.71,0
0.07978241160471441,0.1779143502067652,162.0,1.0945945945945943,148.0,1.0802919708029195,137.0,0.9448275862068966,0.08025247971145176,1.0620689655172413,145.0,0.9666666666666668,150.0,0.9615384615384616,156.0,0.9285714285714286,225.0,-0.1727441510992769,0.4462505523000588,118.0,107.0,0.44239264124296107,-0.1829793008701144,0.7987554371534438,-0.4596037907246112,0.4052011878778041,0.495,0.48,0.525,0.63,0.555,0
0.08612873980054397,0.18053507030462054,167.0,1.0182926829268293,164.0,0.9534883720930232,172.0,0.9347826086956522,0.10279531109107304,0.9572192513368984,187.0,1.0274725274725274,182.0,1.0769230769230769,169.0,1.005952380952381,249.0,-0.2469464381168402,0.2388805132565617,124.0,125.0,0.27366924649944474,-0.5673573906594205,0.5932563312646275,-0.4688166794265284,-0.1025628115653636,0.345,0.475,0.5,0.525,0.69,0
0.056210335448776065,0.17133008086356913,140.0,1.4285714285714286,98.0,0.5,196.0,1.2564102564102564,0.06402164111812443,0.9251700680272109,147.0,0.9865771812080536,149.0,0.9551282051282052,156.0,1.4444444444444444,223.0,-0.2483595615045337,0.36375050513294455,128.0,95.0,0.386885057006048,-0.3138981332442608,0.6983187221075539,-0.4797183895310134,0.0126194779764841,0.545,0.515,0.58,0.68,0.605,0
0.07252946509519492,0.1950432696248559,142.0,1.083969465648855,131.0,1.0155038759689925,129.0,0.9923076923076924,0.06582506762849413,1.0222222222222221,135.0,1.0546875,128.0,1.0158730158730158,126.0,1.0161290322580645,194.0,-0.2755897404526408,0.1861240323730769,98.0,96.0,0.32827184149967914,-0.4616092595677045,0.45722829256927466,-0.3674459467888129,-0.1633623425897661,0.345,0.445,0.505,0.535,0.775,0
0.06527651858567543,0.1878060794358578,139.0,0.9858156028368794,141.0,0.986013986013986,143.0,1.6436781609195403,0.06492335437330929,0.9856115107913669,139.0,1.0072463768115942,138.0,0.9452054794520548,146.0,0.9864864864864864,195.0,-0.2345571294619463,0.218673705814961,100.0,95.0,0.3128275770126126,-0.3232728504852463,0.41599553033259995,-0.4931103624104864,-0.1249171500170281,0.345,0.48,0.515,0.595,0.795,0
0.019038984587488667,0.12414840832601207,127.0,1.1759259259259258,108.0,0.9818181818181818,110.0,0.9649122807017544,0.13796212804328223,1.0,218.0,0.981981981981982,222.0,1.0277777777777777,216.0,0.9953917050691244,303.0,-0.4972444779245924,0.6972857079823024,151.0,152.0,0.8667057358072471,-0.7556095130985948,0.785520205929244,-0.8137693876304541,-0.6580431499579775,0.5,0.83,0.86,0.885,0.985,0
0.0471441523118767,0.17205966474427895,129.0,1.0238095238095235,126.0,0.9921259842519684,127.0,0.9844961240310076,0.062218214607754736,1.0634920634920635,126.0,0.9545454545454546,132.0,0.9777777777777776,135.0,1.0150375939849623,184.0,0.050697834325785,0.25363586116920545,91.0,93.0,0.3820694390772141,-0.1453029592973335,0.5183002340718806,-0.514009023715308,0.4239886054323444,0.34,0.46,0.5,0.55,0.72,0
0.0371713508612874,0.07537913411922328,228.0,2.303030303030303,99.0,0.825,120.0,1.0526315789473684,0.04147880973850315,1.0,111.0,1.009090909090909,110.0,1.0091743119266054,109.0,0.4823008849557522,153.0,-0.5316964536132136,0.5501068875851867,76.0,77.0,0.15407495216414357,-0.9119506608782322,0.6725903364205507,-1.312100290255485,0.1218422294566583,0.31,0.46,0.5,0.545,0.79,0
0.06980961015412511,0.16731813428264283,159.0,0.99375,160.0,1.0126582278481011,158.0,1.0193548387096774,0.08566275924256087,1.0810810810810811,148.0,1.0571428571428572,140.0,0.9929078014184396,141.0,0.9929577464788732,223.0,-0.1487396512552978,0.25402346586147845,111.0,112.0,0.33713211423698336,-0.3130734458399973,0.5583187206646536,-0.3686349591771795,0.1189775959978407,0.385,0.47,0.5,0.525,0.765,0
0.09972801450589303,0.18063828839658122,182.0,0.9430051813471504,193.0,1.048913043478261,184.0,1.0279329608938548,0.10009017132551848,1.0414201183431953,169.0,0.9548022598870056,177.0,0.9315789473684212,190.0,1.0106382978723405,248.0,-0.1791106375405755,0.2122345773923329,125.0,123.0,0.27694955953249095,-0.400506136916573,0.5772861478240289,-0.3941388702722692,0.0773066959091094,0.39,0.485,0.505,0.53,0.705,0
0.06255666364460562,0.19115225784146128,134.0,0.950354609929078,141.0,0.94,150.0,0.9615384615384616,0.059513074842200184,1.031496062992126,127.0,0.9071428571428573,140.0,0.8805031446540881,159.0,1.0324675324675323,187.0,-0.3282752777974564,0.18921756193126246,96.0,91.0,0.2922258864108338,-0.5018482300614096,0.4187580701604043,-0.4980649031775244,-0.2154501681015263,0.36,0.46,0.515,0.545,0.745,0
0.033544877606527655,0.17431790056552365,112.0,1.0,112.0,1.0,112.0,1.018181818181818,0.03967538322813345,0.9396551724137931,116.0,1.0357142857142858,112.0,1.0275229357798166,109.0,1.0,153.0,-0.1614125023234361,0.5154276393390734,77.0,76.0,0.3127337141762317,-0.4745932965195797,0.7954617334054419,-0.8218517357154964,0.3716102312337558,0.32,0.47,0.51,0.555,0.835,0
0.09066183136899365,0.18426256673327163,169.0,0.949438202247191,178.0,1.0,178.0,1.0289017341040465,0.1073038773669973,1.010989010989011,182.0,1.0167597765363128,179.0,1.098159509202454,163.0,1.0061728395061729,255.0,-0.6475787236378672,0.18535652162515145,127.0,128.0,0.14186286664765052,-0.8515385102209783,0.3732931519526579,-0.989485220923212,-0.5102729319894095,0.39,0.475,0.5,0.52,0.675,0
0.1414324569356301,0.24707044677640994,173.0,1.054878048780488,164.0,0.9879518072289156,166.0,1.0849673202614378,0.08656447249774572,1.087837837837838,148.0,1.034965034965035,143.0,1.0214285714285714,140.0,0.9790209790209792,228.0,-0.2169494263811454,0.2580984762339361,116.0,112.0,0.39097228032449244,-0.2699556847795553,0.5246309751799528,-0.0418396384169967,0.0265237379718731,0.48,0.455,0.515,0.54,0.545,0
0.061650045330915684,0.17736884321892787,142.0,1.0,142.0,0.9793103448275862,145.0,0.9931506849315068,0.06672678088367899,0.9391891891891891,148.0,0.9801324503311258,151.0,1.0202702702702702,148.0,1.0,193.0,-0.2186413780811663,0.2250142527444003,96.0,97.0,0.3096930168083665,-0.3058485234614557,0.4125865036589635,-0.4815653671767669,-0.2086408044832964,0.33,0.46,0.5,0.57,0.815,0
0.038984587488667274,0.18939280906174863,110.0,0.990990990990991,111.0,1.009090909090909,110.0,0.990990990990991,0.04238052299368801,1.0,112.0,1.009009009009009,111.0,0.9823008849557522,113.0,1.0660377358490567,154.0,-0.3119839425273398,0.494896949235746,76.0,78.0,0.24717828026336905,-0.6127645876615037,0.6696125869945412,-1.3479805029799368,0.0796498818714513,0.3,0.455,0.495,0.54,0.85,0
0.09882139619220308,0.17835880426078998,183.0,1.0457142857142858,175.0,1.0542168674698795,166.0,1.0573248407643312,0.08836789900811542,1.0124223602484472,161.0,0.9526627218934912,169.0,1.5363636363636364,110.0,0.4150943396226415,244.0,-0.1104005719819996,0.3874538107665072,130.0,114.0,0.32107778875784265,-0.0729417894009295,0.7265332042422351,-0.3106573093399108,0.5191245080489949,0.375,0.5,0.535,0.615,0.56,0
0.09247506799637353,0.19326504989499127,164.0,1.0445859872611465,157.0,1.0129032258064516,155.0,0.9872611464968152,0.08656447249774572,1.0,161.0,0.9640718562874252,167.0,0.9823529411764704,170.0,0.9883720930232558,228.0,-0.1616809887810033,0.23390222064957542,116.0,112.0,0.2912781282553539,-0.4403061125327828,0.5970255024803007,-0.4252414484708502,-0.0626571734802416,0.375,0.49,0.51,0.535,0.7,0
0.03535811423390753,0.1817874498204099,110.0,0.9734513274336284,113.0,0.982608695652174,115.0,1.036036036036036,0.04328223624887286,0.9912280701754386,114.0,1.0363636363636364,110.0,1.0185185185185186,108.0,0.9908256880733946,154.0,0.0548795711628048,0.4853208679713198,75.0,79.0,0.315635143276544,-0.2882540576306508,0.7923663865984131,-0.8108488154164227,0.6633581410787089,0.28,0.44,0.49,0.53,0.82,0
0.0815956482320943,0.183094620940015,160.0,1.032258064516129,155.0,1.9135802469135803,81.0,0.8350515463917526,0.07844905320108206,1.4205607476635513,107.0,0.4692982456140351,228.0,1.3818181818181818,165.0,0.9375,219.0,-0.232611001249214,0.3919339695969964,113.0,106.0,0.3968759971270536,-0.213963352265582,0.7027638947928032,-0.4637347787062362,0.3862598748673025,0.485,0.475,0.52,0.63,0.545,0
0.08522212148685404,0.1843536753312911,163.0,1.065359477124183,153.0,1.9870129870129871,77.0,0.3615023474178404,0.07303877366997295,1.0656934306569343,137.0,1.0300751879699248,133.0,1.3711340206185567,97.0,0.5105263157894737,210.0,-0.3495969402154542,0.28069805389497704,108.0,102.0,0.32703084745178934,-0.3826412235417702,0.4968501542842727,-0.1141792212471395,-0.1141792212471395,0.48,0.455,0.515,0.555,0.555,0
0.06799637352674524,0.17896113388612858,148.0,0.9932885906040269,149.0,1.0205479452054795,146.0,1.028169014084507,0.0757439134355275,0.9738562091503268,153.0,1.0625,144.0,1.0588235294117647,136.0,0.9927007299270072,204.0,-0.2439639772373882,0.2341719777693374,100.0,104.0,0.32225935386681087,-0.2781009875177032,0.42106042136041305,-0.4703885369034419,-0.2657918191999247,0.33,0.455,0.49,0.57,0.735,0
0.0643699002719855,0.1774602626658551,145.0,1.0283687943262412,141.0,1.0930232558139534,129.0,0.9626865671641792,0.06311992786293959,0.9712230215827338,139.0,1.0296296296296297,135.0,1.0384615384615383,130.0,1.015625,189.0,-0.2023182429565604,0.2535553764991892,95.0,94.0,0.3081891621055332,-0.4226025230418272,0.3477529213026991,-0.6918561897947579,0.0867742172670123,0.34,0.47,0.505,0.53,0.74,0
0.12511332728921123,0.2640520856142237,150.0,0.974025974025974,154.0,0.9871794871794872,156.0,0.9873417721518988,0.07844905320108206,0.9559748427672956,159.0,1.0192307692307692,156.0,1.0263157894736843,152.0,0.9806451612903224,255.0,-0.3579938829503777,0.29749050848419983,149.0,106.0,0.2345143983701736,-0.4305635702235585,0.5644888481028005,-0.1647272261625985,-0.1647272261625985,0.45,0.55,0.585,0.61,0.61,0
0.08522212148685404,0.1817874498204099,165.0,0.9763313609467456,169.0,0.9548022598870056,177.0,1.0,0.09738503155996393,0.9942528735632183,174.0,1.029585798816568,169.0,1.0696202531645569,158.0,0.9575757575757576,238.0,-0.2518605624342067,0.22062505234233604,117.0,121.0,0.26407085968243016,-0.5717243324824098,0.5782829489239888,-0.46364825037582,-0.107481145046364,0.345,0.47,0.495,0.52,0.69,0
0.09610154125113328,0.17274323883070977,185.0,1.0054347826086956,184.0,0.983957219251337,187.0,0.9946808510638298,0.10459873760144274,1.0284090909090908,176.0,1.011494252873563,174.0,1.0481927710843373,166.0,0.9540229885057472,252.0,-0.2609861170963017,0.1884041642413095,126.0,126.0,0.25419019099131573,-0.5220100604802834,0.493745528297017,-0.6876193758347173,-0.0056637274181568,0.34,0.48,0.5,0.52,0.705,0
0.03535811423390753,0.17096948193402292,116.0,1.0740740740740742,108.0,0.9818181818181818,110.0,0.9821428571428572,0.15058611361587015,2.188679245283019,106.0,0.8907563025210085,119.0,1.1666666666666667,102.0,0.8429752066115702,317.0,-0.2115990451281834,0.8290336689529966,155.0,162.0,0.8567799476124441,-0.4915643582158521,0.9128508398222259,-0.92286432160804,-0.4034631235550338,0.485,0.825,0.855,0.93,0.99,0
0.08250226654578423,0.1830865018647379,161.0,0.9817073170731708,164.0,0.9534883720930232,172.0,0.9885057471264368,0.10279531109107304,0.9675675675675676,185.0,1.0571428571428572,175.0,1.0606060606060606,165.0,0.9649122807017544,248.0,-0.2464163332732159,0.2351278752650696,123.0,125.0,0.2617244692209833,-0.5487684695400474,0.6257537689569844,-0.4868980625246205,-0.0926518656012797,0.33,0.475,0.5,0.52,0.675,0
0.05893019038984588,0.1865050598761275,133.0,1.023076923076923,130.0,1.0,130.0,0.9285714285714286,0.05410279531109107,0.984251968503937,127.0,0.9477611940298508,134.0,0.9925925925925926,135.0,0.9854014598540146,178.0,-0.2147328024367185,0.23824759304960005,91.0,87.0,0.29985043199663064,-0.4213154159127567,0.3241059091620246,-0.6713704486859692,0.1732761611776619,0.34,0.48,0.515,0.54,0.76,0
0.03445149592021759,0.08719818287411166,199.0,1.4316546762589928,139.0,1.053030303030303,132.0,1.015384615384615,0.0721370604147881,1.0,145.0,1.0,145.0,0.9294871794871796,156.0,0.9936305732484076,264.0,-0.0377778429731998,0.5075941038981121,163.0,101.0,0.2986967753072958,-0.2316608262087791,0.7050254705769862,-0.3954310707704548,-0.1421490189913528,0.47,0.565,0.62,0.705,0.92,0
0.06346328195829556,0.18328135967138715,140.0,1.0,140.0,1.0144927536231885,138.0,0.9387755102040816,0.06492335437330929,0.9647887323943662,142.0,1.0,142.0,0.9793103448275862,145.0,1.6111111111111112,192.0,-0.2535221663618203,0.208419092082068,97.0,95.0,0.32734787124955517,-0.3695737823426241,0.39836310347834786,-0.5319087234400112,-0.2863082749135641,0.36,0.47,0.505,0.575,0.82,0
0.03989120580235721,0.1817874498204099,115.0,1.036036036036036,111.0,1.0277777777777777,108.0,0.9642857142857144,0.0405770964833183,0.9821428571428571,112.0,0.991150442477876,113.0,1.0089285714285714,112.0,1.0,152.0,-0.5771608453345598,0.5444654230908064,75.0,77.0,0.16764552079993655,-0.9922909452431548,0.6002215873641188,-1.4770937322545763,0.0695030539407945,0.315,0.45,0.495,0.54,0.835,0
0.09156844968268359,0.1855001251897025,169.0,0.9941176470588236,170.0,0.9497206703910616,179.0,0.93717277486911,0.1073038773669973,0.968421052631579,190.0,1.0326086956521738,184.0,0.9633507853403142,191.0,1.0494505494505495,250.0,-0.2095753944870489,0.15742163914069815,122.0,128.0,0.28082742806375877,-0.4378882710776997,0.47119890851970847,-0.4851169369275686,-0.2194679884406736,0.345,0.465,0.49,0.51,0.645,0
0.07524932003626474,0.1963115733715776,144.0,1.0,144.0,1.0359712230215827,139.0,1.7820512820512822,0.007213706041478809,0.35960591133004927,203.0,1.380952380952381,147.0,1.7926829268292683,82.0,0.3534482758620689,147.0,-0.152938761878502,0.3066098841063965,96.0,51.0,0.3108665058189401,-0.2153809697344414,0.5069058539670342,-0.3217869776507577,0.1959013389011842,0.435,0.585,0.66,0.79,0.7,0
0.03626473254759746,0.18368878963074456,110.0,1.0,110.0,0.9821428571428572,112.0,0.5283018867924528,0.0387736699729486,0.972972972972973,111.0,1.15625,96.0,0.7559055118110236,127.0,1.1759259259259258,154.0,-0.3430577793091327,0.5242411550911098,79.0,75.0,0.2689517443049409,-0.4939376608946764,0.7000034508755747,-1.2387905330805464,0.1815492807237481,0.315,0.475,0.515,0.555,0.875,0
0.0371713508612874,0.17993658805813717,113.0,1.0272727272727271,110.0,1.0,110.0,1.02803738317757,0.04418394950405771,1.0363636363636364,110.0,0.990990990990991,111.0,1.0471698113207548,106.0,0.9814814814814816,157.0,0.52392512145857,0.43254318342114917,78.0,79.0,0.5614879043911339,0.2335794703166718,0.77761005960486,-0.3269105240665969,0.9311559041367468,0.335,0.455,0.5,0.545,0.835,0
0.03445149592021759,0.057703743541478586,268.0,1.654320987654321,162.0,1.018867924528302,159.0,0.8983050847457628,0.07844905320108206,0.9934640522875817,153.0,1.8,85.0,0.33203125,256.0,1.5802469135802468,282.0,-0.2098981585472317,0.33253556082833735,176.0,106.0,0.2914154702792027,-0.2579515579011381,0.6669973107021651,-0.4645868289026568,0.3682878061452137,0.51,0.59,0.63,0.695,0.645,0
0.02629193109700816,0.1426785903070217,123.0,1.0982142857142858,112.0,1.0275229357798166,109.0,1.0092592592592593,0.0369702434625789,0.4774774774774775,222.0,2.018181818181818,110.0,0.4954954954954955,222.0,1.88135593220339,154.0,-0.2121344444548752,0.4866797835190301,80.0,74.0,0.28460730792884703,-0.532691622583834,0.6941017460514673,-1.189202338691616,0.2349229555230943,0.345,0.475,0.525,0.57,0.88,0
0.09066183136899365,0.1880870696739284,166.0,1.064102564102564,156.0,0.975,160.0,1.0062893081761006,0.0793507664562669,1.02,150.0,0.925925925925926,162.0,1.0253164556962024,158.0,0.9634146341463414,221.0,-0.3460829608837868,0.09211349701795292,114.0,107.0,0.2715837858256431,-0.572752839996903,0.32053631072519273,-0.4573736795863813,-0.3197803451043632,0.4,0.495,0.52,0.535,0.865,0
0.08250226654578423,0.18440179205962007,160.0,1.0596026490066226,151.0,0.967948717948718,156.0,0.975,0.08025247971145176,0.9506172839506173,162.0,0.9878048780487804,164.0,1.0379746835443038,158.0,0.9461077844311376,213.0,-0.2784766017663598,0.12767654066947998,106.0,107.0,0.30344271975394943,-0.5165601523926202,0.3619561764931065,-0.3490255122626928,-0.2797201731785362,0.36,0.47,0.5,0.525,0.84,0
0.06346328195829556,0.18479676462813382,139.0,0.9858156028368794,141.0,1.0291970802919708,137.0,0.9856115107913668,0.06492335437330929,0.9927536231884058,138.0,1.568181818181818,88.0,0.4378109452736318,201.0,1.34,193.0,-0.1843463150474971,0.23029828302031846,98.0,95.0,0.3425982497406107,-0.2283402880241968,0.4455128754410906,-0.4395988192579997,-0.2100957358160549,0.36,0.475,0.51,0.59,0.805,0
0.03535811423390753,0.1817874498204099,110.0,0.990990990990991,111.0,1.009090909090909,110.0,1.0185185185185186,0.0387736699729486,0.9908256880733946,109.0,1.0092592592592593,108.0,0.9642857142857144,112.0,1.037037037037037,153.0,-0.3315463487885776,0.48005817969863884,78.0,75.0,0.2764914160502327,-0.6110024729788952,0.7122254289893579,-1.2015068845535923,-0.0241320749397839,0.335,0.47,0.51,0.555,0.86,0
0.02357207615593835,0.1275049239375724,131.0,0.5796460176991151,226.0,1.036697247706422,218.0,1.963963963963964,0.03967538322813345,0.990909090909091,110.0,0.9821428571428572,112.0,1.0,112.0,0.9824561403508772,152.0,-0.5806264125015275,0.5995846196015345,76.0,76.0,0.15626952460717133,-0.8787589061585674,0.6174617277050798,-1.313827093409314,0.2386980726096884,0.295,0.46,0.5,0.545,0.805,0
0.07162284678150499,0.18899942841133452,145.0,1.013986013986014,143.0,1.0141843971631206,141.0,0.9791666666666666,0.06943192064923355,1.0142857142857142,140.0,0.9929078014184396,141.0,1.0,141.0,0.94,201.0,-0.2430491334791509,0.36936666110578104,102.0,99.0,0.2598401394145465,-0.3683280902547153,0.42917754145645254,-1.0182599021005634,0.3881078216748215,0.355,0.475,0.51,0.585,0.905,0
0.08250226654578423,0.20157166136037882,148.0,1.0802919708029195,137.0,0.9448275862068966,145.0,0.9731543624161074,0.0721370604147881,0.9666666666666667,150.0,0.9615384615384616,156.0,0.9285714285714286,168.0,0.9710982658959536,208.0,-0.2244097751454862,0.4325829247105995,107.0,101.0,0.41545068350320224,-0.2428886139618772,0.8223641924561101,-0.4734185129730037,0.2211893685604917,0.49,0.475,0.52,0.635,0.545,0
0.08522212148685404,0.36479140656512304,88.0,1.0731707317073171,82.0,0.3241106719367589,253.0,1.5617283950617284,0.07484220018034266,1.5416666666666667,96.0,0.4247787610619469,226.0,1.3216374269005848,171.0,0.9715909090909092,205.0,-0.1627769081804488,0.45391721720888156,102.0,103.0,0.3074653358735112,-0.219041223895207,0.6736036545763431,-0.425677699443109,0.1546358198106142,0.345,0.45,0.5,0.615,0.55,0
0.04261106074342702,0.18357503425747662,117.0,0.9831932773109244,119.0,0.9015151515151516,132.0,0.9635036496350364,0.058611361587015326,1.0317460317460319,126.0,0.9921259842519684,127.0,0.9548872180451128,133.0,1.023076923076923,182.0,-0.1739987327133579,0.24159584689510188,91.0,91.0,0.2707714416781699,-0.4388146313785685,0.3912882872831503,-0.636229711673306,0.2360816978440926,0.335,0.45,0.505,0.53,0.74,0
0.0371713508612874,0.19156069183614888,107.0,0.981651376146789,109.0,1.0186915887850467,107.0,1.0,0.0369702434625789,0.9906542056074766,107.0,0.981651376146789,109.0,0.956140350877193,114.0,1.027027027027027,165.0,-1.2309843821556352,0.5689022334306353,91.0,74.0,0.0,-1.6579986573092884,0.5544306926242262,-1.979231825792757,-0.8068991286087366,0.49,0.52,0.55,0.595,0.905,0
0.05983680870353581,0.1787781350126859,139.0,0.9328859060402684,149.0,1.0067567567567568,148.0,1.0136986301369864,0.06582506762849413,0.9583333333333334,144.0,0.979591836734694,147.0,0.9865771812080536,149.0,1.7325581395348837,194.0,-0.2597468180175334,0.20763511061707202,98.0,96.0,0.3121800005354641,-0.3628141704059013,0.3955498674010296,-0.5335416664086473,-0.2412918832192705,0.355,0.47,0.505,0.58,0.835,0
0.0643699002719855,0.18327076456606103,141.0,1.0291970802919708,137.0,0.9319727891156464,147.0,0.9932432432432432,0.06582506762849413,0.9857142857142858,140.0,0.9722222222222222,144.0,0.96,150.0,0.9803921568627452,194.0,-0.2572536599515064,0.22304557175557582,98.0,96.0,0.30740708985434145,-0.3223115625205563,0.405640276344334,-0.5112365857689272,-0.2761619833647024,0.34,0.47,0.505,0.58,0.75,0
0.07252946509519492,0.1725214266940953,158.0,0.9693251533742332,163.0,1.0,163.0,0.9819277108433736,0.08025247971145176,0.9808917197452229,157.0,0.9751552795031057,161.0,1.0,161.0,1.0662251655629138,210.0,-0.2699515587440941,0.09127804210856572,103.0,107.0,0.2735258621168669,-0.5212027166746095,0.31829812208705577,-0.3951790750780127,-0.1681974304618472,0.36,0.47,0.495,0.515,0.82,0
0.07615593834995467,0.17525159422238443,160.0,1.0,160.0,0.975609756097561,164.0,0.970414201183432,0.08836789900811542,1.0,163.0,0.987878787878788,165.0,1.0248447204968945,161.0,1.018987341772152,221.0,-0.3415352891966619,0.08008700579943194,107.0,114.0,0.2685796276026995,-0.5685519791510827,0.2816720420526077,-0.4572703132155856,-0.3008704193865183,0.365,0.465,0.485,0.505,0.815,0
0.0815956482320943,0.4099482270605717,77.0,0.3130081300813008,246.0,1.4470588235294115,170.0,1.0429447852760736,0.08476104598737602,1.5436893203883495,103.0,0.4598214285714285,224.0,1.4451612903225806,155.0,1.631578947368421,253.0,-0.4667834733370039,0.350159982615795,142.0,111.0,0.21747361677916965,-0.5088235425293414,0.6432425214757804,-0.7071229430575767,-0.351787292355216,0.45,0.525,0.565,0.645,0.605,0
0.03626473254759746,0.19165289223252382,106.0,0.9814814814814816,108.0,0.9473684210526316,114.0,0.9743589743589745,0.03787195671776375,0.9727272727272728,110.0,0.990990990990991,111.0,0.9910714285714286,112.0,1.3333333333333333,148.0,-0.0473660588332915,0.49910274106689073,74.0,74.0,0.33505237895512663,-0.4835844741361758,0.7170380417754507,-0.8168421975909625,0.5429825788617061,0.315,0.46,0.5,0.55,0.855,0
0.005439709882139619,0.03387333377688292,263.0,1.5290697674418603,172.0,1.011764705882353,170.0,2.098765432098765,0.10009017132551848,1.1282051282051282,156.0,1.1063829787234043,141.0,1.036764705882353,136.0,0.9315068493150684,236.0,-0.3004764748642381,0.39384204974249126,113.0,123.0,0.2679177350500506,-0.3050212074437428,0.6501932134477906,-0.5577190659468089,-0.1113130176054295,0.31,0.43,0.48,0.585,0.53,0
0.0371713508612874,0.17811819755485175,114.0,1.0363636363636364,110.0,0.990990990990991,111.0,1.0471698113207548,0.03787195671776375,0.981651376146789,109.0,1.0186915887850467,107.0,1.0,107.0,0.9727272727272728,152.0,-0.6268217296334122,0.5145353643120234,78.0,74.0,0.19391514072952207,-0.9602879071315822,0.6136331041080456,-1.7544121756131152,-0.2805283610431321,0.34,0.48,0.52,0.56,0.84,0
0.09791477787851315,0.17833996554892395,182.0,0.994535519125683,183.0,0.9891891891891892,185.0,1.0511363636363635,0.10459873760144274,1.011173184357542,179.0,1.0346820809248556,173.0,1.035928143712575,167.0,0.9709302325581396,250.0,-0.2051806207261214,0.20206946612538923,124.0,126.0,0.2689843927738374,-0.4672657235259232,0.5370423596175522,-0.5365831944865372,-0.0905297572091996,0.4,0.475,0.5,0.52,0.68,0
0.08794197642792384,0.1636007211998173,184.0,1.0279329608938548,179.0,1.022857142857143,175.0,1.0115606936416186,0.1018935978358882,1.0229885057471264,174.0,1.0357142857142858,168.0,0.9882352941176472,170.0,1.0059171597633136,252.0,-0.3566799258709081,0.25043577492408237,128.0,124.0,0.22456141917433511,-0.6554665609787006,0.5939714648886019,-0.6157785000324143,-0.3013711713987433,0.39,0.485,0.51,0.53,0.685,0
0.033544877606527655,0.17613481795184732,111.0,1.15625,96.0,0.7559055118110236,127.0,1.1759259259259258,0.13706041478809738,2.0865384615384617,104.0,0.8813559322033898,118.0,1.2826086956521738,92.0,0.6917293233082706,302.0,0.0530197123104214,0.6851780317792651,151.0,151.0,0.9845353431470131,-0.2988102621855939,0.9600388479041808,-0.5166832090452794,-0.5166832090452794,0.5,0.835,0.865,0.89,0.89,0
0.08612873980054397,0.1710312988933737,175.0,1.0479041916167664,167.0,1.0060240963855422,166.0,0.9485714285714286,0.08926961226330027,0.9534883720930233,172.0,0.9772727272727272,176.0,1.0,176.0,1.0797546012269938,230.0,-0.2682173693447465,0.21490019331837748,116.0,114.0,0.2490043363721323,-0.5501914271710036,0.5634559808123477,-0.5618325335989796,-0.0268467022533521,0.335,0.48,0.505,0.525,0.725,0
0.10244786944696282,0.19901135163167694,170.0,1.0,170.0,1.0179640718562877,167.0,1.050314465408805,0.09648331830477908,0.9828571428571429,175.0,1.0174418604651163,172.0,0.9347826086956522,184.0,0.9787234042553192,243.0,-0.2685881350166656,0.23620429598062304,123.0,120.0,0.25386056334830953,-0.5180278107101506,0.5889081393978532,-0.4668876704600092,-0.0781229043158269,0.385,0.485,0.51,0.53,0.68,0
0.08068902991840435,0.18048839777608183,161.0,0.936046511627907,172.0,0.945054945054945,182.0,0.9528795811518324,0.033363390441839495,0.3709090909090909,275.0,1.5536723163841808,177.0,1.10625,160.0,1.0126582278481011,190.0,-0.2362686307958509,0.4200694356038667,119.0,71.0,0.2755384323228541,-0.2325375778808991,0.6647448587893924,-0.4896387627801946,0.4117849262605796,0.4,0.585,0.635,0.78,0.665,0
0.06618313689936536,0.1862373940573634,141.0,1.0291970802919708,137.0,0.958041958041958,143.0,1.0214285714285714,0.06853020739404869,1.014388489208633,139.0,1.0145985401459854,137.0,0.9383561643835616,146.0,0.9605263157894736,198.0,-0.1521781120443987,0.2286275552914793,100.0,98.0,0.3436253526801415,-0.2270722282679974,0.4509123782459247,-0.4578738141578478,-0.1241661618148921,0.345,0.465,0.505,0.58,0.765,0
0.05802357207615594,0.19151523489654085,129.0,1.0238095238095235,126.0,1.008,125.0,0.984251968503937,0.06492335437330929,1.0073529411764706,136.0,1.0625,128.0,1.0158730158730158,126.0,0.9767441860465116,190.0,-0.2466684614990615,0.26525632738554655,95.0,95.0,0.2765358210680858,-0.50398066295682,0.3868633465437108,-0.6868842830218431,0.1790108559304484,0.335,0.45,0.505,0.53,0.735,0
0.0815956482320943,0.17188698216896306,169.0,1.0,169.0,1.0180722891566265,166.0,1.0440251572327044,0.09287646528403967,1.030674846625767,163.0,1.038216560509554,157.0,1.026143790849673,153.0,0.95625,232.0,-0.2971633412550731,0.09849293408268914,115.0,117.0,0.2815730205189268,-0.4710850619720307,0.3113551954715286,-0.497546780706008,-0.3,0.325,0.475,0.495,0.52,0.84,0
0.06708975521305531,0.18035493352495224,146.0,1.042857142857143,140.0,0.9929078014184396,141.0,0.9791666666666666,0.06943192064923355,0.9793103448275862,145.0,0.9797297297297296,148.0,0.9866666666666668,150.0,1.0,198.0,-0.296630849581538,0.2215419383550864,99.0,99.0,0.2974959689805541,-0.3730663088749876,0.3887230741919928,-0.5661425048121271,-0.3306283838810017,0.345,0.47,0.505,0.575,0.745,0
0.0843155031731641,0.19251295644281063,156.0,1.0129870129870129,154.0,0.9746835443037974,158.0,0.9693251533742332,0.08476104598737602,0.99375,160.0,0.9411764705882352,170.0,1.011904761904762,168.0,0.9882352941176472,220.0,-0.4190789284427694,0.10445639975764971,109.0,111.0,0.24351236504817453,-0.6293091257633985,0.2779232502153346,-0.5675359285879302,-0.4051441401757765,0.34,0.47,0.5,0.52,0.845,0
0.08703535811423391,0.1733734747976645,174.0,0.9775280898876404,178.0,0.9621621621621622,185.0,1.0451977401129944,0.1055004508566276,1.04,175.0,1.0355029585798816,169.0,1.005952380952381,168.0,1.030674846625767,249.0,-0.2046912028225803,0.21316391600450146,122.0,127.0,0.28027198541037845,-0.4863966052614527,0.5664119971698542,-0.5295059521014406,-0.0339463114734393,0.345,0.47,0.495,0.515,0.69,0
0.03173164097914778,0.07721376025200238,212.0,1.422818791946309,149.0,1.0205479452054795,146.0,1.0503597122302155,0.0811541929666366,1.9135802469135803,81.0,0.8350515463917526,97.0,0.377431906614786,257.0,1.5670731707317074,220.0,-0.2070600438559076,0.3903749218102004,112.0,108.0,0.45188882539619674,-0.1974128393739269,0.7065405297432701,-0.3965479025098452,0.3379302506812994,0.485,0.45,0.515,0.6,0.54,0
0.08975521305530372,0.17238756761201368,178.0,1.0056497175141244,177.0,1.0114285714285711,175.0,0.9831460674157304,0.09197475202885483,0.9653179190751445,173.0,1.0421686746987953,166.0,0.9822485207100592,169.0,0.9602272727272728,239.0,-0.2449462993459437,0.20077721897550455,123.0,116.0,0.25643741514180557,-0.4568711638912842,0.4969128656265867,-0.5444446182138492,-0.2321499210089859,0.405,0.495,0.515,0.54,0.695,0
0.03989120580235721,0.1854891733449553,113.0,1.018018018018018,111.0,0.9736842105263158,114.0,1.0961538461538465,0.04869251577998197,1.1018518518518519,108.0,0.9642857142857144,112.0,1.037037037037037,108.0,0.9473684210526316,160.0,-0.0517022342177877,0.4446579897675064,77.0,83.0,0.3689996013740509,-0.2692225693930759,0.6489415851801253,-0.9201537080099158,0.3729468149301586,0.305,0.44,0.485,0.53,0.795,0
0.07887579329102448,0.18583546361015468,155.0,1.0130718954248366,153.0,0.9935064935064936,154.0,0.9333333333333332,0.08385933273219116,0.9937106918238994,159.0,0.9695121951219512,164.0,0.9761904761904762,168.0,1.0,219.0,-0.3685453036194315,0.09380383197736597,109.0,110.0,0.25955778615511854,-0.59478811203412,0.27851196901244596,-0.5143354150956051,-0.297053613535022,0.325,0.475,0.495,0.52,0.88,0
0.08884859474161379,0.1949413730365618,159.0,1.03921568627451,153.0,0.9683544303797468,158.0,1.0,0.08025247971145176,0.9685534591194969,159.0,0.9875776397515528,161.0,0.9526627218934912,169.0,1.0,215.0,-0.4258981170487311,0.08315689861129136,108.0,107.0,0.24842894300585375,-0.6458587883343972,0.22342109037910618,-0.5251978626426129,-0.4151758793969849,0.385,0.48,0.5,0.525,0.86,0
0.08340888485947416,0.1805121609232342,164.0,0.9371428571428572,175.0,0.9668508287292816,181.0,0.989071038251366,0.1073038773669973,0.9787234042553191,188.0,1.0742857142857145,175.0,1.0416666666666667,168.0,0.9655172413793104,254.0,-0.2099592103892237,0.21628230606360632,126.0,128.0,0.26479717546122655,-0.4990578166019995,0.5869495293910957,-0.3896088112437971,-0.1037412109075227,0.33,0.475,0.5,0.525,0.68,0
0.06527651858567543,0.17472165998470668,148.0,1.0,148.0,1.0422535211267605,142.0,0.9793103448275862,0.059513074842200184,0.9492753623188406,138.0,0.9452054794520548,146.0,0.9798657718120806,149.0,1.0492957746478873,186.0,-0.3850948000772585,0.10957746524635922,95.0,91.0,0.2641275959570257,-0.5840041491031018,0.287569858083419,-0.5050887047501117,-0.3088906428894862,0.365,0.49,0.515,0.54,0.845,0
0.09610154125113328,0.19168791747185676,169.0,0.9657142857142856,175.0,0.945945945945946,185.0,1.0054347826086956,0.109107303877367,1.0508474576271187,177.0,1.023121387283237,173.0,1.0236686390532543,169.0,1.005952380952381,250.0,-0.1964614035280868,0.1913827556021495,120.0,130.0,0.27665145792803836,-0.4407476619225166,0.5025978896725329,-0.5274517745607171,-0.0372520941759254,0.32,0.46,0.48,0.505,0.675,0
0.06980961015412511,0.17628357142207265,152.0,1.0780141843971631,141.0,1.0071428571428571,140.0,1.0218978102189782,0.06943192064923355,1.0,142.0,1.0070921985815602,141.0,1.0,141.0,1.014388489208633,201.0,-0.2294468949009306,0.21936208269363267,102.0,99.0,0.3087337238775108,-0.2977455016719676,0.4125208327939012,-0.5073826621246612,-0.213340697077364,0.34,0.47,0.505,0.58,0.81,0
0.07071622846781506,0.17765954102165696,152.0,1.0555555555555556,144.0,1.0588235294117647,136.0,0.9855072463768116,0.0739404869251578,1.0,147.0,1.0575539568345325,139.0,1.0,139.0,0.972027972027972,204.0,-0.2299933365836824,0.21633092810497084,102.0,102.0,0.3096964836321165,-0.2962231211803541,0.4149334825783938,-0.4844287150310016,-0.1961300972631655,0.35,0.465,0.5,0.575,0.805,0
0.061650045330915684,0.1895914565046194,134.0,0.9925925925925926,135.0,1.0,135.0,1.062992125984252,0.06402164111812443,1.0303030303030303,132.0,0.9635036496350364,137.0,1.0073529411764706,136.0,1.0149253731343284,193.0,0.125689150476355,0.2584488729516468,98.0,95.0,0.40546816667227675,-0.0987399680236726,0.48338597968967384,-0.3042701015847487,0.3127930540408142,0.35,0.46,0.515,0.54,0.705,0
0.07071622846781506,0.17631954448349968,153.0,1.0408163265306123,147.0,1.05,140.0,1.0071942446043165,0.07303877366997295,0.9864864864864865,148.0,1.0422535211267605,142.0,1.0070921985815602,141.0,0.9929577464788732,206.0,-0.2136941785922186,0.21213704901597893,104.0,102.0,0.32852462302958857,-0.2897612559836637,0.4165462758524335,-0.4820194430256427,-0.2391038967555717,0.35,0.47,0.505,0.575,0.835,0
0.08884859474161379,0.18303237469622427,168.0,1.030674846625767,163.0,0.9939024390243902,164.0,0.9371428571428572,0.09918845807033363,0.9668508287292817,181.0,0.9836956521739132,184.0,0.9787234042553192,188.0,1.0742857142857145,245.0,-0.1959130773160699,0.2167645096969913,123.0,122.0,0.27449551177119774,-0.4494258045547061,0.5961327989344689,-0.4736282639685252,-0.0983604965268423,0.39,0.485,0.505,0.525,0.675,0
0.0371713508612874,0.17993658805813717,113.0,1.2150537634408602,93.0,0.7560975609756098,123.0,1.108108108108108,0.0405770964833183,1.0185185185185186,108.0,0.9557522123893806,113.0,1.0462962962962965,108.0,0.9818181818181818,150.0,-0.238478325864172,0.5238319696461148,73.0,77.0,0.30470040231552536,-0.5412870676785928,0.742240331329236,-1.0202814946196124,0.1650132764478673,0.31,0.45,0.495,0.54,0.875,0
0.07978241160471441,0.1804802787008048,160.0,0.9411764705882352,170.0,1.011904761904762,168.0,0.9882352941176472,0.09377817853922453,1.0,169.0,1.049689440993789,161.0,0.9938271604938272,162.0,1.0384615384615383,232.0,-0.3302071957098771,0.10194896514067496,114.0,118.0,0.2743860670469909,-0.5373232118700915,0.3359274376021712,-0.4142858336724737,-0.2786253210687983,0.375,0.47,0.49,0.51,0.845,0
0.08068902991840435,0.1817874498204099,160.0,1.0256410256410255,156.0,0.9629629629629628,162.0,0.9878048780487804,0.08926961226330027,1.0,164.0,0.9820359281437124,167.0,1.0,167.0,1.0121212121212122,249.0,-0.296076901962154,0.09730212365471186,135.0,114.0,0.2788858010015593,-0.5146330621994802,0.34570587191302177,-0.4109165295271014,-0.2313710404529119,0.44,0.52,0.54,0.56,0.83,0
0.1242067089755213,0.15775775094086092,235.0,2.0982142857142856,112.0,1.0666666666666669,105.0,0.4772727272727273,0.13796212804328223,0.990909090909091,220.0,0.995475113122172,221.0,0.9866071428571428,224.0,2.093457943925233,310.0,-0.3799339200464006,0.750839675879394,158.0,152.0,0.22132543142341135,-0.5596807010531473,0.8982764599648201,-0.8120051092595413,-0.8120051092595413,0.09,0.11,0.145,0.175,0.175,0
0.06799637352674524,0.18920402354866572,141.0,1.0217391304347827,138.0,1.0,138.0,0.9387755102040816,0.06762849413886383,1.0144927536231885,138.0,0.971830985915493,142.0,0.9726027397260274,146.0,0.9605263157894736,200.0,-0.2466746329383552,0.20349623838967368,102.0,98.0,0.3023030001153596,-0.3164584573714554,0.40180089924570406,-0.4837797242398661,-0.2363387573348927,0.35,0.475,0.51,0.575,0.825,0
0.07796917497733455,0.1915476608467946,150.0,1.0638297872340423,141.0,1.014388489208633,139.0,1.0072463768115942,0.062218214607754736,1.0551181102362204,127.0,0.9477611940298508,134.0,0.91156462585034,147.0,1.027972027972028,191.0,0.0139106293737804,0.31741661698779217,98.0,93.0,0.4907280537284197,-0.0294592889484412,0.6246651748002151,0.4041291809543547,0.4041291809543547,0.485,0.455,0.515,0.55,0.55,0
0.0942883046237534,0.185435369223959,172.0,0.9662921348314608,178.0,0.967391304347826,184.0,1.010989010989011,0.10459873760144274,1.0225988700564972,177.0,1.0,177.0,1.0172413793103448,174.0,1.0807453416149069,250.0,-0.1798604337870255,0.2087898123210922,124.0,126.0,0.2762169285010579,-0.4252827452976417,0.5817477331098345,-0.4618157041141402,-0.0902937754667539,0.33,0.475,0.495,0.515,0.67,0
0.10063463281958296,0.1817874498204099,182.0,1.04,175.0,0.9887005649717514,177.0,1.005681818181818,0.10099188458070334,1.0172413793103448,174.0,0.9508196721311476,183.0,0.973404255319149,188.0,1.0444444444444445,244.0,-0.2685251604369311,0.21487386145024098,121.0,123.0,0.26047929162410005,-0.5706703064991401,0.5719986583214497,-0.5712659096355739,-0.0140254360743299,0.35,0.475,0.5,0.52,0.7,0
0.03535811423390753,0.1799032391975557,111.0,1.0373831775700937,107.0,0.9907407407407408,108.0,1.018867924528302,0.026149684400360685,0.7642276422764228,123.0,1.128440366972477,109.0,1.0092592592592593,108.0,0.4909090909090909,147.0,-0.0064594694355157,0.5033856888439617,82.0,65.0,0.33852041503381863,-0.3150046088221674,0.7385157682060398,-0.956747934546068,0.2665530512625929,0.355,0.525,0.565,0.61,0.98,0
0.03626473254759746,0.17106194319800913,117.0,1.3928571428571428,84.0,0.6268656716417911,134.0,1.2523364485981308,0.046889089269612265,1.073394495412844,109.0,0.990909090909091,110.0,1.0,110.0,0.4932735426008968,158.0,0.0026791753277178,0.5051138079848544,77.0,81.0,0.37786575345566376,-0.2700021056596396,0.7646794696303072,-0.9525837707517266,0.3838372985831595,0.315,0.445,0.495,0.535,0.83,0
0.061650045330915684,0.18640099494842785,136.0,0.951048951048951,143.0,1.0,143.0,0.9727891156462584,0.06672678088367899,0.9928571428571429,140.0,0.9523809523809524,147.0,0.9483870967741936,155.0,1.0616438356164384,197.0,-0.250966187019515,0.20963751211334378,100.0,97.0,0.3160327100122273,-0.3199822272384216,0.3943227235618688,-0.5231084867082991,-0.2147092610856284,0.36,0.475,0.505,0.575,0.8,0
0.09972801450589303,0.18651394426417972,177.0,1.0411764705882354,170.0,1.0240963855421688,166.0,1.0121951219512195,0.08926961226330027,1.025,160.0,0.9876543209876544,162.0,1.0062111801242235,161.0,0.9817073170731708,233.0,-0.2158789729790095,0.2540800013981091,119.0,114.0,0.265625853191861,-0.5650689704263668,0.6452438016823286,-0.43483998342931,-0.1121965098523262,0.395,0.49,0.515,0.535,0.69,0
0.03989120580235721,0.20615413476838831,103.0,0.927927927927928,111.0,1.0,111.0,0.9652173913043478,0.11902614968440037,1.5038167938931297,131.0,1.212962962962963,108.0,0.9557522123893806,113.0,1.036697247706422,214.0,-0.2831200665898495,0.6967282502482532,77.0,137.0,0.4519791617963247,-0.3696746170935501,0.7781158757854505,-0.5067991629659244,-0.5067991629659244,0.585,0.845,0.88,0.92,0.92,0
0.08884859474161379,0.1881638943062884,164.0,1.051282051282051,156.0,1.0129870129870129,154.0,0.9746835443037974,0.0829576194770063,0.9874213836477987,159.0,0.99375,160.0,0.9411764705882352,170.0,1.011904761904762,222.0,-0.3610149362738257,0.10175960144202553,113.0,109.0,0.26654681855559764,-0.5354030111471355,0.27318512341052575,-0.4407347563995287,-0.3433835144775277,0.385,0.485,0.51,0.535,0.86,0
0.03535811423390753,0.1799032391975557,111.0,0.9910714285714286,112.0,0.991150442477876,113.0,1.036697247706422,0.04328223624887286,1.0660377358490567,106.0,0.9636363636363636,110.0,1.0,110.0,1.0091743119266054,156.0,-0.2836667334268506,0.49630083196645697,77.0,79.0,0.29397327116153255,-0.5924469710583024,0.6646960576437012,-1.3083460806564222,0.1443932607952889,0.32,0.455,0.495,0.54,0.83,0
0.08975521305530372,0.18554458836777787,167.0,0.9542857142857144,175.0,0.9776536312849162,179.0,0.988950276243094,0.11181244364292155,0.984375,192.0,1.0847457627118644,177.0,1.0350877192982455,171.0,0.9447513812154696,255.0,-0.2588816859469358,0.1887288585093431,123.0,132.0,0.26103484213962985,-0.5235819936565523,0.5179136822405118,-0.5709161667467407,-0.157526465817595,0.38,0.46,0.485,0.505,0.665,0
0.08703535811423391,0.1817874498204099,167.0,0.9823529411764704,170.0,0.9941520467836256,171.0,0.9553072625698324,0.09467989179440937,0.9714285714285714,175.0,0.9615384615384616,182.0,1.058139534883721,172.0,1.0552147239263805,237.0,-0.2241792111162589,0.21410451538267775,119.0,118.0,0.26723967072803595,-0.4734520591526819,0.5786808162528804,-0.4832285237841858,-0.0475546914547633,0.355,0.485,0.505,0.525,0.685,0
0.08612873980054397,0.18053507030462054,167.0,1.0569620253164558,158.0,1.0326797385620916,153.0,0.9745222929936306,0.10279531109107304,1.0112994350282485,177.0,1.005681818181818,176.0,1.0,176.0,0.9943502824858758,252.0,-0.2597257480672114,0.21530981878546265,127.0,125.0,0.2511797898786226,-0.573842108279222,0.5589183539565341,-0.4378163606733558,-0.2604206369597606,0.39,0.48,0.505,0.53,0.66,0
0.09066183136899365,0.17244008092044052,179.0,0.9728260869565216,184.0,1.0760233918128654,171.0,1.0301204819277108,0.09558160504959423,1.06875,160.0,0.975609756097561,164.0,0.993939393939394,165.0,0.9821428571428572,245.0,-0.187783934308661,0.21271678354087253,126.0,119.0,0.273576963550505,-0.429205059500375,0.5622414615055733,-0.3746294887765811,-0.1386542485460559,0.335,0.49,0.515,0.54,0.695,0
0.09972801450589303,0.17726534432555985,185.0,1.0451977401129944,177.0,1.047337278106509,169.0,0.971264367816092,0.09197475202885483,0.9823529411764705,170.0,0.9941520467836256,171.0,1.0058823529411764,170.0,0.9497206703910616,241.0,-0.1792101011250478,0.21896450293925163,125.0,116.0,0.2779207082183739,-0.4224319991167312,0.6062404991736038,-0.4742489604492829,0.0130358132340158,0.41,0.5,0.52,0.54,0.71,0
0.11514052583862194,0.21340275131783543,172.0,1.0617283950617284,162.0,1.0,162.0,1.0384615384615383,0.08476104598737602,1.0063291139240507,158.0,1.0,158.0,0.9813664596273292,161.0,0.9640718562874252,225.0,-0.3266656761263969,0.10036382282952537,114.0,111.0,0.2707479832044995,-0.4888919036547036,0.336720590730421,-0.4258194295509899,-0.2552735348887939,0.385,0.49,0.51,0.53,0.8,0
0.09791477787851315,0.18904111614885435,173.0,0.9829545454545454,176.0,0.967032967032967,182.0,0.9578947368421052,0.10820559062218214,0.9585492227979274,193.0,1.032085561497326,187.0,1.050561797752809,178.0,0.9834254143646408,252.0,-0.262121444943705,0.18970188799549015,123.0,129.0,0.2631967541987564,-0.5147300310186567,0.5009103773824688,-0.6439956192425722,-0.0877946816945206,0.345,0.465,0.49,0.51,0.685,0
0.05349048050770626,0.1817874498204099,130.0,1.031746031746032,126.0,0.9921259842519684,127.0,0.9548872180451128,0.05500450856627592,0.9402985074626866,134.0,0.978102189781022,137.0,0.958041958041958,143.0,1.0514705882352942,183.0,-0.2173771520130256,0.22878521156347698,95.0,88.0,0.30526636996197865,-0.4283843136586468,0.3741773599255837,-0.7587066209085066,0.1885628792112236,0.365,0.465,0.52,0.57,0.76,0
0.08612873980054397,0.1710312988933737,175.0,0.9615384615384616,182.0,1.04,175.0,1.0355029585798816,0.10640216411181244,1.063953488372093,172.0,0.9942196531791908,173.0,0.9829545454545454,176.0,1.0057142857142858,,-0.1878040548352385,0.22421481406796212,126.0,128.0,0.27972854093649635,-0.4775153142332802,0.614716935713369,-0.4963369240058561,0.126233257959583,0.355,0.475,0.5,0.52,0.705,0
0.0371713508612874,0.1875437997049094,109.0,1.0,109.0,0.990909090909091,110.0,1.0091743119266054,0.0405770964833183,0.9821428571428571,112.0,1.018181818181818,110.0,1.0,110.0,0.9821428571428572,151.0,0.0061756315097427,0.49287746307160624,74.0,77.0,0.35383394507306165,-0.2705789331276598,0.7962643952987519,-0.7688356855391252,0.4539097853082832,0.3,0.455,0.495,0.54,0.855,0
0.0942883046237534,0.19050192395111054,168.0,0.9655172413793104,174.0,1.0235294117647058,170.0,0.9941520467836256,0.09377817853922453,0.9883040935672515,171.0,,176.0,1.0,176.0,1.0414201183431953,233.0,-0.2104394207959148,0.20669985916012096,115.0,118.0,0.2672406068029867,-0.4358061021731261,0.5368402332547053,-0.3954854191678288,-0.2446094573517387,0.375,0.475,0.5,0.525,0.67,0
0.0743427017225748,0.18455761378248692,151.0,0.9320987654320988,162.0,0.9473684210526316,171.0,0.9827586206896552,0.015329125338142471,0.3082706766917293,266.0,1.5739644970414202,169.0,1.049689440993789,161.0,1.0320512820512822,166.0,-0.2222003275364335,0.2978147053235693,109.0,57.0,0.3798252860044462,-0.2480336877444198,0.4486132363138907,-0.3997225605639645,0.1618412188966328,0.615,0.565,0.665,0.79,0.705,0
0.06980961015412511,0.1832102211070549,147.0,1.0208333333333333,144.0,0.9863013698630136,146.0,1.020979020979021,0.07844905320108206,1.8313253012048192,83.0,0.4068627450980392,204.0,1.457142857142857,140.0,1.0071942446043165,206.0,-0.2515531638843453,0.23604644354750257,100.0,106.0,0.30492423287359943,-0.3114321608040201,0.41384956560439046,-0.5316955412406905,-0.2272039690353172,0.32,0.45,0.49,0.565,0.75,0
0.03535811423390753,0.1676079664891004,118.0,1.0825688073394495,109.0,0.990909090909091,110.0,1.0,0.03787195671776375,0.47555555555555556,225.0,2.710843373493976,83.0,0.6014492753623188,138.0,0.6052631578947368,153.0,-0.2716448788039237,0.5134697799129975,79.0,74.0,0.2557990251365595,-0.6149893186282349,0.7345092178521707,-1.1041295838850114,0.240006047848771,0.335,0.485,0.525,0.57,0.845,0
0.09066183136899365,0.17584576291311402,176.0,1.0,176.0,1.0414201183431953,169.0,1.05625,0.09828674481514878,1.029585798816568,169.0,1.0242424242424242,165.0,0.9428571428571428,175.0,0.9615384615384616,241.0,-0.2575222249150489,0.21243866405297562,120.0,121.0,0.25562339342786733,-0.564139267288547,0.5464600018351472,-0.448164474239057,-0.1646261198463066,0.34,0.475,0.5,0.525,0.685,0
0.07978241160471441,0.17296798202548397,166.0,1.2868217054263569,129.0,0.6548223350253807,197.0,1.1726190476190477,0.09377817853922453,1.0242424242424242,165.0,1.012269938650307,163.0,1.0316455696202531,158.0,1.0,232.0,-0.3070235773066154,0.10689844514955925,114.0,118.0,0.2841807966365814,-0.5425588032060477,0.3494984781451085,-0.3976876812983787,-0.2739992939014741,0.33,0.47,0.49,0.51,0.8,0
0.057116953762466005,0.2421184245714142,104.0,0.8666666666666667,120.0,1.0714285714285714,112.0,1.4177215189873418,0.04508566275924256,1.0849056603773586,106.0,0.9724770642201837,109.0,0.9478260869565216,115.0,1.0176991150442478,157.0,0.1185333204461798,0.45902374391081074,77.0,80.0,0.3533567289684141,-0.2116288182051049,0.7337011652488543,-0.7884866362106783,0.5061275364890692,0.3,0.455,0.495,0.54,0.79,0
0.10516772438803264,0.1840485025678349,185.0,1.022099447513812,181.0,1.0903614457831323,166.0,0.988095238095238,0.09107303877366997,0.9764705882352941,170.0,0.9444444444444444,180.0,0.989010989010989,182.0,1.0055248618784531,239.0,-0.1460788977248178,0.22114198069317462,123.0,116.0,0.2854388823981399,-0.4094634748013611,0.6207204166316892,-0.4141422834543148,-0.0742367647666854,0.395,0.495,0.515,0.535,0.68,0
0.06255666364460562,0.18636731943654455,137.0,1.045801526717557,131.0,1.0,131.0,0.9924242424242424,0.062218214607754736,0.9852941176470589,136.0,1.0149253731343284,134.0,0.9640287769784172,139.0,0.972027972027972,188.0,-0.154578472190555,0.2518110911036081,95.0,93.0,0.3076275174588409,-0.3460483127377499,0.403397574386282,-0.5562588487208919,0.3554215546334435,0.35,0.465,0.51,0.535,0.77,0
0.043517679057116954,0.29172389270001775,78.0,0.2857142857142857,273.0,1.832214765100671,149.0,0.9675324675324676,0.07303877366997295,1.0503597122302157,139.0,0.9455782312925172,147.0,0.9865771812080536,149.0,0.9141104294478528,206.0,-0.160478728518186,0.3500857272257836,104.0,102.0,0.41850773928121804,-0.180803832655353,0.6373990843792088,-0.3764321608040201,-0.1550641644882092,0.475,0.445,0.505,0.61,0.805,0
0.03173164097914778,0.1817874498204099,106.0,0.9724770642201837,109.0,0.9732142857142856,112.0,1.037037037037037,0.04147880973850315,0.9823008849557522,113.0,0.9912280701754386,114.0,1.0363636363636364,110.0,0.9734513274336284,152.0,0.247230680168503,0.43285244282376156,75.0,77.0,0.397672433254482,-0.0598124378555042,0.7117529916588705,-0.5204646232799779,0.785366939679789,0.295,0.45,0.495,0.54,0.805,0
0.07343608340888486,0.18457608154223412,150.0,1.020408163265306,147.0,1.0068493150684932,146.0,1.0354609929078014,0.07303877366997295,1.028169014084507,142.0,1.0070921985815602,141.0,0.9724137931034482,145.0,0.9931506849315068,207.0,-0.211648682062098,0.21972659686303145,105.0,102.0,0.32513390441097534,-0.2833292874948194,0.4310289923974072,-0.4816804343165679,-0.2447310429011272,0.355,0.475,0.51,0.575,0.845,0
0.056210335448776065,0.17568095699889705,137.0,1.0223880597014925,134.0,1.0551181102362204,127.0,1.0,0.06311992786293959,0.9782608695652174,138.0,1.022222222222222,135.0,1.0305343511450382,131.0,1.0234375,188.0,-0.1540683918563684,0.26333420046768663,94.0,94.0,0.339827212621791,-0.372007554742244,0.401822335398929,-0.7796481877696018,0.1278409316892673,0.345,0.45,0.505,0.555,0.735,0
0.033544877606527655,0.1817874498204099,108.0,0.9642857142857144,112.0,1.0566037735849056,106.0,0.4711111111111111,0.04238052299368801,1.009009009009009,111.0,0.9736842105263158,114.0,0.5352112676056338,213.0,2.3666666666666667,155.0,0.0870439591845781,0.4724788423683403,77.0,78.0,0.41130742094095124,-0.2219668466200424,0.7765711978210593,-0.6438546718231607,0.5765380845396102,0.32,0.455,0.5,0.545,0.83,0
0.05983680870353581,0.1758541908378052,141.0,0.9791666666666666,144.0,1.006993006993007,143.0,1.0,0.06672678088367899,0.972027972027972,143.0,0.9470198675496688,151.0,1.0202702702702702,148.0,0.9932885906040269,193.0,-0.281776287531248,0.22445849352676453,96.0,97.0,0.296791206979532,-0.3810976260040093,0.40054971343939966,-0.5605302089147395,-0.2452633015345612,0.34,0.46,0.495,0.565,0.805,0
0.08975521305530372,0.1881252491881922,165.0,1.0855263157894737,152.0,0.987012987012987,154.0,1.0,0.08205590622182146,1.0129870129870129,154.0,0.9625,160.0,0.9696969696969696,165.0,0.9763313609467456,225.0,-0.3301834531779244,0.10909302452171478,116.0,109.0,0.28009766990080953,-0.5283956319527842,0.35827296821692517,-0.4802477710847443,-0.2889376658350437,0.395,0.495,0.52,0.54,0.83,0
0.08794197642792384,0.1868886054091127,164.0,1.0789473684210529,152.0,0.9743589743589745,156.0,0.968944099378882,0.08566275924256087,1.0457516339869282,153.0,0.9161676646706588,167.0,0.9940476190476192,168.0,1.0059880239520955,227.0,-0.2904190900311315,0.09597739394289354,115.0,112.0,0.2880266782913475,-0.5211579743103661,0.33496227586160016,-0.3796412620468748,-0.2810179160381439,0.35,0.485,0.505,0.525,0.86,0
0.07162284678150499,0.1817874498204099,150.0,1.0416666666666667,144.0,1.0140845070422535,142.0,0.9726027397260274,0.0775473399458972,0.9617834394904459,157.0,0.9751552795031057,161.0,0.9817073170731708,164.0,1.0061349693251531,214.0,-0.3379920052085407,0.10071635703505838,109.0,105.0,0.2778231426095725,-0.5457774363784963,0.314096954897286,-0.4266725495908157,-0.2555088592518424,0.385,0.49,0.51,0.535,0.845,0
0.06527651858567543,0.177489900934037,146.0,1.020979020979021,143.0,0.9930555555555556,144.0,0.9473684210526316,0.06943192064923355,0.9726027397260274,146.0,0.935897435897436,156.0,1.0,156.0,0.981132075471698,199.0,-0.2324844138529354,0.09931707338957953,100.0,99.0,0.3180410120044741,-0.4631177595299924,0.34530407964360743,-0.3265939010441597,-0.1965302135206341,0.37,0.48,0.505,0.53,0.835,0
0.038077969174977334,0.1799528236876308,114.0,1.0,114.0,1.0458715596330277,109.0,0.9478260869565216,0.04238052299368801,1.009009009009009,111.0,0.9910714285714286,112.0,1.009009009009009,111.0,1.0,160.0,-0.0956647676053652,0.5579759297335468,82.0,78.0,0.34027403456797556,-0.494054700799469,0.7593880288947437,-1.1351228699700249,0.2294491180763305,0.34,0.475,0.515,0.56,0.81,0
0.09247506799637353,0.1817874498204099,173.0,1.054878048780488,164.0,0.970414201183432,169.0,0.9825581395348836,0.08746618575293057,0.9473684210526315,171.0,0.9606741573033708,178.0,1.0,178.0,1.0229885057471264,229.0,-0.2798376592180362,0.23980566036860718,116.0,113.0,0.26385946626763673,-0.5372211276959855,0.6043008592697252,-0.5974261095602622,-0.2969331715806753,0.36,0.49,0.51,0.53,0.675,0
0.0743427017225748,0.17776538483700963,156.0,0.9873417721518988,158.0,1.0128205128205128,156.0,1.0758620689655172,0.07664562669071236,1.0344827586206897,145.0,0.9863945578231292,147.0,1.027972027972028,143.0,1.0214285714285714,214.0,-0.3213542781879238,0.09055723050151088,109.0,105.0,0.27537139490330176,-0.5350134900519584,0.30283170404007925,-0.4228206298118519,-0.2560096063947812,0.385,0.49,0.515,0.535,0.845,0
0.07615593834995467,0.17781629705198934,158.0,0.9875,160.0,0.935672514619883,171.0,1.0058823529411764,0.09558160504959423,0.9553072625698324,179.0,1.046783625730994,171.0,1.0301204819277108,166.0,0.988095238095238,237.0,-0.2949808255167052,0.21949768214966375,118.0,119.0,0.24960014041348436,-0.5604140242012153,0.5423848662335249,-0.5299707945559589,-0.036362512262942,0.34,0.475,0.5,0.52,0.7,0
0.05893019038984588,0.17875632838364447,138.0,0.9857142857142858,140.0,0.9655172413793104,145.0,0.9666666666666668,0.06672678088367899,0.972027972027972,143.0,0.9533333333333334,150.0,1.0,150.0,0.986842105263158,194.0,-0.247017824800161,0.22562818219952016,97.0,97.0,0.2995538310734508,-0.3261369679488942,0.4092629923149081,-0.520598418289981,-0.2010313994118387,0.335,0.465,0.5,0.58,0.755,0
0.08250226654578423,0.18050433706496935,163.0,0.9055555555555556,180.0,0.9836065573770492,183.0,1.0457142857142858,0.1055004508566276,0.978494623655914,186.0,1.1411042944785277,163.0,1.0124223602484472,161.0,0.9526627218934912,252.0,-0.070801330888173,0.3707840344288961,125.0,127.0,0.325305564201199,-0.0629659451020246,0.715218047848969,-0.2982582951113246,0.5339186698798077,0.335,0.46,0.495,0.605,0.52,0
0.09700815956482321,0.1817874498204099,178.0,1.0229885057471264,174.0,0.9942857142857144,175.0,1.023391812865497,0.09648331830477908,0.9885057471264368,174.0,1.0057803468208093,173.0,0.9664804469273744,179.0,0.9728260869565216,243.0,-0.2550234442463982,0.21239664410388515,123.0,120.0,0.25460097489590977,-0.5626808826262053,0.571329977651009,-0.5568295457514549,-0.1862261737366092,0.4,0.485,0.51,0.53,0.675,0
0.08794197642792384,0.18559012944107922,165.0,1.0377358490566038,159.0,1.0460526315789471,152.0,0.95,0.0829576194770063,1.0064102564102564,156.0,0.9936305732484076,157.0,0.9289940828402368,169.0,1.005952380952381,225.0,-0.2965334689001854,0.11424452892553608,116.0,109.0,0.2890265920622624,-0.4912962948541108,0.37022015054876445,-0.3818645321387002,-0.2705981723982222,0.395,0.495,0.515,0.535,0.84,0
0.07162284678150499,0.18605576368034485,147.0,1.013793103448276,145.0,1.0211267605633805,142.0,0.993006993006993,0.07303877366997295,1.028169014084507,142.0,1.0215827338129495,139.0,0.972027972027972,143.0,1.0070422535211268,209.0,-0.2230312154394363,0.22701544535745613,107.0,102.0,0.3173407337379513,-0.2952715447298872,0.42643579335623666,-0.5015353154466464,-0.1970806048451946,0.35,0.475,0.515,0.585,0.76,0
0.08794197642792384,0.17932689241880034,170.0,1.0303030303030305,165.0,1.0377358490566038,159.0,0.9814814814814816,0.08926961226330027,1.0789473684210527,152.0,0.9743589743589745,156.0,0.968944099378882,161.0,1.0125786163522013,231.0,-0.2328713890113409,0.1179493278349274,117.0,114.0,0.30244563439132877,-0.4779119470346332,0.4029993095561265,-0.3040497154167859,-0.1776817973773411,0.345,0.485,0.51,0.53,0.83,0
0.057116953762466005,0.18822275379385037,130.0,0.9848484848484848,132.0,0.9295774647887324,142.0,1.0070921985815602,0.05410279531109107,0.9615384615384616,130.0,0.9774436090225564,133.0,0.95,140.0,1.0144927536231885,171.0,-0.0177373164137967,0.2573184743467227,84.0,87.0,0.36901161884105627,-0.249765382904137,0.3961495406863297,-0.4992021735845137,0.3640832675802346,0.325,0.435,0.495,0.525,0.785,0
0.056210335448776065,0.18498053957822386,131.0,0.9703703703703704,135.0,0.9183673469387756,147.0,0.9932432432432432,0.06311992786293959,0.9642857142857143,140.0,0.958904109589041,146.0,1.0579710144927537,138.0,1.0,187.0,-0.232868860273529,0.23426801777214998,93.0,94.0,0.2957006542007129,-0.4875161265642059,0.3229349323654029,-0.6620625773569676,0.1909457333021375,0.345,0.45,0.5,0.525,0.74,0
0.1214868540344515,0.21764128624386395,175.0,1.0542168674698795,166.0,1.0573248407643312,157.0,1.0,0.08836789900811542,1.0516129032258064,155.0,1.0064935064935066,154.0,0.9625,160.0,1.0126582278481011,231.0,-0.2855040428777796,0.10406329993617931,117.0,114.0,0.2894365849635898,-0.4912469063751309,0.3492443949907973,-0.3618044336201385,-0.2480264535789682,0.385,0.485,0.51,0.53,0.815,0
0.10154125113327289,0.18065077928162288,184.0,1.022222222222222,180.0,1.0344827586206895,174.0,1.0057803468208093,0.09738503155996393,1.0176470588235293,170.0,0.9826589595375722,173.0,1.0116959064327486,171.0,0.9553072625698324,246.0,-0.2144068835308804,0.24708258512989845,125.0,121.0,0.26267451523161117,-0.4824966185102889,0.6056120090653789,-0.3474629076384533,0.0542371468931491,0.39,0.49,0.51,0.535,0.695,0
0.09972801450589303,0.18651394426417972,177.0,0.988826815642458,179.0,1.0,179.0,0.9781420765027322,0.10820559062218214,1.0,185.0,1.0511363636363635,176.0,1.0057142857142858,175.0,0.9510869565217392,256.0,-0.1913391971314085,0.18248987431585748,127.0,129.0,0.26929073286068395,-0.4197286569781668,0.488422154366618,-0.5355584614781507,0.0063972156062763,0.395,0.475,0.5,0.52,0.68,0
0.06618313689936536,0.18776308922431886,140.0,0.9859154929577464,142.0,1.0070921985815602,141.0,0.9724137931034482,0.06582506762849413,1.4375,96.0,0.5052631578947369,190.0,1.2666666666666666,150.0,1.0273972602739727,192.0,-0.2734655872992641,0.22676482961985675,96.0,96.0,0.2996224391317092,-0.3876909066880683,0.39821280439370454,-0.5777981959054409,-0.2908327057221418,0.335,0.465,0.5,0.57,0.815,0
0.0770625566636446,0.1765587653419895,160.0,0.9876543209876544,162.0,0.9938650306748468,163.0,1.0124223602484472,0.09467989179440937,1.0493827160493827,162.0,1.0318471337579618,157.0,1.026143790849673,153.0,0.9935064935064936,227.0,-0.2911617942893169,0.09941456466216078,109.0,118.0,0.2811322187112536,-0.4987356039790007,0.3325175266860973,-0.3907907902005667,-0.2314339123778292,0.315,0.46,0.48,0.505,0.81,0
0.05530371713508613,0.18665134235847536,129.0,1.015748031496063,127.0,1.032520325203252,123.0,0.984,0.06311992786293959,0.9926470588235294,136.0,1.0381679389312977,131.0,1.0396825396825398,126.0,1.0161290322580645,191.0,0.0732056477625553,0.23539150057333538,97.0,94.0,0.36825903911327684,-0.0920092913567296,0.47357915141513235,-0.3537417189713386,0.4481863911777944,0.335,0.47,0.51,0.535,0.735,0
0.10244786944696282,0.17412236262691405,191.0,1.0494505494505495,182.0,1.058139534883721,172.0,0.9662921348314608,0.09467989179440937,0.9659090909090909,176.0,0.946236559139785,186.0,1.0163934426229508,183.0,1.0397727272727273,239.0,-0.306760043179301,0.19137656108682483,121.0,118.0,0.2500180325692657,-0.4800775564336473,0.5050897957500682,-0.5197854025007733,-0.1974016685855108,0.395,0.485,0.505,0.53,0.68,0
0.08522212148685404,0.17563605631638593,170.0,1.1111111111111112,153.0,1.0551724137931036,145.0,1.0,0.0793507664562669,1.06993006993007,143.0,1.0214285714285714,140.0,0.9395973154362416,149.0,0.9612903225806452,216.0,-0.1742302185122762,0.35881701114877873,109.0,107.0,0.4534783013376256,-0.184226595911993,0.6424129693284574,-0.4120230661965127,0.3179800998423672,0.48,0.445,0.51,0.64,0.54,0
0.0770625566636446,0.16569918988680876,169.0,0.976878612716763,173.0,1.1233766233766234,154.0,1.0198675496688745,0.08656447249774572,1.0454545454545454,154.0,1.0405405405405406,148.0,1.0,148.0,0.961038961038961,227.0,-0.3352788893672563,0.0863204899619062,115.0,112.0,0.2703719067224585,-0.5847057348376542,0.2916939816971801,-0.4932999973740285,-0.2840721349213678,0.35,0.485,0.505,0.525,0.875,0
0.0942883046237534,0.19312676555674324,166.0,1.0,166.0,0.9273743016759776,179.0,1.0112994350282485,0.09467989179440937,0.9550561797752809,178.0,1.0289017341040465,173.0,1.0,173.0,1.005813953488372,230.0,-0.1797126003744096,0.20714550992340525,112.0,118.0,0.27810752708324266,-0.4928212783554085,0.5724163060936457,-0.4438497994373382,-0.1590152958854234,0.34,0.465,0.49,0.51,0.86,0
0.0643699002719855,0.1706329229331131,150.0,1.0135135135135136,148.0,0.9866666666666668,150.0,1.0344827586206895,0.07484220018034266,1.0068027210884354,147.0,1.0,147.0,1.0575539568345325,139.0,0.9788732394366196,206.0,-0.3056349755188742,0.21671325642081846,103.0,103.0,0.29272854556323863,-0.3774493720099753,0.3725065805755625,-0.5656994017303658,-0.3072089453723508,0.345,0.465,0.505,0.58,0.845,0
0.03626473254759746,0.1817874498204099,111.0,1.0277777777777777,108.0,0.9818181818181818,110.0,0.990990990990991,0.03967538322813345,1.0092592592592593,108.0,1.0,108.0,0.9310344827586208,116.0,1.0,151.0,0.1311212261745024,0.4831142734494705,75.0,76.0,0.3787962398758821,-0.1992039994689313,0.8205160219807186,-0.6534448620028417,0.8059426847807308,0.315,0.455,0.495,0.545,0.835,0
0.07887579329102448,0.18583546361015468,155.0,0.981012658227848,158.0,0.9875,160.0,0.935672514619883,0.09377817853922453,0.9883040935672515,171.0,0.9553072625698324,179.0,1.046783625730994,171.0,1.0301204819277108,230.0,-0.2821344638414099,0.24660416098846352,112.0,118.0,0.24349266319615942,-0.6311181241628427,0.6105332632099868,-0.5700943615676776,-0.1240442032543153,0.375,0.465,0.49,0.51,0.68,0
0.001813236627379873,0.041724951574941,221.0,1.4258064516129032,155.0,0.96875,160.0,1.0,0.07123534715960325,0.96,150.0,1.0,150.0,1.020408163265306,147.0,1.5154639175257731,233.0,-0.1150217572388287,0.2750465639121685,133.0,100.0,0.31153012347390785,-0.2380460365692076,0.6172626532282719,0.2402609102542554,0.2402609102542554,0.445,0.53,0.575,0.6,0.6,0
0.07615593834995467,0.18732777774456397,151.0,1.0342465753424657,146.0,1.0354609929078014,141.0,1.0217391304347827,0.07664562669071236,1.0273972602739727,146.0,1.042857142857143,140.0,1.0144927536231885,138.0,0.971830985915493,207.0,-0.239464262252902,0.21058188581581258,102.0,105.0,0.31348806939386703,-0.3139269716605857,0.392762322987932,-0.5348492462311556,-0.2253978020009966,0.33,0.46,0.495,0.57,0.795,0
0.09700815956482321,0.1717215331774616,187.0,1.0446927374301676,179.0,1.0346820809248556,173.0,0.9942528735632185,0.08385933273219116,0.9634146341463414,164.0,0.9647058823529412,170.0,0.9550561797752808,178.0,1.0056497175141244,230.0,-0.1848824710874539,0.21430009699060232,120.0,110.0,0.2729949352552926,-0.4355734135877333,0.5674140504049201,-0.4123682002658635,-0.1686568816130272,0.41,0.5,0.52,0.545,0.7,0
0.08703535811423391,0.1722264267741555,175.0,1.0606060606060606,165.0,1.0509554140127388,157.0,1.0,0.08836789900811542,1.0382165605095541,157.0,1.0064102564102564,156.0,0.9570552147239264,163.0,0.9760479041916168,230.0,-0.2820205339064192,0.12344388775620586,116.0,114.0,0.2852708082916635,-0.5316668938867768,0.3702792027706607,-0.3163802849550316,-0.2428050000048657,0.39,0.48,0.505,0.53,0.83,0
0.10063463281958296,0.1914034212749761,174.0,1.0674846625766872,163.0,0.9588235294117649,170.0,0.9392265193370166,0.0721370604147881,1.013986013986014,143.0,0.959731543624161,149.0,0.9933333333333332,150.0,1.0,205.0,-0.2852440564023023,0.22272929901107574,104.0,101.0,0.24312633885129126,-0.5318043275820937,0.5359192297816151,-0.6300897105110785,-0.1637468581221577,0.395,0.485,0.51,0.535,0.715,0
0.08975521305530372,0.18943918320346412,164.0,1.0123456790123455,162.0,0.9700598802395208,167.0,0.9277777777777778,0.10820559062218214,0.9438775510204082,196.0,1.037037037037037,189.0,1.0,189.0,1.0384615384615383,252.0,-0.232342676116437,0.1902148285936052,123.0,129.0,0.2687117564580436,-0.4735158290596464,0.5486566181632208,-0.5599335570166764,-0.1169245367257156,0.345,0.47,0.49,0.51,0.655,0
0.08884859474161379,0.1805571711196051,170.0,1.0,170.0,1.0493827160493827,162.0,1.0125,0.10009017132551848,1.0666666666666667,165.0,0.953757225433526,173.0,1.0,173.0,0.9774011299435028,251.0,-0.2821349403729508,0.2342375550094458,128.0,123.0,0.2534250938544192,-0.5568075883177158,0.5587149585243514,-0.5117559079151772,-0.3094376173451574,0.39,0.49,0.515,0.535,0.68,0
0.08340888485947416,0.18840603776777745,158.0,1.0463576158940395,151.0,0.9741935483870968,155.0,1.0130718954248366,0.0703336339044184,0.9862068965517241,145.0,0.9294871794871796,156.0,0.9629629629629628,162.0,1.8837209302325584,200.0,-0.2629455519217057,0.38725258285553027,100.0,100.0,0.37921828910332933,-0.2754884786118262,0.6848296746045094,-0.4569768021466234,0.2069537482930222,0.47,0.46,0.505,0.6,0.535,0
0.07162284678150499,0.18040236783937139,151.0,0.993421052631579,152.0,1.0555555555555556,,1.0434782608695652,0.07664562669071236,1.0344827586206897,145.0,0.9931506849315068,146.0,1.042857142857143,140.0,0.9929078014184396,210.0,-0.1749196602607987,0.21887983512012532,105.0,105.0,0.3190127602870161,-0.2398538243694783,0.43196340277482004,-0.4344043752941606,-0.130017052830836,0.34,0.47,0.5,0.58,0.76,0
0.05530371713508613,0.18500510180713006,130.0,0.948905109489051,137.0,0.9647887323943662,142.0,0.9861111111111112,0.08205590622182146,0.9936305732484076,157.0,0.9751552795031057,161.0,1.0254777070063694,157.0,0.9573170731707316,210.0,-0.1078266781067012,0.3297940746126561,101.0,109.0,0.33140007040206765,-0.115218523754904,0.6305993249887456,-0.3248975868567598,0.0401350457546626,0.335,0.425,0.485,0.58,0.54,0
0.10335448776065277,0.19759510056912263,172.0,1.0058479532163742,171.0,1.0118343195266273,169.0,0.949438202247191,0.1036970243462579,0.989010989010989,182.0,0.9891304347826086,184.0,1.010989010989011,182.0,1.0167597765363128,245.0,-0.7591846483310627,0.1732820760236112,120.0,125.0,0.1273747666813127,-0.9231425117975364,0.2938388326906391,-1.1682221553858254,-0.7007508298405405,0.36,0.47,0.495,0.515,0.67,0
0.08612873980054397,0.1817874498204099,166.0,1.031055900621118,161.0,1.018987341772152,158.0,1.0128205128205128,0.08476104598737602,1.0460526315789473,152.0,0.95,160.0,0.98159509202454,163.0,1.481818181818182,226.0,-0.3086758748834242,0.10816176425806281,115.0,111.0,0.29049523716002584,-0.5383315742679737,0.355188200070557,-0.4349195547258703,-0.3039021567017692,0.385,0.485,0.51,0.53,0.865,0
0.09156844968268359,0.18301053390892927,171.0,1.0118343195266273,169.0,0.949438202247191,178.0,1.0,0.1055004508566276,0.9891304347826086,184.0,1.010989010989011,182.0,1.0167597765363128,179.0,1.098159509202454,252.0,-0.7582676482299897,0.1707259336494744,125.0,127.0,0.10152795857121731,-0.943625880063156,0.28055769300485467,-1.2076759051063457,-0.6986205270968542,0.39,0.475,0.5,0.52,0.67,0
0.09610154125113328,0.1760416427012666,182.0,0.9528795811518324,191.0,1.0380434782608696,184.0,0.9945945945945946,0.11181244364292155,1.0441988950276244,181.0,1.0342857142857145,175.0,0.9722222222222222,180.0,0.967741935483871,265.0,-0.1736900173434311,0.204883031349936,133.0,132.0,0.2723006765367215,-0.4630001459500311,0.5956189138158104,-0.4565654096177977,-0.0909838600545228,0.4,0.48,0.505,0.525,0.655,0
0.0643699002719855,0.1847752695223644,140.0,1.0218978102189782,137.0,0.9927536231884058,138.0,1.022222222222222,0.06853020739404869,1.0,141.0,1.0291970802919708,137.0,1.078740157480315,127.0,0.9769230769230768,193.0,-0.0240206986324464,0.2536032765017112,95.0,98.0,0.3501582310810984,-0.2634315639854311,0.4284220280522669,-0.4374440332359424,0.3823789032071184,0.335,0.435,0.495,0.525,0.73,0
0.0770625566636446,0.16456354800914277,170.0,0.96045197740113,177.0,0.99438202247191,178.0,1.0113636363636365,0.1055004508566276,1.0,182.0,1.04,175.0,0.9887005649717514,177.0,1.005681818181818,258.0,-0.2554039839839515,0.2321396587828016,131.0,127.0,0.25980572981449174,-0.4667868897716629,0.5956736952857756,-0.5445767337309436,-0.1712064753150698,0.35,0.49,0.51,0.53,0.685,0
0.08250226654578423,0.1857336267852555,159.0,0.8983050847457628,177.0,1.0172413793103448,174.0,1.0175438596491229,0.018034265103697024,0.33203125,256.0,1.5802469135802468,162.0,0.9938650306748468,163.0,1.0316455696202531,166.0,-0.1773942017239628,0.45073110896154317,107.0,59.0,0.30770919189055573,-0.1741171935204618,0.7008002988717291,-0.3912412865744852,-0.0702564107399515,0.46,0.59,0.65,0.795,0.715,0
0.08522212148685404,0.17683721599468646,169.0,0.949438202247191,178.0,1.0,178.0,1.0532544378698223,0.1055004508566276,1.04,175.0,1.0479041916167664,167.0,0.9823529411764704,170.0,1.0179640718562877,252.0,-0.2518849291830329,0.19218215105317935,125.0,127.0,0.2580095964552452,-0.5501931821549298,0.5086625306033739,-0.6471575299983856,-0.0628681776576361,0.34,0.475,0.5,0.515,0.69,0
0.0942883046237534,0.18921280055899503,169.0,0.9941176470588236,170.0,0.9444444444444444,180.0,1.005586592178771,0.09107303877366997,0.9171270718232044,181.0,1.0,181.0,1.0,181.0,1.0402298850574712,230.0,-0.2624136614048054,0.17687859884436097,114.0,116.0,0.2660269407843476,-0.5055083594678449,0.4712971160133373,-0.5896419136476208,-0.1295714895164321,0.365,0.475,0.5,0.52,0.68,0
0.050770625566636446,0.1817874498204099,127.0,0.9769230769230768,130.0,0.948905109489051,137.0,1.0223880597014925,0.057709648331830475,0.9923076923076923,130.0,0.935251798561151,139.0,0.9586206896551724,145.0,1.0283687943262412,178.0,-0.1812465374689247,0.25661839147087695,88.0,90.0,0.2915891911614299,-0.3841774307097028,0.4206618734575159,-0.5946030231999887,0.3129649666871834,0.335,0.445,0.5,0.525,0.74,0
0.09882139619220308,0.17504076017083522,186.0,1.0108695652173914,184.0,1.0823529411764703,170.0,0.9770114942528736,0.09197475202885483,1.0060240963855422,166.0,0.9485714285714286,175.0,0.9615384615384616,182.0,1.011111111111111,243.0,-0.2477266060702004,0.1775830777432515,127.0,116.0,0.2596457083849163,-0.4451235211596195,0.4762672966199539,-0.5477225213630725,-0.1893848059407307,0.37,0.505,0.525,0.545,0.695,0
0.06799637352674524,0.17896113388612858,148.0,1.0136986301369864,146.0,0.9864864864864864,148.0,1.072463768115942,0.07484220018034266,1.0068027210884354,147.0,1.072992700729927,137.0,0.9785714285714284,140.0,0.9722222222222222,209.0,-0.2046456649567918,0.21808563533231792,106.0,103.0,0.3167531614577563,-0.2693812009306736,0.4108469306364462,-0.4806344107866321,-0.1840475424049902,0.34,0.47,0.505,0.585,0.815,0
0.07252946509519492,0.18459479719137384,149.0,0.9867549668874172,151.0,0.9741935483870968,155.0,1.0064935064935066,0.07664562669071236,0.9933774834437086,151.0,1.0,151.0,1.0066666666666666,150.0,1.020408163265306,205.0,-0.2575634117526217,0.07299500265460232,100.0,105.0,0.30003038014714695,-0.4724640629914124,0.2740750916786245,-0.3584678141329519,-0.2087611911221322,0.36,0.47,0.49,0.515,0.845,0
0.10244786944696282,0.1900588150970071,177.0,0.9619565217391304,184.0,1.005464480874317,183.0,0.9838709677419356,0.1055004508566276,#NAME?,186.0,1.0108695652173914,184.0,1.010989010989011,182.0,1.0520231213872833,252.0,-0.0930161209935886,0.22793886378314035,125.0,127.0,0.3143019229601621,-0.3745449693917078,0.6693760623839545,-0.3052889239554066,0.1427344504205949,0.37,0.475,0.5,0.52,0.695,0
0.10607434270172257,0.1947853095407769,177.0,1.059880239520958,167.0,0.9823529411764704,170.0,0.9941520467836256,0.09377817853922453,0.9712643678160919,174.0,0.9508196721311476,183.0,1.0166666666666666,180.0,1.0169491525423728,233.0,-0.1804294424699545,0.2353661846110191,115.0,118.0,0.27871652316080203,-0.5236383869712684,0.5825481644084234,-0.4512636312801842,-0.1638995756799163,0.34,0.475,0.5,0.52,0.67,0
0.13961922030825022,0.4083637772186261,108.0,0.9473684210526316,114.0,1.0178571428571428,112.0,0.9572649572649572,0.04328223624887286,0.5067264573991032,223.0,2.2525252525252526,99.0,0.8048780487804879,123.0,1.0789473684210529,159.0,-0.2235360373964999,0.5247330654442255,80.0,79.0,0.2730200453079703,-0.5972988578701817,0.7282985848047114,-1.0863609957254927,0.3194513999085033,0.31,0.465,0.51,0.555,0.85,0
0.07252946509519492,0.1817874498204099,151.0,1.0202702702702702,148.0,1.0571428571428572,140.0,1.0,0.07664562669071236,1.0,150.0,1.0714285714285714,140.0,1.0218978102189782,137.0,0.9716312056737588,209.0,-0.1031075064869297,0.24359154393536528,104.0,105.0,0.35688679870678075,-0.5462868595687146,0.46122786649045583,-0.3949743066097926,0.3333406835093578,0.34,0.46,0.5,0.57,0.53,0
0.03445149592021759,0.2052631760500524,98.0,0.4170212765957446,235.0,2.079646017699115,113.0,1.0462962962962965,0.031559963931469794,0.8130081300813008,123.0,1.0982142857142858,112.0,1.0275229357798166,109.0,1.0092592592592593,225.0,-0.3937679806149916,0.565177131269557,155.0,70.0,0.18290697868679892,-0.6331451960038741,0.7605236647092428,-0.98470957307642,-0.7744991724241288,0.135,0.17,0.195,0.28,0.235,0
0.10244786944696282,0.19901135163167694,170.0,0.9770114942528736,174.0,0.9775280898876404,178.0,0.9417989417989416,0.09918845807033363,0.9615384615384616,182.0,1.011111111111111,180.0,1.0344827586206895,174.0,0.9775280898876404,238.0,-0.2586077763019657,0.20384216272655317,116.0,122.0,0.2615603766869056,-0.542827582393007,0.5345313954121921,-0.6295935544476452,-0.1341973403017473,0.35,0.465,0.49,0.51,0.68,0
0.0770625566636446,0.1765587653419895,160.0,0.975609756097561,164.0,0.9647058823529412,170.0,1.0303030303030305,0.08746618575293057,0.9700598802395209,167.0,1.0060240963855422,166.0,1.0440251572327044,159.0,1.0324675324675323,222.0,-0.3343464297503607,0.11339001764333384,109.0,113.0,0.2709792139097769,-0.5272351459891009,0.3454252253430198,-0.4585834690736732,-0.2813430254304045,0.37,0.47,0.49,0.51,0.825,0
0.09066183136899365,0.17584576291311402,176.0,1.3435114503816794,131.0,0.6649746192893401,197.0,1.3133333333333332,0.08476104598737602,1.0392156862745099,153.0,1.0132450331125828,151.0,0.9320987654320988,162.0,0.9473684210526316,232.0,-0.2263565818429246,0.4234311129442186,121.0,111.0,0.4215146150565045,-0.237015683898149,0.6142963382041211,-0.4931354897085057,0.190267537136768,0.49,0.475,0.525,0.635,0.565,0
0.08703535811423391,0.1745337834919654,173.0,1.0421686746987953,166.0,1.031055900621118,161.0,1.0125786163522013,0.08926961226330027,1.0379746835443038,158.0,1.0128205128205128,156.0,0.975,160.0,0.963855421686747,228.0,-0.3285683617308493,0.15614104865847678,114.0,114.0,0.27480534957799707,-0.535203624453799,0.363613332334441,-0.4676670332655963,-0.357161205627459,0.33,0.475,0.5,0.53,0.825,0
0.10607434270172257,0.18633413197555806,184.0,1.0454545454545454,176.0,1.0173410404624277,173.0,0.9774011299435028,0.09558160504959423,0.9884393063583815,173.0,0.9664804469273744,179.0,1.0112994350282485,177.0,0.99438202247191,242.0,-0.2220762289034824,0.21325435767939044,123.0,119.0,0.26768983255230344,-0.4534703794966189,0.6039733463495711,-0.3876392847311041,0.0901439827200173,0.41,0.49,0.51,0.53,0.72,0
0.033544877606527655,0.17431790056552365,112.0,1.0467289719626167,107.0,0.4841628959276018,221.0,2.027522935779817,0.0405770964833183,1.0,110.0,1.0,110.0,0.4954954954954955,222.0,2.22,154.0,-0.1727646101901666,0.4490890745535422,77.0,77.0,0.34311292813181166,-0.422746679708666,0.61175864599764,-1.0995386805913436,0.1528323027502764,0.33,0.45,0.505,0.55,0.8,0
0.09338168631006347,0.18059232193962813,175.0,1.0294117647058822,170.0,1.0,170.0,1.0,0.09738503155996393,0.9885714285714285,175.0,0.945945945945946,185.0,0.9946236559139784,186.0,1.0333333333333334,242.0,-0.2068588040573634,0.2384891130029317,121.0,121.0,0.2808870625843221,-0.5118754224554829,0.6132289462109093,-0.3462567574644862,-0.0108132774746549,0.355,0.48,0.505,0.525,0.685,0
0.09338168631006347,0.18925699907529617,168.0,1.05,160.0,1.0062893081761006,159.0,0.9754601226993864,0.0829576194770063,1.0,157.0,0.9691358024691358,162.0,0.9642857142857144,168.0,1.0,224.0,-0.3067164994181544,0.08621964447313309,115.0,109.0,0.28401825667838554,-0.5196851451812678,0.31860918043159386,-0.371507658684835,-0.2964630569406831,0.355,0.495,0.515,0.535,0.89,0
0.07343608340888486,0.1596424332059236,170.0,1.0059171597633136,169.0,1.0432098765432098,162.0,0.9642857142857144,0.09918845807033363,1.9230769230769231,91.0,0.3905579399141631,233.0,1.5743243243243243,148.0,0.9866666666666668,244.0,-0.1647196461512703,0.36661005096732335,122.0,122.0,0.4133734688886366,-0.1808336391895355,0.6831075089644402,-0.3933514889397439,0.3516325679393794,0.47,0.455,0.505,0.59,0.53,0
0.08340888485947416,0.16744591525102828,175.0,1.0057471264367817,174.0,1.0175438596491229,171.0,0.994186046511628,0.09918845807033363,0.9831460674157303,178.0,1.0470588235294118,170.0,1.0179640718562877,167.0,1.0182926829268293,249.0,-0.1772361315968702,0.20882859207768614,127.0,122.0,0.2887842649952749,-0.4591241554244167,0.5896890593675883,-0.3624365553382616,-0.14148247029745,0.37,0.485,0.51,0.535,0.685,0
0.09156844968268359,0.18301053390892927,171.0,1.062111801242236,161.0,1.018987341772152,158.0,1.0,0.08746618575293057,1.0657894736842106,152.0,0.9681528662420382,157.0,0.9874213836477987,159.0,0.9464285714285714,233.0,-0.2936896941893471,0.10489563205130356,120.0,113.0,0.28485072622435875,-0.5235576692968931,0.3527845282640578,-0.3783327266312524,-0.2344894561086866,0.395,0.495,0.515,0.535,0.85,0
0.08522212148685404,0.17805267519296678,168.0,1.030674846625767,163.0,1.1164383561643836,146.0,0.9733333333333334,0.08476104598737602,1.347457627118644,118.0,0.6519337016574586,181.0,1.0773809523809523,168.0,0.9940828402366864,223.0,-0.332395421211586,0.10768397240339672,112.0,111.0,0.282149772060638,-0.5584450442297642,0.31953254293400957,-0.4958191800434075,-0.3259224183202058,0.375,0.48,0.505,0.525,0.83,0
0.06708975521305531,0.1817874498204099,145.0,1.0431654676258992,139.0,1.053030303030303,132.0,1.015384615384615,0.07484220018034266,1.0571428571428572,140.0,1.0144927536231885,138.0,1.0,138.0,1.0298507462686568,206.0,-0.1864293935956597,0.239804131565024,103.0,103.0,0.3204733891649797,-0.3456658366951819,0.389400157723394,-0.6159955314620807,0.1598448939462244,0.355,0.465,0.505,0.53,0.725,0
0.057116953762466005,0.19506664849576327,126.0,0.9545454545454546,132.0,0.9777777777777776,135.0,1.0150375939849623,0.061316501352569885,1.023076923076923,130.0,0.9848484848484848,132.0,0.9924812030075189,133.0,0.9708029197080292,183.0,0.0185277756370374,0.24697387292144124,90.0,93.0,0.3706250756625554,-0.1782421199459403,0.4799605303477543,-0.4277814759390148,0.3974860638426031,0.335,0.45,0.495,0.52,0.715,0
0.06708975521305531,0.1748158705158494,150.0,1.020408163265306,147.0,1.027972027972028,143.0,1.0141843971631206,0.07123534715960325,0.9863013698630136,146.0,1.0503597122302155,139.0,0.9858156028368794,141.0,0.9929577464788732,205.0,-0.2263354593164757,0.226851187796649,105.0,100.0,0.30688489463502927,-0.3223969235982629,0.42102532536403037,-0.5155696725520784,-0.1553494955385388,0.345,0.475,0.51,0.59,0.79,0
0.08884859474161379,0.18303237469622427,168.0,0.9655172413793104,174.0,0.9456521739130436,184.0,1.0454545454545454,0.1055004508566276,1.0,182.0,0.994535519125683,183.0,1.0397727272727273,176.0,0.9723756906077348,245.0,-0.2618384359294912,0.21440871698440891,118.0,127.0,0.2646483453833966,-0.5674009910286738,0.5322237261429325,-0.4628013659102627,-0.1879212627156294,0.335,0.46,0.485,0.51,0.67,0
0.06618313689936536,0.19409023682845783,136.0,1.0625,128.0,1.0491803278688523,122.0,1.0252100840336134,0.062218214607754736,0.9781021897810219,137.0,1.0148148148148148,135.0,1.0975609756097562,123.0,1.0165289256198349,191.0,-0.2233624625327058,0.2654727053884936,98.0,93.0,0.30096151687656697,-0.4564850159726103,0.37454291955858043,-0.6516262730162982,0.1564114261476178,0.355,0.455,0.52,0.545,0.755,0
0.07524932003626474,0.18043811189049494,155.0,1.0064935064935066,154.0,1.013157894736842,152.0,0.9743589743589745,0.0829576194770063,1.0064102564102564,156.0,0.975,160.0,0.975609756097561,164.0,0.9879518072289156,216.0,-0.2227869917028609,0.11117541577538892,107.0,109.0,0.3075338434016547,-0.4211128346526604,0.4020354083060339,-0.3356367402816554,-0.1629147436798894,0.375,0.475,0.495,0.515,0.815,0
0.08522212148685404,0.18052752584970622,166.0,0.9822485207100592,169.0,0.9941176470588236,170.0,0.9826589595375722,0.09287646528403967,0.9882352941176471,170.0,1.0759493670886076,158.0,0.9875,160.0,1.0256410256410255,231.0,-0.1912879402968811,0.3706894812004617,114.0,117.0,0.30286177164863204,-0.218388982666154,0.6594787487373894,-0.383609166429423,-0.0320526122278587,0.31,0.45,0.495,0.61,0.55,0
0.08340888485947416,0.19545721316268538,153.0,1.0132450331125828,151.0,0.9869281045751634,153.0,0.9870967741935484,0.08205590622182146,1.3,120.0,0.6779661016949152,177.0,1.079268292682927,164.0,0.95906432748538,219.0,-0.3179989872183212,0.0682409863512316,110.0,109.0,0.28315351000953554,-0.5745329247661926,0.26580536865339904,-0.4150213015155266,-0.2872883786937373,0.35,0.48,0.505,0.525,0.865,0
0.05893019038984588,0.18026082661503165,137.0,0.9785714285714284,140.0,0.9929078014184396,141.0,0.9724137931034482,0.06672678088367899,1.0072463768115942,138.0,0.9517241379310344,145.0,1.5934065934065933,91.0,0.441747572815534,195.0,-0.1588731080838675,0.2235401883543476,98.0,97.0,0.33662737281129035,-0.2471062184290632,0.44301321787440967,-0.4436453122078249,-0.1292134261978521,0.345,0.47,0.505,0.575,0.815,0
0.07796917497733455,0.1753322837976687,162.0,0.9529411764705882,170.0,1.0059171597633136,169.0,1.0368098159509205,0.09467989179440937,1.0303030303030303,165.0,1.0377358490566038,159.0,,152.0,0.9440993788819876,231.0,-0.3465819050949841,0.09533955959074548,113.0,118.0,0.26631399659791,-0.6149360674169778,0.28755926317587066,-0.4565199071775692,-0.2855237817923176,0.325,0.46,0.49,0.515,0.84,0
0.128739800543971,0.4676222013073904,90.0,0.703125,128.0,1.1851851851851851,108.0,0.972972972972973,0.14517583408476104,1.0414746543778801,217.0,0.9863636363636364,220.0,1.0185185185185186,216.0,1.945945945945946,311.0,-0.1719301620690176,0.6248953171403847,153.0,158.0,0.23969679875239633,-0.5036936334212616,0.8309117229432603,-0.72160454672473,-0.72160454672473,0.09,0.12,0.14,0.165,0.165,0
0.061650045330915684,0.13596302405447852,178.0,1.065868263473054,167.0,1.0636942675159236,157.0,1.026143790849673,0.08025247971145176,0.9935483870967742,155.0,1.054421768707483,147.0,1.0575539568345325,139.0,1.0220588235294117,215.0,-0.4665881974718465,0.0697653874813694,108.0,107.0,0.2377181808319435,-0.7113499393245849,0.20770177553111796,-0.6194732351603431,-0.4309709582887322,0.33,0.48,0.505,0.525,0.885,0
0.07796917497733455,0.18866729781833144,152.0,0.9212121212121211,165.0,1.0,165.0,1.0248447204968945,0.08566275924256087,0.9580838323353293,167.0,1.0060240963855422,166.0,1.0506329113924051,158.0,0.9937106918238994,220.0,-0.3437307203962153,0.0900904367589823,108.0,112.0,0.2621843632638383,-0.5297252934759693,0.28909320187959403,-0.5189445147422734,-0.3163264201994061,0.36,0.47,0.49,0.51,0.87,0
0.0843155031731641,0.17926760187900248,166.0,0.976470588235294,170.0,1.0493827160493827,162.0,1.018867924528302,0.10279531109107304,1.0346820809248556,173.0,0.9942528735632185,174.0,0.9720670391061452,179.0,0.952127659574468,255.0,-0.1715748262123149,0.23992921103733464,130.0,125.0,0.2798577582259533,-0.496666099158779,0.6368641462341096,-0.4115434259555613,-0.1265751342154912,0.39,0.485,0.51,0.535,0.685,0
0.06255666364460562,0.3131125483481775,86.0,0.4278606965174129,201.0,1.3311258278145697,151.0,0.993421052631579,0.018935978358881875,0.4215686274509804,204.0,1.3421052631578947,152.0,1.027027027027027,148.0,1.0136986301369864,161.0,-0.223943194370112,0.2408717545922045,101.0,60.0,0.32232440153665354,-0.2839375464376881,0.4029373804034988,-0.4832885642743385,-0.1885015137329778,0.43,0.585,0.625,0.72,0.945,0
0.07615593834995467,0.30684464559293845,97.0,0.4163090128755364,233.0,1.3546511627906976,172.0,1.0238095238095235,0.09017132551848513,0.9428571428571428,175.0,1.0416666666666667,168.0,1.105263157894737,152.0,2.0,230.0,-0.2454095065929881,0.3692348868769913,115.0,115.0,0.4359512265396781,-0.2285546256473506,0.6365633667918527,-0.4909749777099457,0.441571979447745,0.475,0.455,0.505,0.605,0.53,0
0.08794197642792384,0.20380296341375886,152.0,1.0555555555555556,144.0,0.9171974522292994,157.0,1.4017857142857142,0.0739404869251578,0.9607843137254902,153.0,0.9161676646706588,167.0,0.9653179190751444,173.0,1.0484848484848486,206.0,-0.2856699277219386,0.3963451282702646,104.0,102.0,0.27445132223335705,-0.3249020028768252,0.6804895936493895,-0.4940613675502262,0.1761042756392104,0.36,0.45,0.51,0.615,0.54,0
0.10154125113327289,0.18409847058435258,181.0,1.0342857142857145,175.0,0.9943181818181818,176.0,1.0057142857142858,0.09918845807033363,1.0115606936416186,173.0,0.9611111111111112,180.0,0.9782608695652174,184.0,1.0514285714285714,239.0,-0.2445084038268708,0.18665653596327514,117.0,122.0,0.26116022639144976,-0.4680406657206539,0.5067866889011348,-0.5956859776367767,-0.2254037002557315,0.385,0.47,0.495,0.515,0.66,0
0.0843155031731641,0.17440577761558113,170.0,1.0240963855421688,166.0,1.064102564102564,156.0,1.0196078431372548,0.12353471596032461,1.2784810126582278,158.0,1.082191780821918,146.0,0.9668874172185432,151.0,1.0134228187919463,259.0,-0.263705520768339,0.39778991875203695,118.0,141.0,0.2863018739847828,-0.272826286072561,0.713302374051066,-0.5101786164136662,0.0289196199072426,0.28,0.39,0.46,0.555,0.505,0
0.09519492293744333,0.1760098979105531,181.0,0.9526315789473684,190.0,1.0614525139664803,179.0,1.0170454545454546,0.1036970243462579,1.0588235294117647,170.0,0.9883720930232558,172.0,0.9717514124293786,177.0,1.0,256.0,-0.2362288235744739,0.20798434767784907,131.0,125.0,0.26946180217881543,-0.5112582978670741,0.5761982961408847,-0.5104689068929626,0.0703092380774263,0.38,0.49,0.515,0.535,0.725,0
0.0643699002719855,0.1817874498204099,142.0,0.9659863945578232,147.0,0.9483870967741936,155.0,1.0264900662251657,0.07664562669071236,1.0135135135135136,148.0,1.0068027210884354,147.0,0.98,150.0,1.0273972602739727,207.0,-0.2453797971006029,0.21251098072125907,102.0,105.0,0.3035509572201214,-0.3379427385937456,0.40589110869699474,-0.5173749781330587,-0.244535396061111,0.34,0.46,0.495,0.56,0.835,0
0.08612873980054397,0.24177545778988402,129.0,0.6548223350253807,197.0,1.1726190476190477,168.0,1.024390243902439,0.09017132551848513,1.0122699386503067,163.0,1.0316455696202531,158.0,1.0,158.0,1.0,233.0,-0.2966243494479949,0.13714137412243754,118.0,115.0,0.28126773528568644,-0.5225322775865637,0.38400875440908006,-0.3926455616336687,-0.2580538057946382,0.38,0.48,0.51,0.53,0.845,0
0.05439709882139619,0.17117852479173087,138.0,0.9452054794520548,146.0,0.9798657718120806,149.0,1.0492957746478873,0.0739404869251578,0.9423076923076923,156.0,0.9936305732484076,157.0,0.9874213836477987,159.0,1.03921568627451,205.0,-0.424408777689532,0.08664275089426686,103.0,102.0,0.2533418535881982,-0.652540107067709,0.2473853479088409,-0.5541440950052512,-0.4045831096432873,0.36,0.475,0.5,0.525,0.84,0
0.05530371713508613,0.17415433379351883,137.0,1.0073529411764706,136.0,1.0149253731343284,134.0,0.9852941176470588,0.056807935076645624,1.024,125.0,0.9398496240601504,133.0,0.9432624113475178,141.0,1.036764705882353,183.0,-0.1146648439039362,0.2653359916821945,94.0,89.0,0.3488073838748016,-0.2482914613209934,0.4078556231925659,-0.6794462124694641,0.1805045693087127,0.36,0.485,0.515,0.57,0.76,0
0.09519492293744333,0.37714489187128103,91.0,0.3345588235294117,272.0,1.6484848484848484,165.0,1.0784313725490196,0.08926961226330027,2.1578947368421053,76.0,0.3193277310924369,238.0,1.515923566878981,157.0,0.8971428571428571,240.0,-0.2395401201003122,0.37411912766273314,126.0,114.0,0.28080155281344493,-0.271846881766722,0.692189225054779,-0.4366844899888701,0.2593631076199166,0.355,0.485,0.53,0.615,0.555,0
0.0815956482320943,0.16075586979547876,179.0,1.028735632183908,174.0,1.0807453416149069,161.0,1.0254777070063694,0.09017132551848513,2.037037037037037,81.0,0.3552631578947368,228.0,1.4339622641509433,159.0,0.9754601226993864,239.0,-0.2611260441666264,0.31278244261212707,124.0,115.0,0.3456706986880118,-0.2513643070446916,0.5788496989613182,-0.4486467144966561,-0.1761994306125749,0.485,0.475,0.52,0.62,0.925,0
0.04805077062556664,0.2427887687353143,96.0,0.7619047619047619,126.0,0.5727272727272728,220.0,1.9469026548672568,0.04328223624887286,1.0560747663551402,107.0,1.1382978723404256,94.0,0.7014925373134329,134.0,1.1964285714285714,156.0,0.199185661036553,0.5162332693251594,77.0,79.0,0.37660624522075864,-0.1547270133215982,0.8278946549637662,-0.8170942702369026,0.6339540119547118,0.295,0.455,0.5,0.545,0.835,0
0.09700815956482321,0.17496742658768766,184.0,1.010989010989011,182.0,0.978494623655914,186.0,1.0163934426229508,0.10099188458070334,1.0172413793103448,174.0,1.0807453416149069,161.0,0.9877300613496932,163.0,0.9588235294117649,246.0,-0.1469704539785672,0.2281147271655831,123.0,123.0,0.2794683800943039,-0.4773581401603323,0.6213223273391685,-0.4397499251641314,-0.0916468412393436,0.395,0.48,0.5,0.52,0.67,0
0.019038984587488667,0.06884786508652979,200.0,1.30718954248366,153.0,1.3421052631578947,114.0,0.5352112676056338,0.07123534715960325,0.9411764705882353,153.0,1.0,153.0,1.4433962264150944,106.0,0.4930232558139535,202.0,-0.311930254568628,0.3334363725679826,102.0,100.0,0.36343268348084085,-0.34,0.5478371701014733,-0.5083497655456111,0.164662069482506,0.475,0.455,0.51,0.615,0.54,0
0.03535811423390753,0.07964570652103513,215.0,2.107843137254902,102.0,0.8360655737704918,122.0,1.1296296296296295,0.03967538322813345,0.9732142857142857,112.0,1.0467289719626167,107.0,0.9907407407407408,108.0,0.972972972972973,154.0,-0.3412570019917749,0.48527654679232135,78.0,76.0,0.22528069564335432,-0.7010303522541599,0.6293017626252273,-1.1381426458768045,0.2403576151621528,0.305,0.465,0.51,0.555,0.825,0
0.06255666364460562,0.1759778003999428,144.0,0.993103448275862,145.0,0.9666666666666668,150.0,1.0344827586206895,0.06853020739404869,0.9463087248322147,149.0,0.9867549668874172,151.0,1.0272108843537415,147.0,1.065217391304348,197.0,-0.2390614252165016,0.22735067524896663,99.0,98.0,0.3154069071920379,-0.3513163734549149,0.4010936353414769,-0.5561539011049456,-0.225,0.335,0.465,0.505,0.58,0.805,0
0.08794197642792384,0.18430729776181734,166.0,1.0246913580246917,162.0,1.0,162.0,1.0384615384615383,0.0829576194770063,0.9691358024691358,162.0,1.0,162.0,0.9878048780487804,164.0,0.9820359281437124,221.0,-0.3099176475679738,0.11758117718423874,112.0,109.0,0.2793025250851812,-0.4906073619324338,0.3494748766103463,-0.4787766209608576,-0.2274546395335135,0.39,0.485,0.51,0.53,0.87,0
0.08522212148685404,0.18566054943405463,162.0,1.528301886792453,106.0,0.5921787709497207,179.0,1.2013422818791946,0.0757439134355275,1.0419580419580419,143.0,0.9794520547945206,146.0,1.020979020979021,143.0,0.9930555555555556,210.0,-0.260024446207619,0.08768762184649771,106.0,104.0,0.2920511824064411,-0.4572543433734274,0.30694349451106867,-0.3864177996238155,-0.2057895325659994,0.365,0.485,0.505,0.53,0.85,0
0.06980961015412511,0.1832102211070549,147.0,0.98,150.0,1.0273972602739727,146.0,1.042857142857143,0.07303877366997295,1.0138888888888888,144.0,1.0285714285714285,140.0,0.9859154929577464,142.0,1.0,208.0,-0.1903951897778837,0.21817835539619326,106.0,102.0,0.31547135039789176,-0.2720065926776551,0.4252439484363372,-0.4607910363006316,-0.1811585831240503,0.34,0.475,0.51,0.585,0.76,0
0.06255666364460562,0.1773997425657914,143.0,0.986206896551724,145.0,1.0,145.0,0.9731543624161074,0.0721370604147881,0.9666666666666667,150.0,1.0,150.0,1.020408163265306,147.0,1.0,199.0,-0.208727783056558,0.2119838054887781,98.0,101.0,0.3010750464937317,-0.2423698904010439,0.4113771191659076,-0.4165858414001169,-0.161333510197501,0.335,0.46,0.495,0.565,0.835,0
0.08975521305530372,0.18682714570322473,166.0,1.070967741935484,155.0,1.0402684563758389,149.0,0.9933333333333332,0.08205590622182146,1.04,150.0,1.0067114093959733,149.0,0.93125,160.0,1.0256410256410255,223.0,-0.2510820450714762,0.11552569670923604,114.0,109.0,0.2988591582381906,-0.451009025414163,0.3605599180071039,-0.3960484438246188,-0.236365337435936,0.345,0.485,0.515,0.535,0.86,0
0.09247506799637353,0.17939719405884627,175.0,0.945945945945946,185.0,0.9946236559139784,186.0,1.0333333333333334,0.1073038773669973,1.0760233918128654,171.0,1.0301204819277108,166.0,1.01840490797546,163.0,0.9588235294117649,253.0,-0.2851403797411999,0.24140617176432572,125.0,128.0,0.24734947632335855,-0.6246716408653117,0.6032171751430511,-0.4468519997657909,-0.1417721793083569,0.325,0.47,0.495,0.52,0.68,0
0.09247506799637353,0.1817874498204099,173.0,1.0745341614906831,161.0,1.018987341772152,158.0,0.9937106918238994,0.08566275924256087,0.9876543209876543,162.0,1.0125,160.0,0.9142857142857144,175.0,1.0294117647058822,228.0,-0.1637338095909582,0.23842690420505033,116.0,112.0,0.29801268422735355,-0.4825728376452631,0.62103821783801,-0.3539547590208231,-0.0864646576675417,0.365,0.485,0.51,0.535,0.695,0
0.06346328195829556,0.18031458095324923,142.0,1.0070921985815602,141.0,0.9215686274509804,153.0,1.006578947368421,0.07484220018034266,1.0068027210884354,147.0,1.013793103448276,145.0,0.9666666666666668,150.0,0.9933774834437086,202.0,-0.2323527043988794,0.18347290168416477,99.0,103.0,0.30511882231564397,-0.3064624909175834,0.4102689096415143,-0.4877423955402108,-0.1858362650195641,0.34,0.46,0.49,0.57,0.75,0
0.09519492293744333,0.17828218648292138,179.0,1.0654761904761905,168.0,1.018181818181818,165.0,0.9705882352941176,0.08566275924256087,0.9467455621301775,169.0,1.0180722891566265,166.0,0.994011976047904,167.0,0.9653179190751444,228.0,-0.2380215998073109,0.23041728187933944,116.0,112.0,0.2653541448653409,-0.5544274926030884,0.5512022614244437,-0.5280619666087712,-0.0635180255200363,0.36,0.485,0.515,0.535,0.705,0
0.06890299184043518,0.17490760182248835,152.0,1.0133333333333334,150.0,1.0273972602739727,146.0,1.028169014084507,0.07664562669071236,1.0204081632653061,147.0,1.013793103448276,145.0,1.0283687943262412,141.0,1.0,208.0,-0.19960586259241,0.20796997637033812,103.0,105.0,0.31895330562498647,-0.2629972660169386,0.42120822239609435,-0.4674951929826682,-0.1527638193737448,0.335,0.46,0.495,0.57,0.75,0
0.0942883046237534,0.18059911243895072,176.0,0.9832402234636872,179.0,1.028735632183908,174.0,1.0057803468208093,0.09828674481514878,1.0175438596491229,171.0,1.0555555555555556,162.0,1.0062111801242235,161.0,0.9252873563218392,242.0,-0.1710064017763463,0.2238542884824332,121.0,121.0,0.278351483263884,-0.4031498512354263,0.5824742945637277,-0.4098850513514097,0.109101925661086,0.335,0.48,0.5,0.525,0.725,0
0.01813236627379873,0.12250157856902925,127.0,1.1545454545454543,110.0,1.02803738317757,107.0,0.9304347826086956,0.04328223624887286,0.9912280701754386,114.0,1.0178571428571428,112.0,0.5185185185185185,216.0,1.9285714285714288,156.0,-0.0743285190205465,0.4798785648660692,77.0,79.0,0.36353092976587825,-0.3460803622806773,0.7338402125330444,-0.8838599673879661,0.3407639635824051,0.32,0.46,0.495,0.54,0.855,0
0.07071622846781506,0.19056286432964692,143.0,0.9727891156462584,147.0,1.0,147.0,1.013793103448276,0.05320108205590622,0.9465648854961832,131.0,0.9632352941176472,136.0,1.0225563909774436,133.0,1.0555555555555556,175.0,-0.3249331309678871,0.19104672938499273,89.0,86.0,0.266241328046338,-0.5554075865041637,0.43928220843032845,-0.5302337445788466,-0.1716164172657152,0.33,0.455,0.515,0.545,0.78,0
0.10335448776065277,0.17004958670558865,196.0,1.037037037037037,189.0,1.0,189.0,1.0384615384615383,0.10459873760144274,1.0342857142857143,175.0,0.9943181818181818,176.0,1.0057142857142858,175.0,0.9562841530054644,254.0,-0.2434902592045102,0.17780490807850108,128.0,126.0,0.26182499995984926,-0.4713761688885212,0.47839235006150477,-0.5252733608669795,0.0299099011712002,0.35,0.48,0.505,0.53,0.715,0
0.07615593834995467,0.19468009647952864,146.0,1.0656934306569343,137.0,1.0300751879699248,133.0,1.3711340206185567,0.06943192064923355,1.0364963503649636,137.0,0.9383561643835616,146.0,0.954248366013072,153.0,0.9444444444444444,197.0,-0.2951743408314198,0.31937286645291457,98.0,99.0,0.3893991810418864,-0.324628463673946,0.5819436876020255,-0.4679088954524372,-0.0485784959368515,0.47,0.435,0.505,0.61,0.54,0
0.06255666364460562,0.1817874498204099,140.0,0.9655172413793104,145.0,1.0283687943262412,141.0,1.0,0.06492335437330929,0.9716312056737588,141.0,0.94,150.0,1.0135135135135136,148.0,1.0068027210884354,193.0,-0.1411330163821241,0.22905750289227664,98.0,95.0,0.34751549220318567,-0.1991370813350349,0.43741918914974887,-0.4032018423767851,-0.1283165829145728,0.345,0.475,0.51,0.58,0.805,0
0.08522212148685404,0.17444894528929358,171.0,0.9661016949152542,177.0,0.9725274725274724,182.0,1.0224719101123596,0.1073038773669973,1.0454545454545454,176.0,1.035294117647059,170.0,0.9883720930232558,172.0,1.0238095238095235,256.0,-0.2102692833092015,0.23206479315425288,128.0,128.0,0.2617390103895773,-0.5320510498384973,0.6166458123525816,-0.4564365855210961,-0.1171389109478737,0.38,0.475,0.5,0.52,0.67,0
0.03445149592021759,0.18372399962723227,108.0,0.9642857142857144,112.0,1.037037037037037,108.0,0.972972972972973,0.0405770964833183,0.9734513274336283,113.0,1.0,113.0,1.0272727272727271,110.0,1.02803738317757,153.0,-0.0559346968152579,0.4922364146299889,76.0,77.0,0.3598658356352064,-0.3408334639209062,0.7865933728512883,-0.8924345161954608,0.3657899651367747,0.315,0.46,0.505,0.545,0.845,0
0.06890299184043518,0.1776045022376736,150.0,1.0416666666666667,144.0,1.0212765957446808,141.0,1.014388489208633,0.0739404869251578,0.9865771812080537,149.0,1.0642857142857145,140.0,1.0218978102189782,137.0,0.9927536231884058,205.0,-0.2831232898672653,0.2181944874701048,103.0,102.0,0.296394868458861,-0.3633454605732591,0.3962291493162612,-0.5828651018634288,-0.2808596251582009,0.34,0.465,0.5,0.575,0.81,0
0.057116953762466005,0.1833599865056491,133.0,1.0390625,128.0,0.962406015037594,133.0,0.93006993006993,0.056807935076645624,0.9846153846153847,130.0,0.9420289855072465,138.0,1.0,138.0,0.9857142857142858,180.0,-0.2746109741303019,0.2486346123184096,91.0,89.0,0.2713886247916867,-0.5134529740427813,0.3489670419433038,-0.7548049318454719,0.0007297503520523,0.36,0.46,0.51,0.535,0.725,0
0.07162284678150499,0.16629505136583103,162.0,1.0253164556962024,158.0,0.9634146341463414,164.0,0.9879518072289156,0.09558160504959423,1.0301204819277108,166.0,1.01840490797546,163.0,1.01875,160.0,1.019108280254777,227.0,-0.3781853197061983,0.0927480505759757,108.0,119.0,0.25338425346134147,-0.6085282871928306,0.30223919668532806,-0.5087767247718514,-0.3033355732324329,0.355,0.455,0.48,0.5,0.84,0
0.08250226654578423,0.33696131176062744,93.0,0.4008620689655172,232.0,1.432098765432099,162.0,0.9818181818181818,0.09377817853922453,1.0432098765432098,162.0,0.9642857142857144,168.0,1.0838709677419356,155.0,0.981012658227848,236.0,-0.1432534463713283,0.3884088505057333,118.0,118.0,0.46861811318341845,-0.1845279921236929,0.7280658457465027,-0.375099474209169,0.3282633680239472,0.475,0.455,0.505,0.595,0.53,0
0.08068902991840435,0.19135628416000275,153.0,0.9161676646706588,167.0,0.9940476190476192,168.0,1.0059880239520955,0.08566275924256087,0.9302325581395349,172.0,1.0058479532163742,171.0,1.062111801242236,161.0,1.018987341772152,220.0,-0.3485886120547093,0.0905306099231978,108.0,112.0,0.2692906896831028,-0.5614657513756318,0.29417636146012754,-0.5046721238795975,-0.3368594440588164,0.37,0.47,0.49,0.51,0.855,0
0.061650045330915684,0.17040527952724993,147.0,0.9865771812080536,149.0,0.9141104294478528,163.0,1.0124223602484472,0.08926961226330027,0.9761904761904762,168.0,0.96,175.0,1.0802469135802468,162.0,1.0657894736842106,293.0,-0.3221362483425538,0.3582014413820882,179.0,114.0,0.26223327466364765,-0.3267344189559473,0.7146162810321333,-0.5622015005227028,-0.1057134750630696,0.505,0.575,0.615,0.69,0.65,0
0.10154125113327289,0.19010581149062414,176.0,1.0666666666666669,165.0,0.953757225433526,173.0,1.0,0.08746618575293057,0.9364161849710982,173.0,1.0176470588235291,170.0,1.0059171597633136,169.0,0.971264367816092,226.0,-0.2297595235291473,0.2180623951187482,113.0,113.0,0.2652151633814715,-0.5574342042742547,0.5969875289709131,-0.4708536986544899,-0.0897081256312753,0.39,0.475,0.5,0.52,0.68,0
0.03535811423390753,0.1762348645335918,113.0,1.13,100.0,1.0526315789473684,95.0,0.3991596638655462,0.028854824165915238,0.7404580152671756,131.0,0.5796460176991151,226.0,1.036697247706422,218.0,1.963963963963964,219.0,0.0680460703033115,0.8772338401958414,152.0,67.0,0.8618088563426058,-0.3613631627537881,0.9673527489367789,-0.8038856431733417,-0.8038856431733417,0.175,0.14,0.205,0.24,0.24,0
0.07343608340888486,0.18457608154223412,150.0,1.0416666666666667,144.0,1.0212765957446808,141.0,1.014388489208633,0.0775473399458972,1.0785714285714285,140.0,1.037037037037037,135.0,0.9642857142857144,140.0,1.0,210.0,-0.2652783841725379,0.18432282494545277,105.0,105.0,0.2987739245789978,-0.3619446895663219,0.3837603686692026,-0.5304522885117892,-0.2640564479199844,0.345,0.47,0.505,0.575,0.825,0
0.038077969174977334,0.21628598658524537,97.0,0.8083333333333333,120.0,1.0909090909090908,110.0,0.990990990990991,0.04328223624887286,1.036697247706422,109.0,1.0186915887850467,107.0,0.4953703703703703,216.0,2.0970873786407767,160.0,0.1111028344226876,0.4620017570980371,81.0,79.0,0.4088305241393631,-0.1556300463942564,0.7300058370795053,-0.7557447091442427,0.4855198128850516,0.325,0.47,0.51,0.56,0.85,0
0.06618313689936536,0.1817874498204099,144.0,1.0359712230215827,139.0,1.045112781954887,133.0,0.9708029197080292,0.06492335437330929,0.9927536231884058,138.0,1.037593984962406,133.0,0.9851851851851852,135.0,0.9310344827586208,190.0,-0.6740514064124067,0.2502119411093976,95.0,95.0,0.1612747235970631,-0.8978144055123308,0.38543641478974106,-0.768106099394263,-0.3885026781317432,0.335,0.445,0.505,0.535,0.735,0
0.06074342701722575,0.17032731945674878,146.0,0.9798657718120806,149.0,1.0492957746478873,142.0,0.9342105263157896,0.08205590622182146,0.9936305732484076,157.0,0.9874213836477987,159.0,1.03921568627451,153.0,1.0268456375838926,211.0,-0.3626874518113467,0.10320114579897725,102.0,109.0,0.264223689927325,-0.555914089541323,0.28119044953361116,-0.4519909253663063,-0.2561838865955928,0.35,0.465,0.485,0.51,0.81,0
0.06074342701722575,0.17307297568970928,144.0,0.979591836734694,147.0,0.9865771812080536,149.0,1.7325581395348837,0.0739404869251578,1.0068493150684932,146.0,1.0354609929078014,141.0,1.0071428571428571,140.0,0.9929078014184396,204.0,-0.2371725302214708,0.2087668239641416,102.0,102.0,0.3100146703903474,-0.3212907748308018,0.40943279056577686,-0.4996259764446296,-0.209413436247814,0.34,0.465,0.5,0.58,0.825,0
0.038077969174977334,0.1799528236876308,114.0,1.0178571428571428,112.0,1.009009009009009,111.0,0.9823008849557522,0.04147880973850315,1.0373831775700935,107.0,0.9553571428571428,112.0,0.991150442477876,113.0,1.448717948717949,153.0,-0.329776342195386,0.4573489726822909,76.0,77.0,0.2381608396775634,-0.6777413215223798,0.6346674633696752,-0.9473800831205592,0.1325415358650813,0.305,0.465,0.5,0.545,0.82,0
0.11060743427017226,0.18849806091570875,187.0,1.050561797752809,178.0,0.9834254143646408,181.0,1.0342857142857145,0.10279531109107304,1.0170454545454546,176.0,0.9513513513513514,185.0,0.9893048128342246,187.0,0.9894179894179894,248.0,-0.2968392416976668,0.17469473602322189,123.0,125.0,0.245128846450037,-0.5214279643043096,0.4616316645931832,-0.6386039311892604,-0.1744061839918367,0.39,0.475,0.5,0.52,0.68,0
0.08612873980054397,0.18433802761476129,164.0,0.993939393939394,165.0,1.0,165.0,0.9593023255813954,0.08656447249774572,0.9817073170731707,164.0,0.9534883720930232,172.0,0.9885057471264368,174.0,1.0609756097560976,225.0,-0.1943504471971253,0.25204361626590466,113.0,112.0,0.2709455479192075,-0.5012417935244916,0.6389793256652667,-0.4199307811769918,-0.0601635975762156,0.385,0.48,0.505,0.53,0.705,0
0.09066183136899365,0.17936956104426177,173.0,0.9301075268817204,186.0,1.0449438202247192,178.0,0.978021978021978,0.11000901713255185,1.0108108108108107,185.0,1.022099447513812,181.0,1.046242774566474,173.0,1.193103448275862,265.0,-0.2618748759425831,0.17074759122492306,135.0,130.0,0.2509512758904234,-0.4790628972359922,0.48681837868903016,-0.5870028425938313,-0.110521840894946,0.355,0.49,0.51,0.53,0.675,0
0.08975521305530372,0.1817874498204099,170.0,0.9289617486338798,183.0,0.9945652173913044,184.0,1.022222222222222,0.109107303877367,1.0333333333333334,180.0,1.0404624277456649,173.0,1.0176470588235291,170.0,0.9826589595375722,259.0,-0.2805466588851687,0.2352573375964397,129.0,130.0,0.2523380707103128,-0.5729017761615183,0.5800288177122688,-0.4884487544429406,-0.1576579828200395,0.34,0.475,0.5,0.52,0.675,0
0.057116953762466005,0.1817874498204099,134.0,1.0075187969924813,133.0,1.0310077519379846,129.0,0.9699248120300752,0.05590622182146077,1.0,127.0,1.016,125.0,0.9765625,128.0,0.962406015037594,181.0,-0.1182499043919522,0.2520739579467501,93.0,88.0,0.32260179297350006,-0.3634080630893528,0.40109775644929135,-0.7207036845765835,0.2015749309756269,0.345,0.465,0.52,0.575,0.765,0
0.1042611060743427,0.19242206231889203,177.0,0.988826815642458,179.0,1.0346820809248556,173.0,0.9402173913043478,0.07484220018034266,1.0,148.0,0.9308176100628932,159.0,0.99375,160.0,1.0126582278481011,208.0,-1.038368059334705,0.4059371654978126,105.0,103.0,0.0006239338470637655,-1.399785718528371,0.45343558008527396,-1.15195988095823,-0.7259518408502724,0.385,0.48,0.51,0.535,0.875,0
0.07796917497733455,0.1646642725811385,171.0,2.011764705882353,85.0,0.320754716981132,265.0,1.7320261437908495,0.018935978358881875,0.35537190082644626,242.0,1.6133333333333333,150.0,0.9803921568627452,153.0,1.9870129870129871,181.0,-0.1733593969762986,0.41431847054259535,121.0,60.0,0.4259507177653025,-0.1739572872323154,0.6104238558856017,-0.4060268668486368,0.2341926372004054,0.635,0.615,0.675,0.795,0.72,0
0.07343608340888486,0.19188421984770443,145.0,0.9863945578231292,147.0,1.013793103448276,145.0,0.9797297297297296,0.0757439134355275,1.0067567567567568,148.0,0.925,160.0,1.0062893081761006,159.0,1.0192307692307692,211.0,-0.3094270014262278,0.10005070119884386,107.0,104.0,0.28821113850638425,-0.5151511284498331,0.3375236803758238,-0.4015885387568294,-0.2545142977167711,0.37,0.485,0.51,0.53,0.87,0
0.06799637352674524,0.18322984553859484,145.0,1.0283687943262412,141.0,1.014388489208633,139.0,1.0296296296296297,0.0703336339044184,1.0214285714285714,140.0,1.0,140.0,1.0144927536231885,138.0,0.9787234042553192,202.0,-0.2762204679760757,0.21751180398555195,102.0,100.0,0.306260356934637,-0.3477431916598137,0.3877854463638701,-0.5528749157280279,-0.2074173788962275,0.35,0.475,0.505,0.59,0.82,0
0.08612873980054397,0.192377190536198,158.0,0.9937106918238994,159.0,1.03921568627451,153.0,0.9683544303797468,0.0811541929666366,1.0,155.0,0.9872611464968152,157.0,0.98125,160.0,0.98159509202454,221.0,-0.2886339937362012,0.08536522546438284,113.0,108.0,0.2900065706188351,-0.4828055904490266,0.2962185682214441,-0.3925927503686709,-0.2657413233745819,0.355,0.495,0.515,0.54,0.83,0
0.11695376246600181,0.24783399060045674,152.0,1.0935251798561152,139.0,1.045112781954887,133.0,0.95,0.062218214607754736,1.4105263157894736,95.0,0.5163043478260869,184.0,1.3529411764705883,136.0,0.9251700680272108,189.0,-0.3431411377465791,0.37163410651845463,96.0,93.0,0.263226108635329,-0.3949838195468162,0.6359591904411458,-0.5240672692140201,-0.1378678386016758,0.32,0.44,0.515,0.615,0.545,0
0.057116953762466005,0.2345629567054006,107.0,0.9385964912280702,114.0,1.008849557522124,113.0,1.0462962962962965,0.0405770964833183,0.49327354260089684,223.0,1.956140350877193,114.0,1.027027027027027,111.0,1.088235294117647,154.0,-0.165878796449577,0.5010300281447668,77.0,77.0,0.2724265857408942,-0.6397867473864413,0.6972964984553901,-0.9718267398501444,0.5359330934993481,0.305,0.465,0.5,0.55,0.825,0
0.0643699002719855,0.1746735933871849,147.0,0.9932432432432432,148.0,0.9866666666666668,150.0,1.020408163265306,0.027051397655545536,0.4567307692307692,208.0,1.4246575342465753,146.0,1.006896551724138,145.0,1.0357142857142858,169.0,-0.2383835913765546,0.2451711024995433,103.0,66.0,0.29994187437008235,-0.302202093681042,0.40746751446410584,-0.4876951652513841,-0.1061048139000301,0.41,0.565,0.615,0.7,0.96,0
0.07071622846781506,0.18039313395949777,150.0,1.0,150.0,1.0714285714285714,140.0,1.0218978102189782,0.0757439134355275,1.0419580419580419,143.0,1.0141843971631206,141.0,1.0,141.0,0.9929577464788732,209.0,-0.1169062796300198,0.26898735943377067,105.0,104.0,0.33920799542222474,-0.2726207747143769,0.452778416365944,-0.430286557235548,-0.1265220991154713,0.35,0.455,0.505,0.565,0.87,0
0.011786038077969175,0.05397516257013405,216.0,1.565217391304348,138.0,1.8904109589041096,73.0,0.3596059113300492,0.07303877366997295,0.9864864864864865,148.0,0.9866666666666668,150.0,0.9146341463414634,164.0,0.9479768786127168,218.0,-0.1976369053035032,0.26822984560739516,116.0,102.0,0.2954332314402661,-0.2375011675650342,0.5173427678159421,-0.3685544868377391,0.2136630341769542,0.38,0.485,0.535,0.635,0.57,0
0.07796917497733455,0.1716469708319583,165.0,0.993975903614458,166.0,0.9273743016759776,179.0,1.0914634146341464,0.09467989179440937,0.9826589595375722,173.0,1.1019108280254777,157.0,1.097902097902098,143.0,0.959731543624161,236.0,-0.0459103958478869,0.3100554789324818,118.0,118.0,0.4847129785445204,-0.0551060287997249,0.6645320558806525,-0.2153723714790789,0.4130285808082644,0.475,0.445,0.505,0.6,0.53,0
0.09247506799637353,0.1747769231454329,179.0,1.0056179775280898,178.0,1.04093567251462,171.0,1.0363636363636364,0.09918845807033363,1.0542168674698795,166.0,1.0,166.0,0.9273743016759776,179.0,1.0112994350282485,244.0,-0.2424871655563062,0.2275354863255881,122.0,122.0,0.25663639102623026,-0.5657412774526119,0.58723640998901,-0.4738061855003886,-0.131562244902576,0.38,0.475,0.5,0.525,0.685,0
0.03535811423390753,0.1762348645335918,113.0,1.0,113.0,1.0272727272727271,110.0,1.02803738317757,0.045987376014427414,1.045045045045045,111.0,1.009090909090909,110.0,1.0091743119266054,109.0,1.0,158.0,-0.0879244362648391,0.4316245106473207,77.0,81.0,0.32437944815415914,-0.3474205008220457,0.6690339353669468,-0.9037828259179532,0.3623804118112015,0.3,0.45,0.495,0.535,0.825,0
0.09338168631006347,0.16935165970957225,185.0,1.0164835164835164,182.0,0.994535519125683,183.0,1.0517241379310345,0.09828674481514878,0.9942857142857143,175.0,1.0294117647058822,170.0,1.0,170.0,1.0,246.0,-0.2409123319262592,0.2528412424727624,125.0,121.0,0.25779494010804493,-0.6088154537290107,0.6499402371533906,-0.5200935571684278,-0.127170795240768,0.395,0.485,0.51,0.53,0.675,0
0.0843155031731641,0.17680775031715237,168.0,1.018181818181818,165.0,1.0185185185185186,162.0,0.9700598802395208,0.09287646528403967,1.0632911392405062,158.0,1.0,158.0,0.9693251533742332,163.0,1.0316455696202531,235.0,-0.2967389532059708,0.09807937876619066,118.0,117.0,0.28310956248975455,-0.4931286126202723,0.33395017312261577,-0.3996067300751772,-0.25728040845589,0.38,0.485,0.505,0.525,0.845,0
0.04261106074342702,0.23518678066385196,94.0,0.7642276422764228,123.0,1.128440366972477,109.0,1.0092592592592593,0.14156898106402163,1.0325581395348837,215.0,1.972477064220184,109.0,1.0186915887850467,107.0,1.0,306.0,-0.4007327527548013,0.5966864485392785,151.0,155.0,0.8955479877080406,-0.6085793714450547,0.6597589676469587,-1.278236994293808,-0.7546279306302425,0.495,0.85,0.87,0.895,0.985,0
0.14233907524932005,0.2926776709734863,149.0,1.0,149.0,0.9675324675324676,154.0,0.9565217391304348,0.0721370604147881,1.4948453608247423,97.0,0.4663461538461538,208.0,1.32484076433121,157.0,1.4672897196261685,240.0,-0.1178077927002321,0.307864744134584,139.0,101.0,0.3173922645224474,-0.1568878398153239,0.666074002271367,-0.3727766479436862,0.0005736328323421,0.425,0.52,0.58,0.685,0.625,0
0.08068902991840435,0.17793811155408817,163.0,0.9760479041916168,167.0,0.9823529411764704,170.0,1.0240963855421688,0.09287646528403967,1.018181818181818,165.0,1.0,165.0,1.0576923076923077,156.0,1.0,238.0,-0.3027271110426771,0.08653174413108086,121.0,117.0,0.27458120647185624,-0.5174205805600217,0.30868033808099143,-0.3924040325921121,-0.2378935525178352,0.39,0.485,0.51,0.53,0.835,0
0.08884859474161379,0.1963483433046185,158.0,1.0063694267515924,157.0,,152.0,0.9212121212121211,0.0811541929666366,1.0,155.0,0.96875,160.0,0.9580838323353292,167.0,1.0060240963855422,218.0,-0.2991508793840703,0.08934610891531998,110.0,108.0,0.2897214551020715,-0.5210126835123681,0.31573127228016157,-0.4019512939744465,-0.2726168755250591,0.385,0.485,0.51,0.53,0.855,0
0.0942883046237534,0.19312676555674324,166.0,1.0573248407643312,157.0,1.0,157.0,0.9691358024691358,0.0811541929666366,1.0064935064935066,154.0,0.9625,160.0,1.0126582278481011,158.0,0.9634146341463414,222.0,-0.2808230479237932,0.08813045545498048,114.0,108.0,0.2891350936441659,-0.4827849874353076,0.3082639202701999,-0.3501457991400372,-0.2428747367018952,0.385,0.49,0.515,0.535,0.805,0
0.08340888485947416,0.17677793175725265,167.0,0.9823529411764704,170.0,1.0365853658536586,164.0,1.0061349693251531,0.09017132551848513,1.0443037974683544,158.0,1.0193548387096774,155.0,1.0130718954248366,153.0,0.9935064935064936,230.0,-0.2717669933050471,0.11532218852231983,115.0,115.0,0.2917989287002859,-0.5239030750024232,0.36078780338975086,-0.3805013544250489,-0.2556423433131645,0.335,0.475,0.505,0.525,0.835,0
0.03445149592021759,0.1708754126480543,115.0,1.0087719298245614,114.0,1.0363636363636364,110.0,0.9821428571428572,0.04147880973850315,0.9652173913043478,115.0,1.074766355140187,107.0,0.981651376146789,109.0,0.990909090909091,152.0,-0.1334728456436152,0.4969911717855673,75.0,77.0,0.3007160776933443,-0.4607286864933193,0.7682869145175886,-0.96451468060864,0.34933045497029,0.295,0.455,0.495,0.54,0.81,0
0.08975521305530372,0.18554458836777787,167.0,1.050314465408805,159.0,1.0,159.0,0.9814814814814816,0.0811541929666366,0.9810126582278481,158.0,1.0,158.0,0.9937106918238994,159.0,0.9520958083832336,220.0,-0.2736733970497466,0.23522120315783168,112.0,108.0,0.25898045291939514,-0.6239740090077609,0.592485269716703,-0.4758948264056334,-0.1740089574759211,0.36,0.485,0.51,0.535,0.705,0
0.08340888485947416,0.18840603776777745,158.0,0.9813664596273292,161.0,0.936046511627907,172.0,1.0058479532163742,0.08926961226330027,0.9820359281437125,167.0,0.9881656804733728,169.0,1.0304878048780488,164.0,1.051282051282051,227.0,-0.3089541184537769,0.07265642256098337,113.0,114.0,0.2747733920295601,-0.4816663410820775,0.2627275678065642,-0.4279554206312402,-0.2917702783492986,0.385,0.48,0.5,0.52,0.825,0
0.03626473254759746,0.17451275837217284,115.0,1.036036036036036,111.0,1.009090909090909,110.0,1.02803738317757,0.04328223624887286,1.0560747663551402,107.0,0.9553571428571428,112.0,1.0566037735849056,106.0,0.9724770642201837,155.0,-0.0737913410333128,0.4624391165342549,76.0,79.0,0.3517375499128078,-0.4000571831714279,0.7020120925958983,-0.9850048691153608,0.4217960434054152,0.305,0.455,0.5,0.54,0.84,0
0.03535811423390753,0.05945596391019733,265.0,1.505681818181818,176.0,1.0,176.0,1.0731707317073171,0.08566275924256087,1.08843537414966,147.0,0.9607843137254902,153.0,1.006578947368421,152.0,1.027027027027027,230.0,-0.1330720458105129,0.38351517027048226,118.0,112.0,0.4651324480351896,-0.1420173647797255,0.7333717462237611,-0.3497403286638326,0.4268809508991699,0.485,0.46,0.515,0.62,0.54,0
0.08340888485947416,0.17556282544133803,168.0,0.9882352941176472,170.0,1.0759493670886076,158.0,0.9875,0.09287646528403967,1.6633663366336633,101.0,0.4879227053140096,207.0,1.3101265822784811,158.0,1.0533333333333332,333.0,-0.2196149209647507,0.28501116534252335,216.0,117.0,0.29301882828059644,-0.1734897753914952,0.6837337217308829,-0.4071105527638192,0.2461054861690876,0.54,0.615,0.65,0.73,0.67,0
0.05349048050770626,0.1817874498204099,130.0,0.9285714285714286,140.0,0.9395973154362416,149.0,1.041958041958042,0.062218214607754736,0.9925925925925926,135.0,0.9854014598540146,137.0,0.9647887323943662,142.0,0.9594594594594594,181.0,-0.0521130901700622,0.23804768177743124,88.0,93.0,0.3511190454272781,-0.2495116462124561,0.4292834951031623,-0.4499088681326171,0.2517601085897786,0.32,0.425,0.49,0.515,0.72,0
0.08250226654578423,0.1817874498204099,162.0,1.0062111801242235,161.0,0.9698795180722892,166.0,1.0375,0.09107303877366997,1.0375,160.0,1.0,160.0,1.0526315789473684,152.0,0.9559748427672956,230.0,-0.3464459795393984,0.0924970076310569,114.0,116.0,0.2648753884258068,-0.5575031679520923,0.2822967244015222,-0.4632123639957187,-0.2804267030381503,0.375,0.475,0.5,0.52,0.82,0
0.0942883046237534,0.18667978617448744,171.0,0.9884393063583816,173.0,1.0613496932515338,163.0,1.0061728395061729,0.09107303877366997,1.0506329113924051,158.0,0.9875,160.0,0.935672514619883,171.0,0.9553072625698324,230.0,-0.2658747280110073,0.22395634855279695,114.0,116.0,0.25295420298236776,-0.5861157377534258,0.5623870055204157,-0.550424655268161,-0.074890735513269,0.325,0.475,0.5,0.52,0.71,0
0.03535811423390753,0.18370623311524303,109.0,0.9646017699115044,113.0,0.5113122171945701,221.0,1.0184331797235022,0.1406672678088368,0.9778761061946902,226.0,1.0272727272727271,220.0,1.9469026548672568,113.0,1.0560747663551402,306.0,-0.0394064061618827,0.6738607205901262,152.0,154.0,0.28126496883305396,-0.3093180391408268,0.8855662123061857,-0.4702029464095967,-0.4702029464095967,0.08,0.11,0.135,0.165,0.165,0
0.03445149592021759,0.17438400277131907,113.0,1.0,113.0,1.036697247706422,109.0,1.1473684210526316,0.13706041478809738,0.9475982532751092,229.0,1.0504587155963303,218.0,2.3956043956043955,91.0,0.7165354330708661,307.0,-0.229101999099959,0.7525554852127498,156.0,151.0,0.8875747297808997,-0.4360242101258145,0.8931738689209309,-0.6373055991398733,-0.6373055991398733,0.505,0.825,0.855,0.885,0.885,0
0.06074342701722575,0.18028279241654793,139.0,0.952054794520548,146.0,0.9733333333333334,150.0,1.0067114093959733,0.0703336339044184,1.0141843971631206,141.0,0.9463087248322148,149.0,1.0275862068965518,145.0,1.0069444444444444,200.0,-0.2916876852269812,0.2067931312742363,100.0,100.0,0.29288436150876856,-0.3985489226304928,0.3965563578387482,-0.5507254833001262,-0.2581760594387524,0.34,0.465,0.5,0.565,0.8,0
0.0815956482320943,0.17548782996689138,166.0,1.0375,160.0,1.0526315789473684,152.0,0.9806451612903224,0.08566275924256087,1.0526315789473684,152.0,0.9559748427672956,159.0,1.0063291139240509,158.0,0.9813664596273292,224.0,-0.257033958719622,0.09697282074906058,112.0,112.0,0.299931337503007,-0.4675567518188936,0.3466251809874256,-0.3753141639688429,-0.2172974925274786,0.375,0.48,0.5,0.52,0.805,0
0.03535811423390753,0.1817874498204099,110.0,0.9821428571428572,112.0,0.9739130434782608,115.0,1.0648148148148149,0.03967538322813345,0.9646017699115044,113.0,1.0660377358490567,106.0,0.9814814814814816,108.0,0.9557522123893806,154.0,-0.0837506204515238,0.4606315331031542,78.0,76.0,0.3285837790747574,-0.4267657256770961,0.7040964991528712,-0.8406791324130543,0.5051399470861383,0.33,0.47,0.515,0.56,0.83,0
0.08884859474161379,0.19217986617503427,161.0,1.0320512820512822,156.0,1.0,156.0,0.9936305732484076,0.08656447249774572,1.0454545454545454,154.0,0.9871794871794872,156.0,0.9629629629629628,162.0,0.9529411764705882,225.0,-0.3509163439796582,0.08563480760746003,113.0,112.0,0.25312698115023746,-0.5646494611276098,0.2880046334278219,-0.4974474495515772,-0.2753575745976166,0.38,0.485,0.505,0.525,0.86,0
0.06618313689936536,0.18473318755473123,142.0,1.0142857142857142,140.0,0.9859154929577464,142.0,1.0,0.06582506762849413,0.9857142857142858,140.0,1.0218978102189782,137.0,0.9319727891156464,147.0,0.9865771812080536,194.0,-0.1727171994683404,0.20987828160298486,98.0,96.0,0.3396586052737396,-0.2555749463384769,0.42942314432679923,-0.4431496067363979,-0.0900129399653256,0.35,0.475,0.51,0.585,0.795,0
0.0371713508612874,0.17993658805813717,113.0,0.982608695652174,115.0,1.0,115.0,1.036036036036036,0.045987376014427414,1.0740740740740742,108.0,0.9818181818181818,110.0,0.9821428571428572,112.0,0.991150442477876,158.0,-0.4103025141955339,0.46410100248033515,77.0,81.0,0.24202897126528375,-0.7105736607329172,0.5554540205264368,-1.3269756119340417,0.1202947775392173,0.305,0.45,0.49,0.53,0.8,0
0.08340888485947416,0.17436209908182476,169.0,1.0242424242424242,165.0,1.012269938650307,163.0,1.0316455696202531,0.09558160504959423,1.062111801242236,161.0,1.0125786163522013,159.0,1.0127388535031847,157.0,0.98125,237.0,-0.2519405582877521,0.09364280153935262,118.0,119.0,0.2971793101339984,-0.4669588441688369,0.35780548657620864,-0.3242274182616444,-0.1866581831231881,0.375,0.48,0.5,0.52,0.815,0
0.10154125113327289,0.17408202006273774,190.0,1.021505376344086,186.0,0.984126984126984,189.0,1.0216216216216216,0.09738503155996393,0.9453551912568307,183.0,1.0701754385964912,171.0,0.994186046511628,172.0,0.9555555555555556,245.0,-0.5125574014437456,0.1712901258275963,124.0,121.0,0.20487419951781963,-0.7227239575379052,0.3590934730524258,-0.9372297879458412,-0.4983119060437516,0.365,0.48,0.505,0.525,0.68,0
0.11967361740707162,0.2614626418725299,147.0,1.7926829268292683,82.0,0.3534482758620689,232.0,1.3567251461988303,0.09738503155996393,1.005813953488372,172.0,2.0,86.0,0.3307692307692307,260.0,1.6560509554140128,235.0,-0.1190395959981945,0.2769725625588069,114.0,121.0,0.31516027785852657,-0.1758383965624756,0.5535750462996347,-0.2746985931426441,0.2976203253059193,0.325,0.41,0.49,0.59,0.52,0
0.0371713508612874,0.18367166044326405,111.0,0.9736842105263158,114.0,0.5352112676056338,213.0,2.3666666666666667,0.03967538322813345,0.990909090909091,110.0,0.502283105022831,219.0,0.9690265486725664,226.0,1.04147465437788,150.0,-0.2206652730224658,0.5791600892886373,74.0,76.0,0.281675729540059,-0.4150433444585735,0.7861434462364418,-0.922517118826758,0.4915071006647556,0.295,0.455,0.495,0.54,0.84,0
0.0643699002719855,0.1847752695223644,140.0,0.9859154929577464,142.0,1.0,142.0,0.9726027397260274,0.06762849413886383,1.0218978102189782,137.0,0.9319727891156464,147.0,0.9865771812080536,149.0,1.0067567567567568,194.0,-0.2072505568542126,0.2130371952694841,96.0,98.0,0.3241689514453597,-0.3024219902233573,0.40346271231986464,-0.5032969607515989,-0.2216591872828493,0.335,0.465,0.5,0.57,0.745,0
0.08884859474161379,0.19082468225224758,162.0,1.0253164556962024,158.0,1.025974025974026,154.0,1.0,0.08025247971145176,0.9871794871794872,156.0,1.0,156.0,0.968944099378882,161.0,0.9640718562874252,220.0,-0.2799422655823033,0.09440964366935364,113.0,107.0,0.2921961362079179,-0.5396166677903628,0.3272477491498316,-0.3692701923834957,-0.2596251954238966,0.35,0.49,0.515,0.535,0.82,0
0.03989120580235721,0.1854891733449553,113.0,1.0272727272727271,110.0,1.0091743119266054,109.0,0.956140350877193,0.03967538322813345,0.9646017699115044,113.0,0.9912280701754386,114.0,1.0,114.0,1.0458715596330277,153.0,-0.5189181987532347,0.5404419739285812,77.0,76.0,0.1679870909601519,-0.9089977739550852,0.6622861598252773,-1.465560936597319,-0.0929094432460317,0.3,0.465,0.505,0.55,0.805,0
0.08794197642792384,0.17811819755485175,171.0,0.9606741573033708,178.0,0.994413407821229,179.0,1.022857142857143,0.1018935978358882,1.0171428571428571,175.0,1.0057471264367817,174.0,1.0419161676646709,167.0,1.04375,247.0,-0.2959137960865002,0.21634161501096721,123.0,124.0,0.24130163216020997,-0.6080374186225987,0.5617852248820921,-0.5493903838547173,-0.0869307731335117,0.39,0.475,0.5,0.52,0.695,0
0.033544877606527655,0.17077969302373544,114.0,1.0,114.0,1.0,114.0,1.0458715596330277,0.04418394950405771,0.991304347826087,115.0,1.0454545454545454,110.0,1.25,88.0,0.6666666666666666,152.0,-0.2917209789916287,0.4703408701348403,73.0,79.0,0.24221897438577658,-0.6679283261348653,0.6131241850491833,-1.1231422743247217,0.3163198114762408,0.3,0.445,0.49,0.535,0.83,0
0.07524932003626474,0.16903456084865287,164.0,0.9761904761904762,168.0,1.018181818181818,165.0,1.0185185185185186,0.09377817853922453,1.005952380952381,168.0,1.0632911392405062,158.0,1.0,158.0,0.9693251533742332,233.0,-0.3165832221331801,0.10358912632142278,115.0,118.0,0.2795220321139385,-0.5060752013494401,0.3264780394046677,-0.4214225302093081,-0.2512039871815322,0.37,0.475,0.495,0.515,0.835,0
0.06074342701722575,0.17169067979311536,145.0,0.9602649006622516,151.0,0.8988095238095238,168.0,0.9655172413793104,0.09558160504959423,0.9344262295081968,183.0,1.605263157894737,114.0,0.4691358024691358,243.0,1.4727272727272729,289.0,-0.2753807928429302,0.27121006965263067,170.0,119.0,0.2611192451217344,-0.2972954408609257,0.6041692804265559,-0.4838556997793326,0.2089508001332919,0.47,0.555,0.59,0.685,0.615,0
0.0743427017225748,0.17389509589071875,159.0,0.940828402366864,169.0,1.0180722891566265,166.0,1.1216216216216215,0.08566275924256087,0.975609756097561,164.0,1.0580645161290323,155.0,1.0472972972972974,148.0,0.961038961038961,222.0,-0.3170032879160261,0.10653939825255798,110.0,112.0,0.2876999989353146,-0.524234823730452,0.3136186072350713,-0.5153055341256764,-0.270542760561286,0.365,0.47,0.495,0.52,0.825,0
0.09610154125113328,0.1853934391158722,174.0,1.0175438596491229,171.0,1.0363636363636364,165.0,0.9482758620689656,0.09107303877366997,0.9940119760479041,167.0,0.8978494623655914,186.0,1.0391061452513966,179.0,1.028735632183908,237.0,-0.1614278751474143,0.2505980276578688,121.0,116.0,0.28201992886094684,-0.4249911725520464,0.6760920612510077,-0.2891379524600618,-0.0597906582656369,0.395,0.49,0.51,0.535,0.675,0
0.08612873980054397,0.16768762650781557,178.0,0.9834254143646408,181.0,1.011173184357542,179.0,0.9675675675675676,0.10009017132551848,1.0,176.0,1.035294117647059,170.0,1.0179640718562877,167.0,0.9940476190476192,248.0,-0.1968760816249969,0.22723621660784768,125.0,123.0,0.2836100249889597,-0.5347471710313861,0.6100881742123482,-0.4712240063603174,-0.0448915838861424,0.375,0.48,0.505,0.525,0.695,0
0.08794197642792384,0.18303982933619914,167.0,0.9766081871345028,171.0,1.0058823529411764,170.0,0.9714285714285714,0.09197475202885483,0.9709302325581395,172.0,0.9772727272727272,176.0,1.0292397660818713,171.0,1.049079754601227,234.0,-0.2531234886139095,0.23098872384040164,118.0,116.0,0.25708471860305493,-0.5744434890903719,0.5653948640966489,-0.540915541789203,-0.0809081020884304,0.325,0.48,0.505,0.525,0.705,0
0.1042611060743427,0.17956247770193315,188.0,1.0,188.0,1.0804597701149423,174.0,0.9775280898876404,0.09738503155996393,1.005813953488372,172.0,0.9828571428571428,175.0,1.0,175.0,0.9562841530054644,248.0,-0.1423685199009886,0.2315654250981754,127.0,121.0,0.2882887562939372,-0.4086543918752059,0.663604890557333,-0.423496922371119,-0.0793820056770789,0.41,0.495,0.515,0.535,0.685,0
0.10063463281958296,0.18064456796720324,183.0,1.0517241379310345,174.0,1.0,174.0,1.0481927710843373,0.09467989179440937,1.0,170.0,1.0,170.0,0.9289617486338798,183.0,0.9945652173913044,240.0,-0.2572916725719347,0.23381892245257194,122.0,118.0,0.24780503315020538,-0.585800173512786,0.5886111198252874,-0.5293645330087963,-0.166960846362824,0.395,0.485,0.51,0.53,0.685,0
0.06074342701722575,0.18028279241654793,139.0,0.972027972027972,143.0,0.9470198675496688,151.0,1.0202702702702702,0.06853020739404869,0.9724137931034482,145.0,0.9931506849315068,146.0,0.9668874172185432,151.0,1.0134228187919463,197.0,-0.2386144263719625,0.22906199416880213,99.0,98.0,0.3228846264189772,-0.3271314467554249,0.4077301528747783,-0.5473535039245095,-0.2646430072191282,0.35,0.465,0.505,0.58,0.83,0
0.07071622846781506,0.19209753189053455,142.0,1.0215827338129495,139.0,0.9928571428571428,140.0,1.0,0.0703336339044184,1.0287769784172662,139.0,1.0220588235294117,136.0,0.9577464788732394,142.0,1.0070921985815602,203.0,-0.2630183233488149,0.22862819403686907,103.0,100.0,0.3185389393562905,-0.3449918374462912,0.3995147978069637,-0.5647179383824958,-0.2152911042024427,0.345,0.475,0.51,0.595,0.795,0
0.09156844968268359,0.16814740335496545,184.0,0.9787234042553192,188.0,1.032967032967033,182.0,1.0,0.10279531109107304,1.0170454545454546,176.0,1.011494252873563,174.0,0.9830508474576272,177.0,1.0172413793103448,258.0,-0.2101780142422275,0.19658092820341994,133.0,125.0,0.27045977168096924,-0.4745287526882629,0.5353915686438921,-0.4006427313535206,-0.1088550587509888,0.36,0.49,0.515,0.54,0.695,0
0.05258386219401632,0.1801786238270498,130.0,0.9701492537313432,134.0,1.0075187969924813,133.0,0.9779411764705882,0.06492335437330929,1.0148148148148148,135.0,0.9712230215827338,139.0,0.9586206896551724,145.0,1.0431654676258992,188.0,-0.1352668002297601,0.2557388746882545,93.0,95.0,0.30018800046220684,-0.3047418857651518,0.4518931043314243,-0.5219133425609234,0.1409169727437185,0.31,0.45,0.495,0.52,0.715,0
0.08975521305530372,0.19910538567250285,157.0,0.9691358024691358,162.0,1.018867924528302,159.0,1.0063291139240509,0.08566275924256087,0.9937888198757764,161.0,1.0,161.0,0.9817073170731708,164.0,0.9534883720930232,221.0,-0.3476057333840818,0.0830633146623705,109.0,112.0,0.2709386340071909,-0.5293261627283548,0.2860901688011282,-0.4565459666911901,-0.3035329909208005,0.375,0.475,0.495,0.515,0.84,0
0.08703535811423391,0.18054252494459555,168.0,0.9824561403508772,171.0,1.0118343195266273,169.0,0.9825581395348836,0.09648331830477908,1.0058479532163742,171.0,0.9344262295081968,183.0,1.0223463687150838,179.0,1.0718562874251496,240.0,-0.241825413800795,0.19381498772032268,120.0,120.0,0.26136793118883966,-0.4462621999781063,0.4905704355432731,-0.5651275652804711,-0.1133621881935044,0.345,0.48,0.505,0.525,0.685,0
0.08068902991840435,0.18715020313161027,156.0,0.9873417721518988,158.0,0.9461077844311376,167.0,1.2748091603053435,0.08566275924256087,0.9467455621301775,169.0,0.9825581395348836,172.0,1.029940119760479,167.0,1.0245398773006136,221.0,-0.3736451575020419,0.09955629493951156,109.0,112.0,0.2588783305212201,-0.6169830191427771,0.29397033341376444,-0.4884235576350469,-0.2924134218868843,0.375,0.47,0.495,0.515,0.855,0
0.1514052583862194,0.28969151166806606,157.0,0.8971428571428571,175.0,1.0294117647058822,170.0,0.9826589595375722,0.09918845807033363,0.9776536312849162,179.0,1.0529411764705885,170.0,1.0897435897435896,156.0,0.968944099378882,239.0,-0.2205017288483937,0.3603081822259618,117.0,122.0,0.42487241379893126,-0.225,0.7042594337934088,-0.4538063628565433,0.300318265007057,0.465,0.445,0.49,0.6,0.515,0
0.07796917497733455,0.17659124164309772,161.0,1.0,161.0,1.0662251655629138,151.0,0.9869281045751634,0.08746618575293057,1.051948051948052,154.0,1.0065359477124185,153.0,0.9807692307692308,156.0,0.975,227.0,-0.3882598125500023,0.1003840189721931,114.0,113.0,0.25906166217526183,-0.543847045443911,0.33056004605066275,-0.4752354807060149,-0.3376483293340165,0.375,0.485,0.505,0.525,0.84,0
0.05439709882139619,0.2263280953773242,108.0,0.9557522123893806,113.0,1.036697247706422,109.0,0.981981981981982,0.14517583408476104,2.0545454545454547,110.0,1.3095238095238095,84.0,0.6412213740458015,131.0,1.18018018018018,234.0,-0.4069724636033806,0.8560876869848705,76.0,158.0,0.3866510775665909,-0.5274584565513118,0.8672802284353637,-1.6538283273163037,-0.8839846058405199,0.515,0.715,0.765,0.905,0.965,0
0.0815956482320943,0.18049641661586166,162.0,1.0253164556962024,158.0,1.025974025974026,154.0,1.0694444444444444,0.017132551848512173,0.3888888888888889,216.0,1.565217391304348,138.0,1.8904109589041096,73.0,0.3596059113300492,169.0,-0.2049417461277261,0.3063542000633639,111.0,58.0,0.4110420823480314,-0.2618237011409891,0.486294580289732,0.1397770562595817,0.1892296630099998,0.63,0.585,0.665,0.7,0.705,0
0.0942883046237534,0.17942420259852498,177.0,0.9365079365079364,189.0,1.0441988950276244,181.0,1.0903614457831323,0.10009017132551848,1.0414201183431953,169.0,1.0242424242424242,165.0,0.993975903614458,166.0,0.9431818181818182,248.0,-0.1585569770272182,0.2268318703296682,125.0,123.0,0.2841273860237685,-0.496401520021459,0.6017671663047276,-0.3372692883208642,-0.0972203420822581,0.39,0.48,0.505,0.53,0.68,0
0.10063463281958296,0.18411130958859673,180.0,1.0227272727272727,176.0,1.035294117647059,170.0,0.913978494623656,0.09828674481514878,0.9206349206349206,189.0,1.0106951871657754,187.0,1.033149171270718,181.0,1.0055555555555555,246.0,-0.2720516905355513,0.21552937665674413,125.0,121.0,0.2508720918608469,-0.5677526600651863,0.5853357846824412,-0.5292130213881592,-0.2249698379882392,0.34,0.485,0.51,0.53,0.67,0
0.07524932003626474,0.2366457787743286,122.0,0.5951219512195122,205.0,1.1714285714285717,175.0,1.0542168674698795,0.08926961226330027,0.9761904761904762,168.0,1.030674846625767,163.0,1.0516129032258064,155.0,1.0064935064935066,228.0,-0.3161107427651404,0.08030353752108747,114.0,114.0,0.2786774606605133,-0.5257313438436941,0.29083679989619926,-0.4678990153486276,-0.2921161909334828,0.33,0.48,0.5,0.52,0.805,0
0.06527651858567543,0.18626917937334161,140.0,0.9655172413793104,145.0,1.0,145.0,0.9666666666666668,0.07303877366997295,0.9605263157894737,152.0,1.0133333333333334,150.0,1.0416666666666667,144.0,0.9863013698630136,197.0,-0.1696865687695206,0.21989671820828552,95.0,102.0,0.3295856900674959,-0.2362789702507333,0.4251065159606546,-0.4455552456209497,-0.1147527276547822,0.325,0.45,0.485,0.555,0.775,0
0.08703535811423391,0.18691990084217225,163.0,0.987878787878788,165.0,1.0509554140127388,157.0,0.9691358024691358,0.06492335437330929,1.0300751879699248,133.0,0.9851851851851852,135.0,0.944055944055944,143.0,1.0141843971631206,191.0,-0.713740429771387,0.11813534990731256,96.0,95.0,0.12714877769843685,-0.7436270385496172,0.11173219959922129,-0.6828211168636186,-0.5552267598539093,0.475,0.465,0.505,0.54,0.89,0
0.03626473254759746,0.18759709924087695,108.0,0.9818181818181818,110.0,0.990990990990991,111.0,1.0277777777777777,0.0387736699729486,1.0,108.0,0.9310344827586208,116.0,1.0,116.0,1.045045045045045,151.0,0.3170084661125849,0.4488026982688068,76.0,75.0,0.43270538750637705,0.0663645903693521,0.8853549782699228,-0.1614374746675669,0.8095292825298788,0.335,0.455,0.505,0.555,0.83,0
0.08975521305530372,0.19625676535817696,159.0,1.0,159.0,1.0063291139240509,158.0,0.9575757575757576,0.0829576194770063,1.0064102564102564,156.0,0.934131736526946,167.0,0.9709302325581396,172.0,1.017751479289941,219.0,-0.2808753197779782,0.10059653885952974,110.0,109.0,0.28616084275312775,-0.5075248450530647,0.3625870443482317,-0.3117832490680866,-0.2379855235006878,0.39,0.48,0.505,0.525,0.855,0
0.09700815956482321,0.1903490384400456,171.0,0.994186046511628,172.0,1.017751479289941,169.0,1.0119760479041915,0.09467989179440937,0.9941520467836257,171.0,0.9553072625698324,179.0,0.9835164835164836,182.0,1.0520231213872833,234.0,-0.2274347186736919,0.2388653429892448,116.0,118.0,0.25809128149802774,-0.5412493447600588,0.6270037184404571,-0.4682119875749306,-0.0735284564779914,0.335,0.475,0.5,0.52,0.685,0
0.09338168631006347,0.18670856462362906,170.0,0.9659090909090908,176.0,0.946236559139785,186.0,1.0163934426229508,0.10099188458070334,0.9888268156424581,179.0,1.0346820809248556,173.0,1.0484848484848486,165.0,0.9649122807017544,246.0,-0.2599602248164334,0.1860000081752135,123.0,123.0,0.26769115816131167,-0.4798876551255291,0.4856840484879919,-0.6013513471110836,-0.2002549600247394,0.37,0.48,0.505,0.525,0.67,0
0.06618313689936536,0.1817874498204099,144.0,1.0588235294117647,136.0,0.9927007299270072,137.0,0.958041958041958,0.06672678088367899,0.9788732394366197,142.0,1.0,142.0,0.9793103448275862,145.0,0.9931506849315068,195.0,-0.2598902974835175,0.21183182133512599,98.0,97.0,0.30226950257794666,-0.3451317028461576,0.40867045333577423,-0.5339509460397905,-0.2118267130629858,0.35,0.475,0.505,0.58,0.805,0
0.08250226654578423,0.1755255522414633,167.0,1.0705128205128205,156.0,1.0129870129870129,154.0,0.9625,0.08836789900811542,1.0316455696202531,158.0,1.0063694267515924,157.0,0.9127906976744186,172.0,1.0424242424242425,224.0,-0.2620807356280653,0.10951699127502186,110.0,114.0,0.2907757708969277,-0.4693644940450301,0.37948094644765645,-0.3402155812719632,-0.1956844515673831,0.38,0.47,0.495,0.515,0.835,0
0.06708975521305531,0.17617275507848199,149.0,0.9085365853658536,164.0,0.9647058823529412,170.0,1.0240963855421688,0.0811541929666366,0.9117647058823529,170.0,0.8415841584158416,202.0,1.2784810126582278,158.0,1.082191780821918,212.0,-0.2512668107847666,0.4056916852915988,104.0,108.0,0.4300159170383306,-0.2432265612479391,0.6861514606497069,-0.440893265199471,0.1957965268936877,0.465,0.435,0.5,0.595,0.53,0
0.06890299184043518,0.1817874498204099,147.0,1.013793103448276,145.0,1.0507246376811594,138.0,0.9928057553956836,0.07123534715960325,1.0285714285714285,140.0,0.9859154929577464,142.0,1.0070921985815602,141.0,0.9724137931034482,203.0,-0.239400573250432,0.21785653100618604,103.0,100.0,0.3173073328609883,-0.3193680482633765,0.39809227575721357,-0.5264283047534581,-0.1713724358532521,0.355,0.475,0.51,0.575,0.825,0
0.03535811423390753,0.18370623311524303,109.0,0.9646017699115044,113.0,1.13,100.0,0.847457627118644,0.14156898106402163,2.074766355140187,107.0,0.9727272727272728,110.0,0.5069124423963134,217.0,0.9774774774774776,309.0,-0.2702359417110346,0.7259719521798847,154.0,155.0,0.903054486297184,-0.3372248649040337,0.8289753468429287,-1.0926381593660168,-1.0044314368099827,0.13,0.105,0.14,0.225,0.2,0
0.06618313689936536,0.17751913596047492,147.0,0.98,150.0,1.851851851851852,81.0,0.3838862559241706,0.0775473399458972,1.0486111111111112,144.0,1.0,144.0,1.0285714285714285,140.0,1.0071942446043165,210.0,-0.2669973254573146,0.2136016298527355,105.0,105.0,0.29649353356507296,-0.3429839220777743,0.40523640161178837,-0.5143437694773341,-0.2366001631981307,0.34,0.47,0.5,0.585,0.81,0
0.03445149592021759,0.1798861100100752,110.0,1.0,110.0,0.990990990990991,111.0,1.009090909090909,0.04147880973850315,1.009090909090909,110.0,1.0377358490566038,106.0,0.954954954954955,111.0,0.5162790697674419,228.0,-0.0535105606411557,0.5656846374278954,151.0,77.0,0.25829600106330464,-0.4029739994617387,0.8343164163566952,-0.5432879245668611,-0.4448170754133333,0.12,0.145,0.175,0.21,0.215,0
0.05893019038984588,0.1897701742149448,131.0,0.9492753623188406,138.0,0.9452054794520548,146.0,0.9798657718120806,0.07484220018034266,1.0068027210884354,147.0,0.9423076923076924,156.0,0.9936305732484076,157.0,0.9874213836477987,204.0,-0.3316375955939732,0.11529460247752019,101.0,103.0,0.2823117640725836,-0.5180005570162247,0.33325638662402496,-0.4867397865346537,-0.3575881299264982,0.37,0.475,0.5,0.52,0.79,0
0.09610154125113328,0.1817874498204099,177.0,0.9516129032258064,186.0,1.0333333333333334,180.0,1.0,0.09828674481514878,0.9666666666666667,180.0,1.0112359550561798,178.0,1.0348837209302326,172.0,0.9717514124293786,235.0,-0.0893489492537362,0.21093124575344854,114.0,121.0,0.30374451111608347,-0.3685169423886784,0.5894948604497442,-0.363460679394978,0.0666176673165294,0.37,0.46,0.485,0.51,0.675,0
0.04895738893925657,0.1817874498204099,125.0,0.5630630630630631,222.0,1.930434782608696,115.0,1.0267857142857142,0.031559963931469794,1.0526315789473684,95.0,0.3991596638655462,238.0,1.0672645739910314,223.0,0.9911111111111112,149.0,-0.3373214029588303,0.5870289527153856,79.0,70.0,0.2378909365557409,-0.5115713027957645,0.7026957453401046,-1.070196375884952,0.3087589904876138,0.315,0.49,0.53,0.58,0.82,0
0.03173164097914778,0.07117172485471661,225.0,2.2058823529411766,102.0,0.85,120.0,1.1009174311926606,0.13345356176735798,2.3666666666666667,90.0,0.703125,128.0,1.1851851851851851,108.0,0.972972972972973,228.0,0.0206889766814511,0.6298633049755639,79.0,149.0,0.49321770757380606,-0.2566684510576424,0.9197470715263271,-0.4291289336010805,-0.316413980032594,0.565,0.78,0.815,0.85,0.975,0
0.03535811423390753,0.17805267519296678,112.0,0.5022421524663677,223.0,2.1650485436893203,103.0,0.8306451612903226,0.04418394950405771,1.0,114.0,1.027027027027027,111.0,1.0,111.0,0.9823008849557522,154.0,0.1518305157174485,0.49787338122986613,75.0,79.0,0.3602169114544874,-0.2400934678296127,0.8090994719675518,-0.7450443830600078,0.7973096113255145,0.29,0.445,0.49,0.535,0.82,0
0.05802357207615594,0.17576882020496196,139.0,1.0692307692307692,130.0,1.04,125.0,0.984251968503937,0.06492335437330929,1.0458015267175573,131.0,1.0,131.0,0.9924242424242424,132.0,0.9924812030075189,193.0,-0.2242515359950284,0.245261516181106,98.0,95.0,0.302813252491728,-0.4096999196606033,0.3644478769693467,-0.5996080565905395,0.0082971295501176,0.35,0.465,0.515,0.54,0.73,0
0.07524932003626474,0.18594269576352548,151.0,0.9151515151515152,165.0,0.9880239520958084,167.0,0.9766081871345028,0.1055004508566276,0.9680851063829787,188.0,1.032967032967033,182.0,1.0,182.0,1.103030303030303,309.0,-0.3803555704718902,0.3033487375690855,182.0,127.0,0.23235662356671755,-0.361900935496938,0.6381240874927595,-0.6142695585923894,0.1354737051087909,0.46,0.555,0.59,0.67,0.61,0
0.07887579329102448,0.18311959873210934,157.0,0.9127906976744186,172.0,1.0424242424242425,165.0,0.9705882352941176,0.09107303877366997,1.0,166.0,1.031055900621118,161.0,1.018987341772152,158.0,1.0128205128205128,230.0,-0.2588660280245802,0.08359552026881664,114.0,116.0,0.2906214647773704,-0.4470268205222045,0.3168063196260122,-0.3902925550570553,-0.2203990636714938,0.37,0.475,0.495,0.515,0.82,0
0.05983680870353581,0.1817874498204099,137.0,0.9856115107913668,139.0,0.9328859060402684,149.0,1.0067567567567568,0.06853020739404869,1.0217391304347827,138.0,0.9583333333333334,144.0,0.979591836734694,147.0,0.9865771812080536,196.0,-0.2561393600408613,0.19633530242820205,98.0,98.0,0.3133579477403227,-0.3569492336110005,0.3800553345908548,-0.5149748743718595,-0.2374190933149,0.345,0.465,0.5,0.58,0.815,0
0.08884859474161379,0.18303237469622427,168.0,0.9130434782608696,184.0,1.0279329608938548,179.0,1.022857142857143,0.10640216411181244,1.0280898876404494,178.0,1.0229885057471264,174.0,1.0357142857142858,168.0,0.9882352941176472,252.0,-0.3691149529034793,0.22634454915865684,124.0,128.0,0.22127639580695296,-0.6208651641070618,0.5360717909232778,-0.6242801753260167,-0.0944786294569335,0.32,0.47,0.495,0.515,0.71,0
0.11786038077969176,0.22286997072228426,168.0,1.05,160.0,1.0256410256410255,156.0,0.9873417721518988,0.08476104598737602,1.0192307692307692,156.0,1.0,156.0,0.9397590361445785,166.0,1.006060606060606,221.0,-0.2499736450201759,0.11417668012232683,110.0,111.0,0.3077109911073099,-0.4571022577327217,0.3628163872244969,-0.4254529291921689,-0.2166022335811325,0.38,0.48,0.5,0.525,0.825,0
0.08340888485947416,0.1857089631792252,160.0,0.9195402298850576,174.0,0.9666666666666668,180.0,1.0285714285714285,0.1055004508566276,1.0282485875706215,177.0,1.0,177.0,1.0290697674418603,172.0,0.9828571428571428,250.0,-0.2322216738957471,0.21105811987121748,123.0,127.0,0.26243779931937206,-0.517463255670818,0.5392128893878537,-0.5414718817443795,0.0079006386893171,0.38,0.47,0.495,0.52,0.72,0
0.07887579329102448,0.18862233149154767,153.0,1.0132450331125828,151.0,0.9741935483870968,155.0,1.597938144329897,0.08025247971145176,0.9625,160.0,0.9696969696969696,165.0,1.0,165.0,0.9428571428571428,212.0,-0.1704674841397815,0.4174734577422767,105.0,107.0,0.3236936908724284,-0.1932089288265359,0.7385430382052802,-0.4396296321085959,0.5311635083905168,0.37,0.455,0.5,0.615,0.525,0
0.07796917497733455,0.1791566651771795,159.0,0.9352941176470588,170.0,1.827956989247312,93.0,0.3522727272727273,0.09197475202885483,1.8764044943820224,89.0,0.7478991596638656,119.0,1.5256410256410255,78.0,0.2857142857142857,230.0,-0.080146979627285,0.36371812460863523,114.0,116.0,0.3306124872005373,-0.107950126249693,0.7567111175262434,-0.2886115975778399,0.4073508786508774,0.34,0.445,0.5,0.595,0.525,0
0.07887579329102448,0.17789029368742576,161.0,0.9757575757575756,165.0,0.9880239520958084,167.0,1.0372670807453417,0.08746618575293057,0.9759036144578314,166.0,1.01840490797546,163.0,1.0584415584415583,154.0,1.013157894736842,229.0,-0.3511755849998489,0.09210905849829673,116.0,113.0,0.27225696070857586,-0.579602169611795,0.28770306671934187,-0.4709201888101458,-0.3219606969075134,0.345,0.485,0.505,0.525,0.825,0
0.06890299184043518,0.19224481877725066,140.0,1.0071942446043165,139.0,0.9788732394366196,142.0,1.0,0.06943192064923355,1.0070921985815602,141.0,0.9929577464788732,142.0,0.9726027397260274,146.0,1.6043956043956045,202.0,-0.2541321038598023,0.21441209417847257,103.0,99.0,0.31337060726811267,-0.3674172169864365,0.3996350832948428,-0.5227184602644087,-0.215527750004026,0.35,0.475,0.51,0.58,0.765,0
0.06255666364460562,0.1817874498204099,140.0,0.9523809523809524,147.0,1.013793103448276,145.0,0.9931506849315068,0.06943192064923355,1.0070921985815602,141.0,0.9215686274509804,153.0,1.006578947368421,152.0,1.0133333333333334,197.0,-0.2523405436413879,0.17852503660309638,98.0,99.0,0.2856314257175312,-0.3208972341764015,0.38550297605302897,-0.4764216479524145,-0.1772366667027105,0.345,0.435,0.5,0.565,0.755,0
0.08975521305530372,0.169076835618725,181.0,0.9783783783783784,185.0,1.0451977401129944,177.0,1.047337278106509,0.1036970243462579,1.0778443113772456,167.0,0.9823529411764704,170.0,0.9941520467836256,171.0,1.0058823529411764,252.0,-0.2104644368669321,0.19578816209593394,127.0,125.0,0.273263294131605,-0.4838745254048492,0.5424507450310736,-0.4310256687749215,-0.1496366818897659,0.35,0.485,0.51,0.53,0.69,0
0.0815956482320943,0.17922122430952872,163.0,1.0061728395061729,162.0,1.0253164556962024,158.0,1.0193548387096774,0.08476104598737602,1.0392156862745099,153.0,0.9683544303797468,158.0,1.0193548387096774,155.0,0.9393939393939394,221.0,-0.2878299509387556,0.08939137515039014,110.0,111.0,0.27972159394888413,-0.428593345141716,0.2997364498499663,-0.4763039496938853,-0.2061804062693274,0.365,0.48,0.5,0.525,0.815,0
0.050770625566636446,0.17854485479503288,129.0,0.9280575539568344,139.0,0.972027972027972,143.0,1.0592592592592591,0.06311992786293959,1.0150375939849625,133.0,0.9925373134328358,134.0,1.0,134.0,1.0,186.0,0.0454502089642343,0.24733017775945368,92.0,94.0,0.34378719161596605,-0.143909664450022,0.5143897171132537,-0.4920963901618094,0.4465703898525263,0.315,0.45,0.495,0.545,0.725,0
0.09066183136899365,0.18301772852121467,170.0,1.0303030303030305,165.0,0.9880239520958084,167.0,1.0245398773006136,0.09107303877366997,0.9880952380952381,168.0,1.024390243902439,164.0,1.0123456790123455,162.0,0.9585798816568049,235.0,-0.2470980465474818,0.2185479744988075,119.0,116.0,0.254939347134319,-0.5498081568174815,0.5588114652606786,-0.4357083750151364,-0.1211491605004276,0.34,0.485,0.505,0.53,0.69,0
0.13780598368087035,0.3890674416435034,112.0,1.0275229357798166,109.0,0.9478260869565216,115.0,1.036036036036036,0.0405770964833183,1.0091743119266054,109.0,0.981981981981982,111.0,1.0,111.0,0.9910714285714286,156.0,0.132562933530586,0.5866891063674073,79.0,77.0,0.427071938797444,-0.2330185477706581,0.7357061046896858,-1.023227010097612,0.4400572615869331,0.345,0.47,0.51,0.55,0.815,0
0.07162284678150499,0.19050192395111054,144.0,1.0212765957446808,141.0,1.014388489208633,139.0,0.9788732394366196,0.06762849413886383,1.037037037037037,135.0,0.9642857142857144,140.0,1.0,140.0,0.9523809523809524,203.0,-0.3091534654070925,0.16801341411798681,105.0,98.0,0.2869809515512744,-0.3948519595912705,0.34971618525807496,-0.5778636867722187,-0.332519292255634,0.365,0.485,0.515,0.59,0.835,0
0.09972801450589303,0.18895821710510072,175.0,1.0294117647058822,170.0,0.9714285714285714,175.0,1.0,0.09467989179440937,0.9883720930232558,172.0,1.0,172.0,0.9555555555555556,180.0,1.0227272727272727,236.0,-0.3139972567128453,0.22067851694713655,118.0,118.0,0.2369596081342448,-0.5592824412245693,0.5739077209571766,-0.5498938152743922,-0.0922485732854368,0.395,0.48,0.5,0.52,0.69,0
0.09972801450589303,0.20068630938096543,166.0,0.9822485207100592,169.0,0.9941176470588236,170.0,0.9883720930232558,0.09107303877366997,0.9431818181818182,176.0,1.0057142857142858,175.0,0.9831460674157304,178.0,1.0056497175141244,231.0,-0.3704642028668171,0.2125507621366416,115.0,116.0,0.22031901706301354,-0.6422249623857544,0.5040948224027766,-0.6932049784268715,-0.271597621140971,0.385,0.475,0.5,0.52,0.675,0
0.08612873980054397,0.1882827100420501,161.0,1.0592105263157894,152.0,0.9681528662420382,157.0,1.4272727272727272,0.08476104598737602,1.0127388535031847,157.0,0.9751552795031057,161.0,0.8994413407821229,179.0,1.028735632183908,267.0,-0.1837263804967482,0.3521425300618769,156.0,111.0,0.27931082855765516,-0.2108201185902056,0.750965990632778,-0.4263803289287862,0.2613109002563651,0.44,0.545,0.585,0.67,0.61,0
0.06799637352674524,0.17353163222290402,152.0,1.034013605442177,147.0,1.027972027972028,143.0,1.0070422535211268,0.07303877366997295,0.9864864864864865,148.0,1.0277777777777777,144.0,1.7349397590361446,83.0,0.4345549738219895,204.0,-0.3572492828082892,0.16875613614171842,102.0,102.0,0.2522928089662918,-0.4931378260912354,0.33729217999362804,-0.5941971943953541,-0.2466126243224242,0.335,0.405,0.505,0.57,0.755,0
0.038077969174977334,0.18946258299974256,109.0,0.9646017699115044,113.0,1.018018018018018,111.0,1.0,0.04238052299368801,0.9824561403508771,114.0,1.0363636363636364,110.0,0.9734513274336284,113.0,1.076190476190476,155.0,-0.1241543190739642,0.5000847271497707,77.0,78.0,0.28181841907148836,-0.436097475992853,0.669406384338677,-1.150291680869882,0.2324881639353284,0.295,0.46,0.5,0.545,0.81,0
0.07071622846781506,0.17631954448349968,153.0,1.0,153.0,1.0,153.0,1.0551724137931036,0.07844905320108206,1.0133333333333334,150.0,1.020408163265306,147.0,1.0068493150684932,146.0,1.0354609929078014,210.0,-0.2538625295884971,0.23460440124041848,104.0,106.0,0.314234232993131,-0.3209923885928347,0.4217503601975608,-0.55,-0.2200254852803857,0.345,0.46,0.495,0.575,0.8,0
0.06799637352674524,0.19232005164744367,139.0,0.9858156028368794,141.0,0.9929577464788732,142.0,0.9861111111111112,0.06672678088367899,0.9788732394366197,142.0,1.0,142.0,0.9403973509933776,151.0,1.0066666666666666,195.0,-0.2238252213805808,0.21815407768457215,98.0,97.0,0.3089024303298587,-0.3140507320309535,0.4127849737959181,-0.5119818989244566,-0.2181252238605539,0.345,0.47,0.505,0.575,0.815,0
0.08794197642792384,0.19088081413070618,161.0,0.9640718562874252,167.0,1.0569620253164558,158.0,1.0604026845637584,0.0811541929666366,0.9627329192546584,161.0,1.0662251655629138,151.0,1.0134228187919463,149.0,0.9430379746835444,213.0,-0.3131693508322952,0.2665306343171848,105.0,108.0,0.2764195254055998,-0.4682047754665969,0.4567515317234502,-0.5313356319966781,-0.1850118360299354,0.345,0.47,0.495,0.52,0.705,0
0.17135086128739802,0.2714220408790449,182.0,0.9680851063829788,188.0,1.032967032967033,182.0,1.0,0.09918845807033363,1.0802469135802468,162.0,1.0588235294117647,153.0,1.0,153.0,0.9683544303797468,322.0,-0.2347123541367879,0.3192797668853925,200.0,122.0,0.28851916632238755,-0.2573629963356204,0.6998513316369286,-0.4648941751355623,0.1287072791229021,0.505,0.585,0.62,0.71,0.645,0
0.1359927470534905,0.29140952440246465,145.0,0.9863945578231292,147.0,0.91875,160.0,1.0,0.0757439134355275,0.9490445859872612,157.0,0.9691358024691358,162.0,0.9700598802395208,167.0,1.04375,202.0,-0.0374386851244783,0.25387673594217713,98.0,104.0,0.3541562685775382,-0.0183765929986656,0.647606466505712,-0.1991762580302704,0.5133705194058783,0.295,0.44,0.49,0.605,0.505,0
0.08250226654578423,0.1817874498204099,162.0,0.9878048780487804,164.0,0.9820359281437124,167.0,0.9823529411764704,0.09287646528403967,0.9882352941176471,170.0,1.0240963855421688,166.0,1.01840490797546,163.0,1.044871794871795,233.0,-0.3701328110742755,0.08470919290399972,116.0,117.0,0.2710748047610567,-0.6027125659050859,0.25413997941749705,-0.4663725267923729,-0.3772450855844974,0.345,0.48,0.5,0.525,0.825,0
0.06527651858567543,0.17472165998470668,148.0,1.0,148.0,0.9736842105263158,152.0,1.0780141843971631,0.0757439134355275,1.0136054421768708,147.0,1.0352112676056338,142.0,1.0,142.0,1.0070921985815602,211.0,-0.2413165403438879,0.21969940133730154,107.0,104.0,0.3168542418129766,-0.3501746866789602,0.39674099345545083,-0.5251398931624873,-0.2049084734159814,0.355,0.475,0.505,0.575,0.805,0
0.019945602901178604,0.0536846800991107,240.0,1.4545454545454546,165.0,0.8967391304347826,184.0,1.0514285714285714,0.09828674481514878,0.9886363636363636,176.0,1.0602409638554218,166.0,1.064102564102564,156.0,1.0196078431372548,301.0,-0.1284411552588889,0.3661597804121105,180.0,121.0,0.30530619159112254,-0.1314504545706586,0.8149304510055206,-0.3933747373352169,0.4282815819141524,0.47,0.565,0.6,0.695,0.62,0
0.17407071622846781,0.2924410050613992,172.0,1.011764705882353,170.0,2.098765432098765,81.0,0.3616071428571428,0.08205590622182146,1.1063829787234043,141.0,1.036764705882353,136.0,0.9315068493150684,146.0,0.9668874172185432,232.0,-0.3206958339825478,0.34928683463815985,123.0,109.0,0.3721276916408142,-0.321359916908517,0.6167233117424537,-0.5406159921260849,0.1980538514384088,0.5,0.475,0.535,0.63,0.56,0
0.03445149592021759,0.16748677432387554,117.0,1.0636363636363635,110.0,1.0,110.0,1.0,0.03967538322813345,1.0186915887850467,107.0,0.963963963963964,111.0,1.0373831775700937,107.0,0.963963963963964,154.0,-0.3503493970982598,0.4689538402266913,78.0,76.0,0.24465182755690912,-0.632711942968218,0.6348968507348095,-1.181055449702102,0.0322836110929888,0.315,0.47,0.515,0.56,0.87,0
0.08794197642792384,0.17811819755485175,171.0,0.9884393063583816,173.0,1.0,173.0,1.0745341614906831,0.09648331830477908,1.029940119760479,167.0,1.04375,160.0,0.9876543209876544,162.0,1.0125,237.0,-0.2029473350870004,0.21918517256983816,117.0,120.0,0.2622932292269134,-0.5251224601537747,0.562427837291853,-0.4216095792117618,-0.11549032244697,0.38,0.47,0.495,0.52,0.685,0
0.04261106074342702,0.19497692418038923,111.0,1.018348623853211,109.0,0.981981981981982,111.0,0.9736842105263158,0.04328223624887286,1.036697247706422,109.0,1.0092592592592593,108.0,0.9908256880733946,109.0,0.9732142857142856,157.0,-0.1341444663794507,0.46773263466643905,78.0,79.0,0.3501736702389261,-0.3929534912837368,0.6839107387003309,-1.0139231913114848,0.3480344285488537,0.325,0.455,0.5,0.545,0.835,0
0.07524932003626474,0.17023943502144465,163.0,1.0,163.0,1.065359477124183,153.0,1.0132450331125828,0.08566275924256087,1.0126582278481013,158.0,1.0128205128205128,156.0,1.3,120.0,0.6779661016949152,226.0,-0.3583645239939061,0.12696826075855228,114.0,112.0,0.2635878309558181,-0.6107566080706761,0.30549808016702046,-0.4995192380118708,-0.3113786241118951,0.38,0.475,0.505,0.53,0.86,0
0.06618313689936536,0.1817874498204099,144.0,1.0285714285714285,140.0,1.0071942446043165,139.0,0.9788732394366196,0.06762849413886383,1.0218978102189782,137.0,0.9785714285714284,140.0,1.0071942446043165,139.0,0.9586206896551724,198.0,-0.3261925542093598,0.2109159935032928,100.0,98.0,0.2785009541807039,-0.4215339247084745,0.37305577386345906,-0.5941534675323424,0.0923873048317188,0.34,0.47,0.505,0.585,0.535,0
0.04895738893925657,0.1869304181598397,122.0,0.9606299212598424,127.0,1.0,127.0,1.040983606557377,0.060414788097385035,0.9635036496350365,137.0,1.0300751879699248,133.0,0.9779411764705882,136.0,0.9577464788732394,175.0,-0.0224425784139772,0.24743549354115088,83.0,92.0,0.37680839008607864,-0.2150704287963333,0.43329897852293586,-0.5396208545481641,0.3895486231084087,0.315,0.425,0.48,0.505,0.74,0
0.08522212148685404,0.1817874498204099,165.0,0.9880239520958084,167.0,0.9488636363636364,176.0,1.0057142857142858,0.09828674481514878,0.9942857142857143,175.0,1.0294117647058822,170.0,0.9497206703910616,179.0,1.0591715976331362,237.0,-0.1846154355352856,0.21714852012268174,116.0,121.0,0.28139804696097026,-0.4237621713463086,0.5810970200927684,-0.4470187121714298,-0.0037683156317516,0.335,0.47,0.49,0.515,0.695,0
0.04805077062556664,0.1784676501515715,126.0,0.9692307692307692,130.0,0.9701492537313432,134.0,1.0229007633587786,0.05590622182146077,1.0,127.0,0.9769230769230768,130.0,0.948905109489051,137.0,1.0223880597014925,175.0,-0.1578078405339095,0.2409911057486813,87.0,88.0,0.30517252826619834,-0.3400209774170623,0.39263148484565785,-0.6116745556823564,0.1869989088254428,0.33,0.44,0.505,0.53,0.745,0
0.056210335448776065,0.1817874498204099,133.0,1.0310077519379846,129.0,1.048780487804878,123.0,0.9919354838709676,0.06853020739404869,1.0601503759398496,133.0,1.0390625,128.0,0.9696969696969696,132.0,0.9705882352941176,193.0,-0.0193074127891245,0.19359322099310552,95.0,98.0,0.3712601198023035,-0.1682718049257998,0.5222358483519689,-0.2376559122976054,0.1417845476166462,0.325,0.46,0.495,0.52,0.705,0
0.13961922030825022,0.4004415280088983,110.0,1.0,110.0,0.9821428571428572,112.0,1.018181818181818,0.04418394950405771,1.0363636363636364,110.0,0.9821428571428572,112.0,0.4912280701754385,228.0,2.303030303030303,156.0,0.3769942746324379,0.4767789587460801,77.0,79.0,0.41114336028088,0.1403015072585887,0.8717429712247234,-0.3992588100768749,0.9895082317778676,0.3,0.455,0.495,0.54,0.805,0
0.08612873980054397,0.1882827100420501,161.0,1.087837837837838,148.0,1.034965034965035,143.0,1.0214285714285714,0.08476104598737602,1.096551724137931,145.0,1.95945945945946,74.0,0.3245614035087719,228.0,1.4805194805194806,224.0,-0.1720685542857021,0.3181025500526604,113.0,111.0,0.32262201741511537,-0.207778067835891,0.6034604071214821,0.1422405860004459,0.1422405860004459,0.335,0.46,0.51,0.54,0.54,0
0.11695376246600181,0.24603533752910464,153.0,1.3421052631578947,114.0,0.5352112676056338,213.0,1.339622641509434,0.0793507664562669,1.0,153.0,1.4433962264150944,106.0,0.4930232558139535,215.0,1.5467625899280577,207.0,-0.2529242589577832,0.37129419979105643,100.0,107.0,0.2852594982224473,-0.2598289776124277,0.6098526507467834,-0.4414136871068079,0.1759704825792762,0.34,0.43,0.485,0.59,0.52,0
0.04170444242973708,0.19921639808181113,108.0,0.9310344827586208,116.0,1.0740740740740742,108.0,0.9473684210526316,0.04238052299368801,0.4827586206896552,232.0,2.109090909090909,110.0,0.9821428571428572,112.0,1.0,152.0,-0.0990396601865385,0.510904306914515,74.0,78.0,0.306093840882832,-0.4489853483851699,0.7627166441970933,-0.8681605835382824,0.3933996203424391,0.3,0.45,0.49,0.535,0.855,0
0.09882139619220308,0.18063193943843853,181.0,1.0168539325842696,178.0,1.04093567251462,171.0,0.9395604395604396,0.09107303877366997,0.9378531073446328,177.0,0.9833333333333332,180.0,1.0227272727272727,176.0,0.9887640449438202,235.0,-0.1565748813859872,0.2077977996989961,119.0,116.0,0.280893792564516,-0.3872278000107459,0.5874003148014643,-0.5414184557506376,-0.1394436687419755,0.41,0.49,0.51,0.53,0.675,0
0.08068902991840435,0.2714220408790449,112.0,0.5463414634146342,205.0,1.21301775147929,169.0,1.0628930817610065,0.08836789900811542,0.9878787878787879,165.0,1.064516129032258,155.0,1.0064935064935066,154.0,0.9685534591194968,228.0,-0.3756539103359803,0.09956745853304214,114.0,114.0,0.2572745719265434,-0.5628548155598816,0.29940971641443787,-0.4944656864996853,-0.3153041124941196,0.36,0.475,0.5,0.52,0.825,0
0.06890299184043518,0.1789801024494459,149.0,0.9738562091503268,153.0,1.06993006993007,143.0,1.0437956204379562,0.02164111812443643,0.4472361809045226,199.0,1.3630136986301369,146.0,1.042857142857143,140.0,1.0144927536231885,165.0,-0.1994218414022383,0.2291743322968177,103.0,62.0,0.30907258106802277,-0.3056497260289923,0.40166328575446053,-0.4688931280320724,0.7907994567128587,0.42,0.58,0.625,0.71,0.64,0
0.1359927470534905,0.18466562476265969,218.0,2.056603773584906,106.0,0.9298245614035088,114.0,1.0555555555555556,0.03967538322813345,0.956140350877193,114.0,0.5158371040723982,221.0,1.0184331797235022,217.0,1.0,150.0,-0.0347441901520197,0.5087735434447884,74.0,76.0,0.34057037937967255,-0.3767408143509134,0.7622092559525124,-0.9471817828975604,0.6486159018546483,0.31,0.45,0.495,0.535,0.83,0
0.07524932003626474,0.17521048821233393,159.0,1.0,159.0,1.0,159.0,0.9352941176470588,0.09558160504959423,1.0118343195266273,169.0,1.0,169.0,1.0,169.0,1.049689440993789,252.0,-0.3899404770476832,0.08274849213377156,133.0,119.0,0.2418737444676807,-0.6516310258667597,0.27081852541645784,-0.5101598489549822,-0.2880860248303545,0.39,0.505,0.53,0.55,0.85,0
0.04986400725294651,0.09242447873467985,220.0,1.9469026548672568,113.0,1.0462962962962965,108.0,0.9473684210526316,0.026149684400360685,0.7014925373134329,134.0,1.1964285714285714,112.0,1.0,112.0,1.0,139.0,0.4707270631029593,0.4921533203895629,74.0,65.0,0.44742869311085043,0.0805626502548154,0.8904654130925213,-0.387407906596373,1.055890936680008,0.305,0.485,0.535,0.585,0.87,0
0.0942883046237534,0.1817874498204099,175.0,0.9831460674157304,178.0,1.0787878787878789,165.0,1.0060975609756098,0.09558160504959423,1.0301204819277108,166.0,0.9595375722543352,173.0,1.0,173.0,0.9558011049723756,244.0,-0.2095174078748987,0.21864528510684542,125.0,119.0,0.26454455012353095,-0.462737421638461,0.57407710294454,-0.4311604427535347,-0.1992115657334799,0.33,0.49,0.515,0.535,0.885,0
0.05893019038984588,0.1688058883567455,145.0,0.9863945578231292,147.0,1.0425531914893618,141.0,1.0217391304347827,0.05320108205590622,1.0,124.0,1.0,124.0,1.008130081300813,123.0,0.9761904761904762,174.0,-0.2359713379096581,0.2617946016855554,88.0,86.0,0.27845702904376163,-0.4839041358671778,0.33948002515996295,-0.8710297245846493,0.1827923007123517,0.34,0.465,0.51,0.565,0.78,0
0.0843155031731641,0.17803031127304192,167.0,0.9597701149425288,174.0,1.870967741935484,93.0,0.335740072202166,0.08385933273219116,0.9575757575757575,165.0,1.012269938650307,163.0,1.065359477124183,153.0,1.9870129870129871,219.0,-0.3640156287149456,0.32785223576209394,109.0,110.0,0.3371471593600595,-0.4099497487437185,0.5940979843795405,-0.6181601477680576,-0.0277725514290754,0.465,0.44,0.5,0.64,0.535,0
0.03173164097914778,0.17418209057907116,110.0,1.02803738317757,107.0,0.9224137931034484,116.0,1.0740740740740742,0.026149684400360685,0.7121212121212122,132.0,1.2222222222222223,108.0,1.018867924528302,106.0,0.9814814814814816,151.0,-0.172916520047146,0.6382931969693967,86.0,65.0,0.32544315351790254,-0.3193738536304006,0.7713576378760079,-0.8464452642791758,0.6640848379017448,0.365,0.53,0.575,0.62,0.925,0
0.0843155031731641,0.18972975535725095,158.0,1.0193548387096774,155.0,0.981012658227848,158.0,0.9875,0.08566275924256087,0.9467455621301775,169.0,0.9883040935672516,171.0,0.9553072625698324,179.0,1.046783625730994,226.0,-0.2781244720595553,0.2403807695762828,114.0,112.0,0.2502605131198507,-0.6378311826027505,0.5954848311232994,-0.4535973123786861,-0.2368086557246935,0.355,0.48,0.505,0.53,0.685,0
0.08975521305530372,0.17935550355137717,172.0,0.9502762430939228,181.0,1.0402298850574712,174.0,1.0545454545454545,0.1036970243462579,1.0909090909090908,165.0,1.0060975609756098,164.0,0.9820359281437124,167.0,0.9597701149425288,250.0,-0.1984067179632049,0.23401003147817065,125.0,125.0,0.27185936218014267,-0.5382846882547878,0.6146920067066132,-0.4335848262749722,-0.1735315141823775,0.325,0.475,0.5,0.525,0.68,0
0.09791477787851315,0.18415069704229478,177.0,0.99438202247191,178.0,1.0171428571428571,175.0,1.0057471264367817,0.09738503155996393,1.005813953488372,172.0,1.0,172.0,1.011764705882353,170.0,0.9826589595375722,242.0,-0.2202725574490349,0.21857474592328124,121.0,121.0,0.2570399760270854,-0.4749560535467995,0.5626476018591733,-0.504671194170312,-0.1224580101336773,0.385,0.48,0.505,0.525,0.685,0
0.06255666364460562,0.1773997425657914,143.0,1.0,143.0,1.349056603773585,106.0,0.5247524752475248,0.08025247971145176,0.9506172839506173,162.0,0.9700598802395208,167.0,1.0,167.0,1.030864197530864,266.0,-0.2594882033227128,0.3014708048348835,159.0,107.0,0.28113281046630584,-0.3092425368060274,0.6312497422565454,-0.513383824032889,-0.1316038050161099,0.47,0.56,0.6,0.69,0.64,0
0.09519492293744333,0.19846791564113747,163.0,0.9939024390243902,164.0,0.9820359281437124,167.0,0.9597701149425288,0.08025247971145176,0.9871794871794872,156.0,0.9873417721518988,158.0,0.9575757575757576,165.0,1.012269938650307,212.0,-0.3688365734754633,0.4036053953171918,105.0,107.0,0.24878328611592695,-0.4045240744265097,0.6631413167994858,-0.6081933958027981,-0.2145519184936007,0.35,0.435,0.495,0.62,0.545,0
0.09156844968268359,0.1855001251897025,169.0,1.0696202531645569,158.0,1.0,158.0,1.025974025974026,0.0739404869251578,1.0,147.0,1.7926829268292683,82.0,0.3430962343096234,239.0,1.5031446540880504,216.0,-0.1735167470579789,0.35871100020158786,114.0,102.0,0.41744568197286114,-0.1986921386619877,0.715714866055342,-0.3887223077011084,0.2482213907166935,0.5,0.475,0.53,0.64,0.555,0
0.06255666364460562,0.18636731943654455,137.0,0.9856115107913668,139.0,0.952054794520548,146.0,0.9605263157894736,0.06762849413886383,0.9790209790209791,143.0,0.9794520547945206,146.0,0.9931972789115646,147.0,0.9671052631578948,196.0,-0.2279150753820713,0.223166017891887,98.0,98.0,0.3350037001839976,-0.2974839645137879,0.4214503267027248,-0.6045182310697004,-0.2071066466858983,0.34,0.465,0.5,0.58,0.81,0
0.06890299184043518,0.19068733829431692,141.0,1.0217391304347827,138.0,1.0,138.0,0.9583333333333334,0.06853020739404869,1.0071428571428571,140.0,1.0,140.0,1.0144927536231885,138.0,0.9387755102040816,196.0,-0.2283576198253789,0.2236605123272958,98.0,98.0,0.3246164433144052,-0.3151963303116223,0.40532230018056575,-0.5503119154651404,-0.1894781405274196,0.345,0.47,0.505,0.605,0.76,0
0.038984587488667274,0.18744008168897244,111.0,1.018348623853211,109.0,1.028301886792453,106.0,0.9636363636363636,0.0387736699729486,0.9818181818181818,110.0,1.0185185185185186,108.0,0.9642857142857144,112.0,1.0,155.0,-0.0036804372436358,0.4941019077152432,80.0,75.0,0.3807432056876238,-0.2256895116072003,0.7883603271116052,-0.9672358710004564,0.3959266863461012,0.34,0.475,0.515,0.56,0.84,0
0.06255666364460562,0.1718280508138949,147.0,1.013793103448276,145.0,0.9797297297297296,148.0,1.0,0.0703336339044184,0.9794520547945206,146.0,1.0,146.0,1.028169014084507,142.0,1.0070921985815602,200.0,-0.2341697535522319,0.20322259653512498,100.0,100.0,0.30733377529059674,-0.2890622689422503,0.3977400696384568,-0.445,0.6925016269235214,0.34,0.465,0.5,0.57,0.515,0
0.07343608340888486,0.19810391202257277,141.0,1.0071428571428571,140.0,1.0218978102189782,137.0,1.6506024096385543,0.06943192064923355,1.0070921985815602,141.0,1.0,141.0,1.014388489208633,139.0,0.9586206896551724,198.0,-0.2282765046745271,0.21744257086774624,99.0,99.0,0.3230478290696895,-0.3100207542777169,0.4191980003375889,-0.5129896065866564,-0.1802352986885296,0.35,0.47,0.5,0.58,0.75,0
0.09519492293744333,0.17943747926831083,178.0,1.065868263473054,167.0,0.9940476190476192,168.0,0.9824561403508772,0.09828674481514878,1.0116279069767442,172.0,1.0,172.0,1.0058479532163742,171.0,0.9344262295081968,245.0,-0.2249767972417553,0.18741441590955854,124.0,121.0,0.2758444637928619,-0.4788108537434842,0.5202669557559148,-0.5246934779206283,-0.1558743278295338,0.36,0.485,0.51,0.53,0.67,0
0.13780598368087035,0.1875703266629025,217.0,0.9475982532751092,229.0,1.0504587155963303,218.0,2.3956043956043955,0.13796212804328223,1.9292035398230087,113.0,1.0560747663551402,107.0,0.9727272727272728,110.0,0.9734513274336284,229.0,-0.0444121686650652,0.6499962575004015,77.0,152.0,0.5141320342685044,-0.2925436262873681,0.8616563508152296,-0.4031685578124182,-0.1627206226304197,0.54,0.795,0.82,0.855,0.975,0
0.07252946509519492,0.1804114802208256,152.0,0.95,160.0,0.9523809523809524,168.0,1.0566037735849056,0.06943192064923355,0.9793103448275862,145.0,0.9602649006622516,151.0,1.0633802816901408,142.0,1.0,202.0,-0.3805902676409556,0.10479439417619935,103.0,99.0,0.2604345676634189,-0.6198314628248338,0.31104178445903685,-0.5157400205123944,-0.3252787055593151,0.37,0.49,0.515,0.535,0.845,0
0.06255666364460562,0.1759778003999428,144.0,0.96,150.0,0.9803921568627452,153.0,1.0551724137931036,0.0721370604147881,0.9797297297297297,148.0,1.0136986301369864,146.0,1.006896551724138,145.0,1.0283687943262412,199.0,-0.1284583087100172,0.187633817402029,98.0,101.0,0.3231553873872644,-0.2289449382683901,0.41645567956915613,-0.343634792328262,-0.0686907891835822,0.335,0.455,0.495,0.56,0.76,0
0.09338168631006347,0.18545670208596807,171.0,1.0363636363636364,165.0,0.9482758620689656,174.0,0.9405405405405406,0.09197475202885483,0.8978494623655914,186.0,1.0391061452513966,179.0,1.028735632183908,174.0,0.9942857142857144,232.0,-0.1569038891242103,0.24947966580493403,116.0,116.0,0.28266829809245936,-0.5052811663487233,0.682036667325851,-0.4056114231722373,-0.052670223032682,0.39,0.48,0.505,0.525,0.67,0
0.06346328195829556,0.16923860707220098,150.0,1.0135135135135136,148.0,1.0068027210884354,147.0,0.9735099337748344,0.07303877366997295,0.948051948051948,154.0,1.0198675496688745,151.0,1.0272108843537415,147.0,1.0352112676056338,201.0,-0.191789658546645,0.22006320562824722,99.0,102.0,0.31755265678934297,-0.2685767234897929,0.42880257506884045,-0.4736649951129612,-0.1948586011547403,0.335,0.46,0.495,0.56,0.81,0
0.03445149592021759,0.1798861100100752,110.0,0.9649122807017544,114.0,1.027027027027027,111.0,1.018348623853211,0.04238052299368801,0.9739130434782609,115.0,1.0648148148148149,108.0,0.9818181818181818,110.0,1.0185185185185186,155.0,-0.0520209090811659,0.48028178690814866,77.0,78.0,0.37115473992932574,-0.3423333695235283,0.7456676086111015,-0.877392817272531,0.4201649309827903,0.32,0.46,0.5,0.545,0.83,0
0.012692656391659111,0.04959906300666532,231.0,1.5503355704697988,149.0,0.9612903225806452,155.0,0.9872611464968152,0.07664562669071236,0.9036144578313253,166.0,1.006060606060606,165.0,0.9705882352941176,170.0,0.9826589595375722,212.0,-0.153534615969985,0.31292243190563745,107.0,105.0,0.3091945953194348,-0.1687591541370859,0.610425633833943,-0.3462259055801888,0.255119245200967,0.355,0.465,0.505,0.6,0.535,0
0.050770625566636446,0.1817874498204099,127.0,1.016,125.0,0.992063492063492,126.0,0.9767441860465116,0.062218214607754736,1.0387596899224807,129.0,0.9923076923076924,130.0,0.9701492537313432,134.0,1.0075187969924813,190.0,0.0813524884799975,0.24755551820576174,97.0,93.0,0.39495496067989355,-0.1060216254166601,0.498778165139513,-0.3672032705345701,0.4244889396963291,0.36,0.48,0.515,0.54,0.73,0
0.09338168631006347,0.19319548868241795,165.0,1.0,165.0,0.9880239520958084,167.0,0.9488636363636364,0.09197475202885483,0.9597701149425287,174.0,0.9942857142857144,175.0,1.0294117647058822,170.0,0.9497206703910616,230.0,-0.1763057320791529,0.243013809416279,114.0,116.0,0.27653305954396606,-0.4855002023410971,0.6437190877183938,-0.3873194033413718,-0.0453486175252745,0.38,0.475,0.5,0.525,0.695,0
0.08522212148685404,0.1817874498204099,165.0,2.142857142857143,77.0,0.3195020746887966,241.0,1.4345238095238095,0.0829576194770063,0.9874213836477987,159.0,0.9352941176470588,170.0,1.827956989247312,93.0,0.3522727272727273,274.0,-0.0782015862527463,0.34931807076494437,165.0,109.0,0.32037118173530876,-0.056549912846245,0.773772890329125,-0.3156716258498654,0.5089467389643205,0.47,0.57,0.605,0.68,0.625,0
0.13508612873980055,0.3762578198949923,114.0,1.0363636363636364,110.0,1.0091743119266054,109.0,0.981981981981982,0.04238052299368801,0.5022421524663677,223.0,2.1650485436893203,103.0,0.8306451612903226,124.0,1.2916666666666667,155.0,-0.5932067395335312,0.5449880923498236,77.0,78.0,0.18378001974449817,-0.999375126502256,0.5865001958812857,-1.5579014941590348,-0.1926436329121733,0.335,0.465,0.505,0.55,0.895,0
0.07887579329102448,0.1817874498204099,158.0,1.0,158.0,0.9937106918238994,159.0,0.9464285714285714,0.08566275924256087,0.9696969696969697,165.0,0.9649122807017544,171.0,1.0118343195266273,169.0,1.0242424242424242,221.0,-0.2759126316732667,0.0995512733867601,109.0,112.0,0.2899388983505289,-0.5246591917079814,0.3372122197276291,-0.3492610808472218,-0.2396198222102009,0.37,0.47,0.495,0.515,0.84,0
0.09791477787851315,0.18904111614885435,173.0,1.0484848484848486,165.0,0.9649122807017544,171.0,1.0426829268292683,0.09467989179440937,1.0,170.0,0.9941520467836256,171.0,0.9661016949152542,177.0,0.9725274725274724,232.0,-0.2051801151153288,0.21571731873940808,114.0,118.0,0.27533433492036774,-0.4292814891112898,0.5477859031372502,-0.5130291025102311,-0.1228577074577762,0.325,0.47,0.495,0.515,0.67,0
0.08975521305530372,0.20351704765280626,154.0,1.0620689655172413,145.0,0.9666666666666668,150.0,0.9615384615384616,0.07844905320108206,1.0,152.0,0.9681528662420382,157.0,0.9631901840490796,163.0,0.9819277108433736,214.0,-0.1660222641434937,0.391101030589269,108.0,106.0,0.4738210992316116,-0.1888422713716679,0.7378099936088947,-0.3998486243369163,0.1814916267135997,0.48,0.445,0.51,0.625,0.54,0
0.0371713508612874,0.18953364904769932,108.0,0.9818181818181818,110.0,1.02803738317757,107.0,0.9553571428571428,0.04508566275924256,1.0087719298245614,114.0,1.0555555555555556,108.0,0.9391304347826088,115.0,0.5275229357798165,231.0,-0.0272386215933096,0.6182695375602701,151.0,80.0,0.8979944567461258,-0.3207137844090041,0.9063401222183989,-0.5014479537037801,-0.5014479537037801,0.17,0.15,0.18,0.215,0.215,0
0.08250226654578423,0.18844819437890717,157.0,1.0,157.0,1.0827586206896551,145.0,0.9666666666666668,0.08205590622182146,1.0263157894736843,152.0,1.0066225165562914,151.0,0.9805194805194806,154.0,0.9625,219.0,-0.3034244051519404,0.1034378495686984,110.0,109.0,0.2850195479522567,-0.5242008187478894,0.33964983105286084,-0.3419009451691648,-0.2733766317540469,0.365,0.48,0.505,0.525,0.845,0
0.08703535811423391,0.17570758414782808,172.0,0.9772727272727272,176.0,0.9777777777777776,180.0,0.967741935483871,0.10640216411181244,0.9891891891891892,185.0,1.0511363636363635,176.0,1.0,176.0,1.0476190476190477,255.0,-0.1486772425053635,0.18554046867326465,127.0,128.0,0.29233298382943024,-0.3903484853942413,0.5540684157480616,-0.4735531408391662,-0.0398535761818305,0.4,0.475,0.5,0.52,0.68,0
0.033544877606527655,0.17077969302373544,114.0,1.0178571428571428,112.0,0.9572649572649572,117.0,1.054054054054054,0.1424706943192065,2.2525252525252526,99.0,0.8048780487804879,123.0,1.0789473684210529,114.0,1.0458715596330277,235.0,-0.1031731962796801,0.6395331204445969,79.0,156.0,0.4703674298395916,-0.2688784366316519,0.9026585821905797,-0.4922719088638099,-0.2737222967070432,0.58,0.775,0.815,0.845,0.985,0
0.0942883046237534,0.1759778003999428,180.0,1.0112359550561798,178.0,1.0,178.0,1.04093567251462,0.09648331830477908,1.029940119760479,167.0,1.0,167.0,0.9823529411764704,170.0,0.9941520467836256,244.0,-0.2444584995253881,0.2206706726377437,124.0,120.0,0.2549399189708182,-0.4802745171311896,0.5827090916112007,-0.4850936520040723,-0.0413125439831926,0.34,0.49,0.51,0.53,0.7,0
0.06708975521305531,0.18471258799015555,143.0,0.959731543624161,149.0,0.9933333333333332,150.0,1.0,0.09017132551848513,0.953757225433526,173.0,0.9829545454545454,176.0,0.9565217391304348,184.0,1.010989010989011,225.0,-0.2163301682084226,0.19285589109953186,110.0,115.0,0.2672816537961198,-0.5045888276887425,0.5088045682485213,-0.5133992920675075,-0.0656892419205969,0.39,0.47,0.49,0.515,0.76,0
0.09610154125113328,0.1866232273727062,173.0,1.0236686390532543,169.0,1.005952380952381,168.0,1.0,0.09738503155996393,0.9829545454545454,176.0,0.9887640449438202,178.0,0.9319371727748692,191.0,1.0105820105820107,239.0,-0.1488074298697471,0.18481552962908523,118.0,121.0,0.28686877300169217,-0.4134051918539584,0.519273358731426,-0.530265911500465,-0.0878169313579129,0.39,0.475,0.495,0.515,0.66,0
0.030825022665457842,0.17048218608328478,111.0,1.1326530612244898,98.0,0.7903225806451613,124.0,1.0973451327433628,0.0387736699729486,0.9642857142857143,112.0,0.9824561403508772,114.0,1.0458715596330277,109.0,0.981981981981982,152.0,-0.6478485767807786,0.5335721205277916,77.0,75.0,0.19732186920199482,-0.8502839634114028,0.5892775960051655,-1.3902252433157538,-0.1903799965375306,0.315,0.47,0.51,0.555,0.89,0
0.07071622846781506,0.19209753189053455,142.0,1.0289855072463767,138.0,0.9928057553956836,139.0,0.9928571428571428,0.07123534715960325,1.0285714285714285,140.0,1.037037037037037,135.0,0.9507042253521126,142.0,0.993006993006993,203.0,-0.2138464012078367,0.22186590420304175,103.0,100.0,0.3163067721819985,-0.2821055722522242,0.42081292063278525,-0.4722241177697823,-0.1787166891528244,0.345,0.475,0.51,0.585,0.77,0
0.07252946509519492,0.1804114802208256,152.0,1.0555555555555556,144.0,1.0434782608695652,138.0,0.971830985915493,0.0721370604147881,0.9931506849315068,146.0,1.042857142857143,140.0,0.9929078014184396,141.0,0.9791666666666666,206.0,-0.1419290974184354,0.19738803210344208,105.0,101.0,0.33555675667201484,-0.2145037688616247,0.43613874550453635,-0.4055193084396977,-0.1267896133607731,0.355,0.475,0.51,0.58,0.825,0
0.0371713508612874,0.07863331259908483,221.0,2.104761904761905,105.0,0.9545454545454546,110.0,0.9649122807017544,0.0351668169522092,0.9285714285714286,112.0,1.0,112.0,1.018181818181818,110.0,1.02803738317757,227.0,-0.0127388322322973,0.519938882149392,155.0,72.0,0.4277552384467635,-0.235076218856104,0.7408582282131,-0.8290262102058659,-0.0247372877273572,0.445,0.65,0.68,0.715,0.855,0
0.032638259292837715,0.17608343038940585,110.0,0.5069124423963134,217.0,0.9774774774774776,222.0,1.0325581395348835,0.13525698827772767,0.9862385321100917,218.0,0.9688888888888888,225.0,1.0,225.0,1.0514018691588785,304.0,-0.3555103773281736,0.6697988589905132,154.0,150.0,0.17286164906725843,-0.6441560301848885,0.770978126799254,-0.8446068841232366,-0.8446068841232366,0.11,0.125,0.145,0.17,0.17,0
0.061650045330915684,0.18029353996943262,140.0,1.0218978102189782,137.0,0.9647887323943662,142.0,0.9793103448275862,0.06311992786293959,0.9712230215827338,139.0,0.9788732394366196,142.0,0.9726027397260274,146.0,0.9605263157894736,192.0,-0.2351210579991196,0.16827012639516697,98.0,94.0,0.30393628982805865,-0.3033900889673261,0.37548302884167284,-0.4541531890089204,-0.2385813803903854,0.35,0.475,0.515,0.585,0.88,0
0.05893019038984588,0.17727347760882395,139.0,0.9788732394366196,142.0,0.9659863945578232,147.0,0.9865771812080536,0.0703336339044184,0.9862068965517241,145.0,1.0,145.0,0.9731543624161074,149.0,0.9802631578947368,198.0,-0.1785782737435503,0.22081924229315159,98.0,100.0,0.32412525989445146,-0.2386965097338673,0.4434300923153053,-0.4411767558240348,-0.1493240726562839,0.33,0.46,0.495,0.57,0.8,0
0.08522212148685404,0.18052752584970622,166.0,0.9378531073446328,177.0,1.0172413793103448,174.0,1.0,0.1055004508566276,1.0167597765363128,179.0,1.0,179.0,1.0346820809248556,173.0,0.9829545454545454,260.0,-0.22747331419868,0.18043659718995206,133.0,127.0,0.26434288927353516,-0.4931613802145455,0.5310766780232903,-0.556771943158662,-0.1351057518764608,0.41,0.49,0.515,0.535,0.68,0
0.08340888485947416,0.1817874498204099,163.0,0.987878787878788,165.0,1.0377358490566038,,1.0192307692307692,0.09017132551848513,1.0060975609756098,164.0,0.993939393939394,165.0,1.375,120.0,0.5853658536585366,227.0,-0.35943698753857,0.08146505382077322,112.0,115.0,0.2613194154127551,-0.6070862751593402,0.2641479962105873,-0.4958929605828692,-0.3131832068392548,0.335,0.475,0.495,0.515,0.815,0
0.08522212148685404,0.19385364477061076,156.0,0.968944099378882,161.0,1.0125786163522013,159.0,0.9695121951219512,0.08566275924256087,0.9580838323353293,167.0,0.9766081871345028,171.0,1.0239520958083832,167.0,0.9823529411764704,221.0,-0.2892364699002145,0.09460283675740375,109.0,112.0,0.29118678351991856,-0.4961319927965128,0.3262403118230636,-0.4545267370623635,-0.2538974948595351,0.38,0.475,0.495,0.515,0.82,0
0.06708975521305531,0.18772070880301459,141.0,1.0444444444444445,135.0,1.062992125984252,127.0,1.0,0.06402164111812443,0.9784172661870504,139.0,1.0,139.0,1.037313432835821,134.0,1.0387596899224807,194.0,-0.0445194595580493,0.2522224335007596,99.0,95.0,0.36791126809987784,-0.2820447231190119,0.4517297301632522,-0.4848427191939462,0.2778520936417948,0.35,0.45,0.515,0.54,0.74,0
0.07343608340888486,0.18744008168897244,148.0,1.6629213483146068,89.0,0.4472361809045226,199.0,1.3630136986301369,0.07484220018034266,1.0,148.0,1.0571428571428572,140.0,1.037037037037037,135.0,0.9507042253521126,204.0,-0.1989850787792089,0.2173248425809685,101.0,103.0,0.32936921401455316,-0.2747166800519224,0.4192936514258283,-0.4756326013233684,-0.1711710800820215,0.33,0.465,0.495,0.57,0.81,0
0.08975521305530372,0.169076835618725,181.0,1.0773809523809523,168.0,1.0434782608695652,161.0,0.9640718562874252,0.07664562669071236,1.0,150.0,0.967741935483871,155.0,0.9627329192546584,161.0,1.0662251655629138,209.0,-0.0734329199715013,0.2485545074409259,104.0,105.0,0.27472247746070017,-0.4130764061338643,0.5241931239195115,-0.266764886626299,0.1745330250288315,0.355,0.47,0.5,0.525,0.715,0
0.06527651858567543,0.1817874498204099,143.0,0.9794520547945206,146.0,1.0,146.0,1.028169014084507,0.07484220018034266,1.0136986301369864,146.0,1.042857142857143,140.0,1.0294117647058822,136.0,1.0074074074074073,207.0,-0.2190511949794556,0.20466704470955976,104.0,103.0,0.3508016099357546,-0.2746994353231377,0.3935757611742315,-0.4944712454887213,-0.134605899724104,0.355,0.47,0.505,0.58,0.805,0
0.08975521305530372,0.19910538567250285,157.0,1.0064102564102564,156.0,1.0,156.0,0.934131736526946,0.08205590622182146,0.9873417721518988,158.0,1.4766355140186915,107.0,0.5194174757281553,206.0,1.2261904761904765,219.0,-0.2409835415397911,0.09186876490067744,110.0,109.0,0.30068506391843275,-0.4037925950425122,0.3016489781415728,-0.3611801086105838,-0.2299383076421042,0.33,0.48,0.505,0.525,0.855,0
0.09882139619220308,0.17504076017083522,186.0,1.0,186.0,1.0391061452513966,179.0,1.0112994350282485,0.09377817853922453,1.005952380952381,168.0,0.9130434782608696,184.0,1.0279329608938548,179.0,1.022857142857143,241.0,-0.2993913665792581,0.23985913642791346,123.0,118.0,0.23982739926851998,-0.6328080587542187,0.6152828328763292,-0.4806621374732285,-0.1886753754175192,0.345,0.485,0.51,0.535,0.685,0
0.10516772438803264,0.185197461436771,184.0,1.010989010989011,182.0,1.0167597765363128,179.0,1.0346820809248556,0.09648331830477908,1.029940119760479,167.0,1.0245398773006136,163.0,0.9157303370786516,178.0,1.0,243.0,-0.3013920600096675,0.18173125911928634,123.0,120.0,0.2374809958538259,-0.5141459167828153,0.4600854592429399,-0.686886523596522,-0.2401628788284481,0.4,0.485,0.505,0.525,0.68,0
0.08068902991840435,0.19279520661708435,152.0,0.9806451612903224,155.0,1.0264900662251657,151.0,0.9320987654320988,0.08476104598737602,1.0063291139240507,158.0,0.9813664596273292,161.0,0.9757575757575756,165.0,0.9880239520958084,217.0,-0.3459099085939834,0.08616240412235843,106.0,111.0,0.2571233976794063,-0.6026551829737279,0.2611862318848927,-0.4432090123900916,-0.2923273045584222,0.355,0.465,0.49,0.515,0.795,0
0.08975521305530372,0.18554458836777787,167.0,1.050314465408805,159.0,0.9814814814814816,162.0,0.9204545454545454,0.09648331830477908,0.91005291005291,189.0,1.0,189.0,1.0617977528089888,178.0,1.0229885057471264,238.0,-0.1997636765882212,0.19687283437905762,118.0,120.0,0.2734097968632107,-0.49186931748233,0.5207660155811867,-0.5399857511209024,-0.0440770408448226,0.34,0.475,0.5,0.52,0.685,0
0.032638259292837715,0.16556049799082945,116.0,1.0740740740740742,108.0,0.4909090909090909,220.0,2.156862745098039,0.0387736699729486,1.0188679245283019,106.0,0.9814814814814816,108.0,0.9391304347826088,115.0,1.116504854368932,167.0,-0.301333456388034,0.6087908426506514,92.0,75.0,0.3231649608473028,-0.4235229364535295,0.7049494668789011,-1.0949339545906178,0.3253783510021228,0.37,0.52,0.555,0.595,0.84,0
0.08340888485947416,0.1857089631792252,160.0,0.9467455621301776,169.0,0.9883040935672516,171.0,0.9553072625698324,0.09377817853922453,0.976878612716763,173.0,1.0236686390532543,169.0,1.0368098159509205,163.0,1.0124223602484472,231.0,-0.2316929627353638,0.2065154825706759,113.0,118.0,0.25847251294028883,-0.562664905551248,0.5623830383009458,-0.5011487479683737,-0.2243535223213786,0.38,0.465,0.49,0.51,0.665,0
0.11242067089755213,0.2598494997799254,142.0,0.9594594594594594,148.0,0.9866666666666668,150.0,0.8928571428571429,0.08656447249774572,1.6428571428571428,98.0,0.4355555555555555,225.0,1.2784090909090908,176.0,1.6923076923076923,219.0,-0.0935126711247733,0.33854757575681516,107.0,112.0,0.33176212190999305,-0.1053516134442425,0.7100439434943118,-0.2283356856031679,0.2672002126211525,0.32,0.435,0.49,0.575,0.52,0
0.06618313689936536,0.18776308922431886,140.0,1.0218978102189782,137.0,0.9785714285714284,140.0,1.0071942446043165,0.0703336339044184,1.0214285714285714,140.0,1.0071942446043165,139.0,0.9652777777777778,144.0,0.979591836734694,203.0,-0.2448136651676118,0.2166954778937437,103.0,100.0,0.30079936828552334,-0.3097039661477587,0.39837806361881206,-0.5017453743291118,-0.1977396128103101,0.34,0.47,0.505,0.58,0.765,0
0.07343608340888486,0.1889013062536349,147.0,1.027972027972028,143.0,1.0070422535211268,142.0,0.9861111111111112,0.07484220018034266,1.0277777777777777,144.0,1.7349397590361446,83.0,0.4345549738219895,191.0,1.3356643356643356,205.0,-0.1968523405566623,0.18227071778745815,102.0,103.0,0.3077850104412305,-0.310170034440053,0.38951531695055724,-0.4015476392931986,-0.1425616098720053,0.335,0.435,0.5,0.57,0.85,0
0.08703535811423391,0.1793123329075482,169.0,1.005952380952381,168.0,0.9824561403508772,171.0,1.0239520958083832,0.09377817853922453,1.0180722891566265,166.0,1.106666666666667,150.0,1.020408163265306,147.0,0.98,290.0,-0.2101854964843889,0.3136088892054576,172.0,118.0,0.2845211690909588,-0.2598918171834673,0.6502133127832569,-0.4353023374724514,-0.1553527780521756,0.45,0.54,0.595,0.675,0.965,0
0.07343608340888486,0.17773943603066505,155.0,1.0264900662251657,151.0,0.9320987654320988,162.0,0.9938650306748468,0.08385933273219116,0.9813664596273292,161.0,0.9757575757575756,165.0,0.9880239520958084,167.0,1.0372670807453417,221.0,-0.3161481265149875,0.10544469235900013,111.0,110.0,0.2763452696957055,-0.484650278467937,0.34766204728563554,-0.4014956467619864,-0.2643242388802173,0.375,0.485,0.505,0.525,0.805,0
0.13689936536718042,0.37290488247991327,116.0,1.0841121495327102,107.0,0.4755555555555555,225.0,2.083333333333333,0.0405770964833183,0.9649122807017544,114.0,0.991304347826087,115.0,1.0176991150442478,113.0,0.5067264573991032,154.0,-0.2626052491935807,0.5226550535376121,77.0,77.0,0.26261166390932444,-0.6408583812295265,0.6976270992676935,-0.9700997683157088,0.3602337895975595,0.33,0.465,0.505,0.55,0.815,0
0.08794197642792384,0.1769235572823444,172.0,1.048780487804878,164.0,1.025,160.0,0.9937888198757764,0.09107303877366997,1.077922077922078,154.0,0.9746835443037974,158.0,1.0,158.0,1.0,234.0,-0.2726613603823225,0.11096135473555459,118.0,116.0,0.2960821502881147,-0.5258132909733959,0.33538281345246207,-0.4095554944890872,-0.2581987931605506,0.375,0.48,0.505,0.525,0.85,0
0.07343608340888486,0.18744008168897244,148.0,1.0068027210884354,147.0,1.072992700729927,137.0,0.9785714285714284,0.07664562669071236,1.0344827586206897,145.0,1.0357142857142858,140.0,1.0144927536231885,138.0,0.9857142857142858,208.0,-0.2068479715378305,0.20960364177507426,103.0,105.0,0.32220309525287777,-0.2956153801816102,0.41865563008461193,-0.4667539272887734,-0.1671893705925361,0.34,0.46,0.495,0.575,0.8,0
0.06346328195829556,0.17743021275505957,144.0,1.006993006993007,143.0,0.9662162162162162,148.0,0.9932885906040269,0.06853020739404869,0.94,150.0,0.986842105263158,152.0,1.0133333333333334,150.0,1.0344827586206895,196.0,-0.2876820786771597,0.24345153005074774,98.0,98.0,0.2808476115276816,-0.4180452275777799,0.3627139088597934,-0.7405344772883832,-0.1206931631667499,0.365,0.47,0.5,0.58,0.53,0
0.07978241160471441,0.1804802787008048,160.0,1.0810810810810811,148.0,1.0571428571428572,140.0,0.9929078014184396,0.08025247971145176,1.0405405405405406,148.0,0.9801324503311258,151.0,0.9741935483870968,155.0,0.950920245398773,217.0,-0.3146685142925529,0.21692036546626392,110.0,107.0,0.255468601887759,-0.639036677971611,0.4530206879846743,-0.7439620496846472,-0.1777428463400476,0.35,0.48,0.51,0.535,0.76,0
0.0843155031731641,0.185684605953394,161.0,0.9817073170731708,164.0,1.0061349693251531,163.0,0.9939024390243902,0.08566275924256087,0.975609756097561,164.0,0.970414201183432,169.0,0.9825581395348836,172.0,1.036144578313253,221.0,-0.1758424155442876,0.2643969084477118,109.0,112.0,0.28068750675754317,-0.5580512898295411,0.6504588497228779,-0.4247021281573919,0.0468376393515299,0.325,0.47,0.495,0.52,0.71,0
0.05983680870353581,0.18807759656136674,133.0,0.9779411764705882,136.0,0.9577464788732394,142.0,0.993006993006993,0.058611361587015326,0.9923664122137404,131.0,0.9492753623188406,138.0,0.9857142857142858,140.0,1.0294117647058822,184.0,-0.1194315135785298,0.23972576791419622,93.0,91.0,0.3232550424181862,-0.3435297653215181,0.3696517962858385,-0.5501604081616704,0.2357416775308394,0.345,0.46,0.505,0.535,0.75,0
0.06255666364460562,0.18793884332443384,136.0,1.0793650793650793,126.0,0.9402985074626866,134.0,0.978102189781022,0.060414788097385035,1.0153846153846153,130.0,0.9774436090225564,133.0,1.015267175572519,131.0,0.9703703703703704,189.0,-0.222499128986646,0.2367895840065465,97.0,92.0,0.2954557148164244,-0.3774641539309478,0.3445142846606737,-0.6042407770215715,0.0827391125401394,0.355,0.485,0.52,0.545,0.75,0
0.08703535811423391,0.1817874498204099,167.0,1.030864197530864,162.0,1.0728476821192052,151.0,1.0202702702702702,0.08836789900811542,0.9939024390243902,164.0,0.9820359281437124,167.0,0.9597701149425288,174.0,1.870967741935484,237.0,-0.2552082775338967,0.3821338173333298,123.0,114.0,0.28282797782949964,-0.2647061166165278,0.6897900726027651,-0.4605816463477021,0.2382291955661317,0.375,0.48,0.52,0.615,0.55,0
0.08975521305530372,0.18554458836777787,167.0,1.050314465408805,159.0,1.0192307692307692,156.0,0.9176470588235294,0.09648331830477908,0.9347826086956522,184.0,0.9787234042553192,188.0,1.032967032967033,182.0,1.0,242.0,-0.2524217330869907,0.21934951211103576,122.0,120.0,0.2592192900055982,-0.5434322965800887,0.5934881792046824,-0.4970636991738326,-0.0662762072114983,0.395,0.485,0.505,0.525,0.68,0
0.09066183136899365,0.18939280906174863,165.0,0.9821428571428572,168.0,0.9824561403508772,171.0,0.9606741573033708,0.10279531109107304,1.0112994350282485,177.0,0.99438202247191,178.0,1.0171428571428571,175.0,1.0057471264367817,241.0,-0.2456061935225665,0.21068210899299722,116.0,125.0,0.25732032346975503,-0.5368525235530881,0.5645517629714928,-0.5127232566706603,0.004710094151424,0.315,0.46,0.485,0.505,0.695,0
0.15503173164097914,0.28897548162802755,160.0,1.4035087719298245,114.0,0.4956521739130435,230.0,1.3855421686746987,0.08836789900811542,1.0316455696202531,158.0,0.9875,160.0,1.0666666666666669,150.0,1.020408163265306,227.0,-0.1214046171729298,0.34904064429329745,113.0,114.0,0.33574860955963326,-0.1369890162672149,0.6703313317710031,-0.3610736220543197,0.4231335942459809,0.335,0.46,0.5,0.625,0.535,0
0.032638259292837715,0.17794988323074357,109.0,1.0186915887850467,107.0,1.0,107.0,0.9727272727272728,0.03787195671776375,0.981651376146789,109.0,0.956140350877193,114.0,1.027027027027027,111.0,1.018348623853211,148.0,-0.9617499298109192,0.5134917574295953,74.0,74.0,0.08530317084464921,-1.3271501224376971,0.5063022835429151,-1.6629481190429525,-0.3541657383591666,0.33,0.465,0.505,0.55,0.855,0
0.07071622846781506,0.16863352660425798,159.0,0.9244186046511628,172.0,2.023529411764706,85.0,0.3679653679653679,0.018034265103697024,0.32075471698113206,265.0,1.7320261437908495,153.0,1.02,150.0,0.9036144578313252,178.0,-0.1137697231115688,0.37848859482131275,119.0,59.0,0.432067619785941,-0.1411385479420775,0.6335802421071983,-0.3655560413925507,0.4078986678033544,0.635,0.59,0.675,0.795,0.705,0
0.07887579329102448,0.17917310758119973,160.0,0.975609756097561,164.0,1.0580645161290323,155.0,1.0472972972972974,0.0829576194770063,1.0,157.0,0.9691358024691358,162.0,1.0125,160.0,0.98159509202454,225.0,-0.2541205674185948,0.10286602077156404,116.0,109.0,0.30006914570068016,-0.4367849067109711,0.3430499738124483,-0.4047128073018926,-0.2308920875802096,0.4,0.495,0.52,0.54,0.835,0
0.06799637352674524,0.19391193556747163,138.0,1.0,138.0,0.9787234042553192,141.0,1.0444444444444445,0.0793507664562669,1.0551724137931036,145.0,1.0661764705882353,136.0,1.0303030303030305,132.0,1.015384615384615,208.0,-0.1972754428175288,0.23351491366084773,101.0,107.0,0.30315960997255326,-0.394014064203523,0.40556494403936305,-0.7824911208207022,0.1499192416217326,0.34,0.44,0.49,0.555,0.7,0
0.06346328195829556,0.17886231165066424,143.0,1.0592592592592591,135.0,1.0305343511450382,131.0,1.0076923076923077,0.06672678088367899,1.0296296296296297,135.0,0.9712230215827338,139.0,1.0692307692307692,130.0,1.04,198.0,-0.1759675459668788,0.24721608377089252,101.0,97.0,0.3078597391482688,-0.2893708449778094,0.420798893397978,-0.5676989737101897,0.096053482573936,0.345,0.475,0.51,0.535,0.73,0
0.06799637352674524,0.17757642876396396,149.0,1.0347222222222223,144.0,0.9664429530201344,149.0,1.0642857142857145,0.0793507664562669,1.047945205479452,146.0,1.0503597122302155,139.0,1.0072463768115942,138.0,0.9928057553956836,209.0,-0.1964548510230538,0.21941163300207508,102.0,107.0,0.33555305027457966,-0.2831049580253312,0.4196567779147566,-0.4788829721186102,-0.2083080154129098,0.33,0.455,0.49,0.56,0.75,0
0.08068902991840435,0.18578389655550825,157.0,1.0608108108108107,148.0,1.049645390070922,141.0,0.9657534246575342,0.09017132551848513,2.142857142857143,77.0,0.3195020746887966,241.0,1.4345238095238095,168.0,0.9710982658959536,230.0,-0.2750254089017411,0.3717531922998403,115.0,115.0,0.27380057113398343,-0.29283375214334,0.6721945307860453,-0.4807882525270753,0.2666455419986437,0.33,0.465,0.505,0.62,0.53,0
0.07887579329102448,0.18583546361015468,155.0,1.0264900662251657,151.0,0.9741935483870968,155.0,1.0064935064935066,0.06853020739404869,0.9929577464788732,142.0,0.9726027397260274,146.0,1.0,146.0,0.9864864864864864,196.0,-0.3609302273086642,0.2331400103933124,98.0,98.0,0.24072635201266795,-0.6857675155739759,0.4544124125236234,-0.7387382321678186,-0.3913160534628156,0.365,0.475,0.505,0.53,0.735,0
0.09791477787851315,0.17833996554892395,182.0,0.978494623655914,186.0,0.9738219895287958,191.0,1.0105820105820107,0.1036970243462579,0.994475138121547,181.0,1.0168539325842696,178.0,1.04093567251462,171.0,0.9395604395604396,251.0,-0.3213075485903188,0.18891516661537627,126.0,125.0,0.24000842070459252,-0.5672742881759882,0.4680526318434341,-0.7239744640503116,-0.29693063815083,0.34,0.48,0.505,0.525,0.67,0
0.07796917497733455,0.3882873937782779,79.0,0.2958801498127341,267.0,1.5344827586206895,174.0,0.9015544041450776,0.0829576194770063,0.9874213836477987,159.0,1.0,159.0,0.9636363636363636,165.0,1.13013698630137,216.0,-0.1142400552710649,0.3673241552258925,107.0,109.0,0.3354354266610308,-0.1597152322586918,0.6626569056358501,-0.3704087775513557,0.2982021411476814,0.335,0.44,0.5,0.625,0.53,0
0.09519492293744333,0.1817874498204099,176.0,1.0476190476190477,168.0,0.96,175.0,0.9562841530054644,0.09648331830477908,0.9148936170212766,188.0,1.0217391304347827,184.0,1.010989010989011,182.0,1.011111111111111,236.0,-0.1616172516526469,0.18487558798306306,116.0,120.0,0.2892624355860918,-0.3559615231385941,0.540069470623246,-0.5239815167550141,0.151998541450739,0.365,0.475,0.495,0.515,0.7,0
0.08340888485947416,0.1805121609232342,164.0,0.9820359281437124,167.0,0.9597701149425288,174.0,1.870967741935484,0.08205590622182146,0.9873417721518988,158.0,0.9575757575757576,165.0,1.012269938650307,163.0,1.065359477124183,216.0,-0.3741506865228322,0.341661787157454,107.0,109.0,0.24251219557332346,-0.3776932965071387,0.6514776647941469,-0.55465636730051,-0.1400427766967218,0.315,0.45,0.5,0.59,0.53,0
0.0815956482320943,0.18575860258883045,158.0,1.025974025974026,154.0,0.9685534591194968,159.0,1.0,0.04508566275924256,0.6020942408376964,191.0,1.1169590643274854,171.0,1.0118343195266273,169.0,1.0,192.0,-0.3325300973410832,0.09828942400183477,112.0,80.0,0.2674138748515583,-0.5495505104293483,0.28825789195549306,-0.4332098503258232,-0.2645148990853738,0.44,0.56,0.585,0.61,0.99,0
0.07615593834995467,0.17912315199701095,157.0,0.98125,160.0,0.975609756097561,164.0,0.970414201183432,0.09467989179440937,0.9883720930232558,172.0,0.9502762430939228,181.0,1.0402298850574712,174.0,1.0545454545454545,234.0,-0.2167128267333637,0.24790096718747195,116.0,118.0,0.2717828857436189,-0.5502914408237201,0.6361086217365113,-0.4437309589070594,-0.0528940305232193,0.38,0.475,0.5,0.525,0.7,0
0.0643699002719855,0.17605738463857934,146.0,1.0,146.0,0.9864864864864864,148.0,0.9367088607594936,0.08926961226330027,0.9820359281437125,167.0,0.9382022471910112,178.0,1.0348837209302326,172.0,1.017751479289941,228.0,-0.3531086911471625,0.19680724217337936,114.0,114.0,0.2390745220026988,-0.620033788243012,0.45979829200746725,-0.6973853709598637,-0.3170025387447061,0.36,0.475,0.505,0.525,0.69,0
0.038077969174977334,0.19147019885452174,108.0,0.9818181818181818,110.0,0.9649122807017544,114.0,1.027027027027027,0.0405770964833183,0.990990990990991,111.0,1.0277777777777777,108.0,0.9557522123893806,113.0,1.0272727272727271,155.0,-0.4706408096563177,0.5126210974127451,78.0,77.0,0.2209617169318586,-0.7680048290808424,0.6654446575402678,-1.0815180730820535,-0.0130853046215895,0.305,0.455,0.5,0.55,0.84,0
0.08884859474161379,0.1842922088519885,167.0,1.030864197530864,162.0,1.0384615384615383,156.0,1.21875,0.09107303877366997,1.1216216216216217,148.0,0.9801324503311258,151.0,0.9741935483870968,155.0,0.945121951219512,234.0,-0.3695506552524025,0.09017465158106835,118.0,116.0,0.2683827343584353,-0.566574663096725,0.25498013940400294,-0.5529228306013952,-0.3377914168541754,0.35,0.485,0.51,0.535,0.845,0
0.05983680870353581,0.19825574739023785,127.0,0.9769230769230768,130.0,0.9774436090225564,133.0,0.9851851851851852,0.06402164111812443,0.9927007299270073,137.0,1.0148148148148148,135.0,1.007462686567164,134.0,0.9640287769784172,188.0,0.2234340234695021,0.26497601144193045,93.0,95.0,0.41298525536667763,0.0041365398039573,0.5704925221510123,-0.3357025688819485,0.5627478408375248,0.33,0.43,0.5,0.55,0.785,0
0.07978241160471441,0.18580951480381017,156.0,0.9230769230769232,169.0,0.976878612716763,173.0,1.1233766233766234,0.09017132551848513,1.0248447204968945,161.0,1.0454545454545454,154.0,1.0405405405405406,148.0,1.0,231.0,-0.28607354330657,0.11563880652229833,116.0,115.0,0.2952686472534953,-0.581369496636833,0.34789539185052437,-0.3817071312401616,-0.2759047871512312,0.37,0.475,0.505,0.525,0.815,0
0.07978241160471441,0.18857794914303372,154.0,0.9685534591194968,159.0,0.9754601226993864,163.0,0.9588235294117649,0.0811541929666366,0.9281437125748503,167.0,1.0121212121212122,165.0,1.03125,160.0,1.0596026490066226,218.0,-0.3105281417176312,0.1108907484355225,110.0,108.0,0.2821539053446636,-0.5646828808828138,0.32987349745171657,-0.4276398035089732,-0.2845424867552155,0.38,0.48,0.51,0.53,0.825,0
0.08884859474161379,0.1769516722681136,173.0,0.9351351351351352,185.0,1.0393258426966292,178.0,1.0229885057471264,0.1036970243462579,1.0465116279069768,172.0,0.9942196531791908,173.0,0.9829545454545454,176.0,1.0173410404624277,256.0,-0.2151848610306151,0.1735696963246096,131.0,125.0,0.26272942583316305,-0.4382047666983516,0.47653922604797366,-0.5920624675597499,-0.0866810480002138,0.405,0.49,0.515,0.535,0.695,0
0.09610154125113328,0.18912595435152618,171.0,0.9447513812154696,181.0,1.0402298850574712,174.0,1.0175438596491229,0.10009017132551848,0.9943502824858758,177.0,0.9779005524861878,181.0,1.0055555555555555,180.0,1.0285714285714285,243.0,-0.2017435093799661,0.19188847658715447,120.0,123.0,0.28652121573748573,-0.4225427081273392,0.5293410839176118,-0.5297473765672788,0.0104874473166848,0.35,0.475,0.5,0.52,0.7,0
0.09066183136899365,0.18057147668589354,172.0,1.017751479289941,169.0,1.0119760479041915,167.0,0.912568306010929,0.09558160504959423,0.9553072625698324,179.0,0.9835164835164836,182.0,1.0520231213872833,173.0,1.0297619047619049,237.0,-0.2143082747893691,0.21927742261409477,118.0,119.0,0.27456029076324634,-0.5314028237869597,0.5745185713953019,-0.4796477938846825,0.020906229656466,0.355,0.475,0.5,0.52,0.7,0
0.07071622846781506,0.3671079123467017,79.0,0.395,200.0,1.4285714285714286,140.0,0.9929078014184396,0.0703336339044184,1.0214285714285714,140.0,1.0218978102189782,137.0,0.958041958041958,143.0,0.959731543624161,201.0,-0.248979523980646,0.23133503850373346,101.0,100.0,0.30241914113326157,-0.3531717736700309,0.40523820748032796,-0.5425740140119372,-0.2284008331681873,0.34,0.465,0.5,0.58,0.795,0
0.05802357207615594,0.17008689714142722,143.0,1.0141843971631206,141.0,1.0291970802919708,137.0,1.0378787878787878,0.0775473399458972,0.9617834394904459,157.0,1.0194805194805194,154.0,1.0476190476190477,147.0,0.9607843137254902,203.0,0.5668814793708599,0.20885865449310084,98.0,105.0,0.5166092774469992,0.3327077694297959,0.8211610674646187,0.1952784742810487,0.6213086074998903,0.33,0.455,0.485,0.51,0.73,0
0.06074342701722575,0.1758959743517672,142.0,0.9659863945578232,147.0,1.0068493150684932,146.0,1.0,0.06853020739404869,0.9791666666666666,144.0,0.9290322580645162,155.0,1.0402684563758389,149.0,0.9933333333333332,196.0,-0.263986654108775,0.21268520813041833,98.0,98.0,0.2998797160865875,-0.3218342020254002,0.397427956685912,-0.524490456441693,-0.2420362607503054,0.34,0.47,0.5,0.57,0.805,0
0.06799637352674524,0.18920402354866572,141.0,1.0217391304347827,138.0,0.9857142857142858,140.0,0.9722222222222222,0.06853020739404869,1.0071428571428571,140.0,1.627906976744186,86.0,0.4278606965174129,201.0,1.3311258278145697,200.0,-0.2623286720011302,0.20125441368642344,102.0,98.0,0.2967479519687786,-0.364954889216891,0.3922751379752422,-0.4919848467645715,-0.2189462658296155,0.34,0.475,0.51,0.58,0.76,0
0.03626473254759746,0.17992006250668832,112.0,1.037037037037037,108.0,0.972972972972973,111.0,1.168421052631579,0.04238052299368801,1.0467289719626167,107.0,0.9469026548672568,113.0,1.076190476190476,105.0,0.9722222222222222,155.0,-0.1636211398911927,0.4913545671820955,77.0,78.0,0.3054469298067271,-0.46791754408324,0.7027241586938213,-1.031407699442915,0.3109513335514615,0.295,0.46,0.5,0.545,0.82,0
0.06980961015412511,0.1817874498204099,148.0,0.961038961038961,154.0,0.9808917197452228,157.0,0.9751552795031057,0.08385933273219116,0.9753086419753086,162.0,0.9878048780487804,164.0,1.0123456790123455,162.0,1.051948051948052,218.0,-0.3539997571310768,0.10499314447836182,108.0,110.0,0.26818610850878666,-0.5829158070510609,0.32427084604716216,-0.5024827907208653,-0.3122632361583595,0.335,0.47,0.495,0.52,0.835,0
0.0643699002719855,0.1774602626658551,145.0,0.9797297297297296,148.0,0.9866666666666668,150.0,1.0,0.0721370604147881,0.9539473684210527,152.0,0.9681528662420382,157.0,1.0328947368421053,152.0,1.0201342281879195,200.0,-0.2208980681148003,0.21351061518335224,99.0,101.0,0.3141288117965154,-0.295,0.4225823739904198,-0.5052016831391364,-0.247996723999296,0.335,0.46,0.495,0.57,0.74,0
0.09156844968268359,0.17138785638266774,181.0,0.9836956521739132,184.0,1.0454545454545454,176.0,0.9513513513513514,0.09828674481514878,1.0,174.0,0.956043956043956,182.0,1.058139534883721,172.0,1.0058479532163742,244.0,-0.2363515193786816,0.17054904286537867,123.0,121.0,0.26175043005235327,-0.4671214181020033,0.44933238299613004,-0.5217697662508086,0.0261349012537369,0.4,0.485,0.51,0.53,0.725,0
0.09791477787851315,0.18415069704229478,177.0,1.005681818181818,176.0,1.0,176.0,0.9943502824858758,0.09828674481514878,1.0,174.0,0.9830508474576272,177.0,1.0172413793103448,174.0,1.0175438596491229,241.0,-0.1826878832183474,0.23424979670540627,120.0,121.0,0.27457597743787493,-0.4940308170115126,0.6476616124522222,-0.4216974380947464,0.1369600288133263,0.335,0.475,0.5,0.52,0.705,0
0.13689936536718042,0.18368878963074456,220.0,0.9734513274336284,226.0,2.3789473684210525,95.0,0.9134615384615384,0.13976555455365194,2.391304347826087,92.0,0.7022900763358778,131.0,1.190909090909091,110.0,0.9734513274336284,232.0,-0.5255590662241787,0.8301035195027914,78.0,154.0,0.28352672816433183,-0.7891148503890062,0.8332910581745699,-1.1316963458485207,-0.937338308357398,0.59,0.745,0.8,0.835,0.985,0
0.11695376246600181,0.2714220408790449,140.0,0.9929078014184396,141.0,0.9657534246575342,146.0,0.948051948051948,0.06492335437330929,0.958041958041958,143.0,0.959731543624161,149.0,1.0067567567567568,148.0,1.741176470588235,193.0,-0.213129823459454,0.22877797565087596,98.0,95.0,0.3003661707607708,-0.2780970467891203,0.42927048003597706,-0.4356303322927244,-0.1497178232992592,0.34,0.475,0.51,0.59,0.835,0
0.038984587488667274,0.07075859422926117,243.0,1.4727272727272729,165.0,1.0248447204968945,161.0,0.9817073170731708,0.010820559062218215,0.2972972972972973,259.0,1.488505747126437,174.0,0.9886363636363636,176.0,1.0173410404624277,162.0,-0.1336735380140881,0.4359103282248881,109.0,53.0,0.4206427157368108,-0.1532012499838802,0.7473862007338783,-0.3687996598548574,0.2393822643711688,0.64,0.61,0.685,0.815,0.72,0
0.061650045330915684,0.1817874498204099,139.0,1.037313432835821,134.0,1.0387596899224807,129.0,0.9923076923076924,0.062218214607754736,1.0387596899224807,129.0,0.9699248120300752,133.0,0.9708029197080292,137.0,1.0148148148148148,190.0,-0.177696503532042,0.2632694893538805,97.0,93.0,0.32213780597289776,-0.3904361387429498,0.40624638236386984,-0.6166126433168609,0.0334131079612706,0.355,0.47,0.515,0.54,0.735,0
0.019945602901178604,0.04285922685588294,277.0,2.495495495495496,111.0,0.5311004784688995,209.0,1.393333333333333,0.0793507664562669,1.9870129870129871,77.0,0.3615023474178404,213.0,1.4013157894736843,152.0,0.9559748427672956,221.0,-0.2968642239602482,0.30904175039899484,114.0,107.0,0.35047385955469645,-0.3257146194237537,0.5496242983214408,-0.4366829795744317,-0.2038127265230315,0.485,0.46,0.52,0.61,0.885,0
0.06255666364460562,0.18481857125717535,138.0,1.022222222222222,135.0,1.0546875,128.0,1.0158730158730158,0.061316501352569885,1.0310077519379846,129.0,1.048780487804878,,0.9919354838709676,124.0,0.9612403100775194,186.0,-0.109323762954312,0.20126144976634222,93.0,93.0,0.32945361632443215,-0.3207971345247729,0.516029541107224,-0.322919953383841,0.0588068295213767,0.35,0.465,0.505,0.535,0.74,0
0.09519492293744333,0.17054296707111877,186.0,1.0163934426229508,183.0,1.0397727272727273,176.0,1.0,0.09738503155996393,1.0484848484848486,165.0,0.9649122807017544,171.0,1.0426829268292683,164.0,1.0186335403726707,246.0,-0.2474747484801252,0.2166576312555559,125.0,121.0,0.25734177663598534,-0.5128930939253447,0.554082155154572,-0.4708611179684372,-0.0740068876479943,0.375,0.49,0.515,0.535,0.69,0
0.030825022665457842,0.1722807507687365,110.0,0.9649122807017544,114.0,1.0178571428571428,112.0,1.0467289719626167,0.04238052299368801,1.018181818181818,110.0,1.02803738317757,107.0,0.9727272727272728,110.0,1.0377358490566038,156.0,0.0156668995741676,0.464723561999287,78.0,78.0,0.3984905661341319,-0.2238596733486501,0.6986154935909676,-0.9674137482105668,0.426542452689631,0.325,0.465,0.505,0.55,0.82,0
0.08068902991840435,0.1718280508138949,168.0,1.0566037735849056,159.0,0.9352941176470588,170.0,1.0365853658536586,0.0775473399458972,1.0633802816901408,142.0,1.0,142.0,1.0070921985815602,141.0,1.036764705882353,206.0,-0.4536323105188778,0.1087078695490478,101.0,105.0,0.24981002730177332,-0.6538921896932636,0.2671525204102207,-0.5989865767258944,-0.4380191381457137,0.35,0.47,0.495,0.515,0.83,0
0.061650045330915684,0.18640099494842785,136.0,0.9444444444444444,144.0,0.96,150.0,0.9933774834437086,0.0775473399458972,0.9805194805194806,154.0,0.9447852760736196,163.0,1.0,163.0,1.065359477124183,207.0,-0.2998020974258032,0.0741438899109687,102.0,105.0,0.2916549029290871,-0.5017163630073057,0.2724188840754583,-0.4638542375145082,-0.2718073791643759,0.375,0.475,0.495,0.515,0.81,0
0.08612873980054397,0.18053507030462054,167.0,1.0372670807453417,,1.0254777070063694,157.0,1.0194805194805194,0.1073038773669973,0.9945945945945946,185.0,1.0054347826086956,184.0,1.0165745856353592,181.0,1.011173184357542,261.0,-0.2480679056321339,0.20816900468819619,133.0,128.0,0.2588185125981949,-0.4936453022583569,0.5495853269073049,-0.4387102444274219,-0.1653285873527726,0.395,0.485,0.51,0.535,0.68,0
0.13508612873980055,0.26021771699671553,160.0,0.9696969696969696,165.0,1.0060975609756098,164.0,0.993939393939394,0.11181244364292155,1.05,180.0,1.0778443113772456,167.0,1.7956989247311828,93.0,0.3536121673003802,255.0,-0.1743215294726544,0.37262050545956865,123.0,132.0,0.2943104620075865,-0.1967916748381768,0.7104722185894825,-0.4190641740066357,0.4653855915682242,0.32,0.435,0.49,0.59,0.51,0
0.10063463281958296,0.17511253346497965,188.0,1.032967032967033,182.0,1.0,182.0,1.103030303030303,0.08746618575293057,1.0588235294117647,153.0,1.0,153.0,0.9683544303797468,158.0,0.9753086419753086,235.0,-0.1858657046356815,0.3510905973723831,122.0,113.0,0.4476672892388309,-0.2199278049487537,0.6655838918986305,-0.3824225123422065,0.2769971251061255,0.495,0.475,0.525,0.62,0.55,0
0.03626473254759746,0.1817874498204099,111.0,0.9823008849557522,113.0,1.0560747663551402,107.0,0.9907407407407408,0.04147880973850315,1.0373831775700935,107.0,0.9304347826086956,115.0,1.055045871559633,109.0,0.990909090909091,168.0,-0.2790488103523668,0.4466222408477405,91.0,77.0,0.2736406122711356,-0.5147986204327843,0.7090241546617492,-1.0839999986626312,0.128051685453954,0.375,0.51,0.545,0.585,0.89,0
0.06980961015412511,0.18910029524477406,143.0,1.0287769784172662,139.0,1.0220588235294117,136.0,0.9577464788732394,0.06943192064923355,0.993006993006993,143.0,1.036231884057971,138.0,1.0,138.0,0.9452054794520548,195.0,-0.2427068934653272,0.18219078216764767,96.0,99.0,0.30735013372085473,-0.2895450329871303,0.36970443952159204,-0.4536188979824517,-0.2105370588664692,0.335,0.46,0.495,0.56,0.745,0
0.08975521305530372,0.17816061665618765,173.0,0.9664804469273744,179.0,0.988950276243094,181.0,1.0,0.10279531109107304,1.0467836257309941,171.0,0.9771428571428572,175.0,1.0606060606060606,165.0,1.0377358490566038,250.0,-0.336420956071162,0.19847775462463793,125.0,125.0,0.22292992183528768,-0.6607485173211334,0.4898772773459155,-0.7101123254612824,-0.2030299547780668,0.34,0.475,0.5,0.52,0.69,0
0.10516772438803264,0.1923623173048556,178.0,1.0,178.0,1.0289017341040465,173.0,0.9885714285714284,0.09377817853922453,0.9657142857142857,175.0,0.945945945945946,185.0,1.0054347826086956,184.0,1.022222222222222,241.0,-0.1840513278813975,0.1969741386820188,123.0,118.0,0.28695963190936546,-0.4309762133571111,0.5507823579845185,-0.5646219296073023,-0.1557850157959498,0.365,0.49,0.51,0.53,0.665,0
0.09700815956482321,0.1817874498204099,178.0,1.0113636363636365,176.0,0.9832402234636872,179.0,1.0346820809248556,0.09828674481514878,1.0357142857142858,168.0,0.9882352941176472,170.0,1.0559006211180124,161.0,0.9877300613496932,245.0,-0.211798766169868,0.19069150951565206,124.0,121.0,0.2709578260188683,-0.4451617554105322,0.5027210630900965,-0.5104970253788845,-0.0169296340608065,0.4,0.48,0.51,0.53,0.695,0
0.10879419764279238,0.2062491315907976,171.0,1.0118343195266273,169.0,1.0,169.0,1.0,0.09558160504959423,1.0301204819277108,166.0,1.064102564102564,156.0,0.975,160.0,1.0062893081761006,236.0,-0.3010224184736062,0.09450416293070991,117.0,119.0,0.27387183709036134,-0.547245245893884,0.3240069941296885,-0.3681647186003746,-0.2299598881667373,0.375,0.475,0.5,0.52,0.84,0
0.06890299184043518,0.18915179415621322,142.0,1.0142857142857142,140.0,0.9929078014184396,141.0,1.0,0.0703336339044184,1.0070422535211268,142.0,1.0142857142857142,140.0,0.9655172413793104,145.0,0.9731543624161074,202.0,-0.2762224310829833,0.2330346367419951,102.0,100.0,0.30664077374863996,-0.3793726479012004,0.4162549336506631,-0.5629027844262121,-0.260047781908685,0.355,0.475,0.51,0.58,0.825,0
0.07252946509519492,0.1860269237218318,148.0,1.0571428571428572,140.0,1.0,140.0,0.9655172413793104,0.07664562669071236,1.0714285714285714,140.0,1.0218978102189782,137.0,0.9716312056737588,141.0,0.94,210.0,-0.1158253452393579,0.234193010460563,105.0,105.0,0.3764791218750476,-0.2733888286192162,0.4491208789644468,-0.5102687288805001,-0.0775702550235705,0.345,0.465,0.5,0.58,0.76,0
0.10063463281958296,0.1852927131578984,179.0,1.0112994350282485,177.0,1.005681818181818,176.0,1.0,0.09648331830477908,0.9885057471264368,174.0,1.0,174.0,0.9830508474576272,177.0,1.0172413793103448,233.0,-0.2032081372991133,0.24270991399042569,113.0,120.0,0.2668673690961753,-0.503415960270219,0.6387636477823072,-0.4316149418495991,-0.1036413769069507,0.38,0.465,0.49,0.51,0.665,0
0.0770625566636446,0.1765587653419895,160.0,0.9580838323353292,167.0,0.9766081871345028,171.0,1.0239520958083832,0.09107303877366997,0.9540229885057471,174.0,1.0545454545454545,165.0,1.012269938650307,163.0,1.038216560509554,226.0,-0.255803681627265,0.08318069533317432,110.0,116.0,0.2990235731977786,-0.4734338539593312,0.297838157312514,-0.3356646512123419,-0.2428583633764392,0.37,0.465,0.49,0.51,0.845,0
0.13236627379873073,0.1808280581729933,218.0,1.963963963963964,111.0,0.9736842105263158,114.0,0.5205479452054794,0.0387736699729486,1.0,108.0,0.4931506849315068,219.0,1.0092165898617511,217.0,2.284210526315789,152.0,-0.1545120193722474,0.45975180081847333,77.0,75.0,0.27595784738036955,-0.4325218122562587,0.6388768958002822,-1.1423027877446654,0.2482747474786334,0.295,0.465,0.51,0.55,0.815,0
0.0942883046237534,0.19180648594672436,167.0,0.9709302325581396,172.0,0.9772727272727272,176.0,0.9777777777777776,0.1055004508566276,0.994535519125683,183.0,0.9891891891891892,185.0,1.0511363636363635,176.0,1.0,252.0,-0.229277126183378,0.18428740576711064,125.0,127.0,0.2570361051480307,-0.4312403169231709,0.4865642344970158,-0.5021835701613485,-0.1294044580928569,0.335,0.475,0.495,0.52,0.675,0
0.07162284678150499,0.19513728253127038,141.0,1.014388489208633,139.0,1.0072463768115942,138.0,0.9928057553956836,0.05590622182146077,0.9477611940298507,134.0,0.91156462585034,147.0,1.027972027972028,143.0,0.9794520547945206,181.0,-0.0129466197652775,0.34468841230078306,93.0,88.0,0.37060490971379456,-0.0599905382033256,0.6334911832334915,-0.2367769469091268,0.4401179979332921,0.33,0.435,0.515,0.62,0.55,0
0.13961922030825022,0.18850319135232596,218.0,0.990909090909091,220.0,1.0185185185185186,216.0,1.894736842105263,0.13976555455365194,2.1153846153846154,104.0,0.9203539823008848,113.0,1.1649484536082475,97.0,0.8083333333333333,311.0,-0.1552145921744127,0.773148399712618,157.0,154.0,1.0,-0.4109964921349622,1.0,-0.9911149223607196,-0.6021116084116265,0.505,0.825,0.855,0.95,0.885,0
0.08703535811423391,0.1793123329075482,169.0,1.2518518518518518,135.0,0.7105263157894737,190.0,1.2025316455696202,0.08746618575293057,1.0253164556962024,158.0,1.0326797385620916,153.0,1.006578947368421,152.0,1.0935251798561152,228.0,-0.324036400761991,0.1175337920532086,115.0,113.0,0.26596260743672456,-0.521237236679028,0.34671956118913755,-0.4379457978987327,-0.2694704111009884,0.325,0.48,0.505,0.525,0.82,0
0.032638259292837715,0.1817874498204099,107.0,0.9727272727272728,110.0,0.990990990990991,111.0,0.9910714285714286,0.04418394950405771,1.027027027027027,111.0,1.018348623853211,109.0,1.028301886792453,106.0,1.0,155.0,-0.2027358592156394,0.45935589786514697,76.0,79.0,0.2897307392731695,-0.5168646789505866,0.681998844420047,-0.9704003865697586,0.3138488275629066,0.305,0.45,0.49,0.535,0.815,0
0.14052583862194015,0.18365483713413144,224.0,1.018181818181818,220.0,0.9777777777777776,225.0,1.0135135135135136,0.04238052299368801,0.9572649572649573,117.0,1.054054054054054,111.0,1.009090909090909,110.0,1.0,157.0,-0.4924092009808515,0.5217786617258137,79.0,78.0,0.14781294766510739,-0.8727252956046271,0.6184146451706941,-1.2431151821957258,0.1686429775645377,0.285,0.46,0.505,0.55,0.835,0
0.08068902991840435,0.1754496504526276,165.0,1.0,165.0,1.0,165.0,1.0377358490566038,0.09287646528403967,1.030674846625767,163.0,1.01875,160.0,0.9195402298850576,174.0,0.9666666666666668,237.0,-0.1615931730679047,0.20909976068056663,120.0,117.0,0.28719632588652166,-0.4214953967647952,0.5411902148356252,-0.4330287522500071,-0.0672378649870071,0.345,0.48,0.51,0.53,0.7,0
0.0770625566636446,0.18729132821874714,152.0,1.0066225165562914,151.0,0.9805194805194806,154.0,0.9625,0.07484220018034266,1.0206896551724138,145.0,0.9602649006622516,151.0,0.9869281045751634,153.0,1.006578947368421,207.0,-0.3309908426484934,0.10148197471266017,104.0,103.0,0.26589640157228756,-0.5555756083780448,0.3218141760546692,-0.4461916784328925,-0.2821865072904936,0.375,0.48,0.505,0.525,0.845,0
0.13236627379873073,0.1808280581729933,218.0,1.0,218.0,0.981981981981982,222.0,1.0277777777777777,0.1388638412984671,1.0528846153846154,208.0,0.8851063829787233,235.0,2.0982142857142856,112.0,1.0666666666666669,303.0,-0.2539283183268246,0.7709364265668789,150.0,153.0,0.9883160467033363,-0.491136022652914,0.946425770869361,-0.7577329399360622,-0.5232205984232493,0.495,0.82,0.855,0.88,0.99,0
0.0643699002719855,0.18327076456606103,141.0,1.0444444444444445,135.0,1.0150375939849623,133.0,1.0390625,0.06762849413886383,1.0144927536231885,138.0,0.971830985915493,142.0,1.0289855072463767,138.0,1.0072992700729928,191.0,0.0602482105236357,0.24517024788938363,93.0,98.0,0.39663649934418593,-0.1421978553650585,0.44709914088795766,-0.3781574044870703,0.3812270774247606,0.33,0.445,0.495,0.52,0.725,0
0.09247506799637353,0.17822243767603235,176.0,0.9513513513513514,185.0,1.0054347826086956,184.0,1.0337078651685394,0.1018935978358882,1.0113636363636365,176.0,0.9832402234636872,179.0,1.0346820809248556,173.0,0.9885714285714284,248.0,-0.3052848053774884,0.1892320979528403,124.0,124.0,0.25358060641729957,-0.5560524979649847,0.4570773725962021,-0.6359768892455473,-0.197082664792144,0.355,0.475,0.5,0.525,0.7,0
0.08522212148685404,0.20424622878812154,149.0,0.9612903225806452,155.0,0.981012658227848,158.0,0.9875,0.08025247971145176,0.9625,160.0,0.9411764705882352,170.0,1.0828025477707006,157.0,0.98125,207.0,-0.221767204162011,0.110810526352745,100.0,107.0,0.3118295155545139,-0.4378323159000067,0.38625556945674067,-0.3185349325128626,-0.1607622080427869,0.355,0.46,0.485,0.505,0.84,0
0.029918404351767906,0.1539011326021679,120.0,1.0714285714285714,112.0,1.4177215189873418,79.0,0.5851851851851851,0.0369702434625789,0.9724770642201835,109.0,0.9478260869565216,115.0,1.0176991150442478,113.0,1.018018018018018,154.0,0.0709280503042893,0.49395726926189826,80.0,74.0,0.34948573758752316,-0.2835797607380396,0.7826142681515532,-0.9332351700817006,0.5836734197696293,0.315,0.475,0.52,0.565,0.855,0
0.09066183136899365,0.1770069382972827,175.0,0.9943181818181818,176.0,0.946236559139785,186.0,1.021978021978022,0.1073038773669973,1.0,184.0,1.0514285714285714,175.0,1.0174418604651163,172.0,0.9662921348314608,254.0,-0.218916907277594,0.21724468725144339,126.0,128.0,0.264823973853741,-0.4731385350976873,0.6120736163492525,-0.4748398888008447,-0.175928213249971,0.39,0.48,0.5,0.52,0.67,0
0.08068902991840435,0.18853413946998457,155.0,0.9748427672955976,159.0,0.9464285714285714,168.0,0.9882352941176472,0.09017132551848513,0.9880239520958084,167.0,0.9940476190476192,168.0,1.05,160.0,1.032258064516129,226.0,-0.1204882872370569,0.20972756670465234,111.0,115.0,0.30438094117048814,-0.4528173690768555,0.5925732009654721,-0.3356947911685476,-0.0358995004930829,0.345,0.47,0.495,0.515,0.68,0
0.03535811423390753,0.18566054943405463,108.0,0.9908256880733946,109.0,0.9478260869565216,115.0,1.0087719298245614,0.04238052299368801,1.037037037037037,108.0,0.972972972972973,111.0,0.9652173913043478,115.0,1.074766355140187,153.0,-0.2245960001848759,0.48895186273052277,75.0,78.0,0.2629789890136298,-0.4942746030471202,0.7364456567607164,-1.054063585439522,0.056817847695034,0.3,0.455,0.495,0.54,0.8,0
0.08340888485947416,0.17925233007329702,165.0,1.0509554140127388,157.0,0.9691358024691358,162.0,1.018867924528302,0.061316501352569885,0.9851851851851852,135.0,0.944055944055944,143.0,1.0141843971631206,141.0,1.0291970802919708,188.0,-0.4590477596342369,0.0464407259600008,95.0,93.0,0.1987499832364674,-0.4761505619542805,0.09166898641240456,-0.4392448644913422,-0.3722981177614864,0.44,0.47,0.505,0.54,0.79,0
0.06527651858567543,0.19255238845245184,136.0,0.9379310344827586,145.0,1.0,145.0,1.0431654676258992,0.0739404869251578,0.9932432432432432,148.0,1.0,148.0,1.0571428571428572,140.0,1.0144927536231885,196.0,-0.2629917958950046,0.2594444731267843,94.0,102.0,0.26992744672533814,-0.5509614287923547,0.3467203445662267,-0.7452640624455347,0.253263698592292,0.335,0.415,0.485,0.51,0.74,0
0.08975521305530372,0.1735160845438127,177.0,0.9267015706806284,191.0,1.0552486187845305,181.0,1.0342857142857145,0.10459873760144274,1.0903614457831325,166.0,0.9822485207100592,169.0,0.9941176470588236,170.0,0.9883720930232558,258.0,-0.3437467453025794,0.21944572637273166,132.0,126.0,0.2314239561554854,-0.6188483743960447,0.5371124936489158,-0.6043744555555643,-0.2962940169192067,0.35,0.49,0.515,0.535,0.68,0
0.03445149592021759,0.1856967466267055,107.0,0.9553571428571428,112.0,0.991150442477876,113.0,1.0272727272727271,0.03967538322813345,0.9732142857142857,112.0,0.9824561403508772,114.0,1.0363636363636364,110.0,0.990990990990991,153.0,0.3964876252341171,0.4534120547029451,77.0,76.0,0.47584631882241235,0.0830525860109052,0.8037001362655086,-0.3246507191104503,0.760692706173864,0.315,0.47,0.51,0.555,0.835,0
0.09247506799637353,0.1842336179974487,171.0,1.0118343195266273,169.0,0.9602272727272728,176.0,0.967032967032967,0.10099188458070334,0.9267015706806283,191.0,1.0552486187845305,181.0,1.0342857142857145,175.0,1.0294117647058822,241.0,-0.2207488564423181,0.21396748748657268,118.0,123.0,0.2678721482123887,-0.482041648088525,0.5748075724428192,-0.4611035935593266,0.001893792968026,0.385,0.47,0.49,0.51,0.675,0
0.043517679057116954,0.20308949769545592,108.0,0.9642857142857144,112.0,1.037037037037037,108.0,0.9473684210526316,0.04147880973850315,0.9823008849557522,113.0,1.076190476190476,105.0,0.9210526315789472,114.0,0.991304347826087,154.0,-0.2971810595711073,0.4529901420235915,77.0,77.0,0.22998079612228664,-0.5533463847869227,0.6483661816078767,-1.1243859519003618,0.2230462002179886,0.3,0.455,0.5,0.545,0.81,0
0.0843155031731641,0.18051988994685345,165.0,0.9821428571428572,168.0,1.030674846625767,163.0,1.038216560509554,0.08656447249774572,1.0,161.0,1.018987341772152,158.0,1.0533333333333332,150.0,0.9316770186335404,226.0,-0.3846569945015828,0.08837339774797337,114.0,112.0,0.25712241292802845,-0.6439755170556977,0.23459635232626408,-0.5002425613827921,-0.3553862485299693,0.34,0.48,0.505,0.53,0.84,0
0.08612873980054397,0.17567202937781295,171.0,1.0239520958083832,167.0,1.0121212121212122,165.0,1.064516129032258,0.09467989179440937,1.069182389937107,159.0,1.0,159.0,1.0063291139240509,158.0,0.9575757575757576,236.0,-0.2717846797653211,0.1509612010324959,118.0,118.0,0.27608061680921464,-0.511993960596802,0.4024519230444773,-0.4258935332170659,-0.2306400644025451,0.385,0.475,0.505,0.525,0.845,0
0.07978241160471441,0.17418209057907116,165.0,0.9821428571428572,168.0,0.9940828402366864,169.0,1.0242424242424242,0.09017132551848513,0.9880239520958084,167.0,1.0569620253164558,158.0,0.9875,160.0,1.032258064516129,231.0,-0.2721518364302638,0.08937153650027077,116.0,115.0,0.3048014335257446,-0.4830192690930729,0.32538424172927316,-0.4157469454002128,-0.276364662034989,0.355,0.485,0.505,0.525,0.84,0
0.08340888485947416,0.17925233007329702,165.0,1.0377358490566038,159.0,0.9875776397515528,161.0,1.0254777070063694,0.08656447249774572,1.0320512820512822,156.0,1.0,156.0,0.9936305732484076,157.0,0.98125,228.0,-0.3143974169947244,0.09568492892992277,116.0,112.0,0.2810053542060622,-0.5512754434462112,0.3347087180868655,-0.3839885301481057,-0.2840954773869348,0.385,0.485,0.51,0.53,0.855,0
0.07615593834995467,0.1817874498204099,155.0,0.9872611464968152,157.0,0.98125,160.0,0.98159509202454,0.07844905320108206,0.926829268292683,164.0,0.95906432748538,171.0,1.0178571428571428,168.0,1.0909090909090908,213.0,-0.3141334646956607,0.11826404912605097,107.0,106.0,0.2782331560410787,-0.5094705172775945,0.3567832845732192,-0.4163641840991149,-0.2669633582227698,0.385,,0.505,0.53,0.87,0
0.09791477787851315,0.18535246196478744,176.0,1.0,176.0,1.035294117647059,170.0,1.0179640718562877,0.09738503155996393,1.0484848484848486,165.0,1.0,165.0,0.9763313609467456,169.0,0.9548022598870056,243.0,-0.1555127375995523,0.20942265388841386,122.0,121.0,0.2828934143612547,-0.4383170307227821,0.5981354721476695,-0.3858448158229088,0.0286018617113496,0.335,0.48,0.505,0.525,0.7,0
0.08975521305530372,0.18943918320346412,164.0,0.9820359281437124,167.0,0.9823529411764704,170.0,0.934065934065934,0.09287646528403967,0.9655172413793104,174.0,1.0057803468208093,173.0,1.0484848484848486,165.0,1.012269938650307,230.0,-0.190890808134058,0.23306627802672722,113.0,117.0,0.275937294891655,-0.4979255238521722,0.6179255459412932,-0.4049511872122918,-0.0898284832557894,0.375,0.47,0.495,0.515,0.675,0
0.009066183136899365,0.04826925688931815,224.0,1.4933333333333334,150.0,0.974025974025974,154.0,0.9808917197452228,0.07303877366997295,0.9668874172185431,151.0,0.9263803680981596,163.0,0.9760479041916168,167.0,1.0182926829268293,197.0,-0.2541589293442223,0.32032101509194966,95.0,102.0,0.39479635052159473,-0.2483668341708543,0.5845987279811048,-0.4225635356012839,0.2696396684859946,0.455,0.44,0.49,0.585,0.515,0
0.1387126019945603,0.21166564683995487,196.0,1.0594594594594595,185.0,1.022099447513812,181.0,1.011173184357542,0.09197475202885483,0.9823529411764705,170.0,1.0059171597633136,169.0,0.9441340782122905,179.0,0.9944444444444444,235.0,-0.2502682409250821,0.18996862520168453,119.0,116.0,0.2654179945441615,-0.4861278087513285,0.4865646213014967,-0.5202958774363269,-0.2079531990529313,0.35,0.485,0.51,0.53,0.68,0
0.11242067089755213,0.1942908257470673,184.0,1.0635838150289016,173.0,0.9885714285714284,175.0,0.9722222222222222,0.09558160504959423,0.9661016949152542,177.0,0.9725274725274724,182.0,0.978494623655914,186.0,0.9946524064171124,235.0,-0.2206256627417245,0.18026184884564303,116.0,119.0,0.26287793658123193,-0.4238965622946452,0.5033999148978805,-0.6298048196843045,-0.0955734039877509,0.34,0.475,0.495,0.515,0.685,0
0.038984587488667274,0.19138136629457575,109.0,1.0,109.0,0.981981981981982,111.0,1.0,0.020739404869251576,0.6666666666666666,132.0,1.1891891891891893,111.0,1.0,111.0,0.9652173913043478,138.0,-0.1747152705021978,0.5093925153332716,77.0,61.0,0.3134776216924614,-0.5557207629437164,0.65333901983447,-1.08515514989301,0.4193789432416105,0.37,0.515,0.56,0.61,0.905,0
0.09519492293744333,0.18060582620946744,177.0,0.9725274725274724,182.0,1.0282485875706215,177.0,1.047337278106509,0.09828674481514878,1.0175438596491229,171.0,1.0363636363636364,165.0,0.9482758620689656,174.0,0.9405405405405406,244.0,-0.1851000827805453,0.231327573647129,123.0,121.0,0.2739124732459235,-0.464145452067875,0.6220752696275579,-0.440000420463973,-0.1301456946331649,0.345,0.485,0.505,0.525,0.67,0
0.08250226654578423,0.18844819437890717,157.0,1.0,157.0,0.9751552795031057,161.0,0.9640718562874252,0.08476104598737602,0.9636363636363636,165.0,0.9821428571428572,168.0,0.9940828402366864,169.0,1.0242424242424242,223.0,-0.287437789190772,0.10867652727653135,112.0,111.0,0.287097155074573,-0.5286718322633356,0.37587975731408635,-0.3420100727229249,-0.270554863007884,0.35,0.48,0.505,0.525,0.855,0
0.09882139619220308,0.1794891269727526,182.0,0.9891304347826086,184.0,1.010989010989011,182.0,1.0167597765363128,0.1018935978358882,0.9888888888888889,180.0,1.0344827586206895,174.0,1.0419161676646709,167.0,0.9597701149425288,249.0,-0.2309097992784941,0.17553318614042443,125.0,124.0,0.26296787210232236,-0.453334663074685,0.4919001455651241,-0.6385562828011364,-0.0999788391717691,0.395,0.48,0.505,0.525,0.685,0
0.07071622846781506,0.18608499870678283,146.0,1.020979020979021,143.0,1.0592592592592591,135.0,0.9574468085106383,0.07123534715960325,1.0,144.0,1.0588235294117647,136.0,0.9927007299270072,137.0,0.958041958041958,201.0,-0.2462282674052972,0.23474490390146924,101.0,100.0,0.3186245134452598,-0.3076183804428434,0.41293484209709874,-0.5265746203066716,-0.2293630685861211,0.35,0.47,0.505,0.575,0.825,0
0.08068902991840435,0.18853413946998457,155.0,0.9935897435897436,156.0,0.951219512195122,164.0,0.970414201183432,0.08476104598737602,0.9464285714285714,168.0,0.9882352941176472,170.0,1.0179640718562877,167.0,1.050314465408805,219.0,-0.2373065733525823,0.23081218592093902,108.0,111.0,0.26241229382689696,-0.5178191199556353,0.5887851337119527,-0.4307189875741399,-0.186737517155978,0.33,0.475,0.495,0.52,0.675,0
0.061650045330915684,0.1833030105387926,138.0,1.0615384615384615,130.0,0.9848484848484848,132.0,1.0232558139534884,0.057709648331830475,1.015748031496063,127.0,1.032520325203252,123.0,0.984,125.0,0.992063492063492,182.0,0.0552240628967814,0.27100160313513655,92.0,90.0,0.38495487274298956,-0.1882747143579566,0.45055264418763064,-0.3898208382988207,0.3833915257675996,0.34,0.45,0.51,0.54,0.765,0
0.10244786944696282,0.1864351693567835,180.0,1.0588235294117647,170.0,1.0,170.0,0.96045197740113,0.08205590622182146,0.9512195121951219,164.0,1.025,160.0,0.975609756097561,164.0,0.942528735632184,224.0,-0.1985792401163304,0.18902121094940816,115.0,109.0,0.27704707194322037,-0.4426955265037128,0.5088626784054602,-0.4986095283731385,-0.1281913567290679,0.405,0.49,0.515,0.54,0.7,0
0.0815956482320943,0.18441823446364028,159.0,1.0063291139240509,158.0,0.9634146341463414,164.0,0.9879518072289156,0.09107303877366997,0.9485714285714286,175.0,0.9776536312849162,179.0,0.9835164835164836,182.0,1.0167597765363128,229.0,-0.3220971791507228,0.21839276629492943,113.0,116.0,0.23065462365657044,-0.6651067336313093,0.5158999791654217,-0.5269340493848605,-0.2771721218280317,0.33,0.47,0.495,0.52,0.675,0
0.07162284678150499,0.18605576368034485,147.0,1.0068493150684932,146.0,1.0354609929078014,141.0,1.0,0.06943192064923355,1.0070921985815602,141.0,0.9724137931034482,145.0,0.9931506849315068,146.0,1.6222222222222222,201.0,-0.2023179883869392,0.2334367043779235,102.0,99.0,0.3208571454289306,-0.2749305241535376,0.44229329165923625,-0.4655628472314346,-0.2169275957530953,0.35,0.47,0.505,0.59,0.745,0
0.06618313689936536,0.18776308922431886,140.0,0.9395973154362416,149.0,0.9738562091503268,153.0,1.0,0.07303877366997295,0.9798657718120806,149.0,0.9802631578947368,152.0,1.0133333333333334,150.0,1.020408163265306,206.0,-0.3075129908704661,0.2249775890771647,104.0,102.0,0.29150359356902134,-0.3990203977427859,0.4047913200949747,-0.5950354216729461,-0.334233880939301,0.345,0.47,0.505,0.58,0.84,0
0.038984587488667274,0.17996877695835065,115.0,1.0267857142857142,112.0,1.0275229357798166,109.0,0.981981981981982,0.04238052299368801,1.018181818181818,110.0,1.0091743119266054,109.0,1.058252427184466,103.0,0.8046875,156.0,-0.3303666645226037,0.4827319506171121,78.0,78.0,0.20864999481613558,-0.6212476669397073,0.6738062237038613,-1.1399844703161892,0.2332548954274435,0.305,0.46,0.5,0.54,0.8,0
0.0815956482320943,0.183094620940015,160.0,1.032258064516129,155.0,0.9935897435897436,156.0,0.951219512195122,0.0811541929666366,0.9748427672955975,159.0,0.9464285714285714,168.0,0.9882352941176472,170.0,1.0179640718562877,220.0,-0.2335576150102037,0.20924955109509266,112.0,108.0,0.25773145069617576,-0.4802975872663859,0.5245088047003178,-0.4808787486503905,-0.1690671649155654,0.4,0.49,0.515,0.535,0.695,0
0.08975521305530372,0.17935550355137717,172.0,0.9717514124293786,177.0,1.0,177.0,0.9833333333333332,0.10459873760144274,0.9890710382513661,183.0,0.973404255319149,188.0,1.0621468926553672,177.0,1.059880239520958,249.0,-0.162870732749126,0.22565915540399487,123.0,126.0,0.2841503867555372,-0.4646070191755828,0.6013031480102558,-0.3802905857707154,0.072400030147234,0.38,0.475,0.5,0.52,0.695,0
0.11876699909338169,0.24003102375724444,158.0,1.082191780821918,146.0,0.9668874172185432,151.0,1.0134228187919463,0.0703336339044184,1.6627906976744187,86.0,0.4056603773584906,212.0,1.3333333333333333,159.0,1.2926829268292683,209.0,-0.3472842397343852,0.30117429947135554,109.0,100.0,0.3950334270877933,-0.3019059783521758,0.4372558000469755,-0.6025113662694226,0.093874302058001,0.495,0.48,0.525,0.64,0.565,0
0.0942883046237534,0.19050192395111054,168.0,1.024390243902439,164.0,1.0123456790123455,162.0,1.0318471337579618,0.08656447249774572,1.00625,160.0,1.032258064516129,155.0,0.9935897435897436,156.0,0.951219512195122,226.0,-0.3050711168762486,0.22821899456112146,114.0,112.0,0.2437248956389458,-0.5975566102259983,0.5529673306465385,-0.5445685537830899,-0.2763624409448424,0.36,0.485,0.51,0.53,0.68,0
0.0942883046237534,0.18298944625223068,174.0,0.935483870967742,186.0,1.0,186.0,1.056818181818182,0.10459873760144274,1.052325581395349,172.0,1.0238095238095235,168.0,1.0059880239520955,167.0,0.9823529411764704,252.0,-0.1229527850823248,0.21504299414491265,126.0,126.0,0.3001502274606939,-0.4099199936980158,0.5740079670510895,-0.3603293887600606,-0.0175996467294979,0.335,0.48,0.505,0.525,0.695,0
0.05802357207615594,0.19322519711695446,128.0,1.024,125.0,0.9398496240601504,133.0,0.9432624113475178,0.058611361587015326,0.9774436090225563,133.0,0.9851851851851852,135.0,0.9642857142857144,140.0,0.9859154929577464,179.0,-0.2209817980215211,0.2567769725771918,88.0,91.0,0.2742638958090131,-0.4636524370652959,0.3646425738366345,-0.6273716715450584,0.2113782339845257,0.33,0.435,0.5,0.525,0.73,0
0.0643699002719855,0.17330850201756604,148.0,1.0068027210884354,147.0,1.013793103448276,145.0,0.9666666666666668,0.0739404869251578,0.9671052631578947,152.0,1.0410958904109588,146.0,0.9931972789115646,147.0,1.0352112676056338,200.0,-0.2690190918443284,0.18170639264306587,98.0,,0.3012591839979609,-0.3834340825951254,0.38825416134573243,-0.5359610341408629,-0.220565726327937,0.345,0.46,0.49,0.56,0.805,0
0.07162284678150499,0.1639334052599501,164.0,0.9479768786127168,173.0,1.005813953488372,172.0,2.0,0.1036970243462579,1.0344827586206897,174.0,1.0807453416149069,161.0,2.037974683544304,79.0,0.3291666666666666,302.0,-0.0884906359786119,0.24313918960716618,177.0,125.0,0.32302063649965584,-0.0520926792523342,0.5756535774862904,-0.2791299645486218,0.3897135137348285,0.45,0.555,0.59,0.675,0.61,0
0.03626473254759746,0.17451275837217284,115.0,1.074766355140187,107.0,0.981651376146789,109.0,0.990909090909091,0.04147880973850315,0.9823008849557522,113.0,1.13,100.0,0.8064516129032258,124.0,0.5740740740740741,228.0,-0.4262537669948393,0.7496879421715712,151.0,77.0,0.96063725047388,-0.731674473997897,0.8612296958414766,-1.0855347601954763,-0.9891079385815646,0.185,0.145,0.195,0.225,0.23,0
0.06980961015412511,0.18759709924087695,144.0,1.7349397590361446,83.0,0.4345549738219895,191.0,1.3356643356643356,0.0703336339044184,1.0214285714285714,140.0,1.0218978102189782,137.0,0.9927536231884058,138.0,0.9583333333333334,200.0,-0.3344584620103352,0.1626106408927181,100.0,100.0,0.276203422613702,-0.4006226340376139,0.3470979088668122,-0.56,-0.2142141059124888,0.345,0.47,0.505,0.565,0.535,0
0.03535811423390753,0.07354450798644423,228.0,1.0410958904109588,219.0,2.046728971962617,107.0,0.9304347826086956,0.03787195671776375,0.4841628959276018,221.0,1.9217391304347824,115.0,1.0267857142857142,112.0,0.509090909090909,152.0,-0.3617652229261657,0.5082285590928649,78.0,74.0,0.25697643643188667,-0.6254413830965824,0.782809891561954,-1.1786659348429962,0.0278448148069942,0.33,0.475,0.515,0.56,0.85,0
0.0843155031731641,0.4239580993472483,76.0,0.3193277310924369,238.0,1.515923566878981,157.0,0.8971428571428571,0.0829576194770063,0.9345238095238095,168.0,0.96,175.0,0.9776536312849162,179.0,1.0529411764705885,218.0,-0.2482138621361843,0.3592983561597052,109.0,109.0,0.28895456681374715,-0.2629249897671245,0.6820895885766145,-0.4627533946082957,0.3562939609086714,0.33,0.46,0.505,0.585,0.525,0
0.09791477787851315,0.1865679613435371,175.0,1.0,175.0,1.0542168674698795,166.0,1.0,0.09197475202885483,1.04375,160.0,0.9411764705882352,170.0,0.9550561797752808,178.0,1.0289017341040465,237.0,-0.2473574682126985,0.2273213209324874,121.0,116.0,0.25892176577735854,-0.4955199973374722,0.5783436504003168,-0.4549417188060727,-0.2237494955718162,0.385,0.49,0.51,0.535,0.69,0
0.07252946509519492,0.1777131502268356,154.0,1.0335570469798658,149.0,1.0492957746478873,142.0,1.0142857142857142,0.07484220018034266,1.0277777777777777,144.0,1.0285714285714285,140.0,0.9929078014184396,141.0,0.9929577464788732,207.0,-0.1650098778982406,0.27478063786644413,104.0,103.0,0.3761222207247439,-0.0905079920929008,0.46113029407690376,-0.5025902564594623,-0.2324482109506962,0.345,0.45,0.5,0.565,0.855,0
0.07887579329102448,0.1804720574987947,159.0,0.9464285714285714,168.0,0.9940828402366864,169.0,0.9883040935672516,0.09558160504959423,1.0118343195266273,169.0,1.0242424242424242,165.0,1.03125,160.0,1.0,234.0,-0.2744110141140304,0.09598990461785994,115.0,119.0,0.2957519860837805,-0.4864909138095431,0.33955678850631243,-0.3738065317938087,-0.2357569078860065,0.335,0.47,0.495,0.515,0.815,0
0.07887579329102448,0.1817874498204099,158.0,0.9518072289156626,166.0,1.0849673202614378,153.0,1.0774647887323945,0.09017132551848513,1.0248447204968945,161.0,1.0254777070063694,157.0,0.9751552795031057,161.0,0.9470588235294116,229.0,-0.1906420357528317,0.36746586833830613,114.0,115.0,0.48092953034869046,-0.2021154771257081,0.6660787885475479,-0.3976092387771827,0.3791281333770827,0.475,0.455,0.505,0.585,0.53,0
0.09791477787851315,0.18535246196478744,176.0,0.9513513513513514,185.0,0.9343434343434344,198.0,1.0879120879120878,0.11181244364292155,1.0441988950276244,181.0,1.0773809523809523,168.0,1.0769230769230769,156.0,1.033112582781457,260.0,-0.3897123902300787,0.2387024345652798,128.0,132.0,0.21485902106763696,-0.6966160033416192,0.5278048093066309,-0.6141760578502602,-0.0059388320012703,0.36,0.47,0.495,0.515,0.71,0
0.09247506799637353,0.18300342295492625,172.0,1.0,172.0,1.011764705882353,170.0,0.9826589595375722,0.08746618575293057,0.9759036144578314,166.0,0.9222222222222224,180.0,1.0404624277456649,173.0,1.0297619047619049,231.0,-0.2816866569107272,0.25552198708196633,118.0,113.0,0.24587720855554232,-0.552702078728922,0.6029349981329921,-0.5368242187368917,-0.2573067233223046,0.385,0.49,0.51,0.535,0.68,0
0.07524932003626474,0.17394442310277933,160.0,0.9411764705882352,170.0,1.0828025477707006,157.0,0.98125,0.09287646528403967,1.070063694267516,157.0,0.9751552795031057,161.0,1.00625,160.0,1.0062893081761006,229.0,-0.2903275172197077,0.08798729947411393,112.0,117.0,0.2913954162455146,-0.4832581981899655,0.3111617955929785,-0.4232059532930773,-0.2481536319324649,0.37,0.47,0.49,0.51,0.86,0
0.06346328195829556,0.18479676462813382,139.0,0.9586206896551724,145.0,0.9797297297297296,148.0,0.9736842105263158,0.07303877366997295,0.9798657718120806,149.0,1.0347222222222223,144.0,0.9664429530201344,149.0,1.0642857142857145,202.0,-0.1922816499872492,0.21945128178380346,100.0,102.0,0.32334481060619374,-0.2742605650604614,0.42986051959121174,-0.4828442971411183,-0.2153960177947788,0.33,0.46,0.5,0.575,0.74,0
0.05349048050770626,0.17256035956437393,136.0,0.951048951048951,143.0,1.0141843971631206,141.0,1.068181818181818,0.05320108205590622,0.9612403100775194,129.0,0.9772727272727272,132.0,0.9496402877697842,139.0,1.0072463768115942,172.0,-0.1924178173043231,0.26051049546037536,86.0,86.0,0.3234480921153307,-0.3814864899971267,0.3855216911227861,-0.6582153277671021,0.0854809790733968,0.335,0.465,0.505,0.53,0.795,0
0.08884859474161379,0.17010323869544816,179.0,0.9944444444444444,180.0,0.972972972972973,185.0,1.0451977401129944,0.1055004508566276,1.0520231213872833,173.0,1.0116959064327486,171.0,0.9827586206896552,174.0,1.0175438596491229,258.0,-0.2155474251016333,0.17850506047704276,131.0,127.0,0.28321487621078784,-0.392263110081558,0.426342211186821,-0.5453001760770808,-0.0159169629338698,0.365,0.485,0.51,0.53,0.705,0
0.06980961015412511,0.1953293664551677,139.0,1.037313432835821,134.0,1.0229007633587786,131.0,0.9632352941176472,0.06582506762849413,1.0454545454545454,132.0,1.0,132.0,1.0,132.0,0.9777777777777776,190.0,-0.0984808352692859,0.2298541205441683,94.0,96.0,0.3105935197661263,-0.3057330048252807,0.40514395301143025,-0.4734024138569291,0.2516416746763527,0.325,0.44,0.505,0.53,0.725,0
0.03445149592021759,0.21260916885109843,95.0,0.753968253968254,126.0,0.5727272727272728,220.0,0.990990990990991,0.023444544634806132,0.7165354330708661,127.0,1.1545454545454543,110.0,1.02803738317757,107.0,0.9304347826086956,215.0,-0.0498801136593003,0.7533292934816178,152.0,63.0,0.9829844090320325,-0.2910552803480238,0.9515676845444333,-0.6557656260259699,-0.5873601379042074,0.18,0.14,0.195,0.23,0.235,0
0.0643699002719855,0.18327076456606103,141.0,1.0,141.0,1.014388489208633,139.0,0.9586206896551724,0.06582506762849413,0.9583333333333334,144.0,0.9863013698630136,146.0,0.9798657718120806,149.0,1.0347222222222223,192.0,-0.2235618375867485,0.2076649189347492,96.0,96.0,0.30914945316883985,-0.3179869909151943,0.420292498653167,-0.475077880534237,-0.1427043539516339,0.345,0.465,0.5,0.58,0.755,0
0.06890299184043518,0.18467224125677975,145.0,0.9602649006622516,151.0,1.0202702702702702,148.0,1.049645390070922,0.0739404869251578,1.027972027972028,143.0,1.0070422535211268,142.0,0.9861111111111112,144.0,1.051094890510949,208.0,-0.2567245319275083,0.1790605477919365,106.0,102.0,0.3077733807365603,-0.3451525912723958,0.3744700983059407,-0.5246556744358157,-0.267368461601778,0.35,0.46,0.51,0.585,0.75,0
0.08884859474161379,0.1963483433046185,158.0,0.9575757575757576,165.0,1.0248447204968945,161.0,1.0254777070063694,0.09377817853922453,0.9941176470588236,170.0,0.9826589595375722,173.0,0.9719101123595506,178.0,0.9726775956284152,230.0,-0.3260289632043079,0.22791284951839766,112.0,118.0,0.24739064437626754,-0.6387649622873014,0.5462501364973092,-0.5506495749039975,-0.2203350872541172,0.35,0.47,0.495,0.515,0.68,0
0.08250226654578423,0.18440179205962007,160.0,0.98159509202454,163.0,0.9939024390243902,164.0,0.9761904761904762,0.08926961226330027,1.312,125.0,0.625,200.0,1.2269938650306749,163.0,1.0124223602484472,224.0,-0.2647731033981959,0.09466892317367977,110.0,114.0,0.3001923305906707,-0.4648955930102983,0.34506952073043023,-0.3608921629336025,-0.2142265401795889,0.37,0.47,0.495,0.515,0.82,0
0.06527651858567543,0.18475407931171223,141.0,0.9724137931034482,145.0,0.9863945578231292,147.0,0.9607843137254902,0.07664562669071236,1.0,150.0,1.020408163265306,147.0,1.027972027972028,143.0,0.9794520547945206,240.0,-0.1463246511116029,0.20021845473819494,135.0,105.0,0.3418079729991521,-0.1344834854923797,0.4303397101760624,-0.4143888566035895,-0.0703325354560176,0.425,0.535,0.56,0.62,0.775,0
0.0770625566636446,0.1715851386430043,164.0,0.970414201183432,169.0,1.0180722891566265,166.0,1.0440251572327044,0.09467989179440937,1.0179640718562875,167.0,1.050314465408805,159.0,1.0,159.0,0.9814814814814816,235.0,-0.2342901799463616,0.22603106548432075,117.0,118.0,0.2585431328846322,-0.5531255143516529,0.5794510948673197,-0.4344624265992406,-0.0820534447368672,0.385,0.475,0.5,0.525,0.705,0
0.08884859474161379,0.1881638943062884,164.0,1.0123456790123455,162.0,1.0062111801242235,161.0,1.0254777070063694,0.07844905320108206,0.9559748427672956,159.0,1.0192307692307692,156.0,0.9873417721518988,158.0,0.9693251533742332,217.0,-0.266013488231652,0.0970214628487696,111.0,106.0,0.2943410408306699,-0.4895569918222161,0.3613932645615947,-0.3585742540718299,-0.2438967234409244,0.395,0.49,0.515,0.535,0.83,0
0.08340888485947416,0.17317549891477635,170.0,1.0240963855421688,166.0,1.0121951219512195,164.0,1.0186335403726707,0.08566275924256087,1.0596026490066226,151.0,0.9805194805194806,154.0,1.013157894736842,152.0,0.987012987012987,227.0,-0.3081921828671619,0.09522201332265834,115.0,112.0,0.2774222260569468,-0.5359471149948694,0.33387529676869326,-0.404477641926682,-0.2590708088209856,0.345,0.485,0.51,0.53,0.835,0
0.09338168631006347,0.17042074443253952,184.0,0.9533678756476685,193.0,1.0432432432432432,185.0,1.0393258426966292,0.11000901713255185,1.0625,176.0,0.9723756906077348,181.0,1.0402298850574712,174.0,0.9720670391061452,265.0,-0.1760946493263795,0.2000085084688676,135.0,130.0,0.2837422285902278,-0.4303368172572565,0.5612865722359945,-0.5463007991024146,-0.1265324216000248,0.405,0.49,0.51,0.53,0.665,0
0.10244786944696282,0.18883736147670704,178.0,1.0532544378698223,169.0,0.9657142857142856,175.0,0.9831460674157304,0.09287646528403967,0.96,175.0,1.0,175.0,0.9887005649717514,177.0,0.99438202247191,233.0,-0.1279011154781623,0.21851161666244479,116.0,117.0,0.2854688785291514,-0.4519713456472941,0.6054922508694762,-0.3914318972403274,0.0659231120896081,0.39,0.475,0.5,0.52,0.68,0
0.03535811423390753,0.18967980375010102,106.0,0.9724770642201837,109.0,0.9732142857142856,112.0,1.0,0.03787195671776375,0.9224137931034483,116.0,1.0740740740740742,108.0,0.4909090909090909,220.0,2.156862745098039,151.0,-0.2192290672820129,0.4868673351732488,77.0,74.0,0.27339557683717947,-0.5724465952638147,0.6827977559051923,-0.9606544527182362,0.2588760941265867,0.31,0.47,0.515,0.56,0.87,0
0.09610154125113328,0.18786731549299168,172.0,1.0238095238095235,168.0,0.96,175.0,1.0115606936416186,0.09828674481514878,1.0235294117647058,170.0,0.9714285714285714,175.0,0.9114583333333334,192.0,1.0726256983240223,238.0,-0.235872535501179,0.20085172902592177,117.0,121.0,0.2624295149304633,-0.4344848700398785,0.5259060809723466,-0.55118436278995,-0.130646049282729,0.34,0.475,0.495,0.52,0.685,0
0.08703535811423391,0.1793123329075482,169.0,1.005952380952381,168.0,1.0120481927710845,166.0,1.0246913580246917,0.08926961226330027,1.025,160.0,1.019108280254777,157.0,0.9691358024691358,162.0,1.0,233.0,-0.2956814188489943,0.09478014413964173,119.0,114.0,0.28882107410069985,-0.5266875282110305,0.3274603465945336,-0.3850334383320726,-0.2944430545714221,0.39,0.49,0.515,0.535,0.83,0
0.08703535811423391,0.18054252494459555,168.0,1.0059880239520955,167.0,0.9542857142857144,175.0,0.9887005649717514,0.09107303877366997,0.9880952380952381,168.0,1.0,168.0,1.0120481927710845,166.0,1.0,230.0,-0.1890658930829791,0.21918972268177875,114.0,116.0,0.27268179384387337,-0.4648735223731005,0.5746632542863253,-0.4055661341286231,-0.1165328181987211,0.38,0.475,0.5,0.52,0.675,0
0.08068902991840435,0.16833352484669664,171.0,1.0058823529411764,170.0,1.0303030303030305,165.0,0.9880239520958084,0.09558160504959423,1.0301204819277108,166.0,0.988095238095238,168.0,1.024390243902439,164.0,1.0123456790123455,244.0,-0.2636609542888456,0.23751327704049732,125.0,119.0,0.24733303090679237,-0.5779349393105937,0.5945624752425113,-0.506483826942412,-0.1703964968439532,0.4,0.49,0.515,0.535,0.685,0
0.08703535811423391,0.18054252494459555,168.0,0.9655172413793104,174.0,0.9666666666666668,180.0,1.0227272727272727,0.10099188458070334,1.0,177.0,1.0535714285714286,168.0,1.0059880239520955,167.0,1.030864197530864,241.0,-0.1549125960525011,0.2036991698446588,118.0,123.0,0.2846305463809627,-0.4601817249805153,0.5667760136588615,-0.3593576241930877,0.0747573153254171,0.38,0.465,0.49,0.515,0.71,0
0.09247506799637353,0.17144499700595198,182.0,1.04,175.0,1.0057471264367817,174.0,-1.0,0.09287646528403967,1.024390243902439,164.0,1.0186335403726707,161.0,0.9817073170731708,164.0,1.0061349693251531,238.0,-0.1932120182297891,0.24645258596762135,121.0,117.0,0.2840056486986917,-0.5334143552992092,0.6312275593882657,-0.4015509538139205,-0.1760054949902188,0.35,0.485,0.51,0.535,0.68,0
0.0815956482320943,0.16841174534072986,172.0,0.9828571428571428,175.0,1.0355029585798816,169.0,0.949438202247191,0.09558160504959423,1.0426829268292683,164.0,1.0718954248366013,153.0,1.047945205479452,146.0,1.0354609929078014,233.0,-0.2151823974919143,0.2556755420915625,114.0,119.0,0.4159487302650725,-0.2853028082416511,0.5296596943023636,0.0994467909470167,0.0994467909470167,0.47,0.445,0.495,0.52,0.52,0
0.08340888485947416,0.1940103486011328,154.0,1.013157894736842,152.0,0.95,160.0,0.963855421686747,0.08385933273219116,0.9575757575757575,165.0,0.9649122807017544,171.0,1.0058823529411764,170.0,1.0303030303030305,222.0,-0.309971124172983,0.08195060223825054,112.0,110.0,0.2858383609381859,-0.5219140480887096,0.2854305235357069,-0.4221180181389439,-0.3118168749154333,0.385,0.485,0.505,0.525,0.815,0
0.09610154125113328,0.1760416427012666,182.0,0.9837837837837838,185.0,0.9788359788359788,189.0,1.0106951871657754,0.1073038773669973,1.0222222222222221,180.0,1.0344827586206895,174.0,1.0235294117647058,170.0,0.9714285714285714,254.0,-0.2012178156972183,0.18486947545287435,126.0,128.0,0.2740032194643885,-0.4051555128812306,0.4996179208404812,-0.5131846519178486,0.0281689754946229,0.385,0.475,0.5,0.52,0.695,0
0.06255666364460562,0.1803041350747587,141.0,0.9591836734693876,147.0,0.9671052631578948,152.0,1.0133333333333334,0.0739404869251578,0.9932432432432432,148.0,0.9866666666666668,150.0,1.020408163265306,147.0,1.013793103448276,201.0,-0.2130520826719604,0.2159436887552542,99.0,102.0,0.31472645607329774,-0.2887437521994587,0.4049184792841894,-0.4844780636430242,-0.2152106144675989,0.335,0.46,0.495,0.58,0.845,0
0.09882139619220308,0.18533232065323726,177.0,1.0,177.0,1.0662650602409638,166.0,1.01840490797546,0.09287646528403967,1.018181818181818,165.0,0.9649122807017544,171.0,0.9661016949152542,177.0,0.9725274725274724,240.0,-0.2379701570491555,0.25006077449227765,123.0,117.0,0.25840056559469743,-0.573380757282598,0.634393089702984,-0.5449037693401032,0.0621034924062225,0.395,0.49,0.515,0.535,0.725,0
0.08612873980054397,0.17929760006878112,168.0,1.024390243902439,164.0,1.0123456790123455,162.0,0.9585798816568049,0.08385933273219116,0.9634146341463414,164.0,0.9879518072289156,166.0,0.994011976047904,167.0,1.0569620253164558,221.0,-0.209711484770286,0.22733560423445243,111.0,110.0,0.2643393538547403,-0.5816080404792052,0.6021522513675168,-0.5555744052246606,-0.1142797688467202,0.34,0.48,0.505,0.525,0.7,0
0.08522212148685404,0.18052752584970622,166.0,0.994011976047904,167.0,0.9542857142857144,175.0,1.0606060606060606,0.09287646528403967,1.0120481927710843,166.0,1.01840490797546,163.0,1.038216560509554,157.0,1.0064102564102564,234.0,-0.3581795894138228,0.1000186745057775,117.0,117.0,0.2699900789222387,-0.5878954040762367,0.2864650400546554,-0.4476466751719236,-0.3532244475869778,0.385,0.48,0.505,0.525,0.82,0
0.0371713508612874,0.19573060842953094,105.0,0.4772727272727273,220.0,1.0,220.0,1.0232558139534884,0.1406672678088368,0.9866071428571429,224.0,2.093457943925233,107.0,1.019047619047619,105.0,0.9545454545454546,308.0,-0.3721310035633444,0.6724561674161343,154.0,154.0,0.2278865649468196,-0.4789338577937252,0.8600674510278989,-0.7055949445045357,-0.7055949445045357,0.1,0.12,0.145,0.17,0.17,0
0.10154125113327289,0.3083766529821664,114.0,0.4691358024691358,243.0,1.4727272727272729,165.0,1.0248447204968945,0.0829576194770063,2.038961038961039,77.0,0.2972972972972973,259.0,1.488505747126437,174.0,0.9886363636363636,233.0,-0.1408165849073151,0.3944896361032482,124.0,109.0,0.31427414503003714,-0.1542742456213442,0.7651948317483483,-0.3980396428448168,0.0326661991580972,0.395,0.49,0.535,0.645,0.58,0
0.07524932003626474,0.16322407297394703,169.0,0.9602272727272728,176.0,1.0414201183431953,169.0,0.9941176470588236,0.10640216411181244,1.0457142857142858,175.0,1.0542168674698795,166.0,1.0573248407643312,157.0,0.9127906976744186,253.0,-0.1192887869149946,0.33553379555358115,125.0,128.0,0.31131553386843314,-0.1375210244163492,0.6739127659829274,-0.3349522958105791,0.4047040362831116,0.33,0.455,0.5,0.615,0.525,0
0.08068902991840435,0.1844348849993569,158.0,0.9875,160.0,0.975609756097561,164.0,1.0580645161290323,0.09107303877366997,1.0573248407643312,157.0,1.0,157.0,0.9691358024691358,162.0,1.0125,238.0,-0.2323086088651467,0.09191519234631496,122.0,116.0,0.3061641469148155,-0.4303315023518471,0.33961584970058795,-0.3552564384317538,-0.2159658658942655,0.395,0.49,0.515,0.535,0.835,0
0.043517679057116954,0.10159622673168289,193.0,1.1696969696969697,165.0,0.9705882352941176,170.0,1.0303030303030305,0.09017132551848513,1.0185185185185186,162.0,0.9700598802395208,167.0,1.0705128205128205,156.0,1.0129870129870129,232.0,-0.2514836946184311,0.1370478469175563,117.0,115.0,0.2956061185902456,-0.4691735045940355,0.368721059452035,-0.3299976255557256,-0.2455213878682117,0.39,0.48,0.51,0.53,0.845,0
0.10154125113327289,0.18527323947269012,180.0,1.0169491525423728,177.0,1.0,177.0,1.0662650602409638,0.10009017132551848,1.0476190476190477,168.0,1.018181818181818,165.0,0.9649122807017544,171.0,0.9661016949152542,243.0,-0.254158474055747,0.22351800263099128,120.0,123.0,0.25777313227572524,-0.5028094830277319,0.5780955312087115,-0.4437554801044984,-0.0313876353162835,0.335,0.475,0.495,0.52,0.7,0
0.0942883046237534,0.1759778003999428,180.0,1.1042944785276074,163.0,2.08974358974359,78.0,0.8210526315789474,0.0811541929666366,1.054421768707483,147.0,1.0068493150684932,146.0,0.906832298136646,161.0,1.0,222.0,-0.1707067672638681,0.22796373375275616,114.0,108.0,0.3187407523456735,-0.1903881995859795,0.4987448205915071,-0.2888719887058986,0.1306887259945627,0.355,0.46,0.515,0.605,0.545,0
0.08522212148685404,0.209005259434105,146.0,1.0579710144927537,138.0,0.9517241379310344,145.0,0.9602649006622516,0.011722272317403066,0.319672131147541,244.0,1.4269005847953216,171.0,0.9344262295081968,183.0,1.605263157894737,168.0,-0.2548015034266193,0.37908236291357345,114.0,54.0,0.2828378242035143,-0.280714555411248,0.6152264008727982,0.2422424804189677,0.2422424804189677,0.485,0.63,0.685,0.715,0.715,0
0.09972801450589303,0.19401829070560378,171.0,1.0058823529411764,170.0,0.9883720930232558,172.0,1.0238095238095235,0.10099188458070334,1.023121387283237,173.0,1.0116959064327486,171.0,1.0118343195266273,169.0,0.9602272727272728,245.0,-0.1786417049837646,0.22219465322901927,122.0,123.0,0.27545725335255555,-0.4087537747303093,0.5833355980066542,-0.3799136438074446,0.00974847090067,0.395,0.48,0.5,0.525,0.69,0
0.06618313689936536,0.19088081413070618,138.0,0.9324324324324323,148.0,0.9426751592356688,157.0,0.9631901840490796,0.08926961226330027,0.9213483146067416,178.0,1.7623762376237624,101.0,0.407258064516129,248.0,1.4850299401197604,282.0,-0.2535850998253799,0.2385178085793565,168.0,114.0,0.2675537305362828,-0.31116579078004,0.55141886428793,-0.4077263421376619,0.0908460025563742,0.475,0.55,0.6,0.67,0.62,0
0.06527651858567543,0.1878060794358578,139.0,0.9928571428571428,140.0,0.9523809523809524,147.0,0.9483870967741936,0.0703336339044184,1.0,143.0,0.9662162162162162,148.0,1.0,148.0,0.9736842105263158,198.0,-0.2244792677891377,0.2058678873069328,98.0,100.0,0.30674016024418516,-0.3183628590014357,0.40919353738999303,-0.4810528353529335,-0.1621105527638191,0.33,0.46,0.495,0.56,0.785,0
0.007252946509519492,0.03272240869017083,275.0,1.608187134502924,171.0,1.0754716981132075,159.0,1.06,0.09558160504959423,1.71,100.0,0.4901960784313725,204.0,1.3972602739726028,146.0,0.9668874172185432,285.0,-0.0860561456809326,0.3533276860564544,166.0,119.0,0.3276312607066904,-0.1023670970243783,0.7514595439154486,-0.3149491862694841,0.31104965338015,0.45,0.54,0.585,0.67,0.61,0
0.09791477787851315,0.17833996554892395,182.0,0.978494623655914,186.0,1.1411042944785277,163.0,1.0124223602484472,0.08926961226330027,2.0759493670886076,79.0,0.3347457627118644,236.0,1.4303030303030304,165.0,0.9821428571428572,237.0,-0.2268706782293048,0.36519219566480227,123.0,114.0,0.2854971528165255,-0.234661735504865,0.6808223046341156,-0.4280707389501269,0.2969372399157838,0.355,0.475,0.52,0.645,0.545,0
0.07887579329102448,0.17789029368742576,161.0,0.936046511627907,172.0,1.0058479532163742,171.0,1.0178571428571428,0.09197475202885483,0.9881656804733728,169.0,1.0304878048780488,164.0,1.051282051282051,156.0,1.0129870129870129,230.0,-0.3095128623663434,0.08491979172197457,114.0,116.0,0.26344065007333334,-0.4636891888049763,0.30719553438239633,-0.4380847358846722,-0.2315028620010206,0.37,0.48,0.5,0.52,0.83,0
0.09066183136899365,0.1880870696739284,166.0,1.0506329113924051,158.0,0.9575757575757576,165.0,1.0248447204968945,0.0829576194770063,1.0064102564102564,156.0,0.975,160.0,1.0,160.0,0.9696969696969696,224.0,-0.3081507636163196,0.07440413311553545,115.0,109.0,0.28298484716241257,-0.4865839847614499,0.2664541266000801,-0.4127973131614757,-0.2736638870724024,0.355,0.495,0.515,0.535,0.825,0
0.07887579329102448,0.18583546361015468,155.0,1.0402684563758389,149.0,1.0955882352941178,136.0,1.5280898876404494,0.023444544634806132,0.4666666666666667,195.0,1.3732394366197185,142.0,0.9594594594594594,148.0,0.9866666666666668,168.0,-0.0470710117770085,0.4116991278931356,105.0,63.0,0.3343267822437813,-0.0580017665749901,0.715954911510342,0.2003522167608427,0.2003522167608427,0.415,0.565,0.635,0.67,0.67,0
0.05439709882139619,0.18837476884834106,127.0,0.9071428571428573,140.0,0.8805031446540881,159.0,1.0324675324675323,0.06311992786293959,0.823170731707317,164.0,0.8770053475935828,187.0,0.949238578680203,197.0,1.0648648648648649,186.0,-0.5144438045140504,0.23972533745950445,92.0,94.0,0.19142126317202812,-0.7489745897811679,0.46118307777732664,-0.6575566297776978,-0.2702111306022585,0.345,0.44,0.5,0.525,0.755,0
0.09791477787851315,0.17947642905646718,181.0,1.0,181.0,1.0647058823529412,170.0,0.9941520467836256,0.09467989179440937,0.9883720930232558,172.0,1.0058479532163742,171.0,0.9344262295081968,183.0,1.0166666666666666,242.0,-0.2084666403472616,0.18907116134006283,124.0,118.0,0.2779856733010866,-0.4890502558341421,0.5294427815887663,-0.531326576122457,0.0030093407018187,0.385,0.49,0.515,0.535,0.71,0
0.08794197642792384,0.19362598071494658,159.0,0.9352941176470588,170.0,1.0365853658536586,164.0,1.1468531468531469,0.06943192064923355,1.0,142.0,1.0070921985815602,141.0,1.036764705882353,136.0,1.0381679389312977,204.0,-0.4583134269068088,0.12205585877275034,105.0,99.0,0.24631671689305587,-0.6466235489396024,0.3023508400795288,-0.5881483538326783,-0.3972222678113335,0.365,0.495,0.52,0.54,0.87,0
0.0471441523118767,0.1801007774080162,124.0,0.9612403100775194,129.0,0.9772727272727272,132.0,0.9496402877697842,0.05049594229035167,0.9758064516129032,124.0,0.9465648854961832,131.0,0.9924242424242424,132.0,1.0232558139534884,170.0,0.1063320198707063,0.2216059803829542,86.0,84.0,0.3782899232875809,-0.1171618737225952,0.45862816339887397,-0.1996042569709143,0.4402280724552949,0.325,0.43,0.505,0.535,0.75,0
0.10244786944696282,0.1900588150970071,177.0,0.988826815642458,179.0,0.9470899470899472,189.0,0.9742268041237112,0.1073038773669973,1.0222222222222221,180.0,1.0588235294117647,170.0,1.0,170.0,0.96045197740113,253.0,-0.2258523169733526,0.17911169247506264,125.0,128.0,0.2631521274279623,-0.4423987477423561,0.46741265007070293,-0.5672460733251429,-0.0366330583978375,0.345,0.475,0.5,0.52,0.695,0
0.09972801450589303,0.19145900492500248,173.0,0.9558011049723756,181.0,0.9731182795698924,186.0,0.9946524064171124,0.1036970243462579,1.0112359550561798,178.0,0.956989247311828,186.0,1.0449438202247192,178.0,1.072289156626506,250.0,-0.247180501278237,0.19531979580241413,125.0,125.0,0.2624603668916468,-0.4835876971614907,0.5145752443395856,-0.597846874475089,0.0190098730619951,0.345,0.48,0.505,0.525,0.715,0
0.08975521305530372,0.1746574255316548,176.0,0.946236559139785,186.0,1.0163934426229508,183.0,1.0397727272727273,0.10279531109107304,1.0346820809248556,173.0,1.0484848484848486,165.0,0.9649122807017544,171.0,1.0426829268292683,248.0,-0.2797371273364154,0.1790959468500317,123.0,125.0,0.2501163705045531,-0.5024236498145387,0.46306796988925664,-0.6119374179615341,-0.1722808690666028,0.33,0.475,0.5,0.52,0.675,0
0.0843155031731641,0.19829908501542165,152.0,0.9743589743589745,156.0,0.968944099378882,161.0,1.0125786163522013,0.0793507664562669,0.9161676646706587,167.0,0.9940476190476192,168.0,1.0059880239520955,167.0,1.0121212121212122,219.0,-0.3391634347743948,0.09229250872113341,112.0,107.0,0.27768839528640626,-0.550167162229988,0.30573955300377276,-0.4278511878661601,-0.3555739087115092,0.395,0.49,0.515,0.535,0.83,0
0.03535811423390753,0.1799032391975557,111.0,0.9910714285714286,112.0,1.3333333333333333,84.0,0.6461538461538462,0.03967538322813345,1.028301886792453,106.0,1.0,106.0,0.9724770642201837,109.0,0.9732142857142856,153.0,-0.7314085449903797,0.5095928298657616,77.0,76.0,0.14599329770541955,-1.0849057007756313,0.5821563981277369,-1.7901588188429274,-0.2515513386531569,0.325,0.465,0.505,0.545,0.825,0
0.06980961015412511,0.17763220387729436,151.0,0.9741935483870968,155.0,0.945121951219512,164.0,1.025,0.08025247971145176,1.2622950819672132,122.0,0.5951219512195122,205.0,1.1714285714285717,175.0,1.0542168674698795,210.0,-0.2517421038373177,0.09879396825947576,103.0,107.0,0.3069978109080389,-0.455827625643071,0.34186247480648313,-0.3863440062104332,-0.213213098815752,0.365,0.47,0.495,0.515,0.81,0
0.021758839528558477,0.1266633343890013,129.0,0.5944700460829493,217.0,1.9727272727272729,110.0,1.0,0.0405770964833183,0.5116279069767442,215.0,2.107843137254902,102.0,0.8360655737704918,122.0,1.1296296296296295,153.0,-0.0326473870111766,0.4642767039883764,76.0,77.0,0.3390311236652708,-0.2998998745342742,0.6988031237627703,-0.934523339675888,0.3893185346107115,0.305,0.465,0.5,0.545,0.84,0
0.07615593834995467,0.17781629705198934,158.0,2.025641025641025,78.0,0.3209876543209876,243.0,1.3885714285714286,0.0811541929666366,1.019736842105263,152.0,1.876543209876543,81.0,0.3389121338912134,239.0,1.5031446540880504,213.0,-0.1953093462398718,0.33894554650799613,105.0,108.0,0.29280341170470414,-0.2305087939177538,0.6406233451102654,0.2582239417494659,0.2582239417494659,0.305,0.445,0.495,0.53,0.53,0
0.07252946509519492,0.1860269237218318,148.0,1.049645390070922,141.0,1.0444444444444445,135.0,0.9712230215827338,0.06943192064923355,0.9861111111111112,144.0,1.051094890510949,137.0,0.9927536231884058,138.0,0.9583333333333334,199.0,-0.2204605361602546,0.17919217708039908,100.0,99.0,0.30341664753702835,-0.3476372435018615,0.39256910211958057,-0.4459992649149306,-0.036234183912861,0.35,0.46,0.505,0.58,0.77,0
0.02901178603807797,0.1409383523327507,128.0,0.5688888888888889,225.0,1.0180995475113122,221.0,0.9910313901345292,0.0387736699729486,0.4778761061946903,226.0,1.0272727272727271,220.0,1.9298245614035088,114.0,1.0363636363636364,152.0,0.4454736983468856,0.5086493550919345,77.0,75.0,0.46835065417001565,0.0685743571882326,0.8878454829263945,-0.4528134411509435,0.7981536146772171,0.315,0.47,0.515,0.56,0.905,0
0.09791477787851315,0.18535246196478744,176.0,0.9832402234636872,179.0,1.0170454545454546,176.0,0.9513513513513514,0.09197475202885483,0.9766081871345029,171.0,1.0178571428571428,168.0,0.9940828402366864,169.0,1.0368098159509205,237.0,-0.2413139762100274,0.21755664265917787,121.0,116.0,0.2556044202974023,-0.5439329875704213,0.5538289719531151,-0.5189637195765475,0.0846251296725682,0.41,0.49,0.515,0.535,0.73,0
0.08703535811423391,0.2024269938141745,152.0,1.062937062937063,143.0,1.0,143.0,1.7439024390243902,0.0757439134355275,0.9933333333333333,150.0,0.974025974025974,154.0,0.9390243902439024,164.0,0.9371428571428572,211.0,-0.2118097100647068,0.332250876112598,107.0,104.0,0.4508774708429359,-0.2185971033642033,0.6108929609818077,-0.4495865814112336,0.2662411847808953,0.485,0.465,0.515,0.625,0.545,0
0.14052583862194015,0.1904617650841487,217.0,1.009302325581395,215.0,0.9953703703703703,216.0,1.981651376146789,0.04147880973850315,0.9823008849557522,113.0,1.036697247706422,109.0,0.9646017699115044,113.0,1.0660377358490567,153.0,-0.4480498555685356,0.526076646256559,76.0,77.0,0.21321154817238933,-0.7719561661528535,0.6146362093406522,-1.3777977993055726,0.0091206462929744,0.29,0.46,0.505,0.55,0.855,0
0.03535811423390753,0.17805267519296678,112.0,1.018181818181818,110.0,1.0,110.0,0.9821428571428572,0.04238052299368801,1.0,112.0,1.0275229357798166,109.0,0.9646017699115044,113.0,1.0660377358490567,156.0,-0.0639409452955457,0.4815737458812788,78.0,78.0,0.3426422050204433,-0.2999894990455959,0.7472104514101838,-0.9736547167401344,0.0254549809289734,0.32,0.465,0.505,0.55,0.775,0
0.061650045330915684,0.17736884321892787,142.0,0.9403973509933776,151.0,1.0066666666666666,150.0,1.0273972602739727,0.0739404869251578,1.013793103448276,145.0,0.9602649006622516,151.0,1.0202702702702702,148.0,1.049645390070922,203.0,-0.2465501552502371,0.17368767663006002,101.0,102.0,0.3024008318152438,-0.2923377530502274,0.38688681954785137,-0.4766646264572695,-0.1661981803533938,0.34,0.46,0.495,0.56,0.76,0
0.08522212148685404,0.18698365799772207,161.0,1.0454545454545454,154.0,1.0405405405405406,148.0,1.0,0.0793507664562669,0.9745222929936306,157.0,1.0129032258064516,155.0,0.981012658227848,158.0,0.9753086419753086,212.0,-0.4392377964520245,0.07740131048331649,105.0,107.0,0.24049905827612725,-0.7076886938072777,0.24944723419912493,-0.5710011663622326,-0.4136173086661971,0.375,0.475,0.5,0.52,0.835,0
0.09247506799637353,0.19192792880886156,165.0,0.9593023255813954,172.0,1.0617283950617284,162.0,1.0253164556962024,0.09017132551848513,1.0784313725490196,153.0,0.9444444444444444,162.0,0.9759036144578314,166.0,2.024390243902439,305.0,-0.2684559848025321,0.3033927263276261,190.0,115.0,0.2601973765547326,-0.3218368171401869,0.6823059759092748,-0.4746885791696286,0.2063594027220135,0.5,0.57,0.625,0.69,0.645,0
0.06527651858567543,0.18326031868757056,142.0,0.9861111111111112,144.0,1.0285714285714285,140.0,1.0218978102189782,0.06672678088367899,0.9858156028368794,141.0,0.9657534246575342,146.0,1.006896551724138,145.0,1.5263157894736843,196.0,-0.3096857636109088,0.22883822421389,99.0,97.0,0.28128844048418444,-0.3895327430259429,0.39012999060247433,-0.566858771232922,-0.304069233212034,0.345,0.47,0.505,0.58,0.835,0
0.0371713508612874,0.1763314312342321,115.0,1.0648148148148149,108.0,0.9818181818181818,110.0,1.0185185185185186,0.0369702434625789,0.9814814814814815,108.0,0.9557522123893806,113.0,1.0462962962962965,108.0,0.972972972972973,153.0,-0.1469249258604764,0.5046646155358417,79.0,74.0,0.3058764161071273,-0.419915862811031,0.754888553278992,-1.0640778448256931,0.2391239843996496,0.32,0.48,0.52,0.565,0.83,0
0.0371713508612874,0.18953364904769932,108.0,0.9473684210526316,114.0,1.0,114.0,1.0,0.03606853020739405,0.9210526315789473,114.0,0.991304347826087,115.0,1.0454545454545454,110.0,1.25,152.0,-0.3660377081208767,0.4733819298320485,79.0,73.0,0.22443982875458854,-0.7103486689436097,0.6168014118378073,-1.3085821076307094,-0.0131685468207323,0.315,0.48,0.52,0.565,0.8,0
0.08794197642792384,0.18820301359761282,163.0,1.01875,160.0,0.9195402298850576,174.0,0.9666666666666668,0.10009017132551848,0.967032967032967,182.0,1.0282485875706215,177.0,1.0,177.0,1.0290697674418603,241.0,-0.1860257149717724,0.20029167200945006,118.0,123.0,0.28300858916139227,-0.4900030938855161,0.5605742897664517,-0.4518900607668673,0.0098923681074522,0.34,0.47,0.495,0.515,0.685,0
0.07796917497733455,0.1858617494139842,154.0,1.0476190476190477,147.0,0.9607843137254902,153.0,0.9683544303797468,0.09287646528403967,0.9824561403508771,171.0,0.9344262295081968,183.0,1.0,183.0,0.9682539682539684,236.0,-0.2499075580148789,0.14571908685403606,119.0,117.0,0.2652879884106872,-0.4714792673819773,0.40920737887885067,-0.7240610360067143,-0.24581847013187,0.41,0.48,0.505,0.525,0.87,0
0.03535811423390753,0.18370623311524303,109.0,0.981981981981982,111.0,1.0277777777777777,108.0,1.0,0.0405770964833183,1.0,110.0,0.9649122807017544,114.0,1.2258064516129032,93.0,0.7265625,228.0,-0.0197750521280633,0.5744822535303794,151.0,77.0,0.8762141031516049,-0.3095661265992226,0.8311025402664438,-0.4406214308833373,-0.4406214308833373,0.185,0.165,0.195,0.23,0.23,0
0.08703535811423391,0.1793123329075482,169.0,1.0304878048780488,164.0,1.051282051282051,156.0,1.0129870129870129,0.08746618575293057,1.0318471337579618,157.0,0.9874213836477987,159.0,0.99375,160.0,0.9411764705882352,225.0,-0.3406370744728748,0.08349679067920805,112.0,113.0,0.2718034726109336,-0.5415789886602715,0.29779524638625876,-0.4211984858033181,-0.3364011569599936,0.38,0.48,0.5,0.52,0.85,0
0.08794197642792384,0.17342155465493728,175.0,1.0416666666666667,168.0,1.024390243902439,164.0,1.0123456790123455,0.08836789900811542,1.0124223602484472,161.0,1.00625,160.0,1.032258064516129,155.0,0.9935897435897436,232.0,-0.2912009330449272,0.23765556166593457,118.0,114.0,0.2438180739294352,-0.6228465958115773,0.591123921945433,-0.5570269834068564,-0.1401720044905313,0.34,0.485,0.51,0.53,0.705,0
0.038077969174977334,0.18946258299974256,109.0,0.9732142857142856,112.0,1.0275229357798166,109.0,1.0186915887850467,0.0387736699729486,1.0,108.0,0.9818181818181818,110.0,1.0091743119266054,109.0,0.9732142857142856,149.0,0.4145343758858911,0.4801384370275224,74.0,75.0,0.47351339909594825,0.0850315391822249,0.8618990960299064,-0.3117967732165414,0.829100486217557,0.305,0.46,0.505,0.545,0.83,0
0.0942883046237534,0.19446304855597443,165.0,0.9649122807017544,171.0,0.9771428571428572,175.0,1.0,0.09467989179440937,0.9497206703910615,179.0,1.0170454545454546,176.0,1.0173410404624277,173.0,1.0,234.0,-0.2140948426282702,0.2120194907513923,116.0,118.0,0.2760061165765571,-0.5051992549821405,0.5695640213416566,-0.4662598244207494,-0.1571233944839445,0.355,0.475,0.5,0.52,0.665,0
0.10335448776065277,0.19124043870794954,177.0,1.0535714285714286,168.0,0.9710982658959536,173.0,1.035928143712575,0.09287646528403967,1.030674846625767,163.0,0.9939024390243902,164.0,0.9371428571428572,175.0,0.9668508287292816,235.0,-0.1866326461950196,0.21304027527612726,118.0,117.0,0.27436532156328725,-0.4814549074672581,0.5705351177279387,-0.4746203152443023,-0.0822290435927009,0.34,0.48,0.505,0.525,0.69,0
0.05530371713508613,0.1817874498204099,132.0,0.9777777777777776,135.0,0.9782608695652174,138.0,1.0,0.058611361587015326,0.9848484848484849,132.0,0.9295774647887324,142.0,1.0070921985815602,141.0,1.0444444444444445,184.0,-0.5020219866380241,0.2710640732501558,93.0,91.0,0.24281678723786077,-0.6833409971690382,0.3186714049385676,-0.8665814510530583,-0.3224448573966947,0.35,0.45,0.51,0.535,0.745,0
0.032638259292837715,0.17794988323074357,109.0,0.990909090909091,110.0,1.0,110.0,0.990990990990991,0.04147880973850315,1.0373831775700935,107.0,0.9385964912280702,114.0,1.0458715596330277,109.0,0.9646017699115044,154.0,-0.1390598816008229,0.4749703306440558,77.0,77.0,0.3008933432204073,-0.4286000137710603,0.7215538317138204,-1.0363790497923149,0.2657849016872951,0.305,0.465,0.5,0.55,0.86,0
0.05439709882139619,0.17117852479173087,138.0,0.9857142857142858,140.0,1.0294117647058822,136.0,1.0793650793650793,0.0721370604147881,1.0431654676258992,139.0,1.053030303030303,132.0,1.015384615384615,130.0,0.9774436090225564,202.0,-0.0269264675679478,0.23192836537517553,101.0,101.0,0.3657338379415617,-0.2067279875895124,0.4345376232778704,-0.4853724542789955,0.2732745301150871,0.35,0.46,0.505,0.525,0.725,0
0.0643699002719855,0.18327076456606103,141.0,0.9463087248322148,149.0,0.9867549668874172,151.0,1.0272108843537415,0.07303877366997295,0.9931972789115646,147.0,1.0,147.0,0.9932432432432432,148.0,1.0571428571428572,198.0,-0.2378178341908386,0.2242908969492562,96.0,102.0,0.31614524776971487,-0.3283775434435806,0.4277818733974079,-0.4983517238374626,-0.2079673997843027,0.33,0.395,0.485,0.575,0.745,0
0.07071622846781506,0.17765954102165696,152.0,1.6,95.0,0.472636815920398,201.0,1.4154929577464788,0.0775473399458972,1.0342465753424657,146.0,1.006896551724138,145.0,1.0357142857142858,140.0,0.9929078014184396,209.0,-0.2391014358580906,0.21993476474165968,104.0,105.0,0.31797591260343594,-0.337130175970196,0.40869882658113205,-0.512295089558056,-0.2401126434363004,0.35,0.465,0.5,0.57,0.82,0
0.03445149592021759,0.18372399962723227,108.0,0.972972972972973,111.0,0.9910714285714286,112.0,0.9824561403508772,0.0387736699729486,0.972972972972973,111.0,0.9736842105263158,114.0,0.991304347826087,115.0,1.055045871559633,154.0,-0.5145074964403765,0.4957167442491355,79.0,75.0,0.21802336835884983,-0.8038564781560398,0.5841314385426173,-1.3979981296940596,-0.1443615990845765,0.34,0.475,0.515,0.565,0.845,0
0.03445149592021759,0.1798861100100752,110.0,1.0091743119266054,109.0,0.990909090909091,110.0,0.9649122807017544,0.0405770964833183,1.0,110.0,0.9821428571428572,112.0,0.9739130434782608,115.0,1.0648148148148149,155.0,-0.0102544639035905,0.4802679730576012,78.0,77.0,0.33081742658405366,-0.2654771182913677,0.7797399656773227,-0.9712991919033012,0.2671507677120454,0.3,0.47,0.51,0.555,0.885,0
0.050770625566636446,0.1868474670575909,124.0,1.0,124.0,1.0,124.0,1.008130081300813,0.06311992786293959,0.9782608695652174,138.0,1.0454545454545454,132.0,1.0476190476190477,126.0,1.008,191.0,-0.1250514132012172,0.26542318381066987,97.0,94.0,0.31270185068143064,-0.3396660607241147,0.4039950178254551,-0.6027624786619922,0.254019450985133,0.34,0.455,0.51,0.54,0.74,0
0.06346328195829556,0.18789394264192272,137.0,0.958041958041958,143.0,1.0214285714285714,140.0,0.9655172413793104,0.06672678088367899,1.0145985401459854,137.0,0.9383561643835616,146.0,0.9605263157894736,152.0,1.0133333333333334,195.0,-0.1695553116116868,0.22206048277690543,98.0,97.0,0.3288912795147868,-0.2695034919385564,0.437157564631716,-0.4482523212944599,-0.1553548652735321,0.34,0.465,0.5,0.57,0.745,0
0.038984587488667274,0.18939280906174863,110.0,0.9565217391304348,115.0,1.0454545454545454,110.0,1.0091743119266054,0.04147880973850315,1.009090909090909,110.0,1.0185185185185186,108.0,0.9557522123893806,113.0,0.9576271186440678,157.0,0.1665289326438469,0.5174645136229051,80.0,77.0,0.3575862218156479,-0.1989135513227067,0.8238946478584978,-0.8603163291200289,0.5977048439940351,0.31,0.475,0.51,0.555,0.815,0
0.06799637352674524,0.19391193556747163,138.0,0.965034965034965,143.0,1.0070422535211268,142.0,0.993006993006993,0.06582506762849413,0.9857142857142858,140.0,0.9722222222222222,144.0,0.9536423841059604,151.0,1.0202702702702702,194.0,-0.2153559733682851,0.20403018785562732,98.0,96.0,0.31704301567964105,-0.2855399776226576,0.41067218781678955,-0.464506673423778,-0.1779158816393644,0.345,0.465,0.505,0.58,0.825,0
0.0942883046237534,0.18921280055899503,169.0,1.005952380952381,168.0,1.030674846625767,163.0,0.9939024390243902,0.10009017132551848,1.0057142857142858,175.0,0.9668508287292816,181.0,0.9836956521739132,184.0,0.9787234042553192,244.0,-0.1541081743668121,0.20354074441185538,121.0,123.0,0.2848179211147399,-0.4453461179802639,0.5614710080047147,-0.3710467872946494,0.049857832936605,0.38,0.475,0.495,0.52,0.69,0
0.06074342701722575,0.17169067979311536,145.0,1.0069444444444444,144.0,0.9664429530201344,149.0,1.0275862068965518,0.06853020739404869,0.9337748344370861,151.0,0.993421052631579,152.0,1.034013605442177,147.0,1.0575539568345325,194.0,-0.2127444936445405,0.22279242188158827,96.0,98.0,0.3113853107933954,-0.2961596037043255,0.42937472306465263,-0.4500934971915539,-0.1185518351941418,0.33,0.44,0.495,0.57,0.815,0
0.08522212148685404,0.17928269078883127,167.0,0.9766081871345028,171.0,0.9395604395604396,182.0,1.0340909090909092,0.1055004508566276,1.0,182.0,1.103030303030303,165.0,1.03125,160.0,0.963855421686747,258.0,-0.3287100472057915,0.34661410219676375,131.0,127.0,0.25795365128506387,-0.3811608093636746,0.6248410501861806,0.182912330760713,0.182912330760713,0.355,0.465,0.51,0.535,0.535,0
0.09700815956482321,0.18659543554769298,174.0,1.0,174.0,1.0116279069767442,172.0,0.9608938547486032,0.10009017132551848,0.9513513513513514,185.0,0.9343434343434344,198.0,1.0879120879120878,182.0,0.978494623655914,248.0,-0.2550689001857366,0.2285026759531154,125.0,123.0,0.2682307842817805,-0.4585926679315296,0.5960824887640203,-0.3536529724709829,-0.1754185777082247,0.4,0.485,0.505,0.53,0.67,0
0.0815956482320943,0.1884908914594104,156.0,1.0612244897959184,147.0,2.0136986301369864,73.0,0.3303167420814479,0.06672678088367899,1.5274725274725274,91.0,0.4764397905759162,191.0,1.3263888888888888,144.0,0.96,194.0,-0.2670841382093434,0.44312922674737387,97.0,97.0,0.2895592220297525,-0.2952451421938258,0.6706942587162015,-0.5221208929213298,0.2227352996279181,0.34,0.45,0.505,0.59,0.535,0
0.07162284678150499,0.19050192395111054,144.0,1.0140845070422535,142.0,0.9726027397260274,146.0,0.935897435897436,0.0829576194770063,0.9751552795031055,161.0,0.9817073170731708,164.0,1.0061349693251531,163.0,0.9588235294117649,214.0,-0.2752314140813378,0.10827749950018789,105.0,109.0,0.2993617278585706,-0.5407384700212782,0.3580922058972301,-0.4032735922618056,-0.2341000788341811,0.36,0.465,0.495,0.515,0.805,0
0.08250226654578423,0.16962771847524624,172.0,0.9942196531791908,173.0,1.0297619047619049,168.0,1.0120481927710845,0.10009017132551848,1.0538922155688624,167.0,0.9709302325581396,172.0,1.036144578313253,166.0,1.01840490797546,252.0,-0.091193062384227,0.24252788652823862,129.0,123.0,0.30605764972384386,-0.3799726390174631,0.6397179531278698,-0.3432139739769125,0.0212486673420767,0.34,0.49,0.515,0.535,0.695,0
0.06346328195829556,0.18479676462813382,139.0,0.9928571428571428,140.0,0.9859154929577464,142.0,0.9594594594594594,0.0721370604147881,1.0211267605633803,142.0,0.9726027397260274,146.0,0.9798657718120806,149.0,1.0136054421768708,199.0,-0.1604514683878481,0.20170654283676911,98.0,101.0,0.35067659236648124,-0.1957033027985346,0.39791330613850523,-0.4150606324654916,-0.1057288572401487,0.34,0.455,0.495,0.57,0.79,0
0.06708975521305531,0.18620605642189195,142.0,1.0,142.0,0.993006993006993,143.0,1.0141843971631206,0.06672678088367899,0.9928571428571429,140.0,0.9859154929577464,142.0,0.9793103448275862,145.0,0.9931506849315068,195.0,-0.1638614762218496,0.20715123153659082,98.0,97.0,0.33845562915772404,-0.2403125710349151,0.4168866517448136,-0.4147334684838523,-0.1424457664425374,0.34,0.47,0.505,0.575,0.81,0
0.03626473254759746,0.18368878963074456,110.0,1.0091743119266054,109.0,1.0,109.0,0.9732142857142856,0.04147880973850315,1.018348623853211,109.0,1.028301886792453,106.0,0.913793103448276,116.0,1.0,151.0,-0.0164169380757783,0.47511704381916375,74.0,77.0,0.3653033499450497,-0.3306805999690305,0.7566776485967475,-0.7246038869522611,0.4653015738461267,0.315,0.455,0.495,0.54,0.845,0
0.09610154125113328,0.1866232273727062,173.0,1.0236686390532543,169.0,0.976878612716763,173.0,0.9351351351351352,0.09918845807033363,0.9308510638297872,188.0,1.0444444444444445,180.0,1.0465116279069768,172.0,0.9942196531791908,241.0,-0.1721230455925489,0.20159148621538697,119.0,122.0,0.2865418645810756,-0.4532364030137817,0.5509081531355655,-0.5607818609582855,0.025020317114983,0.335,0.47,0.495,0.515,0.685,0
0.07162284678150499,0.1831911235058919,149.0,1.0205479452054795,146.0,1.020979020979021,143.0,1.0592592592592591,0.0721370604147881,1.0069444444444444,144.0,1.0,144.0,1.0588235294117647,136.0,0.9927007299270072,205.0,-0.2561478601521172,0.2273282673433712,104.0,101.0,0.3064526864647148,-0.3491363961933513,0.40071957284436804,-0.5413088511640269,-0.2854208484094904,0.345,0.47,0.505,0.575,0.865,0
0.06255666364460562,0.17884171208608854,142.0,0.9659863945578232,147.0,1.0068493150684932,146.0,1.0,0.06943192064923355,0.9403973509933775,151.0,1.0066666666666666,150.0,1.0273972602739727,146.0,1.0503597122302155,196.0,-0.1817937970763203,0.17613910644444533,97.0,99.0,0.30748063610995513,-0.3450940460280836,0.35362246010588566,-0.4795788340335,-0.1834762881207282,0.34,0.46,0.5,0.56,0.745,0
0.0743427017225748,0.1831634194199942,152.0,1.0935251798561152,139.0,0.7808988764044944,178.0,1.065868263473054,0.0775473399458972,0.9741935483870968,155.0,1.0064935064935066,154.0,0.9935483870967742,155.0,1.054421768707483,209.0,-0.5037125161851935,0.06222425827811647,104.0,105.0,0.22380460373826258,-0.7419564010508641,0.16461334021806756,-0.6157904976192963,-0.4592959499262197,0.365,0.475,0.5,0.52,0.84,0
0.0843155031731641,0.18436951622950634,162.0,1.0451612903225806,155.0,0.9748427672955976,159.0,0.9814814814814816,0.0793507664562669,0.9683544303797469,158.0,1.0,158.0,0.9575757575757576,165.0,1.0060975609756098,218.0,-0.2686668628435718,0.08572639027872384,111.0,107.0,0.3030930627617005,-0.4946659631065601,0.30500548144147904,-0.3790570383639903,-0.2609216161475653,0.39,0.49,0.51,0.53,0.805,0
0.02357207615593835,0.05971000963754789,233.0,1.3546511627906976,172.0,1.0238095238095235,168.0,1.135135135135135,0.09918845807033363,1.0416666666666667,168.0,1.105263157894737,152.0,2.0,76.0,0.7835051546391752,237.0,-0.2559251933769111,0.3707259224135509,115.0,122.0,0.40962115727802584,-0.2573364768378732,0.6365366299117821,-0.4989200547740869,0.3235373114091213,0.46,0.435,0.49,0.605,0.52,0
0.056210335448776065,0.24805196598256912,101.0,0.8416666666666667,120.0,0.5607476635514018,214.0,0.9469026548672568,0.028854824165915238,0.782258064516129,124.0,0.5714285714285714,217.0,1.9908256880733943,109.0,0.981981981981982,144.0,-0.5213530024492792,0.5769428753518427,77.0,67.0,0.22064542324024086,-0.6579998741041878,0.6037020368532079,-1.3506294258899607,0.151081995918452,0.325,0.495,0.535,0.59,0.87,0
0.05802357207615594,0.1985192401513551,125.0,0.9615384615384616,130.0,0.9558823529411764,136.0,0.9645390070921984,0.058611361587015326,1.0236220472440944,127.0,0.9844961240310076,129.0,0.9847328244274808,131.0,0.9849624060150376,183.0,-0.2348813400952576,0.2201802322461084,92.0,91.0,0.312558032854256,-0.4199069929903267,0.3645724196704389,-0.6018741860417659,0.1425770238468343,0.35,0.455,0.505,0.535,0.77,0
0.08068902991840435,0.18310284214202507,159.0,1.3032786885245902,122.0,0.6815642458100558,179.0,1.084848484848485,0.08205590622182146,0.9629629629629629,162.0,1.0,162.0,1.0062111801242235,161.0,0.9698795180722892,214.0,-0.2763515594639623,0.1308331259326446,105.0,109.0,0.29008076852800846,-0.4629568845660466,0.4113427712370427,-0.4384020064734555,-0.2136481023126688,0.375,0.47,0.495,0.515,0.85,0
0.038077969174977334,0.07957968083047313,221.0,1.0184331797235022,217.0,1.8869565217391304,115.0,1.0087719298245614,0.13976555455365194,1.9469026548672566,113.0,1.0560747663551402,107.0,0.981651376146789,109.0,0.9646017699115044,312.0,-0.1358276130810413,0.622003403782477,158.0,154.0,0.28194942197231193,-0.2597313001313537,0.8261848232335453,-0.4868680496897322,-0.4868680496897322,0.095,0.125,0.14,0.17,0.17,0
0.07615593834995467,0.18314554968493468,154.0,0.9935483870967742,155.0,1.054421768707483,147.0,1.0575539568345325,0.07664562669071236,1.0204081632653061,147.0,1.0,147.0,1.0068493150684932,146.0,0.9668874172185432,210.0,-0.27135569304168,0.07836758722301765,105.0,105.0,0.29248756035804646,-0.5440007506018683,0.2975335364992424,-0.3807685511137035,-0.2362020770376826,0.36,0.475,0.5,0.525,0.86,0
0.05893019038984588,0.17295023661744585,142.0,0.9594594594594594,148.0,0.9866666666666668,150.0,1.0273972602739727,0.06943192064923355,1.4947368421052631,95.0,0.4611650485436893,206.0,1.3825503355704698,149.0,1.0492957746478873,196.0,-0.2546620921629673,0.21186208967244025,97.0,99.0,0.28425450040838984,-0.4167970928605658,0.3980760108914204,-0.5098072812396692,-0.1557607990743302,0.33,0.46,0.495,0.57,0.825,0
0.0743427017225748,0.1831634194199942,152.0,1.034013605442177,147.0,1.0352112676056338,142.0,1.0,0.0775473399458972,1.0486111111111112,144.0,1.0285714285714285,140.0,0.9859154929577464,142.0,0.9793103448275862,212.0,-0.2782458769564244,0.2155283051168654,107.0,105.0,0.29181258597348014,-0.3649293937080115,0.3980134451899448,-0.5381817174382126,-0.2885544083530008,0.34,0.47,0.505,0.57,0.835,0
0.08884859474161379,0.17346908815019568,176.0,0.9777777777777776,180.0,0.972972972972973,185.0,1.0571428571428572,0.109107303877367,1.0108695652173914,184.0,1.03954802259887,177.0,0.9619565217391304,184.0,1.005464480874317,259.0,-0.158986462541208,0.22508584055330327,129.0,130.0,0.2835142155010405,-0.469153485762618,0.6417293507753511,-0.3376814440598992,-0.0350925688024343,0.39,0.475,0.5,0.52,0.67,0
0.0471441523118767,0.11321453862801152,183.0,1.1730769230769231,156.0,0.912280701754386,171.0,1.0239520958083832,0.08566275924256087,0.9580838323353293,167.0,1.3801652892561984,121.0,0.6111111111111112,198.0,1.2611464968152866,224.0,-0.3376632887671044,0.08606634001913252,112.0,112.0,0.27243309649355946,-0.5397854654689138,0.29875004154768686,-0.4155620904939396,-0.3165573293775952,0.38,0.48,0.5,0.525,0.825,0
0.08340888485947416,0.16856548907038138,174.0,0.956043956043956,182.0,1.0224719101123596,178.0,0.9518716577540108,0.1036970243462579,1.0227272727272727,176.0,1.0232558139534884,172.0,1.0886075949367089,158.0,0.9634146341463414,256.0,-0.1804714978981532,0.21179509977217142,131.0,125.0,0.29390929182798886,-0.439572562835998,0.5852185662545654,-0.3649932471107993,-0.1595905409252689,0.38,0.49,0.51,0.535,0.78,0
0.03989120580235721,0.19330014958940886,109.0,0.990909090909091,110.0,0.9821428571428572,112.0,0.991150442477876,0.0405770964833183,0.9821428571428571,112.0,1.0666666666666669,105.0,0.9545454545454546,110.0,1.0185185185185186,156.0,-0.0282714255471985,0.48704676853927625,79.0,77.0,0.35324297083714934,-0.3966927142589234,0.7298698057442925,-0.7790563913531525,0.4455856014784923,0.325,0.465,0.51,0.56,0.795,0
0.08522212148685404,0.1830627387175856,164.0,0.993939393939394,165.0,0.9428571428571428,175.0,0.9831460674157304,0.09738503155996393,0.9558011049723757,181.0,1.0284090909090908,176.0,1.0232558139534884,172.0,0.9942196531791908,242.0,-0.2146464759777236,0.19704165386992034,121.0,121.0,0.2658445280564381,-0.5071185892409017,0.5554821567535345,-0.4439969609973677,0.0813251159473829,0.385,0.48,0.505,0.525,0.71,0
0.06074342701722575,0.1787996301184554,140.0,0.9790209790209792,143.0,0.986206896551724,145.0,1.0,0.06762849413886383,0.9655172413793104,145.0,0.9666666666666668,150.0,1.0,150.0,1.020408163265306,194.0,-0.2672073951850502,0.2259825578108458,96.0,98.0,0.2998647269926215,-0.3455789208817257,0.40176683595038276,-0.5281889415840234,-0.2325153955709326,0.33,0.46,0.495,0.57,0.76,0
0.0843155031731641,0.1686410431318101,175.0,0.9722222222222222,180.0,1.1042944785276074,163.0,2.08974358974359,0.08836789900811542,1.0516129032258064,155.0,1.054421768707483,147.0,1.0068493150684932,146.0,0.906832298136646,228.0,-0.2195500249195847,0.28863243946424955,114.0,114.0,0.2925766436946277,-0.258429297321102,0.5577271230495742,-0.3851434194797569,-0.1627406088988643,0.33,0.44,0.5,0.585,0.82,0
0.11060743427017226,0.19083166081011,185.0,1.0755813953488371,172.0,1.0424242424242425,165.0,0.9649122807017544,0.09558160504959423,1.0058823529411764,170.0,0.9770114942528736,174.0,0.9886363636363636,176.0,0.9777777777777776,237.0,-0.2462998918929071,0.2016298551174255,118.0,119.0,0.25543281557874503,-0.5445640288035568,0.5227005811272492,-0.5932786811796348,-0.206547806003054,0.34,0.475,0.5,0.52,0.67,0
0.08250226654578423,0.17923687202605845,164.0,0.9820359281437124,167.0,0.9823529411764704,170.0,1.0559006211180124,0.09467989179440937,1.0240963855421688,166.0,1.01840490797546,163.0,1.044871794871795,156.0,0.968944099378882,235.0,-0.3959903987737593,0.09082516646378432,117.0,118.0,0.24324598394388525,-0.5865382782452115,0.279119249219973,-0.5296287385788555,-0.3141469239349204,0.34,0.48,0.5,0.52,0.82,0
0.08340888485947416,0.1805121609232342,164.0,1.0649350649350648,154.0,0.9746835443037974,158.0,0.9875,0.09197475202885483,1.0308641975308641,162.0,1.0384615384615383,156.0,1.21875,128.0,0.7272727272727273,234.0,-0.2787132056686101,0.08201594807508791,118.0,116.0,0.28840523808798607,-0.4907533667492776,0.2908848740649862,-0.4263830827834254,-0.247327101736375,0.335,0.48,0.505,0.525,0.825,0
0.06799637352674524,0.19075090892627342,140.0,1.0144927536231885,138.0,0.9857142857142858,140.0,0.9523809523809524,0.06943192064923355,1.0,142.0,0.993006993006993,143.0,1.0,143.0,0.9794520547945206,193.0,-0.2897547064813514,0.1976394366289613,94.0,99.0,0.2786390358627183,-0.3973878076771207,0.36895150541125793,-0.5456038583690244,-0.1986467227069123,0.335,0.455,0.49,0.56,0.78,0
0.09610154125113328,0.19431124497830296,167.0,0.9823529411764704,170.0,0.9941520467836256,171.0,0.9606741573033708,0.09828674481514878,0.9508196721311475,183.0,1.0166666666666666,180.0,1.0169491525423728,177.0,1.0,239.0,-0.25941224646581,0.2266976746324114,118.0,121.0,0.26162223030465076,-0.5854597820665626,0.5754584458737666,-0.5653039343724957,-0.1367729188598283,0.38,0.47,0.495,0.515,0.68,0
0.0371713508612874,0.18559012944107922,110.0,0.9565217391304348,115.0,1.0849056603773586,106.0,0.9724770642201837,0.04147880973850315,0.9736842105263158,114.0,1.0363636363636364,110.0,0.990990990990991,111.0,1.0,149.0,0.0655189653384089,0.493511773967254,72.0,77.0,0.3266986924206083,-0.2969972674645532,0.7347580239108198,-0.795889633191597,0.6193366300785217,0.28,0.44,0.485,0.53,0.815,0
0.0743427017225748,0.17516886187304231,158.0,0.9813664596273292,161.0,1.00625,160.0,1.0126582278481011,0.09017132551848513,1.0185185185185186,162.0,1.528301886792453,106.0,0.5921787709497207,179.0,1.2013422818791946,227.0,-0.2970610923652842,0.10999455040919578,112.0,115.0,0.2877915020014869,-0.5053473373469165,0.33525028907131216,-0.5242775008597215,-0.3843004801944,0.33,0.47,0.495,0.52,0.68,0
0.06618313689936536,0.17892241722949462,146.0,1.0138888888888888,144.0,1.0359712230215827,139.0,0.9928571428571428,0.06943192064923355,1.0142857142857142,140.0,0.9790209790209792,143.0,1.0070422535211268,142.0,0.9659863945578232,201.0,-0.2431077118884183,0.21263398175142384,102.0,99.0,0.32104907976303104,-0.3016718593006362,0.3962160089111357,-0.5097265595293119,-0.2606350584250105,0.35,0.47,0.505,0.58,0.845,0
0.033544877606527655,0.17798477019974052,110.0,0.9649122807017544,114.0,1.0178571428571428,112.0,1.018181818181818,0.04328223624887286,1.0462962962962963,108.0,0.9908256880733946,109.0,0.990909090909091,110.0,0.9821428571428572,156.0,0.0642097508865407,0.4448640807979588,77.0,79.0,0.3699488388466606,-0.3462657861340404,0.6724037056673146,-0.8093051837141791,0.4436850932654724,0.33,0.46,0.5,0.535,0.755,0
0.07887579329102448,0.18583546361015468,155.0,0.9281437125748504,167.0,1.0121212121212122,165.0,1.03125,0.08205590622182146,0.9873417721518988,158.0,1.0128205128205128,156.0,1.0758620689655172,145.0,1.0,216.0,-0.3026990443179894,0.12124785998761167,107.0,109.0,0.2789702512343809,-0.4971169744576952,0.3480578564860112,-0.3866330854643868,-0.2430601537361994,0.365,0.47,0.495,0.52,0.815,0
0.06980961015412511,0.1861146369749647,145.0,1.0,145.0,1.0069444444444444,144.0,1.0140845070422535,0.06943192064923355,1.0142857142857142,140.0,1.0,140.0,0.9523809523809524,147.0,1.013793103448276,203.0,-0.2135641917975222,0.23500561291594252,104.0,99.0,0.3093419168952118,-0.2863755882547547,0.4363675929476294,-0.4872110552763818,-0.1602587223525322,0.345,0.475,0.515,0.59,0.76,0
0.06346328195829556,0.18328135967138715,140.0,1.0218978102189782,137.0,1.6506024096385543,83.0,0.4256410256410256,0.06853020739404869,1.0,141.0,1.014388489208633,139.0,0.9586206896551724,145.0,0.9797297297297296,197.0,-0.2392798736740614,0.2155722739758458,99.0,98.0,0.31078169680586154,-0.3082884159325925,0.3972720419666808,-0.5200521052498761,-0.2167286423254823,0.345,0.47,0.5,0.575,0.81,0
0.0770625566636446,0.1715851386430043,164.0,0.9010989010989012,182.0,0.9528795811518324,191.0,1.0380434782608696,0.11181244364292155,1.05,180.0,1.0227272727272727,176.0,1.0,176.0,1.0057142857142858,268.0,-0.2790520967383499,0.2378177868723029,136.0,132.0,0.24907886574973903,-0.5796922258580623,0.6265479506829126,-0.5447775733676795,-0.2404571233952782,0.395,0.485,0.51,0.53,0.67,0
0.08340888485947416,0.18840603776777745,158.0,1.0063694267515924,157.0,0.9127906976744186,172.0,1.0424242424242425,0.08926961226330027,0.9879518072289156,166.0,1.0,166.0,1.031055900621118,161.0,1.018987341772152,230.0,-0.2580040748005381,0.07921738085624397,116.0,114.0,0.2992901339571522,-0.4376029197106884,0.3189601980502138,-0.3566339280638991,-0.219151028869122,0.385,0.485,0.505,0.525,0.82,0
0.13689936536718042,0.1817874498204099,222.0,1.009090909090909,220.0,0.9734513274336284,226.0,2.3789473684210525,0.04238052299368801,0.509090909090909,220.0,2.391304347826087,92.0,0.7022900763358778,131.0,1.190909090909091,158.0,-0.47120879721148,0.5156678127715122,80.0,78.0,0.22326144036543472,-0.8435859066928407,0.579433490318305,-1.3473000499605046,-0.1908480206848147,0.32,0.475,0.51,0.56,0.815,0
0.09247506799637353,0.18058545338858914,174.0,1.029585798816568,169.0,1.0696202531645569,158.0,0.9575757575757576,0.08746618575293057,1.0125,160.0,0.9467455621301776,169.0,0.9941176470588236,170.0,0.9826589595375722,231.0,-0.2280106133856143,0.22357964421569476,118.0,113.0,0.2615702863812087,-0.5670025282387894,0.5594737204451788,-0.4928021200035791,-0.1716466381408325,0.34,0.485,0.515,0.535,0.69,0
0.061650045330915684,0.17736884321892787,142.0,0.9726027397260274,146.0,0.9605263157894736,152.0,1.034013605442177,0.07123534715960325,0.9795918367346939,147.0,1.0068493150684932,146.0,0.9864864864864864,148.0,1.0277777777777777,196.0,-0.610741945456038,0.1537488727973394,96.0,100.0,0.1921352470016038,-0.6723696175129671,0.2380203579454861,-0.8373502929381402,-0.5404466646755605,0.34,0.465,0.495,0.565,0.755,0
0.08794197642792384,0.18559012944107922,165.0,0.9649122807017544,171.0,0.9661016949152542,177.0,0.9725274725274724,0.10640216411181244,0.9945652173913043,184.0,1.0454545454545454,176.0,1.035294117647059,170.0,0.9883720930232558,250.0,-0.2831300964302386,0.21545576361959626,122.0,128.0,0.2465837606693633,-0.5547680094989228,0.5385562564561389,-0.5300184645119611,-0.1895215407182879,0.375,0.47,0.495,0.515,0.675,0
0.08340888485947416,0.1780076779082988,166.0,0.988095238095238,168.0,1.0120481927710845,166.0,1.064102564102564,0.08656447249774572,1.0254777070063694,157.0,1.2764227642276422,123.0,0.6721311475409836,183.0,1.1730769230769231,223.0,-0.4219781459152771,0.08046189336115744,111.0,112.0,0.24746988058528938,-0.649447495708859,0.24198676008779357,-0.5584586667608893,-0.4168181299061096,0.335,0.48,0.5,0.52,0.87,0
0.08612873980054397,0.18963047653804047,160.0,1.0526315789473684,152.0,0.9806451612903224,155.0,1.0264900662251657,0.07844905320108206,0.9559748427672956,159.0,1.0063291139240509,158.0,0.9813664596273292,161.0,0.9757575757575756,218.0,-0.2896655682768177,0.08113164041398087,112.0,106.0,0.2938972659294913,-0.5074924592371651,0.296225897854402,-0.3736955120447908,-0.279996498800719,0.39,0.495,0.515,0.535,0.81,0
0.08612873980054397,0.1966301670494742,155.0,1.0402684563758389,149.0,0.9933333333333332,150.0,0.967741935483871,0.07664562669071236,1.0067114093959733,149.0,0.93125,160.0,1.0256410256410255,156.0,0.951219512195122,214.0,-0.271298636082853,0.15892469826986932,109.0,105.0,0.2949635578872979,-0.5121685593300533,0.42228279812687575,-0.3414984729077117,-0.2602951341302176,0.355,0.485,0.515,0.54,0.845,0
0.038077969174977334,0.19147019885452174,108.0,0.9908256880733946,109.0,1.0186915887850467,107.0,0.9727272727272728,0.0405770964833183,0.990990990990991,111.0,1.009090909090909,110.0,0.990990990990991,111.0,0.9910714285714286,156.0,-0.0847516752915126,0.48077887655277696,79.0,77.0,0.3616310683162483,-0.3807757336520348,0.7165488797144636,-1.0600791270370336,0.3514784480930482,0.33,0.465,0.505,0.55,0.85,0
0.10244786944696282,0.19901135163167694,170.0,1.0240963855421688,166.0,0.976470588235294,170.0,1.011904761904762,0.08836789900811542,0.9367816091954023,174.0,0.956043956043956,182.0,1.0224719101123596,178.0,0.9518716577540108,225.0,-0.2903644070565267,0.22442439352483676,111.0,114.0,0.24281917242563147,-0.5557978678118185,0.5911702794838951,-0.6021353616007458,-0.2305363660013862,0.38,0.475,0.495,0.515,0.67,0
0.10335448776065277,0.18759709924087695,180.0,1.0344827586206895,174.0,0.9720670391061452,179.0,0.9835164835164836,0.09918845807033363,0.9562841530054644,183.0,1.0280898876404494,178.0,0.9834254143646408,181.0,1.011173184357542,239.0,-0.2132113021081441,0.1858877954705566,117.0,122.0,0.263812801439612,-0.4780813770431068,0.5054031485430471,-0.4932084648765633,-0.0028701392910945,0.395,0.47,0.495,0.515,0.68,0
0.06255666364460562,0.16915438665107208,149.0,0.9933333333333332,150.0,1.0135135135135136,148.0,1.0,0.07664562669071236,1.0135135135135136,148.0,1.0206896551724138,145.0,1.0211267605633805,142.0,1.0,208.0,-0.16296784055032,0.21066720294701957,103.0,105.0,0.32753715019060464,-0.2301185400211215,0.4289121181023546,-0.4005700976086965,-0.1365624073690574,0.34,0.46,0.495,0.57,0.825,0
0.09882139619220308,0.20360036666289982,163.0,2.08974358974359,78.0,0.8210526315789474,95.0,0.3356890459363957,0.0739404869251578,1.0068493150684932,146.0,0.906832298136646,161.0,1.0,161.0,0.9938271604938272,210.0,-0.1721302514230001,0.20258900383640177,108.0,102.0,0.35532345025815637,-0.2146779295259006,0.46251047160306485,-0.3145753581603543,0.1207869114675209,0.48,0.455,0.515,0.6,0.545,0
0.0843155031731641,0.17926760187900248,166.0,1.0246913580246917,162.0,0.9818181818181818,165.0,1.03125,0.08566275924256087,1.019108280254777,157.0,1.0,157.0,0.9751552795031057,161.0,1.0125786163522013,226.0,-0.3062874492025266,0.08404812175398373,114.0,112.0,0.2874363715545997,-0.5139988913887907,0.28895462819076584,-0.3948922798813487,-0.2635436989410529,0.345,0.485,0.51,0.53,0.87,0
0.03535811423390753,0.07915031005882475,216.0,0.9773755656108596,221.0,0.9954954954954957,222.0,1.023041474654378,0.0405770964833183,0.9734513274336283,113.0,0.5067264573991032,223.0,1.0372093023255815,215.0,0.9817351598173516,228.0,-0.3348589733242189,0.5233508973037868,151.0,77.0,0.3510942259871813,-0.4953243142473499,0.6960787744453346,-1.08131986136448,-0.115529930808397,0.425,0.625,0.66,0.695,0.855,0
0.0843155031731641,0.18307056257585042,163.0,0.9588235294117649,170.0,1.0493827160493827,162.0,1.018867924528302,0.08926961226330027,1.0186335403726707,161.0,1.0125786163522013,159.0,1.0063291139240509,158.0,1.0193548387096774,230.0,-0.340687824785593,0.08836724020801381,116.0,114.0,0.26998399845734855,-0.5378620170220273,0.30434512989152607,-0.4528225078115878,-0.3419674092338541,0.395,0.485,0.505,0.525,0.87,0
0.12964641885766093,0.17701239550221776,219.0,1.0186046511627906,215.0,1.936936936936937,111.0,1.0,0.13706041478809738,0.9954128440366973,218.0,1.963963963963964,111.0,0.9736842105263158,114.0,0.5205479452054794,302.0,-0.3239270765559833,0.6656167548668054,151.0,151.0,0.8134192677606523,-0.358186898823317,0.7882525107063696,-0.9382252075946907,-0.6605134307106312,0.135,0.12,0.145,0.215,0.17,0
0.033544877606527655,0.17613481795184732,111.0,1.1935483870967742,93.0,0.7045454545454546,132.0,1.2222222222222223,0.04238052299368801,1.0275229357798166,109.0,1.0092592592592593,108.0,1.0,108.0,0.9642857142857144,153.0,-0.1577987579776905,0.4590610295961098,75.0,78.0,0.2847308731877236,-0.3920674131448086,0.7158878197179531,-0.8956637726419576,0.4086859876981191,0.3,0.45,0.495,0.54,0.82,0
0.09338168631006347,0.18797524210256417,169.0,1.0242424242424242,165.0,0.9428571428571428,175.0,0.9615384615384616,0.09287646528403967,0.9180327868852459,183.0,1.0338983050847457,177.0,1.0411764705882354,170.0,0.9826589595375722,231.0,-0.2970923859566268,0.2219194480453838,114.0,117.0,0.2559067289336059,-0.6062857387944748,0.5535598423335611,-0.5216982857714311,-0.1896061522940078,0.35,0.475,0.5,0.52,0.68,0
0.061650045330915684,0.17882082032910754,141.0,0.9929577464788732,142.0,0.9861111111111112,144.0,0.979591836734694,0.06943192064923355,1.0,142.0,0.9403973509933776,151.0,1.0066666666666666,150.0,1.0067114093959733,196.0,-0.2042741245269209,0.21147190127204055,97.0,99.0,0.31326665457349145,-0.270577734912866,0.4200926412428746,-0.4662028115104848,-0.0880041900699479,0.34,0.465,0.495,0.57,0.78,0
0.07615593834995467,0.1916795555903944,148.0,0.961038961038961,154.0,1.2622950819672132,122.0,0.5951219512195122,0.08566275924256087,0.9815950920245399,163.0,0.9939024390243902,164.0,0.9761904761904762,168.0,1.030674846625767,225.0,-0.2500865747463035,0.09231822040893171,113.0,112.0,0.2960972425803162,-0.4762517833538485,0.3417374682527295,-0.3322069552131918,-0.1912864693717319,0.35,0.48,0.505,0.525,0.81,0
0.07162284678150499,0.17768652081772726,153.0,1.9870129870129871,77.0,0.2927756653992395,263.0,1.5290697674418603,0.0829576194770063,0.9691358024691358,162.0,0.9204545454545454,176.0,1.1282051282051282,156.0,1.1063829787234043,216.0,-0.3358820923236202,0.3774694331133148,107.0,109.0,0.2605460526038374,-0.3438331633826946,0.6434428993968688,-0.5270314797205409,0.0995031782081168,0.365,0.44,0.5,0.605,0.53,0
0.0770625566636446,0.17404125059312042,162.0,1.0,162.0,1.0062111801242235,161.0,0.9698795180722892,0.08836789900811542,0.9819277108433735,166.0,1.0375,160.0,1.0,160.0,1.0526315789473684,227.0,-0.2727989396055916,0.16371781210775466,113.0,114.0,0.2999277557499121,-0.5003410964872494,0.37938363051352403,-0.3730955088921963,-0.2919927307245914,0.37,0.465,0.5,0.525,0.855,0
0.05530371713508613,0.22826464518414658,108.0,1.018867924528302,106.0,0.9814814814814816,108.0,0.9391304347826088,0.030658250676284943,0.8114754098360656,122.0,1.0608695652173914,115.0,1.036036036036036,111.0,0.5634517766497462,218.0,-0.2531897475144766,0.6422184060777544,149.0,69.0,0.7804191095204224,-0.6248769382690263,0.801328849879713,-0.7878169534141808,-0.7009253816772462,0.18,0.16,0.19,0.225,0.23,0
0.06346328195829556,0.1746248683431217,146.0,0.948051948051948,154.0,1.0,154.0,0.9685534591194968,0.09287646528403967,0.9710982658959537,173.0,1.0421686746987953,166.0,0.9651162790697676,172.0,1.849462365591397,285.0,-0.2413395088509122,0.32653179184642944,168.0,117.0,0.27153137267350536,-0.2920531705276649,0.6756795570553713,-0.4680878867560797,0.3425754538732872,0.455,0.555,0.595,0.665,0.61,0
0.09610154125113328,0.1783016601681296,180.0,1.0227272727272727,176.0,0.9887640449438202,178.0,1.0470588235294118,0.09197475202885483,0.9940476190476191,168.0,0.9824561403508772,171.0,1.0118343195266273,169.0,0.9825581395348836,240.0,-0.1395360057036814,0.18530329446264396,124.0,116.0,0.30475808855510006,-0.3930709385007868,0.520090119873801,-0.3804110850573907,0.0166215150176148,0.37,0.495,0.52,0.54,0.7,0
0.06708975521305531,0.18772070880301459,141.0,1.014388489208633,139.0,1.0296296296296297,135.0,0.9507042253521126,0.06762849413886383,1.0,140.0,1.0144927536231885,138.0,0.9787234042553192,141.0,0.9791666666666666,198.0,-0.2903565490424669,0.2322954482900197,100.0,98.0,0.3230055812749372,-0.4687517770566183,0.38098166701307007,-0.6579764260181419,-0.1947142454937654,0.35,0.475,0.505,0.58,0.75,0
0.08703535811423391,0.18958176208637817,161.0,1.00625,160.0,0.98159509202454,163.0,1.0061728395061729,0.08205590622182146,0.9873417721518988,158.0,0.9461077844311376,167.0,1.2748091603053435,131.0,0.6616161616161617,221.0,-0.3543171386537171,0.09082361840251717,112.0,109.0,0.2632173658933645,-0.6140204913240899,0.2975824179805867,-0.4600029323935892,-0.3126569472109913,0.355,0.485,0.51,0.53,0.86,0
0.08612873980054397,0.19377679002570503,157.0,1.9873417721518989,79.0,0.2958801498127341,267.0,1.5344827586206895,0.0793507664562669,0.9745222929936306,157.0,0.9874213836477987,159.0,1.0,159.0,0.9636363636363636,209.0,-0.0745405389302487,0.30938699981781775,102.0,107.0,0.451963769379813,-0.1240100887559979,0.6427926342692055,0.2059204014429909,0.2059204014429909,0.46,0.44,0.49,0.525,0.525,0
0.09700815956482321,0.18783217176078032,173.0,1.0,173.0,1.005813953488372,172.0,1.0,0.09287646528403967,0.9882352941176471,170.0,1.0493827160493827,162.0,0.9759036144578314,166.0,0.9222222222222224,238.0,-0.2390372403596251,0.2371041336330941,121.0,117.0,0.27271983275338035,-0.5660731714623248,0.5839482544539479,-0.5004779857975977,-0.2125193392213537,0.35,0.485,0.51,0.535,0.69,0
0.09247506799637353,0.18930172691514577,167.0,0.9542857142857144,175.0,0.9562841530054644,183.0,0.9945652173913044,0.10279531109107304,0.9675675675675676,185.0,1.0571428571428572,175.0,1.0416666666666667,168.0,0.9491525423728814,243.0,-0.2541820706665512,0.22377277115892705,118.0,125.0,0.2597115501124795,-0.5017801239402974,0.6048408506591237,-0.5378249585098211,0.0217017091823404,0.355,0.465,0.485,0.505,0.705,0
0.06255666364460562,0.1817874498204099,140.0,0.9395973154362416,149.0,0.9738562091503268,153.0,1.0337837837837838,0.0721370604147881,0.9797297297297297,148.0,0.9736842105263158,152.0,1.0066225165562914,151.0,1.0633802816901408,196.0,-0.1939170259443381,0.22254926619362203,95.0,101.0,0.3198319310345574,-0.286498645671452,0.41917600745736605,-0.4691249874462208,0.8924624349918329,0.325,0.45,0.48,0.565,0.495,0
0.10879419764279238,0.1921299026348678,182.0,1.058139534883721,172.0,0.9662921348314608,178.0,0.9518716577540108,0.10009017132551848,0.946236559139785,186.0,1.0163934426229508,183.0,1.0397727272727273,176.0,1.0,241.0,-0.2988437375510803,0.18200055392986147,118.0,123.0,0.24570254807489594,-0.531646581711615,0.468482504571071,-0.5759219386407713,-0.1750269551292475,0.34,0.47,0.49,0.515,0.665,0
0.07887579329102448,0.17662331700221692,162.0,0.9878048780487804,164.0,1.0123456790123455,162.0,1.051948051948052,0.08656447249774572,1.0454545454545454,154.0,0.9935483870967742,155.0,1.0064935064935066,154.0,1.013157894736842,226.0,-0.2470920722840442,0.11519919354286454,114.0,112.0,0.2982764239915828,-0.4540706576248677,0.3782426038274825,-0.3324848050245516,-0.204921412407185,0.38,0.485,0.505,0.53,0.815,0
0.08340888485947416,0.19840843359287205,151.0,0.993421052631579,152.0,0.95,160.0,0.9523809523809524,0.07484220018034266,1.0422535211267605,142.0,0.9793103448275862,145.0,0.9602649006622516,151.0,1.0633802816901408,206.0,-0.2711340251770066,0.11657149742318185,103.0,103.0,0.3110899924036753,-0.5146702479707382,0.30822562169372264,-0.4200246266092974,-0.3277810329309023,0.35,0.475,0.5,0.52,0.87,0
0.07524932003626474,0.17521048821233393,159.0,0.9754601226993864,163.0,0.9588235294117649,170.0,1.0240963855421688,0.09197475202885483,1.0121212121212122,165.0,1.03125,160.0,1.0596026490066226,151.0,0.9805194805194806,224.0,-0.3662808195225988,0.08201418401336802,108.0,116.0,0.25859649137894103,-0.587675521240332,0.2630400943196037,-0.5252426489813905,-0.3431331585442969,0.355,0.46,0.48,0.5,0.815,0
0.06527651858567543,0.17472165998470668,148.0,1.0068027210884354,147.0,0.9865771812080536,149.0,1.0642857142857145,0.0721370604147881,0.9863945578231292,147.0,1.013793103448276,145.0,1.0211267605633805,142.0,1.8205128205128205,206.0,-0.2253170675666261,0.2189338048829619,105.0,101.0,0.3357414881106402,-0.3350678093675738,0.40988420152514465,-0.5131075260354183,-0.2419977664128643,0.365,0.475,0.51,0.585,0.75,0
0.033544877606527655,0.17613481795184732,111.0,0.9736842105263158,114.0,0.991304347826087,115.0,1.055045871559633,0.04147880973850315,1.0,111.0,1.0277777777777777,108.0,0.9818181818181818,110.0,0.990990990990991,157.0,-0.4887610762065629,0.45557227209917317,80.0,77.0,0.1738461424384244,-0.7824279866535656,0.6168677651668942,-1.4055733636317251,-0.242601517701256,0.32,0.475,0.515,0.555,0.875,0
0.10335448776065277,0.16324236201517503,203.0,1.041025641025641,195.0,1.089385474860335,179.0,1.0112994350282485,0.09467989179440937,0.9826589595375722,173.0,0.9664804469273744,179.0,0.988950276243094,181.0,1.0,243.0,-0.1431843504529553,0.16888088384022193,125.0,118.0,0.2945828814382671,-0.3316400307407682,0.48469185423499433,-0.3911710031294827,0.1134716815938968,0.365,0.495,0.515,0.54,0.715,0
0.038984587488667274,0.18939280906174863,110.0,0.9821428571428572,112.0,1.037037037037037,108.0,0.9908256880733946,0.03787195671776375,0.981651376146789,109.0,0.990909090909091,110.0,1.0091743119266054,109.0,0.990909090909091,154.0,-0.0816844621830096,0.4780900137363803,80.0,74.0,0.30279668801099235,-0.3926511611173102,0.8012951593122695,-0.8653441677602185,0.3701362050746696,0.32,0.48,0.52,0.57,0.845,0
0.06980961015412511,0.18465248241132518,146.0,1.0735294117647058,136.0,1.0225563909774436,133.0,1.023076923076923,0.06492335437330929,1.0458015267175573,131.0,1.048,125.0,0.984251968503937,127.0,0.9477611940298508,191.0,-0.0259247732632343,0.22493239342721136,96.0,95.0,0.35094323161913293,-0.2294436573317665,0.43234823508923464,-0.3923263681670175,0.3730311886877387,0.35,0.46,0.51,0.535,0.745,0
0.03989120580235721,0.18362207595318897,114.0,1.0555555555555556,108.0,0.9391304347826088,115.0,0.5275229357798165,0.03967538322813345,0.9646017699115044,113.0,1.0,113.0,1.036697247706422,109.0,1.1473684210526316,150.0,-0.4076056048989738,0.5793205858555398,74.0,76.0,0.24212563244868446,-0.5957457563015717,0.6671619339853626,-1.1932731178065203,0.2189761429163641,0.29,0.455,0.495,0.535,0.875,0
0.05983680870353581,0.1730120353111729,143.0,0.9930555555555556,144.0,0.9536423841059604,151.0,1.0,0.06853020739404869,0.9463087248322147,149.0,1.0,149.0,0.9933333333333332,150.0,1.0,196.0,-0.174203338344204,0.2756002302211831,98.0,98.0,0.30283470561705045,0.0789162211279005,0.5251704327055029,-0.2972370418711138,-0.1931082743541601,0.42,0.47,0.5,0.565,0.825,0
0.08884859474161379,0.1805571711196051,170.0,0.9826589595375722,173.0,1.1019108280254777,157.0,1.097902097902098,0.08385933273219116,0.9875,160.0,1.0256410256410255,156.0,0.981132075471698,159.0,1.606060606060606,228.0,-0.2292725579304997,0.34525064627450625,118.0,110.0,0.2956037869263236,-0.2179684102756106,0.5992633702442065,-0.4566719454390259,0.1815032191482215,0.36,0.47,0.525,0.615,0.555,0
0.06890299184043518,0.1776045022376736,150.0,1.0135135135135136,148.0,0.961038961038961,154.0,1.0335570469798658,0.08025247971145176,1.0335570469798658,149.0,1.041958041958042,143.0,0.986206896551724,145.0,1.013986013986014,209.0,-0.2345379416915254,0.2115596836366942,102.0,107.0,0.30833881208655434,-0.351736627175194,0.3981538708444671,-0.37156397309668,-0.2014059361806565,0.335,0.455,0.485,0.54,0.74,0
0.05983680870353581,0.16755973695395993,147.0,0.9932432432432432,148.0,0.9932885906040269,149.0,1.0067567567567568,0.07123534715960325,0.96,150.0,0.9803921568627452,153.0,1.0551724137931036,145.0,1.013986013986014,198.0,-0.280674739019396,0.2329142586110236,98.0,100.0,0.2969715047045567,-0.3387214225907086,0.40821430024089433,-0.5729936205114273,-0.2487328761466487,0.33,0.455,0.495,0.575,0.795,0
0.05802357207615594,0.17873420340965346,137.0,0.9647887323943662,142.0,0.9594594594594594,148.0,1.064748201438849,0.0721370604147881,1.0357142857142858,140.0,1.037037037037037,135.0,0.9782608695652174,138.0,1.0454545454545454,197.0,-0.0462900433731037,0.2321737116262719,96.0,101.0,0.3506104637125718,-0.2416447498450811,0.424745795019334,-0.6189479812221317,0.3255744922678253,0.325,0.45,0.49,0.54,0.725,0
0.03989120580235721,0.19330014958940886,109.0,0.990909090909091,110.0,1.02803738317757,107.0,0.9553571428571428,0.03967538322813345,0.9732142857142857,112.0,1.0275229357798166,109.0,1.0186915887850467,107.0,0.9553571428571428,155.0,-0.2277252695701703,0.49231633020935983,79.0,76.0,0.2791000615015637,-0.5860716918720106,0.6599385407231927,-1.1684861760189376,0.3366630992750103,0.32,0.47,0.51,0.56,0.86,0
0.08884859474161379,0.17813953041686076,172.0,1.0238095238095235,168.0,0.9491525423728814,177.0,1.0411764705882354,0.09467989179440937,1.0179640718562875,167.0,1.050314465408805,159.0,1.0127388535031847,157.0,0.9874213836477987,238.0,-0.2272647083785606,0.21918318755367638,120.0,118.0,0.27010041010808344,-0.5016702735329988,0.563977782142056,-0.3874866101035497,-0.1757432401977615,0.365,0.485,0.505,0.53,0.68,0
0.07615593834995467,0.18732777774456397,151.0,0.9741935483870968,155.0,1.0064935064935066,154.0,1.013157894736842,0.06943192064923355,0.9726027397260274,146.0,1.0,146.0,0.9864864864864864,148.0,0.9367088607594936,197.0,-0.365833917228729,0.1451004159313647,98.0,99.0,0.24107249442073378,-0.6003162902252728,0.31809537662971943,-0.690986522343236,-0.2480150753768845,0.36,0.47,0.5,0.525,0.795,0
0.09156844968268359,0.18676714932366734,168.0,0.9882352941176472,170.0,0.9497206703910616,179.0,0.9675675675675676,0.10279531109107304,0.9728260869565217,184.0,1.0337078651685394,178.0,1.0532544378698223,169.0,0.9657142857142856,246.0,-0.2653067479036122,0.22895655239780532,121.0,125.0,0.26121110167291056,-0.550297841923833,0.5871913861434113,-0.3897523397529072,-0.1170858377890185,0.345,0.47,0.49,0.515,0.67,0
0.043517679057116954,0.09646364340638586,201.0,1.1964285714285714,168.0,1.05,160.0,1.0256410256410255,0.08385933273219116,0.9937106918238994,159.0,1.0192307692307692,156.0,1.0,156.0,0.9397590361445785,227.0,-0.2997499849682395,0.12175032503228343,117.0,110.0,0.28296330639896805,-0.544834696004111,0.37557087045783916,-0.383500628273303,-0.223839202673154,0.39,0.495,0.52,0.54,0.885,0
0.09791477787851315,0.18904111614885435,173.0,1.035928143712575,167.0,0.9709302325581396,172.0,0.9148936170212766,0.1036970243462579,0.9574468085106383,188.0,1.010752688172043,186.0,1.0163934426229508,183.0,1.0338983050847457,245.0,-0.2205728268089716,0.17612504566927803,120.0,125.0,0.2637708443798495,-0.4596729926399686,0.4816545907583027,-0.5440481686127995,-0.0844811617017869,0.39,0.47,0.495,0.515,0.67,0
0.1042611060743427,0.17631238753934145,191.0,1.0105820105820107,189.0,1.0441988950276244,181.0,1.0342857142857145,0.1018935978358882,1.04093567251462,171.0,0.9395604395604396,182.0,0.978494623655914,186.0,0.9946524064171124,250.0,-0.2991874012840454,0.1874220957776728,126.0,124.0,0.24087437336838044,-0.5191088295352069,0.503415990545355,-0.6291104321407841,-0.216151324397101,0.405,0.485,0.505,0.525,0.68,0
0.0942883046237534,0.18793884332443384,170.0,1.0303030303030305,165.0,0.9482758620689656,174.0,1.0481927710843373,0.08926961226330027,1.0123456790123457,162.0,1.0318471337579618,157.0,1.0328947368421053,152.0,0.95,231.0,-0.2187412644912004,0.21685683823875235,117.0,114.0,0.264126993733422,-0.5275665583775112,0.5698973593446336,-0.4229468257852408,-0.1967133203336727,0.395,0.485,0.51,0.53,0.68,0
0.07252946509519492,0.1750840081814094,156.0,0.975,160.0,1.019108280254777,157.0,0.9631901840490796,0.08926961226330027,1.0379746835443038,158.0,0.9461077844311376,167.0,0.9653179190751444,173.0,1.0880503144654088,227.0,-0.3099089385101556,0.11434626437347727,113.0,114.0,0.2893981796977035,-0.4862279424256338,0.3192046586847143,-0.4568944627318174,-0.2982989461097455,0.37,0.47,0.5,0.52,0.85,0
0.0643699002719855,0.17605738463857934,146.0,0.9605263157894736,152.0,1.0,152.0,1.0410958904109588,0.0739404869251578,0.98,150.0,1.851851851851852,81.0,0.3838862559241706,211.0,1.4859154929577465,202.0,-0.2239155746014977,0.20926382141795263,100.0,102.0,0.30924509328708794,-0.3031308426176587,0.407670484868984,-0.5106302460849209,-0.2344633009945713,0.335,0.465,0.495,0.57,0.815,0
0.06708975521305531,0.32527227969334116,86.0,0.4215686274509804,204.0,1.3421052631578947,152.0,1.027027027027027,0.0793507664562669,1.0408163265306123,147.0,1.0,147.0,1.0208333333333333,144.0,1.0140845070422535,207.0,-0.2374291044594375,0.2235068202246016,100.0,107.0,0.3268471064264565,-0.3123495087863217,0.40368253941630194,-0.5470785385676483,-0.2559772965589255,0.325,0.45,0.485,0.56,0.74,0
0.08068902991840435,0.16495949977491906,174.0,0.9666666666666668,180.0,1.0285714285714285,175.0,0.9887005649717514,0.10099188458070334,1.0,177.0,1.0290697674418603,172.0,0.9828571428571428,175.0,1.0294117647058822,250.0,-0.2452284989467759,0.2061549107119387,127.0,123.0,0.25653568478735467,-0.5153447835307942,0.5384041489394491,-0.4996394248214569,-0.0891513216560685,0.4,0.485,0.51,0.53,0.7,0
0.056210335448776065,0.18995726931794174,128.0,0.962406015037594,133.0,0.93006993006993,143.0,1.0437956204379562,0.058611361587015326,0.9420289855072463,138.0,1.0,138.0,0.9857142857142858,140.0,0.9722222222222222,180.0,-0.1380952059699272,0.2501721747137545,89.0,91.0,0.3123121858066016,-0.2968302057735126,0.4339928436090148,-0.5357236801683959,0.3078533015275434,0.34,0.46,0.5,0.53,0.735,0
0.08068902991840435,0.19874534542609762,148.0,0.8457142857142858,175.0,1.0355029585798816,169.0,1.4201680672268908,0.09377817853922453,1.005952380952381,168.0,1.0120481927710845,166.0,1.0246913580246917,162.0,1.0,234.0,-0.2912411993384126,0.09353682755611016,116.0,118.0,0.28749603273517244,-0.4669054709162861,0.33681617602633185,-0.3711417818199548,-0.292626339547843,0.38,0.48,0.5,0.52,0.795,0
0.09972801450589303,0.1829493797045033,180.0,0.994475138121547,181.0,1.0168539325842696,178.0,1.04093567251462,0.09558160504959423,1.0301204819277108,166.0,0.9378531073446328,177.0,0.9833333333333332,180.0,1.0227272727272727,242.0,-0.2252742653959447,0.20656019670045528,123.0,119.0,0.26210268710095896,-0.476374917863946,0.5226250668523478,-0.5246228670414967,-0.0957693000592942,0.405,0.49,0.51,0.535,0.69,0
0.06708975521305531,0.1817874498204099,145.0,1.0069444444444444,144.0,1.0140845070422535,142.0,1.0070921985815602,0.06762849413886383,1.0,140.0,0.9523809523809524,147.0,1.013793103448276,145.0,0.9931506849315068,197.0,-0.2493915269639663,0.228043540544408,99.0,98.0,0.29530666268039785,-0.305377551333885,0.4221302250778898,-0.4805117223452504,-0.187422257614013,0.34,0.47,0.505,0.575,0.76,0
0.10788757932910245,0.19464008205786776,179.0,1.0170454545454546,176.0,1.011494252873563,174.0,0.9830508474576272,0.09648331830477908,0.9717514124293786,177.0,1.0,177.0,0.9833333333333332,180.0,0.9523809523809524,238.0,-0.1764976339031171,0.21911047593007002,118.0,120.0,0.27728995265909795,-0.4855201588289149,0.6084692577506803,-0.4272615918744968,-0.0249148915627416,0.385,0.475,0.5,0.52,0.685,0
0.0843155031731641,0.18972975535725095,158.0,1.0128205128205128,156.0,0.975,160.0,0.963855421686747,0.0829576194770063,0.9691358024691358,162.0,0.9529411764705882,170.0,1.0059171597633136,169.0,0.9941176470588236,220.0,-0.2830845201560402,0.11240567645975431,111.0,109.0,0.27538627483169065,-0.479943558048482,0.3541826337772968,-0.3389698976726751,-0.2142117896376843,0.37,0.485,0.505,0.53,0.855,0
0.07796917497733455,0.1716469708319583,,1.0060975609756098,164.0,0.970414201183432,169.0,1.0696202531645569,0.08836789900811542,1.0061728395061729,162.0,1.0253164556962024,158.0,1.0193548387096774,155.0,1.0,226.0,-0.3012546865223723,0.10393572129655251,112.0,114.0,0.28282270315360697,-0.4542962159261504,0.3064859353351986,-0.5050172564185627,-0.2774858627592962,0.375,0.475,0.495,0.52,0.805,0
0.07252946509519492,0.17639009810075015,155.0,1.597938144329897,97.0,0.4163090128755364,233.0,1.3546511627906976,0.09017132551848513,1.0,165.0,0.9428571428571428,175.0,1.0416666666666667,168.0,1.105263157894737,227.0,-0.2237512846204419,0.38251271047473867,112.0,115.0,0.2966532179253861,-0.2228609177491314,0.6422707614137751,-0.4823957399253757,0.3871270352581849,0.335,0.44,0.5,0.62,0.525,0
0.17588395285584768,0.33488879925389536,153.0,1.02,150.0,0.9036144578313252,166.0,1.006060606060606,0.0793507664562669,1.9870129870129871,77.0,0.2927756653992395,263.0,1.5290697674418603,172.0,1.011764705882353,212.0,-0.3139422754844478,0.34749232828355625,105.0,107.0,0.2535397902198362,-0.3398316847104887,0.591925790254217,-0.4989074688250085,0.1336071164327265,0.32,0.445,0.5,0.6,0.53,0
0.038077969174977334,0.2718002459046088,79.0,1.082191780821918,73.0,0.4124293785310734,177.0,1.5258620689655171,0.04328223624887286,1.0,113.0,1.0089285714285714,112.0,1.0666666666666669,105.0,0.945945945945946,156.0,0.2485467561954191,0.5176832169307599,77.0,79.0,0.4076370887131843,-0.1333009548462394,0.8474995679458717,-0.5991763175220234,0.9148714719590814,0.305,0.455,0.495,0.54,0.86,0
0.03535811423390753,0.1817874498204099,110.0,1.02803738317757,107.0,0.9907407407407408,108.0,1.0,0.04147880973850315,1.0471698113207548,106.0,0.9814814814814816,108.0,0.9473684210526316,114.0,0.9743589743589745,154.0,0.0022392735065371,0.5171496847970599,77.0,77.0,0.4479908195730345,-0.2679259297060044,0.631216393540063,-1.0118797468430143,0.1954378676340784,0.345,0.465,0.5,0.545,0.815,0
0.08794197642792384,0.1817874498204099,168.0,1.05,160.0,1.019108280254777,157.0,1.0064102564102564,0.08385933273219116,1.0063694267515924,157.0,1.0328947368421053,152.0,0.9212121212121211,165.0,1.0,228.0,-0.2651077538516685,0.11052564506144734,118.0,110.0,0.3032336426057568,-0.4574238902052903,0.35165872257872133,-0.3872154116674685,-0.2093714656201183,0.395,0.495,0.515,0.535,0.86,0
0.10154125113327289,0.19778107293087221,170.0,1.0240963855421688,166.0,0.9707602339181286,171.0,0.9447513812154696,0.08746618575293057,0.9257142857142857,175.0,0.9562841530054644,183.0,1.0338983050847457,177.0,1.0,227.0,-0.2313640654871532,0.20754940857801069,114.0,113.0,0.2690954383430258,-0.5222074748962544,0.5353247229130312,-0.4621798383821263,-0.1471264816900658,0.355,0.48,0.505,0.525,0.675,0
0.07252946509519492,0.17639009810075015,155.0,1.0064935064935066,154.0,1.013157894736842,152.0,0.9559748427672956,0.07303877366997295,1.0,146.0,0.9864864864864864,148.0,0.9367088607594936,158.0,1.025974025974026,201.0,-0.0939133395107682,0.1911182654373576,99.0,102.0,0.36828382433625356,-0.2435765355576062,0.491445618021858,-0.3893633597011152,0.1249963086425532,0.38,0.465,0.495,0.52,0.755,0
0.07343608340888486,0.17257970356910357,159.0,1.0063291139240509,158.0,0.9813664596273292,161.0,0.9757575757575756,0.09107303877366997,0.9940119760479041,167.0,1.030864197530864,162.0,0.9759036144578314,166.0,1.01840490797546,225.0,-0.3730040887404772,0.08637116542412085,109.0,116.0,0.2572213432902915,-0.5294110062134174,0.28425854596702327,-0.4760358336616743,-0.2958412465053154,0.32,0.465,0.485,0.505,0.82,0
0.15503173164097914,0.3100645090243231,150.0,0.9803921568627452,153.0,1.9870129870129871,77.0,0.2927756653992395,0.08025247971145176,0.9808917197452229,157.0,0.9691358024691358,162.0,0.9204545454545454,176.0,1.1282051282051282,212.0,-0.3322122840936929,0.36641946261475894,105.0,107.0,0.2654185762177779,-0.3592626003761091,0.5881389335242665,-0.5425257473484655,0.1363786926468577,0.335,0.44,0.505,0.6,0.535,0
0.09791477787851315,0.1829624350964594,178.0,1.065868263473054,167.0,0.9940476190476192,168.0,1.0059880239520955,0.0829576194770063,0.9631901840490797,163.0,0.9819277108433736,166.0,0.988095238095238,168.0,1.0,224.0,-0.1617440201988201,0.23630966650143462,115.0,109.0,0.28961667814588177,-0.4943210456356171,0.6124179576441364,-0.465471310628168,-0.0698975458749057,0.36,0.49,0.515,0.535,0.7,0
0.09338168631006347,0.18797524210256417,169.0,1.0696202531645569,158.0,0.9575757575757576,165.0,1.0248447204968945,0.08566275924256087,0.9467455621301775,169.0,0.9941176470588236,170.0,0.9826589595375722,173.0,0.9719101123595506,225.0,-0.2718621609926754,0.22717260182974874,113.0,112.0,0.2511050401329949,-0.550683263719714,0.5683790469313265,-0.4532404267486857,-0.149280527254362,0.335,0.485,0.505,0.53,0.69,0
0.0643699002719855,0.17605738463857934,146.0,0.948051948051948,154.0,1.0198675496688745,151.0,1.0272108843537415,0.0757439134355275,1.0067567567567568,148.0,0.9736842105263158,152.0,1.034013605442177,147.0,1.0425531914893618,207.0,-0.2505310577028561,0.21617965659327432,103.0,104.0,0.30571308443316947,-0.3610131151783281,0.41269714033794425,-0.5415906693955173,-0.2206166650911816,0.345,0.465,0.5,0.565,0.79,0
0.06527651858567543,0.173365407707518,149.0,0.9933333333333332,150.0,1.0,150.0,0.967741935483871,0.09738503155996393,0.9829545454545454,176.0,0.9565217391304348,184.0,1.010989010989011,182.0,1.064327485380117,236.0,-0.2053641345277516,0.17921907844143545,115.0,121.0,0.2808917277657166,-0.4267631391575785,0.488022048988,-0.4649038565909367,-0.190652383169782,0.33,0.465,0.49,0.515,0.68,0
0.038984587488667274,0.17996877695835065,115.0,1.0267857142857142,112.0,1.018181818181818,110.0,0.9565217391304348,0.04418394950405771,1.0961538461538463,104.0,0.9369369369369368,111.0,0.9736842105263158,114.0,1.0363636363636364,156.0,0.1927473810616063,0.47860035856365823,77.0,79.0,0.42401511387640045,-0.1161273556532589,0.7333620855756778,-0.8729221774663178,0.4513957637766138,0.32,0.46,0.5,0.54,0.875,0
0.09247506799637353,0.17706095537664004,177.0,0.9619565217391304,184.0,1.005464480874317,183.0,0.963157894736842,0.10099188458070334,0.9943820224719101,178.0,1.0229885057471264,174.0,1.0,174.0,1.0116279069767442,248.0,-0.259799002738061,0.2224590849071114,125.0,123.0,0.26115727967269303,-0.5610095272148533,0.5944233684581094,-0.3562474890261582,-0.1221313291663197,0.345,0.48,0.505,0.53,0.7,0
0.09700815956482321,0.19423669857855363,168.0,0.9333333333333332,180.0,0.994475138121547,181.0,1.0,0.10279531109107304,1.022857142857143,175.0,0.9831460674157304,178.0,1.0470588235294118,170.0,1.0365853658536586,246.0,-0.2538793556548774,0.19369663632460699,121.0,125.0,0.2547538649579892,-0.4597400958550893,0.49105771478262666,-0.6946237652339671,0.0560280239420849,0.335,0.47,0.495,0.515,0.715,0
0.08703535811423391,0.17809661371799548,170.0,1.0059171597633136,169.0,0.9441340782122905,179.0,0.9944444444444444,0.1055004508566276,0.9680851063829787,188.0,1.032967032967033,182.0,1.0520231213872833,173.0,1.0116959064327486,248.0,-0.243674214546432,0.20524540349200276,121.0,127.0,0.24476422007903562,-0.569791906159787,0.5084135422266467,-0.4977200552863881,0.1318167351319872,0.34,0.465,0.49,0.51,0.685,0
0.06799637352674524,0.19391193556747163,138.0,0.965034965034965,143.0,0.986206896551724,145.0,1.0,0.0757439134355275,1.0275862068965518,145.0,1.0431654676258992,139.0,0.972027972027972,143.0,0.9930555555555556,202.0,0.1359486206586181,0.11271795250163712,98.0,104.0,0.37622665719001025,0.0868774566579064,0.34765222342827384,-0.2357800519842324,0.3912047342479506,0.335,0.455,0.49,0.515,0.79,1
0.04623753399818677,0.11131387641561352,184.0,1.2867132867132869,143.0,1.0916030534351144,131.0,1.1101694915254237,0.0811541929666366,1.091549295774648,142.0,0.9726027397260274,146.0,0.9931972789115646,147.0,1.0,191.0,0.0575820526495683,0.13097742555029324,83.0,108.0,0.44252824295111953,-0.0156475892668426,0.3427846521190997,-0.3739366728768016,0.1398568161833197,0.415,0.4,0.44,0.475,0.74,1
0.07252946509519492,0.1750840081814094,156.0,1.033112582781457,151.0,1.0134228187919463,149.0,0.25,0.0739404869251578,0.9865771812080536,149.0,0.2310077519379845,645.0,2.5595238095238093,252.0,1.8,209.0,-0.212074304556547,0.07578072865865011,107.0,102.0,0.27423919252080026,-0.2482928422498723,0.12180315587177214,-0.5922275310205983,0.0033798492115471,0.365,0.48,0.52,0.545,0.805,1
0.06980961015412511,0.1817874498204099,148.0,0.9801324503311258,151.0,1.0342465753424657,146.0,0.9864864864864864,0.07664562669071236,1.0273972602739727,146.0,0.9668874172185432,151.0,0.9805194805194806,154.0,1.0266666666666666,207.0,-0.0591460512941633,0.1499688623232578,102.0,105.0,0.4166850738853801,0.0916988123434146,0.21227855132182272,-0.2510380349926652,0.2405323171482974,0.385,0.46,0.5,0.525,0.76,1
0.30371713508612874,0.12873168084820313,544.0,2.4504504504504503,222.0,1.5524475524475525,143.0,1.2327586206896552,0.0721370604147881,1.013986013986014,143.0,0.28714859437751,498.0,1.837638376383764,271.0,1.9496402877697845,196.0,-0.1056649009612505,0.043588718848830116,95.0,101.0,0.30466629178025606,-0.1387380231601981,0.12607709973031006,-0.4205785354158509,0.0625987184107526,0.255,0.445,0.49,0.51,0.795,1
0.06799637352674524,0.17757642876396396,149.0,1.0067567567567568,148.0,0.2661870503597122,556.0,1.992831541218638,0.07123534715960325,1.0212765957446808,141.0,0.9791666666666666,144.0,1.0,144.0,0.96,201.0,-0.1086643641327908,0.046439910943323906,101.0,100.0,0.3097339019267951,-0.1201154123896342,0.13470622966935658,-0.4235018634353708,0.0509717537817478,0.305,0.475,0.51,0.535,0.815,1
0.4197642792384406,0.4379929892630083,240.0,1.7647058823529411,136.0,0.9379310344827586,145.0,0.3950953678474114,0.06943192064923355,0.3585858585858585,396.0,0.9519230769230768,416.0,1.0558375634517767,394.0,2.962406015037594,199.0,-0.11135666779278,0.08172007215268401,100.0,99.0,0.3071353642365162,-0.1767639503765732,0.18284354380491988,-0.4563441951178166,0.0561875959742265,0.365,0.45,0.51,0.54,0.785,1
0.07071622846781506,0.04977610902860834,404.0,0.689419795221843,586.0,2.4214876033057853,242.0,1.704225352112676,0.0775473399458972,1.0134228187919463,149.0,0.9933333333333332,150.0,0.9933774834437086,151.0,1.0202702702702702,210.0,-0.2118809249975089,0.07700370672817058,105.0,105.0,0.27433999000261905,-0.2634792456315027,0.1500168849284761,-0.5617906745054333,0.0073869346733669,0.295,0.45,0.505,0.53,0.77,1
0.06980961015412511,0.1817874498204099,148.0,1.0277777777777777,144.0,0.2594594594594595,555.0,2.4342105263157894,0.07303877366997295,0.3659147869674185,399.0,1.4669117647058822,272.0,2.060606060606061,132.0,0.9103448275862068,202.0,-0.1688390545424355,0.04383369063319192,100.0,102.0,0.2928278313860706,-0.1770137699277118,0.08784149645219559,-0.4807853231252317,0.0126181163911896,0.315,0.47,0.5,0.53,0.77,1
0.06074342701722575,0.16252387542622954,152.0,1.0704225352112675,142.0,0.9861111111111112,144.0,0.3645569620253164,0.0757439134355275,0.9933333333333332,150.0,1.0344827586206895,145.0,0.3815789473684211,380.0,2.695035460992908,204.0,-0.2573317017109504,0.09022904758648476,100.0,104.0,0.2660977596098032,-0.3078993609460954,0.15948790106464478,-0.6925736622216818,-0.0050060597468189,0.47,0.455,0.495,0.52,0.775,1
0.032638259292837715,0.23285832147009727,86.0,0.9052631578947368,95.0,0.4025423728813559,236.0,1.3111111111111111,0.12894499549143373,2.236559139784946,93.0,0.6158940397350994,151.0,1.6593406593406594,91.0,0.6148648648648649,210.0,-0.4054773289787771,0.09559982377430212,65.0,145.0,0.23421472873183302,-0.3438955774108019,0.15659145977054248,-0.3912532653795469,-0.3912532653795469,0.255,0.29,0.31,0.375,0.375,1
0.07524932003626474,0.1873647132640583,150.0,0.9933774834437086,151.0,0.3984168865435356,379.0,2.6690140845070425,0.0775473399458972,1.0066666666666666,150.0,1.0,150.0,0.967741935483871,155.0,0.3725961538461538,211.0,-0.0968321097993388,0.0872089361406714,106.0,105.0,0.29892587734396314,-0.1400375571123679,0.1915532056299392,-0.4500346757889696,0.1416036457504545,0.455,0.475,0.505,0.53,0.765,1
0.05983680870353581,0.16889480316129116,146.0,0.4124293785310734,354.0,2.7022900763358777,131.0,0.3957703927492447,0.07123534715960325,0.4,360.0,2.6666666666666665,135.0,0.3935860058309038,343.0,2.6589147286821704,203.0,-0.2290390399956228,0.07797396259780945,103.0,100.0,0.26352694988996206,-0.2966796006250289,0.1481313982624386,-0.5615253222783558,-0.0259053349441769,0.43,0.45,0.51,0.535,0.81,1
0.07162284678150499,0.137756422633712,190.0,2.0,95.0,0.4439252336448598,214.0,0.963963963963964,0.1145175834084761,2.0869565217391304,92.0,0.4380952380952381,210.0,2.1875,96.0,0.9320388349514565,207.0,-0.1830558987301667,0.06515384449201835,73.0,134.0,0.2475008489626422,-0.4529399647699498,0.12467622046246024,-0.2730982065267694,-0.1267047660523362,0.295,0.335,0.355,0.37,0.535,1
0.06527651858567543,0.050933461302873795,382.0,2.788321167883212,137.0,0.9319727891156464,147.0,0.3858267716535433,0.3976555455365194,1.7630662020905925,287.0,2.110294117647059,136.0,0.9444444444444444,144.0,0.3819628647214854,454.0,-0.0644190863093549,0.028841502675921026,100.0,354.0,0.30587735902531776,-0.1082820574845493,0.17451501595107635,-0.4479813244967162,0.0716809186540352,0.13,0.205,0.22,0.235,0.33,1
0.29465095194922936,0.5684844026129384,139.0,0.3808219178082191,365.0,2.664233576642336,137.0,0.9194630872483222,0.2813345356176736,2.7518248175182483,137.0,0.9513888888888888,144.0,1.006993006993007,143.0,0.2693032015065913,365.0,-0.0769297821144041,0.06800691396594108,102.0,263.0,0.3283242397841862,-0.1577664939088782,0.20499887604866843,-0.3654316168934065,0.1890188899032648,0.18,0.265,0.28,0.3,0.445,1
0.032638259292837715,0.16894506689095634,114.0,0.9047619047619048,126.0,1.2,105.0,0.9905660377358492,0.016230838593327322,0.9651162790697676,86.0,0.9772727272727272,88.0,0.946236559139785,93.0,0.9117647058823528,120.0,-0.2184861365411189,0.26150860196309994,62.0,58.0,0.2778399107370448,-0.3246984084113413,0.4486538010015392,-0.2073380220413262,-0.1810264590480229,0.28,0.375,0.52,0.565,0.57,1
0.06618313689936536,0.18034505410222496,145.0,0.4898648648648648,296.0,2.1142857142857143,140.0,0.9271523178807948,0.07484220018034266,1.0068027210884354,147.0,1.0068493150684932,146.0,0.4159544159544159,351.0,2.525179856115108,196.0,0.0311684475808628,0.09149540589817903,93.0,103.0,0.34921028893261497,-0.0314311273518539,0.25005044396748305,-0.372988637842535,0.280373687699089,0.355,0.435,0.48,0.505,0.78,1
0.06708975521305531,0.05782650319718525,356.0,2.4722222222222223,144.0,0.972972972972973,148.0,1.0068027210884354,0.21190261496844004,2.2058823529411766,136.0,0.912751677852349,149.0,1.0067567567567568,148.0,1.0277777777777777,311.0,-0.2612397247340528,0.06235827647949209,101.0,210.0,0.25774865265518293,-0.3052848951397998,0.11890025655838535,-0.632746572001049,-0.130364095511931,0.19,0.29,0.33,0.345,0.485,1
0.06618313689936536,0.17209187595314035,151.0,0.9805194805194806,154.0,1.0476190476190477,147.0,1.0,0.0775473399458972,1.0134228187919463,149.0,1.0067567567567568,148.0,1.0277777777777777,144.0,0.993103448275862,204.0,-0.2334230181378493,0.1125972915521716,99.0,105.0,0.26722545528462843,-0.3080824370057191,0.2229982058291539,-0.617939031649319,-0.0223406925406965,0.28,0.435,0.49,0.515,0.765,1
0.06255666364460562,0.18953364904769932,135.0,0.9574468085106383,141.0,0.9791666666666666,144.0,1.1612903225806452,0.10459873760144274,2.033707865168539,89.0,0.6137931034482759,145.0,0.90625,160.0,1.1347517730496457,182.0,-0.3114885614761555,0.0379189124057867,56.0,126.0,0.2504338321870228,-0.4021995468223492,0.05911638319483597,-0.5386620854024712,-0.1487365030743996,0.23,0.28,0.305,0.35,0.32,1
0.06527651858567543,0.1803350374652931,144.0,0.4311377245508982,334.0,2.402877697841727,139.0,0.9266666666666666,0.0703336339044184,0.9930555555555556,144.0,0.2666666666666666,540.0,2.02247191011236,267.0,1.9777777777777776,200.0,-0.0237150218354037,0.05616900727152011,100.0,100.0,0.33064896094768187,-0.0395809321786826,0.14611288942880438,-0.3521617314341873,0.1722097083721719,0.45,0.47,0.505,0.53,0.785,1
0.27107887579329104,0.5374906566735335,137.0,0.9194630872483222,149.0,1.0347222222222223,144.0,0.979591836734694,0.2308385933273219,2.3955223880597014,134.0,0.9054054054054054,148.0,1.049645390070922,141.0,0.9724137931034482,324.0,-0.1772490143897723,0.024216568380188177,100.0,224.0,0.29802818894564614,-0.2011057671278603,0.08904405268993054,-0.4356985380503963,0.0272524133335002,0.195,0.285,0.31,0.33,0.49,1
0.06980961015412511,0.1832102211070549,147.0,1.0068493150684932,146.0,0.4159544159544159,351.0,2.525179856115108,0.26420198376916143,2.6323529411764706,136.0,0.8947368421052632,152.0,1.0201342281879195,149.0,0.2738970588235294,352.0,-0.0350221056697211,0.060903848328858985,102.0,250.0,0.32749138683453954,-0.1143054963305047,0.2195826755499822,-0.3884722616017239,0.1347918142460239,0.21,0.255,0.295,0.31,0.43,1
0.03445149592021759,0.08954809286776327,195.0,1.5725806451612905,124.0,1.530864197530864,81.0,0.4709302325581395,0.1145175834084761,1.6551724137931034,116.0,0.6137566137566137,189.0,1.6875,112.0,0.6054054054054054,211.0,-0.2585064361128311,0.09317686156950433,77.0,134.0,0.26650335317692986,-0.4444391779948879,0.23902897601121206,-0.2723678937008966,-0.1666794865161731,0.215,0.345,0.365,0.385,0.445,1
0.05893019038984588,0.16353969190914416,149.0,1.0,149.0,1.0205479452054795,146.0,0.9798657718120806,0.0793507664562669,0.2761732851985559,554.0,2.2612244897959184,245.0,1.7013888888888888,144.0,0.9536423841059604,213.0,-0.1990831496622205,0.09097919206430602,106.0,107.0,0.26972750777988624,-0.2422180815408778,0.17713485557478229,-0.5780678455206911,-0.0067472846811802,0.385,0.46,0.505,0.53,0.775,1
0.2701722574796011,0.5161286826658817,142.0,0.9342105263157896,152.0,1.0482758620689656,145.0,0.9931506849315068,0.07484220018034266,0.2761194029850746,536.0,2.310344827586207,232.0,1.6571428571428573,140.0,0.9395973154362416,206.0,-0.1739250699798412,0.08075868436451107,103.0,103.0,0.282116489290281,-0.2770523324522939,0.1404200854815804,-0.5604296184547899,0.0604394270315563,0.305,0.45,0.505,0.53,0.785,1
0.0643699002719855,0.16802775382456683,152.0,1.027027027027027,148.0,1.0206896551724138,145.0,1.0,0.07484220018034266,0.2808349146110057,527.0,1.882142857142857,280.0,1.9444444444444444,144.0,0.9536423841059604,208.0,-0.1439026537567235,0.09449741492833037,105.0,103.0,0.28991613633710034,-0.1892802417035741,0.19227201160799595,-0.5827423820423314,0.1088741528818399,0.3,0.48,0.51,0.53,0.775,1
0.06618313689936536,0.1862373940573634,141.0,0.9791666666666666,144.0,1.0,144.0,0.96,0.2678088367899008,2.6814814814814816,135.0,0.906040268456376,149.0,1.0567375886524824,141.0,0.9527027027027029,358.0,-0.2850192353141907,0.03307120855196065,105.0,253.0,0.25604162750029535,-0.3048159697385579,0.07831627899776325,-0.5819974210934734,-0.0941351594323608,0.185,0.27,0.295,0.31,0.44,1
0.06799637352674524,0.17486203991521737,151.0,0.9869281045751634,153.0,0.1303236797274276,1174.0,4.912133891213389,0.0775473399458972,0.9805194805194806,154.0,1.0476190476190477,147.0,1.0,147.0,0.9865771812080536,205.0,-0.2621906769768504,0.08985960802999647,100.0,105.0,0.25902698603581487,-0.3114103663246795,0.14152804701034968,-0.629204532998155,-0.0473491956132014,0.28,0.44,0.49,0.52,0.795,1
0.06527651858567543,0.1668483513106374,154.0,1.0620689655172413,145.0,0.9731543624161074,149.0,1.0347222222222223,0.0757439134355275,0.2689530685920577,554.0,1.8528428093645488,299.0,2.105633802816901,142.0,0.9403973509933776,208.0,-0.1800063639468709,0.08046044016956923,104.0,104.0,0.27725920414058064,-0.2367816172394976,0.17830099605899144,-0.595541836417069,0.0586341140755561,0.44,0.465,0.505,0.53,0.77,1
0.06708975521305531,0.18323986217552665,144.0,1.006993006993007,143.0,0.9662162162162162,148.0,1.0,0.07484220018034266,0.9866666666666668,150.0,1.0416666666666667,144.0,1.006993006993007,143.0,1.0070422535211268,196.0,-0.0624742795030015,0.09851306517299983,93.0,103.0,0.3176446719973704,-0.0934422386778302,0.23356330481053533,-0.3933650034161121,0.1563335161118909,0.33,0.45,0.48,0.505,0.8,1
0.06980961015412511,0.18910029524477406,143.0,0.3864864864864865,370.0,2.7007299270073,137.0,0.9194630872483222,0.06943192064923355,0.993006993006993,143.0,0.4454828660436137,321.0,2.3955223880597014,134.0,0.9054054054054054,199.0,-0.1749004752766803,0.05975132601300711,100.0,99.0,0.2878744690074773,-0.2333542580325186,0.10833393563367548,-0.4952308673610696,0.0241472254200012,0.465,0.45,0.505,0.535,0.8,1
0.06980961015412511,0.18759709924087695,144.0,0.2594594594594595,555.0,2.4342105263157894,228.0,1.7142857142857142,0.3011722272317403,1.4669117647058822,272.0,2.060606060606061,132.0,0.9103448275862068,145.0,1.0,381.0,-0.1916479698669063,0.020382609352524825,102.0,279.0,0.288675737140168,-0.195263499694532,0.11177101962042303,-0.4342487169934219,-0.0254847951163224,0.245,0.255,0.27,0.285,0.435,1
0.06799637352674524,0.18767892528905256,142.0,0.993006993006993,143.0,1.0070422535211268,142.0,1.0142857142857142,0.0757439134355275,1.041958041958042,143.0,0.9930555555555556,144.0,1.0,144.0,0.9664429530201344,205.0,-0.2328584401628919,0.10820196337352987,101.0,104.0,0.2563854583872893,-0.2925695760049049,0.20164850108772114,-0.6252263651336831,0.0087355673809474,0.41,0.455,0.495,0.525,0.79,1
0.06980961015412511,0.18465248241132518,146.0,0.9798657718120806,149.0,1.0067567567567568,148.0,0.2661870503597122,0.0721370604147881,1.0069444444444444,144.0,1.0212765957446808,141.0,0.9791666666666666,144.0,1.0,203.0,-0.1457266269618507,0.056792748530671344,102.0,101.0,0.29256590077738764,-0.216580837997075,0.10663723174732496,-0.5077835419387959,0.0418269947872024,0.31,0.46,0.51,0.535,0.79,1
0.1813236627379873,0.3804022271301911,139.0,0.9391891891891893,148.0,1.0277777777777777,144.0,0.979591836734694,0.5103697024346258,2.554655870445344,247.0,1.7272727272727273,143.0,0.9407894736842104,152.0,1.0410958904109588,546.0,-0.140419460015764,0.03891726552692375,105.0,441.0,0.28871880394206445,-0.1437737578678634,0.17386114069374892,-0.5015494495215052,0.0207379346145094,0.135,0.18,0.195,0.205,0.285,1
0.06980961015412511,0.07090614088120954,315.0,2.2992700729927007,137.0,0.9013157894736842,152.0,1.0133333333333334,0.0775473399458972,0.3984168865435356,379.0,2.6690140845070425,142.0,0.9281045751633988,153.0,1.0132450331125828,210.0,-0.2375065989498724,0.0852749055682984,105.0,105.0,0.2602329654085215,-0.2981435440672333,0.1459283619276943,-0.5927044972139145,0.0095734088441807,0.435,0.45,0.5,0.525,0.775,1
0.06708975521305531,0.05244630745948482,380.0,2.695035460992908,141.0,0.9463087248322148,149.0,0.407103825136612,0.0757439134355275,0.4116022099447514,362.0,2.742424242424242,132.0,0.8859060402684564,149.0,0.407103825136612,199.0,-0.1645677017919398,0.10034958748274894,95.0,104.0,0.28610712574341657,-0.190884882220523,0.2103152125096946,-0.5912472881528776,0.0940617109908178,0.32,0.455,0.48,0.505,0.775,1
0.18223028105167724,0.40361042769278954,132.0,0.9103448275862068,145.0,1.0,145.0,1.0283687943262412,0.2723174030658251,2.759398496240601,133.0,0.9047619047619048,147.0,0.4027397260273972,365.0,2.744360902255639,357.0,-0.1590735909648543,0.0514408148588605,101.0,256.0,0.31192706456444624,-0.1024198289702845,0.18411548502698352,-0.377250200522264,-0.0567208225859853,0.27,0.275,0.285,0.3,0.425,1
0.13055303717135086,0.4092098426682087,103.0,1.0842105263157895,95.0,0.4337899543378995,219.0,2.1683168316831685,0.13615870153291254,2.1386138613861387,101.0,1.1348314606741574,89.0,0.4341463414634146,205.0,2.091836734693877,209.0,-0.228316654771319,0.27210297566666164,58.0,151.0,0.25541755941581845,-0.2988227663095722,0.547441509709992,-0.3680272937413362,-0.3035169778734685,0.22,0.23,0.28,0.31,0.485,1
0.06708975521305531,0.1734769579341788,151.0,1.0342465753424657,146.0,0.9798657718120806,149.0,0.2744014732965009,0.07484220018034266,1.0136986301369864,146.0,0.9864864864864864,148.0,0.3557692307692308,416.0,0.5180572851805728,208.0,-0.1995493849540241,0.06138410186846662,105.0,103.0,0.27611645297616344,-0.2027394573022088,0.10991144737496522,-0.5344907307907738,0.0209373522717264,0.465,0.48,0.51,0.535,0.785,1
0.13417951042611062,0.426137853168372,101.0,0.3519163763066202,287.0,2.841584158415841,101.0,0.3581560283687943,0.12623985572587917,2.091836734693877,98.0,1.180722891566265,83.0,0.5608108108108109,148.0,1.3577981651376148,205.0,-0.2152492016361344,0.2984567268512442,62.0,143.0,0.26569156255615795,-0.2535632928552024,0.563843290921117,-0.3938170947417569,-0.3575028675110694,0.2,0.24,0.305,0.39,0.535,1
0.03535811423390753,0.26021771699671553,80.0,0.4210526315789473,190.0,1.637931034482759,116.0,0.6105263157894737,0.13706041478809738,2.358695652173913,92.0,0.4554455445544554,202.0,2.082474226804124,97.0,0.5078534031413613,220.0,-0.4009096413929394,0.07685095778375033,69.0,151.0,0.2181022580280003,-0.5417213582708642,0.16550167032562474,-0.3833900984284768,-0.3833900984284768,0.19,0.3,0.315,0.335,0.335,1
0.0743427017225748,0.1903240775402799,147.0,0.9865771812080536,149.0,0.2310077519379845,645.0,2.5595238095238093,0.07484220018034266,0.9866666666666668,150.0,1.0067114093959733,149.0,1.0,149.0,0.2376395534290271,206.0,-0.0048368851236106,0.10691068776222172,103.0,103.0,0.324497910530229,-0.0919670616875795,0.27739540454204026,-0.4319548757460244,0.2424726755113218,0.46,0.45,0.505,0.53,0.775,1
0.12239347234814144,0.21743757126418517,176.0,0.34375,512.0,2.767567567567568,185.0,1.3503649635036497,0.109107303877367,0.5406976744186046,344.0,2.059880239520958,167.0,0.9823529411764704,170.0,1.0303030303030305,240.0,-1.1619928558089134,0.37020907046367624,110.0,130.0,0.04223315238709004,-1.1699556576436436,0.43340021965647496,-1.1442943274903037,-1.118280138434801,0.265,0.43,0.46,0.49,0.79,1
0.13236627379873073,0.46595508451716944,92.0,0.4554455445544554,202.0,2.082474226804124,97.0,0.5078534031413613,0.12623985572587917,2.2282608695652173,92.0,0.4577114427860697,201.0,2.284090909090909,88.0,1.353846153846154,208.0,0.086178093187901,0.0932450233627137,65.0,143.0,0.359786735272044,-0.0161915308603122,0.38260690102960665,0.1384096702189254,0.1379074912848638,0.26,0.295,0.315,0.365,0.395,1
0.28558476881233,0.5751093867045693,134.0,0.9305555555555556,144.0,1.0212765957446808,141.0,0.9791666666666666,0.07303877366997295,0.9864864864864864,148.0,1.0136986301369864,146.0,0.9798657718120806,149.0,1.0136054421768708,204.0,-0.1865521180530701,0.07114318832140165,102.0,102.0,0.2752002458698561,-0.2175933147909662,0.11409208838425468,-0.5605908580789196,0.0282863213358772,0.445,0.455,0.505,0.53,0.805,1
0.15503173164097914,0.3341662546200894,140.0,0.958904109589041,146.0,0.9798657718120806,149.0,0.9738562091503268,0.0721370604147881,0.9602649006622516,151.0,0.9805194805194806,154.0,1.0405405405405406,148.0,1.0,199.0,0.0341794573277211,0.09460837358017801,98.0,101.0,0.34261615329230716,-0.0161802939697417,0.2552775783877783,-0.344830123294959,0.2385110285485507,0.34,0.46,0.5,0.525,0.81,1
0.06980961015412511,0.1817874498204099,148.0,0.9866666666666668,150.0,1.0067114093959733,149.0,1.0,0.0757439134355275,0.9933333333333332,150.0,1.0067114093959733,149.0,0.9867549668874172,151.0,0.9805194805194806,204.0,0.0475459533802602,0.09817017054100328,100.0,104.0,0.34171937172253863,-0.0173255051125286,0.29704037876247696,-0.3523182217559201,0.2810786672746476,0.445,0.46,0.495,0.52,0.79,1
0.05893019038984588,0.1622670277676405,150.0,1.0135135135135136,148.0,1.0068027210884354,147.0,1.027972027972028,0.3742110009017133,1.7391304347826086,276.0,2.0,138.0,0.9452054794520548,146.0,1.0354609929078014,440.0,-0.0517755349010901,0.037435929361695514,104.0,336.0,0.3327372050803018,-0.0536593927765444,0.14524761245007844,-0.3949099409001662,0.0912683812793323,0.16,0.215,0.24,0.25,0.35,1
0.06708975521305531,0.19081539424358177,139.0,0.9586206896551724,145.0,1.0,145.0,1.0431654676258992,0.06943192064923355,0.3837837837837838,370.0,2.740740740740741,135.0,0.9,150.0,1.0273972602739727,194.0,-0.1980371513994896,0.06153099743983359,95.0,99.0,0.2910786836307637,-0.2450716002926081,0.10079624005183244,-0.5193484161505125,-0.0053778989489038,0.28,0.465,0.495,0.52,0.79,1
0.06799637352674524,0.17353163222290402,152.0,1.0,152.0,1.0482758620689656,145.0,0.2645985401459854,0.0757439134355275,1.0275862068965518,145.0,0.9931506849315068,146.0,0.9605263157894736,152.0,1.0,206.0,-0.0890301484319321,0.06654125633456265,102.0,104.0,0.30214978227121775,-0.145347909422927,0.17545081579381128,-0.4487947671502547,0.115701223509709,0.29,0.455,0.5,0.525,0.81,1
0.07071622846781506,0.05778476874748951,366.0,2.6142857142857143,140.0,0.9523809523809524,147.0,0.9932432432432432,0.0757439134355275,0.407103825136612,366.0,2.652173913043478,138.0,0.9261744966442952,149.0,0.3962765957446808,196.0,-0.1463297711119714,0.0855799716736088,92.0,104.0,0.29137537716142864,-0.1888870924291247,0.17745959324636773,-0.5530182098960433,0.1083262042550541,0.32,0.435,0.475,0.5,0.75,1
0.06799637352674524,0.18322984553859484,145.0,1.0283687943262412,141.0,1.0,141.0,0.9724137931034482,0.07123534715960325,0.5034965034965035,286.0,2.1343283582089554,134.0,0.9305555555555556,144.0,0.3789473684210526,202.0,-0.2504667467626272,0.09843587236874034,102.0,100.0,0.264211116123142,-0.3198045655138897,0.13978038176874935,-0.6709390321790542,0.0234062590535252,0.37,0.45,0.51,0.535,0.775,1
0.06708975521305531,0.05482535516825117,369.0,2.6739130434782608,138.0,0.9078947368421052,152.0,1.0704225352112675,0.07123534715960325,1.0,144.0,0.9664429530201344,149.0,0.9933333333333332,150.0,1.0344827586206895,200.0,-0.2304796137476042,0.06632089128395695,100.0,100.0,0.27010435133388416,-0.2477402377659127,0.10418647225491377,-0.6429002162774149,-0.0491597874335505,0.415,0.465,0.505,0.53,0.8,1
0.05983680870353581,0.17024828407493045,145.0,1.013986013986014,143.0,0.28714859437751,498.0,1.837638376383764,0.07303877366997295,0.9864864864864864,148.0,1.0277777777777777,144.0,0.9536423841059604,151.0,0.2393026941362916,207.0,-0.1658925817906962,0.09719287736781126,105.0,102.0,0.2809310226503305,-0.2096457942629225,0.18405727409492464,-0.5573236950943117,0.0592316107263198,0.45,0.48,0.515,0.54,0.765,1
0.06890299184043518,0.1776045022376736,150.0,0.4,375.0,0.7253384912959381,517.0,2.0597609561752988,0.07484220018034266,1.0206896551724138,145.0,0.9931506849315068,146.0,0.9931972789115646,147.0,1.027972027972028,203.0,-0.2197769498504465,0.08444217032248463,100.0,103.0,0.2669013409541775,-0.2637497206587644,0.15198527022616556,-0.6367771880685749,-0.0111626802646994,0.41,0.455,0.495,0.52,0.79,1
0.05530371713508613,0.18500510180713006,130.0,1.2149532710280373,107.0,0.9385964912280702,114.0,0.9047619047619048,0.029756537421100092,1.0888888888888888,90.0,1.0843373493975903,83.0,0.9651162790697676,86.0,0.9772727272727272,141.0,-0.2852667929120992,0.21846528222829437,73.0,68.0,0.2558987802697291,-0.2922534451153525,0.4280453075125733,-0.2736545189982551,-0.2467058305363005,0.325,0.465,0.525,0.565,0.57,1
0.07071622846781506,0.18320060778755054,148.0,0.9736842105263158,152.0,0.9806451612903224,155.0,1.019736842105263,0.07844905320108206,1.0,152.0,1.0066225165562914,151.0,1.0134228187919463,149.0,1.0067567567567568,211.0,-0.1322758820666913,0.10432958222662593,105.0,106.0,0.2955593021728261,-0.1970741262352066,0.24252780316996653,-0.5276044199638102,0.1023551655340921,0.465,0.455,0.5,0.525,0.775,1
0.09156844968268359,0.18804934739935641,167.0,1.0245398773006136,163.0,1.0251572327044025,159.0,1.0063291139240509,0.1127141568981064,1.2025316455696202,158.0,1.0063694267515924,157.0,0.9691358024691358,162.0,0.9759036144578314,227.0,-0.3525104403605394,0.1006780679522036,94.0,133.0,0.2788234720449232,-0.5234317951954812,0.31557611520664863,-0.4291724607742699,-0.351587958470912,0.27,0.395,0.415,0.435,0.73,1
0.06708975521305531,0.17754797591898794,148.0,0.3957219251336898,374.0,2.6906474820143886,139.0,0.9266666666666666,0.2867448151487827,2.77536231884058,138.0,0.92,150.0,1.048951048951049,143.0,0.959731543624161,370.0,-0.1553913986615265,0.05689959750047477,102.0,268.0,0.29466618025875563,-0.1760083509862584,0.16310737550951054,-0.4763451828567719,0.1025219286615506,0.165,0.25,0.28,0.295,0.41,1
0.06618313689936536,0.17892241722949462,146.0,1.0,146.0,0.9864864864864864,148.0,1.0136986301369864,0.07844905320108206,1.0482758620689656,145.0,0.9931506849315068,146.0,0.2602495543672014,561.0,2.125,203.0,-0.163589016276934,0.08560683424691728,97.0,106.0,0.29090367915612403,-0.213920695663312,0.15761610934008247,-0.5378372920287325,0.0958113004661607,0.27,0.45,0.485,0.51,0.755,1
0.07343608340888486,0.1831725318014484,151.0,1.0134228187919463,149.0,0.3688118811881188,404.0,0.689419795221843,0.0721370604147881,0.9666666666666668,150.0,0.9933774834437086,151.0,1.0134228187919463,149.0,0.9933333333333332,202.0,-0.2299500688916237,0.07831935482510742,101.0,101.0,0.26401435870462897,-0.2904467005084633,0.13884642436096295,-0.5910937442806826,-0.0109609185018876,0.465,0.455,0.505,0.53,0.79,1
0.06890299184043518,0.05354708313915226,380.0,2.794117647058824,136.0,0.9006622516556292,151.0,0.4136986301369863,0.27592425608656446,2.688405797101449,138.0,0.9261744966442952,149.0,1.041958041958042,143.0,1.0070422535211268,362.0,-0.1818742987988754,0.06549753690502727,103.0,259.0,0.2941459671289917,-0.1850015984311206,0.15216650653758024,-0.4842441052489945,0.073271588258032,0.255,0.265,0.285,0.305,0.435,1
0.06708975521305531,0.17617275507848199,149.0,0.9933333333333332,150.0,1.0135135135135136,148.0,1.0206896551724138,0.28313796212804326,2.6879432624113475,141.0,0.9096774193548388,155.0,1.0472972972972974,148.0,1.0068027210884354,372.0,-0.2657021257745843,0.07996546955797071,107.0,265.0,0.27243234272112876,-0.2807853131754219,0.20989566592575687,-0.6553726573771735,-0.0167376430936539,0.255,0.265,0.29,0.305,0.42,1
0.013599274705349048,0.0639429874641334,197.0,1.0,197.0,0.8716814159292036,226.0,1.1649484536082475,0.09738503155996393,1.9222222222222225,90.0,0.7317073170731707,123.0,1.3085106382978724,94.0,1.0217391304347827,192.0,-0.1346601763761528,0.08632541059239035,71.0,121.0,0.3097217717913182,-0.140374398095953,0.3036871088236841,-0.0848116783339749,-0.0685323739666346,0.325,0.355,0.375,0.42,0.425,1
0.06890299184043518,0.1817874498204099,147.0,0.9865771812080536,149.0,1.0067567567567568,148.0,0.2556131260794473,0.0757439134355275,0.9802631578947368,152.0,1.034013605442177,147.0,0.3056133056133056,481.0,0.88909426987061,206.0,-0.0211773440979084,0.09136998655477294,102.0,104.0,0.33386082453855526,-0.0773005485626412,0.23555098816863154,-0.4832372650238195,0.180193536657866,0.46,0.445,0.5,0.52,0.805,1
0.06980961015412511,0.04479347887065459,429.0,3.1313868613138687,137.0,0.9194630872483222,149.0,0.4116022099447514,0.28043282236248873,2.7050359712230216,139.0,0.9144736842105264,152.0,1.034013605442177,147.0,0.3868421052631579,367.0,-0.2262280247311581,0.044346383221459465,104.0,263.0,0.2690129546599092,-0.235518906970684,0.14120920487481034,-0.583415261561041,-0.0096797949304945,0.235,0.26,0.285,0.3,0.43,1
0.06799637352674524,0.059635846620845555,351.0,2.525179856115108,139.0,0.9586206896551724,145.0,0.9797297297297296,0.07844905320108206,1.0201342281879195,149.0,0.2738970588235294,544.0,2.045112781954887,266.0,1.9,201.0,0.0487281943625667,0.09404034103117592,95.0,106.0,0.3431316988375014,-0.0019896880494513,0.23669286488426516,-0.3217042505434342,0.3439655227045404,0.39,0.435,0.475,0.505,0.775,1
0.18948322756119673,0.3793155301162907,144.0,0.9536423841059604,151.0,1.0134228187919463,149.0,0.9867549668874172,0.07844905320108206,0.2447665056360708,621.0,1.9467084639498435,319.0,2.2949640287769784,139.0,0.9391891891891893,214.0,-0.2538796526124609,0.12163795327324689,108.0,106.0,0.2510928235816184,-0.30892817711119,0.23648328436578317,-0.6205748792652733,0.0059153844030931,0.365,0.465,0.51,0.54,0.76,1
0.07524932003626474,0.19324758018407098,146.0,1.0,146.0,0.4112676056338028,355.0,2.4482758620689653,0.0793507664562669,0.4058355437665782,377.0,2.7518248175182483,137.0,0.8954248366013072,153.0,1.06993006993007,212.0,-0.1233276777106059,0.08742092204739435,105.0,107.0,0.2947929524010075,-0.1789250736235617,0.1861703057406824,-0.5407185489490931,0.1400277790114136,0.405,0.46,0.5,0.525,0.765,1
0.128739800543971,0.176990491583327,218.0,0.956140350877193,228.0,1.0654205607476634,214.0,1.0439024390243905,0.04508566275924256,0.444015444015444,259.0,1.2821782178217822,202.0,0.957345971563981,211.0,1.0047619047619047,135.0,-1.621081134865368,1.0,55.0,80.0,0.17786808965316397,-0.9419725362776016,0.19202879825139982,-2.576826280909708,-1.801917543303575,0.24,0.36,0.415,0.71,0.51,1
0.05893019038984588,0.1701681509794757,144.0,0.9863013698630136,146.0,0.9864864864864864,148.0,1.0136986301369864,0.07484220018034266,1.0277777777777777,144.0,0.972972972972973,148.0,0.3905013192612137,379.0,2.828358208955224,197.0,-0.1258746919622936,0.09045526622528519,94.0,103.0,0.2980864185899852,-0.1765326612291851,0.18396838460848197,-0.461777192730857,0.0080859462064916,0.45,0.435,0.48,0.51,0.745,1
0.06618313689936536,0.053383294800756695,373.0,2.8473282442748094,131.0,0.891156462585034,147.0,0.392,0.06582506762849413,0.9857142857142858,140.0,0.9859154929577464,142.0,0.3678756476683937,386.0,2.880597014925373,198.0,-0.0779415159847515,0.0794958688280801,102.0,96.0,0.32252491677875733,-0.127162777619424,0.20669270500900583,-0.4690606172136486,0.1255462998897823,0.49,0.475,0.52,0.545,0.815,1
0.06708975521305531,0.18471258799015555,143.0,0.28714859437751,498.0,1.837638376383764,271.0,1.9496402877697845,0.07484220018034266,1.0277777777777777,144.0,0.9536423841059604,151.0,0.2393026941362916,631.0,2.554655870445344,205.0,-0.1462462844978919,0.10788533945652562,102.0,103.0,0.2883992841002421,-0.1954042113807293,0.23227403642411124,-0.6054615958429295,-0.0285240774043926,0.385,0.46,0.505,0.53,0.74,1
0.06799637352674524,0.18322984553859484,145.0,0.4239766081871345,342.0,2.442857142857143,140.0,0.915032679738562,0.0739404869251578,0.3712121212121212,396.0,2.848920863309353,139.0,0.3808219178082191,365.0,2.664233576642336,205.0,-0.0748055313749171,0.06251405203864371,103.0,102.0,0.31165719297022776,-0.1159126592139366,0.153448085777846,-0.4516686010700989,0.1265275847684429,0.295,0.47,0.51,0.535,0.8,1
0.06890299184043518,0.054625843305226365,375.0,2.840909090909091,132.0,0.9166666666666666,144.0,0.3881401617250674,0.2894499549143372,2.880597014925373,134.0,0.9305555555555556,144.0,1.0212765957446808,141.0,0.9791666666666666,369.0,-0.1057345366735936,0.029589834986244887,99.0,270.0,0.3106175263284102,-0.1248532719146494,0.1375818136800508,-0.460076871573694,0.0903441491820463,0.24,0.23,0.27,0.285,0.41,1
0.07071622846781506,0.18320060778755054,148.0,0.2661870503597122,556.0,1.992831541218638,279.0,2.051470588235294,0.06853020739404869,0.9791666666666666,144.0,1.0,144.0,0.96,150.0,0.4043126684636118,198.0,-0.1363814172472441,0.04782211918616045,100.0,98.0,0.2959151620745057,-0.1678121986850522,0.0840226092699402,-0.4541735995679324,0.0333483338945788,0.315,0.48,0.51,0.535,0.79,1
0.27651858567543064,0.5508710600618482,136.0,0.9066666666666666,150.0,1.0135135135135136,148.0,1.0068027210884354,0.0757439134355275,0.3104166666666667,480.0,1.7391304347826086,276.0,2.0,138.0,0.9452054794520548,206.0,0.0085713685103716,0.06958963629332428,102.0,104.0,0.33650411003890945,-0.0287414007878308,0.182117279663781,-0.3989621868935852,0.2608082714972894,0.405,0.45,0.5,0.525,0.79,1
0.06527651858567543,0.1803350374652931,144.0,0.9473684210526316,152.0,1.0066225165562914,151.0,1.0134228187919463,0.07484220018034266,1.0206896551724138,145.0,1.0,145.0,0.9666666666666668,150.0,0.9933774834437086,209.0,-0.1962679012052828,0.09979011138137607,106.0,103.0,0.2753233680099402,-0.2227171287369697,0.15240946078109052,-0.5809503201385541,0.0223828046917032,0.475,0.485,0.515,0.535,0.785,1
0.06346328195829556,0.1746248683431217,146.0,0.9798657718120806,149.0,1.0347222222222223,144.0,0.4864864864864865,0.2939585211902615,2.8129496402877696,139.0,0.9455782312925172,147.0,1.013793103448276,145.0,1.0,377.0,-0.195104684039793,0.054926972797059735,104.0,273.0,0.28894332128653205,-0.1945728643216079,0.14394572144163487,-0.5539190595900474,-0.0476226596707638,0.17,0.255,0.275,0.29,0.4,1
0.05893019038984588,0.16101122010483226,151.0,0.4136986301369863,365.0,2.703703703703704,135.0,0.944055944055944,0.0757439134355275,1.041958041958042,143.0,1.0070422535211268,142.0,0.9793103448275862,145.0,0.9731543624161074,200.0,-0.1724818025482453,0.08124571581148735,96.0,104.0,0.2785583365897791,-0.2554407093664367,0.15208306760925505,-0.5414739927597865,0.1003226847148971,0.315,0.435,0.485,0.51,0.77,1
0.06527651858567543,0.177489900934037,146.0,0.9419354838709676,155.0,1.0689655172413792,145.0,0.9797297297297296,0.06943192064923355,0.9594594594594594,148.0,1.0206896551724138,145.0,0.9797297297297296,148.0,0.9801324503311258,199.0,0.0303576514127058,0.07641668870705963,100.0,99.0,0.33712833384738383,-0.0156451506737543,0.2021140338807506,-0.3136746892323054,0.2512177972282601,0.455,0.47,0.505,0.535,0.81,1
0.06980961015412511,0.17899881809858573,150.0,1.0067114093959733,149.0,1.0,149.0,0.2376395534290271,0.07664562669071236,1.0067114093959733,149.0,0.9867549668874172,151.0,0.9805194805194806,154.0,1.0335570469798658,209.0,0.0401762891841305,0.09414819113754498,104.0,105.0,0.3354219297350371,-0.0211175421374535,0.26603143092257686,-0.379674169910181,0.2870422261483788,0.445,0.46,0.5,0.525,0.785,1
0.0643699002719855,0.1706329229331131,150.0,0.3968253968253968,378.0,2.8,135.0,0.9,0.3246167718665464,0.5114320096269555,831.0,3.364372469635628,247.0,1.802919708029197,137.0,0.958041958041958,400.0,-0.1871032096281819,0.048883576052576636,103.0,297.0,0.2768440182333514,-0.230361634374832,0.1955543493339915,-0.4982808772221362,-0.0997771394055476,0.185,0.24,0.26,0.275,0.365,1
0.06799637352674524,0.1817874498204099,146.0,0.9864864864864864,148.0,1.0136986301369864,146.0,0.9798657718120806,0.0721370604147881,0.9931506849315068,146.0,0.2602495543672014,561.0,2.125,264.0,1.9411764705882355,207.0,-0.1788715381598866,0.0955165457695001,106.0,101.0,0.2833290276849191,-0.2430106212974004,0.1854391499808316,-0.5688426167596143,0.0305474322827617,0.48,0.465,0.515,0.54,0.765,1
0.07978241160471441,0.1779143502067652,162.0,0.9818181818181818,165.0,1.0,165.0,1.0443037974683544,0.12263300270513977,1.1964285714285714,168.0,1.05,160.0,1.0256410256410255,156.0,0.9873417721518988,223.0,-0.3843027459412543,0.09740656115951392,83.0,140.0,0.2481624187231816,-0.6127070875582386,0.2879854922611425,-0.5214882819965522,-0.4275300599745344,0.22,0.35,0.375,0.395,0.65,1
0.06890299184043518,0.1776045022376736,150.0,1.0,150.0,1.0273972602739727,146.0,0.2813102119460501,0.07484220018034266,1.0277777777777777,144.0,0.9863013698630136,146.0,0.3945945945945946,370.0,2.661870503597122,203.0,0.039332465763216,0.0879778162740705,100.0,103.0,0.3499894250354777,-0.0189866274500493,0.2628119792836459,-0.3101510885116899,0.2788976932287158,0.34,0.445,0.495,0.52,0.765,1
0.05983680870353581,0.16366134362855256,150.0,0.4,375.0,2.7777777777777777,135.0,0.9310344827586208,0.07664562669071236,1.0135135135135136,148.0,1.0068027210884354,147.0,1.027972027972028,143.0,1.0,200.0,-0.0513718300605653,0.07897293155595865,95.0,105.0,0.32540650683660843,-0.1207848140876581,0.21270029915575134,-0.461856465186627,0.16,0.32,0.435,0.48,0.505,0.78,1
0.06890299184043518,0.1861446868857602,144.0,0.993103448275862,145.0,0.9602649006622516,151.0,1.0342465753424657,0.0757439134355275,0.9933333333333332,150.0,1.0135135135135136,148.0,1.0136986301369864,146.0,0.9864864864864864,206.0,-0.1567095536411468,0.08052126247719012,102.0,104.0,0.28690476623679834,-0.1870892840910656,0.15664194076966045,-0.5643777523324086,0.0503178264526073,0.42,0.465,0.5,0.525,0.795,1
0.11060743427017226,0.4261843872387106,89.0,0.419811320754717,212.0,2.141414141414141,99.0,0.4852941176470588,0.023444544634806132,0.4690721649484536,194.0,1.94,100.0,0.5319148936170213,188.0,1.918367346938776,144.0,-0.0108553319085233,0.0631265923766284,81.0,63.0,0.3707142536227367,-0.0415324999440268,0.26027584620805094,-0.0207120436894105,0.0565355577902012,0.345,0.545,0.57,0.6,0.69,1
0.15503173164097914,0.3290743365364768,142.0,0.9342105263157896,152.0,1.027027027027027,148.0,1.0206896551724138,0.0775473399458972,1.0202702702702702,148.0,0.2808349146110057,527.0,1.882142857142857,280.0,1.9444444444444444,210.0,-0.1480681229969902,0.08696073381621008,105.0,105.0,0.28433776346500145,-0.199332966064626,0.18753242038707224,-0.5174515544148753,0.0648642864292373,0.355,0.46,0.505,0.53,0.755,1
0.28921124206708976,0.26291579261725273,281.0,2.051094890510949,137.0,0.9319727891156464,147.0,1.013793103448276,0.07123534715960325,0.9664429530201344,149.0,0.9933333333333332,150.0,1.0416666666666667,144.0,0.3396226415094339,204.0,-0.1713515003892289,0.09162835999549356,104.0,100.0,0.2938006952148876,-0.2120549255795351,0.2095788712463375,-0.5262215882221765,0.0619729833205681,0.48,0.465,0.515,0.54,0.79,1
0.06980961015412511,0.1832102211070549,147.0,1.013793103448276,145.0,0.3961748633879781,366.0,2.652173913043478,0.07664562669071236,0.5376344086021505,279.0,2.066666666666667,135.0,0.9183673469387756,147.0,0.3909574468085106,206.0,-0.2003076254852799,0.09188962601132764,101.0,105.0,0.27353288387075103,-0.2578151143105333,0.16865087913982912,-0.6414702731540383,0.0648960640578223,0.44,0.455,0.495,0.52,0.785,1
0.06618313689936536,0.17613481795184732,148.0,1.034965034965035,143.0,0.959731543624161,149.0,1.0347222222222223,0.0739404869251578,1.027972027972028,143.0,0.446875,320.0,2.302158273381295,139.0,0.9144736842105264,206.0,-0.2573020753491524,0.07733490444278467,104.0,102.0,0.2608436287264821,-0.326391117451594,0.10814767150513727,-0.6482286640548391,-0.0729152931427352,0.48,0.46,0.51,0.535,0.76,1
0.06980961015412511,0.02871581726375542,552.0,2.147859922178988,257.0,1.875912408759124,137.0,0.9256756756756755,0.2822362488728584,2.7794117647058822,136.0,0.912751677852349,149.0,1.0,149.0,1.0347222222222223,369.0,-0.0955773685147581,0.03157826344087218,105.0,264.0,0.3147241547964526,-0.1334644317037535,0.12777539509641592,-0.4655827650341184,0.1130495496666456,0.18,0.26,0.285,0.3,0.46,1
0.15956482320942883,0.489234097151528,100.0,0.5076142131979695,197.0,2.095744680851064,94.0,0.4541062801932367,0.13074842200180342,2.1875,96.0,0.4974093264248704,193.0,2.168539325842697,89.0,0.419811320754717,213.0,-0.2613352437437257,0.14578646198719655,66.0,147.0,0.27061408246458407,-0.2673627452269757,0.17906461095598475,-0.2472204764391045,-0.0085962164449521,0.215,0.29,0.305,0.37,0.325,1
0.07252946509519492,0.1817874498204099,151.0,1.0134228187919463,149.0,1.0136054421768708,147.0,0.2363344051446945,0.07303877366997295,1.0579710144927537,138.0,0.965034965034965,143.0,0.986206896551724,145.0,1.0,196.0,-0.1062010094809313,0.11361960891141264,94.0,102.0,0.3033786553485872,-0.1689277179612932,0.23404968894724318,-0.510509505080493,0.144506037057169,0.33,0.46,0.48,0.505,0.8,1
0.07071622846781506,0.18320060778755054,148.0,0.2556131260794473,579.0,2.5283842794759823,229.0,1.624113475177305,0.0739404869251578,0.3056133056133056,481.0,0.88909426987061,541.0,2.1215686274509804,255.0,1.8085106382978724,208.0,-0.064240119205553,0.09924697196357683,106.0,102.0,0.30986536731562625,-0.1161091024517803,0.23975699544722018,-0.5319146941945062,0.1376226673937265,0.305,0.48,0.515,0.54,0.815,1
0.05530371713508613,0.16173222168400297,146.0,0.3659147869674185,399.0,1.3758620689655172,290.0,2.1323529411764706,0.07484220018034266,0.3915343915343915,378.0,1.3309859154929575,284.0,2.103703703703704,135.0,0.9121621621621622,205.0,-0.1755286467124192,0.07616706440850955,102.0,103.0,0.27941447660687274,-0.2355280081407565,0.14418842153658915,-0.5310369184635959,-0.0055641459175209,0.295,0.46,0.505,0.53,0.75,1
0.06980961015412511,0.05607352651175827,371.0,2.688405797101449,138.0,0.9261744966442952,149.0,1.041958041958042,0.0721370604147881,0.9863945578231292,,0.9735099337748344,151.0,1.0202702702702702,148.0,0.9932885906040269,204.0,-0.2222737608398268,0.1294565629663853,103.0,101.0,0.2609996062412533,-0.3056998254645917,0.22552266089005568,-0.7415139341956689,-0.0178999967562548,0.345,0.465,0.51,0.535,0.76,1
0.06980961015412511,0.18465248241132518,146.0,0.9864864864864864,148.0,0.3557692307692308,416.0,0.5180572851805728,0.0757439134355275,0.9802631578947368,152.0,1.0201342281879195,149.0,0.9867549668874172,,1.0066666666666666,206.0,-0.1538608916214395,0.08923793848433036,102.0,104.0,0.2894567543543988,-0.1704120282675185,0.1847411179699253,-0.5770610513570759,0.0527915518370956,0.455,0.465,0.5,0.52,0.77,1
0.057116953762466005,0.1620032382804409,148.0,1.0206896551724138,145.0,1.0211267605633805,142.0,0.9726027397260274,0.0757439134355275,0.9933333333333332,150.0,0.4310344827586206,348.0,2.5035971223021583,139.0,0.9084967320261438,208.0,-0.0712334484939009,0.10594922011499597,104.0,104.0,0.30099432764833894,-0.1496185994341879,0.24748756475893283,-0.4750704211426548,0.1664127878029054,0.445,0.435,0.505,0.53,0.77,1
0.06890299184043518,0.049887972023071776,398.0,2.926470588235294,136.0,0.9251700680272108,147.0,0.98,0.07123534715960325,0.3870967741935484,372.0,2.601398601398601,143.0,0.9662162162162162,148.0,1.0277777777777777,197.0,-0.056377872819335,0.09027649725712981,97.0,100.0,0.31853525022978113,-0.163164603656339,0.20348883994599806,-0.4626708640610756,0.1798670992171025,0.405,0.455,0.495,0.52,0.765,1
0.12601994560290117,0.1669805557222283,226.0,0.8968253968253969,252.0,1.0161290322580645,248.0,2.53061224489796,0.13074842200180342,1.0344827586206895,203.0,1.041025641025641,195.0,2.215909090909091,88.0,0.5,214.0,-0.2662294995856815,0.0835663037033585,67.0,147.0,0.27247440593234196,-0.267174602934724,0.2492575694132267,-0.2563757815441713,-0.2563757815441713,0.27,0.29,0.315,0.37,0.37,1
0.07071622846781506,0.18608499870678283,146.0,0.9733333333333334,150.0,0.974025974025974,154.0,1.0335570469798658,0.0739404869251578,0.9607843137254902,153.0,1.0551724137931036,145.0,0.9931506849315068,146.0,1.006896551724138,204.0,-0.0009391597878521,0.09095691256585668,102.0,102.0,0.3360002656042163,-0.0605654656164265,0.23065960671416788,-0.3620444475173204,0.212301159811613,0.47,0.46,0.505,0.53,0.79,1
0.07343608340888486,0.02383234383785555,621.0,1.9467084639498435,319.0,2.2949640287769784,139.0,0.9391891891891893,0.07484220018034266,1.0,148.0,0.9673202614379084,153.0,0.4297752808988764,356.0,2.5428571428571427,207.0,-0.14583685029569,0.10695536026644661,104.0,103.0,0.28634732008838715,-0.200965018286872,0.2074577730658655,-0.5491620216038264,0.1202922040329346,0.355,0.47,0.505,0.535,0.765,1
0.05893019038984588,0.1688058883567455,145.0,0.3825857519788918,379.0,2.7664233576642334,137.0,0.9256756756756755,0.0793507664562669,1.0132450331125828,151.0,1.0272108843537415,147.0,0.9671052631578948,152.0,1.0,208.0,-0.0986172804746225,0.08652337612659819,101.0,107.0,0.30658139248833466,-0.1557336674929742,0.1852660442729116,-0.4475963921862826,0.135058760798844,0.335,0.45,0.49,0.515,0.775,1
0.1414324569356301,0.47770874157781834,94.0,0.4253393665158371,221.0,2.376344086021505,93.0,0.9587628865979382,0.06582506762849413,1.6626506024096386,83.0,0.7685185185185185,108.0,0.9,120.0,0.7792207792207793,163.0,-0.2021297305566686,0.06335572020292557,67.0,96.0,0.26740872359790735,-0.4442710184915733,0.21339214141962595,-0.0898989212370325,-0.0898989212370325,0.355,0.385,0.41,0.435,0.435,1
0.06980961015412511,0.18038377613492793,149.0,0.9738562091503268,153.0,0.4036939313984168,379.0,2.6879432624113475,0.0775473399458972,0.3719211822660098,406.0,2.9635036496350367,137.0,0.8896103896103896,154.0,0.3879093198992443,202.0,-0.2034463466062941,0.09126025874869907,97.0,105.0,0.27759178308472765,-0.2529773011788655,0.17834269189114357,-0.6549962090049535,0.0423750140357861,0.325,0.44,0.485,0.51,0.775,1
0.015412511332728921,0.15486749012953271,101.0,0.4809523809523809,210.0,2.234042553191489,94.0,0.8468468468468469,0.12804328223624886,2.0294117647058822,102.0,1.3421052631578947,76.0,0.7450980392156863,102.0,1.0303030303030305,198.0,-0.2819624001415635,0.17117189583052478,54.0,144.0,0.251884379597449,-0.3859269859523597,0.31942297123467484,-0.4013178380860294,-0.3272080839886423,0.175,0.245,0.275,0.32,0.46,1
0.07252946509519492,0.1777131502268356,154.0,1.0405405405405406,148.0,1.0,148.0,0.9866666666666668,0.08025247971145176,1.0694444444444444,144.0,0.9664429530201344,149.0,0.9933333333333332,150.0,1.0067114093959733,205.0,0.0627384870503445,0.08688284233774805,98.0,107.0,0.35046380026699014,0.0005965533028912,0.24820642058806552,-0.334892813340873,0.3296975487668071,0.395,0.44,0.485,0.505,0.775,1
0.0643699002719855,0.049580298241697796,386.0,2.880597014925373,134.0,0.9305555555555556,144.0,1.0212765957446808,0.07303877366997295,1.0,146.0,0.9864864864864864,148.0,1.0136986301369864,146.0,0.9798657718120806,202.0,-0.1854498990618579,0.0712359346166881,100.0,102.0,0.280787009872877,-0.227139862436518,0.1163193045635896,-0.5403464897395165,0.0035642345330178,0.345,0.455,0.5,0.525,0.765,1
0.07071622846781506,0.07721376025200238,298.0,2.1911764705882355,136.0,0.9251700680272108,147.0,0.4049586776859504,0.0775473399458972,1.0342465753424657,146.0,0.9931972789115646,147.0,0.98,150.0,1.0273972602739727,203.0,-0.1388230797350763,0.10022654056187301,98.0,105.0,0.29704734299061525,-0.1987301991758023,0.24339346676791707,-0.5668056864538012,0.0980763176995657,0.33,0.445,0.485,0.51,0.78,1
0.013599274705349048,0.17249201074766257,90.0,0.9090909090909092,99.0,0.7388059701492538,134.0,1.3267326732673268,0.06492335437330929,1.170940170940171,117.0,1.1470588235294117,102.0,1.02,100.0,0.6944444444444444,161.0,-0.2202759921972874,0.1935017009524321,66.0,95.0,0.3006538460489647,-0.1846859134017967,0.3654072810967149,-0.103030852482442,-0.103030852482442,0.35,0.38,0.41,0.465,0.465,1
0.07071622846781506,0.024578336502570602,600.0,1.9867549668874167,302.0,2.204379562043796,137.0,0.9013157894736842,0.07664562669071236,0.9554140127388536,157.0,1.0608108108108107,148.0,0.4180790960451977,354.0,2.4755244755244754,207.0,-0.0162311890385226,0.10702041008984317,102.0,105.0,0.3215934677864829,-0.0873777481995849,0.26909258918686074,-0.4348926203294748,0.1750353840312189,0.43,0.45,0.5,0.525,0.75,1
0.06708975521305531,0.18323986217552665,144.0,1.0212765957446808,141.0,0.9791666666666666,144.0,1.0,0.07664562669071236,0.4143646408839779,362.0,2.6814814814814816,135.0,0.906040268456376,149.0,1.0567375886524824,202.0,-0.2204347494274605,0.06549159356525716,97.0,105.0,0.27698177834522625,-0.2607569427454649,0.11494175748656345,-0.5668165574977947,-0.0207636172893527,0.33,0.45,0.485,0.51,0.79,1
0.06980961015412511,0.05241793695227688,388.0,1.3807829181494662,281.0,2.021582733812949,139.0,0.8910256410256411,0.07844905320108206,0.9681528662420382,157.0,1.0129032258064516,155.0,1.0,155.0,1.019736842105263,213.0,-0.0475908769564035,0.08738788263528158,107.0,106.0,0.3171832510204801,-0.1298316188892928,0.18820623813124163,-0.4563031256736131,0.2026555870174381,0.31,0.455,0.505,0.53,0.765,1
0.06799637352674524,0.1817874498204099,146.0,0.9733333333333334,150.0,0.4285714285714285,350.0,2.631578947368421,0.4265103697024346,1.8615916955017304,289.0,2.0942028985507246,138.0,0.9324324324324323,148.0,1.0068027210884354,478.0,-0.144212832896579,0.039858443587084784,102.0,376.0,0.28841591711472797,-0.1459114471532428,0.223675227367858,-0.6049544659708411,-0.0371851489054334,0.155,0.2,0.215,0.225,0.31,1
0.06346328195829556,0.18031458095324923,142.0,0.9793103448275862,145.0,0.9931506849315068,146.0,0.9864864864864864,0.0703336339044184,0.3714285714285714,385.0,2.8308823529411766,136.0,0.9444444444444444,144.0,0.9863013698630136,193.0,-0.2217273640171994,0.07131746933422561,93.0,100.0,0.2981758213175878,-0.2553138043872424,0.12098885019983274,-0.5526190092943919,-0.0410529882868357,0.3,0.455,0.485,0.51,0.75,1
0.06799637352674524,0.17896113388612858,148.0,1.0277777777777777,144.0,1.0,144.0,0.993103448275862,0.0793507664562669,1.0337837837837838,148.0,0.9801324503311258,151.0,0.1753774680603949,861.0,3.48582995951417,204.0,0.0580836591385437,0.10190960854650868,97.0,107.0,0.34524096833329226,-0.0056849365310253,0.28739423437584233,-0.3506750091836427,0.3855409351643831,0.365,0.45,0.48,0.505,0.755,1
0.007252946509519492,0.11631522678627651,115.0,0.5450236966824644,211.0,0.6614420062695925,319.0,1.151624548736462,0.2236248872858431,3.3655913978494625,93.0,1.0449438202247192,89.0,0.5,178.0,1.4015748031496065,286.0,-0.1356038264282125,0.2056550900952248,67.0,219.0,0.2989490424350352,-0.1252269856363751,0.5787241878142664,-0.3108899827547472,-0.0988828637845701,0.19,0.205,0.235,0.29,0.38,1
0.06890299184043518,0.05757008375848937,362.0,2.661764705882353,136.0,0.9066666666666666,150.0,0.3816793893129771,0.0757439134355275,1.0205479452054795,146.0,1.006896551724138,145.0,0.4769736842105263,304.0,2.1870503597122304,206.0,-0.1388643519286886,0.1097521308854986,102.0,104.0,0.28654583670317607,-0.1922613065326633,0.2210401027226311,-0.554592876334004,0.0731310609556854,0.44,0.46,0.5,0.525,0.75,1
0.07071622846781506,0.17901728585833285,151.0,1.0202702702702702,148.0,0.9866666666666668,150.0,0.9803921568627452,0.07303877366997295,1.006896551724138,145.0,0.9797297297297296,148.0,1.0206896551724138,145.0,0.935483870967742,206.0,-0.1545997411543843,0.08407574398911748,104.0,102.0,0.30239861053887696,-0.2143349658949224,0.07380747076059117,-0.5730167613377756,0.0167570105988808,0.42,0.475,0.51,0.535,0.805,1
0.06980961015412511,0.19217065303996808,141.0,0.986013986013986,143.0,1.0214285714285714,140.0,0.958904109589041,0.07303877366997295,0.9605263157894736,152.0,1.0555555555555556,144.0,1.0,144.0,0.993103448275862,201.0,-0.1971437523041937,0.07405804562881628,99.0,102.0,0.27418110864110873,-0.2538875499786107,0.12550534028876367,-0.5372100368531336,0.0084656824501567,0.355,0.45,0.5,0.525,0.81,1
0.06890299184043518,0.05733611678032162,363.0,2.592857142857143,140.0,0.9210526315789472,152.0,1.0555555555555556,0.07664562669071236,1.0273972602739727,146.0,0.9668874172185432,151.0,0.9869281045751634,153.0,0.1303236797274276,207.0,-0.1521109401876764,0.09584133530791569,102.0,105.0,0.29154773642628423,-0.1884666498720244,0.22099524824018082,-0.5791024937702526,0.1091604395251056,0.45,0.465,0.5,0.525,0.77,1
0.06799637352674524,0.007260838658623216,882.0,3.6296296296296298,243.0,1.653061224489796,147.0,0.9932432432432432,0.0757439134355275,1.0,149.0,0.3386363636363636,440.0,0.7899461400359067,557.0,2.273469387755102,210.0,-0.2722666850738774,0.08397438743525014,106.0,104.0,0.25303607201813605,-0.3101640654930544,0.12729789650772164,-0.6265248012735833,-0.0529461061325415,0.37,0.455,0.51,0.535,0.775,1
0.06708975521305531,0.18035493352495224,146.0,0.9931972789115646,147.0,1.027972027972028,143.0,0.9470198675496688,0.7439134355275022,3.723849372384937,239.0,1.6830985915492958,142.0,0.8606060606060606,165.0,1.0443037974683544,729.0,-0.192147169142909,0.016096600913098592,106.0,623.0,0.2746741894863067,-0.2181262843789886,0.17486305514211115,-0.5160434641468716,-0.1153434792088916,0.09,0.135,0.145,0.155,0.205,1
0.06980961015412511,0.18910029524477406,143.0,0.9794520547945206,146.0,0.1655328798185941,882.0,3.6296296296296298,0.0703336339044184,0.9407894736842104,152.0,1.0201342281879195,149.0,1.0,149.0,0.3386363636363636,202.0,-0.20346117131036,0.09349651589391515,102.0,100.0,0.27682971767733416,-0.2595070985495404,0.16084659722484768,-0.6061004696169672,0.0129915372558231,0.365,0.455,0.51,0.535,0.795,1
0.06708975521305531,0.06131366710125037,342.0,2.442857142857143,140.0,0.915032679738562,153.0,0.3974025974025974,0.2984670874661858,2.848920863309353,139.0,0.3808219178082191,365.0,2.664233576642336,137.0,0.9194630872483222,379.0,-0.1168575918519708,0.030519946699192193,102.0,277.0,0.3072581907129215,-0.1358567301977737,0.13427730317835546,-0.4741716032163133,-0.0227795245351507,0.165,0.25,0.27,0.285,0.395,1
0.16409791477787852,0.18014062006342707,254.0,2.3738317757009346,107.0,0.5846994535519126,183.0,0.8243243243243243,0.1587015329125338,1.0432900432900434,231.0,1.105263157894737,209.0,1.0398009950248757,201.0,2.284090909090909,235.0,-0.1326090336541429,0.06235122601941159,67.0,168.0,0.3291357337229421,-0.1358524439411668,0.2640303957289541,-0.0701175904122663,0.0114349079103071,0.26,0.275,0.29,0.305,0.31,1
0.038984587488667274,0.1618686518073799,126.0,1.2,105.0,0.9905660377358492,106.0,0.9298245614035088,0.018935978358881875,0.9772727272727272,88.0,0.946236559139785,93.0,0.9117647058823528,102.0,1.2,118.0,-0.2199927590245979,0.24869582378275323,58.0,60.0,0.27941231486242335,-0.2095313001030043,0.42386005893531675,-0.176557539713775,-0.1643414560554841,0.41,0.43,0.5,0.55,0.555,1
0.12692656391659113,0.21780727622730586,180.0,0.7627118644067796,236.0,0.9291338582677166,254.0,2.645833333333333,0.06672678088367899,1.5444444444444445,90.0,0.7258064516129032,124.0,1.4090909090909092,88.0,0.946236559139785,167.0,-0.1591885067000572,0.05566268783176871,70.0,97.0,0.28798341338247985,-0.1913442776379355,0.12201107788461969,-0.1163205944458277,-0.0416713175609647,0.37,0.385,0.415,0.465,0.445,1
0.05983680870353581,0.1716205633345925,144.0,1.006993006993007,143.0,0.2693032015065913,531.0,2.349557522123894,0.3011722272317403,1.3758620689655172,290.0,2.1323529411764706,136.0,0.9444444444444444,144.0,0.9863013698630136,381.0,-0.1656992729194518,0.05384545513079746,102.0,279.0,0.2941243953469671,-0.1749599125891202,0.1796457656883383,-0.4449508568538927,-0.0779416986011252,0.165,0.24,0.27,0.285,0.385,1
0.05893019038984588,0.15977193622706096,152.0,1.0201342281879195,149.0,0.2738970588235294,544.0,2.045112781954887,0.2732191163210099,2.647482014388489,139.0,0.9266666666666666,150.0,1.0416666666666667,144.0,0.4198250728862974,363.0,-0.0135232329369423,0.043451193667983716,106.0,257.0,0.3316453882000907,-0.0618359334911028,0.20555873735215,-0.3669231681831783,0.1204508722379477,0.185,0.26,0.295,0.31,0.435,1
0.43245693563009974,0.33419453051632236,317.0,2.348148148148148,135.0,0.9246575342465754,146.0,1.028169014084507,0.07844905320108206,0.3716381418092909,409.0,0.7463503649635036,548.0,2.0296296296296297,270.0,1.9424460431654675,212.0,-0.0975032578715782,0.0861477752400103,106.0,106.0,0.3149984930169213,-0.1565858201786568,0.23673216495591076,-0.4307011626964718,0.1492851591076552,0.475,0.465,0.505,0.53,0.78,1
0.06527651858567543,0.18326031868757056,142.0,0.9594594594594594,148.0,1.0,148.0,1.0206896551724138,0.07664562669071236,0.313152400835073,479.0,0.5994993742177722,799.0,3.504385964912281,228.0,1.6285714285714286,207.0,-0.0963376655052181,0.09065457525177201,102.0,105.0,0.3013820962793558,-0.1453242894773642,0.2108443389957271,-0.5049053630382627,0.1477135089060656,0.305,0.46,0.5,0.525,0.785,1
0.4796010879419764,0.3881646649951478,302.0,2.204379562043796,137.0,0.9013157894736842,152.0,1.0066225165562914,0.0829576194770063,1.0608108108108107,148.0,0.4180790960451977,354.0,2.4755244755244754,143.0,0.9727891156462584,214.0,-0.0460572848482162,0.09020296725866755,105.0,109.0,0.31765161114374696,-0.1050010795827688,0.23468703579406222,-0.4180872971449739,0.166882323268735,0.445,0.435,0.495,0.52,0.775,1
0.4170444242973708,0.46404386856699653,226.0,1.6376811594202898,138.0,0.9324324324324323,148.0,0.3844155844155844,0.07123534715960325,0.9863013698630136,146.0,0.9864864864864864,148.0,1.0136986301369864,146.0,1.0,195.0,-0.1614109933530898,0.06596715181946804,95.0,100.0,0.2886710285776809,-0.205859801957686,0.1248387491874219,-0.490414938813161,0.0556787086124353,0.37,0.45,0.495,0.52,0.79,1
0.05349048050770626,0.17554424447304226,134.0,0.8701298701298701,154.0,1.0845070422535212,142.0,1.1451612903225807,0.056807935076645624,0.9343065693430656,137.0,0.9716312056737588,141.0,0.9591836734693876,147.0,0.9671052631578948,149.0,-0.1778743931890075,0.029522784100296788,60.0,89.0,0.29888038195279865,-0.340477787151366,0.11698122873694107,-0.2851493340156722,-0.0290141485332417,0.29,0.37,0.405,0.455,0.425,1
0.06618313689936536,0.17476908139300001,149.0,1.0205479452054795,146.0,0.1642294713160854,889.0,3.986547085201794,0.07303877366997295,1.020979020979021,143.0,0.986206896551724,145.0,0.3661616161616162,396.0,1.346938775510204,201.0,-0.1271347055327453,0.09904084668839752,99.0,102.0,0.29205797550307194,-0.1858403372515444,0.21780106279655106,-0.5268611015618618,0.097869679862749,0.435,0.46,0.5,0.525,0.795,1
0.06527651858567543,0.05303812234102646,372.0,2.735294117647059,136.0,0.951048951048951,143.0,0.3743455497382199,0.0703336339044184,0.9794520547945206,146.0,1.0138888888888888,144.0,0.2845849802371542,506.0,1.7630662020905925,200.0,-0.1000307363940702,0.07689769313208691,100.0,100.0,0.3014506264146075,-0.17,0.15999280990545822,-0.5041191074211934,0.11,0.445,0.465,0.505,0.53,0.8,1
0.06799637352674524,0.2607109891173212,106.0,0.6708860759493671,158.0,1.490566037735849,106.0,0.6666666666666666,0.06853020739404869,1.3177570093457944,107.0,0.6604938271604939,162.0,1.4210526315789471,114.0,0.6705882352941176,170.0,-0.094271057181317,0.1243402302586042,72.0,98.0,0.3193241169218588,-0.2348536662861823,0.2866280275536402,-0.3953136545843468,0.089325230376153,0.22,0.38,0.425,0.465,0.69,1
0.9682683590208522,0.9863373678616046,235.0,1.715328467153285,137.0,0.9513888888888888,144.0,1.006993006993007,0.4697926059513075,1.260215053763441,465.0,0.9046692607003892,514.0,1.021868787276342,503.0,1.006,510.0,-0.1756932878288731,0.039606862289387965,100.0,410.0,0.2842105661266822,-0.2241704850174842,0.1881302730041273,-0.5281522971346446,0.0001398059109358,0.185,0.175,0.2,0.21,0.295,1
0.06799637352674524,0.05516849596460838,370.0,2.661870503597122,139.0,0.9266666666666666,150.0,0.4076086956521739,0.0721370604147881,0.4898648648648648,296.0,2.1142857142857143,140.0,0.9271523178807948,151.0,1.0342465753424657,201.0,0.076499982874951,0.08038566762078704,100.0,101.0,0.35948191737408713,0.0439169889980892,0.2401790631527073,-0.2778617020398559,0.2473448575905756,0.3,0.475,0.505,0.53,0.75,1
0.07162284678150499,0.05789036109262274,368.0,2.725925925925926,135.0,0.9121621621621622,148.0,1.0206896551724138,0.0775473399458972,1.0342465753424657,146.0,1.006896551724138,145.0,0.9863945578231292,147.0,0.3542168674698795,203.0,0.0924783831667977,0.0942218457909587,98.0,105.0,0.35802417566279904,0.0359749576018778,0.27005697421894426,-0.2445075396784876,0.3557737851704938,0.375,0.44,0.485,0.515,0.79,1
0.08250226654578423,0.3491053531298619,90.0,0.3896103896103896,231.0,2.4574468085106385,94.0,0.6619718309859155,0.13074842200180342,2.234042553191489,94.0,0.8468468468468469,111.0,0.5235849056603774,212.0,1.9272727272727272,217.0,-0.1917330796897342,0.08534539712855135,70.0,147.0,0.32135610274603693,-0.103790411247517,0.216303931571238,-0.2139966165827501,-0.1478701892480355,0.3,0.31,0.33,0.35,0.385,1
0.05983680870353581,0.1662427121818628,148.0,1.049645390070922,141.0,0.986013986013986,143.0,1.0214285714285714,0.06943192064923355,0.9726027397260274,146.0,0.9605263157894736,152.0,1.0555555555555556,144.0,1.0,195.0,-0.1997811192925511,0.08807794199129326,96.0,99.0,0.2754002893167823,-0.2556459018454324,0.17534942853337387,-0.6004736859054509,-0.0065259174545961,0.36,0.455,0.495,0.52,0.755,1
0.07252946509519492,0.023659867532801766,619.0,2.495967741935484,248.0,1.7714285714285714,140.0,0.8974358974358975,0.07664562669071236,0.9554140127388536,157.0,1.0129032258064516,155.0,1.0333333333333334,150.0,0.2793296089385474,212.0,-0.2119828515753124,0.0947734629554881,107.0,105.0,0.2690581501509954,-0.2857416237458019,0.16614851421518237,-0.6185065130292497,0.0180536744304757,0.475,0.465,0.51,0.535,0.755,1
0.06527651858567543,0.1803350374652931,144.0,0.9863013698630136,146.0,1.0,146.0,0.9798657718120806,0.0739404869251578,0.4349112426035503,338.0,2.397163120567376,141.0,0.9591836734693876,147.0,0.4038461538461538,200.0,0.0577882859425512,0.0778338147597867,98.0,102.0,0.35033126381247065,-0.011685437441667,0.20171669715302679,-0.3124492053687561,0.2853941308904257,0.36,0.445,0.5,0.525,0.78,1
0.028105167724388033,0.08985453591411759,182.0,1.6545454545454543,110.0,1.375,80.0,0.4210526315789473,0.12714156898106402,2.080808080808081,99.0,0.456221198156682,217.0,2.358695652173913,92.0,0.4554455445544554,215.0,-0.0778062586908797,0.055140617726204905,71.0,144.0,0.334621135678618,-0.1194025960977064,0.31937739788709063,-0.0597476824354063,0.014089969190458,0.195,0.31,0.33,0.35,0.5,1
0.02085222121486854,0.24953941770980068,71.0,0.8352941176470589,85.0,0.6854838709677419,124.0,0.8,0.017132551848512173,0.6511627906976745,129.0,0.9699248120300752,133.0,1.5647058823529412,85.0,0.5985915492957746,114.0,-0.2507320990570941,0.18997710049805833,56.0,58.0,0.2904772714491327,-0.3028684636966606,0.21896880811393513,-0.273525157195866,-0.1665007243347283,0.35,0.45,0.495,0.565,0.535,1
0.0371713508612874,0.22725427137189144,92.0,0.8,115.0,1.5333333333333334,75.0,0.8620689655172413,0.06853020739404869,1.6987951807228916,83.0,0.8058252427184466,103.0,0.4153225806451613,248.0,1.0598290598290598,161.0,-0.21305833618903,0.10984708532316576,63.0,98.0,0.2609755419184792,-0.3363985969514957,0.2616921480269286,-0.188842017479197,0.0562814894161689,0.34,0.365,0.39,0.465,0.42,1
0.10879419764279238,0.43180270763913126,87.0,0.424390243902439,205.0,2.11340206185567,97.0,0.4663461538461538,0.0,0.4676258992805755,139.0,1.4787234042553192,94.0,0.8034188034188035,117.0,1.135922330097087,106.0,0.0063034135701147,0.10041190252067135,61.0,45.0,0.32441662622304,-0.2117989885323415,0.2916355291996635,0.0153778828763832,0.1509538971085369,0.505,0.55,0.58,0.65,0.615,1
0.03445149592021759,0.16748677432387554,117.0,0.951219512195122,123.0,1.0423728813559323,118.0,0.9291338582677166,0.06311992786293959,1.0227272727272727,132.0,1.015384615384615,130.0,1.2149532710280373,107.0,0.9385964912280702,185.0,-0.1683702546498811,0.1933418370207428,91.0,94.0,0.30171421131046694,-0.2200755392111274,0.47093482804121833,-0.1977453656457294,-0.1644589232426431,0.26,0.465,0.5,0.53,0.535,1
0.07071622846781506,0.18039313395949777,150.0,1.0416666666666667,144.0,0.3396226415094339,424.0,1.4722222222222223,0.07484220018034266,1.0277777777777777,144.0,1.0,144.0,0.993103448275862,145.0,0.9731543624161074,205.0,-0.1288096609286255,0.09304568710240255,102.0,103.0,0.2978260174612012,-0.2053074050962763,0.1965891768903403,-0.5184012308782563,0.1172751464286781,0.47,0.45,0.505,0.53,0.78,1
0.02357207615593835,0.0986481189834151,161.0,0.5047021943573667,319.0,1.4837209302325582,215.0,1.0287081339712918,0.16501352569882777,1.1324200913242009,219.0,0.9733333333333334,225.0,0.995575221238938,226.0,1.018018018018018,240.0,-0.3077600083704435,0.1648818745165121,67.0,173.0,0.20992240657182215,-0.4847800562830602,0.29828367070467876,-0.5407097647100247,-0.2743401047678606,0.205,0.24,0.28,0.34,0.45,1
0.022665457842248413,0.2008008479237567,88.0,0.9361702127659576,94.0,0.4454976303317535,211.0,1.1722222222222225,0.0405770964833183,0.4741379310344827,232.0,2.297029702970297,101.0,0.7266187050359713,139.0,1.5444444444444445,156.0,-0.0759240887770229,0.02963496808304071,79.0,77.0,0.3261722786211979,-0.0472524862517233,0.1403031949175027,-0.0493402282004472,0.0305146696986267,0.48,0.485,0.515,0.545,0.605,1
0.06618313689936536,0.17342155465493728,150.0,0.4043126684636118,371.0,2.748148148148148,135.0,0.3846153846153846,0.06853020739404869,0.9527027027027029,148.0,1.034965034965035,143.0,0.3864864864864865,370.0,2.7007299270073,202.0,-0.308433717336586,0.05371523867348207,104.0,98.0,0.26163021471208237,-0.3447628123893301,0.0179533957316926,-0.6387902341697881,-0.1047834176295159,0.495,0.465,0.525,0.545,0.81,1
0.0743427017225748,0.19332661556588937,145.0,0.9931506849315068,146.0,1.006896551724138,145.0,0.9731543624161074,0.07844905320108206,1.0482758620689656,145.0,0.9731543624161074,149.0,0.9867549668874172,151.0,1.0066666666666666,206.0,0.0770108204382071,0.09812213490795822,100.0,106.0,0.3570287618382491,0.024186375953919,0.279173512180559,-0.2763097090687167,0.2838904756926814,0.34,0.455,0.49,0.515,0.75,1
0.12601994560290117,0.18278815498374393,209.0,0.9858490566037736,212.0,2.25531914893617,94.0,0.3900414937759336,0.15599639314697927,1.1840796019900497,201.0,0.9710144927536232,207.0,1.4785714285714286,140.0,0.4929577464788732,232.0,-0.2652722569498094,0.14846269447595917,66.0,166.0,0.4414312429437492,-0.3651871649893434,0.3322275838304017,-0.4357124989440211,-0.1440998568784335,0.275,0.255,0.29,0.34,0.475,1
0.012692656391659111,0.17238756761201368,89.0,1.0348837209302326,86.0,0.4365482233502538,197.0,1.0,0.1550946798917944,2.323529411764706,102.0,0.5895953757225434,173.0,1.9222222222222225,90.0,0.7317073170731707,228.0,-0.1315461060947444,0.08429457041444173,63.0,165.0,0.28990814840615314,-0.2415500426085291,0.31635235601172124,-0.03,-0.03,0.235,0.26,0.28,0.315,0.315,1
0.12783318223028106,0.18080553724230278,213.0,0.9770642201834864,218.0,0.956140350877193,228.0,1.0654205607476634,0.012623985572587917,0.6869565217391305,115.0,0.444015444015444,259.0,1.2821782178217822,202.0,0.957345971563981,124.0,-0.2663491899179857,0.44797037144472596,69.0,55.0,0.22626126634223687,-0.4033574284548183,0.3754422009390079,-0.3538801134088021,-0.2777856419626209,0.425,0.45,0.565,0.66,0.625,1
0.03989120580235721,0.18738961176157456,112.0,0.991150442477876,113.0,0.9495798319327732,119.0,1.072072072072072,0.06672678088367899,1.219298245614035,114.0,0.991304347826087,115.0,0.515695067264574,223.0,0.9529914529914528,154.0,-0.4679843585554112,0.5277578537559832,57.0,97.0,0.37322640636363064,-0.7920544755465674,0.6642390194425402,-1.1515725529174752,-0.3797359674727713,0.205,0.335,0.375,0.415,0.645,1
0.06890299184043518,0.18037429185326925,148.0,0.9801324503311258,151.0,1.0,151.0,0.2439418416801292,0.07664562669071236,1.0135135135135136,148.0,0.9932885906040269,149.0,0.9867549668874172,151.0,0.993421052631579,202.0,-0.1024576996714936,0.09110981525945154,97.0,105.0,0.3072937228250458,-0.1556342926416931,0.22426141275893618,-0.4553597208221716,0.104414510612692,0.29,0.44,0.485,0.51,0.77,1
0.07252946509519492,0.1860269237218318,148.0,0.2808349146110057,527.0,1.882142857142857,280.0,1.9444444444444444,0.07484220018034266,0.9736842105263158,152.0,0.9806451612903224,155.0,1.019736842105263,152.0,0.2447665056360708,207.0,-0.2271545618116008,0.09532791330756847,104.0,103.0,0.26245453555221865,-0.2988259238598209,0.14962856456274348,-0.6102861220198057,-0.022297375078748,0.295,0.445,0.505,0.53,0.805,1
0.07071622846781506,0.17240263152580923,156.0,0.2557377049180327,610.0,2.4596774193548385,248.0,1.7588652482269505,0.07484220018034266,0.9736842105263158,152.0,1.0066225165562914,151.0,0.993421052631579,152.0,1.027027027027027,211.0,-0.0436513541257011,0.07775180446616613,108.0,103.0,0.3195806412447562,-0.0982931799153431,0.20228288202545153,-0.3866802367116284,0.1790067815423724,0.36,0.47,0.515,0.54,0.795,1
0.06708975521305531,0.18035493352495224,146.0,1.0138888888888888,144.0,0.993103448275862,145.0,0.4898648648648648,0.3155996393146979,3.1203007518796992,133.0,0.8986486486486487,148.0,1.0068027210884354,147.0,1.0068493150684932,392.0,0.0002547108157501,0.040538972968874536,102.0,290.0,0.33896727339582455,-0.0286282638994441,0.20076494979907977,-0.3729420237424525,0.2624636383537496,0.185,0.245,0.26,0.275,0.415,1
0.13780598368087035,0.3130770454829361,137.0,0.9448275862068966,145.0,1.013986013986014,143.0,0.9794520547945206,0.0775473399458972,1.0486111111111112,144.0,0.9664429530201344,149.0,1.0205479452054795,146.0,0.1642294713160854,207.0,-0.091729140617455,0.10101474108484734,102.0,105.0,0.3011956444025143,-0.1460606984399481,0.2560063986098492,-0.4904565303766817,0.1660147445717865,0.3,0.45,0.5,0.525,0.78,1
0.06980961015412511,0.18038377613492793,149.0,1.0205479452054795,146.0,1.0,146.0,1.0138888888888888,0.3219116321009919,1.4402730375426622,293.0,2.1703703703703705,135.0,0.8940397350993378,151.0,1.0272108843537415,400.0,-0.1277389404030957,0.04171600220858879,105.0,295.0,0.31196090784738945,-0.1524756238385894,0.1825963324648683,-0.4301576293253617,0.1271959270616391,0.16,0.24,0.265,0.28,0.405,1
0.07524932003626474,0.1963115733715776,144.0,0.8,180.0,1.935483870967742,93.0,0.4025974025974026,0.04508566275924256,0.6647398843930635,173.0,1.8602150537634408,93.0,0.7209302325581395,129.0,1.29,164.0,-0.0953870607433413,0.08691657412050553,84.0,80.0,0.3514235851560483,-0.0544395292978278,0.22577395891555282,-0.0608948930619952,0.0745035781465685,0.315,0.49,0.515,0.545,0.655,1
0.05983680870353581,0.16366134362855256,150.0,1.0273972602739727,146.0,0.9605263157894736,152.0,1.0,0.06943192064923355,0.9659863945578232,147.0,0.9865771812080536,149.0,1.0275862068965518,145.0,0.9931506849315068,201.0,-0.0899758920975032,0.08090364766840646,102.0,99.0,0.3013654188655504,-0.1630175649024843,0.17390652542855245,-0.4344983709464253,0.0712286886579049,0.315,0.435,0.51,0.54,0.78,1
0.06708975521305531,0.029431025692655124,534.0,2.225,240.0,1.7647058823529411,136.0,0.9379310344827586,0.0703336339044184,1.0070422535211268,142.0,0.3585858585858585,396.0,0.9519230769230768,416.0,1.0558375634517767,193.0,-0.0980599346570537,0.06932173589103048,93.0,100.0,0.3073857178495032,-0.1598883289954034,0.1761301995083529,-0.4760106397078835,0.1343585096518585,0.34,0.425,0.49,0.51,0.77,1
0.07615593834995467,0.18875902912497042,150.0,0.2793296089385474,537.0,2.452054794520548,219.0,1.5755395683453235,0.29305680793507666,0.6989247311827957,558.0,2.415584415584416,231.0,1.6618705035971224,139.0,0.9205298013245032,380.0,-0.2581127003078238,0.06461738988309536,107.0,273.0,0.26444595208487487,-0.2646131713222233,0.16860403350827682,-0.713231913587459,-0.1251135283384111,0.18,0.265,0.28,0.295,0.405,1
0.07162284678150499,0.1831911235058919,149.0,0.9867549668874172,151.0,0.2439418416801292,619.0,2.495967741935484,0.0757439134355275,0.9738562091503268,153.0,1.02,150.0,0.9554140127388536,157.0,1.0129032258064516,209.0,-0.233723557111709,0.10005393009665814,105.0,104.0,0.26333342151356603,-0.2859022915720537,0.18723331532214452,-0.6452756390168156,0.0225158454684601,0.45,0.47,0.505,0.53,0.77,1
0.11786038077969176,0.17972688450871716,203.0,0.944186046511628,215.0,2.128712871287129,101.0,0.3840304182509506,0.08656447249774572,0.5047021943573667,319.0,1.4837209302325582,215.0,1.0287081339712918,209.0,2.223404255319149,179.0,-0.0617195251480225,0.14039043582818267,67.0,112.0,0.3556918022119615,-0.2192387936121148,0.13767403355741195,0.1502503729802517,0.1502503729802517,0.355,0.33,0.38,0.41,0.41,1
0.06980961015412511,0.17763220387729436,151.0,0.1753774680603949,861.0,3.48582995951417,247.0,1.7394366197183098,0.07303877366997295,0.948051948051948,154.0,1.0198675496688745,151.0,1.0134228187919463,149.0,0.2430668841761827,204.0,-0.0638422033114881,0.07002674086652474,102.0,102.0,0.3173668223094296,-0.0964092125711961,0.1803014490741493,-0.4658875059625648,0.107288611991449,0.315,0.46,0.505,0.525,0.79,1
0.2747053490480508,0.5353819397279749,139.0,0.9266666666666666,150.0,1.0135135135135136,148.0,0.4743589743589743,0.07664562669071236,1.048951048951049,143.0,0.959731543624161,149.0,0.9933333333333332,150.0,1.0135135135135136,201.0,-0.0914322056141262,0.10288365667668381,96.0,105.0,0.30725053722399676,-0.1354510591957071,0.21081834533651228,-0.4261669715998058,0.1630390286738106,0.435,0.45,0.48,0.51,0.755,1
0.09247506799637353,0.1867376836461333,169.0,1.0903225806451613,155.0,0.8707865168539326,178.0,2.022727272727273,0.06672678088367899,0.5840336134453782,238.0,1.2081218274111676,197.0,2.264367816091954,87.0,0.7372881355932204,165.0,-0.2768233626810544,0.08815621279375492,68.0,97.0,0.26748142306631195,-0.3036948918899161,0.23208391983393994,-0.26,-0.0970253727993476,0.365,0.385,0.415,0.48,0.44,1
0.06074342701722575,0.17169067979311536,145.0,0.9797297297297296,148.0,0.9801324503311258,151.0,1.0342465753424657,0.07303877366997295,1.020979020979021,143.0,0.9727891156462584,147.0,1.0208333333333333,144.0,0.993103448275862,204.0,-0.1961685407244721,0.09072003225557682,102.0,102.0,0.2764846157641002,-0.2478642722765734,0.2006522855906028,-0.5819462766545207,0.0192309715069964,0.46,0.45,0.505,0.53,0.78,1
0.10063463281958296,0.17619527390766085,187.0,1.0053763440860215,186.0,1.120481927710843,166.0,2.075,0.02254283137962128,0.5769230769230769,156.0,0.968944099378882,161.0,0.92,175.0,1.1666666666666667,107.0,-0.4828901963325032,0.23747068976105254,45.0,62.0,0.1608705094270373,-0.6073234468377657,0.2937485165181409,-0.5672618326172741,-0.2860812462767929,0.35,0.36,0.43,0.5,0.725,1
0.07071622846781506,0.18039313395949777,150.0,1.0135135135135136,148.0,1.0136986301369864,146.0,0.9864864864864864,0.0757439134355275,1.0205479452054795,146.0,0.9798657718120806,149.0,0.9802631578947368,152.0,1.0201342281879195,208.0,-0.1762884123308296,0.10053196037725207,104.0,104.0,0.2801770948487165,-0.2403595224528482,0.19654262598547437,-0.5785160656275506,0.0549530817018156,0.37,0.45,0.505,0.53,0.78,1
0.06890299184043518,0.05687202885650393,365.0,2.744360902255639,133.0,0.93006993006993,143.0,1.0070422535211268,0.06762849413886383,0.958904109589041,146.0,1.006896551724138,145.0,1.0283687943262412,141.0,1.0,198.0,-0.1824776483435306,0.07438514274191114,100.0,98.0,0.28355757346558436,-0.249189173990959,0.12134543099215296,-0.5342628608786174,-0.0408489675128522,0.47,0.455,0.51,0.535,0.84,1
0.08340888485947416,0.37371092714595777,85.0,0.3899082568807339,218.0,1.2823529411764707,170.0,1.8888888888888888,0.03787195671776375,0.7985074626865671,134.0,1.3958333333333333,96.0,0.9320388349514565,103.0,1.0957446808510638,142.0,-0.1903268859646591,0.07978891925583032,68.0,74.0,0.2800576494928635,-0.2454949257725079,0.23304794304236723,-0.2137805580011704,-0.0438424584689059,0.42,0.445,0.48,0.555,0.51,1
0.2456935630099728,0.49096183637048424,138.0,0.9387755102040816,147.0,1.0425531914893618,141.0,0.9657534246575342,0.27412082957619477,2.6739130434782608,138.0,0.9261744966442952,149.0,0.3810741687979539,391.0,2.8129496402877696,360.0,-0.1909912372483777,0.04703885831549821,102.0,258.0,0.27930595300842354,-0.1983650577572689,0.14588413786577364,-0.5322558641577405,-0.0895004542723841,0.22,0.265,0.285,0.3,0.415,1
0.05983680870353581,0.15869975212348875,154.0,0.3879093198992443,397.0,2.8768115942028984,138.0,0.9078947368421052,0.0757439134355275,1.0347222222222223,144.0,0.319290465631929,451.0,3.291970802919708,137.0,0.9013157894736842,204.0,-0.1464254908330997,0.12409413938416126,100.0,104.0,0.28429090014284525,-0.1962280547265391,0.2467663821311515,-0.5754233945714914,0.2164087209281708,0.415,0.46,0.495,0.52,0.765,1
0.2184950135992747,0.46327151647822856,133.0,0.8807947019867549,151.0,1.0272108843537415,147.0,0.3838120104438642,0.07484220018034266,0.9736842105263158,152.0,1.0133333333333334,150.0,0.9933774834437086,151.0,1.0066666666666666,208.0,-0.239540379791278,0.07747943959724088,105.0,103.0,0.26022709889597023,-0.2780713227153392,0.11369066308488594,-0.5788468959187967,-0.0299809675163938,0.335,0.465,0.51,0.535,0.78,1
0.0643699002719855,0.17888262511017636,144.0,0.3645569620253164,395.0,2.9477611940298507,134.0,0.9178082191780822,0.0721370604147881,0.3815789473684211,380.0,2.695035460992908,141.0,0.9463087248322148,149.0,0.407103825136612,206.0,-0.228671168751693,0.10468824356731592,105.0,101.0,0.26224739379294304,-0.2829217103849502,0.18765340635159047,-0.6436889529324292,0.0533429119756425,0.45,0.465,0.515,0.54,0.8,1
0.07252946509519492,0.17905349715195482,153.0,0.9870967741935484,155.0,1.0130718954248366,153.0,0.95625,0.10099188458070334,1.079268292682927,164.0,0.95906432748538,171.0,1.062111801242236,161.0,1.0254777070063694,207.0,-0.3126223886471964,0.08592514759338063,84.0,123.0,0.25745361139527956,-0.4861147860523896,0.30274238586680513,-0.3766159996534838,-0.2818036971999034,0.215,0.385,0.405,0.425,0.485,1
0.07252946509519492,0.18459479719137384,149.0,1.0205479452054795,146.0,0.9733333333333334,150.0,0.974025974025974,0.0739404869251578,1.0,147.0,0.9607843137254902,153.0,1.0551724137931036,145.0,0.9931506849315068,200.0,0.0394839788873877,0.10292265268517146,98.0,102.0,0.3491373983429602,-0.015,0.273642833584912,-0.3207487448463565,0.2514015358162041,0.335,0.455,0.495,0.52,0.76,1
0.06527651858567543,0.1803350374652931,144.0,1.0212765957446808,141.0,0.9724137931034482,145.0,0.9797297297297296,0.0757439134355275,0.9931972789115646,147.0,0.9932432432432432,148.0,1.0068027210884354,147.0,0.1771084337349397,204.0,0.1050010046041533,0.10730581408892194,102.0,102.0,0.3597356099892284,0.0376067429209632,0.31201227013960653,-0.3182113083481264,0.3325784534800637,0.29,0.465,0.505,0.53,0.8,1
0.06799637352674524,0.05113754460126837,389.0,0.7582846003898636,513.0,1.851985559566787,277.0,2.0072463768115942,0.07484220018034266,0.2681159420289855,552.0,2.147859922178988,257.0,1.875912408759124,137.0,0.9256756756756755,205.0,-0.0805246707282596,0.07266490759527913,102.0,103.0,0.30907191845703263,-0.1205485044207398,0.1525287087672151,-0.4528040471250866,0.1242957853033046,0.425,0.47,0.505,0.53,0.78,1
0.06799637352674524,0.17486203991521737,151.0,1.0486111111111112,144.0,0.9664429530201344,149.0,1.0205479452054795,0.0703336339044184,1.0070422535211268,142.0,0.9726027397260274,146.0,1.020979020979021,143.0,0.986206896551724,203.0,-0.1580469532958926,0.10483285729934952,103.0,100.0,0.27841235966582106,-0.2233182806344698,0.2417276174439744,-0.5351996053108203,0.0560128557193471,0.45,0.465,0.51,0.535,0.8,1
0.01813236627379873,0.18411130958859673,90.0,1.0588235294117647,85.0,1.011904761904762,84.0,0.9333333333333332,0.016230838593327322,0.988095238095238,84.0,1.0769230769230769,78.0,0.9397590361445785,83.0,0.4170854271356783,121.0,-0.1994867362683775,0.27031594560031913,63.0,58.0,0.2959532746504782,-0.1504442260815821,0.47007204969459165,-0.2804142863741417,-0.0960329484430697,0.425,0.46,0.53,0.645,0.58,1
0.07252946509519492,0.023659867532801766,619.0,2.476,250.0,1.7857142857142858,140.0,0.9655172413793104,0.0775473399458972,0.993421052631579,152.0,1.0066225165562914,151.0,1.0134228187919463,149.0,0.341743119266055,209.0,-0.1493791514612547,0.10231034577776378,104.0,105.0,0.2892767190546416,-0.1978750530067198,0.25130238884189493,-0.5084540577317342,0.118323756824798,0.305,0.46,0.5,0.525,0.78,1
0.07071622846781506,0.18608499870678283,146.0,0.1642294713160854,889.0,3.986547085201794,223.0,1.5928571428571427,0.0703336339044184,0.986206896551724,145.0,0.3661616161616162,396.0,1.346938775510204,294.0,2.115107913669065,202.0,-0.1439200411125964,0.09282104903846244,102.0,100.0,0.28570271727508967,-0.194814339648883,0.20179537024447033,-0.5303211852947451,0.0370289988231772,0.455,0.47,0.51,0.535,0.815,1
0.06708975521305531,0.17754797591898794,148.0,0.348235294117647,425.0,0.5114320096269555,831.0,3.364372469635628,0.07484220018034266,0.9801324503311258,151.0,1.0413793103448277,145.0,0.9931506849315068,146.0,0.2487223168654173,204.0,-0.118089880496721,0.10249853041759549,101.0,103.0,0.2992411417624623,-0.190798306438219,0.23374543480270538,-0.4973626042591541,0.1205881283680629,0.465,0.445,0.5,0.525,0.785,1
0.04895738893925657,0.2060634848987902,112.0,0.875,128.0,1.1636363636363636,110.0,1.02803738317757,0.1550946798917944,2.257142857142857,105.0,1.2352941176470589,85.0,0.3953488372093023,215.0,2.239583333333333,227.0,-0.2598048340080079,0.2635489097260756,62.0,165.0,0.25127088921542307,-0.299384340111822,0.547217303488248,-0.442213374055585,-0.3290420493062863,0.19,0.21,0.275,0.36,0.48,1
0.06255666364460562,0.17319235204766406,146.0,0.9798657718120806,149.0,0.9738562091503268,153.0,1.0408163265306123,0.0775473399458972,0.9805194805194806,154.0,1.0405405405405406,148.0,1.0,148.0,0.9866666666666668,206.0,-0.028776074084401,0.10124713783776117,101.0,105.0,0.3225678830910806,-0.0808650695506603,0.2496169715512655,-0.4197406471952838,0.140030457929808,0.36,0.44,0.495,0.52,0.76,1
0.06799637352674524,0.16964340845117545,155.0,1.0689655172413792,145.0,0.9797297297297296,148.0,0.348235294117647,0.07484220018034266,1.0206896551724138,145.0,0.9797297297297296,148.0,0.9801324503311258,151.0,1.0413793103448277,202.0,0.012139221499969,0.0761695021757046,99.0,103.0,0.34118137695621215,-0.0322450314526466,0.2117563329822961,-0.3090736459604606,0.1771428035275887,0.295,0.44,0.495,0.52,0.775,1
0.05983680870353581,0.16366134362855256,150.0,1.0,150.0,1.020408163265306,147.0,1.013793103448276,0.0739404869251578,1.0208333333333333,144.0,0.375,384.0,2.762589928057554,139.0,0.9266666666666666,200.0,-0.0874038303319423,0.12808529468096527,98.0,102.0,0.3066937249491971,-0.145,0.290295794054046,-0.5651147431121383,0.208778533470286,0.44,0.455,0.495,0.52,0.795,1
0.06799637352674524,0.1803646785337649,147.0,1.0068493150684932,146.0,0.3872679045092838,377.0,2.712230215827338,0.0721370604147881,0.9863945578231292,147.0,0.3983739837398374,369.0,2.5985915492957745,142.0,0.9342105263157896,205.0,-0.1174672212986762,0.07232700659956022,104.0,101.0,0.3166612129507944,-0.143980535766715,0.1797666145919163,-0.460294393952623,0.06495491621342,0.385,0.465,0.515,0.54,0.795,1
0.057116953762466005,0.16726332626924217,144.0,0.3673469387755102,392.0,2.8,140.0,0.9790209790209792,0.07664562669071236,0.4,375.0,2.7777777777777777,135.0,0.9310344827586208,145.0,1.0283687943262412,200.0,0.037792590436183,0.06738109905601362,95.0,105.0,0.3494496762461792,-0.0118662128818683,0.2337785355023904,-0.3142637443886444,0.2391341581951355,0.325,0.435,0.48,0.505,0.77,1
0.25294650951949227,0.5230279105173186,133.0,0.8926174496644296,149.0,0.3850129198966408,387.0,2.7253521126760565,0.07484220018034266,1.0068027210884354,147.0,1.0068493150684932,146.0,0.9931972789115646,147.0,1.0068493150684932,199.0,-0.1086575059417936,0.1229071086058628,96.0,103.0,0.30067700095656186,-0.1782001731145897,0.27166232340668245,-0.5138515233884489,0.0997371581711179,0.37,0.425,0.485,0.515,0.76,1
0.128739800543971,0.21214755324349596,186.0,1.1005917159763314,169.0,1.0368098159509205,163.0,1.101351351351351,0.12353471596032461,1.1038251366120218,183.0,1.0338983050847457,177.0,1.0350877192982455,171.0,1.0,234.0,-0.7588505098840679,0.3374575609295767,93.0,141.0,0.1749087048412725,-0.7496846535403423,0.4905358942955843,-0.7758739408333073,-0.7758739408333073,0.235,0.37,0.4,0.43,0.43,1
0.07162284678150499,0.18751751500224045,146.0,0.9668874172185432,151.0,0.9805194805194806,154.0,1.0266666666666666,0.07303877366997295,0.4101123595505618,356.0,2.4895104895104896,143.0,0.959731543624161,149.0,1.0347222222222223,196.0,-0.1094153648770666,0.11839457008872033,94.0,102.0,0.2780152730754087,-0.2058035332583231,0.13817248747768168,-0.4482755156268818,0.073782004959649,0.415,0.455,0.485,0.51,0.785,1
0.05802357207615594,0.054957552268055605,343.0,2.6589147286821704,129.0,0.908450704225352,142.0,1.0070921985815602,0.2777276825969342,2.8473282442748094,131.0,0.891156462585034,147.0,0.392,375.0,2.840909090909091,361.0,-0.0147360730603464,0.031310207818344725,100.0,261.0,0.32862110523032423,-0.0589589233750536,0.16650011895257474,-0.3233382927859262,0.1465280569294265,0.165,0.245,0.28,0.295,0.42,1
0.06618313689936536,0.1817874498204099,144.0,0.9664429530201344,149.0,1.0347222222222223,144.0,0.9664429530201344,0.07484220018034266,1.0206896551724138,145.0,1.0211267605633805,142.0,0.9726027397260274,146.0,0.9864864864864864,196.0,-0.0883988254677068,0.08328421096511816,93.0,103.0,0.3156922886370464,-0.085022696497041,0.24700954444847714,-0.4254747341079289,0.1812863868513865,0.405,0.435,0.48,0.505,0.78,1
0.06799637352674524,0.18322984553859484,145.0,0.9863945578231292,147.0,0.3542168674698795,415.0,3.1203007518796992,0.0721370604147881,0.9797297297297296,148.0,0.9736842105263158,152.0,1.027027027027027,148.0,1.0068027210884354,198.0,0.0259591795519422,0.08794370542856471,97.0,101.0,0.35337499572022907,0.0469218277500343,0.24569063423786913,-0.3830073492901807,0.2914892320238748,0.465,0.475,0.495,0.52,0.77,1
0.07252946509519492,0.18459479719137384,149.0,0.9933333333333332,150.0,0.9933774834437086,151.0,1.0202702702702702,0.0775473399458972,1.0202702702702702,148.0,0.9932885906040269,149.0,1.0067567567567568,148.0,0.9736842105263158,209.0,-0.1851024419202035,0.10763746673337267,104.0,105.0,0.27916840709349594,-0.2610623455063682,0.20967933841993944,-0.6238025273312904,0.0398522211379338,0.3,0.45,0.5,0.525,0.77,1
0.07071622846781506,0.03756290295731454,480.0,1.7391304347826086,276.0,2.0,138.0,0.9452054794520548,0.2696122633002705,2.5815602836879434,141.0,0.986013986013986,143.0,0.3844086021505376,372.0,2.735294117647059,356.0,-0.0244867267110279,0.030861190948730143,102.0,254.0,0.32875194701049926,-0.0422604302586972,0.14803855458344273,-0.3133531835288541,0.1113676210779614,0.175,0.255,0.29,0.305,0.43,1
0.06527651858567543,0.052182823919138886,376.0,2.764705882352941,136.0,0.9066666666666666,150.0,1.0135135135135136,0.07303877366997295,0.9798657718120806,149.0,0.3104166666666667,480.0,1.7391304347826086,276.0,2.0,204.0,-0.005657729050005,0.07857163512990298,102.0,102.0,0.32986037861583356,-0.0404029551375097,0.1730463149307862,-0.4245718776261856,0.2125238714375909,0.44,0.475,0.505,0.53,0.8,1
0.07343608340888486,0.19651613849201657,142.0,0.993006993006993,143.0,0.9662162162162162,148.0,0.9801324503311258,0.0739404869251578,0.9865771812080536,149.0,1.0,149.0,1.0067567567567568,148.0,0.3785166240409207,204.0,-0.3233663259927985,0.07314525210838052,102.0,102.0,0.24332601025946304,-0.3901768318596091,0.08879894772236169,-0.75432599261035,-0.1131639384135763,0.305,0.455,0.505,0.525,0.785,1
0.07252946509519492,0.18459479719137384,149.0,0.9551282051282052,156.0,0.4239130434782608,368.0,2.537931034482759,0.07664562669071236,0.986842105263158,152.0,0.4935064935064935,308.0,2.264705882352941,136.0,0.8831168831168831,211.0,-0.171140178832376,0.09427512682294878,106.0,105.0,0.27808283234939535,-0.2285464982307765,0.18169840263053924,-0.5381309124744568,0.075,0.365,0.465,0.505,0.53,0.785,1
0.06980961015412511,0.18465248241132518,146.0,0.9864864864864864,148.0,0.9426751592356688,157.0,0.9691358024691358,0.12263300270513977,1.069148936170213,188.0,1.0273224043715847,183.0,1.0223463687150838,179.0,1.0591715976331362,248.0,-0.1610664378168947,0.2100950016863068,108.0,140.0,0.2762757836278076,-0.4453197179501308,0.5832069658942952,-0.279955243443559,-0.1607010240268899,0.27,0.41,0.435,0.46,0.61,1
0.0743427017225748,0.1859703974031462,150.0,1.0067114093959733,149.0,0.4104683195592286,363.0,2.556338028169014,0.08025247971145176,1.0335570469798658,149.0,0.9867549668874172,151.0,1.0202702702702702,148.0,0.9866666666666668,208.0,-0.1893357065052192,0.08991004502289537,101.0,107.0,0.2747035921310249,-0.2487851408709562,0.16914420052976853,-0.5263868837266854,0.0992336803440259,0.33,0.44,0.49,0.515,0.77,1
0.07252946509519492,0.1874785349669899,147.0,1.0,147.0,0.9865771812080536,149.0,1.0067567567567568,0.0739404869251578,0.9865771812080536,149.0,0.9802631578947368,152.0,1.034013605442177,147.0,0.3056133056133056,207.0,-0.0208727606448338,0.09015556209387415,105.0,102.0,0.32693456498744355,-0.0683803069000496,0.21931820141775762,-0.4783716130426013,0.244264819240715,0.305,0.465,0.515,0.535,0.79,1
0.08522212148685404,0.19819116583114046,153.0,0.9807692307692308,156.0,0.9873417721518988,158.0,0.9693251533742332,0.14156898106402163,2.336842105263158,95.0,0.5974842767295597,159.0,0.6115384615384616,260.0,2.4761904761904763,216.0,-0.0121804204100961,0.08851929498935263,61.0,155.0,0.33528672697096074,-0.1308821061702942,0.33970191614196105,-0.0666651306940966,-0.0644020085055484,0.245,0.26,0.28,0.335,0.365,1
0.2973708068902992,0.2654464014751359,285.0,2.0357142857142856,140.0,0.9333333333333332,150.0,1.0067114093959733,0.07664562669071236,0.986842105263158,152.0,1.034013605442177,147.0,0.9932432432432432,148.0,1.0,201.0,-0.1841830702022101,0.08685772709396503,96.0,105.0,0.2833499493407947,-0.2173050844663124,0.18169353907262692,-0.5290197158018475,0.0776463068907925,0.34,0.445,0.48,0.51,0.76,1
0.06255666364460562,0.17048218608328478,148.0,1.0422535211267605,142.0,0.9793103448275862,145.0,0.9931506849315068,0.0757439134355275,0.1308165057067603,1139.0,4.846808510638298,235.0,1.715328467153285,137.0,0.9513888888888888,206.0,-0.1698197920494406,0.10258297535695228,102.0,104.0,0.28228518765694605,-0.2263302178736687,0.20101721564031358,-0.6319862745885696,0.0762654918156827,0.3,0.45,0.495,0.52,0.785,1
0.07162284678150499,0.1831911235058919,149.0,0.45565749235474,327.0,2.369565217391304,138.0,0.4367088607594936,0.07484220018034266,0.4180790960451977,354.0,2.661654135338346,133.0,0.8807947019867549,151.0,1.0134228187919463,205.0,-0.1271208623157116,0.13872195906602094,102.0,103.0,0.32590031182063517,-0.0331563547554982,0.23840034359656742,-0.5029027270234219,0.1636378705593388,0.445,0.47,0.5,0.53,0.805,1
0.07162284678150499,0.1831911235058919,149.0,0.4104683195592286,363.0,2.556338028169014,142.0,0.922077922077922,0.0757439134355275,0.9867549668874172,151.0,1.0202702702702702,148.0,0.9866666666666668,150.0,0.9803921568627452,211.0,-0.2154111195761607,0.09306502277843168,107.0,104.0,0.26252795030002785,-0.2838787342896872,0.1401430840929265,-0.5868612277086508,0.0203287496799264,0.44,0.46,0.51,0.535,0.78,1
0.0942883046237534,0.21030754697543014,154.0,0.8555555555555555,180.0,2.0454545454545454,88.0,0.4093023255813953,0.13435527502254282,0.963963963963964,222.0,2.4130434782608696,92.0,0.4380952380952381,210.0,2.121212121212121,215.0,-0.0957202459511633,0.13148018281802765,66.0,149.0,0.33163691089755576,-0.0719558014212732,0.3159069480754412,-0.0451108064895849,-0.0575642574797586,0.26,0.285,0.31,0.365,0.395,1
0.05258386219401632,0.16264015454732117,142.0,1.0070921985815602,141.0,0.9791666666666666,144.0,0.3977900552486187,0.0739404869251578,0.392,375.0,2.840909090909091,132.0,0.9166666666666666,144.0,0.3881401617250674,193.0,0.0180675543933771,0.06235695494964415,91.0,102.0,0.3516136588474181,0.0058269556005213,0.18977363217475743,-0.3018153793215454,0.2124162907551132,0.27,0.455,0.48,0.505,0.78,1
0.06708975521305531,0.1748158705158494,150.0,0.5376344086021505,279.0,2.066666666666667,135.0,0.9183673469387756,0.29125338142470697,2.8529411764705883,136.0,0.918918918918919,148.0,0.9932885906040269,149.0,1.0136054421768708,376.0,-0.2177379928166003,0.024335722554704876,105.0,271.0,0.2755231825349356,-0.2699508905994897,0.08514690539492936,-0.4767403865116136,0.0032793098919242,0.24,0.25,0.28,0.295,0.43,1
0.07071622846781506,0.17765954102165696,152.0,1.0201342281879195,149.0,0.9867549668874172,151.0,1.0066666666666666,0.0775473399458972,1.0272108843537415,147.0,1.0068493150684932,146.0,0.9668874172185432,151.0,0.967948717948718,205.0,-0.1936273455395198,0.10022271323850745,100.0,105.0,0.27230156735699207,-0.2662802852878915,0.20301322504398112,-0.551279129794306,0.0160871411231271,0.345,0.43,0.495,0.52,0.765,1
0.019038984587488667,0.1840857726680672,91.0,1.011111111111111,90.0,1.0588235294117647,,1.011904761904762,0.023444544634806132,1.0963855421686748,83.0,0.988095238095238,84.0,1.0769230769230769,78.0,0.9397590361445785,124.0,-0.1750860538218434,0.2633249529350275,61.0,63.0,0.3079097347092999,-0.1926655928494776,0.5032228064987221,-0.121137464184193,-0.1076802941990943,0.285,0.445,0.495,0.54,0.545,1
0.04805077062556664,0.19815550557894324,115.0,0.905511811023622,127.0,0.9548872180451128,133.0,0.8471337579617835,0.06853020739404869,1.1015625,128.0,0.847682119205298,151.0,1.3245614035087718,114.0,0.7972027972027972,170.0,-0.0187048996623688,0.10972520239788121,72.0,98.0,0.3381118697782788,-0.1927734049509998,0.29409579657285656,-0.3071656598468307,0.1752324252280681,0.235,0.385,0.425,0.46,0.705,1
0.08703535811423391,0.185613316511937,164.0,1.1006711409395973,149.0,0.8713450292397661,171.0,1.14,0.13165013525698827,1.6484375,128.0,0.6808510638297872,188.0,1.2702702702702702,148.0,1.7209302325581397,215.0,-0.0694095396709893,0.05731118548288703,68.0,147.0,0.3137369121625447,-0.2191002898645286,0.2537770426840675,-0.0056150299223974,-0.0056150299223974,0.28,0.3,0.315,0.335,0.335,1
0.05983680870353581,0.16889480316129116,146.0,0.3872679045092838,377.0,2.7518248175182483,137.0,0.9513888888888888,0.2885482416591524,2.9166666666666665,132.0,0.9041095890410958,146.0,0.3659147869674185,399.0,1.3758620689655172,372.0,-0.2032983011397159,0.05277094249222301,103.0,269.0,0.28168745046722277,-0.2682331109675819,0.14503060238815577,-0.5491898685952836,-0.142847511954535,0.2,0.255,0.28,0.295,0.405,1
0.061650045330915684,0.16516646604794777,151.0,1.0342465753424657,146.0,1.0,146.0,1.0,0.0775473399458972,0.993421052631579,152.0,1.0410958904109588,146.0,0.9605263157894736,152.0,1.0201342281879195,210.0,-0.1626247881078757,0.10248019068143646,105.0,105.0,0.2798508979395222,-0.2295260498347901,0.21392055179076902,-0.5898684290041404,0.1050841389976622,0.42,0.435,0.505,0.53,0.8,1
0.07615593834995467,0.1644616314303779,169.0,0.9285714285714286,182.0,1.0,182.0,1.1446540880503144,0.06943192064923355,0.7845303867403315,181.0,1.011173184357542,179.0,1.0654761904761905,168.0,1.105263157894737,158.0,-0.3761605971615863,0.17800043230102702,59.0,99.0,0.2640525428287654,-0.5046486010636924,0.27976062623762077,-0.4715470612339575,-0.4139816434584352,0.205,0.345,0.375,0.42,0.425,1
0.13236627379873073,0.440526475556676,97.0,0.532967032967033,182.0,1.956989247311828,93.0,0.458128078817734,0.12714156898106402,1.4714285714285715,140.0,0.6730769230769231,208.0,2.311111111111111,90.0,0.46875,210.0,-0.1043963085425559,0.03420876925897024,66.0,144.0,0.30042915477237025,-0.3040776602341467,0.2319791021082545,-0.1105330102913302,0.005081928691794,0.275,0.295,0.315,0.375,0.335,1
0.0743427017225748,0.19641314066913823,143.0,0.959731543624161,149.0,1.0205479452054795,146.0,1.006896551724138,0.06311992786293959,0.9246575342465754,146.0,0.9931972789115646,147.0,1.027972027972028,143.0,0.986206896551724,202.0,-0.2373824080042317,0.18013836692143098,108.0,94.0,0.3480302092910238,-0.1142184337756676,0.035178894591449024,-0.1097957722295038,-0.1097957722295038,0.62,0.68,0.775,0.825,0.825,1
0.07252946509519492,0.1777131502268356,154.0,1.0335570469798658,149.0,0.2483333333333333,600.0,1.9867549668874167,0.07664562669071236,1.0273972602739727,146.0,0.9733333333333334,150.0,0.9554140127388536,157.0,1.0608108108108107,209.0,0.0245281457340541,0.1023846608187137,104.0,105.0,0.3356630153890897,-0.0288446090757902,0.27340833223787314,-0.4384080173782377,0.2847815879880329,0.415,0.44,0.505,0.525,0.765,1
0.06527651858567543,0.1817874498204099,143.0,0.9930555555555556,144.0,0.9863013698630136,146.0,1.0,0.06853020739404869,0.9591836734693876,147.0,0.4349112426035503,338.0,2.397163120567376,141.0,0.9591836734693876,200.0,0.0589696107291159,0.08317917436616856,102.0,98.0,0.34706548760993794,0.0381565225096969,0.20911323903181023,-0.3834519579849874,0.2810784357164519,0.47,0.485,0.52,0.54,0.8,1
0.11786038077969176,0.2421184245714142,156.0,1.0263157894736843,152.0,0.95,160.0,1.1510791366906474,0.09467989179440937,1.223021582733813,139.0,0.5864978902953587,237.0,2.4183673469387754,98.0,0.5025641025641026,200.0,-0.1017549088784289,0.13352391317902285,82.0,118.0,0.41704275913484407,-0.2637760411621636,0.3050364423687661,-0.5211193788031234,0.0016645851277068,0.39,0.37,0.415,0.445,0.685,1
0.06527651858567543,0.177489900934037,146.0,0.1655328798185941,882.0,3.6296296296296298,243.0,1.653061224489796,0.07844905320108206,1.0201342281879195,149.0,1.0,149.0,0.3386363636363636,440.0,0.7899461400359067,206.0,-0.2563203573901659,0.09353003585429973,100.0,106.0,0.25598207623887553,-0.297100148523552,0.13691599880123873,-0.7115802367677284,-0.0746073753487724,0.295,0.455,0.49,0.515,0.76,1
0.013599274705349048,0.17703410029457317,88.0,0.946236559139785,93.0,0.9117647058823528,102.0,1.2,0.02254283137962128,1.0227272727272727,88.0,1.035294117647059,85.0,1.0365853658536586,82.0,0.9318181818181818,120.0,-0.2587247440651753,0.27028657009729123,58.0,62.0,0.26713238395998834,-0.2655187194558536,0.4312586813402525,-0.2306119290775836,-0.197024571321807,0.37,0.405,0.49,0.535,0.54,1
0.1767905711695376,0.1857941045931458,261.0,2.8369565217391304,92.0,0.8679245283018868,106.0,0.4173228346456692,0.12984670874661858,2.375,88.0,0.5866666666666667,150.0,1.3888888888888888,108.0,0.8709677419354839,243.0,-0.1324011190002272,0.12173980195432368,97.0,146.0,0.3537643584546779,0.0322698237292098,0.24406265468836874,-0.0173834620012213,-0.0173834620012213,0.285,0.38,0.395,0.445,0.445,1
0.05893019038984588,0.16353969190914416,149.0,1.0067567567567568,148.0,1.0277777777777777,144.0,0.9863013698630136,0.0739404869251578,0.3730964467005076,394.0,2.897058823529412,136.0,0.9006622516556292,151.0,0.383248730964467,206.0,-0.1844021309049277,0.09691981965248121,104.0,102.0,0.2731966542930814,-0.2346971102816968,0.1588786155831315,-0.576525090024625,0.0251410483774272,0.29,0.47,0.51,0.535,0.765,1
0.32456935630099726,0.3696499186910889,226.0,1.6258992805755397,139.0,0.9266666666666666,150.0,1.0273972602739727,0.07484220018034266,1.034965034965035,143.0,0.959731543624161,149.0,0.9867549668874172,151.0,1.0413793103448277,204.0,0.2842832634166718,0.10677452645557498,101.0,103.0,0.4129888941873652,0.2292365754435001,0.39694002404896117,-0.1434854642255536,0.5068002024014859,0.36,0.44,0.5,0.525,0.81,1
0.07162284678150499,0.00994340822286034,841.0,3.311023622047244,254.0,1.8405797101449275,138.0,0.9261744966442952,0.4995491433724076,2.476,250.0,1.7857142857142858,140.0,0.9655172413793104,145.0,0.3698979591836734,538.0,-0.2649841892439609,0.03188580653178774,105.0,433.0,0.25345620237516325,-0.2974728457001682,0.15829449065134957,-0.7006830201242944,-0.1245902945471132,0.14,0.175,0.195,0.205,0.29,1
0.0643699002719855,0.18032488073553707,143.0,0.4454828660436137,321.0,2.3955223880597014,134.0,0.9054054054054054,0.2921550946798918,0.7582846003898636,513.0,1.851985559566787,277.0,2.0072463768115942,138.0,0.913907284768212,374.0,-0.1281706169732435,0.01752318120329627,102.0,272.0,0.29935758862739753,-0.175032828962326,0.12425796177700373,-0.4602142930925322,0.0066588378586464,0.17,0.25,0.275,0.29,0.41,1
0.06980961015412511,0.19062466302337389,142.0,0.9793103448275862,145.0,0.9931506849315068,146.0,1.0,0.9684400360685302,4.846808510638298,235.0,1.715328467153285,137.0,0.9513888888888888,144.0,1.006993006993007,901.0,-0.2184450155873239,0.020934717532629547,104.0,797.0,0.25805528353793694,-0.2204408569427266,0.14413338899474543,-0.3084687441200199,-0.0786065232744102,0.08,0.105,0.115,0.135,0.17,1
0.061650045330915684,0.16644997535037678,150.0,1.0416666666666667,144.0,0.993103448275862,145.0,1.0,0.2885482416591524,0.7475728155339806,515.0,1.7697594501718212,291.0,2.171641791044776,134.0,0.9054054054054054,371.0,-0.0855636696436124,0.03726705929793224,102.0,269.0,0.30477537629868084,-0.1216231845580935,0.17129290459203167,-0.3941997676934263,0.0173894164055741,0.245,0.255,0.28,0.295,0.405,1
0.06346328195829556,0.2123943833526267,123.0,1.0165289256198349,121.0,0.7707006369426752,157.0,1.097902097902098,0.009017132551848512,0.625,120.0,0.975609756097561,123.0,0.8661971830985915,142.0,1.0364963503649636,100.0,-0.1515362225098314,0.21639988649968886,48.0,52.0,0.4133635797441429,-0.1810955221539968,0.29686238246071783,-0.358283548068783,0.0528044442802298,0.44,0.395,0.49,0.695,0.535,1
0.2112420670897552,0.433370529071941,138.0,0.9452054794520548,146.0,1.0,146.0,0.9931972789115646,0.0721370604147881,1.013986013986014,143.0,0.9794520547945206,146.0,1.006896551724138,145.0,1.0,196.0,0.149338802680169,0.11384342694517385,95.0,101.0,0.3686667574794075,0.0829227576833566,0.34953052691448233,-0.2280314495363367,0.3978758286702386,0.44,0.46,0.49,0.515,0.775,1
0.04261106074342702,0.07721376025200238,236.0,1.0582959641255605,223.0,1.056872037914692,211.0,1.0343137254901962,0.1145175834084761,1.1566265060240963,166.0,2.024390243902439,82.0,1.1232876712328768,73.0,0.935897435897436,189.0,-0.3078846876558171,0.15399440527533848,55.0,134.0,0.21305081164653616,-0.5128590352976556,0.19312122862431458,-0.3529929896416171,-0.2447385612959963,0.235,0.275,0.295,0.315,0.445,1
0.061650045330915684,0.17040527952724993,147.0,1.0208333333333333,144.0,1.0,144.0,1.006993006993007,0.07664562669071236,1.0273972602739727,146.0,0.3821989528795811,382.0,2.87218045112782,133.0,0.869281045751634,198.0,-0.1602152532071247,0.08111574417894578,93.0,105.0,0.2919570970431704,-0.2164036310387804,0.16369069278106047,-0.5125987783875247,0.0749267344807604,0.325,0.44,0.47,0.495,0.785,1
0.25657298277425206,0.5293180572582754,133.0,0.8807947019867549,151.0,1.0134228187919463,149.0,1.0205479452054795,0.07664562669071236,1.020408163265306,147.0,0.9607843137254902,153.0,0.425,360.0,2.6666666666666665,210.0,-0.1732298705253356,0.08868092728443107,105.0,105.0,0.30373648852103613,-0.2185088117713919,0.18213996759108736,-0.5618903433255258,-0.0041940982136263,0.305,0.455,0.505,0.53,0.78,1
0.06618313689936536,0.17892241722949462,146.0,0.9864864864864864,148.0,1.0136986301369864,146.0,1.0,0.07123534715960325,0.972972972972973,148.0,0.3905013192612137,379.0,2.828358208955224,134.0,0.9054054054054054,203.0,-0.1714960283655829,0.09056335708764417,103.0,100.0,0.28077243265514223,-0.2505252918585823,0.16051825839715156,-0.5592588515461469,-0.0382003177685671,0.305,0.46,0.51,0.535,0.76,1
0.07071622846781506,0.18608499870678283,146.0,0.948051948051948,154.0,0.2911153119092627,529.0,1.7932203389830508,0.07664562669071236,0.986842105263158,152.0,1.0066225165562914,151.0,1.0202702702702702,148.0,1.0068027210884354,210.0,0.0666461352840271,0.09321217831017804,105.0,105.0,0.3491398560362661,-0.0154477945637652,0.2798642597983606,-0.3444415924444993,0.3233507651125258,0.37,0.455,0.505,0.53,0.775,1
0.06708975521305531,0.007298779226267081,875.0,3.755364806866953,233.0,1.6524822695035462,141.0,0.9463087248322148,0.0721370604147881,0.9797297297297296,148.0,1.0206896551724138,145.0,0.3737113402061855,388.0,1.2763157894736843,199.0,-0.0187892415601746,0.07528497829508309,98.0,101.0,0.32390447652374565,-0.0660530026200349,0.1957054657029676,-0.3894091913915722,0.1647911351580173,0.3,0.45,0.495,0.52,0.8,1
0.21033544877606528,0.41272101428397645,144.0,0.9536423841059604,151.0,1.0342465753424657,146.0,0.9668874172185432,0.07844905320108206,0.987012987012987,154.0,0.2383900928792569,646.0,1.2029795158286778,537.0,1.7959866220735785,209.0,-0.1264422569706589,0.08315301946614163,103.0,106.0,0.2999335042169702,-0.1693082865749723,0.15701287451813367,-0.4556997035627949,0.0684179370704939,0.295,0.45,0.5,0.525,0.77,1
0.07071622846781506,0.1817874498204099,149.0,0.2689530685920577,554.0,1.8528428093645488,299.0,2.105633802816901,0.07484220018034266,0.9801324503311258,151.0,0.3784461152882205,399.0,1.4,285.0,2.0357142857142856,204.0,-0.2058699394101164,0.09974618623347695,101.0,103.0,0.27051368630900513,-0.2560708126756453,0.21307164755976604,-0.6580789193835347,0.0548500647548984,0.44,0.46,0.5,0.525,0.79,1
0.4170444242973708,0.4513351496562189,232.0,1.6453900709219855,141.0,0.9527027027027029,148.0,1.034965034965035,0.0739404869251578,0.9932432432432432,148.0,1.0068027210884354,147.0,1.027972027972028,143.0,0.9407894736842104,205.0,0.0245101655504171,0.08535802151475429,103.0,102.0,0.3420050681999611,-0.0171541341378317,0.22912163318344494,-0.3665680357286388,0.1911627721785955,0.31,0.465,0.51,0.535,0.795,1
0.061650045330915684,0.16644997535037678,150.0,1.0067114093959733,149.0,0.9933333333333332,150.0,0.3554502369668246,0.0757439134355275,1.0067567567567568,148.0,0.2556131260794473,579.0,2.5283842794759823,229.0,1.624113475177305,206.0,-0.1728730844345155,0.08766423304194598,102.0,104.0,0.27752303940444767,-0.2272777722582473,0.1863471745797734,-0.5937982428848811,0.0412106212306265,0.43,0.455,0.5,0.52,0.765,1
0.06074342701722575,0.17169067979311536,145.0,0.9797297297297296,148.0,1.034965034965035,143.0,0.959731543624161,0.4084761045987376,2.1316872427983538,243.0,1.8,135.0,0.906040268456376,149.0,1.0205479452054795,466.0,-0.145539278273689,0.035138811931482,104.0,362.0,0.29677667157458276,-0.156949736525814,0.18410165857055955,-0.5123988258788811,-0.0101608526283535,0.135,0.21,0.225,0.235,0.33,1
0.019038984587488667,0.21019018032047118,81.0,1.0125,80.0,1.0,80.0,0.6201550387596899,0.017132551848512173,0.4038461538461538,208.0,2.101010101010101,99.0,0.4520547945205479,219.0,1.7244094488188977,137.0,-0.2709002288711216,0.09457193023633048,79.0,58.0,0.2843705733203051,-0.2699409801591852,0.2216882491487806,-0.2700196739282107,-0.1188768247027986,0.36,0.55,0.585,0.61,0.745,1
0.017225747960108794,0.19942638541026175,83.0,0.9651162790697676,86.0,0.9772727272727272,88.0,0.946236559139785,0.018034265103697024,1.011904761904762,84.0,0.9333333333333332,90.0,1.0227272727272727,88.0,1.035294117647059,121.0,-0.2184613041030005,0.26742192468927767,62.0,59.0,0.28483436962705105,-0.1893579327054279,0.4526602653579189,-0.1753109341271971,-0.1753109341271971,0.41,0.445,0.52,0.565,0.565,1
0.06708975521305531,0.17617275507848199,149.0,1.0205479452054795,146.0,0.948051948051948,154.0,0.2911153119092627,0.0775473399458972,1.0066666666666666,150.0,0.986842105263158,152.0,1.0066225165562914,151.0,1.0202702702702702,209.0,0.0546890049571483,0.09690263598152751,104.0,105.0,0.3440175268574842,-0.0092964824120602,0.27299422230107323,-0.3497394585815796,0.2792929987467615,0.295,0.45,0.5,0.525,0.77,1
0.05893019038984588,0.16613696566731487,147.0,0.4049586776859504,363.0,2.592857142857143,140.0,0.9210526315789472,0.0739404869251578,0.98,150.0,1.0273972602739727,146.0,0.9668874172185432,151.0,0.9869281045751634,204.0,-0.1688491170854446,0.09404679846730395,102.0,102.0,0.2870599042758255,-0.2133104215134052,0.22765464853715842,-0.578009550203026,0.0821858665403934,0.455,0.475,0.505,0.53,0.785,1
0.2774252039891206,0.5318497297940861,141.0,0.9591836734693876,147.0,1.0068493150684932,146.0,0.9931972789115646,0.24075743913435527,2.4411764705882355,136.0,0.4108761329305136,331.0,2.451851851851852,135.0,0.9375,324.0,-0.1436944963097509,0.019483269322408323,92.0,232.0,0.3111432370479008,-0.0976590745792925,0.08266971556297048,-0.357647529179584,0.0482738711348674,0.2,0.275,0.285,0.305,0.47,1
0.06890299184043518,0.2073321678829217,131.0,0.9424460431654677,139.0,0.9586206896551724,145.0,1.1068702290076335,0.12353471596032461,1.9056603773584904,106.0,0.5380710659898477,197.0,1.1588235294117648,170.0,0.9497206703910616,229.0,-0.0201300936616507,0.09707627061475267,88.0,141.0,0.3398666374255858,-0.0934870151357909,0.3087434638911998,-0.2770389935215738,0.07561464890993,0.23,0.355,0.39,0.42,0.62,1
0.07162284678150499,0.18461376575469118,148.0,1.034965034965035,143.0,1.0070422535211268,142.0,0.9726027397260274,0.26420198376916143,2.5211267605633805,142.0,0.9466666666666668,150.0,0.3968253968253968,378.0,2.8,347.0,-0.0402161637624811,0.06212503229716641,97.0,250.0,0.3492430142863094,-0.0382335631589176,0.21764890633817557,-0.3352254822489372,0.1407453272796678,0.175,0.27,0.28,0.295,0.45,1
0.06799637352674524,0.0270705829010191,561.0,2.125,264.0,1.9411764705882355,136.0,0.912751677852349,0.07303877366997295,0.36318407960199,402.0,2.851063829787234,141.0,0.9591836734693876,147.0,0.3788659793814433,206.0,-0.0743425270931417,0.07546839977507885,104.0,102.0,0.3183725122661897,-0.1378213503695091,0.17318937567252446,-0.4730229634425526,0.1758030224117412,0.48,0.465,0.51,0.535,0.79,1
0.06708975521305531,0.18035493352495224,146.0,0.9798657718120806,149.0,1.0205479452054795,146.0,1.006896551724138,0.2497745716862038,2.4782608695652173,138.0,0.9387755102040816,147.0,1.0425531914893618,141.0,0.9657534246575342,335.0,-0.0622525743914959,0.04069545119465301,96.0,239.0,0.32552005449846977,-0.0755271350672246,0.1712459806768012,-0.3831914058523278,0.0502682444041878,0.265,0.26,0.285,0.3,0.42,1
0.6636446056210336,0.6695087239900781,241.0,1.7720588235294117,136.0,0.912751677852349,149.0,1.0,0.07664562669071236,0.986842105263158,152.0,0.9934640522875816,153.0,0.2761732851985559,554.0,2.2612244897959184,210.0,-0.2701684075752286,0.09504017184278733,105.0,105.0,0.25342445529649127,-0.2936297127369009,0.17952823395989828,-0.7136451249015556,-0.0329616415918974,0.455,0.475,0.505,0.53,0.76,1
0.05349048050770626,0.22674436309280935,107.0,0.9385964912280702,114.0,0.9047619047619048,126.0,1.2,0.02254283137962128,1.0843373493975903,83.0,0.9651162790697676,86.0,0.9772727272727272,88.0,0.946236559139785,130.0,-0.2598140277650733,0.23615392533699622,68.0,62.0,0.2657405369502112,-0.2761734558461866,0.4351050051109795,-0.2666188385340879,-0.2307049875064287,0.44,0.475,0.525,0.57,0.575,1
0.06980961015412511,0.1861146369749647,145.0,0.3737113402061855,388.0,1.2763157894736843,304.0,2.2028985507246377,0.6898106402164111,3.721973094170404,223.0,1.6277372262773722,137.0,0.9448275862068966,145.0,1.013986013986014,683.0,0.0288084909623619,0.01404327473158601,102.0,581.0,0.3365361499299038,0.0121651558885529,0.25158887722792084,-0.2265300850085604,0.2684820022700137,0.125,0.14,0.15,0.16,0.235,1
0.4215775158658205,0.4558426362755468,232.0,1.6571428571428573,140.0,0.9395973154362416,149.0,0.3850129198966408,0.07303877366997295,0.9864864864864864,148.0,0.9866666666666668,150.0,0.178359096313912,841.0,3.311023622047244,205.0,-0.147327701351998,0.10763835407267146,103.0,102.0,0.28656579334302584,-0.181498265563476,0.20511401467388793,-0.6326290034370337,0.1335556817821072,0.465,0.475,0.51,0.53,0.785,1
0.06980961015412511,0.051805830561468584,391.0,0.7621832358674464,513.0,1.8387096774193548,279.0,2.0071942446043165,0.07844905320108206,1.0066225165562914,151.0,1.0134228187919463,149.0,0.3688118811881188,404.0,0.689419795221843,206.0,-0.2597975109370237,0.0613755687277249,100.0,106.0,0.25490408172452084,-0.3002266110243174,0.09494182567272509,-0.6047583937249186,-0.0629760801421364,0.445,0.455,0.49,0.515,0.79,1
0.41523118766999095,0.34768740479673094,295.0,2.062937062937063,143.0,0.9407894736842104,152.0,1.0482758620689656,0.07484220018034266,1.0068027210884354,147.0,0.9865771812080536,149.0,0.9551282051282052,156.0,0.2557377049180327,208.0,0.0026993232171633,0.08652828081911461,105.0,103.0,0.32684082198875486,-0.0593139106897843,0.21287530782405303,-0.3802324217479046,0.2480314178095222,0.41,0.46,0.51,0.535,0.79,1
0.024478694469628286,0.06932140632231125,212.0,1.145945945945946,185.0,0.8685446009389671,213.0,0.9508928571428572,0.034265103697024346,0.4577777777777778,225.0,2.5,90.0,0.8490566037735849,106.0,0.4711111111111111,139.0,-0.4606219071388097,0.12114535003754,67.0,72.0,0.205450223030631,-0.5660781920523303,0.20968587889543505,-0.5016522801376122,-0.2815884124719895,0.42,0.45,0.485,0.565,0.515,1
0.22212148685403446,0.4515572576925336,138.0,0.9078947368421052,152.0,1.0066225165562914,151.0,1.0066666666666666,0.2867448151487827,2.7357142857142858,140.0,0.9395973154362416,149.0,0.3890339425587467,383.0,2.8161764705882355,375.0,-0.1040467882911152,0.05701529803715424,107.0,268.0,0.3083290718843464,-0.1182667997142013,0.19368431614182088,-0.4337526133228588,0.0270688718623452,0.26,0.27,0.29,0.305,0.415,1
0.011786038077969175,0.16784429121128888,90.0,1.0227272727272727,88.0,1.035294117647059,85.0,1.0365853658536586,0.016230838593327322,0.4170854271356783,199.0,1.3630136986301369,146.0,1.0579710144927537,138.0,0.971830985915493,112.0,-0.2558344490419554,0.30184260701041404,54.0,58.0,0.27255334171180307,-0.2305557021965639,0.4573347315346637,-0.2142644741295703,-0.2142644741295703,0.365,0.38,0.495,0.545,0.545,1
0.38803263825929285,0.3453705785024188,280.0,2.014388489208633,139.0,0.9266666666666666,150.0,1.0416666666666667,0.07484220018034266,1.0136986301369864,146.0,0.3792207792207792,385.0,0.7475728155339806,515.0,1.7697594501718212,206.0,-0.0532354537474338,0.11756725937418704,103.0,103.0,0.3363008206453531,-0.0718553347417198,0.1764791371826625,-0.4088765461091103,0.1743373267002132,0.365,0.465,0.505,0.535,0.8,1
0.06980961015412511,0.18759709924087695,144.0,1.0,144.0,0.993103448275862,145.0,0.9731543624161074,0.07484220018034266,0.9801324503311258,151.0,0.1753774680603949,861.0,3.48582995951417,247.0,1.7394366197183098,210.0,0.0342133351857934,0.11179243918984544,107.0,103.0,0.34046586146754015,-0.04,0.2796088545584928,-0.3318379134221638,0.1721752359611592,0.305,0.455,0.51,0.54,0.755,1
0.07252946509519492,0.1817874498204099,151.0,0.360381861575179,419.0,0.5054282267792521,829.0,4.876470588235295,0.05320108205590622,0.953846153846154,130.0,0.9558823529411764,136.0,0.317016317016317,429.0,1.8982300884955752,189.0,-0.0557860786437114,0.10591541978172969,103.0,86.0,0.3364239133352079,-0.0248340117688122,0.2705144483278785,-0.4865026524989063,0.1416381535078941,0.505,0.525,0.545,0.575,0.855,1
0.015412511332728921,0.10225253099373376,142.0,0.5220588235294118,272.0,1.8503401360544216,147.0,0.5975609756097561,0.047790802524797116,1.3409090909090908,88.0,0.7719298245614035,114.0,0.8976377952755905,127.0,0.7341040462427746,142.0,-0.1933506746176178,0.1313598742958022,60.0,82.0,0.28901273788346604,-0.2887193069122045,0.3173567772030076,-0.2144249840129772,-0.1107283852879451,0.36,0.39,0.425,0.515,0.475,1
0.12692656391659113,0.18896407557510456,204.0,0.9855072463768116,207.0,1.0048543689320388,206.0,1.2046783625730997,0.007213706041478809,0.935897435897436,78.0,0.8387096774193549,93.0,0.808695652173913,115.0,1.0648148148148149,108.0,-0.3029683285897245,0.15851253213426184,57.0,51.0,0.25508287878859554,-0.3132786378314917,0.26117337707320354,-0.3937630629977747,-0.1571536750582759,0.275,0.49,0.53,0.675,0.57,1
0.07343608340888486,0.18042047348618231,153.0,0.2761732851985559,554.0,2.2612244897959184,245.0,1.7013888888888888,0.0775473399458972,1.0134228187919463,149.0,0.25,596.0,2.462809917355372,242.0,1.7285714285714286,214.0,-0.2176169589824969,0.09007586739840039,109.0,105.0,0.2647083668309708,-0.259222738887534,0.19326900262604135,-0.6258552100416086,0.0154522613065324,0.425,0.47,0.51,0.535,0.785,1
0.271985494106981,0.5349130972035829,138.0,0.9387755102040816,147.0,1.065217391304348,138.0,0.9857142857142858,0.07123534715960325,0.972972972972973,148.0,1.034965034965035,143.0,0.959731543624161,149.0,1.0347222222222223,198.0,-0.0782444092379286,0.06441987077751585,98.0,100.0,0.31799512011439546,-0.177588983378744,0.12808186039246572,-0.4469208947695454,0.1266863122544573,0.44,0.46,0.5,0.525,0.8,1
0.43789664551223934,0.44556924636439293,245.0,1.7013888888888888,144.0,0.9536423841059604,151.0,1.0272108843537415,0.478809738503156,2.462809917355372,242.0,1.7285714285714286,140.0,0.958904109589041,146.0,0.9798657718120806,521.0,-0.2409233537148014,0.03410958406432054,104.0,417.0,0.27354288122325704,-0.2327194735386716,0.15982869165966926,-0.6198843766480493,-0.0331598186601421,0.125,0.185,0.2,0.21,0.3,1
0.09519492293744333,0.20127323048533055,161.0,1.788888888888889,90.0,0.4186046511627907,215.0,1.5579710144927537,0.12533814247069433,2.01980198019802,101.0,0.5024875621890548,201.0,2.161290322580645,93.0,0.4407582938388625,209.0,-0.1282755304414272,0.028961203184881486,67.0,142.0,0.2834007433182171,-0.2076118568843493,0.1708888652040852,-0.1032935884118786,0.0606962331174077,0.26,0.295,0.32,0.365,0.34,1
0.06799637352674524,0.17486203991521737,151.0,0.967948717948718,156.0,1.033112582781457,151.0,1.0134228187919463,0.0793507664562669,1.0408163265306123,147.0,0.9865771812080536,149.0,0.2310077519379845,645.0,2.5595238095238093,211.0,-0.1735035684757054,0.07966547185211233,104.0,107.0,0.2824775166168984,-0.2078634013602721,0.16367926569796712,-0.590384111629263,0.0421403617331563,0.44,0.46,0.495,0.52,0.775,1
0.06890299184043518,0.35694837984749245,80.0,0.6557377049180327,122.0,1.0338983050847457,118.0,0.8676470588235294,0.12714156898106402,1.03,200.0,1.092896174863388,183.0,0.9786096256684492,187.0,1.0564971751412429,210.0,-0.0923430006912364,0.1275928754476335,66.0,144.0,0.3031082354210616,-0.2835208693400259,0.15154365851392793,-0.0561405319782638,-0.0354719469948286,0.28,0.23,0.315,0.37,0.405,1
0.07071622846781506,0.1846329923936999,147.0,0.2363344051446945,622.0,1.3610503282275712,457.0,0.8788461538461538,0.0703336339044184,0.986206896551724,145.0,1.0,145.0,1.0069444444444444,144.0,0.993103448275862,196.0,-0.1652732359809738,0.10281339341492277,96.0,100.0,0.2814382433787861,-0.2285650001765733,0.2290745454523547,-0.5568575158947037,0.0872106441366109,0.35,0.445,0.495,0.52,0.79,1
0.06346328195829556,0.17886231165066424,143.0,1.0214285714285714,140.0,0.958904109589041,146.0,0.9931972789115646,0.07844905320108206,1.0555555555555556,144.0,1.0,144.0,0.993103448275862,145.0,0.4380664652567976,208.0,-0.2004947478583009,0.09301901691827545,102.0,106.0,0.2741849115157819,-0.2301461953214402,0.19649888129992268,-0.542367447145214,-0.0002885451677978,0.29,0.465,0.495,0.52,0.75,1
0.07524932003626474,0.1873647132640583,150.0,1.0,150.0,1.020408163265306,147.0,0.9607843137254902,0.0757439134355275,1.0347222222222223,144.0,0.3945205479452054,365.0,2.7238805970149254,134.0,0.9054054054054054,204.0,-0.1329064666877338,0.10898663286527221,100.0,104.0,0.3068793230937453,-0.1507573213928497,0.22055892618585388,-0.4783670223808006,0.0566195628484661,0.44,0.46,0.495,0.52,0.73,1
0.22121486854034453,0.4535263803777316,137.0,0.9013157894736842,152.0,1.0133333333333334,150.0,0.986842105263158,0.28313796212804326,2.6690140845070425,142.0,0.9281045751633988,153.0,1.0132450331125828,151.0,0.4778481012658228,370.0,-0.2685837695268804,0.04364777533474441,105.0,265.0,0.25821859916286655,-0.2696974342399986,0.12506913394636704,-0.6001040197843084,-0.0290622289345194,0.235,0.265,0.285,0.3,0.425,1
0.04986400725294651,0.15069797454331577,148.0,1.1935483870967742,124.0,0.953846153846154,130.0,0.9558823529411764,0.07303877366997295,0.1298932384341637,1124.0,4.290076335877862,262.0,1.8985507246376807,138.0,0.9517241379310344,204.0,-0.1099337342622786,0.10628181739428724,102.0,102.0,0.2981890495657723,-0.162865054967513,0.25290169916299304,-0.5116385466973691,0.1228272596177986,0.44,0.455,0.505,0.53,0.78,1
0.27107887579329104,0.5374906566735335,137.0,0.9072847682119204,151.0,0.3891752577319587,388.0,2.8529411764705883,0.30748422001803427,0.7463235294117647,544.0,2.4504504504504503,222.0,1.5524475524475525,143.0,1.2327586206896552,383.0,-0.1495881784163158,0.03668189376634589,99.0,284.0,0.2906351267960428,-0.1759936507498856,0.18508522494776486,-0.507527517499716,-0.0799664783118782,0.19,0.24,0.26,0.275,0.38,1
0.025385312783318223,0.23473615339935036,79.0,0.6869565217391305,115.0,0.444015444015444,259.0,1.2821782178217822,0.1587015329125338,1.1586538461538465,208.0,2.122448979591837,98.0,0.3798449612403101,258.0,1.2344497607655502,233.0,-0.1745932121033155,0.24285816553228298,65.0,168.0,0.4477897986656767,-0.1765675843710554,0.26411471263104824,0.4648523882653448,0.4648523882653448,0.265,0.23,0.28,0.305,0.305,1
0.06980961015412511,0.18465248241132518,146.0,0.3792207792207792,385.0,0.7475728155339806,515.0,1.7697594501718212,0.06943192064923355,0.9594594594594594,148.0,1.0,148.0,1.0206896551724138,145.0,0.9931506849315068,199.0,-0.1118127049953885,0.10065373116689519,100.0,99.0,0.29021461655890374,-0.1722361809045226,0.21259672838055954,-0.5069205407514487,0.142153649174641,0.4,0.445,0.505,0.535,0.795,1
0.06708975521305531,0.1520860468660693,169.0,1.1342281879194631,149.0,0.5559701492537313,268.0,1.2350230414746544,0.13525698827772767,1.5579710144927537,138.0,0.6216216216216216,222.0,1.150259067357513,193.0,2.244186046511628,212.0,-0.2234925145714285,0.15660490592762696,62.0,150.0,0.31107963472294486,-0.0699232626433479,0.20805546678613734,-0.1591002694101115,-0.0905299374186229,0.215,0.265,0.295,0.365,0.335,1
0.006346328195829556,0.04033092368223211,241.0,2.2523364485981308,107.0,0.4246031746031746,252.0,1.9534883720930232,0.08025247971145176,1.0266666666666666,150.0,1.079136690647482,139.0,0.9205298013245032,151.0,0.9263803680981596,192.0,-0.0680307998196525,0.16015267161378433,85.0,107.0,0.4434710931736511,-0.1597851890334112,0.3696038181344474,-0.4031126006185205,0.0650787630701314,0.425,0.405,0.45,0.485,0.76,1
0.06890299184043518,0.05027811293892773,396.0,2.848920863309353,139.0,0.3808219178082191,365.0,2.664233576642336,0.07303877366997295,0.3872679045092838,377.0,2.7518248175182483,137.0,0.9513888888888888,144.0,1.006993006993007,197.0,-0.0126680150237425,0.08517414262323521,95.0,102.0,0.3425535771040576,-0.0875932618415067,0.21396188435591673,-0.3700306080108901,0.2463569796443999,0.3,0.46,0.49,0.515,0.77,1
0.11423390752493201,0.4462266648209806,87.0,0.7372881355932204,118.0,1.3409090909090908,88.0,0.7719298245614035,0.06943192064923355,0.5772357723577236,246.0,1.0336134453781514,238.0,2.106194690265487,113.0,1.3452380952380951,167.0,-0.2424471960118576,0.043473925860522206,68.0,99.0,0.27824300579596883,-0.3739022910570059,0.19113182604936763,-0.2281242187253321,-0.1497908066768402,0.37,0.385,0.41,0.43,0.46,1
0.07071622846781506,0.06793964099364208,327.0,2.369565217391304,138.0,0.4367088607594936,316.0,2.289855072463768,0.260595130748422,2.661654135338346,133.0,0.8807947019867549,151.0,1.0134228187919463,149.0,1.0205479452054795,350.0,-0.1683140446418117,0.06601573588510759,103.0,247.0,0.2872449660424161,-0.1739938268959698,0.12714178674346036,-0.4355867822989044,-0.0268523340916924,0.275,0.285,0.295,0.315,0.43,1
0.06890299184043518,0.18467224125677975,145.0,0.9863945578231292,147.0,0.98,150.0,0.313152400835073,0.0721370604147881,0.9931506849315068,146.0,1.0,146.0,1.0,146.0,0.9798657718120806,200.0,-0.145792859951657,0.07768397983648673,99.0,101.0,0.2890670074220075,-0.1954359324420787,0.1687938387806646,-0.5110896372580085,0.0415644497125181,0.36,0.46,0.505,0.53,0.805,1
0.2665457842248413,0.5298575406466423,137.0,0.9194630872483222,149.0,1.0347222222222223,144.0,0.9664429530201344,0.07123534715960325,1.006993006993007,143.0,0.2693032015065913,531.0,2.349557522123894,226.0,1.6376811594202898,195.0,0.011920731259365,0.09028423233111808,95.0,100.0,0.35218938993484866,0.0169316783524871,0.24940766510876344,-0.4056176227722005,0.2449301953941386,0.34,0.47,0.49,0.515,0.785,1
0.09066183136899365,0.1691466741582947,182.0,0.9732620320855616,187.0,1.0053763440860215,186.0,1.120481927710843,0.0,0.7222222222222222,90.0,0.5769230769230769,156.0,0.968944099378882,161.0,0.92,103.0,-0.468304767252325,0.17232146514176766,58.0,45.0,0.1945619173442878,-0.5907709248606441,0.206801442200061,-0.4536862201597798,-0.3599755943717813,0.315,0.525,0.565,0.63,0.605,1
0.06527651858567543,0.07300273919555644,298.0,2.143884892086331,139.0,0.9266666666666666,150.0,0.3937007874015748,0.0793507664562669,0.3893129770992366,393.0,2.911111111111111,135.0,0.9183673469387756,147.0,1.013793103448276,200.0,-0.1715158715048794,0.05169860552539914,93.0,107.0,0.2921415924925665,-0.185,0.07202656209647697,-0.5105991647997433,0.075,0.26,0.445,0.475,0.495,0.75,1
0.06618313689936536,0.17209187595314035,151.0,1.0342465753424657,146.0,0.9668874172185432,151.0,0.9741935483870968,0.08025247971145176,0.2383900928792569,646.0,1.2029795158286778,537.0,1.7959866220735785,299.0,2.1824817518248176,213.0,-0.1959740311070979,0.0885516201149401,106.0,107.0,0.2708826834601791,-0.2649907712225263,0.1523756490475272,-0.5946074747783885,0.0418556465244642,0.44,0.455,0.505,0.525,0.77,1
0.07343608340888486,0.1817874498204099,152.0,1.0133333333333334,150.0,0.2427184466019417,618.0,2.272058823529412,0.0775473399458972,1.0272108843537415,147.0,0.4164305949008499,353.0,2.451388888888889,144.0,0.935064935064935,212.0,-0.1904252960441164,0.0755651425383059,107.0,105.0,0.2723550289882935,-0.240589938039952,0.12792424794311683,-0.5536996601176979,0.0100459044671469,0.31,0.475,0.51,0.535,0.775,1
0.07252946509519492,0.1860269237218318,148.0,0.9932885906040269,149.0,1.0067567567567568,148.0,0.9736842105263158,0.07484220018034266,0.9801324503311258,151.0,0.993421052631579,152.0,1.0,152.0,1.0066225165562914,200.0,-0.1145972645530136,0.08704480113972198,97.0,103.0,0.29937585022613455,-0.1470273406235811,0.20401737292861694,-0.4120726867903183,0.1049731661461117,0.45,0.465,0.49,0.515,0.77,1
0.06890299184043518,0.1876377261599012,143.0,1.0,143.0,0.9930555555555556,144.0,0.9863013698630136,0.07303877366997295,1.0354609929078014,141.0,0.9591836734693876,147.0,0.4349112426035503,338.0,2.397163120567376,198.0,0.0664467923224785,0.09543664660171655,96.0,102.0,0.3565410599262369,0.0063924090406962,0.25211600321965777,-0.3004557014855802,0.305289087881772,0.27,0.435,0.485,0.515,0.78,1
0.06799637352674524,0.04381843281407271,429.0,3.1544117647058822,136.0,0.9006622516556292,151.0,1.0134228187919463,0.29666366095581603,2.8142857142857145,140.0,0.945945945945946,148.0,1.0206896551724138,145.0,0.9797297297297296,380.0,-0.223333799744552,0.05515661490846265,105.0,275.0,0.2793967847875248,-0.2273803068166204,0.1416409464655054,-0.5184954717283046,-0.0816214192077515,0.17,0.255,0.28,0.295,0.41,1
0.27107887579329104,0.5458588135030138,135.0,0.9,150.0,1.0273972602739727,146.0,1.028169014084507,0.07484220018034266,1.0277777777777777,144.0,0.2594594594594595,555.0,2.4342105263157894,228.0,1.7142857142857142,206.0,-0.2566787602032463,0.09852059532290565,103.0,103.0,0.25949220679156465,-0.3087896043434407,0.1723855882528027,-0.6557900858557772,-0.0361406200649371,0.3,0.465,0.505,0.53,0.78,1
0.6890299184043518,0.6762897551479402,247.0,1.802919708029197,137.0,0.958041958041958,143.0,1.0070422535211268,0.07303877366997295,0.2487223168654173,587.0,1.1646825396825398,504.0,1.0100200400801602,499.0,1.7821428571428573,203.0,-0.1539171821471405,0.1091827462821208,101.0,102.0,0.2855019915836098,-0.1924631657754028,0.2251622147477131,-0.5869269711456842,0.0848449729170852,0.45,0.465,0.505,0.53,0.8,1
0.07162284678150499,0.05029380056112521,404.0,2.906474820143885,139.0,0.9205298013245032,151.0,1.0134228187919463,0.2254283137962128,2.2992700729927007,137.0,0.9013157894736842,152.0,1.0133333333333334,150.0,0.986842105263158,323.0,-0.1584905022685517,0.06475838067688397,103.0,220.0,0.29626179090123594,-0.1758546329569237,0.16196369129317478,-0.4999150938969591,0.0185595465299782,0.19,0.29,0.325,0.34,0.48,1
0.07071622846781506,0.17901728585833285,151.0,0.961783439490446,157.0,1.0466666666666666,150.0,1.0067114093959733,0.08025247971145176,1.013157894736842,152.0,1.0066225165562914,151.0,1.0134228187919463,149.0,0.9738562091503268,216.0,-0.2257183515522,0.11274577829351547,109.0,107.0,0.2693500424709409,-0.2845878315311869,0.2135377477998438,-0.5820387417854094,-0.001509308396376,0.475,0.46,0.51,0.535,0.775,1
0.06799637352674524,0.17896113388612858,148.0,1.0,148.0,1.0277777777777777,144.0,0.2594594594594595,0.07123534715960325,0.9863013698630136,146.0,0.3659147869674185,399.0,1.4669117647058822,272.0,2.060606060606061,195.0,-0.1981959903937062,0.029786468686960953,95.0,100.0,0.28634270614970136,-0.2381846406474626,0.05927596129690189,-0.4909503050391732,-0.04024676400326,0.395,0.45,0.49,0.515,0.8,1
0.06799637352674524,0.05561702001504866,368.0,2.6099290780141846,141.0,0.9657534246575342,146.0,1.006896551724138,0.07303877366997295,0.3403263403263403,429.0,3.1544117647058822,136.0,0.9006622516556292,151.0,1.0134228187919463,202.0,-0.2265497313852517,0.09739584142446764,100.0,102.0,0.2629714811264615,-0.2852055702913616,0.15626735156261676,-0.606352748982631,-0.0065565407730137,0.305,0.45,0.5,0.525,0.76,1
0.2638259292837715,0.16827663721467248,387.0,2.8455882352941178,136.0,0.9444444444444444,144.0,0.3860589812332439,0.27592425608656446,2.688405797101449,138.0,0.9387755102040816,147.0,1.065217391304348,138.0,0.9857142857142858,359.0,-0.065655571363178,0.014743089923940323,100.0,259.0,0.3339794134328785,-0.043298780025352,0.10690681913697536,-0.3683754921247911,0.0575671304536264,0.175,0.265,0.28,0.295,0.43,1
0.033544877606527655,0.1817874498204099,108.0,1.0285714285714285,105.0,0.9722222222222222,108.0,0.9473684210526316,0.05410279531109107,1.1160714285714286,112.0,1.0275229357798166,109.0,0.9646017699115044,113.0,1.0660377358490567,147.0,-0.3750063922326674,0.5497918736866265,60.0,87.0,0.2708090888541228,-0.48800919340372,0.7085937555508115,-1.0578884067565066,-0.2824531008011903,0.24,0.365,0.415,0.46,0.7,1
0.06255666364460562,0.17884171208608854,142.0,0.9726027397260274,146.0,0.9605263157894736,152.0,1.0066225165562914,0.07484220018034266,0.9736842105263158,152.0,1.0133333333333334,150.0,1.0135135135135136,148.0,0.9932885906040269,205.0,-0.1280883104798226,0.06768241038794735,102.0,103.0,0.3037467663641871,-0.1478008589597463,0.11941458254793047,-0.4525035822233543,0.0962862458850127,0.465,0.48,0.505,0.53,0.785,1
0.022665457842248413,0.19088081413070618,92.0,0.8363636363636363,110.0,1.0091743119266054,109.0,0.9316239316239316,0.03787195671776375,0.8770491803278688,122.0,0.9384615384615383,130.0,0.9629629629629628,135.0,1.0227272727272727,151.0,-0.0667249879368208,0.21248039536019775,77.0,74.0,0.32711876823533736,-0.1582592057576703,0.5026188971396204,-0.0685271060949127,-0.0685271060949127,0.35,0.47,0.51,0.555,0.555,1
0.37352674524025387,0.18803065516777753,469.0,1.0064377682403434,466.0,1.0064794816414686,463.0,3.4044117647058822,0.07303877366997295,0.9931972789115646,147.0,1.05,140.0,0.9722222222222222,144.0,1.006993006993007,199.0,-0.1662900075867094,0.09616676041089901,97.0,102.0,0.28534518351391747,-0.1901382936877439,0.1923441721203161,-0.5375393861614579,0.0456661565483135,0.285,0.45,0.49,0.52,0.81,1
0.007252946509519492,0.11266246858027612,118.0,0.5,236.0,1.0582959641255605,223.0,1.056872037914692,0.012623985572587917,0.4114583333333333,192.0,1.1566265060240963,166.0,2.024390243902439,82.0,1.1232876712328768,113.0,-0.4524652377759501,0.17722389899881746,58.0,55.0,0.2112164586033435,-0.4736729361983471,0.24760726177773684,-0.5207749337050501,-0.2463392257390552,0.41,0.475,0.525,0.675,0.56,1
0.06255666364460562,0.17319235204766406,146.0,1.006896551724138,145.0,1.0283687943262412,141.0,1.0,0.07303877366997295,1.0138888888888888,144.0,0.5034965034965035,286.0,2.1343283582089554,134.0,0.9305555555555556,198.0,-0.2418108677840953,0.09698317693788051,96.0,102.0,0.2649576265472597,-0.287980244705168,0.17745247206100384,-0.6713138128201454,2.269141789465728e-05,0.285,0.445,0.49,0.515,0.785,1
0.0643699002719855,0.17330850201756604,148.0,1.0,148.0,1.0206896551724138,145.0,0.9931506849315068,0.37330928764652843,0.5994993742177722,799.0,3.504385964912281,228.0,1.6285714285714286,140.0,0.945945945945946,440.0,-0.1094744517349089,0.05683098693894442,105.0,335.0,0.3051296210988383,-0.1356720930710935,0.22000819395049762,-0.4550968833767967,0.1214064066718469,0.145,0.215,0.24,0.255,0.355,1
0.11423390752493201,0.4109595780235157,94.0,0.4541062801932367,207.0,2.25,92.0,0.4717948717948718,0.11541929666366095,2.168539325842697,89.0,0.419811320754717,212.0,2.141414141414141,99.0,0.4852941176470588,202.0,0.0073021295794687,0.04255381832888684,67.0,135.0,0.33158779682848494,-0.1148654975832197,0.25953322227765757,0.0538225576431215,0.2113702541439185,0.27,0.31,0.33,0.38,0.35,1
0.09247506799637353,0.19192792880886156,165.0,1.1224489795918366,147.0,0.8596491228070176,171.0,0.9771428571428572,0.12804328223624886,1.38,150.0,0.7894736842105263,190.0,2.0,95.0,0.4439252336448598,236.0,-0.0841478732217945,0.028515857573737653,92.0,144.0,0.3405380493238404,-0.2011501217997483,0.23142312859841033,-0.1432229197089646,-0.0227198852358892,0.28,0.375,0.39,0.41,0.575,1
0.07071622846781506,0.18608499870678283,146.0,1.006896551724138,145.0,0.4769736842105263,304.0,2.1870503597122304,0.0739404869251578,1.0425531914893618,141.0,0.9657534246575342,146.0,0.9798657718120806,149.0,1.0347222222222223,198.0,-0.0547670574530356,0.1010304150013248,96.0,102.0,0.3232927538713861,-0.0978076798973247,0.26131625600486197,-0.4344449861446294,0.1924097921059381,0.345,0.445,0.49,0.515,0.78,1
0.09519492293744333,0.1771397302840362,180.0,0.9473684210526316,190.0,1.1046511627906976,172.0,0.9885057471264368,0.14697926059513075,1.0961538461538465,208.0,2.337078651685393,89.0,0.6496350364963503,137.0,1.5054945054945057,225.0,-0.0516903212696833,0.016388546080116993,66.0,159.0,0.3396014788541833,-0.2906298100349586,0.23130455368271483,-0.0656576524322826,-0.0178391959798995,0.155,0.28,0.295,0.315,0.455,1
0.07524932003626474,0.19026639762325376,148.0,1.0,148.0,0.9866666666666668,150.0,1.0067114093959733,0.07123534715960325,0.9664429530201344,149.0,0.9933333333333332,150.0,1.0067114093959733,149.0,0.9867549668874172,207.0,0.0444663636648003,0.09097223002171397,107.0,100.0,0.3366105866186888,-0.017721656013348,0.24466300446951428,-0.3762716729767426,0.2958613083362689,0.46,0.475,0.52,0.545,0.805,1
0.07071622846781506,0.18904951159599376,144.0,1.006993006993007,143.0,0.9930555555555556,144.0,0.2666666666666666,0.07303877366997295,1.0354609929078014,141.0,0.436532507739938,323.0,2.3576642335766422,137.0,0.9133333333333332,204.0,0.0172664411758396,0.04975747103055923,102.0,102.0,0.3590044808203705,-0.0037084836692364,0.13019334257854207,-0.3539733112028527,0.1905378951325209,0.31,0.475,0.505,0.53,0.765,1
0.06618313689936536,0.05107033785990051,384.0,2.762589928057554,139.0,0.9266666666666666,150.0,0.4143646408839779,0.07303877366997295,1.006896551724138,145.0,0.9797297297297296,148.0,0.9801324503311258,151.0,1.0272108843537415,203.0,-0.080258481661049,0.06469680765051443,101.0,102.0,0.31094263475839146,-0.1609199674109528,0.14228546558734304,-0.4583449521616733,0.0878078151584642,0.32,0.465,0.5,0.525,0.75,1
0.013599274705349048,0.1817874498204099,86.0,0.5029239766081871,171.0,0.9,190.0,0.9178743961352656,0.013525698827772768,1.0389610389610389,77.0,0.7475728155339806,103.0,0.8879310344827587,116.0,0.8226950354609929,114.0,-0.1150961376255026,0.19170002056722169,58.0,56.0,0.3264955506246239,-0.1877122261533594,0.3851138982036338,-0.0252853599946479,0.0044340996566218,0.42,0.46,0.51,0.57,0.58,1
0.015412511332728921,0.20860121637641182,78.0,0.3823529411764705,204.0,2.3181818181818183,88.0,0.8712871287128713,0.12894499549143373,1.5522388059701493,134.0,1.7179487179487178,78.0,0.3768115942028985,207.0,2.0294117647058822,222.0,-0.1256120046931763,0.041350990597900976,77.0,145.0,0.3175211978389267,-0.1677834654015867,0.2523146470079318,-0.1571892692836743,-0.0165282153599368,0.23,0.33,0.35,0.37,0.44,1
0.29465095194922936,0.2543487854393049,294.0,2.115107913669065,139.0,0.388268156424581,358.0,2.5211267605633805,0.07303877366997295,0.9419354838709676,155.0,1.0689655172413792,145.0,0.9797297297297296,148.0,0.348235294117647,202.0,-0.3193906344408593,0.0830663597335327,100.0,102.0,0.23317839386179756,-0.3578944132759831,0.14691843957790682,-0.7089148076366352,-0.0986289767330305,0.36,0.46,0.5,0.525,0.805,1
0.07615593834995467,0.21277224672956763,135.0,0.9246575342465754,146.0,0.9931972789115646,147.0,1.027972027972028,0.07844905320108206,1.0066225165562914,151.0,1.0272108843537415,147.0,1.013793103448276,145.0,1.0,208.0,-0.1319817298635324,0.06888938740641005,102.0,106.0,0.3093102508355275,-0.2567273663916137,0.11296845679916417,-0.4590901859281925,0.1357676724744886,0.47,0.46,0.495,0.52,0.76,1
0.06799637352674524,0.1762101863767615,150.0,0.974025974025974,154.0,1.0335570469798658,149.0,0.9802631578947368,0.0793507664562669,1.0551724137931036,145.0,0.9931506849315068,146.0,1.006896551724138,145.0,0.9731543624161074,209.0,-0.0055235859280138,0.07460396304291798,102.0,107.0,0.3369547358986432,-0.0527724448343145,0.20560413609192094,-0.3664774620218294,0.2109661133169452,0.465,0.455,0.495,0.52,0.77,1
0.14052583862194015,0.31269264395640206,139.0,0.9266666666666666,150.0,1.0273972602739727,146.0,1.0,0.0703336339044184,0.959731543624161,149.0,0.9867549668874172,151.0,1.0413793103448277,145.0,1.0,203.0,0.237597198616424,0.1078995297444651,103.0,100.0,0.4117508792413606,0.2256549234177583,0.3457020776910421,-0.1834967672843881,0.402446210146038,0.3,0.475,0.51,0.535,0.785,1
0.07524932003626474,0.1888058182478198,149.0,0.2483333333333333,600.0,1.9867549668874167,302.0,2.204379562043796,0.07303877366997295,0.9733333333333334,150.0,0.9554140127388536,157.0,1.0608108108108107,148.0,0.4180790960451977,207.0,0.0130689881233367,0.11357444235579256,105.0,102.0,0.3342368815701714,-0.0498136272329164,0.2994717736318919,-0.3930614743377219,0.2115905065118898,0.31,0.46,0.51,0.54,0.76,1
0.06708975521305531,0.24341123117322147,112.0,0.4444444444444444,252.0,0.9921259842519684,254.0,2.3738317757009346,0.16771866546438233,2.5876288659793816,97.0,0.4024896265560166,241.0,1.0432900432900434,231.0,1.105263157894737,239.0,-0.255337099882414,0.11358403636550697,64.0,175.0,0.3281157318453948,-0.2301361302775128,0.2456531487049917,-0.1027305930467581,-0.048093477473006,0.235,0.255,0.27,0.285,0.315,1
0.06980961015412511,0.1832102211070549,147.0,0.3941018766756032,373.0,2.683453237410072,139.0,0.9205298013245032,0.07844905320108206,0.3979057591623036,382.0,2.7681159420289854,138.0,0.9324324324324323,148.0,0.3925729442970822,202.0,-0.3105158204208975,0.08202918068097707,96.0,106.0,0.24719012595686732,-0.3452654374605951,0.1305630562716782,-0.7046691085489732,-0.0973555801526698,0.325,0.45,0.48,0.505,0.745,1
0.03989120580235721,0.17475728581581107,119.0,0.9834710743801652,121.0,1.0168067226890756,119.0,1.469135802469136,0.032461677186654644,0.6516129032258065,155.0,1.3362068965517242,116.0,0.9830508474576272,118.0,0.9833333333333332,126.0,-0.4072094275634313,0.37142253668725933,56.0,70.0,0.4893672134059725,-0.4135261489705516,0.4316851075920331,-0.4409971726840843,-0.4164012156147451,0.42,0.37,0.455,0.5,0.505,1
0.2828649138712602,0.5448075436078816,140.0,0.9395973154362416,149.0,0.3890339425587467,383.0,2.8161764705882355,0.0775473399458972,0.2451298701298701,616.0,2.207885304659498,279.0,1.9241379310344828,145.0,0.9477124183006536,205.0,-0.1322746814718995,0.08218426048853152,100.0,105.0,0.294985125392297,-0.1614443478580652,0.17196912070692963,-0.4870948830178979,0.1010417119478944,0.29,0.46,0.495,0.52,0.77,1
0.06255666364460562,0.17457547122948525,145.0,0.3698979591836734,392.0,2.820143884892086,139.0,0.9266666666666666,0.0757439134355275,0.341743119266055,436.0,0.5317073170731708,820.0,3.306451612903226,248.0,1.7714285714285714,209.0,-0.1397864063357164,0.11732606502305191,105.0,104.0,0.2836102486970093,-0.2012950223313461,0.2598781807775499,-0.5983688186259746,0.1318150140334385,0.435,0.46,0.505,0.53,0.785,1
0.07615593834995467,0.05056757973697546,416.0,2.86896551724138,145.0,0.9477124183006536,153.0,0.3994778067885117,0.28313796212804326,2.7664233576642334,137.0,0.9256756756756755,148.0,1.0277777777777777,144.0,0.9536423841059604,366.0,-0.1770502644477348,0.038693640162808844,101.0,265.0,0.2823838833540339,-0.2126844250857327,0.11137071698169465,-0.4708197203216097,0.0224279051080386,0.17,0.255,0.275,0.295,0.42,1
0.07343608340888486,0.1751267052619126,157.0,1.0129032258064516,155.0,1.0,155.0,1.019736842105263,0.0793507664562669,1.006578947368421,152.0,1.0133333333333334,150.0,0.974025974025974,154.0,0.2172073342736248,215.0,-0.0902294609899646,0.09421751356376523,108.0,107.0,0.3097428646090894,-0.1325797002605927,0.2102325102293259,-0.4380308382873962,0.1545668408256307,0.47,0.455,0.505,0.53,0.775,1
0.07252946509519492,0.18895003129769805,146.0,0.9864864864864864,148.0,0.4180790960451977,354.0,2.661654135338346,0.0775473399458972,0.9805194805194806,154.0,1.0266666666666666,150.0,1.0,150.0,1.020408163265306,207.0,-0.2024991671528901,0.12081342547208342,102.0,105.0,0.27957706483423056,-0.3090525139408263,0.16585947443325755,-0.5984085952272747,0.0757731678683081,0.325,0.475,0.5,0.52,0.795,1
0.2692656391659112,0.542760333812098,135.0,0.9121621621621622,148.0,1.0206896551724138,145.0,0.9931506849315068,0.07303877366997295,1.006896551724138,145.0,0.9863945578231292,147.0,0.3542168674698795,415.0,3.1203007518796992,207.0,0.08017941944074,0.10299476784478485,105.0,102.0,0.3530028683867822,0.007005821815505,0.27589179693116384,-0.2967528410262939,0.3099866665673148,0.3,0.46,0.515,0.54,0.795,1
0.07252946509519492,0.06135145902533383,356.0,2.5985401459854014,137.0,0.8896103896103896,154.0,1.0065359477124185,0.08385933273219116,0.3930348258706467,402.0,0.7992047713717694,503.0,1.041407867494824,483.0,1.0298507462686568,225.0,-0.1565175441350358,0.12210899874865483,115.0,110.0,0.27564028693966364,-0.2194036043622909,0.2538692370411653,-0.5584915637710932,0.1389032064348252,0.28,0.48,0.515,0.54,0.78,1
0.06527651858567543,0.17472165998470668,148.0,1.0277777777777777,144.0,0.9863013698630136,146.0,0.3945945945945946,0.0721370604147881,0.9931506849315068,146.0,1.0138888888888888,144.0,0.993103448275862,145.0,0.4898648648648648,204.0,0.1172982355329289,0.08317709664624844,103.0,101.0,0.37559253446137947,0.0378998034667478,0.243558762094096,-0.2557445048599867,0.3468372678015127,0.445,0.47,0.51,0.535,0.81,1
0.05893019038984588,0.1701681509794757,144.0,0.9863013698630136,146.0,0.3659147869674185,399.0,1.4669117647058822,0.42290351668169524,2.225,240.0,1.7647058823529411,136.0,0.9379310344827586,145.0,0.3950953678474114,474.0,-0.1555255543392893,0.03388376437722035,101.0,373.0,0.29698625750380486,-0.1578873838803035,0.19051385500892024,-0.4276023063051841,0.1026211932301694,0.17,0.2,0.215,0.23,0.335,1
0.2783318223028105,0.5539467568138601,136.0,0.918918918918919,148.0,0.398921832884097,371.0,2.688405797101449,0.07664562669071236,1.0135135135135136,148.0,1.0206896551724138,145.0,0.9863945578231292,147.0,0.9735099337748344,209.0,-0.2151318879021906,0.12519036416637855,104.0,105.0,0.265833740454861,-0.2802693375549971,0.2151815735514879,-0.5853551097728359,0.0516930972198999,0.43,0.45,0.5,0.53,0.805,1
0.09066183136899365,0.20948908944118008,151.0,0.7365853658536585,205.0,1.2202380952380951,168.0,0.9655172413793104,0.11000901713255185,1.1614906832298135,161.0,0.8702702702702703,185.0,1.1635220125786163,159.0,0.8594594594594595,239.0,-0.5684059489465099,0.3394225567897299,109.0,130.0,0.24391668691717855,-0.5940471561735051,0.5903738205548591,-0.6323569631669397,-0.5197693177179711,0.27,0.43,0.46,0.485,0.8,1
0.09247506799637353,0.2792713977231627,118.0,0.6555555555555556,180.0,1.6216216216216215,111.0,0.578125,0.1055004508566276,1.6545454545454543,110.0,1.375,80.0,0.4210526315789473,190.0,1.637931034482759,198.0,-0.0679015341052862,0.07143564004685403,71.0,127.0,0.3115717079856268,-0.1291578612851392,0.2856338095684192,-0.0617350456501179,0.0196660810415066,0.32,0.345,0.365,0.385,0.515,1
0.06980961015412511,0.17763220387729436,151.0,1.0,151.0,0.2439418416801292,619.0,2.476,0.07484220018034266,0.9932885906040269,149.0,0.9867549668874172,151.0,0.993421052631579,152.0,1.0066225165562914,208.0,-0.15328667559223,0.0829149475030295,105.0,103.0,0.2874698990310873,-0.2096682816758656,0.1598007059877415,-0.5428651792345724,0.0497756826367413,0.375,0.475,0.51,0.535,0.805,1
0.0643699002719855,0.1746735933871849,147.0,0.98,150.0,0.986842105263158,152.0,1.0410958904109588,0.49413886384129846,2.5541666666666667,240.0,1.7518248175182485,137.0,0.9133333333333332,150.0,1.0273972602739727,533.0,-0.1808635525604721,0.043773157009896375,104.0,429.0,0.29542769152853904,-0.1349394849832512,0.1684275081730734,-0.4264766095448395,0.0728572739829959,0.14,0.185,0.195,0.21,0.295,1
0.10788757932910245,0.3999304151566578,93.0,0.5027027027027027,185.0,1.8137254901960784,102.0,0.4951456310679611,0.11361587015329125,2.1954022988505746,87.0,0.424390243902439,205.0,2.11340206185567,97.0,0.4663461538461538,200.0,-0.3955523656161353,0.11508732406723163,67.0,133.0,0.19234261409828018,-0.5886122826486123,0.17243397437037836,-0.3543134797886144,-0.3543134797886144,0.27,0.32,0.335,0.355,0.355,1
0.05893019038984588,0.17437087609215401,141.0,0.9791666666666666,144.0,1.0359712230215827,139.0,0.952054794520548,0.0757439134355275,1.0136054421768708,147.0,0.4106145251396648,358.0,1.3065693430656935,274.0,1.9855072463768115,208.0,-0.1904565799080038,0.10074496298109556,104.0,104.0,0.2926206151257956,-0.2559199677565715,0.1615867792731942,-0.5287074300388452,0.0808104869521204,0.39,0.48,0.505,0.545,0.805,1
0.14233907524932005,0.33117843491813487,133.0,0.93006993006993,143.0,0.3714285714285714,385.0,2.8308823529411766,0.0721370604147881,1.0,145.0,1.0283687943262412,141.0,0.9724137931034482,145.0,0.2715355805243445,193.0,-0.0991051893619366,0.04622622493558683,92.0,101.0,0.3177246190661283,-0.100693136169974,0.116874002853313,-0.403432371376959,0.1143185987621303,0.45,0.465,0.485,0.51,0.785,1
0.27923844061650044,0.5554846051898661,136.0,0.9006622516556292,151.0,0.4026666666666667,375.0,2.7372262773722627,0.2777276825969342,2.762962962962963,135.0,0.9183673469387756,147.0,0.375,392.0,2.8823529411764706,364.0,-0.301788599896538,0.05792604301497514,103.0,261.0,0.2601973231125263,-0.255555125250119,0.12286191618897715,-0.6564777069410295,-0.0601747076920193,0.205,0.27,0.285,0.3,0.455,1
0.27107887579329104,0.5293633101125269,139.0,0.9266666666666666,150.0,0.4076086956521739,368.0,2.725925925925926,0.20829576194770064,2.1142857142857143,140.0,0.9271523178807948,151.0,1.0342465753424657,146.0,1.006896551724138,308.0,0.0894167836769102,0.04369699374438073,101.0,207.0,0.37216937144826917,0.0542409129090038,0.226173536045507,-0.1894454258826402,0.210548731734543,0.29,0.3,0.33,0.35,0.495,1
0.06618313689936536,0.17209187595314035,151.0,1.0134228187919463,149.0,0.9867549668874172,151.0,1.0202702702702702,0.5013525698827773,1.9467084639498435,319.0,2.2949640287769784,139.0,0.9391891891891893,148.0,0.9801324503311258,540.0,-0.2437688474742489,0.04315538474067073,106.0,434.0,0.2545837173358708,-0.2989949748743719,0.20163314472675972,-0.5801822633111332,-0.1727966131295048,0.155,0.175,0.195,0.21,0.275,1
0.06980961015412511,0.1832102211070549,147.0,0.1771084337349397,830.0,3.721973094170404,223.0,1.6277372262773722,0.07123534715960325,1.0,144.0,0.9863013698630136,146.0,0.9668874172185432,151.0,1.0486111111111112,201.0,0.0147981066241872,0.07087225239084359,101.0,100.0,0.34136411443140047,-0.0351608106717283,0.22511058151134858,-0.384975413258214,0.1919320323686975,0.37,0.46,0.505,0.53,0.795,1
0.06799637352674524,0.1817874498204099,146.0,0.9798657718120806,149.0,1.0347222222222223,144.0,0.979591836734694,0.0703336339044184,0.986206896551724,145.0,1.0,145.0,0.9797297297297296,148.0,1.0,200.0,-0.0145142049120514,0.09119733619253297,100.0,100.0,0.32864734911838495,-0.0432101348339618,0.2436384672094424,-0.3862606096171637,0.21,0.455,0.47,0.505,0.53,0.815,1
0.07071622846781506,0.17240263152580923,156.0,0.4239130434782608,368.0,2.537931034482759,145.0,0.935483870967742,0.07844905320108206,0.4935064935064935,308.0,2.264705882352941,136.0,0.8831168831168831,154.0,1.0266666666666666,211.0,-0.1723778542890981,0.08930750994463585,105.0,106.0,0.27844014291160685,-0.2127773538888739,0.17458431025280124,-0.5114200280209508,0.0920910257845754,0.46,0.47,0.505,0.53,0.77,1
0.2638259292837715,0.5293411827977642,136.0,0.9066666666666666,150.0,0.3816793893129771,393.0,2.889705882352941,0.07303877366997295,1.006896551724138,145.0,0.4769736842105263,304.0,2.1870503597122304,139.0,0.9205298013245032,206.0,-0.1531291229907121,0.12252106685372953,104.0,102.0,0.28245655697699723,-0.2282635343169236,0.25962326309057987,-0.584458736702295,0.1367327257592861,0.305,0.46,0.51,0.535,0.785,1
0.23934723481414324,0.49943986023873044,133.0,0.4054878048780488,328.0,2.4296296296296296,135.0,0.9,0.0721370604147881,1.0431654676258992,139.0,0.9928571428571428,140.0,0.3674540682414698,381.0,0.7229601518026565,202.0,-0.1908709451452921,0.08479199261356364,101.0,101.0,0.28392883492814747,-0.2629859996972822,0.15625935874295563,-0.6217869930971863,0.0036178101197482,0.465,0.455,0.505,0.53,0.785,1
0.06980961015412511,0.17763220387729436,151.0,1.0342465753424657,146.0,0.9864864864864864,148.0,0.4180790960451977,0.07303877366997295,0.9668874172185432,151.0,0.9805194805194806,154.0,1.0266666666666666,150.0,1.0,207.0,-0.1141553934170205,0.11927101502249274,105.0,102.0,0.31720097797249647,-0.2331260992998208,0.1655990005434936,-0.4099233201148649,0.1139256884211508,0.38,0.465,0.51,0.535,0.78,1
0.07071622846781506,0.18608499870678283,146.0,0.9733333333333334,150.0,1.0273972602739727,146.0,0.9668874172185432,0.2660054102795311,2.6666666666666665,135.0,0.9246575342465754,146.0,0.4101123595505618,356.0,2.4895104895104896,358.0,-0.2372027653606339,0.06558167684411555,107.0,251.0,0.2784692072037915,-0.286355592245446,0.143262885215316,-0.620697193163798,-0.0361364403331477,0.225,0.275,0.3,0.32,0.43,1
0.07796917497733455,0.1791566651771795,159.0,0.9636363636363636,165.0,1.0185185185185186,162.0,1.125,0.13255184851217314,1.582089552238806,134.0,0.5775862068965517,232.0,1.16,200.0,2.083333333333333,211.0,-0.0917909288366602,0.051820080742285946,63.0,148.0,0.3029393169714731,-0.2202726972311002,0.24074715068323446,-0.1586921712249783,-0.0944710474677749,0.26,0.27,0.3,0.36,0.34,1
0.06799637352674524,0.17896113388612858,148.0,0.9932885906040269,149.0,1.0067567567567568,148.0,0.9932885906040269,0.0757439134355275,0.9802631578947368,152.0,0.238244514106583,638.0,2.5217391304347827,253.0,1.8071428571428567,211.0,0.0185140790177357,0.08062748782639567,107.0,104.0,0.33459266230640206,-0.0621100101196396,0.21435537498423962,-0.337968858014948,0.2462330066414329,0.29,0.465,0.51,0.535,0.785,1
0.07252946509519492,0.18895003129769805,146.0,0.9931972789115646,147.0,0.98,150.0,1.0273972602739727,0.08025247971145176,1.0620689655172413,145.0,0.9731543624161074,149.0,1.0347222222222223,144.0,0.9536423841059604,207.0,0.0910080419606076,0.08970612336553517,100.0,107.0,0.36442434506236787,0.0439306056857477,0.27110790315389505,-0.2716212653679553,0.317073011932741,0.335,0.455,0.49,0.515,0.78,1
0.06980961015412511,0.18465248241132518,146.0,0.9798657718120806,149.0,1.0136054421768708,147.0,1.027972027972028,0.4472497745716862,2.125,264.0,1.9411764705882355,136.0,0.912751677852349,149.0,1.0205479452054795,494.0,-0.1306183807171378,0.028947637982729212,102.0,392.0,0.28645908128306524,-0.1579836289427085,0.14428837523710403,-0.5117553858664506,0.0649512081566239,0.155,0.195,0.21,0.22,0.315,1
0.2728921124206709,0.5447196665578242,136.0,0.951048951048951,143.0,0.3743455497382199,382.0,2.788321167883212,0.07303877366997295,1.0138888888888888,144.0,0.2845849802371542,506.0,1.7630662020905925,287.0,2.110294117647059,202.0,-0.095918498181265,0.07557882262957405,100.0,102.0,0.3105185166172463,-0.1436028236365369,0.16523885133959107,-0.4649410528693123,0.1437058930459602,0.46,0.45,0.505,0.53,0.79,1
0.017225747960108794,0.09330202018560353,156.0,0.968944099378882,161.0,0.92,175.0,1.1666666666666667,0.1496844003606853,2.4574468085106385,94.0,0.6619718309859155,142.0,1.6136363636363635,88.0,1.1282051282051282,223.0,-0.1508964152196166,0.14188242538884463,62.0,161.0,0.3071102450397201,-0.1323928299357663,0.37297831896238326,-0.0456209849531274,0.0776392445851442,0.24,0.26,0.28,0.335,0.31,1
0.06799637352674524,0.17353163222290402,152.0,1.0555555555555556,144.0,1.0,144.0,0.993103448275862,0.2678088367899008,2.661764705882353,136.0,0.9066666666666666,150.0,0.3816793893129771,393.0,2.889705882352941,355.0,-0.1811582939189525,0.07310094106382166,102.0,253.0,0.2805626092296245,-0.2080860647687636,0.1959123688818319,-0.6204517593655829,0.0684457412690787,0.175,0.27,0.29,0.305,0.43,1
0.07162284678150499,0.038135074588651764,479.0,0.5994993742177722,799.0,3.504385964912281,228.0,1.6285714285714286,0.07303877366997295,0.9798657718120806,149.0,1.0347222222222223,144.0,0.979591836734694,147.0,0.9865771812080536,204.0,-0.1091198983552271,0.07638308820424224,102.0,102.0,0.29925073876625446,-0.149564480368645,0.19910107199935992,-0.5013005761714929,0.1017042907602684,0.405,0.44,0.505,0.525,0.795,1
0.06980961015412511,0.17899881809858573,150.0,0.9803921568627452,153.0,0.4058355437665782,377.0,2.7518248175182483,0.07484220018034266,1.0206896551724138,145.0,0.935483870967742,155.0,1.0763888888888888,144.0,0.9290322580645162,204.0,-0.2377487917870494,0.12759024039157738,101.0,103.0,0.3425352687229453,-0.1193918068789462,0.10707826556967671,-0.4415709379245927,0.0047130617513598,0.36,0.475,0.5,0.525,0.68,1
0.06890299184043518,0.18467224125677975,145.0,0.3698979591836734,392.0,2.925373134328358,134.0,0.9305555555555556,0.07303877366997295,0.3903743315508021,374.0,2.72992700729927,137.0,0.9133333333333332,150.0,0.4,197.0,0.0160894832264491,0.04508320513540151,95.0,102.0,0.3437023134983941,-0.0144420256420212,0.1603915861813845,-0.246986293653365,0.2119496955439055,0.3,0.46,0.49,0.515,0.78,1
0.11967361740707162,0.3069465113511023,127.0,0.6649214659685864,191.0,2.053763440860215,93.0,0.465,0.1145175834084761,1.959183673469388,98.0,0.4537037037037037,216.0,1.3251533742331287,163.0,1.9176470588235293,196.0,-0.1337815523676621,0.03799971730193261,62.0,134.0,0.29457849968021715,-0.2511174264280683,0.18210432624069842,-0.0977792113615429,-0.0341275596309552,0.27,0.295,0.315,0.365,0.34,1
0.08612873980054397,0.18695158263860293,162.0,1.051948051948052,154.0,0.9871794871794872,156.0,1.0,0.10459873760144274,1.1528662420382163,157.0,1.319327731092437,119.0,0.616580310880829,193.0,1.1696969696969697,214.0,-0.2493861413529142,0.10266192927278882,88.0,126.0,0.3012094172364118,-0.4346800929335592,0.3440656349164982,-0.2889509248185726,-0.2311774144558885,0.265,0.39,0.415,0.435,0.72,1
0.12239347234814144,0.42143548841467704,96.0,0.4705882352941176,204.0,2.01980198019802,101.0,0.5024875621890548,0.16411181244364292,2.47,100.0,0.5076142131979695,197.0,2.095744680851064,94.0,0.4541062801932367,279.0,-0.2822664425864989,0.03775544733307292,107.0,172.0,0.2814274739642987,-0.3552328625304632,0.028526635032802384,-0.3248277938004058,-0.3068159216183941,0.275,0.37,0.385,0.4,0.425,1
0.6600181323662738,0.7055732107288369,228.0,1.6285714285714286,140.0,0.945945945945946,148.0,1.0422535211267605,0.07123534715960325,0.979591836734694,147.0,0.9865771812080536,149.0,0.1308165057067603,1139.0,4.846808510638298,204.0,-0.1665525802259757,0.1060229167037322,104.0,100.0,0.2775681762393734,-0.2478091749347391,0.2381120151528909,-0.5087082969894519,0.0212014436638344,0.365,0.455,0.515,0.54,0.79,1
0.06618313689936536,0.17476908139300001,149.0,0.9933333333333332,150.0,1.0067114093959733,149.0,0.9867549668874172,0.07844905320108206,1.0066225165562914,151.0,1.0202702702702702,148.0,0.9932885906040269,149.0,0.9933333333333332,201.0,0.0098760479802908,0.09811783299438977,95.0,106.0,0.3325246766891414,-0.0458668424854943,0.2751254846498291,-0.3608744731101307,0.2539913868409795,0.325,0.44,0.48,0.505,0.775,1
0.061650045330915684,0.16775071296559008,149.0,0.3880208333333333,384.0,2.844444444444445,135.0,0.9,0.07844905320108206,1.0482758620689656,145.0,0.9931506849315068,146.0,0.9668874172185432,151.0,1.0202702702702702,205.0,-0.1602413853350985,0.07797796914233666,99.0,106.0,0.286520973373489,-0.209877155145597,0.17657189810341373,-0.5152638430649774,0.1016567402697626,0.335,0.43,0.485,0.51,0.76,1
0.0643699002719855,0.04763736320235176,396.0,0.9519230769230768,416.0,1.0558375634517767,394.0,2.962406015037594,0.06853020739404869,0.9724137931034482,145.0,0.9931506849315068,146.0,1.0138888888888888,144.0,0.4079320113314447,196.0,-0.2267101005284635,0.07647217180452438,98.0,98.0,0.2681990249220452,-0.2654876513908613,0.12227742764108522,-0.6043855649752716,-0.0398837991447221,0.445,0.465,0.51,0.535,0.805,1
0.06618313689936536,0.05583681818553233,362.0,0.9354005167958656,387.0,2.8455882352941178,136.0,0.9444444444444444,0.07123534715960325,0.3881401617250674,371.0,2.688405797101449,138.0,0.9387755102040816,147.0,1.065217391304348,192.0,-0.0024904753273441,0.03786755766175247,92.0,100.0,0.34296193602431463,-0.0343423731721846,0.14862179240536197,-0.3228725908953043,0.1539988686367622,0.34,0.445,0.485,0.505,0.79,1
0.300090661831369,0.590855117838004,136.0,0.912751677852349,149.0,0.9933333333333332,150.0,1.0135135135135136,0.0721370604147881,0.9931506849315068,146.0,1.020979020979021,143.0,0.3896457765667575,367.0,2.738805970149253,203.0,-0.2357290833242326,0.08490960212870569,102.0,101.0,0.25964289366290166,-0.2891317025546552,0.14770358867555833,-0.6311412837758634,-0.006637675571455,0.29,0.445,0.505,0.53,0.805,1
0.06527651858567543,0.173365407707518,149.0,1.0205479452054795,146.0,1.006896551724138,145.0,0.9797297297297296,0.07303877366997295,0.9931972789115646,147.0,1.027972027972028,143.0,0.986206896551724,145.0,0.9931506849315068,196.0,-0.1603793435328706,0.1620339487574646,94.0,102.0,0.4019063932774676,0.1123470463966255,0.0785210955434838,-0.1904804968235018,0.0675533129618097,0.485,0.75,0.78,0.87,0.815,1
0.26835902085222124,0.5454541613045731,134.0,0.9571428571428572,140.0,0.3846153846153846,364.0,2.656934306569343,0.0739404869251578,1.013793103448276,145.0,0.3698979591836734,392.0,2.840579710144928,138.0,0.971830985915493,204.0,-0.3110441925977797,0.13602452266900972,102.0,102.0,0.23597253684557884,-0.3563678720483205,0.2282052897642183,-0.835471970791162,-0.1023170457376573,0.35,0.46,0.505,0.53,0.755,1
0.07162284678150499,0.1790355106212413,152.0,1.0066225165562914,151.0,1.0202702702702702,148.0,1.0068027210884354,0.0775473399458972,0.993421052631579,152.0,1.034013605442177,147.0,0.98,150.0,0.967741935483871,203.0,0.0643107663620513,0.09416714169555145,98.0,105.0,0.35191848918979135,0.0261055834408284,0.2744704681589022,-0.3344491950983095,0.3226021791152524,0.295,0.445,0.485,0.51,0.78,1
0.10879419764279238,0.402179311706516,93.0,0.465,200.0,2.1052631578947367,95.0,0.4611650485436893,0.13615870153291254,1.3251533742331287,163.0,1.9176470588235293,85.0,0.3899082568807339,218.0,1.2823529411764707,219.0,-0.2012718349272562,0.02966840687284877,68.0,151.0,0.2705745935460973,-0.3586517526185931,0.1844923862333814,-0.176962268759699,-0.176962268759699,0.27,0.29,0.31,0.37,0.37,1
0.06346328195829556,0.16665178422498247,152.0,0.4130434782608695,368.0,2.647482014388489,139.0,0.9266666666666666,0.30387736699729484,2.9558823529411766,136.0,0.912751677852349,149.0,0.9933333333333332,150.0,1.0135135135135136,383.0,-0.1616290582599008,0.04228117293884492,102.0,281.0,0.29460175350923296,-0.1664524466781016,0.14338980866654824,-0.5046640933175305,-0.0269357292924498,0.22,0.245,0.265,0.28,0.39,1
0.07252946509519492,0.05916405492923616,365.0,2.703703703703704,135.0,0.944055944055944,143.0,0.3783068783068783,0.0703336339044184,1.0070422535211268,142.0,0.9793103448275862,145.0,0.9731543624161074,149.0,0.9933333333333332,204.0,-0.1594130598073093,0.07709121650751982,104.0,100.0,0.28709240345689324,-0.1842571647501777,0.12722000031458863,-0.5361388178378499,0.0706107085990613,0.465,0.48,0.515,0.54,0.79,1
0.06980961015412511,0.05431239815654638,379.0,2.828358208955224,134.0,0.9054054054054054,148.0,1.0136986301369864,0.24346257889990983,2.5572519083969465,131.0,0.8972602739726028,146.0,1.006896551724138,145.0,1.0069444444444444,329.0,-0.1584642451786386,0.05182834051547041,95.0,234.0,0.29741567522939244,-0.1483807630578649,0.1774321501556235,-0.4819408358810382,-0.0762422588668692,0.23,0.275,0.29,0.305,0.425,1
0.28195829555757024,0.551584265105793,138.0,0.9324324324324323,148.0,0.3925729442970822,377.0,2.636363636363636,0.28313796212804326,2.786764705882353,136.0,0.9006622516556292,151.0,0.4026666666666667,375.0,2.7372262773722627,371.0,-0.2967258362616762,0.06286268891749487,106.0,265.0,0.2606363952149918,-0.3085096545085082,0.10214429213154794,-0.5904545187169344,-0.0616887876552477,0.245,0.255,0.285,0.305,0.435,1
0.23118766999093382,0.4739786412615486,136.0,0.918918918918919,148.0,1.0,148.0,0.2761194029850746,0.07484220018034266,0.9736842105263158,152.0,1.0066225165562914,151.0,1.0202702702702702,148.0,1.0136986301369864,198.0,-0.1401455991865651,0.08079306090654782,95.0,103.0,0.2945392083190864,-0.1760360348144484,0.16937587451675312,-0.5214733090103705,0.0652537638276948,0.33,0.43,0.48,0.505,0.765,1
0.07071622846781506,0.18608499870678283,146.0,0.36318407960199,402.0,2.851063829787234,141.0,0.9591836734693876,0.07303877366997295,1.006896551724138,145.0,0.4239766081871345,342.0,2.442857142857143,140.0,0.915032679738562,206.0,-0.0621796809216134,0.05733710665705733,104.0,102.0,0.32136527215053223,-0.0749383070161538,0.12659287160982566,-0.4012861738009506,0.1377420768698578,0.46,0.475,0.51,0.535,0.805,1
0.07343608340888486,0.1889013062536349,147.0,0.3056133056133056,481.0,0.88909426987061,541.0,2.1215686274509804,0.0757439134355275,0.5,298.0,2.1911764705882355,136.0,0.9251700680272108,147.0,0.4049586776859504,205.0,-0.0418599824263671,0.08473995804799879,101.0,104.0,0.31924509036803866,-0.1074030305192225,0.18575491151652962,-0.4275392572326152,0.1946829521326431,0.285,0.44,0.5,0.525,0.8,1
0.05983680870353581,0.16114790582664523,152.0,1.0066225165562914,151.0,1.0202702702702702,148.0,0.9932885906040269,0.260595130748422,2.4755244755244754,143.0,0.9727891156462584,147.0,0.392,375.0,2.697841726618705,350.0,-0.1010146280061352,0.04357825426942383,103.0,247.0,0.3076189587302716,-0.130251256281407,0.15187757985912434,-0.3941755559817094,0.0850063722947033,0.18,0.265,0.295,0.315,0.445,1
0.07343608340888486,0.1831725318014484,151.0,1.0134228187919463,149.0,0.341743119266055,436.0,0.5317073170731708,0.07303877366997295,0.9798657718120806,149.0,1.0,149.0,1.0,149.0,1.0136054421768708,206.0,0.0062030006204235,0.1111273826317424,104.0,102.0,0.34154239346790966,-0.0652311721160451,0.30445254884010586,-0.4390402861831666,0.2385506392060586,0.48,0.46,0.51,0.535,0.795,1
0.061650045330915684,0.16516646604794777,151.0,0.4015957446808511,376.0,2.7246376811594204,138.0,0.4035087719298245,0.07123534715960325,0.4864864864864865,296.0,2.208955223880597,134.0,0.91156462585034,147.0,0.3983739837398374,204.0,-0.1549065242930197,0.11077606764397085,104.0,100.0,0.28442438631805345,-0.2080572786059182,0.21619558258387186,-0.599755394744944,0.112996243070971,0.3,0.475,0.515,0.54,0.785,1
0.06618313689936536,0.18325001890528275,143.0,0.9662162162162162,148.0,0.9932885906040269,149.0,1.0067567567567568,0.07303877366997295,0.2097701149425287,696.0,2.5494505494505493,273.0,2.022222222222222,135.0,0.9183673469387756,207.0,-0.2025519069451236,0.07372335580434293,105.0,102.0,0.2733515340822733,-0.2536048078815268,0.14843303136985903,-0.5738913887739583,0.0192831232351672,0.365,0.47,0.515,0.54,0.8,1
0.06074342701722575,0.06397658435726725,316.0,2.289855072463768,138.0,0.9324324324324323,148.0,1.0,0.0775473399458972,1.0134228187919463,149.0,1.0205479452054795,146.0,0.9733333333333334,150.0,1.0273972602739727,198.0,-0.1333100688889771,0.09684331097744339,93.0,105.0,0.2950853134813526,-0.2755720536046628,0.1934557267642713,-0.4754070139396258,0.0679699417720142,0.445,0.43,0.475,0.5,0.775,1
0.1387126019945603,0.1817874498204099,224.0,0.991150442477876,226.0,1.8225806451612905,124.0,0.5344827586206896,0.1442741208295762,2.393617021276596,94.0,0.6482758620689655,145.0,1.6111111111111112,90.0,0.9473684210526316,231.0,-0.3720562725421067,0.08308522394311905,74.0,157.0,0.2268892964266043,-0.4808823627766649,0.13201656616650728,-0.4420340081405993,-0.4233651079938512,0.295,0.31,0.325,0.34,0.365,1
0.03626473254759746,0.08266546918684828,211.0,2.0288461538461537,104.0,0.5977011494252874,174.0,1.1012658227848102,0.057709648331830475,0.671875,192.0,1.381294964028777,139.0,1.5108695652173914,92.0,0.368,169.0,-0.1119648555669822,0.23049666022101803,79.0,90.0,0.27767752049447497,-0.2468887246455629,0.33924054332984066,-0.5304102652838275,0.2361330708477807,0.375,0.425,0.47,0.505,0.765,1
0.07343608340888486,0.1889013062536349,147.0,0.9932432432432432,148.0,1.0,148.0,0.2896281800391389,0.07303877366997295,0.1655328798185941,882.0,3.6296296296296298,243.0,1.653061224489796,147.0,0.9932432432432432,202.0,-0.1446284079416588,0.0800827763088874,100.0,102.0,0.29750613837077794,-0.206159319962641,0.16446153860952098,-0.531653193427178,-0.0079681973647543,0.47,0.455,0.5,0.525,0.755,1
0.15321849501359927,0.34172368092503314,136.0,0.9379310344827586,145.0,0.3950953678474114,367.0,2.759398496240601,0.2984670874661858,0.9519230769230768,416.0,1.0558375634517767,394.0,2.962406015037594,133.0,0.93006993006993,376.0,-0.1850453981663855,0.03812623948080073,99.0,277.0,0.29250703864447863,-0.2301219200838614,0.12791602428041834,-0.5499836053834244,-0.1089289384411903,0.195,0.21,0.265,0.28,0.395,1
0.06799637352674524,0.17896113388612858,148.0,0.3915343915343915,378.0,1.3309859154929575,284.0,2.103703703703704,0.07484220018034266,1.0136986301369864,146.0,0.9798657718120806,149.0,1.0067567567567568,148.0,0.2661870503597122,196.0,-0.2716889821176519,0.06902072162059433,93.0,103.0,0.26089651102640227,-0.3062410811085544,0.08918424002036929,-0.6440927746728882,-0.0692486820649133,0.315,0.435,0.48,0.505,0.78,1
0.07252946509519492,0.1919543363062273,144.0,1.0588235294117647,136.0,1.088,125.0,0.9541984732824428,0.0757439134355275,1.3796296296296295,108.0,0.6,180.0,1.818181818181818,99.0,1.1123595505617978,195.0,-0.1797341960490456,0.15089811916067916,91.0,104.0,0.2951725396376087,-0.2138703077541733,0.3144394234588567,-0.3694256345041807,-0.0516870806814627,0.275,0.43,0.47,0.505,0.755,1
0.051677243880326386,0.21601156640643415,110.0,1.02803738317757,107.0,0.8045112781954887,133.0,0.51953125,0.018034265103697024,0.3953488372093023,215.0,2.239583333333333,96.0,1.170731707317073,82.0,0.3813953488372093,132.0,-0.0809929750804561,0.3111377503869286,73.0,59.0,0.29722751075548837,-0.1691345553500231,0.5610724341636081,-0.193385726382269,-0.1032185490536918,0.29,0.455,0.555,0.605,0.94,1
0.13417951042611062,0.45477981837793685,95.0,0.4523809523809524,210.0,2.1875,96.0,0.4974093264248704,0.06762849413886383,0.6060606060606061,231.0,1.064516129032258,217.0,1.8547008547008548,117.0,1.2857142857142858,165.0,-0.2037529905237639,0.1220026528013303,67.0,98.0,0.2724708358697332,-0.2682690363195372,0.2585655417214221,-0.1320084861919757,0.0625222194999744,0.35,0.38,0.405,0.465,0.43,1
0.019945602901178604,0.16333326930833794,102.0,1.2,85.0,0.9239130434782608,92.0,1.010989010989011,0.018034265103697024,1.0365853658536586,82.0,0.9318181818181818,88.0,0.967032967032967,91.0,1.0963855421686748,120.0,-0.2290886921944198,0.25523977499818384,61.0,59.0,0.27805931674677475,-0.2170049735817193,0.41173085980461166,-0.2389356414430296,-0.1799463228980429,0.4,0.435,0.515,0.56,0.57,1
0.11423390752493201,0.15494995426745575,226.0,1.1649484536082475,194.0,0.7918367346938775,245.0,1.0208333333333333,0.05229936880072137,1.3085106382978724,94.0,1.0217391304347827,92.0,1.0952380952380951,84.0,1.0769230769230769,148.0,-0.4543420082545025,0.14834208970456098,62.0,86.0,0.22017311333701653,-0.4898310926657558,0.20137844720975875,-0.5336404245834241,-0.2042329428097606,0.36,0.39,0.42,0.515,0.445,1
0.03535811423390753,0.18765139502985329,107.0,0.8045112781954887,133.0,0.51953125,256.0,1.0893617021276596,0.13525698827772767,2.239583333333333,96.0,1.170731707317073,82.0,0.3813953488372093,215.0,2.087378640776699,209.0,-0.2505510766246585,0.2854984280350301,59.0,150.0,0.2683856283476116,-0.2318584298798874,0.5560427608093118,-0.4256607845175627,-0.3517296061293823,0.205,0.23,0.29,0.39,0.345,1
0.07071622846781506,0.17631954448349968,153.0,1.02,150.0,0.9554140127388536,157.0,1.0129032258064516,0.0757439134355275,0.9867549668874172,151.0,1.0,151.0,0.9869281045751634,153.0,0.3923076923076923,208.0,-0.1618215962361219,0.10370039203033048,104.0,104.0,0.27791417469563107,-0.243464962032377,0.21283742523088994,-0.5670432410236985,-0.0344114201351973,0.425,0.455,0.505,0.53,0.75,1
0.13055303717135086,0.4410430552087534,96.0,1.170731707317073,82.0,0.3813953488372093,215.0,2.087378640776699,0.1956717763751127,2.8484848484848486,99.0,1.1785714285714286,84.0,0.3888888888888889,216.0,2.1386138613861387,267.0,-0.2340878296997561,0.17696002707942496,70.0,197.0,0.26491060161522556,-0.2732943050027846,0.3708638579314926,-0.5337784717547331,0.0423770872722503,0.15,0.205,0.265,0.295,0.42,1
0.07343608340888486,0.1817874498204099,152.0,0.3716381418092909,409.0,0.7463503649635036,548.0,2.0296296296296297,0.0757439134355275,0.9867549668874172,151.0,1.0134228187919463,149.0,1.0205479452054795,146.0,0.9733333333333334,207.0,0.0130825158042128,0.09502955412144794,103.0,104.0,0.3286567994818861,-0.0660508188928403,0.2520423832107849,-0.364191474123631,0.2728190868360461,0.295,0.455,0.505,0.53,0.78,1
0.04986400725294651,0.22361692564777289,105.0,0.9905660377358492,106.0,0.9298245614035088,114.0,1.0363636363636364,0.020739404869251576,0.946236559139785,93.0,0.9117647058823528,102.0,1.2,85.0,0.9239130434782608,121.0,-0.2185009910922832,0.26382940435602964,60.0,61.0,0.2853004269460293,-0.19,0.43439623938461686,-0.1881791402433877,-0.1610702886089681,0.405,0.435,0.505,0.55,0.555,1
0.0643699002719855,0.17605738463857934,146.0,0.9605263157894736,152.0,1.0555555555555556,144.0,1.0,0.0739404869251578,0.4060773480662983,362.0,2.661764705882353,136.0,0.9066666666666666,150.0,0.3816793893129771,203.0,-0.1322563501539351,0.1263739186614518,101.0,102.0,0.2869158697875428,-0.1981047131083217,0.24741159578645952,-0.5799602292416313,0.0887004975670752,0.29,0.445,0.5,0.525,0.75,1
0.06980961015412511,0.18759709924087695,144.0,0.993103448275862,145.0,0.9797297297297296,148.0,0.9801324503311258,0.29305680793507666,2.846715328467153,137.0,0.9133333333333332,150.0,0.3926701570680628,382.0,2.7681159420289854,377.0,-0.1653508043970852,0.04180652612882243,104.0,273.0,0.27980912827397864,-0.2062550086736335,0.1610058461318746,-0.5040372663286292,-0.0774655305455177,0.245,0.255,0.28,0.295,0.4,1
0.07071622846781506,0.17901728585833285,151.0,0.2439418416801292,619.0,2.495967741935484,248.0,1.7714285714285714,0.0793507664562669,1.02,150.0,0.9554140127388536,157.0,1.0129032258064516,155.0,1.0333333333333334,211.0,-0.2267430825417938,0.09625546101606351,104.0,107.0,0.26658147495966605,-0.2755314800473866,0.18124864714866473,-0.6609597116591153,0.0233264286463115,0.44,0.46,0.495,0.52,0.775,1
0.05802357207615594,0.16602977057037588,146.0,0.9931972789115646,147.0,1.027972027972028,143.0,0.986206896551724,0.0775473399458972,1.0272108843537415,147.0,1.013793103448276,145.0,1.0,145.0,0.9731543624161074,211.0,-0.154667422148276,0.10606166336253799,106.0,105.0,0.2944826763022854,-0.2262888468055918,0.18847386313135034,-0.5850205360786191,0.0803517587939691,0.37,0.47,0.51,0.535,0.785,1
0.07252946509519492,0.1817874498204099,151.0,0.2439418416801292,619.0,2.476,250.0,1.7857142857142858,0.0757439134355275,0.9867549668874172,151.0,0.993421052631579,152.0,1.0066225165562914,151.0,1.0134228187919463,207.0,-0.1644027878689863,0.07857970737418728,103.0,104.0,0.2857053846845415,-0.2265170846487946,0.1869302937761108,-0.5521406863880204,0.0566778558699636,0.29,0.465,0.5,0.525,0.79,1
0.28014505893019037,0.5362996740310396,141.0,0.9463087248322148,149.0,0.407103825136612,366.0,2.6142857142857143,0.2678088367899008,2.742424242424242,132.0,0.8859060402684564,149.0,0.407103825136612,366.0,2.652173913043478,357.0,-0.2055368669618214,0.06434460912807508,104.0,253.0,0.27773723051457455,-0.2275028053775478,0.1875698542973711,-0.5947868350562431,0.0909913138111436,0.175,0.275,0.295,0.31,0.45,1
0.07162284678150499,0.18605576368034485,147.0,0.9865771812080536,149.0,0.9802631578947368,152.0,1.034013605442177,0.07123534715960325,0.972972972972973,148.0,1.0206896551724138,145.0,0.9731543624161074,149.0,0.5,207.0,-0.0152327706542683,0.10155334917485657,107.0,100.0,0.33027467765406315,-0.0687243892170658,0.24400249162114226,-0.4611234145101701,0.2115944178082602,0.46,0.48,0.52,0.545,0.805,1
0.061650045330915684,0.15663681562041315,158.0,0.9753086419753086,162.0,1.08,150.0,1.4563106796116505,0.059513074842200184,0.9492753623188406,138.0,0.9583333333333334,144.0,1.1338582677165354,127.0,1.2095238095238094,149.0,-0.1788464950538568,0.025224039172076412,58.0,91.0,0.2989582139577621,-0.3126010241091674,0.030448519066040056,-0.5519696754108111,-0.0559180464827055,0.21,0.335,0.39,0.43,0.68,1
0.06255666364460562,0.16915438665107208,149.0,0.3850129198966408,387.0,2.8455882352941178,136.0,0.918918918918919,0.07664562669071236,0.178359096313912,841.0,3.311023622047244,254.0,1.8405797101449275,138.0,0.9261744966442952,208.0,-0.161557872613491,0.12641425202068265,103.0,105.0,0.28205770907232397,-0.2285395573395207,0.26911765607183336,-0.5716256850771331,-0.0037278052522125,0.425,0.445,0.5,0.525,0.74,1
0.07252946509519492,0.05553050178506224,381.0,2.781021897810219,137.0,0.8954248366013072,153.0,1.0132450331125828,0.21009918845807032,2.143884892086331,139.0,0.9084967320261438,153.0,1.02,150.0,1.0067114093959733,312.0,-0.2124636311450184,0.051510194219508365,104.0,208.0,0.27912738183164104,-0.2590506913275083,0.1455143926401738,-0.5946534711573698,-0.0275942590429097,0.205,0.3,0.335,0.35,0.495,1
0.06527651858567543,0.18326031868757056,142.0,0.3585858585858585,396.0,0.9519230769230768,416.0,1.0558375634517767,0.06853020739404869,1.0,141.0,0.9724137931034482,145.0,0.9931506849315068,146.0,1.0138888888888888,199.0,-0.2013934856317041,0.0795363401155555,101.0,98.0,0.2709180693800118,-0.2338387330172481,0.13659154214872876,-0.6028145490531104,0.0107393113678009,0.295,0.465,0.51,0.535,0.815,1
0.06799637352674524,0.00698823418637888,889.0,3.986547085201794,223.0,1.5928571428571427,140.0,0.9333333333333332,0.0721370604147881,0.3661616161616162,396.0,1.346938775510204,294.0,2.115107913669065,139.0,0.388268156424581,201.0,-0.1303043414454447,0.08785873589807112,100.0,101.0,0.3000275585820502,-0.212713567839196,0.18990230029455074,-0.5426006365556582,0.1215766174236223,0.47,0.455,0.5,0.525,0.795,1
0.35539437896645515,0.6846638687743695,136.0,0.951048951048951,143.0,1.0514705882352942,136.0,0.9645390070921984,0.07123534715960325,1.006993006993007,143.0,0.959731543624161,149.0,1.0,149.0,1.0136054421768708,198.0,-0.2159964195059031,0.11261299024259844,98.0,100.0,0.26595740587716776,-0.2892485595368755,0.2194492459277411,-0.6595873579774059,0.0150831031105211,0.43,0.45,0.5,0.525,0.785,1
0.4669084315503173,0.23621074632697897,465.0,0.9046692607003892,514.0,1.021868787276342,503.0,1.006,0.06853020739404869,0.9791666666666666,144.0,0.9863013698630136,146.0,1.028169014084507,142.0,0.993006993006993,197.0,-0.1979356814137652,0.07973097881585804,99.0,98.0,0.27762688411470965,-0.2766508005461934,0.16338670558411425,-0.567231364597582,0.0028332650932518,0.365,0.45,0.51,0.535,0.8,1
0.061650045330915684,0.17593717348091856,143.0,0.9930555555555556,144.0,1.0212765957446808,141.0,0.9724137931034482,0.07303877366997295,1.0,146.0,0.9931972789115646,147.0,0.9932432432432432,148.0,1.0068027210884354,198.0,0.1267950934646448,0.11267786850936015,96.0,102.0,0.3669216234145657,0.065862984347459,0.3567042962964842,-0.3502791676310312,0.3231062973459603,0.335,0.445,0.49,0.515,0.75,1
0.07252946509519492,0.18459479719137384,149.0,1.0205479452054795,146.0,0.9733333333333334,150.0,1.0273972602739727,0.0793507664562669,0.425,360.0,2.6666666666666665,135.0,0.9246575342465754,146.0,0.4101123595505618,209.0,-0.1821278141767638,0.09693928578034319,102.0,107.0,0.29295231182375053,-0.2731583469321872,0.13369077677706254,-0.6140301804360745,0.011909920611118,0.305,0.46,0.495,0.52,0.775,1
0.06980961015412511,0.1817874498204099,148.0,1.034965034965035,143.0,0.2440273037542662,586.0,1.260215053763441,0.0739404869251578,1.013793103448276,145.0,1.0211267605633805,142.0,1.0070921985815602,141.0,0.9791666666666666,197.0,-0.1698210054135636,0.09780777249464029,95.0,102.0,0.27959215211622906,-0.2089219741003521,0.18023539042576409,-0.5126688500366263,0.0528199803654721,0.45,0.465,0.485,0.51,0.78,1
0.07796917497733455,0.19450587152467566,148.0,0.4180790960451977,354.0,2.4755244755244754,143.0,0.9727891156462584,0.07484220018034266,0.9801324503311258,151.0,1.0,151.0,0.360381861575179,419.0,0.5054282267792521,210.0,-0.0321048131697965,0.1045226416996206,107.0,103.0,0.31654712964407966,-0.0827638190954773,0.2724142006257363,-0.4976970326734984,0.1768140376361492,0.36,0.47,0.515,0.54,0.76,1
0.26745240253853125,0.5194110761412685,140.0,0.9523809523809524,147.0,0.9932432432432432,148.0,0.3449883449883449,0.27141568981064024,2.652173913043478,138.0,0.9261744966442952,149.0,0.3962765957446808,376.0,2.7050359712230216,360.0,-0.1977142726507612,0.06493771688258329,104.0,256.0,0.2869718474425374,-0.1762954825245419,0.1675345546265295,-0.5433618098245608,0.06916200302764,0.18,0.27,0.29,0.305,0.435,1
0.06890299184043518,0.05187889731532634,388.0,2.771428571428572,140.0,0.4011461318051575,349.0,2.585185185185185,0.0793507664562669,0.3974025974025974,385.0,2.851851851851852,135.0,0.9246575342465754,146.0,0.9798657718120806,205.0,-0.0644191592027549,0.06653886393629599,98.0,107.0,0.32077699259513404,-0.0904952914783075,0.1634879172817301,-0.3627232409460655,0.1603505900807868,0.4,0.455,0.485,0.51,0.785,1
0.07162284678150499,0.18040236783937139,151.0,1.0134228187919463,149.0,0.9933333333333332,150.0,0.9933774834437086,0.0757439134355275,0.9867549668874172,151.0,1.0202702702702702,148.0,0.9932885906040269,149.0,1.0067567567567568,209.0,-0.1910219549807585,0.1192047405679764,105.0,104.0,0.26680376744332085,-0.2684614362717387,0.2340083923174069,-0.5917257335900595,0.0656156335872605,0.435,0.465,0.505,0.53,0.785,1
0.06980961015412511,0.18038377613492793,149.0,1.0136054421768708,147.0,1.0,147.0,1.0352112676056338,0.09197475202885483,1.1843971631205674,141.0,0.9791666666666666,144.0,0.3720930232558139,387.0,2.8248175182481754,197.0,-0.1469149129155307,0.07995382598960528,81.0,116.0,0.3089185676386122,-0.224274288760076,0.19094989504103427,-0.4960281079929503,0.0464385408911526,0.355,0.385,0.415,0.44,0.69,1
0.05983680870353581,0.1599158284727691,153.0,1.06993006993007,143.0,0.959731543624161,149.0,1.0205479452054795,0.0811541929666366,1.148148148148148,135.0,0.9246575342465754,146.0,0.9931972789115646,147.0,1.027972027972028,208.0,-0.2360349776904279,0.2132557534269139,100.0,108.0,0.35351727427110413,-0.1028928924246735,0.20163058594281727,-0.3586583724049226,0.0606845879418535,0.38,0.435,0.485,0.51,0.725,1
0.0643699002719855,0.16802775382456683,152.0,1.0482758620689656,145.0,0.9931506849315068,146.0,0.9668874172185432,0.4247069431920649,2.310344827586207,232.0,1.6571428571428573,140.0,0.9395973154362416,149.0,0.3850129198966408,478.0,-0.1900592467409702,0.027074434279643622,103.0,375.0,0.3175016706924556,-0.2078193261168812,0.12111874264069297,-0.5332469514893206,-0.0850884461273382,0.13,0.195,0.22,0.23,0.32,1
0.07071622846781506,0.0,1139.0,4.846808510638298,235.0,1.715328467153285,137.0,0.9513888888888888,0.0703336339044184,0.2440273037542662,586.0,1.260215053763441,465.0,0.9046692607003892,514.0,1.021868787276342,203.0,-0.1781846171587714,0.10623386902458465,103.0,100.0,0.27578410633500033,-0.2391262902375659,0.2334094084609852,-0.5469433330613309,0.0396096779163819,0.305,0.47,0.515,0.54,0.805,1
0.13961922030825022,0.3186559552849432,136.0,0.9577464788732394,142.0,0.3837837837837838,370.0,2.740740740740741,0.0721370604147881,0.9931506849315068,146.0,0.9864864864864864,148.0,1.0,148.0,1.0277777777777777,200.0,-0.2074036880626739,0.0668190739121791,99.0,101.0,0.2818187790731725,-0.2480799532553975,0.08968981153660756,-0.5948999061230499,0.0331411394280599,0.33,0.47,0.505,0.525,0.785,1
0.07252946509519492,0.18459479719137384,149.0,0.9867549668874172,151.0,0.961783439490446,157.0,1.0466666666666666,0.08205590622182146,1.0129870129870129,154.0,1.013157894736842,152.0,1.0066225165562914,151.0,1.0134228187919463,207.0,-0.1764390225790263,0.11050437278477485,98.0,109.0,0.27544820751299814,-0.2391574220369416,0.20836591873790145,-0.5554016593036275,0.0891898687345533,0.33,0.435,0.475,0.505,0.77,1
0.05802357207615594,0.1802496014444039,136.0,1.1239669421487604,121.0,1.0341880341880345,117.0,1.2061855670103092,0.046889089269612265,0.951219512195122,123.0,1.0423728813559323,118.0,0.9291338582677166,127.0,0.9921875,157.0,0.0550428646722432,0.21397124412936266,76.0,81.0,0.34526074112257654,-0.0097506674301184,0.5478094268330965,0.074797290993347,0.0782525465906898,0.43,0.445,0.485,0.525,0.81,1
0.17316409791477788,0.36971697889986677,138.0,0.9517241379310344,145.0,0.9797297297297296,148.0,1.034965034965035,0.0757439134355275,0.2876447876447876,518.0,2.1316872427983538,243.0,1.8,135.0,0.906040268456376,205.0,-0.138218199233704,0.09841604157675807,101.0,104.0,0.2862167082078377,-0.2091741654511056,0.19825125609516367,-0.5086414336826421,0.1146681724375224,0.295,0.445,0.495,0.525,0.78,1
0.06708975521305531,0.07239786665345731,304.0,2.1870503597122304,139.0,0.9205298013245032,151.0,0.4015957446808511,0.07303877366997295,0.9798657718120806,149.0,1.0347222222222223,144.0,0.4864864864864865,296.0,2.208955223880597,200.0,-0.1647062383173357,0.10198735654313368,98.0,102.0,0.2814007224966699,-0.210112140034464,0.19590291164548043,-0.5496321075793146,0.1152961277834234,0.28,0.46,0.495,0.52,0.775,1
0.05439709882139619,0.15902310923408988,147.0,0.392,375.0,2.840909090909091,132.0,0.9166666666666666,0.06943192064923355,0.3678756476683937,386.0,2.880597014925373,134.0,0.9305555555555556,144.0,1.0212765957446808,197.0,-0.0786142788728093,0.06396593251852531,98.0,99.0,0.31030906580094925,-0.1146888210252624,0.15571620359939622,-0.4727746413638555,0.1103878872472978,0.305,0.46,0.5,0.525,0.81,1
0.06980961015412511,0.1861146369749647,145.0,0.935483870967742,155.0,1.0763888888888888,144.0,0.9290322580645162,0.07303877366997295,1.042857142857143,140.0,0.9859154929577464,142.0,0.9726027397260274,146.0,0.9605263157894736,203.0,-0.2972921549846051,0.09700665130315436,101.0,102.0,0.25789181198533173,-0.3755758532967993,0.11761245424170198,-0.6683677469038203,0.0521663329509288,0.32,0.465,0.5,0.525,0.8,1
0.019038984587488667,0.1864351693567835,90.0,0.8181818181818182,110.0,0.4489795918367347,245.0,1.206896551724138,0.11361587015329125,1.819047619047619,105.0,0.75,140.0,0.7368421052631579,190.0,0.964467005076142,198.0,-0.1569375131147217,0.08196465369012053,65.0,133.0,0.27225357973059267,-0.3285626867545941,0.28617911394428897,-0.1963318181134923,-0.1740513351388825,0.28,0.305,0.325,0.375,0.43,1
0.08522212148685404,0.209005259434105,146.0,0.8390804597701149,174.0,1.12987012987013,154.0,1.0694444444444444,0.1055004508566276,2.022222222222222,90.0,0.743801652892562,121.0,1.0521739130434782,115.0,0.6647398843930635,186.0,-0.2360389609897696,0.09796855160514718,59.0,127.0,0.29830761391825034,-0.1899763733051094,0.21642005765929775,-0.1463333836340476,-0.1463333836340476,0.285,0.3,0.32,0.36,0.36,1
0.07343608340888486,0.17907125009136035,154.0,0.2383900928792569,646.0,1.2029795158286778,537.0,1.7959866220735785,0.07123534715960325,0.96,150.0,0.9803921568627452,153.0,1.0337837837837838,148.0,1.0136986301369864,204.0,-0.1779713427551264,0.0742470229347978,104.0,100.0,0.2835088247143508,-0.2171920971025508,0.1552464903165258,-0.5178369131716315,0.0276468859942816,0.475,0.465,0.515,0.54,0.795,1
0.07071622846781506,0.18320060778755054,148.0,0.9932885906040269,149.0,0.9867549668874172,151.0,1.0134228187919463,0.5166816952209198,2.5217391304347827,253.0,1.8071428571428567,140.0,0.9523809523809524,147.0,1.0,552.0,-0.0312897202535673,0.04935504036287638,106.0,446.0,0.33450164889683504,-0.0102347982091797,0.24644442077633258,-0.2331926039970484,0.2496011776978749,0.14,0.165,0.195,0.205,0.285,1
0.06890299184043518,0.18321996611586752,146.0,0.3872679045092838,377.0,2.712230215827338,139.0,0.9328859060402684,0.0739404869251578,0.3983739837398374,369.0,2.5985915492957745,142.0,0.9342105263157896,152.0,1.0482758620689656,203.0,-0.167718612167848,0.0701978062906074,101.0,102.0,0.2796653936856242,-0.215280081338231,0.12903930022063168,-0.5707869027004007,0.0433256308574001,0.28,0.46,0.5,0.525,0.8,1
0.043517679057116954,0.20524323065818353,107.0,0.9553571428571428,112.0,0.991150442477876,113.0,0.9741379310344828,0.009017132551848512,0.4166666666666667,180.0,1.512605042016807,119.0,1.0530973451327434,113.0,1.0,105.0,0.2143490371942476,0.5774876608214738,53.0,52.0,0.5645730767568464,-0.1315510835052344,0.7057698993978868,-1.0842603339883607,0.5365972463897637,0.275,0.465,0.505,0.565,0.86,1
0.07343608340888486,0.1831725318014484,151.0,0.993421052631579,152.0,1.027027027027027,148.0,0.3814432989690721,0.07484220018034266,0.9932885906040269,149.0,0.9738562091503268,153.0,1.006578947368421,152.0,0.9681528662420382,210.0,-0.0437822819850369,0.10940122451149006,107.0,103.0,0.3157948673719412,-0.1087314737186278,0.277699084127212,-0.4461374630006822,0.2339612884242397,0.455,0.48,0.515,0.54,0.77,1
0.05802357207615594,0.18334825115725178,134.0,1.0387596899224807,129.0,0.9847328244274808,131.0,1.0,0.03787195671776375,1.1145833333333333,96.0,1.0434782608695652,92.0,0.8363636363636363,110.0,1.0091743119266054,141.0,-0.4404505131719826,0.2181902426067182,67.0,74.0,0.2073767267211239,-0.4611049055352172,0.34716981014883264,-0.4634934557560128,-0.4164016937595043,0.39,0.415,0.48,0.52,0.525,1
0.12058023572076156,0.39507636121735984,101.0,0.5024875621890548,201.0,2.161290322580645,93.0,0.4407582938388625,0.11902614968440037,2.095744680851064,94.0,0.4541062801932367,207.0,2.25,92.0,0.4717948717948718,207.0,-0.011235920388039,0.039792828022349166,70.0,137.0,0.3438282258593149,-0.0626170759809975,0.24766495518225592,0.0328882247388026,0.2051216085107219,0.3,0.315,0.335,0.405,0.355,1
0.03535811423390753,0.1817874498204099,110.0,1.0,110.0,1.0185185185185186,108.0,1.0384615384615383,0.05229936880072137,1.108108108108108,111.0,1.018348623853211,109.0,1.0380952380952382,105.0,0.9545454545454546,149.0,-0.3531625954826266,0.491493208841353,63.0,86.0,0.24950752681064367,-0.6256123701381208,0.6473319634227238,-1.038651949804595,0.1625879299575262,0.245,0.38,0.425,0.47,0.735,1
0.05802357207615594,0.16871573862435896,144.0,0.3977900552486187,362.0,2.6423357664233578,137.0,0.958041958041958,0.23985572587917042,2.416058394160584,137.0,0.9647887323943662,142.0,0.3977591036414565,357.0,2.6444444444444444,322.0,-0.2806175258828126,0.032379330401451835,91.0,231.0,0.267916906552092,-0.2741762423750472,0.09754313289842388,-0.5309322977974426,-0.1882203894098584,0.2,0.255,0.285,0.3,0.43,1
0.07162284678150499,0.18040236783937139,151.0,1.0272108843537415,147.0,0.9932432432432432,148.0,0.9736842105263158,0.0775473399458972,1.0134228187919463,149.0,1.0205479452054795,146.0,0.9798657718120806,149.0,1.0347222222222223,200.0,0.0044798831245986,0.10990668795619435,95.0,105.0,0.3363039514792305,-0.0281571040478673,0.28596798706653415,-0.3946282168084702,0.2596081260340099,0.375,0.455,0.475,0.5,0.775,1
0.06074342701722575,0.16765587014900346,148.0,0.3844155844155844,385.0,2.9166666666666665,132.0,0.9041095890410958,0.07484220018034266,1.0136986301369864,146.0,1.0,146.0,0.9864864864864864,148.0,0.3915343915343915,205.0,-0.1725409170956244,0.06020939950416018,102.0,103.0,0.2816008125834344,-0.2320491007309629,0.10532290272267358,-0.5247821019661035,0.0443992889532321,0.355,0.445,0.5,0.525,0.785,1
0.06618313689936536,0.17613481795184732,148.0,1.0068027210884354,147.0,1.0068493150684932,146.0,0.3967391304347826,0.0757439134355275,1.0067567567567568,148.0,1.0277777777777777,144.0,0.9863013698630136,146.0,0.3403263403263403,199.0,-0.2231057964484445,0.07357364346824555,95.0,104.0,0.2658792192469132,-0.2802285097572204,0.10918125663600682,-0.6079251342122821,0.016107279838375,0.425,0.445,0.485,0.51,0.785,1
0.06980961015412511,0.17763220387729436,151.0,1.0413793103448277,145.0,0.9931506849315068,146.0,0.2487223168654173,0.07123534715960325,0.993103448275862,145.0,1.0,145.0,1.0069444444444444,144.0,1.006993006993007,205.0,-0.0700875198551198,0.0929383856388098,105.0,100.0,0.31021172166026056,-0.132004921257806,0.20491937618635128,-0.4064089835873405,0.0813406537024392,0.315,0.46,0.515,0.54,0.79,1
0.016319129646418858,0.17946359005222304,90.0,0.9183673469387756,98.0,0.4622641509433962,212.0,1.145945945945946,0.15058611361587015,2.4166666666666665,96.0,0.9320388349514565,103.0,0.4577777777777778,225.0,2.5,248.0,-0.1240007963172342,0.033239278475803796,86.0,162.0,0.336830720779378,-0.205537264679702,0.24137153660550043,-0.2262876549220187,-0.0717772700323682,0.215,0.335,0.35,0.365,0.475,1
0.09156844968268359,0.1855001251897025,169.0,1.1342281879194631,149.0,0.8662790697674418,172.0,1.1096774193548389,0.1055004508566276,1.956989247311828,93.0,0.458128078817734,203.0,1.5984251968503935,127.0,0.6649214659685864,194.0,-0.1722325969632037,0.0480835230614632,67.0,127.0,0.28417872882349654,-0.3012400565622898,0.1818184790660887,-0.1102234519426617,-0.1102234519426617,0.305,0.33,0.35,0.37,0.37,1
0.06890299184043518,0.1861446868857602,144.0,0.375,384.0,2.762589928057554,139.0,0.9266666666666666,0.0721370604147881,0.9931506849315068,146.0,1.006896551724138,145.0,0.9797297297297296,148.0,0.9801324503311258,208.0,-0.1687573819323906,0.09457532360098977,107.0,101.0,0.2955875704521333,-0.2510643893803889,0.16897048798710643,-0.529745089167852,0.1350536657607633,0.475,0.445,0.515,0.54,0.795,1
0.128739800543971,0.1715168195949413,224.0,1.0,224.0,0.991150442477876,226.0,1.8225806451612905,0.0369702434625789,0.4711111111111111,225.0,2.393617021276596,94.0,0.6482758620689655,145.0,1.6111111111111112,136.0,-0.2508544280620107,0.2199913491568848,62.0,74.0,0.26714532636113636,-0.2989881741823364,0.3221003160433585,-0.2980182596449667,0.0632399091538757,0.24,0.425,0.455,0.525,0.485,1
0.2964641885766092,0.58470372433398,136.0,0.9251700680272108,147.0,0.98,150.0,1.0,0.2768259693417493,2.601398601398601,143.0,0.9662162162162162,148.0,1.0277777777777777,144.0,0.9863013698630136,360.0,-0.0571073777322677,0.03691240235512753,100.0,260.0,0.3229114904126904,-0.1005089838674695,0.18966953478372645,-0.3954690491122168,0.0431935069896279,0.215,0.25,0.28,0.295,0.415,1
0.07524932003626474,0.26021771699671553,112.0,0.7777777777777778,144.0,1.2857142857142858,112.0,0.4933920704845815,0.0793507664562669,1.3421052631578947,114.0,0.4956521739130435,230.0,2.072072072072072,111.0,0.5068493150684932,188.0,-0.0623907794178726,0.11962277002103323,81.0,107.0,0.32426128478154204,-0.1663631562136719,0.31201603119700577,-0.4500844235730982,0.0742383053087718,0.23,0.395,0.435,0.47,0.74,1
0.24932003626473254,0.4932515324198394,139.0,0.3904494382022472,356.0,2.579710144927536,138.0,0.9261744966442952,0.07844905320108206,1.0704225352112675,142.0,0.9861111111111112,144.0,0.3645569620253164,395.0,2.9477611940298507,202.0,-0.1619319021557355,0.089670091855494,96.0,106.0,0.2911974816914154,-0.2176155399618744,0.21747356092435857,-0.5549848672624087,0.0627240625312188,0.3,0.455,0.48,0.5,0.755,1
0.015412511332728921,0.17054296707111877,93.0,0.9117647058823528,102.0,1.2,85.0,0.9239130434782608,0.020739404869251576,1.035294117647059,85.0,1.0365853658536586,82.0,0.9318181818181818,88.0,0.967032967032967,123.0,-0.2565473795808703,0.23057911377758356,62.0,61.0,0.27793534203525255,-0.2403169412724144,0.399246481442272,-0.2403055417790698,-0.2403055417790698,0.265,0.45,0.51,0.555,0.555,1
0.19673617407071622,0.4221508556940631,134.0,0.9054054054054054,148.0,1.0206896551724138,145.0,1.0211267605633805,0.0757439134355275,1.0,149.0,0.9933333333333332,150.0,0.4310344827586206,348.0,2.5035971223021583,205.0,-0.0867876411513952,0.11130187415508465,101.0,104.0,0.3095161456624371,-0.1542980049326441,0.23662063513184253,-0.5490812270460902,0.1875627730189523,0.395,0.445,0.495,0.52,0.77,1
0.0770625566636446,0.18871285972560242,151.0,0.3094262295081967,488.0,1.6105610561056103,303.0,2.1041666666666665,0.0775473399458972,1.0272108843537415,147.0,0.9932432432432432,148.0,0.9736842105263158,152.0,0.987012987012987,210.0,-0.0921351274331693,0.10833696590637693,105.0,105.0,0.3022340789390179,-0.1663015367052608,0.25821977078401853,-0.4684656328402083,0.1452092709726048,0.3,0.445,0.505,0.535,0.765,1
0.05893019038984588,0.17154946622630007,143.0,1.0514705882352942,136.0,0.9645390070921984,141.0,0.9791666666666666,0.0703336339044184,0.959731543624161,149.0,1.0,149.0,1.0136054421768708,147.0,0.4106145251396648,200.0,-0.2197315724942863,0.11268600101790135,100.0,100.0,0.2657010906390465,-0.2699571876791983,0.20457384905079057,-0.6911283372695345,0.005,0.445,0.47,0.505,0.53,0.81,1
0.07343608340888486,0.18457608154223412,150.0,0.986842105263158,152.0,0.4935064935064935,308.0,2.264705882352941,0.0793507664562669,1.0132450331125828,151.0,0.4778481012658228,316.0,2.289855072463768,138.0,0.9078947368421052,206.0,-0.2120978478676699,0.08630896940119859,99.0,107.0,0.2621956080985685,-0.2818569203703763,0.1675805050842085,-0.5131502287003941,-0.0050440021163156,0.41,0.435,0.485,0.51,0.73,1
0.06890299184043518,0.18321996611586752,146.0,0.9931972789115646,147.0,1.013793103448276,145.0,0.9666666666666668,0.2750225428313796,2.7007299270072997,137.0,0.9072847682119204,151.0,0.3891752577319587,388.0,2.8529411764705883,357.0,-0.2206554989522965,0.049310581367425985,98.0,259.0,0.2843952226972095,-0.2265911650739615,0.16741152169521625,-0.5762161688780914,-0.1107031269728248,0.19,0.255,0.275,0.29,0.405,1
0.024478694469628286,0.20037832796590455,90.0,1.0843373493975903,83.0,0.9651162790697676,86.0,0.9772727272727272,0.02254283137962128,1.0588235294117647,85.0,1.011904761904762,84.0,0.9333333333333332,90.0,1.0227272727272727,125.0,-0.1929618192659688,0.2533424044119628,63.0,62.0,0.2941075050601399,-0.1590061807302475,0.46174563420282055,-0.2985427785542783,-0.09567207692882,0.28,0.46,0.51,0.64,0.555,1
0.07252946509519492,0.1777131502268356,154.0,1.0476190476190477,147.0,1.0,147.0,0.9865771812080536,0.0757439134355275,1.0067567567567568,148.0,1.0277777777777777,,0.993103448275862,145.0,0.9797297297297296,209.0,-0.2677525422360369,0.101879830578555,105.0,104.0,0.27477825698824254,-0.301605391757989,0.15809946282051424,-0.6743723396684763,-0.0382714530669133,0.48,0.465,0.51,0.535,0.785,1
0.06980961015412511,0.17763220387729436,151.0,0.3784461152882205,399.0,1.4,285.0,2.0357142857142856,0.28584310189359785,2.7681159420289854,138.0,0.92,150.0,0.986842105263158,152.0,1.034013605442177,372.0,-0.2159629973503719,0.030086390597559687,105.0,267.0,0.28360132719625347,-0.236609608434942,0.08152711415517888,-0.4932973901915735,-0.1085200074687336,0.18,0.25,0.285,0.3,0.415,1
0.4986400725294651,0.37978904386215956,319.0,2.2949640287769784,139.0,0.9391891891891893,148.0,0.9801324503311258,0.07484220018034266,0.9673202614379084,153.0,0.4297752808988764,356.0,2.5428571428571427,140.0,0.9333333333333332,206.0,-0.1575207450971991,0.10999814245086798,103.0,103.0,0.27669532882847814,-0.2196508366997011,0.20320835894100295,-0.6342541706400364,0.0790569055392656,0.28,0.46,0.505,0.525,0.765,1
0.06255666364460562,0.16033643657560837,156.0,1.0129870129870129,154.0,1.013157894736842,152.0,1.0066225165562914,0.07664562669071236,0.2793296089385474,537.0,2.452054794520548,219.0,1.5755395683453235,139.0,0.9328859060402684,213.0,-0.1810728807700015,0.10572403892565574,108.0,105.0,0.2729403017431497,-0.2192044138797613,0.22137179713435973,-0.6050226296317527,0.0950484142399948,0.45,0.475,0.51,0.535,0.775,1
0.06890299184043518,0.05440779603761563,376.0,2.685714285714285,140.0,0.3783783783783784,370.0,2.7007299270073,0.0739404869251578,1.0,147.0,1.0352112676056338,142.0,0.3497536945812808,406.0,0.7463235294117647,206.0,-0.228026048325715,0.049972450914920495,104.0,102.0,0.2979282775589342,-0.1765468796335115,0.10388820740906554,-0.4724482576371519,-0.0622018329000586,0.46,0.48,0.51,0.535,0.8,1
0.06527651858567543,0.05525906299454665,362.0,2.6423357664233578,137.0,0.9256756756756755,148.0,0.3967828418230563,0.0739404869251578,1.013793103448276,145.0,0.3961748633879781,366.0,2.652173913043478,138.0,0.913907284768212,205.0,-0.2676066389224832,0.08408345835037995,103.0,102.0,0.2637632588547163,-0.2893430491987238,0.13447968506704885,-0.6749952608568783,-0.0939472209362052,0.3,0.48,0.51,0.535,0.79,1
0.05983680870353581,0.16239630208587072,151.0,1.0134228187919463,149.0,1.0205479452054795,146.0,0.9798657718120806,0.0739404869251578,0.9735099337748344,151.0,1.0272108843537415,147.0,0.3,490.0,1.828358208955224,204.0,-0.1750514140785426,0.0735332771074467,102.0,102.0,0.2841932300529568,-0.2180432669896816,0.11712242590524706,-0.5114989188373547,0.0783310431745503,0.465,0.445,0.505,0.53,0.78,1
0.021758839528558477,0.050253355910147325,256.0,1.3763440860215057,186.0,0.8532110091743119,218.0,0.9478260869565216,0.12894499549143373,0.9952153110047848,209.0,2.13265306122449,98.0,0.4317180616740088,227.0,2.292929292929293,206.0,-0.2068187314309333,0.00239538565700817,61.0,145.0,0.29163625591026104,-0.2287283078887094,0.08612481483939434,-0.100509498610604,-0.100509498610604,0.26,0.28,0.3,0.32,0.32,1
0.07162284678150499,0.0593033493314464,362.0,2.701492537313433,134.0,0.9178082191780822,146.0,0.9798657718120806,0.0775473399458972,1.0272108843537415,147.0,0.3838120104438642,383.0,2.795620437956204,137.0,0.9319727891156464,208.0,-0.1716998140523596,0.07855821440630151,103.0,105.0,0.2855292015061068,-0.231421779525158,0.15524847051242227,-0.5433080335032658,0.0694111734793796,0.415,0.47,0.5,0.525,0.79,1
0.0471441523118767,0.10191206884353582,199.0,1.5793650793650793,126.0,0.6666666666666666,189.0,1.96875,0.09648331830477908,1.5221238938053097,113.0,0.653179190751445,173.0,1.4661016949152543,118.0,0.6555555555555556,176.0,-0.1801933017377009,0.12983853765485195,56.0,120.0,0.25391661648230274,-0.3523672785560849,0.3377693720421061,-0.3026864548351642,-0.2538336581568219,0.25,0.295,0.32,0.39,0.365,1
0.07162284678150499,0.18751751500224045,146.0,0.9605263157894736,152.0,1.0,152.0,1.0482758620689656,0.0739404869251578,0.9865771812080536,149.0,1.0275862068965518,145.0,0.9931506849315068,146.0,0.9605263157894736,201.0,-0.0982457396793936,0.0670781221139181,99.0,102.0,0.3048950438757595,-0.1718413041305576,0.17158783888410767,-0.4602588283902852,0.0738760048570369,0.455,0.44,0.495,0.52,0.815,1
0.06890299184043518,0.1776045022376736,150.0,0.313152400835073,479.0,0.5994993742177722,799.0,3.504385964912281,0.07303877366997295,1.0,146.0,0.9798657718120806,149.0,1.0347222222222223,144.0,0.979591836734694,204.0,-0.1559166989930187,0.08341282858813648,102.0,102.0,0.28476401058052414,-0.2022910139870663,0.18210519766549926,-0.5443299569250397,0.0628817230283378,0.3,0.47,0.505,0.53,0.785,1
0.06890299184043518,0.1876377261599012,143.0,0.446875,320.0,2.302158273381295,139.0,0.9144736842105264,0.0757439134355275,1.0205479452054795,146.0,1.006896551724138,145.0,1.0431654676258992,139.0,0.952054794520548,199.0,-0.0063505654638854,0.07789449975236327,95.0,104.0,0.3303401566299553,-0.0476933789578107,0.1895430501094678,-0.3528920258918109,0.2397786871835455,0.42,0.44,0.485,0.51,0.775,1
0.1885766092475068,0.4016997675892668,136.0,0.4059701492537313,335.0,2.5572519083969465,131.0,0.8972602739726028,0.07664562669071236,0.4043126684636118,371.0,2.748148148148148,135.0,0.3846153846153846,351.0,2.525179856115108,205.0,-0.200218840334089,0.07121730965684184,100.0,105.0,0.284359809669397,-0.2308760455189148,0.08102846155320073,-0.5609170573521103,-0.0223637192583914,0.31,0.445,0.495,0.52,0.76,1
0.08250226654578423,0.17674775393759506,166.0,0.976470588235294,170.0,1.0179640718562877,167.0,1.091503267973856,0.06672678088367899,1.5795454545454546,88.0,0.8073394495412844,109.0,1.068627450980392,102.0,1.00990099009901,163.0,-0.0723869308843756,0.10182505293673956,66.0,97.0,0.32226159432881896,-0.2481833201134164,0.3348642138633237,-0.0269253710441847,0.2262234545318416,0.34,0.38,0.405,0.48,0.435,1
0.2701722574796011,0.5318819757668176,138.0,0.9261744966442952,149.0,0.3810741687979539,391.0,2.8129496402877696,0.07484220018034266,1.0068027210884354,147.0,1.0068493150684932,146.0,0.3967391304347826,368.0,2.6099290780141846,203.0,-0.1411121758351391,0.10159458523003728,100.0,103.0,0.2890025320570579,-0.2082518170577586,0.21765811145239874,-0.5321649842376321,0.1568886748989459,0.335,0.45,0.495,0.52,0.775,1
0.07071622846781506,0.17901728585833285,151.0,1.0066666666666666,150.0,0.986842105263158,152.0,0.9934640522875816,0.07303877366997295,0.9668874172185432,151.0,0.967948717948718,156.0,1.033112582781457,151.0,1.0134228187919463,204.0,-0.1785850422160233,0.09262110514829738,102.0,102.0,0.2825857582989404,-0.2281688557489617,0.20186062598666765,-0.5674649572896984,0.0414602294018537,0.3,0.43,0.505,0.53,0.79,1
0.06527651858567543,0.023677741701623116,586.0,1.260215053763441,465.0,0.9046692607003892,514.0,1.021868787276342,0.06943192064923355,1.0070921985815602,141.0,0.9791666666666666,144.0,0.9863013698630136,146.0,1.028169014084507,200.0,-0.1766641894735788,0.13130088933500253,101.0,99.0,0.27912036710431964,-0.2128013547080557,0.23125667176125206,-0.5751916723668765,0.0258015402466568,0.455,0.47,0.505,0.53,0.805,1
0.06890299184043518,0.18321996611586752,146.0,1.0,146.0,1.020979020979021,143.0,0.9727891156462584,0.4310189359783589,1.347394540942928,403.0,2.8992805755395685,139.0,0.952054794520548,146.0,0.9798657718120806,484.0,-0.0743669805546573,0.04419481582515511,104.0,380.0,0.3047272652703566,-0.1023493879278436,0.24180010236981117,-0.5008577319914616,0.0630412027986423,0.18,0.2,0.215,0.225,0.31,1
0.06799637352674524,0.17757642876396396,149.0,0.3104166666666667,480.0,1.7391304347826086,276.0,2.0,0.0739404869251578,0.4038461538461538,364.0,2.5815602836879434,141.0,0.986013986013986,143.0,0.3844086021505376,200.0,-0.008132599048492,0.0769530270813974,98.0,102.0,0.33242913427009757,-0.055,0.2155130715421406,-0.4085175056976198,0.221161124972616,0.34,0.44,0.495,0.52,0.785,1
0.0643699002719855,0.1847752695223644,140.0,0.358974358974359,390.0,1.387900355871886,281.0,2.051094890510949,0.07123534715960325,0.9664429530201344,149.0,1.0347222222222223,144.0,0.9664429530201344,149.0,0.9933333333333332,200.0,-0.2019858848803231,0.0787739220619768,100.0,100.0,0.275846683541869,-0.2488087596334839,0.15899775160806762,-0.6455736047923177,-0.0377642746964675,0.425,0.455,0.505,0.525,0.765,1
0.2257479601087942,0.454130439919428,139.0,0.9144736842105264,152.0,1.0482758620689656,145.0,0.9931506849315068,0.0721370604147881,1.0431654676258992,139.0,0.952054794520548,146.0,0.9798657718120806,149.0,1.0205479452054795,203.0,-0.0806675955895323,0.07237228604868412,102.0,101.0,0.312155206656289,-0.1220914413083927,0.14664987892242298,-0.4995507455364477,0.1253582598783443,0.37,0.465,0.51,0.53,0.785,1
0.06799637352674524,0.051953102771841606,385.0,0.7475728155339806,515.0,1.7697594501718212,291.0,2.171641791044776,0.07484220018034266,1.0,148.0,1.0206896551724138,145.0,0.9931506849315068,146.0,1.0138888888888888,202.0,-0.1164495408527059,0.09738574302640869,99.0,103.0,0.29435696001184236,-0.1590946277618186,0.21251163821871638,-0.5422541697075748,0.0973840292066725,0.45,0.46,0.495,0.52,0.77,1
0.0743427017225748,0.18455761378248692,151.0,1.0272108843537415,147.0,0.4164305949008499,353.0,2.451388888888889,0.07664562669071236,1.0067114093959733,149.0,0.4104683195592286,363.0,2.556338028169014,142.0,0.922077922077922,212.0,-0.1765872347419023,0.0861373825587077,107.0,105.0,0.27967056553000785,-0.222295824726552,0.15400212924570506,-0.5248616575377376,0.0640813419205949,0.455,0.475,0.51,0.535,0.79,1
0.07162284678150499,0.18461376575469118,148.0,1.034965034965035,143.0,0.3666666666666666,390.0,2.977099236641221,0.2723174030658251,2.738805970149253,134.0,0.9571428571428572,140.0,0.3846153846153846,364.0,2.656934306569343,356.0,-0.3095374299692202,0.06433787708063572,100.0,256.0,0.24995406596525918,-0.2609752489971753,0.14209650617250527,-0.676355600247022,-0.1327518713222475,0.22,0.265,0.285,0.3,0.42,1
0.061650045330915684,0.1626497811412242,153.0,1.0337837837837838,148.0,0.9801324503311258,151.0,0.1753774680603949,0.07303877366997295,1.0,146.0,1.0,146.0,0.948051948051948,154.0,1.0198675496688745,208.0,0.0580343565563299,0.09700054648208363,106.0,102.0,0.3520413626317038,-0.0230487651669041,0.25787969471954136,-0.3167450340193605,0.2623720698141461,0.485,0.47,0.515,0.54,0.795,1
0.06799637352674524,0.18920402354866572,141.0,0.436532507739938,323.0,2.3576642335766422,137.0,0.9133333333333332,0.45536519386834984,2.511013215859031,227.0,1.6214285714285714,140.0,0.9523809523809524,147.0,1.0208333333333333,504.0,-0.0619587553481224,0.04474233762170363,105.0,399.0,0.3323686358542156,-0.0544896944853137,0.22689687911530873,-0.4298766303137607,0.1312313875456564,0.195,0.19,0.21,0.22,0.31,1
0.2547597461468722,0.5022794768430112,139.0,0.9266666666666666,150.0,1.0067114093959733,149.0,0.9933333333333332,0.0739404869251578,0.9865771812080536,149.0,1.0067567567567568,148.0,0.2556131260794473,579.0,2.5283842794759823,204.0,-0.1929974807033195,0.09042402020298773,102.0,102.0,0.2737636691356409,-0.2647473910392225,0.19184799866628946,-0.6237645430755665,0.0227411909242472,0.33,0.44,0.505,0.53,0.77,1
0.07524932003626474,0.18594269576352548,151.0,1.0134228187919463,149.0,0.2430668841761827,613.0,2.5541666666666667,0.0721370604147881,0.2645985401459854,548.0,1.728706624605678,317.0,2.348148148148148,135.0,0.9246575342465754,207.0,-0.151670412751848,0.08227943361914487,106.0,101.0,0.2870950068946274,-0.207362372632596,0.17121438853617996,-0.5113908226473821,0.1140509293564343,0.47,0.46,0.515,0.54,0.79,1
0.07071622846781506,0.18608499870678283,146.0,1.006896551724138,145.0,0.9797297297297296,148.0,1.0206896551724138,0.0739404869251578,1.027972027972028,143.0,0.986206896551724,145.0,0.9931506849315068,146.0,1.042857142857143,204.0,-0.2046358727238504,0.1789038523973265,102.0,102.0,0.321550114832195,-0.4131447679559567,0.12637199097720977,-0.6787226331901017,0.0115554659213721,0.36,0.445,0.51,0.53,0.785,1
0.07071622846781506,0.07721376025200238,298.0,2.143884892086331,139.0,0.9084967320261438,153.0,1.02,0.07303877366997295,0.4112676056338028,355.0,2.4482758620689653,145.0,0.9415584415584416,154.0,1.0335570469798658,204.0,-0.1680595561333805,0.08702274128760332,102.0,102.0,0.2837522311972486,-0.2194251148907166,0.16935594866881395,-0.5511097867582078,0.0642260821431996,0.295,0.445,0.505,0.53,0.785,1
0.06980961015412511,0.1861146369749647,145.0,0.9797297297297296,148.0,0.3957219251336898,374.0,2.6906474820143886,0.0739404869251578,0.3838120104438642,383.0,2.77536231884058,138.0,0.92,150.0,1.048951048951049,207.0,-0.1303238297714146,0.11377564344947513,105.0,102.0,0.29694280342874474,-0.1481118688586211,0.21039023876471324,-0.4962908086462937,0.0201909136110715,0.465,0.475,0.51,0.54,0.825,1
0.06527651858567543,0.04932744303376037,390.0,2.977099236641221,131.0,0.8791946308724832,149.0,1.0136054421768708,0.06762849413886383,0.3846153846153846,364.0,2.656934306569343,137.0,0.9256756756756755,148.0,1.049645390070922,191.0,-0.2050814563584646,0.07625000259822606,93.0,98.0,0.27993200640041244,-0.2584301136183005,0.13749962592100926,-0.5443214212909061,-0.1122287622164825,0.335,0.45,0.49,0.52,0.74,1
0.20580235720761558,0.4210279770344645,139.0,0.9084967320261438,153.0,1.02,150.0,1.0067114093959733,0.26149684400360684,2.4482758620689653,145.0,0.9415584415584416,154.0,1.0335570469798658,149.0,0.9867549668874172,350.0,-0.2078051316077994,0.04786002349822627,102.0,248.0,0.2792659120906975,-0.2435529584724328,0.13620899326309896,-0.5277393601004831,-0.0044756766069417,0.255,0.265,0.295,0.31,0.44,1
0.0743427017225748,0.05618980699673507,383.0,2.7357142857142858,140.0,0.9395973154362416,149.0,0.3890339425587467,0.07123534715960325,0.9536423841059604,151.0,0.2451298701298701,616.0,2.207885304659498,279.0,1.9241379310344828,203.0,-0.119625105932496,0.08647922701462511,103.0,100.0,0.29248732722011067,-0.1654798315817838,0.17481374199394306,-0.4639917711238731,0.0918981918712927,0.465,0.475,0.51,0.54,0.78,1
0.0743427017225748,0.03040098947047699,554.0,2.2612244897959184,245.0,1.7013888888888888,144.0,0.9536423841059604,0.0757439134355275,0.25,596.0,2.462809917355372,242.0,1.7285714285714286,140.0,0.958904109589041,209.0,-0.1818149421657552,0.09561855323341306,105.0,104.0,0.2772250423423304,-0.1987497448026241,0.20258200228256593,-0.5650136256608631,0.0800151949403018,0.44,0.475,0.51,0.535,0.8,1
0.1468721668177697,0.31825240642031755,141.0,0.9463087248322148,149.0,1.0275862068965518,145.0,1.0431654676258992,0.0721370604147881,0.3737113402061855,388.0,1.2763157894736843,304.0,2.2028985507246377,138.0,0.9452054794520548,204.0,-0.0188988321506485,0.07704544316444616,103.0,101.0,0.32379744827058976,-0.0745477386934673,0.24267853933028458,-0.4026555669785416,0.1709625874851493,0.36,0.475,0.51,0.535,0.775,1
0.06346328195829556,0.17886231165066424,143.0,0.3844086021505376,372.0,2.735294117647059,136.0,0.951048951048951,0.0703336339044184,1.0,143.0,0.9794520547945206,146.0,1.0138888888888888,144.0,0.2845849802371542,194.0,-0.0733813076110565,0.07815669394975053,94.0,100.0,0.32238852667539913,-0.0772627205802388,0.1824644709001472,-0.3862741808018033,0.1098063406748712,0.34,0.465,0.49,0.52,0.81,1
0.06618313689936536,0.051895919619651086,380.0,2.695035460992908,141.0,0.933774834437086,151.0,1.0342465753424657,1.0,4.912133891213389,239.0,1.6713286713286712,143.0,0.9285714285714286,154.0,1.0620689655172413,928.0,-0.1789563545752655,0.025016777852932288,107.0,821.0,0.2666457382051906,-0.2442128544697804,0.22412133669279116,-0.4747995541786844,0.0167629417639259,0.095,0.1,0.115,0.125,0.17,1
0.025385312783318223,0.0741380634999904,204.0,2.125,96.0,0.6857142857142857,140.0,0.6060606060606061,0.1109107303877367,1.9183673469387756,98.0,0.4875621890547263,201.0,2.1157894736842104,95.0,0.5,201.0,0.0223572185182095,0.16845272785447477,70.0,131.0,0.3510967285890724,-0.0055960972844031,0.5056794767953491,0.0089403348735269,0.0089403348735269,0.305,0.295,0.35,0.4,0.4,1
0.06708975521305531,0.1789419072471199,147.0,0.98,150.0,0.4,375.0,0.7253384912959381,0.0703336339044184,0.9662162162162162,148.0,1.0206896551724138,145.0,0.9931506849315068,146.0,0.9931972789115646,202.0,-0.1993674257194509,0.09264904455530308,102.0,100.0,0.27762363177282556,-0.2285269706248926,0.1605837270380969,-0.6211709311835818,0.0123912276084,0.3,0.475,0.51,0.53,0.785,1
0.03989120580235721,0.22851186430842174,94.0,0.4234234234234234,222.0,1.0422535211267605,213.0,0.8160919540229885,0.1478809738503156,1.1336633663366336,202.0,2.2954545454545454,88.0,0.6616541353383458,133.0,1.6625,224.0,-0.001719255396981,0.08719782732558186,64.0,160.0,0.3428949740864027,0.006356783919598,0.353724849815505,0.0124144408668236,0.012307411109265,0.25,0.26,0.29,0.355,0.365,1
0.07071622846781506,0.05778476874748951,366.0,2.652173913043478,138.0,0.9261744966442952,149.0,0.3962765957446808,0.0775473399458972,0.4136986301369863,365.0,2.703703703703704,135.0,0.944055944055944,143.0,0.3783068783068783,200.0,-0.1403319570021181,0.11893682312257707,95.0,105.0,0.29485773218728184,-0.1701294477322525,0.2541859172654656,-0.5328234531759489,-0.0228228577913275,0.33,0.445,0.48,0.505,0.72,1
0.02629193109700816,0.20502604750227824,90.0,0.9375,96.0,1.0909090909090908,88.0,0.9361702127659576,0.16952209197475204,2.219298245614035,114.0,1.0363636363636364,110.0,0.4741379310344827,232.0,2.297029702970297,244.0,-0.1199252176094211,0.07066320674780482,67.0,177.0,0.30347979460440844,-0.0769229817819702,0.21818422961086104,-0.0747903316636029,0.1575114624968564,0.23,0.255,0.275,0.32,0.29,1
0.3916591115140526,0.19044779678259682,483.0,1.0298507462686568,469.0,1.0064377682403434,466.0,1.0064794816414686,0.06672678088367899,0.952054794520548,146.0,0.9931972789115646,147.0,1.05,140.0,0.9722222222222222,197.0,-0.1700506788513873,0.08593593257526996,100.0,97.0,0.28123017102305015,-0.2158177665523436,0.18448774317188374,-0.5699039130901613,0.0662759491441652,0.46,0.45,0.51,0.535,0.805,1
0.07524932003626474,0.1791060731648097,156.0,1.033112582781457,151.0,0.3094262295081967,488.0,1.6105610561056103,0.07664562669071236,0.9933774834437086,151.0,1.0272108843537415,147.0,0.9932432432432432,148.0,0.9736842105263158,213.0,-0.1272067063853067,0.10061092247234697,108.0,105.0,0.29159459589916586,-0.1569923840842718,0.23504661114113906,-0.5513070549202111,0.1715621344813551,0.455,0.475,0.51,0.535,0.79,1
0.1541251133272892,0.18896847571351946,233.0,1.2393617021276595,188.0,2.0,94.0,0.4140969162995594,0.1442741208295762,2.31958762886598,97.0,0.4008264462809917,242.0,2.520833333333333,96.0,0.6956521739130435,231.0,-0.2200220391431646,0.05867968713330523,74.0,157.0,0.2765006839685851,-0.2660944352645656,0.1885900395139156,-0.2439914818160098,-0.1211774955844336,0.28,0.305,0.32,0.34,0.45,1
0.06708975521305531,0.17754797591898794,148.0,0.9801324503311258,151.0,1.0342465753424657,146.0,0.2097701149425287,0.0703336339044184,0.9727891156462584,147.0,1.0208333333333333,144.0,0.993103448275862,145.0,0.9602649006622516,202.0,-0.1557567893918856,0.08466603618263933,102.0,100.0,0.2923534390873552,-0.2004486249154748,0.19321415131097114,-0.5962831174184281,0.0630356896624111,0.475,0.46,0.505,0.53,0.795,1
0.061650045330915684,0.05384533800207892,358.0,2.5211267605633805,142.0,0.9466666666666668,150.0,0.3968253968253968,0.0721370604147881,0.9797297297297296,148.0,0.348235294117647,425.0,0.5114320096269555,831.0,3.364372469635628,209.0,-0.2754389841869391,0.10481408679678667,108.0,101.0,0.2449713442212002,-0.316609302984801,0.20123465499407786,-0.683543966122666,-0.0107879856916079,0.47,0.49,0.52,0.545,0.785,1
0.07615593834995467,0.1962114070022592,145.0,0.9666666666666668,150.0,1.056338028169014,142.0,0.9342105263157896,0.11992786293958521,1.7837837837837838,111.0,0.5634517766497462,197.0,1.7130434782608697,115.0,0.5275229357798165,226.0,0.0054729834945903,0.11769798670315539,88.0,138.0,0.3342149214354855,-0.1430212582096891,0.3552796413739812,-0.1987723412441277,0.13565913418035,0.24,0.35,0.39,0.425,0.65,1
0.06527651858567543,0.1707067939721018,151.0,0.4241573033707865,356.0,2.5985401459854014,137.0,0.8896103896103896,0.09017132551848513,1.0443037974683544,158.0,0.3930348258706467,402.0,0.7992047713717694,503.0,1.041407867494824,214.0,-0.1514562138773592,0.10468413220356891,99.0,115.0,0.28778521911179755,-0.1812129953248023,0.22916065820096285,-0.5880083462120249,0.049638699672721,0.43,0.44,0.465,0.49,0.77,1
0.46781504986400724,0.21623037138460763,504.0,1.0100200400801602,499.0,1.7821428571428573,280.0,2.014388489208633,0.0703336339044184,0.9662162162162162,148.0,1.0,148.0,1.0136986301369864,146.0,0.3792207792207792,200.0,-0.0765399296892174,0.09201548602928544,100.0,100.0,0.30815729989380963,-0.1362342880721155,0.21906879376825153,-0.5,0.1645318060097886,0.3,0.46,0.505,0.53,0.805,1
0.08703535811423391,0.1923105883933314,159.0,1.0460526315789471,152.0,1.027027027027027,148.0,0.8554913294797688,0.18665464382326422,1.8503401360544216,147.0,0.5975609756097561,246.0,2.510204081632653,98.0,0.7050359712230215,289.0,-0.215038480991773,0.03700843932524062,99.0,190.0,0.2752772611283196,-0.2836990829614769,0.20452736116338027,-0.3892466221177358,-0.1244501314891006,0.325,0.335,0.345,0.36,0.48,1
0.4224841341795104,0.3482659656550653,299.0,2.1824817518248176,137.0,0.9072847682119204,151.0,1.0134228187919463,0.07484220018034266,1.0136986301369864,146.0,0.9931972789115646,147.0,0.9735099337748344,151.0,1.0272108843537415,210.0,-0.1892507806825664,0.06946749256207256,107.0,103.0,0.2734369464185445,-0.2383544235603014,0.11631442240794278,-0.5788671003855259,0.0258473922518814,0.305,0.47,0.515,0.535,0.785,1
0.06618313689936536,0.17892241722949462,146.0,0.3403263403263403,429.0,3.1544117647058822,136.0,0.9006622516556292,0.0775473399458972,0.383248730964467,394.0,2.8142857142857145,140.0,0.945945945945946,148.0,1.0206896551724138,200.0,-0.1546821203868225,0.0963600845536336,95.0,105.0,0.2905787682222174,-0.2016843989798118,0.19670884337946234,-0.5614749481459177,0.1089473181377619,0.325,0.45,0.48,0.505,0.76,1
0.4043517679057117,0.4034336763159987,251.0,1.805755395683453,139.0,0.9652777777777778,144.0,0.993103448275862,0.0739404869251578,1.027972027972028,143.0,0.9470198675496688,151.0,0.4241573033707865,356.0,2.5985401459854014,204.0,-0.1806300638423658,0.07637471247898679,102.0,102.0,0.2739195534115723,-0.255939125762445,0.11887212384972344,-0.5456604220121472,0.0281030395322066,0.385,0.44,0.505,0.53,0.805,1
0.06708975521305531,0.1789419072471199,147.0,0.98,150.0,0.313152400835073,479.0,0.5994993742177722,0.07303877366997295,1.0,146.0,1.0,146.0,0.9798657718120806,149.0,1.0347222222222223,203.0,-0.151854189475549,0.06266524728007962,101.0,102.0,0.2899011602370736,-0.1871324221094457,0.1545997387385712,-0.4830140634241138,0.0303137439233545,0.36,0.47,0.5,0.525,0.775,1
0.07162284678150499,0.1831911235058919,149.0,1.0275862068965518,145.0,0.9863945578231292,147.0,0.3983739837398374,0.07484220018034266,0.4539877300613497,326.0,2.397058823529412,136.0,0.918918918918919,148.0,1.0,208.0,-0.1279444650132871,0.10797992454814344,105.0,103.0,0.2944985326724352,-0.180875273334798,0.21956699896840065,-0.5817719689716991,0.1134727709178471,0.365,0.475,0.51,0.535,0.765,1
0.07252946509519492,0.1874785349669899,147.0,1.013793103448276,145.0,,145.0,0.9731543624161074,0.0757439134355275,0.9675324675324676,154.0,1.0198675496688745,151.0,1.0066666666666666,150.0,1.0067114093959733,207.0,-0.2809769585328494,0.11530215487809511,103.0,104.0,0.24229197391692725,-0.3643766974501987,0.19325067263898277,-0.7207318384074306,-0.0098152484857312,0.405,0.46,0.505,0.53,0.76,1
0.06980961015412511,0.17899881809858573,150.0,1.0344827586206895,145.0,0.9797297297297296,148.0,1.0068027210884354,0.2623985572587917,2.579710144927536,138.0,0.9261744966442952,149.0,0.407103825136612,366.0,2.7111111111111112,346.0,-0.1126658946384147,0.05601374380260214,97.0,249.0,0.31736414500171756,-0.1189258199244097,0.1792205926097276,-0.4689323341592494,0.058194659978137,0.265,0.255,0.28,0.295,0.42,1
0.06255666364460562,0.1718280508138949,147.0,1.0208333333333333,144.0,0.375,384.0,2.762589928057554,0.0793507664562669,1.0551724137931036,145.0,0.9931506849315068,146.0,1.006896551724138,145.0,0.9797297297297296,211.0,-0.2025374459424159,0.07105212018625331,104.0,107.0,0.28872341256499207,-0.2107197628884884,0.12841950790511283,-0.5833232893257018,-0.0989014252899795,0.305,0.475,0.5,0.52,0.775,1
0.050770625566636446,0.15582432689308112,145.0,0.8529411764705882,170.0,1.5315315315315314,111.0,0.581151832460733,0.06402164111812443,1.431578947368421,95.0,0.6643356643356644,143.0,0.959731543624161,149.0,1.0067567567567568,143.0,-0.1255555953058538,0.17937717998672228,48.0,95.0,0.4168891478464551,-0.2082108254719035,0.18594528258304927,0.4837688442211055,0.5051651139049098,0.315,0.275,0.335,0.36,0.37,1
0.07615593834995467,0.1916795555903944,148.0,0.9736842105263158,152.0,1.0066225165562914,151.0,0.993421052631579,0.0775473399458972,0.9869281045751634,153.0,1.0337837837837838,148.0,0.9932885906040269,149.0,0.9738562091503268,214.0,-0.0851081464859642,0.11323382177542317,109.0,105.0,0.3086216539439383,-0.1692420210193577,0.2373454094545937,-0.4539638621395122,0.0532875800145414,0.475,0.46,0.51,0.54,0.75,1
0.05893019038984588,0.03894320253116327,429.0,1.8982300884955752,226.0,1.6258992805755397,139.0,0.9266666666666666,0.0721370604147881,0.9797297297297296,148.0,1.034965034965035,143.0,0.959731543624161,149.0,0.9867549668874172,197.0,0.1809796529440684,0.13334985234491545,96.0,101.0,0.3761477656470383,0.1074240972054869,0.37592459503770514,-0.2024933730822871,0.5265552159248377,0.445,0.46,0.49,0.52,0.805,1
0.0643699002719855,0.05583034473801428,357.0,2.6444444444444444,135.0,0.9121621621621622,148.0,1.0277777777777777,0.06853020739404869,0.9791666666666666,144.0,0.3977900552486187,362.0,0.9354005167958656,387.0,2.8455882352941178,197.0,-0.0361018541101572,0.021625528359476034,99.0,98.0,0.3268873879770068,-0.0803612289399279,0.0642166630556208,-0.2937776608144398,0.1105704944159739,0.465,0.445,0.505,0.54,0.825,1
0.05893019038984588,0.05857373703588142,331.0,2.451851851851852,135.0,0.9375,144.0,0.3977900552486187,0.260595130748422,2.7022900763358777,131.0,0.3957703927492447,331.0,2.416058394160584,137.0,0.9647887323943662,349.0,-0.2622284067035208,0.04958844131447887,102.0,247.0,0.2610874418920204,-0.2870383522158904,0.12894988316030595,-0.5767376640367061,-0.1200782605033076,0.215,0.265,0.295,0.31,0.44,1
0.14052583862194015,0.1855558710661183,222.0,2.288659793814433,97.0,0.37890625,256.0,1.1906976744186046,0.16501352569882777,1.1272727272727272,220.0,0.990990990990991,222.0,1.0,222.0,1.072463768115942,239.0,-0.1410166893452676,0.21554340820021345,66.0,173.0,0.2823281771263231,-0.1818945117154644,0.4132700134680979,-0.2357603784713562,0.0321731532629514,0.195,0.225,0.275,0.34,0.465,1
0.06708975521305531,0.05265687800506763,379.0,2.7664233576642334,137.0,0.9256756756756755,148.0,1.0277777777777777,0.0775473399458972,1.0272108843537415,147.0,0.9671052631578948,152.0,1.0,152.0,1.0133333333333334,212.0,-0.1270099955509072,0.07403014491719624,107.0,105.0,0.29093925397717246,-0.1679643400616494,0.14223740106652286,-0.4761056091841995,0.0908793969849245,0.32,0.47,0.51,0.535,0.795,1
0.07615593834995467,0.1859153586191628,152.0,0.2447665056360708,621.0,1.9467084639498435,319.0,2.2949640287769784,0.0757439134355275,1.0067567567567568,148.0,1.0,148.0,0.9673202614379084,153.0,0.4297752808988764,209.0,-0.1377574383638278,0.09964262033625268,105.0,104.0,0.2926303678936751,-0.2045596541127672,0.22200536759017953,-0.5378956432165432,0.1143343826880173,0.3,0.445,0.51,0.535,0.775,1
0.016319129646418858,0.1499173729995619,105.0,0.603448275862069,174.0,0.7699115044247787,226.0,0.9076305220883534,0.04147880973850315,1.15625,96.0,1.2151898734177216,79.0,0.6694915254237288,118.0,0.5,137.0,-0.0521162701315461,0.1296454196799048,60.0,77.0,0.32442780052796494,-0.0678289968579135,0.3879851420542886,-0.0876274613651568,0.2043340216447221,0.375,0.405,0.44,0.54,0.47,1
0.07252946509519492,0.1804114802208256,152.0,1.027027027027027,148.0,0.3814432989690721,388.0,1.3807829181494662,0.0757439134355275,0.9738562091503268,153.0,1.006578947368421,152.0,0.9681528662420382,157.0,1.0129032258064516,207.0,-0.0280709289744258,0.10290199687787412,103.0,104.0,0.33738260155787003,-0.1020621068655535,0.23750573091409233,-0.4012210470377468,0.1179371535822321,0.475,0.455,0.505,0.53,0.815,1
0.1387126019945603,0.17993658805813717,226.0,1.076190476190476,210.0,1.019417475728155,206.0,0.985645933014354,0.1659152389540126,1.1216216216216215,222.0,1.009090909090909,220.0,1.0,220.0,1.042654028436019,241.0,-0.1351887859791798,0.1660567928589857,67.0,174.0,0.2605367459276281,-0.2786863207012772,0.35244845854924683,-0.3156566370013723,0.0210000199830039,0.215,0.225,0.28,0.335,0.48,1
0.15321849501359927,0.33902963997436575,137.0,0.9133333333333332,150.0,1.0273972602739727,146.0,0.9605263157894736,0.07303877366997295,1.028169014084507,142.0,0.9659863945578232,147.0,0.9865771812080536,149.0,1.0275862068965518,196.0,-0.0625198005155077,0.08282413152054603,94.0,102.0,0.31119649431963176,-0.1204055237042384,0.2140175336133953,-0.3850988410428085,0.1852782600473337,0.315,0.435,0.485,0.51,0.78,1
0.012692656391659111,0.21955017105344593,72.0,0.8372093023255814,86.0,0.8958333333333334,96.0,0.5614035087719298,0.009017132551848512,0.390625,192.0,1.1162790697674418,172.0,2.0476190476190474,84.0,1.2923076923076924,108.0,-0.4171782037285667,0.1940529385751998,56.0,52.0,0.22682520079929258,-0.4675330437870298,0.23698301439172048,-0.4125569615288253,-0.3932630514403743,0.275,0.48,0.53,0.605,0.61,1
0.2665457842248413,0.5423325586308895,134.0,0.9054054054054054,148.0,0.9866666666666668,150.0,1.0344827586206895,0.2533814247069432,2.489208633093525,139.0,0.3904494382022472,356.0,2.579710144927536,138.0,0.9261744966442952,345.0,-0.1475030095661113,0.047982953878500545,103.0,242.0,0.2896580559353037,-0.2025553236465619,0.12750754146735568,-0.5713562158783324,0.0528588424953795,0.26,0.27,0.3,0.315,0.445,1
0.06618313689936536,0.1817874498204099,144.0,0.96,150.0,0.4043126684636118,371.0,2.748148148148148,0.0757439134355275,1.0567375886524824,141.0,0.9527027027027029,148.0,1.034965034965035,143.0,0.3864864864864865,198.0,-0.2776934231100416,0.051805811934676455,94.0,104.0,0.25500441056804063,-0.3149958957621992,0.04086687674450487,-0.5793635040793169,-0.1097628924740741,0.265,0.445,0.48,0.505,0.76,1
0.06346328195829556,0.17189534405042542,148.0,1.034965034965035,143.0,0.3864864864864865,370.0,2.7007299270073,0.07123534715960325,1.0140845070422535,142.0,0.993006993006993,143.0,0.4454828660436137,321.0,2.3955223880597014,193.0,-0.150860469124333,0.04750205351858966,93.0,100.0,0.310751694727806,-0.1586271674787414,0.0906395948459968,-0.4914840145268797,-0.0041930348425103,0.46,0.45,0.485,0.51,0.81,1
0.06890299184043518,0.18467224125677975,145.0,0.9666666666666668,150.0,0.5376344086021505,279.0,2.066666666666667,0.0775473399458972,0.3891752577319587,388.0,2.8529411764705883,136.0,0.918918918918919,148.0,0.9932885906040269,200.0,-0.1924887612811629,0.05643900164092447,95.0,105.0,0.2886733578791434,-0.2405208786217643,0.12665722068985413,-0.5391250889614823,0.0199172276669834,0.32,0.445,0.48,0.5,0.78,1
0.06799637352674524,0.1762101863767615,150.0,0.9554140127388536,157.0,1.0608108108108107,148.0,0.4180790960451977,0.07484220018034266,0.9673202614379084,153.0,1.0337837837837838,148.0,0.9801324503311258,151.0,1.0,205.0,-0.0754731289807992,0.11247191907436647,102.0,103.0,0.30420407937288685,-0.1402723200449479,0.24559110332526152,-0.5720155697884826,0.1080041548633486,0.445,0.465,0.505,0.525,0.76,1
0.06890299184043518,0.1861446868857602,144.0,1.0,144.0,1.006993006993007,143.0,0.4798657718120805,0.07303877366997295,0.3821989528795811,382.0,2.87218045112782,133.0,0.869281045751634,153.0,0.3893129770992366,207.0,-0.1937645130555274,0.06774501878764255,105.0,102.0,0.2737390125689149,-0.2551970462763262,0.0919175016380982,-0.5080826446283699,0.0197468666248662,0.31,0.46,0.51,0.535,0.795,1
0.06890299184043518,0.06360061723126295,338.0,2.397163120567376,141.0,0.9591836734693876,147.0,0.4038461538461538,0.28584310189359785,2.788321167883212,137.0,0.9319727891156464,147.0,0.3858267716535433,381.0,2.8222222222222224,367.0,-0.1257634808564501,0.04239421767622814,100.0,267.0,0.32824381988152823,-0.1480418319989881,0.15207081256642627,-0.4197372510594334,0.1233717618724359,0.26,0.25,0.275,0.29,0.435,1
0.038077969174977334,0.16020875197296072,126.0,0.8513513513513513,148.0,1.1935483870967742,124.0,0.953846153846154,0.07303877366997295,1.0,146.0,0.1298932384341637,1124.0,4.290076335877862,262.0,1.8985507246376807,207.0,-0.0877096772392524,0.1027042603991531,105.0,102.0,0.3053721572504327,-0.1499661453778674,0.21566233909084684,-0.4458826009443272,0.1533956386327777,0.31,0.46,0.515,0.54,0.785,1
0.04986400725294651,0.11207165677480488,189.0,1.96875,96.0,0.5423728813559322,177.0,1.6238532110091743,0.09738503155996393,1.4661016949152543,118.0,0.6555555555555556,180.0,1.6216216216216215,111.0,0.578125,200.0,-0.1511153880662797,0.0554272358445485,79.0,121.0,0.33411441116511315,-0.2136615334344641,0.23377520089443551,-0.1557382217635882,-0.0650151338507555,0.245,0.38,0.395,0.42,0.54,1
0.06255666364460562,0.17319235204766406,146.0,0.9931972789115646,147.0,1.013793103448276,145.0,0.3698979591836734,0.07123534715960325,0.993103448275862,145.0,0.4380664652567976,331.0,2.381294964028777,139.0,0.9455782312925172,200.0,-0.1785067085328377,0.11851706699878194,100.0,100.0,0.28173078081444936,-0.2231576578947968,0.23417717194406015,-0.6121575498943133,0.1121238206534958,0.35,0.465,0.5,0.53,0.78,1
0.030825022665457842,0.19672654833018238,98.0,1.0888888888888888,90.0,1.0843373493975903,83.0,0.9651162790697676,0.023444544634806132,1.011111111111111,90.0,1.0588235294117647,85.0,1.011904761904762,84.0,0.9333333333333332,127.0,-0.1073407045219862,0.2502135250644933,64.0,63.0,0.33053135511430193,-0.0948522466727328,0.47406895967568624,-0.0205158308274943,-0.0205158308274943,0.415,0.455,0.51,0.555,0.555,1
0.1559383499546691,0.3183734933383299,147.0,0.9932432432432432,148.0,1.0068027210884354,147.0,0.9932432432432432,0.3381424706943192,0.7899461400359067,557.0,2.273469387755102,245.0,1.7753623188405796,138.0,0.9261744966442952,412.0,-0.287362850119442,0.04761371941129847,104.0,308.0,0.24683198213084329,-0.326194299741774,0.16525339391052066,-0.6155855720462793,-0.0707014433087045,0.155,0.23,0.255,0.27,0.38,1
0.5784224841341795,0.4139659391597908,336.0,2.4,140.0,0.9210526315789472,152.0,1.0066225165562914,0.0775473399458972,0.2439418416801292,619.0,2.495967741935484,248.0,1.7714285714285714,140.0,0.8974358974358975,209.0,-0.1221107479191689,0.10251387125008175,104.0,105.0,0.289887095588738,-0.1945421545866163,0.20813062548725508,-0.5138655904593541,0.155219965216502,0.43,0.46,0.505,0.53,0.775,1
0.07252946509519492,0.17905349715195482,153.0,1.0337837837837838,148.0,0.9932885906040269,149.0,0.9738562091503268,0.08385933273219116,0.3204868154158215,493.0,1.6058631921824105,307.0,2.1619718309859155,142.0,0.9161290322580644,216.0,-0.084510018996552,0.09438054287205522,106.0,110.0,0.30652159446363014,-0.1593310322641986,0.22883216180236501,-0.4316524689724658,0.1797511197611828,0.345,0.44,0.495,0.52,0.765,1
0.05893019038984588,0.1648295542147222,148.0,0.398921832884097,371.0,2.688405797101449,138.0,0.9261744966442952,0.07484220018034266,1.0206896551724138,145.0,0.9863945578231292,147.0,0.9735099337748344,151.0,1.0202702702702702,208.0,-0.1982959841545857,0.1410923558939144,105.0,103.0,0.26855510248293,-0.2630819545470691,0.24036262293075433,-0.6428283407308634,0.0422268128306244,0.435,0.47,0.505,0.535,0.76,1
0.07252946509519492,0.18459479719137384,149.0,0.9738562091503268,153.0,1.02,150.0,0.9554140127388536,0.0757439134355275,1.0,149.0,0.9867549668874172,151.0,1.0,151.0,0.9869281045751634,201.0,-0.1636343584628136,0.12274017322933353,97.0,104.0,0.27603380226569957,-0.2424127587322428,0.25436809920731795,-0.6119423076783386,0.0639166617701016,0.33,0.41,0.485,0.51,0.75,1
0.06708975521305531,0.1748158705158494,150.0,0.9933774834437086,151.0,1.0134228187919463,149.0,0.9933333333333332,0.0775473399458972,1.0134228187919463,149.0,0.9867549668874172,151.0,1.0202702702702702,148.0,0.9932885906040269,205.0,-0.167226673520743,0.11245175846426396,100.0,105.0,0.2851664178552336,,0.23240860005659306,-0.5519313774240302,0.0770551848301958,0.32,0.44,0.49,0.515,0.77,1
0.07162284678150499,0.19050192395111054,144.0,0.3396226415094339,424.0,1.4722222222222223,288.0,2.149253731343284,0.07123534715960325,1.0,144.0,0.993103448275862,145.0,0.9731543624161074,149.0,1.0,203.0,-0.1258605327446152,0.09167312366655549,103.0,100.0,0.2890436845498426,-0.1928852652789039,0.1816125178591573,-0.532905955683665,0.1151351474093661,0.335,0.455,0.51,0.535,0.785,1
0.09972801450589303,0.18412429204540226,179.0,1.0654761904761905,168.0,1.105263157894737,152.0,0.9440993788819876,0.027953110910730387,0.5614035087719298,171.0,0.9395604395604396,182.0,0.9732620320855616,187.0,1.0053763440860215,127.0,-0.1459975805293465,0.12637754228756137,60.0,67.0,0.26982500880557675,-0.3544126449968642,0.2625183702481145,0.0053778813460843,0.0053778813460843,0.415,0.44,0.475,0.505,0.505,1
0.05983680870353581,0.1662427121818628,148.0,1.0277777777777777,144.0,0.9536423841059604,151.0,0.2451298701298701,0.07844905320108206,1.0,152.0,1.0133333333333334,150.0,0.2427184466019417,618.0,2.272058823529412,208.0,-0.1985155214176662,0.08899693576115518,102.0,106.0,0.27225321145946735,-0.255788674243349,0.16420713553901198,-0.5656148196555622,-0.109848196358067,0.29,0.46,0.5,0.525,0.73,1
0.5213055303717135,0.2242400835744375,537.0,1.7959866220735785,299.0,2.1824817518248176,137.0,0.9072847682119204,0.0793507664562669,1.0337837837837838,148.0,1.0136986301369864,146.0,0.9931972789115646,147.0,0.9735099337748344,212.0,-0.1949047510819836,0.08215472568528008,105.0,107.0,0.27925098381194075,-0.2638963627448654,0.14477035502991528,-0.567111973630446,0.0270319962730105,0.46,0.445,0.5,0.525,0.765,1
0.2638259292837715,0.5252776710305076,137.0,0.9256756756756755,148.0,0.4277456647398844,346.0,2.489208633093525,0.0721370604147881,0.3929539295392953,369.0,2.6739130434782608,138.0,0.9078947368421052,152.0,1.0704225352112675,195.0,-0.1997122226317213,0.0798517772418463,94.0,101.0,0.2793616018426452,-0.258163250420508,0.15551018892923418,-0.5821102850943412,-0.0213716068925482,0.325,0.455,0.485,0.51,0.735,1
0.06618313689936536,0.18034505410222496,145.0,0.4380664652567976,331.0,2.381294964028777,139.0,0.9455782312925172,0.2957619477006312,2.889705882352941,136.0,0.3830985915492957,355.0,2.517730496453901,141.0,0.9724137931034482,380.0,-0.1782145565352625,0.06114877809134362,105.0,275.0,0.2909507595263244,-0.1748095923650973,0.17148702028393126,-0.5670571272585173,0.0176490887858246,0.17,0.25,0.275,0.29,0.405,1
0.1767905711695376,0.3700200910435434,140.0,0.9722222222222222,144.0,0.3902439024390244,369.0,2.617021276595745,0.25067628494138866,2.5407407407407407,135.0,0.9246575342465754,146.0,0.9931972789115646,147.0,0.3656716417910448,340.0,-0.0632479574185909,0.05268961789163266,100.0,240.0,0.3143470838481409,-0.0869309699019768,0.1898581021021301,-0.3439191419714259,0.0753189964183488,0.235,0.255,0.295,0.315,0.435,1
0.09338168631006347,0.18670856462362906,170.0,1.868131868131868,91.0,0.4292452830188679,212.0,1.582089552238806,0.11632100991884581,2.108695652173913,92.0,0.448780487804878,205.0,2.180851063829788,94.0,0.4747474747474747,200.0,-0.1741808185017978,0.09570937560349636,65.0,135.0,0.2913850514569657,-0.2431032424929024,0.12021298547924587,-0.0563095280953474,-0.0563095280953474,0.285,0.31,0.325,0.35,0.35,1
0.4397098821396192,0.38943556459065276,279.0,2.051470588235294,136.0,0.4059701492537313,335.0,2.5572519083969465,0.07123534715960325,0.96,150.0,0.4043126684636118,371.0,2.748148148148148,135.0,0.3846153846153846,200.0,-0.1641859323033609,0.06513462428806557,100.0,100.0,0.2839142781382574,-0.21,0.10200834681835086,-0.4975690161752501,0.0357160679129332,0.305,0.445,0.505,0.53,0.79,1
0.05983680870353581,0.16494336559462613,149.0,1.0347222222222223,144.0,0.9664429530201344,149.0,0.4293948126801152,0.0703336339044184,0.2693032015065913,531.0,2.349557522123894,226.0,1.6376811594202898,138.0,0.9324324324324323,200.0,-0.0168410047049379,0.0869680274145273,100.0,100.0,0.3349954556324211,-0.045,0.2001075097195628,-0.4585302580093056,0.2121567329713353,0.395,0.475,0.505,0.53,0.805,1
0.14777878513145964,0.19210413668366083,223.0,0.9780701754385964,228.0,0.9539748953974896,239.0,0.987603305785124,0.015329125338142471,0.3904761904761905,210.0,2.0388349514563107,103.0,0.3828996282527881,269.0,2.5619047619047617,134.0,-0.0806906966744792,0.20033247998258316,77.0,57.0,0.28694619663346427,-0.2074916718142307,0.2608913448593563,-0.6457765208652415,0.3477044052988911,0.31,0.475,0.58,0.675,0.6,1
0.06799637352674524,0.17896113388612858,148.0,0.3557692307692308,416.0,0.5180572851805728,803.0,3.33195020746888,0.07844905320108206,1.0201342281879195,149.0,0.9867549668874172,151.0,1.0066666666666666,150.0,0.986842105263158,210.0,-0.1700061234226958,0.08544299129422123,104.0,106.0,0.28180199420439844,-0.215,0.16727363843923346,-0.5840505978137446,0.0336815300697612,0.44,0.46,0.5,0.525,0.785,1
0.06890299184043518,0.1817874498204099,147.0,1.0,147.0,0.9865771812080536,149.0,1.0,0.0739404869251578,1.0208333333333333,144.0,1.0,144.0,1.006993006993007,143.0,0.9930555555555556,199.0,-0.1905701955058531,0.0977938106253188,97.0,102.0,0.28005406415517625,-0.2345444700258963,0.1883998636804981,-0.5499464204473068,0.0519677752873268,0.45,0.465,0.49,0.515,0.78,1
0.056210335448776065,0.1580840801849042,150.0,1.0273972602739727,146.0,0.3821989528795811,382.0,2.87218045112782,0.29486023444544635,2.925373134328358,134.0,0.9305555555555556,144.0,0.3673469387755102,392.0,2.8,375.0,-0.1551196944945402,0.03759996356655643,101.0,274.0,0.2948601330777647,-0.1639485777901548,0.1634663232096025,-0.4590501452740335,0.0447877266374343,0.19,0.255,0.27,0.285,0.425,1
0.07162284678150499,0.19357040075769522,142.0,1.083969465648855,131.0,1.100840336134454,119.0,0.9296875,0.07123534715960325,1.44,100.0,0.5813953488372093,172.0,1.5357142857142858,112.0,1.0769230769230769,179.0,-0.1398920520292582,0.14611160829641476,79.0,100.0,0.4192755819343757,-0.2438697504292281,0.3185575172955561,-0.5646582745897277,-0.0321299915870071,0.425,0.405,0.45,0.485,0.735,1
0.40525838621940163,0.418476870654254,243.0,1.8,135.0,0.906040268456376,149.0,1.0205479452054795,0.0757439134355275,1.0136054421768708,147.0,0.2363344051446945,622.0,1.3610503282275712,457.0,0.8788461538461538,209.0,-0.1203764330947626,0.11889028236648241,105.0,104.0,0.292250684709537,-0.1684056567106185,0.2764737132237492,-0.5886473667960965,0.1449825219043768,0.455,0.47,0.505,0.53,0.765,1
0.0770625566636446,0.17914001464146287,158.0,0.9693251533742332,163.0,0.9421965317919077,173.0,1.0116959064327486,0.08476104598737602,0.6115384615384616,260.0,2.4761904761904763,105.0,0.3903345724907063,269.0,1.9779411764705883,177.0,0.0211567702869818,0.08564545665006724,66.0,111.0,0.34098357266752993,-0.165515596834134,0.3486618202868149,0.0845253750608476,0.0845253750608476,0.31,0.345,0.375,0.415,0.415,1
0.014505893019038985,0.17941077505749153,88.0,1.035294117647059,85.0,1.0759493670886076,79.0,0.6869565217391305,0.033363390441839495,0.4063745019920319,251.0,2.614583333333333,96.0,0.3067092651757188,313.0,3.3655913978494625,365.0,-0.159088475266924,0.3617950330999759,294.0,71.0,0.6246891092201228,-0.1080062354046768,0.5815010843240771,-0.304195266857254,-0.1992165791552441,0.53,0.78,0.805,0.845,0.88,1
0.07162284678150499,0.18040236783937139,151.0,1.0202702702702702,148.0,0.2808349146110057,527.0,1.882142857142857,0.0757439134355275,1.0067567567567568,148.0,0.9736842105263158,152.0,0.9806451612903224,155.0,1.019736842105263,207.0,-0.1887729068871144,0.09399519811131085,103.0,104.0,0.28180022513056996,-0.2305050664484788,0.17054240287794895,-0.5972592469323756,0.0618136605892575,0.47,0.46,0.5,0.525,0.78,1
0.06980961015412511,0.030389720146745288,536.0,2.310344827586207,232.0,1.6571428571428573,140.0,0.9395973154362416,0.07484220018034266,1.0136986301369864,146.0,0.9864864864864864,148.0,0.9866666666666668,150.0,0.178359096313912,208.0,-0.1424661155177126,0.11436420794849164,105.0,103.0,0.29079013892809064,-0.2073637310173329,0.24649502772424262,-0.5900096678179894,0.061670387781139,0.315,0.465,0.51,0.535,0.755,1
0.056210335448776065,0.15932867085269822,149.0,0.3850129198966408,387.0,2.7253521126760565,142.0,0.9466666666666668,0.0739404869251578,1.0068493150684932,146.0,0.9931972789115646,147.0,1.0068493150684932,146.0,0.3872679045092838,205.0,-0.1341494826191472,0.11193304415204039,103.0,102.0,0.2929285340200103,-0.1732156156165953,0.20176516083175156,-0.6197726566587285,0.1249673790777088,0.315,0.47,0.505,0.53,0.795,1
0.20580235720761558,0.352676162041954,164.0,0.5521885521885522,297.0,1.84472049689441,161.0,0.5476190476190477,0.14156898106402163,0.7207792207792207,308.0,1.8666666666666667,165.0,0.5481727574750831,301.0,1.813253012048193,262.0,-0.3505296875803367,0.342601323554283,107.0,155.0,0.3303253758061117,-0.2677650825753364,0.5995215889082374,-0.350468220290592,-0.2850593145757368,0.25,0.385,0.41,0.435,0.48,1
0.07343608340888486,0.17384514428356881,158.0,0.3204868154158215,493.0,1.6058631921824105,307.0,2.1619718309859155,0.5807033363390441,2.1101190476190474,336.0,2.4,140.0,0.9210526315789472,152.0,1.0066225165562914,603.0,-0.1998023952400131,0.03308374697926264,107.0,496.0,0.2807676700393296,-0.1447675591871203,0.14992632369788572,-0.4725059645981364,0.10922705123504,0.165,0.17,0.175,0.19,0.27,1
0.2774252039891206,0.5481770191111808,137.0,0.9513888888888888,144.0,1.006993006993007,143.0,0.2693032015065913,0.07303877366997295,0.3659147869674185,399.0,1.3758620689655172,290.0,2.1323529411764706,136.0,0.9444444444444444,194.0,-0.0977348058578704,0.09638008347090414,92.0,102.0,0.3161144839761762,-0.1535620807946378,0.21317037025143265,-0.4553363039074043,0.1191505585170058,0.3,0.45,0.475,0.505,0.8,1
0.1885766092475068,0.3924394863610869,139.0,0.9455782312925172,147.0,1.0208333333333333,144.0,1.0,0.3056807935076646,0.689419795221843,586.0,2.4214876033057853,242.0,1.704225352112676,142.0,0.9342105263157896,386.0,-0.2955856154302022,0.04055135777405161,104.0,282.0,0.25353593400479135,-0.3436555873786878,0.11383852268890218,-0.6989588391838742,-0.0903149729610896,0.165,0.245,0.27,0.285,0.4,1
0.07887579329102448,0.2814745183809479,107.0,0.5194174757281553,206.0,1.2261904761904765,168.0,1.018181818181818,0.12263300270513977,1.1754385964912282,171.0,1.0301204819277108,166.0,1.0573248407643312,157.0,1.0064102564102564,217.0,-0.3034858888146178,0.10962836241027625,77.0,140.0,0.28126134019564547,-0.3989672071347848,0.3411142634181817,-0.4470806529242579,-0.3543615954666387,0.21,0.33,0.355,0.38,0.56,1
0.06708975521305531,0.1817874498204099,145.0,1.0283687943262412,141.0,0.9724137931034482,145.0,0.2715355805243445,0.0739404869251578,0.4027397260273972,365.0,2.744360902255639,133.0,0.93006993006993,143.0,1.0070422535211268,195.0,-0.1150376592462979,0.06345450124895045,93.0,102.0,0.32436218957562224,-0.1165879510259015,0.1555748799509332,-0.430407039406313,0.0879210071530962,0.34,0.455,0.48,0.51,0.805,1
0.07252946509519492,0.1860269237218318,148.0,0.9932885906040269,149.0,0.9933333333333332,150.0,1.0273972602739727,0.0739404869251578,0.392,375.0,2.697841726618705,139.0,0.952054794520548,146.0,0.9864864864864864,202.0,0.0324012537389396,0.1129251046667496,100.0,102.0,0.34171797480971666,0.0015920677878191,0.3198413992590236,-0.4118977386354455,0.2514151005283346,0.34,0.465,0.5,0.525,0.76,1
0.11786038077969176,0.31441749512668277,123.0,0.6180904522613065,199.0,1.5793650793650793,126.0,0.6666666666666666,0.014427412082957619,0.4709302325581395,172.0,1.5221238938053097,113.0,0.653179190751445,173.0,1.4661016949152543,142.0,-0.0647544405198794,0.06264295695040911,86.0,56.0,0.3611354842580647,-0.1351785937311827,0.23876728966250482,-0.2002531696922881,-0.0044068074165396,0.385,0.585,0.61,0.635,0.785,1
0.05349048050770626,0.17404125059312042,135.0,1.0227272727272727,132.0,1.015384615384615,130.0,1.2149532710280373,0.0405770964833183,1.0476190476190477,105.0,1.0714285714285714,98.0,1.0888888888888888,90.0,1.0843373493975903,156.0,-0.2793755779981056,0.23435734444606757,79.0,77.0,0.2604332317285386,-0.3518413767010951,0.47246926979756204,-0.3096119574529841,-0.2781914917820374,0.31,0.47,0.515,0.55,0.555,1
0.056210335448776065,0.1618686518073799,147.0,0.4027397260273972,365.0,2.744360902255639,133.0,0.93006993006993,0.0703336339044184,1.0214285714285714,140.0,0.958904109589041,146.0,1.006896551724138,145.0,1.0283687943262412,193.0,-0.150133534192964,0.07249792517224202,93.0,100.0,0.30244385476751884,-0.2023367198067268,0.14547040459564298,-0.4824537784976203,0.0434474964608465,0.43,0.45,0.485,0.51,0.78,1
0.300090661831369,0.1397916540096379,503.0,1.041407867494824,483.0,1.0298507462686568,469.0,1.0064377682403434,0.07123534715960325,1.0359712230215827,139.0,0.952054794520548,146.0,0.9931972789115646,147.0,1.05,198.0,-0.153867672094438,0.09310623316957788,98.0,100.0,0.2903754259565442,-0.2033928714885635,0.2017094650326073,-0.5047466006949887,-0.057132709260704,0.38,0.465,0.5,0.53,0.845,1
0.07343608340888486,0.18744008168897244,148.0,1.0206896551724138,145.0,1.0,145.0,0.9666666666666668,0.4165915238954013,1.882142857142857,280.0,1.9444444444444444,144.0,0.9536423841059604,151.0,1.0134228187919463,471.0,-0.1658217287168225,0.04134725346465153,103.0,368.0,0.2952378570240299,-0.1670065757702568,0.2049782940267262,-0.5549655303022127,-0.0069910803180746,0.13,0.205,0.22,0.23,0.32,1
0.08068902991840435,0.1844348849993569,158.0,1.0128205128205128,156.0,1.0263157894736843,152.0,1.0066225165562914,0.10279531109107304,1.2013422818791946,149.0,1.0067567567567568,148.0,1.0206896551724138,145.0,0.9602649006622516,199.0,-0.2631875602385187,0.1137450089231949,74.0,125.0,0.29937585022613455,-0.3509514887124309,0.35056727724522113,-0.4096072656925353,-0.3209005056271261,0.21,0.345,0.375,0.395,0.57,1
0.06890299184043518,0.18467224125677975,145.0,0.9863945578231292,147.0,0.98,150.0,0.4,0.0757439134355275,1.020979020979021,143.0,0.9662162162162162,148.0,1.0206896551724138,145.0,0.9931506849315068,203.0,-0.1661450964826464,0.09002930207073043,101.0,102.0,0.2812149904409401,-0.2062407382945521,0.189567551922278,-0.5293662578642184,0.0466514233455288,0.44,0.455,0.5,0.525,0.78,1
0.06527651858567543,0.0517619627909085,378.0,2.7794117647058822,136.0,0.918918918918919,148.0,0.398921832884097,0.0757439134355275,0.9933333333333332,150.0,1.0135135135135136,148.0,1.0206896551724138,145.0,0.9863945578231292,205.0,-0.3470634938064487,0.08658214852192227,101.0,104.0,0.2377906014594228,-0.3818844221105527,0.08408565681816788,-0.7612060977807888,-0.0476585621323521,0.435,0.46,0.495,0.52,0.78,1
0.1441523118766999,0.19742463704559232,214.0,1.0,214.0,2.2291666666666665,96.0,0.4571428571428571,0.014427412082957619,0.4090909090909091,198.0,2.0842105263157893,95.0,1.1875,80.0,1.1594202898550725,133.0,-0.2268191678723121,0.05618873510595454,77.0,56.0,0.3089378854149381,-0.332298478875092,0.14384134198134751,-0.3481990795461824,-0.2189701997835989,0.33,0.55,0.58,0.61,0.73,1
0.06980961015412511,0.18465248241132518,146.0,0.9864864864864864,148.0,0.9866666666666668,150.0,0.178359096313912,0.07484220018034266,0.9801324503311258,151.0,1.0,151.0,0.2439418416801292,619.0,2.476,205.0,-0.0687179071006454,0.11927487726862163,102.0,103.0,0.3102561845600819,-0.1032763812555763,0.2688578140920003,-0.5419190569180174,0.1627947303301895,0.38,0.46,0.505,0.53,0.79,1
0.0643699002719855,0.1367225449235271,181.0,1.011173184357542,179.0,1.0654761904761905,168.0,1.105263157894737,0.018935978358881875,0.8958333333333334,96.0,0.5614035087719298,171.0,0.9395604395604396,182.0,0.9732620320855616,110.0,-0.2509887288241834,0.216302864994852,50.0,60.0,0.25787649113783667,-0.3374587285341885,0.2902571786350654,-0.2585874897473724,0.1665535899414832,0.405,0.37,0.465,0.535,0.795,1
0.06708975521305531,0.18035493352495224,146.0,0.2602495543672014,561.0,2.125,264.0,1.9411764705882355,0.0757439134355275,1.0205479452054795,146.0,0.36318407960199,402.0,2.851063829787234,141.0,0.9591836734693876,206.0,-0.085692765772719,0.07691931484397656,102.0,104.0,0.30688538496388956,-0.1404009423653517,0.14455792505831533,-0.5249820205201021,0.111264507903573,0.445,0.46,0.505,0.525,0.795,1
0.27651858567543064,0.5383912545356988,139.0,0.9144736842105264,152.0,1.034013605442177,147.0,0.3868421052631579,0.2822362488728584,2.7794117647058822,136.0,0.918918918918919,148.0,0.398921832884097,371.0,2.688405797101449,364.0,-0.1206516306480972,0.054365195835977195,100.0,264.0,0.3031249046678543,-0.1448069189432532,0.14630239270558662,-0.4442420680537989,0.1184663700960939,0.235,0.245,0.275,0.295,0.45,1
0.20761559383499548,0.4339945834853927,136.0,0.912751677852349,149.0,1.0067567567567568,148.0,1.0277777777777777,0.0757439134355275,1.0136054421768708,147.0,0.3730964467005076,394.0,2.897058823529412,136.0,0.9006622516556292,208.0,-0.1787098525277231,0.1014023932377139,104.0,104.0,0.27466979587493767,-0.2291752045393097,0.18825421040831916,-0.6011675366483261,-0.0150261907381241,0.295,0.47,0.505,0.53,0.74,1
0.04170444242973708,0.2249106207764542,97.0,0.9065420560747663,107.0,1.1145833333333333,96.0,1.0434782608695652,0.05590622182146077,0.9921875,128.0,1.1531531531531531,111.0,1.0373831775700937,107.0,0.8770491803278688,170.0,0.0878905249293269,0.19512957903130115,82.0,88.0,0.3694889656183379,0.0115938092728035,0.553763496576597,0.0775233103551488,0.0877887374488835,0.295,0.445,0.485,0.52,0.84,1
0.02085222121486854,0.11108974419669777,142.0,1.6136363636363635,88.0,1.1282051282051282,78.0,0.3823529411764705,0.13255184851217314,1.9272727272727272,110.0,0.5288461538461539,208.0,1.5522388059701493,134.0,1.7179487179487178,225.0,-0.1509582086823241,0.1340240691867447,77.0,148.0,0.345633714286211,-0.0279880310458149,0.2817072979736798,-0.0268259351033243,0.0612721464606028,0.31,0.325,0.345,0.36,0.395,1
0.03626473254759746,0.18759709924087695,108.0,0.972972972972973,111.0,0.9910714285714286,112.0,1.037037037037037,0.061316501352569885,1.1981981981981982,111.0,1.0277777777777777,108.0,0.9908256880733946,109.0,1.0,156.0,-0.0739234183696904,0.5057885070960418,63.0,93.0,0.362748947718708,-0.281794853679465,0.7322757960769282,-0.7937086604687967,0.1695053527510365,0.24,0.345,0.41,0.455,0.69,1
0.10154125113327289,0.18646113427039457,179.0,1.0654761904761905,168.0,1.037037037037037,162.0,0.9759036144578314,0.13525698827772767,1.0,215.0,2.263157894736842,95.0,0.6834532374100719,139.0,1.5795454545454546,209.0,-0.0854890793020415,0.16755764729639192,59.0,150.0,0.2895418632063246,-0.2027344706671447,0.40969179160104024,-0.1549534089988133,-0.1161549372017974,0.24,0.235,0.285,0.345,0.35,1
0.13236627379873073,0.18979309112708223,209.0,0.9766355140186916,214.0,0.9596412556053812,223.0,0.9911111111111112,0.18575293056807934,1.2152466367713004,223.0,1.0182648401826484,219.0,1.068292682926829,205.0,0.9855769230769232,259.0,-0.220963714437654,0.1775602086846524,70.0,189.0,0.2402581348838691,-0.330580862614043,0.3640409926023388,-0.4019609082185828,-0.0427868207648398,0.195,0.215,0.27,0.34,0.46,1
0.09066183136899365,0.2809521554456239,116.0,0.7341772151898734,158.0,1.2061068702290076,131.0,0.8851351351351351,0.0757439134355275,1.0567375886524824,141.0,0.9096774193548388,155.0,1.4351851851851851,108.0,0.7012987012987013,184.0,-0.2977298505356261,0.1490978933295398,80.0,104.0,0.362606300224656,-0.4285777483138083,0.24634346542087798,-0.7425984053755055,-0.2474527488721807,0.42,0.395,0.445,0.475,0.73,1
0.2810516772438803,0.5585603019418781,136.0,0.9315068493150684,146.0,0.3903743315508021,374.0,2.72992700729927,0.0721370604147881,1.013986013986014,143.0,0.3803191489361702,376.0,2.764705882352941,136.0,0.9066666666666666,199.0,-0.0315822242827449,0.04876085883876231,98.0,101.0,0.33134474545988657,-0.0719298645056722,0.13821651740254856,-0.3643143252393128,0.1600608963078578,0.335,0.46,0.5,0.525,0.795,1
0.03535811423390753,0.18566054943405463,108.0,0.9642857142857144,112.0,0.9824561403508772,114.0,1.0458715596330277,0.0063119927862939585,0.4161849710982659,173.0,1.453781512605042,119.0,1.101851851851852,108.0,0.972972972972973,104.0,-0.2696280671776306,0.5990722734205578,54.0,50.0,0.33678021926806784,-0.8907247138988904,0.413066527541058,-1.882766854742708,0.1736498046251677,0.35,0.49,0.53,0.58,0.85,1
0.07071622846781506,0.028890900090427787,554.0,1.8528428093645488,299.0,2.105633802816901,142.0,0.9403973509933776,0.0775473399458972,0.3784461152882205,399.0,1.4,285.0,2.0357142857142856,140.0,0.9333333333333332,208.0,-0.1960770472077906,0.09969961850371398,103.0,105.0,0.27580886320792547,-0.242240893677428,0.2031375357137903,-0.659825510159294,0.0585223231866788,0.465,0.455,0.5,0.525,0.78,1
0.07252946509519492,0.1817874498204099,151.0,0.9869281045751634,153.0,0.3923076923076923,390.0,0.6989247311827957,0.07303877366997295,1.0138888888888888,144.0,0.3214285714285714,448.0,1.6173285198555956,277.0,1.9928057553956835,204.0,-0.1853163156973033,0.08572509555524355,102.0,102.0,0.28382079011058403,-0.2256176040555196,0.1814813350269467,-0.5775689271138905,-0.0359639307721803,0.345,0.46,0.505,0.53,0.82,1
0.0643699002719855,0.1706329229331131,150.0,1.020408163265306,147.0,0.2732342007434944,538.0,1.8615916955017304,0.07303877366997295,0.3872679045092838,377.0,2.712230215827338,139.0,0.9328859060402684,149.0,0.3880208333333333,204.0,-0.1381099603555501,0.08254109327492062,102.0,102.0,0.29110846356902775,-0.2070760306039721,0.17828283268468928,-0.5704158797262209,0.0907763465705054,0.3,0.44,0.505,0.53,0.795,1
0.07796917497733455,0.18448612568023978,155.0,1.0333333333333334,150.0,0.2793296089385474,537.0,2.452054794520548,0.0793507664562669,0.3923076923076923,390.0,0.6989247311827957,558.0,2.415584415584416,231.0,1.6618705035971224,212.0,-0.219730109986132,0.10336450425414473,105.0,107.0,0.27009699668592124,-0.2894510007355446,0.2250072132641021,-0.6178635606255912,0.0369557824959948,0.29,0.46,0.5,0.525,0.785,1
0.06527651858567543,0.1817874498204099,143.0,0.9794520547945206,146.0,1.0138888888888888,144.0,0.2845849802371542,0.0739404869251578,1.0068493150684932,146.0,0.9931972789115646,147.0,1.0208333333333333,144.0,0.3789473684210526,200.0,-0.0546473465222572,0.07436216997158182,98.0,102.0,0.32428401836296517,-0.0729063362788705,0.2057486422797497,-0.378437834904012,0.1451876708270374,0.325,0.465,0.495,0.52,0.775,1
0.057116953762466005,0.09344071208158286,232.0,1.16,200.0,2.083333333333333,96.0,0.4343891402714932,0.11992786293958521,2.106382978723404,94.0,0.8392857142857143,112.0,1.1666666666666667,96.0,0.9230769230769232,203.0,-0.2672570850102546,0.04744595870707954,65.0,138.0,0.2220948103381959,-0.5329061747171495,0.07316562613588545,-0.3526498052373118,-0.2391315420364221,0.275,0.3,0.32,0.335,0.485,1
0.0643699002719855,0.16549025144611262,154.0,1.0547945205479452,146.0,1.0,146.0,0.4112676056338028,0.07664562669071236,0.9803921568627452,153.0,0.4058355437665782,377.0,2.7518248175182483,137.0,0.8954248366013072,208.0,-0.2123840157508944,0.0923809748479233,103.0,105.0,0.2627349880669354,-0.3005185860737251,0.1423239270253091,-0.6510709304032541,0.1024147120846574,0.42,0.445,0.5,0.52,0.765,1
0.1686310063463282,0.36498223446579525,137.0,0.9256756756756755,148.0,1.034965034965035,143.0,0.9930555555555556,0.0757439134355275,1.0,149.0,1.0347222222222223,144.0,1.006993006993007,143.0,0.9930555555555556,199.0,-0.0362453971439247,0.07442772944290468,95.0,104.0,0.3281751108450143,-0.0779051368815618,0.20784562170033358,-0.4136100978793242,0.203391216977138,0.335,0.435,0.48,0.505,0.765,1
0.06708975521305531,0.17754797591898794,148.0,1.0068027210884354,147.0,0.4060773480662983,362.0,2.6423357664233578,0.0757439134355275,0.407103825136612,366.0,2.7111111111111112,135.0,0.9310344827586208,145.0,0.3929539295392953,200.0,-0.1725594824722162,0.11756402913304632,96.0,104.0,0.2841036008474033,-0.262412831511755,0.2272339188375078,-0.6817613974650726,0.1345869829498093,0.32,0.44,0.485,0.505,0.775,1
0.0643699002719855,0.18327076456606103,141.0,0.9791666666666666,144.0,0.3977900552486187,362.0,0.9354005167958656,0.2795311091073039,2.840909090909091,132.0,0.9166666666666666,144.0,0.3881401617250674,371.0,2.688405797101449,364.0,-0.0541846410538013,0.03813685549436437,102.0,262.0,0.3263363244136088,-0.0588410003082056,0.17390997735798003,-0.4100645475882521,0.1244728120527428,0.265,0.26,0.28,0.295,0.425,1
0.02085222121486854,0.1497558692318887,111.0,0.5235849056603774,212.0,1.9272727272727272,110.0,0.5288461538461539,0.033363390441839495,1.0303030303030305,99.0,0.5755813953488372,172.0,1.011764705882353,170.0,1.103896103896104,124.0,-0.4354445184840558,0.1894342535060072,53.0,71.0,0.17661005916692293,-0.5807429963243383,0.2984754695967475,-0.5273150526567593,-0.3654675500394826,0.36,0.39,0.435,0.495,0.77,1
0.06980961015412511,0.17763220387729436,151.0,1.0342465753424657,146.0,0.2097701149425287,696.0,2.5494505494505493,0.0739404869251578,1.0208333333333333,144.0,0.993103448275862,145.0,0.9602649006622516,151.0,1.0342465753424657,202.0,-0.1172626047971561,0.0833832915783476,100.0,102.0,0.2994997027579362,-0.1422322645983888,0.19485771174878747,-0.5634229485444777,0.0916696361924674,0.445,0.465,0.505,0.525,0.775,1
0.02357207615593835,0.16224096578893185,107.0,1.1145833333333333,96.0,1.0434782608695652,92.0,0.8363636363636363,0.056807935076645624,1.1531531531531531,111.0,1.0373831775700937,107.0,0.8770491803278688,122.0,0.9384615384615383,177.0,0.0787416963657631,0.20646071689998702,88.0,89.0,0.3610661729163522,0.0282564335338807,0.557632388716077,0.0583835874658486,0.0598455560563232,0.275,0.46,0.5,0.54,0.8,1
0.15231187669990934,0.32219408196820176,143.0,0.9285714285714286,154.0,1.0620689655172413,145.0,0.9731543624161074,0.0757439134355275,1.0,149.0,0.2689530685920577,554.0,1.8528428093645488,299.0,2.105633802816901,206.0,-0.2228289065265137,0.08668199550699993,102.0,104.0,0.26651552691768443,-0.284861492009907,0.18555235241182585,-0.6100116261100323,0.0329523894357332,0.455,0.44,0.5,0.525,0.77,1
0.07343608340888486,0.1889013062536349,147.0,1.013793103448276,145.0,0.9863945578231292,147.0,0.98,0.0721370604147881,0.9931506849315068,146.0,1.020979020979021,143.0,0.9662162162162162,148.0,1.0206896551724138,201.0,-0.1354411838039499,0.09634218277662342,100.0,101.0,0.29506341923315216,-0.1785816519564029,0.18816060246461327,-0.5023184966622246,0.0873344443754324,0.465,0.455,0.5,0.53,0.805,1
0.07162284678150499,0.18040236783937139,151.0,1.0066666666666666,150.0,0.3712871287128713,404.0,2.906474820143885,0.0811541929666366,1.0472972972972974,148.0,0.4698412698412698,315.0,2.2992700729927007,137.0,0.9013157894736842,209.0,-0.096393189440077,0.09188809410318025,101.0,108.0,0.3025365237677097,-0.1646734397526351,0.2114558921035264,-0.457020747416938,0.1603774279707709,0.3,0.445,0.485,0.51,0.745,1
0.06980961015412511,0.18465248241132518,146.0,1.0,146.0,0.9864864864864864,148.0,0.3915343915343915,0.28313796212804326,2.828358208955224,134.0,0.9054054054054054,148.0,1.0136986301369864,146.0,0.9798657718120806,368.0,-0.2059179973632881,0.04826801220279884,103.0,265.0,0.28463545877359847,-0.2023417049802345,0.13972255794592647,-0.5787819325277677,-0.0204637517391227,0.195,0.26,0.28,0.295,0.42,1
0.07162284678150499,0.18751751500224045,146.0,0.9733333333333334,150.0,0.9554140127388536,157.0,1.0608108108108107,0.07303877366997295,0.9864864864864864,148.0,0.9673202614379084,153.0,1.0337837837837838,148.0,0.9801324503311258,199.0,-0.0587292327285032,0.12368930969634157,97.0,102.0,0.30905980701817604,-0.126327069786026,0.3143321373998982,-0.5389173346647084,0.1956069149610221,0.325,0.42,0.49,0.515,0.755,1
0.07524932003626474,0.18315442615463748,153.0,1.0,153.0,0.8742857142857143,175.0,1.881720430107527,0.060414788097385035,1.4666666666666666,90.0,1.125,80.0,1.0126582278481011,79.0,0.5448275862068965,152.0,-0.1898351458475464,0.09083179683877982,60.0,92.0,0.27165268820369626,-0.2749582921722419,0.26704691758439825,-0.15779322082079,-0.1113800270273579,0.34,0.36,0.395,0.465,0.44,1
0.06799637352674524,0.17353163222290402,152.0,1.0201342281879195,149.0,0.9675324675324676,154.0,0.9871794871794872,0.07303877366997295,0.9668874172185432,151.0,0.9741935483870968,155.0,1.0333333333333334,150.0,0.9933774834437086,207.0,-0.179926506032334,0.09920779369414594,105.0,102.0,0.274482590999617,-0.2408259748891063,0.19474000359748894,-0.5698745048930445,0.0708352410300819,0.31,0.45,0.51,0.535,0.785,1
0.07252946509519492,0.048012992520490023,419.0,0.5054282267792521,829.0,4.876470588235295,170.0,1.683168316831683,0.058611361587015326,0.9558823529411764,136.0,0.317016317016317,429.0,1.8982300884955752,226.0,1.6258992805755397,177.0,-0.064259419179557,0.11552926759845836,86.0,91.0,0.3294974799745359,-0.0429804750801249,0.2356537030865379,-0.4831859564483479,0.1553955815365819,0.425,0.45,0.49,0.52,0.795,1
0.012692656391659111,0.1701681509794757,90.0,1.0344827586206895,87.0,1.0357142857142858,84.0,0.8235294117647058,0.0369702434625789,0.4173228346456692,254.0,2.54,100.0,0.6756756756756757,148.0,0.6577777777777778,138.0,-0.3721090396410564,0.15810169565605375,64.0,74.0,0.2395235513965509,-0.4094077309360013,0.2438240299988358,-0.42325028493507,-0.2680461517216284,0.41,0.43,0.465,0.55,0.51,1
0.31278331822302813,0.1934657298737346,394.0,2.962406015037594,133.0,0.93006993006993,143.0,1.0214285714285714,0.07303877366997295,1.0138888888888888,144.0,0.4079320113314447,353.0,2.557971014492753,138.0,0.9452054794520548,203.0,-0.1950248035950307,0.08496070158958959,101.0,102.0,0.27685239732754635,-0.2328797587523254,0.1588215706148485,-0.624880852835476,-0.0656560845466363,0.415,0.465,0.5,0.525,0.74,1
0.07252946509519492,0.1904418241295195,145.0,0.9731543624161074,149.0,1.0067567567567568,148.0,1.0068027210884354,0.2939585211902615,0.7621832358674464,513.0,1.8387096774193548,279.0,2.0071942446043165,139.0,0.9455782312925172,376.0,-0.2506490354891132,0.03164021479934361,103.0,273.0,0.26904890013497496,-0.2604691911919303,0.11761048395130265,-0.5680371144241869,-0.1951466151579025,0.24,0.255,0.275,0.29,0.395,1
0.07162284678150499,0.05246731462894413,393.0,2.889705882352941,136.0,0.3830985915492957,355.0,2.517730496453901,0.21550946798917944,2.1870503597122304,139.0,0.9205298013245032,151.0,0.4015957446808511,376.0,2.7246376811594204,313.0,-0.1201721799035824,0.08717509815984206,101.0,212.0,0.2976302185820019,-0.1586270565006616,0.2666138666074704,-0.4977584066391947,0.1965788547262271,0.19,0.295,0.325,0.345,0.495,1
0.12783318223028106,0.21231166191064776,185.0,0.8685446009389671,213.0,0.9508928571428572,224.0,1.0,0.1442741208295762,2.5,90.0,0.8490566037735849,106.0,0.4711111111111111,225.0,2.393617021276596,229.0,-0.1869100211001908,0.14589289184777912,72.0,157.0,0.26332561771802043,-0.2679710519694893,0.20713098798531765,-0.2396237681549382,-0.0788283684368102,0.28,0.3,0.32,0.335,0.48,1
0.2665457842248413,0.5466159607959067,133.0,0.93006993006993,143.0,1.0070422535211268,142.0,0.3585858585858585,0.07303877366997295,1.006896551724138,145.0,1.0283687943262412,141.0,1.0,141.0,0.9724137931034482,200.0,-0.1675437247134534,0.06716296582987429,98.0,102.0,0.2929608857867173,-0.221915255973923,0.1309981203055571,-0.5057455186909455,0.0372979222454972,0.32,0.445,0.495,0.52,0.785,1
0.1514052583862194,0.4131451701044973,113.0,1.3452380952380951,84.0,0.9545454545454546,88.0,0.4378109452736318,0.032461677186654644,0.8145161290322581,124.0,1.3478260869565215,92.0,1.1358024691358024,81.0,1.0125,136.0,-0.1531770458589522,0.1844976565072471,66.0,70.0,0.295782294497795,-0.2207492236160158,0.42401488000968923,-0.1548611430034267,-0.1399487672669887,0.42,0.45,0.485,0.58,0.81,1
0.06799637352674524,0.17757642876396396,149.0,1.0205479452054795,146.0,0.36318407960199,402.0,2.851063829787234,0.0757439134355275,1.0205479452054795,146.0,1.006896551724138,145.0,0.4239766081871345,342.0,2.442857142857143,198.0,-0.050144943787655,0.07331070354098793,94.0,104.0,0.3238413445275634,-0.0886554980398964,0.20123213673952797,-0.4476123172860661,0.079815647380395,0.335,0.425,0.48,0.505,0.81,1
0.07071622846781506,0.18320060778755054,148.0,1.0277777777777777,144.0,0.9863013698630136,146.0,0.3403263403263403,0.29666366095581603,2.897058823529412,136.0,0.9006622516556292,151.0,0.383248730964467,394.0,2.8142857142857145,377.0,-0.2013739061552618,0.04253926442292043,102.0,275.0,0.26862725644887164,-0.2423210449816537,0.11438510985677662,-0.5002130786657867,-0.1203223535200814,0.19,0.25,0.275,0.29,0.395,1
0.1514052583862194,0.21664534634321242,204.0,1.0461538461538462,195.0,1.1079545454545454,176.0,1.011494252873563,0.13345356176735798,2.340659340659341,91.0,0.4918918918918919,185.0,1.989247311827957,93.0,0.8691588785046729,223.0,-0.2429214572040764,0.012118093287968278,74.0,149.0,0.2595905705924701,-0.4702328681656526,0.0918233135899725,-0.3473676077324276,-0.1597842932770104,0.3,0.32,0.335,0.35,0.475,1
0.07071622846781506,0.1817874498204099,149.0,1.0136054421768708,147.0,0.4106145251396648,358.0,1.3065693430656935,0.0775473399458972,1.0413793103448277,145.0,0.9731543624161074,149.0,1.0067567567567568,148.0,1.0068027210884354,208.0,-0.2497824108019929,0.07824919976541292,103.0,105.0,0.2637825316206236,-0.3023786852157405,0.164909398520869,-0.5811485431276201,-0.0534756944743122,0.465,0.455,0.5,0.52,0.78,1
0.07162284678150499,0.05720100564457129,371.0,2.748148148148148,135.0,0.3846153846153846,351.0,2.525179856115108,0.07484220018034266,1.034965034965035,143.0,0.3864864864864865,370.0,2.7007299270073,137.0,0.9194630872483222,201.0,-0.3279652829989946,0.05912425302700458,98.0,103.0,0.23790570255240873,-0.374036932838549,0.04126096651600389,-0.6552658433827419,-0.1297137541987357,0.32,0.45,0.495,0.52,0.78,1
0.28377153218495016,0.5504285137665946,139.0,0.9266666666666666,150.0,0.4143646408839779,362.0,2.701492537313433,0.0721370604147881,0.9797297297297296,148.0,0.9801324503311258,151.0,1.0272108843537415,147.0,0.3838120104438642,203.0,-0.0982660455643071,0.06578228191578803,102.0,101.0,0.32749993922913373,-0.2036634812897357,0.1429937111291928,-0.3795591183564665,0.0649761179516859,0.445,0.465,0.51,0.535,0.8,1
0.05439709882139619,0.1817874498204099,131.0,0.9703703703703704,135.0,0.9926470588235294,136.0,1.1239669421487604,0.0405770964833183,1.0091743119266054,109.0,0.9316239316239316,117.0,0.951219512195122,123.0,1.0423728813559323,141.0,-0.1737364512024278,0.2198878542173787,64.0,77.0,0.29148687067623136,-0.1782321581571761,0.4399965964799767,-0.1221963427238345,-0.1221963427238345,0.39,0.415,0.46,0.505,0.505,1
0.06618313689936536,0.1817874498204099,144.0,0.9664429530201344,149.0,0.9933333333333332,150.0,1.0344827586206895,0.0739404869251578,0.9932432432432432,148.0,0.3449883449883449,429.0,3.1313868613138687,137.0,0.9194630872483222,200.0,-0.1847476634607966,0.10364681035463587,98.0,102.0,0.2835254111094378,-0.24,0.21634103302619087,-0.610747595613966,0.0444253705925049,0.325,0.445,0.495,0.52,0.755,1
0.06799637352674524,0.1803646785337649,147.0,0.9735099337748344,151.0,1.0272108843537415,147.0,0.3,0.0739404869251578,0.98,150.0,0.4,375.0,0.7253384912959381,517.0,2.0597609561752988,203.0,-0.1323406184343891,0.08259523339837159,101.0,102.0,0.2856527690461541,-0.2179649682875357,0.16781661568851644,-0.5219866322230742,0.1283099225649367,0.46,0.45,0.505,0.525,0.785,1
0.0371713508612874,0.0992590245393964,185.0,1.8137254901960784,102.0,0.5604395604395604,182.0,1.6545454545454543,0.10820559062218214,1.8137254901960784,102.0,0.4951456310679611,206.0,2.080808080808081,99.0,0.456221198156682,194.0,-0.2455863990528889,0.15127027249906252,65.0,129.0,0.3125908778012144,-0.3046063295113918,0.23474588856717224,-0.1663545939306174,-0.134535028616412,0.185,0.32,0.335,0.355,0.36,1
0.06799637352674524,0.1803646785337649,147.0,1.027972027972028,143.0,0.986206896551724,145.0,0.9931506849315068,0.0739404869251578,1.013793103448276,145.0,1.0,145.0,0.9731543624161074,149.0,1.0205479452054795,207.0,-0.1810077540541214,0.09863343094264117,105.0,102.0,0.29906412371123026,-0.2446826293567908,0.17184547010372658,-0.5739072972438135,0.0229918457682252,0.44,0.48,0.515,0.54,0.76,1
0.29193109700815956,0.5814913299485452,135.0,0.9183673469387756,147.0,1.013793103448276,145.0,0.3698979591836734,0.284941388638413,2.801470588235294,136.0,0.9315068493150684,146.0,0.3903743315508021,374.0,2.72992700729927,366.0,-0.051918336627211,0.03455467234108412,100.0,266.0,0.324005779996438,-0.0713201625013082,0.1874756181241854,-0.3996823726815424,0.1334512845331533,0.205,0.255,0.275,0.29,0.42,1
0.06890299184043518,0.03655829258195622,481.0,0.88909426987061,541.0,2.1215686274509804,255.0,1.8085106382978724,0.21009918845807032,2.1911764705882355,136.0,0.9251700680272108,147.0,0.4049586776859504,363.0,2.592857142857143,312.0,-0.0701121798341425,0.04999293995986988,104.0,208.0,0.3162805281717871,-0.0981413380048347,0.17734339931410822,-0.3829210468822916,0.1056550879711157,0.195,0.31,0.335,0.355,0.505,1
0.07071622846781506,0.18039313395949777,150.0,1.0344827586206895,145.0,0.3815789473684211,380.0,2.695035460992908,0.32822362488728585,3.1313868613138687,137.0,0.9194630872483222,149.0,0.4116022099447514,362.0,2.742424242424242,403.0,-0.2364243096239583,0.049738873879195115,103.0,300.0,0.2747945478416712,-0.2119153510880393,0.1446581546989905,-0.6492085515851654,-0.0881988449269604,0.155,0.245,0.255,0.27,0.38,1
0.08884859474161379,0.17934128164337115,171.0,1.0555555555555556,162.0,0.8526315789473684,190.0,1.2418300653594772,0.028854824165915238,1.2597402597402598,77.0,1.0547945205479452,73.0,0.6636363636363637,110.0,0.8461538461538461,117.0,-0.1568618824827759,0.1426018506669212,50.0,67.0,0.31376432968302553,-0.0841226765290625,0.28946837543033,-0.1862205203988619,-0.0620307794807104,0.37,0.39,0.435,0.51,0.68,1
0.06618313689936536,0.0488862038372692,395.0,2.9477611940298507,134.0,0.9178082191780822,146.0,1.0138888888888888,0.2840396753832281,2.695035460992908,141.0,0.9463087248322148,149.0,0.407103825136612,366.0,2.6142857142857143,367.0,-0.2453345214261444,0.06042721400464322,101.0,266.0,0.2634255465591906,-0.2688474040519515,0.1495270739421622,-0.6886775275562806,-0.1863760814979796,0.215,0.255,0.275,0.29,0.39,1
0.017225747960108794,0.05206312605200565,237.0,2.257142857142857,105.0,1.2352941176470589,85.0,0.3953488372093023,0.1388638412984671,2.1683168316831685,101.0,0.3519163763066202,287.0,2.841584158415841,101.0,0.3581560283687943,219.0,-0.3238488159972595,0.2620722833277441,66.0,153.0,0.23436076223430205,-0.3601260007341208,0.5260266038749943,-0.5038636641730373,-0.3748663721201298,0.215,0.24,0.305,0.375,0.53,1
0.050770625566636446,0.1868474670575909,124.0,1.169811320754717,106.0,0.8346456692913385,127.0,0.7514792899408284,0.11722272317403065,2.2674418604651163,86.0,0.5029239766081871,171.0,1.8,95.0,0.6418918918918919,185.0,0.2217512810292476,0.08335734877844003,49.0,136.0,0.3916718322526246,-0.0018241239701909,0.16461916045170968,-0.041979310318722,0.3549978944093159,0.18,0.23,0.27,0.315,0.445,1
0.07343608340888486,0.055861017355835395,382.0,2.7681159420289854,138.0,0.9324324324324323,148.0,0.3925729442970822,0.07844905320108206,0.4010554089709762,379.0,2.786764705882353,136.0,0.9006622516556292,151.0,0.4026666666666667,201.0,-0.1792231197300235,0.09620434488574477,95.0,106.0,0.28563713286054937,-0.2095068081975218,0.18412762393780432,-0.5658052688983826,0.0464705000503915,0.36,0.44,0.48,0.505,0.78,1
0.07071622846781506,0.18320060778755054,148.0,0.3785166240409207,391.0,0.7621832358674464,513.0,1.8387096774193548,0.07123534715960325,0.9473684210526316,152.0,1.0066225165562914,151.0,1.0134228187919463,149.0,0.3688118811881188,200.0,-0.2334259951926009,0.06310920161226287,100.0,100.0,0.26807183554719966,-0.2549157599746239,0.13156445647999787,-0.5801682308212697,-0.0469721082993126,0.3,0.455,0.505,0.53,0.795,1
0.021758839528558477,0.05683075296324499,236.0,1.3111111111111111,180.0,0.8695652173913043,207.0,0.8181818181818182,0.0775473399458972,1.6593406593406594,91.0,0.6148648648648649,148.0,1.3577981651376148,109.0,1.058252427184466,170.0,-0.1254929078451095,0.05432161500584604,65.0,105.0,0.3095506466072716,-0.1203219313164922,0.20767556352052835,-0.0781954572803951,-0.0394576506489123,0.345,0.36,0.385,0.44,0.42,1
0.06890299184043518,0.1789801024494459,149.0,0.1308165057067603,1139.0,4.846808510638298,235.0,1.715328467153285,0.07484220018034266,1.034965034965035,143.0,0.2440273037542662,586.0,1.260215053763441,465.0,0.9046692607003892,206.0,-0.1496107147367474,0.0854443483706225,103.0,103.0,0.2876672506692344,-0.2034278296288775,0.1938819739354756,-0.5282323217361791,0.0394572605906468,0.36,0.465,0.5,0.525,0.775,1
0.06890299184043518,0.1776045022376736,150.0,0.2631578947368421,570.0,2.511013215859031,227.0,1.6214285714285714,0.2678088367899008,2.701492537313433,134.0,0.9178082191780822,146.0,0.9798657718120806,149.0,0.9738562091503268,358.0,-0.1933035388504811,0.03860966134609487,105.0,253.0,0.2660179187942044,-0.2456060409827794,0.1509971073514364,-0.5546087866129236,-0.051661577101872,0.25,0.265,0.295,0.31,0.435,1
0.028105167724388033,0.22361692564777289,85.0,0.9239130434782608,92.0,1.010989010989011,91.0,1.011111111111111,0.015329125338142471,0.9318181818181818,88.0,0.967032967032967,91.0,1.0963855421686748,83.0,0.988095238095238,116.0,-0.196035048129861,0.25438178170663944,59.0,57.0,0.29298564984894243,-0.1758720789077428,0.43489440804231894,-0.136681156821429,-0.1109316451491589,0.415,0.45,0.52,0.565,0.57,1
0.10607434270172257,0.3909348289572249,94.0,0.4140969162995594,227.0,2.4148936170212765,94.0,0.4253393665158371,0.15960324616771868,2.520833333333333,96.0,0.6956521739130435,138.0,1.6626506024096386,83.0,0.7685185185185185,236.0,-0.1065278255906845,0.0897754085283359,67.0,169.0,0.2955155702142242,-0.2054258971773147,0.3625758591073951,-0.1402289296645435,-0.1353012704831283,0.235,0.265,0.285,0.33,0.36,1
0.07162284678150499,0.19050192395111054,144.0,0.4198250728862974,343.0,2.5407407407407407,135.0,0.9246575342465754,0.07484220018034266,1.034965034965035,143.0,0.3666666666666666,390.0,2.977099236641221,131.0,0.8791946308724832,208.0,-0.1682879800558541,0.11061896436863192,105.0,103.0,0.2815807359022747,-0.1980090708755005,0.2040560496886457,-0.5466027623099294,0.0746134369046015,0.3,0.475,0.51,0.535,0.81,1
0.07162284678150499,0.21966453423101417,127.0,0.9202898550724636,138.0,0.9019607843137256,153.0,0.9622641509433962,0.02164111812443643,0.6267605633802817,142.0,1.5106382978723405,94.0,0.5911949685534591,159.0,1.0460526315789471,120.0,-0.1329009702323112,0.07420381800338163,58.0,62.0,0.31306405663015807,-0.175290361728049,0.1965805727859079,-0.3085499379226775,0.0211430674231615,0.25,0.44,0.485,0.555,0.52,1
0.07071622846781506,0.02095473656171184,645.0,2.5595238095238093,252.0,1.8,140.0,0.9655172413793104,0.0757439134355275,1.0,149.0,0.2376395534290271,627.0,1.9532710280373835,321.0,2.2928571428571427,209.0,-0.0152577349345997,0.08554190779620015,105.0,104.0,0.3277465830230576,-0.0631310272798286,0.22660853153765598,-0.4610089828973003,0.2161609124100134,0.31,0.46,0.505,0.53,0.78,1
0.06890299184043518,0.1789801024494459,149.0,1.0,149.0,0.2689530685920577,554.0,1.8528428093645488,0.0721370604147881,0.9797297297297296,148.0,0.9801324503311258,151.0,0.3784461152882205,399.0,1.4,201.0,-0.229818011934099,0.09826622218801244,100.0,101.0,0.2634936874864162,-0.2826884422110553,0.20114615380307485,-0.6274857316713368,0.0085531753493902,0.295,0.46,0.505,0.53,0.79,1
0.06890299184043518,0.1876377261599012,143.0,0.986206896551724,145.0,0.9931506849315068,146.0,1.042857142857143,0.0721370604147881,1.0,145.0,0.9731543624161074,149.0,1.0205479452054795,146.0,0.9864864864864864,203.0,-0.2074127715045615,0.08810821161472843,102.0,101.0,0.2953193059960434,-0.2527050586445746,0.11825499419275995,-0.6315186354188523,0.008917989262113,0.265,0.475,0.51,0.54,0.77,1
0.07252946509519492,0.1904418241295195,145.0,0.9931506849315068,146.0,0.2487223168654173,587.0,1.1646825396825398,0.0721370604147881,1.0,145.0,1.0069444444444444,144.0,1.006993006993007,143.0,0.9662162162162162,201.0,-0.1267137853981408,0.08577591042102241,100.0,101.0,0.29788191546197057,-0.1677353895930016,0.18749968125330133,-0.4478295700468523,0.0691084631351453,0.3,0.46,0.5,0.53,0.8,1
0.06799637352674524,0.016512940445053196,696.0,2.5494505494505493,273.0,2.022222222222222,135.0,0.9183673469387756,0.0721370604147881,0.9602649006622516,151.0,1.0342465753424657,146.0,0.9798657718120806,149.0,0.2744014732965009,201.0,-0.1156282306552484,0.0868443643499333,100.0,101.0,0.2973680171366855,-0.1607298545809138,0.18190021082469526,-0.5005339114754819,0.1104204860436572,0.455,0.445,0.5,0.53,0.785,1
0.07071622846781506,0.18039313395949777,150.0,1.0135135135135136,148.0,1.034965034965035,143.0,0.3666666666666666,0.0703336339044184,0.3896457765667575,367.0,2.738805970149253,134.0,0.9571428571428572,140.0,0.3846153846153846,202.0,-0.2447999737041358,0.12453342757719273,102.0,100.0,0.2651281595076299,-0.2978128888361493,0.2130802970654221,-0.6276291908826299,-0.1182904220940539,0.47,0.455,0.51,0.54,0.755,1
0.06799637352674524,0.18469227453064344,144.0,0.3214285714285714,448.0,1.6173285198555956,277.0,1.9928057553956835,0.0757439134355275,0.9675324675324676,154.0,0.9871794871794872,156.0,1.033112582781457,151.0,0.3094262295081967,210.0,-0.2608359353627063,0.07821491633878899,106.0,104.0,0.2557072196446847,-0.3075378497256344,0.1412915660520709,-0.6346655946856583,-0.1456313742335546,0.455,0.47,0.505,0.53,0.73,1
0.06618313689936536,0.17476908139300001,149.0,1.0347222222222223,144.0,0.9664429530201344,149.0,0.9933333333333332,0.0721370604147881,1.0211267605633805,142.0,0.9726027397260274,146.0,0.9864864864864864,148.0,1.0277777777777777,204.0,-0.150192437493845,0.1153715742763334,103.0,101.0,0.3017630520172833,-0.2184334274421078,0.23393260822927558,-0.6351400337110061,0.0599500081337309,0.31,0.48,0.51,0.535,0.79,1
0.06708975521305531,0.0750940233012914,296.0,2.1142857142857143,140.0,0.9271523178807948,151.0,1.0342465753424657,0.0739404869251578,1.0068493150684932,146.0,0.4159544159544159,351.0,2.525179856115108,139.0,0.9586206896551724,205.0,0.0004386410645183,0.09287695642054367,103.0,102.0,0.3360968764616061,-0.0738755974738396,0.23580150733881775,-0.3682150562036649,0.2512365251658256,0.315,0.47,0.505,0.53,0.79,1
0.07524932003626474,0.17394442310277933,160.0,1.0126582278481011,158.0,0.9634146341463414,164.0,1.312,0.12263300270513977,1.1355932203389831,177.0,1.059880239520958,167.0,1.04375,160.0,0.98159509202454,222.0,-0.3409126699282971,0.09868299483248676,82.0,140.0,0.30346383629877566,-0.5479007763855731,0.31267111345857407,-0.4822046885484219,-0.3487359046977382,0.195,0.345,0.37,0.39,0.64,1
0.18041704442429737,0.37889756972632904,139.0,0.952054794520548,146.0,0.9864864864864864,148.0,0.9932885906040269,0.07664562669071236,0.974025974025974,154.0,1.0335570469798658,149.0,0.9802631578947368,152.0,0.238244514106583,207.0,0.0779476513610894,0.07262729794849382,102.0,105.0,0.35251521564005933,0.0385058251063681,0.22379805087415017,-0.298579920907998,0.2873817628208849,0.45,0.46,0.495,0.52,0.755,1
0.07071622846781506,0.1846329923936999,147.0,1.0208333333333333,144.0,1.006993006993007,143.0,0.9662162162162162,0.07484220018034266,0.9801324503311258,151.0,1.0342465753424657,146.0,0.2097701149425287,696.0,2.5494505494505493,204.0,-0.2228846705137393,0.05170299123912069,101.0,103.0,0.2722783975813498,-0.2671838280241246,0.09272588970387008,-0.5394135345622904,-0.0731592992554874,0.305,0.45,0.5,0.525,0.785,1
0.10607434270172257,0.373861573517485,98.0,0.4875621890547263,201.0,2.1157894736842104,95.0,0.5,0.11181244364292155,1.96875,96.0,0.5423728813559322,177.0,1.6238532110091743,109.0,0.558974358974359,220.0,-0.0196092215351081,0.046781133558726096,88.0,132.0,0.37387538311402213,-0.0651761952844059,0.28610240359327876,-0.0960496737671543,0.0681460809063674,0.26,0.385,0.4,0.42,0.545,1
0.09156844968268359,0.29098829379449914,113.0,0.653179190751445,173.0,1.4661016949152543,118.0,0.6555555555555556,0.10820559062218214,1.8137254901960784,102.0,0.5604395604395604,182.0,1.6545454545454543,110.0,1.375,207.0,-0.2258510936179393,0.09917752858746315,78.0,129.0,0.32380576787325405,-0.2138503701891181,0.22733974299887025,-0.1693348078084749,-0.1421593263080324,0.225,0.36,0.38,0.4,0.43,1
0.2638259292837715,0.5334648947393507,135.0,0.906040268456376,149.0,1.0567375886524824,141.0,0.9527027027027029,0.0739404869251578,0.4441087613293051,331.0,2.470149253731343,134.0,0.9305555555555556,144.0,1.0140845070422535,202.0,-0.2221613037376704,0.09297993557794722,100.0,102.0,0.26440212605236235,-0.2828463137401192,0.1662404540047209,-0.6106289732819009,-0.0032619874436126,0.435,0.455,0.5,0.525,0.8,1
0.2112420670897552,0.4300559214576364,139.0,0.9205298013245032,151.0,0.4015957446808511,376.0,2.7246376811594204,0.0757439134355275,1.0347222222222223,144.0,0.4864864864864865,296.0,2.208955223880597,134.0,0.91156462585034,206.0,-0.1659072897416678,0.10757719457460684,102.0,104.0,0.27687193926002474,-0.2357892632964718,0.22004456549243542,-0.5735363982576156,0.1098707265624358,0.325,0.445,0.5,0.525,0.775,1
0.06980961015412511,0.05496403906723482,376.0,2.7246376811594204,138.0,0.9517241379310344,145.0,0.9797297297297296,0.0739404869251578,1.0068493150684932,146.0,1.0,146.0,1.020979020979021,143.0,0.9727891156462584,196.0,-0.1368405256201831,0.10886575815432697,94.0,102.0,0.30155269168430465,-0.1719781878060283,0.25891757775494106,-0.509765272341559,0.0357885668139878,0.27,0.455,0.485,0.51,0.77,1
0.057116953762466005,0.21217638525054539,117.0,0.75,156.0,1.1142857142857143,140.0,1.25,0.1073038773669973,1.3142857142857145,140.0,0.8284023668639053,169.0,1.3,130.0,0.935251798561151,173.0,-0.0869645829065777,0.05080448934128382,45.0,128.0,0.2895942360734542,-0.2090666701419974,0.12533808390207238,-0.3235888939841415,-0.0079403102980982,0.14,0.225,0.265,0.31,0.285,1
0.07252946509519492,0.1874785349669899,147.0,0.3,490.0,1.828358208955224,268.0,1.9142857142857144,0.2795311091073039,0.7253384912959381,517.0,2.0597609561752988,251.0,1.805755395683453,139.0,0.9652777777777778,367.0,-0.1593381557177022,0.0500120335656053,105.0,262.0,0.2960026575194988,-0.160510369387788,0.13747514641228958,-0.477443807941444,-0.0209066668189993,0.205,0.265,0.285,0.3,0.415,1
0.0,0.14733964619787565,85.0,0.6854838709677419,124.0,0.8,155.0,0.9171597633136096,0.057709648331830475,0.9699248120300752,133.0,1.5647058823529412,85.0,0.5985915492957746,142.0,0.7845303867403315,148.0,-0.378125690520403,0.07602814928579912,58.0,90.0,0.21843476145276214,-0.6586579113075072,0.05284976058103358,-0.4562155555413771,-0.2617115368233539,0.285,0.365,0.39,0.415,0.67,1
0.06980961015412511,0.1817874498204099,148.0,0.2761194029850746,536.0,2.310344827586207,232.0,1.6571428571428573,0.0775473399458972,1.0202702702702702,148.0,1.0136986301369864,146.0,0.9864864864864864,148.0,0.9866666666666668,211.0,-0.1356580249121558,0.10117851085343113,106.0,105.0,0.2932635621847282,-0.1561666861883106,0.24108307839580995,-0.4726298480530376,0.1211237502954352,0.46,0.48,0.505,0.535,0.8,1
0.2728921124206709,0.5167157702562883,143.0,0.9662162162162162,148.0,1.0277777777777777,144.0,0.9863013698630136,0.07484220018034266,1.0206896551724138,145.0,0.9931506849315068,146.0,1.0138888888888888,144.0,0.993103448275862,197.0,0.1481300868572144,0.06531597703009992,94.0,103.0,0.3861224298841539,0.1022228915151302,0.2426981643248035,-0.1623037578792067,0.3601774196604336,0.26,0.44,0.48,0.505,0.785,1
0.06799637352674524,0.1861751570750284,143.0,0.3950276243093922,362.0,2.6423357664233578,137.0,0.9256756756756755,0.07484220018034266,1.0068027210884354,147.0,1.013793103448276,145.0,0.3961748633879781,366.0,2.652173913043478,198.0,-0.2414306678688063,0.055589383322077336,95.0,103.0,0.29084659377544025,-0.3072353822804368,0.08715921110326537,-0.5631751635421601,-0.0380547826793468,0.26,0.425,0.485,0.51,0.785,1
0.030825022665457842,0.17981436133798714,106.0,0.9298245614035088,114.0,1.0363636363636364,110.0,1.0476190476190477,0.025247971145175834,0.9117647058823528,102.0,1.2,85.0,0.9239130434782608,92.0,1.010989010989011,126.0,-0.226631200613978,0.2476672237852303,61.0,65.0,0.27232703197338376,-0.2362268577642441,0.4263808657606957,-0.1761962697224223,-0.1761962697224223,0.38,0.43,0.495,0.54,0.54,1
0.22212148685403446,0.4515572576925336,138.0,0.9324324324324323,148.0,1.0,148.0,0.9801324503311258,0.0757439134355275,1.0205479452054795,146.0,0.9733333333333334,150.0,1.0273972602739727,146.0,0.9668874172185432,209.0,-0.1993852429358437,0.09051123326135829,105.0,104.0,0.2837983969997548,-0.2225590540381996,0.09980843594607584,-0.4293177569991803,-0.0289095409475815,0.315,0.475,0.51,0.53,0.8,1
0.0770625566636446,0.18450364954945941,154.0,1.013157894736842,152.0,1.0066225165562914,151.0,1.0134228187919463,0.42560865644724977,2.452054794520548,219.0,1.5755395683453235,139.0,0.9328859060402684,149.0,1.0,480.0,-0.2130047370371862,0.05405270700767517,105.0,375.0,0.2709574904975779,-0.210449776720885,0.23516913374695753,-0.4940538172173794,-0.1037099122583845,0.13,0.205,0.22,0.235,0.315,1
0.06980961015412511,0.17763220387729436,151.0,1.0413793103448277,145.0,0.9731543624161074,149.0,1.0067567567567568,0.07484220018034266,0.3785166240409207,391.0,0.7621832358674464,513.0,1.8387096774193548,279.0,2.0071942446043165,207.0,-0.2386118296217211,0.07275554685387317,104.0,103.0,0.25643939906448754,-0.3004330401255796,0.12124445050942102,-0.6658921586908337,-0.0690248713736423,0.315,0.47,0.51,0.53,0.76,1
0.06799637352674524,0.17896113388612858,148.0,0.9736842105263158,152.0,1.0133333333333334,150.0,1.0135135135135136,0.23624887285843102,2.369565217391304,138.0,0.4367088607594936,316.0,2.289855072463768,138.0,0.9324324324324323,332.0,-0.1631744326846511,0.05367464116338383,104.0,228.0,0.2957573634283991,-0.1517769202607877,0.18126951748372705,-0.555975840555227,0.0684760105708873,0.29,0.295,0.315,0.33,0.48,1
0.43789664551223934,0.3601572882146836,299.0,2.105633802816901,142.0,0.9403973509933776,151.0,1.0134228187919463,0.3011722272317403,1.4,285.0,2.0357142857142856,140.0,0.9333333333333332,150.0,1.0067114093959733,384.0,-0.2243199153456176,0.04643909983395005,105.0,279.0,0.27243433120579696,-0.2519468343987553,0.1616882800558748,-0.6274882788075808,-0.0993976368757726,0.165,0.245,0.275,0.29,0.4,1
0.03445149592021759,0.1817874498204099,109.0,0.981981981981982,111.0,1.0,111.0,0.9823008849557522,0.060414788097385035,1.1891891891891893,111.0,1.0,111.0,0.9652173913043478,115.0,1.0087719298245614,153.0,-0.1538074011688118,0.48742660089825846,61.0,92.0,0.3208037403966861,-0.3767237559532586,0.7117751688440622,-0.7927314206858067,0.2208443813723426,0.23,0.365,0.4,0.445,0.68,1
0.07252946509519492,0.052795538322323476,394.0,2.8142857142857145,140.0,0.945945945945946,148.0,1.0206896551724138,0.22272317403065825,2.345864661654135,133.0,0.8807947019867549,151.0,1.0272108843537415,147.0,0.3838120104438642,321.0,-0.1617106930782848,0.0524630401545595,103.0,218.0,0.28923660239300375,-0.1780315739438864,0.15839750050328547,-0.5117990604062242,-0.0205843189347389,0.285,0.295,0.325,0.34,0.485,1
0.06890299184043518,0.06552425416731635,331.0,2.470149253731343,134.0,0.9305555555555556,144.0,1.0140845070422535,0.0721370604147881,0.3680203045685279,394.0,2.855072463768116,138.0,0.9452054794520548,146.0,0.3753213367609254,199.0,-0.1295561851282262,0.05600095799065176,98.0,101.0,0.29203897528469724,-0.1599225156468687,0.12330684938787231,-0.4661704501861758,0.0599406901557041,0.365,0.465,0.5,0.525,0.805,1
0.05983680870353581,0.1730120353111729,143.0,0.405099150141643,353.0,2.576642335766423,137.0,0.9383561643835616,0.26330027051397653,2.6444444444444444,135.0,0.9121621621621622,148.0,1.0277777777777777,144.0,0.4,348.0,-0.3352327037104906,0.04112393959723507,99.0,249.0,0.23453403138263157,-0.3564074408195793,0.07973156652679692,-0.6341581620061109,-0.1389440910086091,0.225,0.265,0.285,0.305,0.445,1
0.0770625566636446,0.18871285972560242,151.0,1.0134228187919463,149.0,0.25,596.0,2.462809917355372,0.0757439134355275,0.2310077519379845,645.0,2.5595238095238093,252.0,1.8,140.0,0.9655172413793104,206.0,-0.2244090886266135,0.06805075683978125,102.0,104.0,0.2641262573133959,-0.2838094977936412,0.11162065679441929,-0.6811867667359774,-0.0214423845564431,0.3,0.46,0.505,0.525,0.79,1
0.06799637352674524,0.04917018936523646,399.0,1.3758620689655172,290.0,2.1323529411764706,136.0,0.9444444444444444,0.2822362488728584,1.3309859154929575,284.0,2.103703703703704,135.0,0.9121621621621622,148.0,1.0277777777777777,367.0,-0.1833680664371714,0.044333444282860436,103.0,264.0,0.282332976096802,-0.1741490577744522,0.1565112666091271,-0.5378965412004162,0.0233948150298052,0.165,0.265,0.28,0.295,0.42,1
0.08794197642792384,0.3545613717160397,92.0,0.423963133640553,217.0,2.237113402061856,97.0,0.532967032967033,0.12173128944995491,2.1052631578947367,95.0,0.4611650485436893,206.0,1.4714285714285715,140.0,0.6730769230769231,205.0,-0.1498580045823006,0.04462015006605883,65.0,140.0,0.2836400702648675,-0.2783811957673167,0.21047796373466643,-0.1519516177246028,-0.040804571789951,0.25,0.3,0.32,0.375,0.345,1
0.06890299184043518,0.18467224125677975,145.0,0.9731543624161074,149.0,1.041958041958042,143.0,0.9930555555555556,0.07123534715960325,0.3396226415094339,424.0,1.4722222222222223,288.0,2.149253731343284,134.0,0.9054054054054054,205.0,-0.1793965366598123,0.07748791644420536,105.0,100.0,0.27641252849912307,-0.2177058272801783,0.1361153913311962,-0.6178611032461134,0.0017036065242356,0.47,0.485,0.52,0.54,0.78,1
0.25385312783318226,0.5007748194391494,139.0,0.9586206896551724,145.0,0.9797297297297296,148.0,0.9736842105263158,0.0757439134355275,0.2738970588235294,544.0,2.045112781954887,266.0,1.9,140.0,0.9722222222222222,210.0,0.0544070546749559,0.09338908584799341,106.0,104.0,0.3457428551184335,0.0108832922781286,0.2343915398805727,-0.2963075274299224,0.3152142409781721,0.435,0.48,0.51,0.54,0.785,1
0.07162284678150499,0.18751751500224045,146.0,1.028169014084507,142.0,1.0070921985815602,141.0,0.9929577464788732,0.4418394950405771,2.4342105263157894,228.0,1.7142857142857142,133.0,0.93006993006993,143.0,0.3714285714285714,488.0,-0.2603241762210853,0.023179512885169024,100.0,388.0,0.2648046799675677,-0.3008836007898562,0.07965771634925035,-0.561669629512534,-0.1373099074521315,0.125,0.185,0.205,0.22,0.305,1
0.18223028105167724,0.48980449909462836,110.0,1.3414634146341464,82.0,0.3867924528301887,212.0,2.0,0.017132551848512173,0.9333333333333332,90.0,0.9278350515463918,97.0,0.8362068965517241,116.0,0.8992248062015504,135.0,-0.0709787858972416,0.20800938793891383,77.0,58.0,0.2898639581147764,-0.2079646153152921,0.29084444326932934,-0.5651627785653675,0.3050699317243687,0.295,0.48,0.57,0.67,0.595,1
0.06890299184043518,0.009681835422283793,830.0,3.721973094170404,223.0,1.6277372262773722,137.0,0.9448275862068966,0.07123534715960325,0.9863013698630136,146.0,0.9668874172185432,151.0,1.0486111111111112,144.0,0.9664429530201344,200.0,-0.0546409863588001,0.07633139557445652,100.0,100.0,0.3203733525632948,-0.1,0.16576134398815012,-0.434597769107416,0.1032015225243555,0.36,0.47,0.505,0.535,0.78,1
0.06980961015412511,0.17899881809858573,150.0,1.0416666666666667,144.0,1.006993006993007,143.0,1.0070422535211268,0.0739404869251578,1.013793103448276,145.0,0.9863945578231292,147.0,0.98,150.0,0.313152400835073,202.0,-0.1122014617719416,0.10832990357133984,100.0,102.0,0.29419150129836547,-0.1707747968436236,0.25267315287499703,-0.5169936790104707,0.050046163647694,0.435,0.455,0.505,0.53,0.82,1
0.03626473254759746,0.07674481994003643,223.0,1.0,223.0,2.027272727272728,110.0,0.9565217391304348,0.062218214607754736,1.2884615384615383,104.0,0.8666666666666667,120.0,1.0714285714285714,112.0,1.4177215189873418,155.0,-0.2977354725832832,0.49444600535585703,62.0,93.0,0.32051782279784574,-0.5724732818203194,0.6942359361181246,-0.8568609387473163,-0.0799182738513878,0.215,0.36,0.405,0.455,0.67,1
0.2846781504986401,0.5647116954459022,136.0,0.9444444444444444,144.0,0.9863013698630136,146.0,0.3659147869674185,0.0721370604147881,0.2715355805243445,534.0,2.225,240.0,1.7647058823529411,136.0,0.9379310344827586,199.0,-0.1331437583697047,0.08467341889550661,98.0,101.0,0.3041295260438587,-0.1914353515433081,0.1763939550797023,-0.5670109881718867,0.0720615247703822,0.35,0.46,0.5,0.525,0.79,1
0.07162284678150499,0.17768652081772726,153.0,0.4058355437665782,377.0,2.7518248175182483,137.0,0.8954248366013072,0.0721370604147881,0.935483870967742,155.0,1.0763888888888888,144.0,0.9290322580645162,155.0,1.148148148148148,204.0,-0.2737176792676442,0.2591368733327192,103.0,101.0,0.21305426739086983,-1.1092654288886863,0.11618197943423984,-0.5024206841617729,0.0998264447406216,0.27,0.45,0.51,0.535,0.805,1
0.06708975521305531,0.18471258799015555,143.0,0.3803191489361702,376.0,2.764705882352941,136.0,0.9066666666666666,0.07303877366997295,1.0,146.0,0.9798657718120806,149.0,0.3104166666666667,480.0,1.7391304347826086,202.0,0.0203414393886995,0.07092192547033235,100.0,102.0,0.3642799949508999,-0.0752585289237733,0.19212770522147335,-0.3514823941783865,0.2423326080543903,0.44,0.465,0.5,0.525,0.79,1
0.1559383499546691,0.3491053531298619,135.0,0.906040268456376,149.0,1.0205479452054795,146.0,1.020979020979021,0.0739404869251578,0.2363344051446945,622.0,1.3610503282275712,457.0,0.8788461538461538,520.0,1.037924151696607,206.0,-0.0887083563871116,0.11169029856035072,104.0,102.0,0.299043325966562,-0.1592552099370677,0.2657875994971978,-0.4865517812427923,0.1498111091802162,0.445,0.46,0.51,0.535,0.76,1
0.06799637352674524,0.1817874498204099,146.0,1.0354609929078014,141.0,0.436532507739938,323.0,2.3576642335766422,0.07664562669071236,0.2631578947368421,570.0,2.511013215859031,227.0,1.6214285714285714,140.0,0.9523809523809524,207.0,-0.0058033886363561,0.10086249178385158,102.0,105.0,0.3244588310645548,-0.0603205444046906,0.23646864787232358,-0.4429112996741825,0.1981469685214696,0.41,0.46,0.495,0.52,0.755,1
0.42883046237534,0.4851453600999343,222.0,1.5524475524475525,143.0,1.2327586206896552,116.0,0.6946107784431138,0.0703336339044184,0.28714859437751,498.0,1.837638376383764,271.0,1.9496402877697845,139.0,0.9391891891891893,201.0,-0.0754551397043366,0.03439824854264073,101.0,100.0,0.3457670317433846,-0.0751951971531813,0.10655207122441389,-0.3576082658583053,0.0984206276083207,0.48,0.465,0.51,0.535,0.81,1
0.06708975521305531,0.17754797591898794,148.0,1.0206896551724138,145.0,0.935483870967742,155.0,1.0763888888888888,0.0721370604147881,0.9931506849315068,146.0,1.042857142857143,140.0,0.9859154929577464,142.0,0.9726027397260274,201.0,-0.3749305089124766,0.08023675255029766,100.0,101.0,0.24192123105231805,-0.3407474683552877,0.044958453613260826,-0.7374517367807746,-0.1036202627679339,0.435,0.48,0.505,0.525,0.77,1
0.07071622846781506,0.17765954102165696,152.0,1.034013605442177,147.0,0.3056133056133056,481.0,0.88909426987061,0.0721370604147881,0.9731543624161074,149.0,0.5,298.0,2.1911764705882355,136.0,0.9251700680272108,204.0,-0.0178145500073933,0.09259015806841546,103.0,101.0,0.3199252871877127,-0.0882862873812596,0.23892665554300332,-0.4471414960739598,0.2183137185690345,0.39,0.47,0.51,0.535,0.805,1
0.06618313689936536,0.07794504479443881,286.0,2.1343283582089554,134.0,0.9305555555555556,144.0,0.3789473684210526,0.21009918845807032,2.143884892086331,139.0,0.9266666666666666,150.0,0.3937007874015748,381.0,2.8646616541353382,308.0,-0.2110741619212725,0.053186299440393,100.0,208.0,0.2764136323552153,-0.2223733657167249,0.14170826830991898,-0.6072693331991398,0.0566354233791656,0.255,0.31,0.33,0.345,0.51,1
0.06890299184043518,0.1789801024494459,149.0,1.0275862068965518,145.0,0.9931506849315068,146.0,0.9605263157894736,0.07303877366997295,0.9864864864864864,148.0,0.9932885906040269,149.0,1.0067567567567568,148.0,0.9932885906040269,199.0,-0.0534609858890613,0.0911533865108291,97.0,102.0,0.3129225191836586,-0.1082523823151351,0.20964043727122472,-0.372097745693267,0.1832864217377353,0.34,0.46,0.49,0.52,0.765,1
0.01813236627379873,0.062415596633831505,212.0,1.582089552238806,134.0,0.5775862068965517,232.0,1.16,0.12623985572587917,2.1808510638297878,94.0,0.4747474747474747,198.0,2.106382978723404,94.0,0.8392857142857143,207.0,-0.0742509454692951,0.04880545415313101,64.0,143.0,0.31659926908817193,-0.186944613447105,0.2268569447548937,-0.0257289001006009,-0.0455007294002642,0.26,0.29,0.31,0.355,0.42,1
0.06255666364460562,0.05093053346208177,374.0,2.833333333333333,132.0,0.3952095808383233,334.0,2.492537313432836,0.2560865644724977,2.643939393939394,132.0,0.9103448275862068,145.0,1.0431654676258992,139.0,0.9586206896551724,349.0,-0.1658382436522769,0.03841526850676096,105.0,244.0,0.3098096872389122,-0.2557255241428219,0.12428724108026741,-0.4821119086436283,-0.0146217374329053,0.19,0.285,0.305,0.32,0.465,1
0.2846781504986401,0.5690974111848822,135.0,0.9246575342465754,146.0,0.9798657718120806,149.0,1.0067567567567568,0.0757439134355275,1.0347222222222223,144.0,0.9664429530201344,149.0,0.4293948126801152,347.0,2.532846715328468,199.0,-0.1731009778462995,0.04995883144245217,95.0,104.0,0.28135291835421355,-0.2174658341873875,0.10596242681783323,-0.488093668118532,0.0399956822251832,0.4,0.425,0.48,0.505,0.76,1
0.07162284678150499,0.18461376575469118,148.0,0.9736842105263158,152.0,1.0133333333333334,150.0,0.9933774834437086,0.08205590622182146,0.4239130434782608,368.0,2.537931034482759,145.0,0.935483870967742,155.0,1.0472972972972974,213.0,-0.1861195931312662,0.07924477942985302,104.0,109.0,0.277745609221776,-0.2269520980958973,0.15353836995091,-0.532352063089279,0.0230450526573869,0.285,0.46,0.49,0.515,0.75,1
0.514052583862194,0.5000552006807806,253.0,1.8071428571428567,140.0,0.9523809523809524,147.0,1.0,0.07303877366997295,0.948051948051948,154.0,0.2911153119092627,529.0,1.7932203389830508,295.0,2.062937062937063,206.0,0.0044703670003381,0.07151190311314824,104.0,102.0,0.33361217242282265,-0.0294564216804273,0.2205357747072495,-0.3628949736621609,0.190241865246313,0.46,0.475,0.51,0.535,0.775,1
0.2774252039891206,0.5481770191111808,137.0,0.8954248366013072,153.0,1.06993006993007,143.0,0.959731543624161,0.07123534715960325,0.9290322580645162,155.0,1.148148148148148,135.0,0.9246575342465754,146.0,0.9931972789115646,208.0,-0.2102340295594411,0.23858236746009615,108.0,100.0,0.4325814826934067,0.2244471748822558,0.10932597889032217,0.0290459548281494,0.1890707544105259,0.055,0.04,0.06,0.145,0.09,1
0.06708975521305531,0.17617275507848199,149.0,1.041958041958042,143.0,0.9930555555555556,144.0,1.0,0.3237150586113616,1.4722222222222223,288.0,2.149253731343284,134.0,0.9054054054054054,148.0,1.0206896551724138,396.0,-0.1668071616233533,0.03026083854348076,100.0,296.0,0.28952516228920444,-0.1733283033738648,0.1590752510213692,-0.4577642346881899,0.0018084677225627,0.155,0.235,0.255,0.27,0.385,1
0.06255666364460562,0.05308137035160065,364.0,2.656934306569343,137.0,0.9256756756756755,148.0,1.049645390070922,0.29486023444544635,2.840579710144928,138.0,0.971830985915493,142.0,0.9726027397260274,146.0,0.9605263157894736,375.0,-0.3559739530418858,0.0651782210446803,101.0,274.0,0.22431093490898613,-0.4231943429774137,0.127129994715941,-0.8551252045455587,-0.1912252761018048,0.19,0.24,0.27,0.285,0.4,1
0.07252946509519492,0.18318176568132197,150.0,1.0,150.0,0.967741935483871,155.0,0.3725961538461538,0.2867448151487827,2.8161764705882355,136.0,0.9379310344827586,145.0,0.3825857519788918,379.0,2.7664233576642334,372.0,-0.1413270167538051,0.07023399803186386,104.0,268.0,0.30147465880242835,-0.1635327157371026,0.21468906529868978,-0.5277907870967277,-0.014354099267754,0.17,0.245,0.28,0.295,0.41,1
0.07071622846781506,0.1817874498204099,149.0,1.0136054421768708,147.0,0.3730964467005076,394.0,2.897058823529412,0.07484220018034266,0.3957219251336898,374.0,2.6906474820143886,139.0,0.9266666666666666,150.0,1.0135135135135136,204.0,-0.199758924666431,0.09131322794721668,101.0,103.0,0.2712941477153282,-0.251506301414293,0.1601079811819466,-0.61504794792309,0.0567213991149665,0.295,0.45,0.5,0.525,0.78,1
0.2601994560290118,0.2459056244462948,274.0,1.9855072463768115,138.0,0.9078947368421052,152.0,1.0704225352112675,0.07484220018034266,1.0068027210884354,147.0,1.0,147.0,1.0,147.0,0.9865771812080536,207.0,-0.2859512672511883,0.08969853127009694,104.0,103.0,0.2636147810804501,-0.3172221103551851,0.15778207584724163,-0.6616277864222582,-0.0825418499433873,0.42,0.47,0.505,0.53,0.79,1
0.17769718948322757,0.3862871094208512,135.0,0.9246575342465754,146.0,0.9864864864864864,148.0,1.0136986301369864,0.07664562669071236,1.020408163265306,147.0,1.013793103448276,145.0,0.9863945578231292,147.0,0.98,210.0,-0.064758935130043,0.13450215953135577,105.0,105.0,0.30341517292494175,-0.1256267281866023,0.29993974739764206,-0.4751440417218948,0.1979352480312069,0.365,0.47,0.505,0.53,0.77,1
0.033544877606527655,0.18374209822355766,107.0,0.981651376146789,109.0,0.981981981981982,111.0,1.0,0.061316501352569885,1.2429906542056075,107.0,0.9553571428571428,112.0,0.991150442477876,113.0,1.036697247706422,151.0,-0.2923055274771442,0.5615140341029682,58.0,93.0,0.31634582234011427,-0.5167893653128591,0.801199999696209,-0.9325839487340962,-0.156534111875,0.225,0.305,0.385,0.435,0.66,1
0.06708975521305531,0.18323986217552665,144.0,0.993103448275862,145.0,0.1657142857142857,875.0,3.755364806866953,0.07123534715960325,1.0212765957446808,141.0,0.9724137931034482,145.0,0.9797297297297296,148.0,1.0206896551724138,200.0,0.0693086753796303,0.08969015339428504,100.0,100.0,0.36097569724933576,0.025,0.2637570180816547,-0.3059483095227878,0.2164436004442617,0.305,0.46,0.5,0.53,0.765,1
0.07343608340888486,0.18744008168897244,148.0,0.3814432989690721,388.0,1.3807829181494662,281.0,2.021582733812949,0.0793507664562669,1.006578947368421,152.0,0.9681528662420382,157.0,1.0129032258064516,155.0,1.0,211.0,-0.0262743900690878,0.09534396899984059,104.0,107.0,0.32180781985483337,-0.0615503175160358,0.22952168647319862,-0.4465131121229882,0.2378102594576924,0.355,0.465,0.5,0.525,0.785,1
0.2973708068902992,0.2794408216967904,272.0,2.060606060606061,132.0,0.9103448275862068,145.0,1.0,0.0721370604147881,0.3950953678474114,367.0,2.759398496240601,133.0,0.9047619047619048,147.0,0.4027397260273972,196.0,-0.1509701759985131,0.07487701499776657,95.0,101.0,0.2945783706570459,-0.2118783298705629,0.1566617820873531,-0.4941822168183444,0.0472287279142279,0.32,0.44,0.49,0.515,0.765,1
0.06618313689936536,0.18473318755473123,142.0,0.993006993006993,143.0,0.4454828660436137,321.0,2.3955223880597014,0.07303877366997295,0.3753213367609254,389.0,0.7582846003898636,513.0,1.851985559566787,277.0,2.0072463768115942,198.0,-0.1315725299344436,0.06035300206687606,96.0,102.0,0.29965615559107345,-0.1598619028720848,0.15352066910205497,-0.4695756800315878,0.06862585153698,0.315,0.44,0.49,0.515,0.78,1
0.07162284678150499,0.18461376575469118,148.0,1.0136986301369864,146.0,0.9864864864864864,148.0,0.3557692307692308,0.07303877366997295,0.9798657718120806,149.0,0.9802631578947368,152.0,1.0201342281879195,149.0,0.9867549668874172,206.0,-0.1716156293251302,0.09337710941780653,104.0,102.0,0.27793705141434816,-0.2264276453563147,0.19317694122923215,-0.6256720119427681,0.0622967874868772,0.39,0.47,0.505,0.53,0.8,1
0.06890299184043518,0.18467224125677975,145.0,1.0,145.0,0.9731543624161074,149.0,1.0205479452054795,0.08025247971145176,1.0198675496688745,151.0,1.0066666666666666,150.0,1.0067114093959733,149.0,0.45565749235474,211.0,-0.199882748652422,0.09964323936419499,104.0,107.0,0.27743184031145235,-0.2280926994436949,0.18839508115599599,-0.6136763731752464,0.0712460353199927,0.46,0.475,0.5,0.525,0.77,1
0.05893019038984588,0.0575476634077944,335.0,2.5572519083969465,131.0,0.8972602739726028,146.0,1.006896551724138,0.27592425608656446,2.748148148148148,135.0,0.3846153846153846,351.0,2.525179856115108,139.0,0.9266666666666666,364.0,-0.2329265534289975,0.043108094425068945,105.0,259.0,0.25965314423492875,-0.2871564371923572,0.1056954527475196,-0.644700762188513,-0.0889292927359018,0.21,0.26,0.29,0.305,0.43,1
0.03626473254759746,0.09355339924706606,192.0,1.6551724137931034,116.0,0.6137566137566137,189.0,1.6875,0.1127141568981064,1.637931034482759,116.0,0.6105263157894737,190.0,2.043010752688172,93.0,0.5027027027027027,189.0,-0.0580384672441716,0.15664070861619336,56.0,133.0,0.35066518934339486,0.029855865808052,0.4422979055640824,-0.1717402161133303,-0.1469563279930276,0.245,0.27,0.3,0.36,0.43,1
0.14505893019038985,0.32021593097571194,139.0,0.9205298013245032,151.0,1.0342465753424657,146.0,1.0,0.0775473399458972,1.0,151.0,0.993421052631579,152.0,1.0410958904109588,146.0,0.9605263157894736,202.0,-0.18357668572008,0.10856191281333863,97.0,105.0,0.2694221580048925,-0.2603541166761629,0.23603183264466812,-0.5525851360245033,0.1056423696837275,0.42,0.44,0.485,0.51,0.775,1
0.07071622846781506,0.1817874498204099,149.0,1.0067567567567568,148.0,0.3785166240409207,391.0,0.7621832358674464,0.0703336339044184,0.9930555555555556,144.0,0.9473684210526316,152.0,1.0066225165562914,151.0,1.0134228187919463,200.0,-0.2414677351977755,0.06736392312131993,100.0,100.0,0.2598509856928234,-0.2660284649318609,0.12697884112529584,-0.6032559102293517,-0.0640565920175527,0.42,0.475,0.505,0.53,0.78,1
0.1468721668177697,0.19116625605972892,223.0,2.2525252525252526,99.0,0.3402061855670103,291.0,2.621621621621621,0.19116321009918846,2.4954954954954958,111.0,0.3936170212765957,282.0,2.5636363636363635,110.0,1.3924050632911391,266.0,-0.1696198644391081,0.15715282799238522,73.0,193.0,0.2987594972397989,-0.158823020550118,0.2776215349313081,-0.5743963759718597,0.1520752595324898,0.16,0.23,0.275,0.32,0.44,1
0.0371713508612874,0.10573385740702261,176.0,1.76,100.0,0.6451612903225806,155.0,1.5048543689320388,0.04147880973850315,0.4319066147859922,257.0,2.595959595959596,99.0,0.5210526315789473,190.0,1.3286713286713288,156.0,-0.1372571300561798,0.14290905039460736,79.0,77.0,0.31460196867023965,-0.2712878580924338,0.2979544266121437,-0.4080247677572995,-0.0576736398330694,0.275,0.46,0.515,0.555,0.825,1
0.06799637352674524,0.1817874498204099,146.0,1.0,146.0,1.0138888888888888,144.0,0.3214285714285714,0.07303877366997295,0.9605263157894736,152.0,1.0201342281879195,149.0,0.9675324675324676,154.0,0.9871794871794872,208.0,-0.1655292158539307,0.10019241036188033,106.0,102.0,0.2832386020589661,-0.2328712129590868,0.1925421726447519,-0.5893818354178537,0.0759364663959346,0.315,0.47,0.51,0.535,0.79,1
0.06980961015412511,0.18038377613492793,149.0,1.0067567567567568,148.0,0.9736842105263158,152.0,0.9806451612903224,0.0775473399458972,0.993421052631579,152.0,1.0,152.0,1.0066225165562914,151.0,1.0134228187919463,208.0,-0.140994052569975,0.10206339624500269,103.0,105.0,0.2821763767859298,-0.2331788372285286,0.21291246199680725,-0.4883041406454663,0.081639218339388,0.45,0.43,0.5,0.525,0.765,1
0.06618313689936536,0.19247381225805738,137.0,0.9072847682119204,151.0,1.070921985815603,141.0,1.076335877862595,0.08566275924256087,2.191780821917808,73.0,0.5177304964539007,141.0,1.1015625,128.0,1.0406504065040652,176.0,-0.1361741969791577,0.07566891794684247,64.0,112.0,0.30192368897011135,-0.1761789083100687,0.22956255732869665,-0.3349699406163058,0.1259404321715729,0.29,0.325,0.365,0.415,0.385,1
0.06890299184043518,0.1876377261599012,143.0,0.9407894736842104,152.0,1.0201342281879195,149.0,1.0,0.0739404869251578,1.0208333333333333,144.0,1.006993006993007,143.0,0.9662162162162162,148.0,0.9932885906040269,206.0,-0.1784863346042229,0.09714349765505707,104.0,102.0,0.27775613588515485,-0.208621212725915,0.18364061739989265,-0.5701078902375898,0.0013090870358135,0.465,0.475,0.51,0.535,0.78,1
0.06255666364460562,0.17048218608328478,148.0,1.0206896551724138,145.0,0.9797297297297296,148.0,0.3957219251336898,0.0775473399458972,1.0272108843537415,147.0,0.3838120104438642,383.0,2.77536231884058,138.0,0.92,198.0,-0.1185001023839813,0.10016198636580519,93.0,105.0,0.2963235337036006,-0.1696719556393601,0.19769635490507018,-0.4927083923676711,0.141687187415019,0.35,0.435,0.475,0.5,0.745,1
0.07343608340888486,0.18457608154223412,150.0,1.0135135135135136,148.0,0.9932885906040269,149.0,0.9675324675324676,0.22633002705139765,2.289855072463768,138.0,0.9324324324324323,148.0,1.0,148.0,0.9801324503311258,317.0,-0.1674297828801282,0.051011600811513035,96.0,221.0,0.3170863292039592,-0.1190287750857118,0.1555139667894189,-0.3859101523634494,-0.0570444753485612,0.23,0.275,0.305,0.325,0.46,1
0.06618313689936536,0.18034505410222496,145.0,0.9931506849315068,146.0,1.020979020979021,143.0,0.9662162162162162,0.2623985572587917,2.5985401459854014,137.0,0.8896103896103896,154.0,1.0065359477124185,153.0,1.006578947368421,354.0,-0.278156026458902,0.04837115590759062,105.0,249.0,0.24561400378453158,-0.3486912715725214,0.1416393525161817,-0.6106653839469381,-0.0854402748475467,0.21,0.27,0.3,0.315,0.45,1
0.07343608340888486,0.02246828640271067,638.0,2.5217391304347827,253.0,1.8071428571428567,140.0,0.9523809523809524,0.0757439134355275,1.0205479452054795,146.0,0.948051948051948,154.0,0.2911153119092627,529.0,1.7932203389830508,205.0,0.0009615596139952,0.05722780166790836,101.0,104.0,0.3362304834724742,-0.0392474554622177,0.16612360818796035,-0.363906522832558,0.2334623447608376,0.465,0.455,0.495,0.52,0.78,1
0.04261106074342702,0.18724346840658768,115.0,1.0,115.0,0.9913793103448276,116.0,1.0642201834862386,0.009017132551848512,0.5725190839694656,131.0,0.9776119402985076,134.0,1.2181818181818185,110.0,0.9649122807017544,106.0,-0.134368435758106,0.5408708911751147,54.0,52.0,0.4207746686236433,-0.0632231218347475,0.47474382002742826,-1.2758165919250568,0.1680846292911252,0.275,0.425,0.51,0.58,0.86,1
0.07343608340888486,0.18744008168897244,148.0,1.0068027210884354,147.0,0.4106145251396648,358.0,2.6323529411764706,0.07123534715960325,0.3902439024390244,369.0,2.617021276595745,141.0,0.9276315789473684,152.0,0.4130434782608695,198.0,-0.0220781640370671,0.09407061299293856,98.0,100.0,0.3357535889180849,-0.081532434541711,0.24023903094059482,-0.3790161655490163,0.2471168076092794,0.35,0.445,0.5,0.525,0.785,1
0.04805077062556664,0.2928163054115585,81.0,0.4709302325581395,172.0,1.5221238938053097,113.0,0.653179190751445,0.11181244364292155,1.6875,112.0,0.6054054054054054,185.0,1.8137254901960784,102.0,0.5604395604395604,213.0,-0.1762321978581911,0.02812510365556141,81.0,132.0,0.3145838023263043,-0.3419653281338259,0.18712946315470935,-0.3814546353449645,-0.1835757509184294,0.235,0.37,0.385,0.4,0.53,1
0.06527651858567543,0.17472165998470668,148.0,0.9801324503311258,151.0,1.0413793103448277,145.0,0.9731543624161074,0.0757439134355275,1.0067567567567568,148.0,0.3785166240409207,391.0,0.7621832358674464,513.0,1.8387096774193548,208.0,-0.2447522483857459,0.07913659082135578,104.0,104.0,0.25946537577162954,-0.2877165239591767,0.13384212981604146,-0.60360825279147,-0.0115600156010577,0.3,0.47,0.51,0.535,0.8,1
0.06708975521305531,0.16829407052126055,155.0,1.0472972972972974,148.0,0.4698412698412698,315.0,2.2992700729927007,0.08025247971145176,1.0266666666666666,150.0,0.9933774834437086,151.0,0.3984168865435356,379.0,2.6690140845070425,202.0,-0.1681660541785165,0.08462622466980338,95.0,107.0,0.2874139205002979,-0.2258859391208343,0.1608252170758606,-0.5047561573273648,0.051010264957049,0.315,0.405,0.475,0.5,0.74,1
0.12783318223028106,0.37572411047454746,110.0,0.5288461538461539,208.0,1.5522388059701493,134.0,1.7179487179487178,0.09648331830477908,1.011764705882353,170.0,1.103896103896104,154.0,0.8603351955307262,179.0,1.988888888888889,189.0,-0.0101658641607609,0.04955016455412561,69.0,120.0,0.33487706297166164,-0.0033516285840705,0.28091818918625805,-0.0829627968738525,0.1260158054383815,0.32,0.35,0.37,0.395,0.565,1
0.2873980054397099,0.5522770928627679,140.0,0.4011461318051575,349.0,2.585185185185185,135.0,0.906040268456376,0.2885482416591524,2.851851851851852,135.0,0.9246575342465754,146.0,0.9798657718120806,149.0,1.0067567567567568,376.0,-0.0379348799069814,0.023692789725354605,107.0,269.0,0.3201138517658689,-0.059281052643115,0.1659526288715827,-0.339584922376531,0.0767228183114162,0.26,0.27,0.285,0.3,0.42,1
0.07162284678150499,0.19202543341451972,143.0,0.9794520547945206,146.0,0.9419354838709676,155.0,1.0689655172413792,0.0703336339044184,1.0070422535211268,142.0,0.9594594594594594,148.0,1.0206896551724138,145.0,0.9797297297297296,195.0,0.0042807551545994,0.09146540832586585,95.0,100.0,0.3299045680518922,-0.0511289794117387,0.23919687813036922,-0.3016095662003962,0.240163422933856,0.375,0.465,0.49,0.515,0.78,1
0.05893019038984588,0.20771481087042828,121.0,1.0341880341880345,117.0,1.2061855670103092,97.0,0.9065420560747663,0.05229936880072137,1.0423728813559323,118.0,0.9291338582677166,127.0,0.9921875,128.0,1.1531531531531531,167.0,0.1331849425535377,0.22348636041286263,81.0,86.0,0.3852330822294906,0.0763610051888165,0.5976489108430926,0.1231514887009755,0.1483149072514574,0.265,0.445,0.49,0.525,0.53,1
0.05802357207615594,0.1673634926385606,145.0,0.3929539295392953,369.0,2.6739130434782608,138.0,0.9078947368421052,0.07123534715960325,1.0,144.0,1.0,144.0,0.9664429530201344,149.0,0.9933333333333332,202.0,-0.215725019947861,0.07360737429621618,102.0,100.0,0.2694636135544735,-0.273692904723408,0.11211107871784443,-0.5833106725534949,-0.0122008953970524,0.305,0.45,0.51,0.535,0.785,1
0.19945602901178605,0.4268332597045887,134.0,0.9054054054054054,148.0,0.9866666666666668,150.0,1.0416666666666667,0.07303877366997295,1.0138888888888888,144.0,0.979591836734694,147.0,1.013793103448276,145.0,0.9863945578231292,203.0,-0.1260681171538223,0.09018356895411574,101.0,102.0,0.29271481291279694,-0.1781433391580963,0.2094079157017203,-0.5197196043732165,0.0767526423793852,0.355,0.47,0.505,0.53,0.775,1
0.26473254759746145,0.5149293465883367,140.0,0.9210526315789472,152.0,1.0555555555555556,144.0,0.3789473684210526,0.07303877366997295,0.9668874172185432,151.0,0.9869281045751634,153.0,0.1303236797274276,1174.0,4.912133891213389,207.0,-0.1529090938567967,0.09323563469145968,105.0,102.0,0.2835331511160709,-0.203467336683417,0.19171953969275982,-0.5645329034052322,0.0551083507094065,0.3,0.47,0.51,0.54,0.77,1
0.07162284678150499,0.1790355106212413,152.0,0.4935064935064935,308.0,2.264705882352941,136.0,0.8831168831168831,0.0775473399458972,0.4778481012658228,316.0,2.289855072463768,138.0,0.9078947368421052,152.0,1.0066225165562914,212.0,-0.2281318039144069,0.0907949057643056,107.0,105.0,0.2596355803186392,-0.2860769718504118,0.14466708000474474,-0.5523037452854029,0.0078109208726781,0.41,0.46,0.51,0.535,0.775,1
0.06799637352674524,0.05257597998719433,382.0,2.87218045112782,133.0,0.869281045751634,153.0,0.3893129770992366,0.07123534715960325,0.3673469387755102,392.0,2.8,140.0,0.9790209790209792,143.0,0.3753280839895013,193.0,-0.1129578960718927,0.051178419720407424,93.0,100.0,0.30640427741005094,-0.1557155948471404,0.10921003418980649,-0.4403162503562408,0.0293149668939812,0.345,0.44,0.49,0.51,0.755,1
0.010879419764279238,0.1411763082404458,103.0,0.4153225806451613,248.0,1.0598290598290598,234.0,0.9957446808510638,0.009918845807033363,0.7238095238095238,105.0,0.963302752293578,109.0,1.1720430107526882,93.0,0.8532110091743119,117.0,-0.0896168169297322,0.11480493829187721,64.0,53.0,0.3308119200938122,-0.0713239876589592,0.27693599642780975,0.0324937723946781,0.1894986519063201,0.475,0.515,0.555,0.64,0.59,1
0.10516772438803264,0.182911898095339,186.0,1.120481927710843,166.0,2.075,80.0,1.0666666666666669,0.08205590622182146,0.968944099378882,161.0,0.92,175.0,1.1666666666666667,150.0,0.974025974025974,171.0,-0.1306651996910132,0.12930068366732553,62.0,109.0,0.2787240212109864,-0.3083401378715787,0.24914831690945338,-0.1239111432057435,0.0564587971938931,0.32,0.345,0.365,0.39,0.55,1
0.05802357207615594,0.16471419438066992,147.0,0.3909574468085106,376.0,2.685714285714285,140.0,0.3783783783783784,0.0757439134355275,1.0136054421768708,147.0,1.0,147.0,1.0352112676056338,142.0,0.3497536945812808,207.0,-0.2380053285735761,0.0607137212731812,103.0,104.0,0.28074838214109643,-0.2677243713909494,0.09699884271882575,-0.5398338000408193,-0.1256250873819072,0.47,0.455,0.5,0.525,0.77,1
0.07615593834995467,0.1859153586191628,152.0,0.9620253164556962,158.0,0.3204868154158215,493.0,1.6058631921824105,0.08025247971145176,0.2172073342736248,709.0,2.1101190476190474,336.0,2.4,140.0,0.9210526315789472,212.0,-0.1605968235674446,0.09791244024408664,105.0,107.0,0.28391264303658675,-0.2301403919719946,0.20327532136544202,-0.5182247082978302,-0.0363922361370554,0.46,0.45,0.495,0.525,0.725,1
0.20942883046237534,0.4336802787078149,137.0,0.9013157894736842,152.0,1.0066225165562914,151.0,1.0202702702702702,0.07484220018034266,0.4180790960451977,354.0,2.4755244755244754,143.0,0.9727891156462584,147.0,0.392,212.0,-0.0611398732466566,0.0763351652135769,109.0,103.0,0.31542014051149786,-0.096928555521872,0.21011271239187249,-0.4455749202461825,0.1313060490218134,0.3,0.475,0.515,0.54,0.765,1
0.06708975521305531,0.17617275507848199,149.0,0.2876447876447876,518.0,2.1316872427983538,243.0,1.8,0.0775473399458972,1.0,151.0,1.0134228187919463,149.0,1.0136054421768708,147.0,0.2363344051446945,207.0,-0.2127803915346307,0.13205711791464333,102.0,105.0,0.26336851113808624,-0.2575939753708337,0.27528111201072264,-0.6435968558029855,0.0579948273535913,0.45,0.465,0.495,0.525,0.765,1
0.07252946509519492,0.037355755621420836,488.0,1.6105610561056103,303.0,2.1041666666666665,144.0,0.9536423841059604,0.0739404869251578,0.9932432432432432,148.0,0.9736842105263158,152.0,0.987012987012987,154.0,0.2383900928792569,207.0,-0.0887261854464818,0.0981900920934846,105.0,102.0,0.3008394251707471,-0.1685491888385743,0.2179342004201504,-0.5209989076260457,0.1819280633225573,0.31,0.47,0.51,0.535,0.79,1
0.06527651858567543,0.17472165998470668,148.0,1.0206896551724138,145.0,0.9931506849315068,146.0,0.9931972789115646,0.0793507664562669,1.006578947368421,152.0,0.1707865168539326,890.0,3.723849372384937,239.0,1.6830985915492958,214.0,-0.1775463830140297,0.12603185807695322,107.0,107.0,0.2808596621107431,-0.2691273673154237,0.2522201470835722,-0.6290462578437066,0.0119585671047449,0.315,0.465,0.505,0.53,0.755,1
0.0743427017225748,0.1888532396561131,148.0,1.0136986301369864,146.0,0.9931972789115646,147.0,0.9735099337748344,0.0739404869251578,1.013793103448276,145.0,0.9863945578231292,147.0,0.98,150.0,0.4,208.0,-0.1670483456871571,0.07192354593973922,106.0,102.0,0.2819235038499903,-0.231146109544849,0.12658320341049983,-0.5111151638684062,0.0220394148215735,0.34,0.455,0.51,0.535,0.775,1
0.4134179510426111,0.36628531641610024,280.0,1.9444444444444444,144.0,0.9536423841059604,151.0,1.0134228187919463,0.0811541929666366,1.019736842105263,152.0,0.2447665056360708,621.0,1.9467084639498435,319.0,2.2949640287769784,214.0,-0.2392806903256359,0.10625276744216829,106.0,108.0,0.26520765667563884,-0.29361929047523,0.17956867484709768,-0.6058054351220481,-0.0087345634290374,0.29,0.465,0.5,0.525,0.755,1
0.07162284678150499,0.05882717747074391,364.0,2.716417910447761,134.0,0.9054054054054054,148.0,0.9932885906040269,0.07664562669071236,1.0067114093959733,149.0,0.9933333333333332,150.0,0.3554502369668246,422.0,1.4402730375426622,202.0,-0.0645836467097267,0.052560659340552866,97.0,105.0,0.31792105562745177,-0.0989258671682159,0.16683571642299885,-0.4003504340853958,0.0796431884714815,0.325,0.44,0.485,0.51,0.8,1
0.09791477787851315,0.195481623454368,168.0,1.105263157894737,152.0,0.9440993788819876,161.0,1.018987341772152,0.09558160504959423,0.9395604395604396,182.0,0.9732620320855616,187.0,1.0053763440860215,186.0,1.120481927710843,186.0,-0.2540299707819137,0.08584742463892958,67.0,119.0,0.32769960945558785,-0.2334374622403718,0.20185575145186277,-0.493691433136334,-0.1929367807092821,0.285,0.34,0.36,0.385,0.51,1
0.06890299184043518,0.17490760182248835,152.0,1.0,152.0,1.0133333333333334,150.0,0.2427184466019417,0.0793507664562669,1.0132450331125828,151.0,1.0272108843537415,147.0,0.4164305949008499,353.0,2.451388888888889,202.0,-0.1658330210487388,0.08043195108658455,95.0,107.0,0.2897044314947493,-0.1918982908814925,0.1617780421339493,-0.5001990662148178,0.0106106528665782,0.325,0.445,0.475,0.505,0.745,1
0.014505893019038985,0.16829407052126055,93.0,0.36328125,256.0,1.1428571428571428,224.0,0.9531914893617022,0.1109107303877367,1.649122807017544,114.0,1.52,75.0,0.6696428571428571,112.0,0.6222222222222222,208.0,-0.1161381367421122,0.053769010258151013,77.0,131.0,0.33372994721884175,-0.1390215199074557,0.17034657395773353,0.0161619819743378,0.0161619819743378,0.295,0.35,0.37,0.39,0.39,1
0.06074342701722575,0.17032731945674878,146.0,1.0,146.0,0.9931972789115646,147.0,0.9932432432432432,0.0703336339044184,0.9794520547945206,146.0,1.006896551724138,145.0,1.0,145.0,1.0069444444444444,201.0,0.1526778955739496,0.09354008328757932,101.0,100.0,0.3776838860264879,0.0871083522681652,0.3065804163827328,-0.268984954013223,0.3624408741563001,0.47,0.455,0.505,0.53,0.8,1
0.06890299184043518,0.18037429185326925,148.0,1.0,148.0,0.2896281800391389,511.0,0.9623352165725048,0.7366997294860235,3.6296296296296298,243.0,1.653061224489796,147.0,0.9932432432432432,148.0,1.0068027210884354,719.0,-0.193020444707215,0.0,102.0,617.0,0.2848636421895539,-0.2088193274527758,0.053978396444379816,-0.543348543604168,0.0065303299954619,0.09,0.125,0.14,0.15,0.215,1
0.0770625566636446,0.02612694141366559,610.0,2.4596774193548385,248.0,1.7588652482269505,141.0,0.933774834437086,0.07844905320108206,1.0066225165562914,151.0,0.993421052631579,152.0,1.027027027027027,148.0,0.3814432989690721,209.0,-0.0535008944973092,0.07393839729289012,103.0,106.0,0.3153228491612213,-0.098614895677897,0.1861521642732412,-0.3992623814806526,0.1744331307727082,0.45,0.44,0.495,0.52,0.8,1
0.0371713508612874,0.18367166044326405,111.0,0.956896551724138,116.0,1.008695652173913,115.0,1.0,0.06492335437330929,1.1610169491525424,118.0,1.0260869565217392,115.0,1.036036036036036,111.0,0.9487179487179488,155.0,-0.3784076362076842,0.538670734787164,60.0,95.0,0.31738598584846284,-0.6347632071096441,0.718139669247443,-0.9066114785686534,-0.2960653213159852,0.215,0.345,0.39,0.435,0.645,1
0.07524932003626474,0.17521048821233393,159.0,1.0192307692307692,156.0,0.9285714285714286,168.0,0.9824561403508772,0.11181244364292155,1.1595092024539877,163.0,0.9760479041916168,167.0,1.0182926829268293,164.0,1.0718954248366013,216.0,-0.2635467568783665,0.09722818182355075,84.0,132.0,0.3019326613062412,-0.470850895533866,0.35378422911079194,-0.3181507135250955,-0.2543625031896349,0.25,0.37,0.39,0.41,0.68,1
0.1214868540344515,0.22784967022554176,168.0,0.9655172413793104,174.0,1.0235294117647058,170.0,0.9826589595375722,0.10820559062218214,1.1635220125786163,159.0,0.8594594594594595,185.0,0.578125,320.0,1.951219512195122,241.0,-0.5098733411241548,0.3145459096652651,112.0,129.0,0.2801569143175821,-0.4942593809703784,0.5222007339441226,-0.5153621278269336,-0.486497722432323,0.28,0.435,0.47,0.495,0.825,1
0.06799637352674524,0.17896113388612858,148.0,0.2681159420289855,552.0,2.147859922178988,257.0,1.875912408759124,0.07664562669071236,0.3968253968253968,378.0,2.7794117647058822,136.0,0.912751677852349,149.0,1.0,202.0,-0.0827522660295314,0.07919801934870906,97.0,105.0,0.31085506892597636,-0.1358381908879454,0.21704615119435458,-0.4323145222583564,0.1394850837844003,0.26,0.42,0.48,0.51,0.785,1
0.019038984587488667,0.0683692193432316,201.0,1.1420454545454546,176.0,1.093167701863354,161.0,1.788888888888889,0.12714156898106402,2.145833333333333,96.0,0.4705882352941176,204.0,2.01980198019802,101.0,0.5024875621890548,204.0,-0.1370121194966527,0.12044244031129588,60.0,144.0,0.33589167736181874,-0.0284698310098652,0.20524673932012966,-0.0188257414245539,-0.0188257414245539,0.255,0.27,0.295,0.365,0.365,1
0.07252946509519492,0.1804114802208256,152.0,1.034013605442177,147.0,0.98,150.0,0.967741935483871,0.29125338142470697,1.3807829181494662,281.0,2.021582733812949,139.0,0.8910256410256411,156.0,1.033112582781457,374.0,-0.0345089119474756,0.06073435979372629,103.0,271.0,0.32524959176007456,-0.0327630008505558,0.25347248347121665,-0.3395637319799993,0.2148272791276211,0.23,0.26,0.28,0.295,0.425,1
0.06980961015412511,0.04704827287650022,416.0,0.5180572851805728,803.0,3.33195020746888,241.0,1.7720588235294117,0.0757439134355275,0.9867549668874172,151.0,1.0066666666666666,150.0,0.986842105263158,152.0,0.9934640522875816,210.0,-0.250460139475532,0.09433153679095346,106.0,104.0,0.26274453765703126,-0.2745093522031102,0.14962092717898812,-0.6748271306454953,-0.0766320878466932,0.365,0.475,0.51,0.535,0.795,1
0.07162284678150499,0.18605576368034485,147.0,1.013793103448276,145.0,0.9863945578231292,147.0,0.98,0.28764652840396754,2.762589928057554,139.0,0.9266666666666666,150.0,0.4143646408839779,362.0,2.701492537313433,368.0,-0.0926079786677222,0.05129982318463384,100.0,268.0,0.3056799424172625,-0.1166025401452109,0.2100557810149903,-0.3972071280464785,0.1002105664582182,0.235,0.24,0.275,0.29,0.41,1
0.09338168631006347,0.1817874498204099,174.0,1.12987012987013,154.0,0.9112426035502958,169.0,1.1655172413793105,0.12263300270513977,1.1420454545454546,176.0,1.093167701863354,161.0,1.788888888888889,90.0,0.4186046511627907,204.0,-0.0048915308217529,0.01756658308353896,64.0,140.0,0.3386135007980469,-0.0191896358547413,0.18600654062246147,0.0372272517322986,0.0277745825697768,0.27,0.29,0.315,0.38,0.395,1
0.07343608340888486,0.1903825475931557,146.0,1.0,146.0,1.0,146.0,0.9733333333333334,0.07664562669071236,1.020408163265306,147.0,0.2732342007434944,538.0,1.8615916955017304,289.0,2.0942028985507246,204.0,-0.1128179715701554,0.09497700061635843,99.0,105.0,0.30409471680795996,-0.163789436727705,0.2136307352291455,-0.529584547904403,0.1139040836830258,0.32,0.465,0.49,0.515,0.75,1
0.06980961015412511,0.2002416303324818,136.0,1.0149253731343284,134.0,1.0387596899224807,129.0,1.084033613445378,0.0775473399458972,1.208,125.0,0.7961783439490446,157.0,1.0536912751677852,149.0,0.9612903225806452,170.0,-0.2499467908303244,0.052756516065201514,65.0,105.0,0.2660310449437831,-0.2742453948203388,0.11037804204648544,-0.3284788269766334,-0.1800019989944492,0.21,0.33,0.385,0.435,0.635,1
0.06980961015412511,0.18910029524477406,143.0,0.959731543624161,149.0,1.0347222222222223,144.0,0.9863013698630136,0.0703336339044184,0.446875,320.0,2.302158273381295,139.0,0.9144736842105264,152.0,1.0482758620689656,202.0,-0.2351177732527764,0.06930399469457413,102.0,100.0,0.26299002897954393,-0.2715046590791664,0.1094699016180608,-0.5938356380879279,-0.0648906474266715,0.305,0.455,0.51,0.535,0.76,1
0.06618313689936536,0.17209187595314035,151.0,0.2451298701298701,616.0,2.207885304659498,279.0,1.9241379310344828,0.07664562669071236,0.2427184466019417,618.0,2.272058823529412,272.0,1.929078014184397,141.0,0.933774834437086,211.0,-0.2056823961605546,0.08685489005159862,106.0,105.0,0.269258884396495,-0.2595728643216081,0.15334526931692954,-0.5870865056746526,0.0445551758895039,0.44,0.46,0.505,0.53,0.785,1
0.06708975521305531,0.17754797591898794,148.0,1.0206896551724138,145.0,0.3737113402061855,388.0,1.2763157894736843,0.0739404869251578,0.1771084337349397,830.0,3.721973094170404,223.0,1.6277372262773722,137.0,0.9448275862068966,205.0,0.0535215612127597,0.09010200064075047,103.0,102.0,0.3449158304122688,-0.0063461881297297,0.2725296568139161,-0.3431870281698727,0.2282032781332006,0.31,0.46,0.51,0.535,0.76,1
0.07252946509519492,0.1860269237218318,148.0,1.0136986301369864,146.0,0.9864864864864864,148.0,0.9866666666666668,0.0739404869251578,0.9932432432432432,148.0,0.9801324503311258,151.0,1.0,151.0,0.2439418416801292,203.0,-0.0363587294429855,0.11122590042056076,101.0,102.0,0.32272988571419664,-0.0768001433291781,0.26705903365541617,-0.4970646782151815,0.1897122869237259,0.295,0.46,0.505,0.53,0.765,1
0.28649138712601996,0.5634432511649629,137.0,0.9448275862068966,145.0,1.013986013986014,143.0,0.28714859437751,0.07664562669071236,1.0273972602739727,146.0,0.9864864864864864,148.0,1.0277777777777777,144.0,0.9536423841059604,207.0,-0.1724045714385308,0.09164388156041024,102.0,105.0,0.28711338560189825,-0.2029788850681241,0.1856232722414166,-0.5664679575747138,0.0115093564055364,0.3,0.47,0.5,0.525,0.805,1
0.061650045330915684,0.1638998450258139,152.0,1.0482758620689656,145.0,0.9931506849315068,146.0,0.2602495543672014,0.06672678088367899,0.952054794520548,146.0,0.9798657718120806,149.0,1.0205479452054795,146.0,0.36318407960199,198.0,-0.0862920886434182,0.0707389741299115,101.0,97.0,0.3060460517097376,-0.1391893091127096,0.15337978632829935,-0.5004070432333269,0.1153929799894888,0.31,0.47,0.515,0.54,0.815,1
0.04895738893925657,0.13706411088549347,159.0,1.127659574468085,141.0,1.119047619047619,126.0,0.8571428571428571,0.12082957619477007,0.7158273381294964,278.0,3.0217391304347827,92.0,0.2804878048780488,328.0,2.8521739130434782,192.0,-0.2787671462110676,0.02820539997517638,53.0,139.0,0.2707734972508319,-0.404740978737456,0.11392889136795091,-0.390391090580526,-0.1928961366708939,0.195,0.255,0.275,0.315,0.47,1
0.16047144152311876,0.34050212760508514,141.0,0.933774834437086,151.0,0.993421052631579,152.0,1.034013605442177,0.07844905320108206,1.027027027027027,148.0,0.3814432989690721,388.0,1.3807829181494662,281.0,2.021582733812949,211.0,-0.0082811353133677,0.0915557976274553,105.0,106.0,0.3264819525574811,-0.0797969495007251,0.24170007600256715,-0.4139680668485248,0.2276981959595491,0.42,0.455,0.5,0.525,0.755,1
0.05893019038984588,0.1701681509794757,144.0,0.3860589812332439,373.0,2.8473282442748094,131.0,0.891156462585034,0.0739404869251578,1.065217391304348,138.0,0.9857142857142858,140.0,0.9859154929577464,142.0,0.3678756476683937,198.0,-0.0713288944365301,0.07038446466092535,96.0,102.0,0.3207718133372905,-0.1291219836648744,0.20834853403177422,-0.4375074393179594,0.1390624246593457,0.285,0.445,0.49,0.515,0.785,1
0.13689936536718042,0.46138447245594155,95.0,0.5974842767295597,159.0,0.6115384615384616,260.0,2.4761904761904763,0.06762849413886383,1.5909090909090908,88.0,0.7652173913043478,115.0,0.8984375,128.0,1.0491803278688523,169.0,-0.2226632574358235,0.06193756540025683,71.0,98.0,0.282749459669665,-0.3248373976772439,0.21128318930443243,-0.248968281081579,-0.1001895515394701,0.375,0.4,0.425,0.445,0.67,1
0.061650045330915684,0.1731330755113003,145.0,0.9797297297297296,148.0,0.9736842105263158,152.0,1.027027027027027,0.43192064923354373,2.045112781954887,266.0,1.9,140.0,0.9722222222222222,144.0,0.3902439024390244,484.0,0.0056218801575719,0.031484799320127606,104.0,380.0,0.34748027893216027,-0.0166798980043493,0.21260637896174356,-0.259006466350565,0.1619393947680075,0.2,0.19,0.215,0.23,0.315,1
0.06890299184043518,0.19068733829431692,141.0,0.9657534246575342,146.0,0.9798657718120806,149.0,1.0347222222222223,0.0757439134355275,0.3810741687979539,391.0,2.8129496402877696,139.0,0.9455782312925172,147.0,1.013793103448276,200.0,-0.1116639977735405,0.09392744000118972,96.0,104.0,0.30678156919472005,-0.1573996638151833,0.2114595047956627,-0.5084989795384154,0.1036006795695645,0.325,0.445,0.485,0.51,0.755,1
0.06708975521305531,0.23183981405828016,117.0,1.017391304347826,115.0,1.0087719298245614,114.0,0.9827586206896552,0.060414788097385035,1.1282051282051282,117.0,1.4444444444444444,81.0,0.5364238410596026,151.0,1.776470588235294,151.0,-0.2033169562967888,0.3869619945567103,59.0,92.0,0.29427374956246766,-0.2404068664335039,0.6013188381827159,-0.3724586288276162,-0.2004269536606744,0.24,0.325,0.395,0.465,0.435,1
0.05802357207615594,0.1608727119067284,150.0,1.0273972602739727,146.0,1.028169014084507,142.0,1.0070921985815602,0.07123534715960325,0.2594594594594595,555.0,2.4342105263157894,228.0,1.7142857142857142,133.0,0.93006993006993,203.0,-0.2600919956612439,0.08892908049038759,103.0,100.0,0.2629493783024839,-0.2915146951780809,0.1424539510492718,-0.6804793346507612,-0.0506521145957078,0.44,0.475,0.51,0.535,0.795,1
0.012692656391659111,0.09783392439225175,142.0,0.7845303867403315,181.0,1.011173184357542,179.0,1.0654761904761905,0.0063119927862939585,0.8372093023255814,86.0,0.8958333333333334,96.0,0.5614035087719298,171.0,0.9395604395604396,109.0,-0.4820760703754745,0.13410683030845946,59.0,50.0,0.17677515484359266,-0.5765136036276431,0.23574006886846616,-0.433051161804635,-0.4259461222466065,0.475,0.495,0.545,0.605,0.615,1
0.07162284678150499,0.1763550503623108,154.0,0.2172073342736248,709.0,2.1101190476190474,336.0,2.4,0.07664562669071236,1.0067114093959733,149.0,0.9867549668874172,151.0,0.2439418416801292,619.0,2.495967741935484,214.0,-0.115239310919733,0.10878697773951355,109.0,105.0,0.3025981592374525,-0.1924117882490466,0.22584389086182258,-0.5662593678478275,-0.005695879308319,0.48,0.465,0.51,0.535,0.73,1
0.10788757932910245,0.31520905375251607,116.0,0.6105263157894737,190.0,2.043010752688172,93.0,0.5027027027027027,0.12353471596032461,2.082474226804124,97.0,0.5078534031413613,191.0,2.1954022988505746,87.0,0.424390243902439,205.0,-0.0330473840537569,0.0814417594078055,64.0,141.0,0.33873019656488007,-0.1533042182219602,0.36787189643248364,-0.0169954814480721,-0.0322249751880486,0.165,0.295,0.315,0.355,0.37,1
0.07071622846781506,0.04411474841613028,436.0,0.5317073170731708,820.0,3.306451612903226,248.0,1.7714285714285714,0.0757439134355275,1.0,149.0,1.0136054421768708,147.0,1.013793103448276,145.0,0.2207001522070015,208.0,-0.0615905962665734,0.10987494830240742,104.0,104.0,0.32058657692610965,-0.0878859139609584,0.2695101464633502,-0.4839020242228717,0.1635935885272071,0.36,0.475,0.505,0.53,0.78,1
0.37805983680870353,0.30948469450790417,303.0,2.1041666666666665,144.0,0.9536423841059604,151.0,1.0342465753424657,0.07484220018034266,0.9736842105263158,152.0,0.987012987012987,154.0,0.2383900928792569,646.0,1.2029795158286778,205.0,-0.071231635569152,0.07732013450100442,102.0,103.0,0.31078171458594045,-0.1292262737626367,0.17793316411822774,-0.4833213086993597,0.1755558083735593,0.3,0.455,0.5,0.525,0.78,1
0.07524932003626474,0.19174684882692491,147.0,1.0,147.0,0.9865771812080536,149.0,1.0,0.07484220018034266,1.0277777777777777,144.0,0.993103448275862,145.0,0.9797297297297296,148.0,0.9801324503311258,207.0,-0.2784202645899294,0.10973957490073598,104.0,103.0,0.24994996196854452,-0.3491933708378049,0.2023453593054815,-0.6674388373787383,-0.0554667729152114,0.3,0.455,0.505,0.53,0.815,1
0.06980961015412511,0.1861146369749647,145.0,0.9931506849315068,146.0,0.9931972789115646,147.0,1.027972027972028,0.07844905320108206,0.1707865168539326,890.0,3.723849372384937,239.0,1.6830985915492958,142.0,0.8606060606060606,213.0,-0.193484882590607,0.10385702185991004,107.0,106.0,0.2688392310077535,-0.2522689545518199,0.2079775765122151,-0.6692131323670711,0.0785871149954427,0.425,0.47,0.505,0.53,0.76,1
0.06255666364460562,0.1665515480289863,151.0,1.0342465753424657,146.0,1.006896551724138,145.0,0.9863945578231292,0.25788999098286747,2.525179856115108,139.0,0.9586206896551724,145.0,0.9797297297297296,148.0,0.9736842105263158,347.0,-0.0291813046362151,0.04617091635326354,102.0,245.0,0.32123324995582014,-0.064993432259221,0.19640936577320978,-0.3127103765431887,0.2110667522031201,0.235,0.27,0.295,0.315,0.465,1
0.07071622846781506,0.15382006772653345,172.0,1.1096774193548389,155.0,1.099290780141844,141.0,0.8392857142857143,0.12443642921550947,1.5984251968503935,127.0,0.6649214659685864,191.0,2.053763440860215,93.0,0.465,207.0,-0.0547624653565949,0.04131541934924355,65.0,142.0,0.31077409400963235,-0.2167489808008661,0.25701899184073534,-0.0486489824832895,-0.0463625584633392,0.25,0.295,0.315,0.36,0.49,1
0.06708975521305531,0.18772070880301459,141.0,1.0,141.0,0.9724137931034482,145.0,0.9931506849315068,0.1992786293958521,2.1343283582089554,134.0,0.9305555555555556,144.0,0.3789473684210526,380.0,2.733812949640288,300.0,-0.2727435120691651,0.08216212225597502,100.0,200.0,0.2756440495492382,-0.4190722303137091,0.13074266814952681,-0.7199485019632782,0.0053341553173396,0.285,0.295,0.335,0.355,0.53,1
0.05802357207615594,0.1621360182236622,149.0,1.0205479452054795,146.0,1.006896551724138,145.0,0.4239766081871345,0.0757439134355275,1.0067567567567568,148.0,1.0068027210884354,147.0,0.3712121212121212,396.0,2.848920863309353,206.0,-0.0504488998740507,0.05718548583396386,102.0,104.0,0.3186914199860347,-0.0868877656447845,0.12458372615972585,-0.3887126533107754,0.1519882606426692,0.42,0.445,0.505,0.525,0.775,1
0.06618313689936536,0.03216027344189797,506.0,1.7630662020905925,287.0,2.110294117647059,136.0,0.9444444444444444,0.07123534715960325,0.3789473684210526,380.0,2.794117647058824,136.0,0.3930635838150289,346.0,2.621212121212121,202.0,-0.1045183334481554,0.10205653001639832,102.0,100.0,0.30518803436947306,-0.1761565893469463,0.22586805343581992,-0.5200171315245029,0.1255883183178971,0.295,0.455,0.51,0.535,0.79,1
0.1931097008159565,0.41262418679363544,135.0,0.9121621621621622,148.0,1.0277777777777777,144.0,0.972972972972973,0.07484220018034266,0.2661870503597122,556.0,1.992831541218638,279.0,2.051470588235294,136.0,0.4059701492537313,207.0,-0.2956404898292835,0.08341958833346774,104.0,103.0,0.24953629696688479,-0.335113536408966,0.12756072966186233,-0.6863378192055818,-0.0647117924973274,0.295,0.475,0.505,0.53,0.775,1
0.3925657298277425,0.18388311494202125,499.0,1.7821428571428573,280.0,2.014388489208633,139.0,0.9266666666666666,0.07484220018034266,1.0,148.0,1.0136986301369864,146.0,0.3792207792207792,385.0,0.7475728155339806,203.0,-0.0756675773721048,0.113296593592215,100.0,103.0,0.3070051497515105,-0.1917622376969529,0.1823476218662531,-0.5038443768226673,0.2027660413689879,0.355,0.44,0.495,0.52,0.845,1
0.0743427017225748,0.1859703974031462,150.0,0.9554140127388536,157.0,1.0129032258064516,155.0,1.0333333333333334,0.0775473399458972,1.0,151.0,0.9869281045751634,153.0,0.3923076923076923,390.0,0.6989247311827957,209.0,-0.177353724011199,0.09276170287378695,104.0,105.0,0.2820668933649437,-0.2094427116875788,0.17514538105374336,-0.5504944085940201,0.0321384108169502,0.315,0.47,0.505,0.53,0.76,1
0.08340888485947416,0.1940103486011328,154.0,1.0,154.0,1.013157894736842,152.0,1.0133333333333334,0.1109107303877367,1.236842105263158,152.0,1.0482758620689656,145.0,0.9602649006622516,151.0,0.937888198757764,205.0,-0.332018289598283,0.12834421945011637,74.0,131.0,0.2769143966284128,-0.4005176975540039,0.32367776665464576,-0.4732696263481663,-0.3863242612423951,0.21,0.33,0.365,0.385,0.495,1
0.2910244786944696,0.575476634077944,136.0,0.918918918918919,148.0,1.0068027210884354,147.0,1.013793103448276,0.0739404869251578,1.013793103448276,145.0,0.9666666666666668,150.0,0.5376344086021505,279.0,2.066666666666667,204.0,-0.1815332359488046,0.09211762286604627,102.0,102.0,0.27692356348700625,-0.2286531537254633,0.17293009965037606,-0.5851559573486804,0.0598976434242639,0.3,0.46,0.505,0.53,0.775,1
0.07252946509519492,0.1860269237218318,148.0,0.4539877300613497,326.0,2.397058823529412,136.0,0.918918918918919,0.29035166816952207,2.8455882352941178,136.0,0.918918918918919,148.0,0.9736842105263158,152.0,1.0066225165562914,374.0,-0.134704341419696,0.058298002212030346,104.0,270.0,0.29995686741520183,-0.1476552610413408,0.22104548483346548,-0.5214996412724435,0.0796638485404719,0.175,0.26,0.28,0.295,0.42,1
0.06527651858567543,0.05113895576644146,381.0,2.801470588235294,136.0,0.9315068493150684,146.0,0.3903743315508021,0.06853020739404869,0.9724137931034482,145.0,1.013986013986014,143.0,0.3803191489361702,376.0,2.764705882352941,199.0,-0.0253157358219262,0.056658965139574566,101.0,98.0,0.32879828973871883,-0.0712179722185558,0.14581926146981408,-0.3657068149912224,0.1574336128554753,0.425,0.475,0.515,0.54,0.815,1
0.1486854034451496,0.19604749839791993,220.0,1.0526315789473684,209.0,0.9812206572769951,213.0,1.009478672985782,0.1036970243462579,0.9473684210526316,190.0,1.5833333333333333,120.0,1.4285714285714286,84.0,1.0909090909090908,203.0,-0.1808946805596455,0.0802245847563408,78.0,125.0,0.32843069850233286,-0.0460842568083634,0.1574254111080905,0.0502694680848471,0.0502694680848471,0.345,0.37,0.39,0.41,0.41,1
0.08522212148685404,0.18967980375010102,159.0,1.096551724137931,145.0,0.9539473684210528,152.0,0.95,0.1127141568981064,1.1801242236024845,161.0,0.9583333333333334,168.0,1.0,168.0,1.018181818181818,208.0,-0.3377110237256279,0.09304701379028722,75.0,133.0,0.2595463970017355,-0.4156972690046416,0.29275799163013816,-0.5367284620469401,-0.3871345716734053,0.21,0.335,0.36,0.38,0.545,1
0.09247506799637353,0.1842336179974487,171.0,1.1476510067114094,149.0,0.8418079096045198,177.0,2.011363636363636,0.18394950405770966,1.9779411764705883,136.0,0.8242424242424242,165.0,0.6521739130434783,253.0,2.480392156862745,261.0,0.0262104840413597,0.020900758598107607,73.0,188.0,0.36257938258490036,0.0883156383867084,0.3108277824687141,-0.036493570670656,0.1398165012500996,0.175,0.27,0.28,0.295,0.32,1
0.06346328195829556,0.17743021275505957,144.0,0.972972972972973,148.0,1.034965034965035,143.0,0.959731543624161,0.0757439134355275,1.0136054421768708,147.0,1.027972027972028,143.0,0.446875,320.0,2.302158273381295,206.0,-0.2524935663060925,0.07293176445916481,102.0,104.0,0.2581305586839772,-0.2939084969890416,0.0939114362014141,-0.6216369754011061,-0.0011668093423108,0.445,0.46,0.5,0.525,0.79,1
0.13236627379873073,0.18373300683563604,215.0,2.3118279569892475,93.0,0.4869109947643979,191.0,1.819047619047619,0.010820559062218215,0.6814159292035398,113.0,1.2282608695652173,92.0,0.9484536082474226,97.0,0.4898989898989899,130.0,-0.3165891940625975,0.04731860949752772,77.0,53.0,0.2640687705859908,-0.5214630025299671,0.13199538108824246,-0.432794054303686,-0.2519718910742149,0.335,0.57,0.6,0.63,0.795,1
0.05802357207615594,0.20793087221251177,120.0,0.96,125.0,0.9191176470588236,136.0,0.9784172661870504,0.06582506762849413,1.022222222222222,135.0,1.0975609756097562,123.0,0.9534883720930232,129.0,0.9923076923076924,170.0,-0.1822820986824176,0.21861752154721686,74.0,96.0,0.338108587253072,-0.2108756709768909,0.29187737308928186,-0.5356867669375593,-0.1959626343818429,0.23,0.4,0.44,0.475,0.745,1
0.06255666364460562,0.17884171208608854,142.0,0.3678756476683937,386.0,2.880597014925373,134.0,0.9305555555555556,0.07123534715960325,0.9863013698630136,146.0,1.0,146.0,0.9864864864864864,148.0,1.0136986301369864,204.0,-0.16128847135339,0.06667286872261767,104.0,100.0,0.2859051673355699,-0.1990970724087256,0.11537524863956876,-0.4979244258319812,0.0626182087916957,0.31,0.48,0.515,0.54,0.79,1
0.07978241160471441,0.1804802787008048,160.0,1.0810810810810811,148.0,0.961038961038961,154.0,1.0065359477124185,0.061316501352569885,0.76,175.0,2.0348837209302326,86.0,0.6515151515151515,132.0,1.4666666666666666,161.0,-0.025662383706432,0.11935663250580342,68.0,93.0,0.34963323319692796,-0.0103783673513785,0.2531311901937253,-0.0110038225276083,0.2260882153480066,0.37,0.4,0.425,0.535,0.45,1
0.06708975521305531,0.1817874498204099,145.0,1.0,145.0,0.9731543624161074,149.0,0.2876447876447876,0.0739404869251578,1.0068493150684932,146.0,0.9668874172185432,151.0,1.0,151.0,1.0134228187919463,202.0,-0.337045074254289,0.11776787143486134,100.0,102.0,0.2288457492212952,-0.396443016887741,0.1824249031149519,-0.7575197349847117,-0.1051035913188512,0.29,0.465,0.5,0.525,0.775,1
0.051677243880326386,0.20955037625450038,113.0,0.6975308641975309,162.0,2.025,80.0,0.4419889502762431,0.0387736699729486,0.7297297297297297,148.0,1.088235294117647,136.0,1.0149253731343284,134.0,1.0387596899224807,123.0,-0.1593559748491476,0.0238410234155312,48.0,75.0,0.30582050981714437,-0.2103529856052584,0.08172916677928184,-0.450353950592023,-0.0647263935142163,0.35,0.335,0.39,0.45,0.67,1
0.06618313689936536,0.17209187595314035,151.0,0.2393026941362916,631.0,2.554655870445344,247.0,1.7272727272727273,0.2569882777276826,2.631578947368421,133.0,0.8926174496644296,149.0,0.3850129198966408,387.0,2.7253521126760565,349.0,-0.2037616094364994,0.0497199320921264,105.0,244.0,0.2881954718113778,-0.2353239102033289,0.11781650633405112,-0.5291551087528991,-0.0244062397941802,0.285,0.275,0.305,0.32,0.45,1
0.04261106074342702,0.17493015870117007,122.0,1.3406593406593406,91.0,0.6319444444444444,144.0,1.2100840336134453,0.06311992786293959,1.1637931034482758,116.0,0.9830508474576272,118.0,0.9833333333333332,120.0,1.0619469026548674,147.0,-0.1995235657067338,0.32602899614341374,53.0,94.0,0.6046377262310024,-0.2418219802515126,0.4696889189341905,-0.2340148086962174,-0.2340148086962174,0.345,0.28,0.365,0.415,0.415,1
0.07343608340888486,0.1831725318014484,151.0,1.0202702702702702,148.0,1.0068027210884354,147.0,0.9865771812080536,0.07844905320108206,1.034013605442177,147.0,0.98,150.0,0.967741935483871,155.0,1.0472972972972974,211.0,0.0287389050943515,0.09744058732532425,105.0,106.0,0.3356088050564593,-0.020795464775117,0.2538450495046613,-0.3244611381404731,0.2284011402886991,0.46,0.47,0.505,0.53,0.76,1
0.07252946509519492,0.18459479719137384,149.0,1.0205479452054795,146.0,0.9798657718120806,149.0,1.0347222222222223,0.0775473399458972,1.0272108843537415,147.0,0.3,490.0,1.828358208955224,268.0,1.9142857142857144,207.0,-0.2311844267149481,0.10573126656054552,102.0,105.0,0.25978310800568194,-0.2592443391025913,0.16706727147901498,-0.593827614969092,0.0045669468631948,0.455,0.47,0.495,0.525,0.77,1
0.06074342701722575,0.1650556594894647,150.0,1.048951048951049,143.0,0.959731543624161,149.0,0.9933333333333332,0.3056807935076646,2.906474820143885,139.0,0.9205298013245032,151.0,1.0134228187919463,149.0,0.9551282051282052,387.0,-0.2410180785038683,0.04481484244178825,105.0,282.0,0.26178770209355473,-0.2910085234722493,0.12735700254334825,-0.5781649683878962,-0.0440456449941788,0.17,0.235,0.27,0.285,0.405,1
0.06074342701722575,0.17032731945674878,146.0,1.0138888888888888,144.0,0.5034965034965035,286.0,2.1343283582089554,0.07123534715960325,1.006993006993007,143.0,0.4798657718120805,298.0,2.143884892086331,139.0,0.9266666666666666,200.0,-0.1737139547119864,0.09049247189144205,100.0,100.0,0.28474010078000933,-0.2157954202446888,0.18285349419027574,-0.586590618950868,0.02,0.465,0.48,0.505,0.53,0.765,1
0.07615593834995467,0.1916795555903944,148.0,0.4698412698412698,315.0,2.2992700729927007,137.0,0.9013157894736842,0.07664562669071236,0.9933774834437086,151.0,0.3984168865435356,379.0,2.6690140845070425,142.0,0.9281045751633988,212.0,-0.2110658624140649,0.08890938709196168,107.0,105.0,0.2685264366655307,-0.2517074307070082,0.15749967328450765,-0.513381800824106,0.0399191102572319,0.445,0.465,0.505,0.535,0.785,1
0.07252946509519492,0.18895003129769805,146.0,1.0,146.0,1.0,146.0,1.0138888888888888,0.07844905320108206,1.0410958904109588,146.0,0.9605263157894736,152.0,1.0201342281879195,149.0,0.9675324675324676,211.0,-0.1505917944082954,0.09461805296165786,105.0,106.0,0.28820543557919787,-0.2044299318230429,0.19705739191864938,-0.5740737699496175,0.1105122688162541,0.465,0.455,0.5,0.52,0.78,1
0.07252946509519492,0.18318176568132197,150.0,0.986842105263158,152.0,0.9934640522875816,153.0,0.2761732851985559,0.0775473399458972,0.967948717948718,156.0,1.033112582781457,151.0,1.0134228187919463,149.0,0.25,207.0,-0.2219803066134546,0.08105987901901447,102.0,105.0,0.2657439711260624,-0.2817791075361852,0.13448403620215374,-0.6030067877199007,0.0155722997741263,0.3,0.455,0.5,0.525,0.785,1
0.06074342701722575,0.16378138406690929,151.0,1.0272108843537415,147.0,1.0068493150684932,146.0,0.9931972789115646,0.28043282236248873,2.685714285714285,140.0,0.3783783783783784,370.0,2.7007299270073,137.0,0.9072847682119204,365.0,-0.2397719426002465,0.03448316845325269,102.0,263.0,0.27106723491818946,-0.2258057821802133,0.09741327679263907,-0.6230678300734769,-0.015000729323546,0.2,0.265,0.28,0.295,0.435,1
0.06980961015412511,0.17628357142207265,152.0,0.987012987012987,154.0,0.2383900928792569,646.0,1.2029795158286778,0.0757439134355275,1.0347222222222223,144.0,0.96,150.0,0.9803921568627452,153.0,1.0337837837837838,206.0,-0.1591308256541435,0.06972341399372106,102.0,104.0,0.287348654662101,-0.2029047260195179,0.14557421889234795,-0.5586574918872725,0.0219349566224549,0.35,0.46,0.5,0.52,0.765,1
0.07071622846781506,0.18320060778755054,148.0,1.0068027210884354,147.0,0.3712121212121212,396.0,2.848920863309353,0.25428313796212804,2.5328467153284677,137.0,0.9383561643835616,146.0,0.3872679045092838,377.0,2.7518248175182483,346.0,-0.1318760277164689,0.044619182265637505,104.0,242.0,0.3287063158548156,-0.2081887256119469,0.10661722050753561,-0.4597150899007114,0.0762274858515224,0.205,0.285,0.305,0.325,0.485,1
0.07071622846781506,0.17499695049778605,154.0,0.9871794871794872,156.0,1.033112582781457,151.0,0.3094262295081967,0.0811541929666366,1.0333333333333334,150.0,0.9933774834437086,151.0,1.0272108843537415,147.0,0.9932432432432432,213.0,-0.1806602396420416,0.09662461703073275,105.0,108.0,0.2706892067950945,-0.2446266686833173,0.2109977590461008,-0.5409154083372264,0.0772211164240029,0.295,0.46,0.5,0.525,0.775,1
0.050770625566636446,0.18015348592090352,128.0,1.1531531531531531,111.0,1.0373831775700937,107.0,0.8770491803278688,0.04418394950405771,0.9047619047619048,126.0,1.2,105.0,0.9905660377358492,106.0,0.9298245614035088,153.0,-0.2072678176227903,0.2185504971806391,74.0,79.0,0.2803779604392071,-0.2629691796767136,0.4795937353970526,-0.1935898597355804,-0.1935898597355804,0.26,0.45,0.49,0.53,0.53,1
0.06618313689936536,0.18325001890528275,143.0,0.9930555555555556,144.0,0.2666666666666666,540.0,2.02247191011236,0.06853020739404869,0.436532507739938,323.0,2.3576642335766422,137.0,0.9133333333333332,150.0,1.0,200.0,-0.0390935333595458,0.073579964683753,102.0,98.0,0.33592362812814947,-0.1023563114942646,0.13331440242014625,-0.4192832536256061,0.1454294801321857,0.325,0.485,0.515,0.54,0.805,1
0.2928377153218495,0.5922195246678439,133.0,0.93006993006993,143.0,1.0214285714285714,140.0,0.958904109589041,0.07123534715960325,0.4079320113314447,353.0,2.557971014492753,138.0,0.9452054794520548,146.0,1.0138888888888888,202.0,-0.189524221566907,0.09794092704874549,102.0,100.0,0.28146783429326877,-0.2239178837103066,0.1812815410079685,-0.6116108646085134,0.007094450516903,0.385,0.47,0.51,0.535,0.775,1
0.06799637352674524,0.1861751570750284,143.0,0.9662162162162162,148.0,1.0206896551724138,145.0,0.9931506849315068,0.08025247971145176,1.0065359477124185,153.0,1.006578947368421,152.0,0.1707865168539326,890.0,3.723849372384937,202.0,-0.1517909610846166,0.12765062241989972,95.0,107.0,0.2772854510632229,-0.2363312591879753,0.25478958107687333,-0.5859805048320011,-0.0007265834779867,0.415,0.435,0.475,0.5,0.715,1
0.08703535811423391,0.1793123329075482,169.0,0.9883040935672516,171.0,1.0555555555555556,162.0,0.8526315789473684,0.0063119927862939585,0.7422680412371134,97.0,1.2597402597402598,77.0,1.0547945205479452,73.0,0.6636363636363637,113.0,-0.1777276041797903,0.13031237851543787,63.0,50.0,0.2796258404287278,-0.2002746363889616,0.2608380599925696,-0.1107923876573033,0.0544000255825522,0.485,0.505,0.56,0.655,0.6,1
0.3155031731640979,0.07834905965624325,829.0,4.876470588235295,170.0,1.683168316831683,101.0,1.0978260869565215,0.06402164111812443,0.317016317016317,429.0,1.8982300884955752,226.0,1.6258992805755397,139.0,0.9266666666666666,186.0,-0.0726736425745474,0.12170243915196426,91.0,95.0,0.30143976196917743,-0.1649418343770277,0.2809423222547171,-0.3952378013621974,0.1477229257550121,0.345,0.405,0.49,0.52,0.805,1
0.011786038077969175,0.14487908879626607,102.0,0.3763837638376384,271.0,1.3482587064676617,201.0,0.7556390977443609,0.07484220018034266,0.6577777777777778,225.0,2.3684210526315788,95.0,0.6834532374100719,139.0,0.6650717703349283,173.0,0.0253630888229719,0.047204522745721025,70.0,103.0,0.363057299345234,-0.0229876222024958,0.279072283354721,0.2088530779153355,0.2088530779153355,0.365,0.385,0.405,0.43,0.43,1
0.06708975521305531,0.18035493352495224,146.0,1.0138888888888888,144.0,0.4079320113314447,353.0,2.557971014492753,0.2840396753832281,2.733812949640288,139.0,0.9455782312925172,147.0,1.0208333333333333,144.0,1.0,366.0,-0.2272967196663294,0.030082725378152677,100.0,266.0,0.2834857756728646,-0.2740315120328771,0.08307828153110776,-0.5946249511331425,-0.0492966882257825,0.26,0.25,0.275,0.29,0.415,1
0.05983680870353581,0.1662427121818628,148.0,0.3967828418230563,373.0,2.762962962962963,135.0,0.9183673469387756,0.27141568981064024,2.652173913043478,138.0,0.913907284768212,151.0,1.0272108843537415,147.0,1.0068493150684932,357.0,-0.2317205531306493,0.054283673141728064,101.0,256.0,0.26577994761966794,-0.2498876662584409,0.14433617661354212,-0.5486238875392004,-0.0075507785583439,0.245,0.26,0.285,0.305,0.435,1
0.16772438803263826,0.21166564683995487,224.0,0.9531914893617022,235.0,1.068181818181818,220.0,1.0526315789473684,0.009017132551848512,0.6696428571428571,112.0,0.6222222222222222,180.0,0.9473684210526316,190.0,1.5833333333333333,131.0,-0.1407043141796709,0.06574707550638174,79.0,52.0,0.33376696693631175,-0.059213184828516,0.16798299433704944,-0.0641426090827282,-0.0641426090827282,0.42,0.58,0.605,0.64,0.64,1
0.1115140525838622,0.378385986209016,100.0,0.5319148936170213,188.0,1.918367346938776,98.0,0.4875621890547263,0.12082957619477007,1.5793650793650793,126.0,0.6666666666666666,189.0,1.96875,96.0,0.5423728813559322,225.0,-0.3601107886609962,0.13682479812132028,86.0,139.0,0.30912856570902514,-0.3499801469040203,0.1678997915878691,-0.4209073119526356,-0.343059438467122,0.24,0.37,0.385,0.405,0.56,1
0.06074342701722575,0.16765587014900346,148.0,1.0,148.0,0.9801324503311258,151.0,1.0342465753424657,0.07303877366997295,0.9733333333333334,150.0,1.0273972602739727,146.0,0.9668874172185432,151.0,0.9805194805194806,206.0,-0.3016520233853471,0.13855095967592684,104.0,102.0,0.32903852946137024,-0.176534687360543,0.09001855963644753,0.1217821893153638,0.1217821893153638,0.505,0.74,0.785,0.805,0.805,1
0.06980961015412511,0.18759709924087695,144.0,0.9536423841059604,151.0,0.2393026941362916,631.0,2.554655870445344,0.07664562669071236,0.4285714285714285,350.0,2.631578947368421,133.0,0.8926174496644296,149.0,0.3850129198966408,207.0,-0.1412845585769699,0.0802580010136639,102.0,105.0,0.2900417818939532,-0.1873736525895273,0.1690860742919006,-0.5650074474244904,-0.0695377394011508,0.41,0.46,0.5,0.525,0.82,1
0.05802357207615594,0.1621360182236622,149.0,1.0205479452054795,146.0,1.020979020979021,143.0,0.9727891156462584,0.5022542831379622,1.3610503282275712,457.0,0.8788461538461538,520.0,1.037924151696607,501.0,1.6983050847457628,537.0,-0.1129364968717575,0.04510018568544879,102.0,435.0,0.2961117151741967,-0.1204594492714331,0.25899194688110216,-0.4954290502055727,0.0586922074061138,0.145,0.175,0.19,0.2,0.275,1
0.06708975521305531,0.18772070880301459,141.0,0.9724137931034482,145.0,0.2715355805243445,534.0,2.225,0.27051397655545534,2.744360902255639,133.0,0.93006993006993,143.0,1.0070422535211268,142.0,0.3585858585858585,357.0,-0.1608739249658453,0.030235059477289924,102.0,255.0,0.2903165827036843,-0.2120868550990155,0.11414098739084864,-0.541169500019699,-0.0408092420503108,0.225,0.265,0.29,0.3,0.46,1
0.06799637352674524,0.17896113388612858,148.0,1.0136986301369864,146.0,0.9798657718120806,149.0,1.0136054421768708,0.07303877366997295,0.2602495543672014,561.0,2.125,264.0,1.9411764705882355,136.0,0.912751677852349,203.0,-0.1608187806947344,0.08866557413636385,101.0,102.0,0.2812613522935685,-0.2111732270714482,0.17868504602099217,-0.5715462336646044,0.0426535814117502,0.435,0.455,0.505,0.53,0.76,1
0.06980961015412511,0.05303958266346142,385.0,2.9166666666666665,132.0,0.9041095890410958,146.0,0.3659147869674185,0.07303877366997295,1.0,146.0,0.9864864864864864,148.0,0.3915343915343915,378.0,1.3309859154929575,205.0,-0.1736648977905163,0.06593385889866556,103.0,102.0,0.2921216863012377,-0.208777366914101,0.10934836573081741,-0.5262406548693732,0.0273831735976214,0.295,0.475,0.505,0.53,0.805,1
0.019038984587488667,0.1475633332343856,110.0,1.0091743119266054,109.0,0.9316239316239316,117.0,0.951219512195122,0.05139765554553652,0.9384615384615383,130.0,0.9629629629629628,135.0,1.0227272727272727,132.0,1.015384615384615,159.0,-0.1138954248094191,0.19756233513831267,74.0,85.0,0.3040529062052742,-0.1972298753355643,0.47527489270647477,-0.1290907568906075,-0.0981695854899526,0.275,0.425,0.465,0.505,0.51,1
0.024478694469628286,0.11698121966534045,142.0,0.5772357723577236,246.0,1.0336134453781514,238.0,2.106194690265487,0.04418394950405771,0.504424778761062,226.0,2.3789473684210525,95.0,0.9405940594059404,101.0,0.8145161290322581,151.0,0.0108758893453672,0.05932815030621272,72.0,79.0,0.3463337847919208,-0.0624225373893618,0.2825146353242791,-0.0136771397230621,0.1211586243143949,0.425,0.455,0.485,0.51,0.55,1
0.07796917497733455,0.18448612568023978,155.0,1.0,155.0,,152.0,0.9620253164556962,0.07844905320108206,1.0133333333333334,150.0,0.974025974025974,154.0,0.2172073342736248,709.0,2.1101190476190474,213.0,-0.1037499475731905,0.09089743869914754,107.0,106.0,0.3073582352980347,-0.1598440652631833,0.20497188480985826,-0.4314415945600639,0.0862097062017632,0.47,0.46,0.505,0.53,0.74,1
0.05983680870353581,0.17024828407493045,145.0,1.013986013986014,143.0,0.9794520547945206,146.0,1.006896551724138,0.07123534715960325,0.9664429530201344,149.0,1.0205479452054795,146.0,0.1642294713160854,889.0,3.986547085201794,205.0,-0.0462104472714407,0.11192387387188482,105.0,100.0,0.31766408286996994,-0.1263012458657236,0.3019839253114101,-0.4758765939367416,0.1606974692531698,0.305,0.45,0.52,0.545,0.775,1
0.06890299184043518,0.23541498293241372,117.0,1.0,117.0,1.0,117.0,0.9831932773109244,0.059513074842200184,1.0826446280991735,121.0,1.0083333333333333,120.0,1.4285714285714286,84.0,0.5753424657534246,148.0,-0.134300222118501,0.41703316843415394,57.0,91.0,0.7080516827052749,-0.1089949748743718,0.6575950623464847,-0.2503566584552498,-0.1362085621889355,0.37,0.31,0.39,0.465,0.435,1
0.07071622846781506,0.18904951159599376,144.0,0.979591836734694,147.0,0.9865771812080536,149.0,0.1308165057067603,0.0721370604147881,0.9797297297297296,148.0,1.0,148.0,1.034965034965035,143.0,0.2440273037542662,202.0,-0.0708646899694207,0.07616880803921539,101.0,101.0,0.3157786594722778,-0.1102196489115342,0.19945264830294182,-0.4180229161281645,0.083823888474901,0.29,0.465,0.505,0.53,0.795,1
0.06980961015412511,0.06008021789333674,354.0,2.4755244755244754,143.0,0.9727891156462584,147.0,0.392,0.0775473399458972,1.0,151.0,0.360381861575179,419.0,0.5054282267792521,829.0,4.876470588235295,208.0,-0.052370993149716,0.10192315944228941,103.0,105.0,0.31964758259226,-0.1127660635645859,0.24484807219786756,-0.461006510211768,0.173421080078325,0.295,0.445,0.5,0.525,0.775,1
0.03535811423390753,0.06654297560216489,245.0,1.206896551724138,203.0,0.944186046511628,215.0,1.048780487804878,0.06762849413886383,0.7368421052631579,190.0,0.964467005076142,197.0,1.0,197.0,1.790909090909091,171.0,-0.2072958621365518,0.06462174169942886,73.0,98.0,0.3018158964147772,-0.2885366264761497,0.18911505577733093,-0.3174783083924885,-0.1364478630429774,0.28,0.41,0.43,0.45,0.545,1
0.06980961015412511,0.1832102211070549,147.0,1.027972027972028,143.0,0.9407894736842104,152.0,1.0201342281879195,0.0757439134355275,1.0136054421768708,147.0,1.0208333333333333,144.0,1.006993006993007,143.0,0.9662162162162162,200.0,-0.1606695144982733,0.10271194097764355,96.0,104.0,0.28602204962067557,-0.210379453962881,0.22981594466650793,-0.5472764745458153,0.0931036855702827,0.33,0.435,0.485,0.51,0.78,1
0.42339075249320035,0.36198709482064156,289.0,2.0942028985507246,138.0,0.9324324324324323,148.0,1.0068027210884354,0.0757439134355275,0.3880208333333333,384.0,2.844444444444445,135.0,0.9,150.0,1.0067114093959733,201.0,-0.1055354035106363,0.09322692773929075,97.0,104.0,0.30400523754219844,-0.1365527368364685,0.2405017567702141,-0.4781540965796088,0.1593687022341109,0.33,0.44,0.49,0.515,0.78,1
1.0,1.0,239.0,1.6713286713286712,143.0,0.9285714285714286,154.0,1.0620689655172413,0.0739404869251578,0.9865771812080536,149.0,1.0,149.0,0.2689530685920577,554.0,1.8528428093645488,204.0,-0.2705576968079235,0.09106577920167805,102.0,102.0,0.24898366129604596,-0.3522757967804774,0.16278163694979866,-0.6405396994469607,-0.0496754285195833,0.425,0.445,0.505,0.53,0.78,1
0.06980961015412511,0.22226758771785796,124.0,0.953846153846154,130.0,0.9558823529411764,136.0,0.317016317016317,0.9549143372407575,4.290076335877862,262.0,1.8985507246376807,138.0,0.9517241379310344,145.0,0.9797297297297296,888.0,-0.1190519972690156,0.019391656732293885,102.0,786.0,0.2911527463253393,-0.1514689675103155,0.22578139293272398,-0.3651559130280275,0.1189154694000521,0.07,0.1,0.115,0.125,0.175,1
0.10788757932910245,0.2983613988474871,122.0,0.6069651741293532,201.0,2.1157894736842104,95.0,0.472636815920398,0.09197475202885483,1.403361344537815,119.0,0.7,170.0,1.5178571428571428,112.0,0.6956521739130435,205.0,-0.0916068759204046,0.09411021947243531,89.0,116.0,0.31726964438124017,-0.1496123278908021,0.28530346152931,-0.4986516611906339,0.056347726167227,0.29,0.395,0.44,0.465,0.705,1
0.057116953762466005,0.05629902233832089,335.0,2.518796992481203,133.0,0.4054878048780488,328.0,2.4296296296296296,0.0721370604147881,1.0,145.0,1.0431654676258992,139.0,0.9928571428571428,140.0,0.3674540682414698,198.0,-0.1681503532989874,0.07873137064998668,97.0,101.0,0.29180229923012935,-0.2408771763116467,0.1637048742300615,-0.5077261187205334,0.018920145574199,0.43,0.445,0.5,0.525,0.8,1
0.05802357207615594,0.16602977057037588,146.0,0.9798657718120806,149.0,1.0067567567567568,148.0,1.0068027210884354,0.07123534715960325,0.9664429530201344,149.0,0.4293948126801152,347.0,2.532846715328468,137.0,0.9383561643835616,204.0,-0.1496775400683073,0.05995614835226511,104.0,100.0,0.2873991569677955,-0.1994848135407454,0.12083198479315094,-0.5170731071164909,0.0224428344663246,0.3,0.475,0.515,0.54,0.78,1
0.08612873980054397,0.17567202937781295,171.0,1.049079754601227,163.0,1.0516129032258064,155.0,0.96875,0.12173128944995491,1.2658227848101269,158.0,0.9937106918238994,159.0,0.9636363636363636,165.0,0.9880239520958084,223.0,-0.2480822021157346,0.10191380607920657,83.0,140.0,0.31230490325680677,-0.5271276652238887,0.35765110378832654,-0.2868008576237333,-0.2845651949415619,0.225,0.35,0.375,0.395,0.65,1
0.09156844968268359,0.3026707973948993,109.0,0.7569444444444444,144.0,1.1428571428571428,126.0,1.1454545454545455,0.1424706943192065,0.9695652173913044,230.0,1.074766355140187,214.0,1.0,214.0,2.2291666666666665,224.0,-0.2506227019976951,0.04765858384177843,68.0,156.0,0.26148241969151337,-0.298270826231246,0.13712941264532513,-0.3299884260034019,-0.2556569871908973,0.28,0.295,0.31,0.325,0.365,1
0.6881233000906618,0.7510809885470768,223.0,1.6277372262773722,137.0,0.9448275862068966,145.0,1.013986013986014,0.07303877366997295,0.9668874172185432,151.0,1.0486111111111112,144.0,0.9664429530201344,149.0,1.0205479452054795,202.0,-0.110032530938284,0.09614675590397014,100.0,102.0,0.2963759818257,-0.1776021994322778,0.23550824052486236,-0.547376066482818,0.1190926558320434,0.43,0.455,0.495,0.52,0.785,1
0.03173164097914778,0.17418209057907116,110.0,0.9649122807017544,114.0,1.027027027027027,111.0,1.018348623853211,0.06402164111812443,1.182608695652174,115.0,1.0648148148148149,108.0,1.0,108.0,0.9908256880733946,150.0,-0.2246664898127316,0.5173487228335715,55.0,95.0,0.40908001990587456,-0.5492611850760424,0.6954442078774443,-0.7544764522002114,0.1601159850917453,0.195,0.33,0.37,0.42,0.645,1
0.05530371713508613,0.16435850155900864,144.0,0.3881401617250674,371.0,2.688405797101449,138.0,0.9387755102040816,0.07123534715960325,1.0212765957446808,141.0,0.9791666666666666,144.0,0.972972972972973,148.0,1.034965034965035,193.0,-0.0700668551029062,0.05581614589615255,93.0,100.0,0.32251287226498754,-0.1248455927239482,0.1674324167817959,-0.3812919164777887,0.1513519861910457,0.335,0.44,0.49,0.515,0.795,1
0.05893019038984588,0.16101122010483226,151.0,1.0134228187919463,149.0,1.0,149.0,1.0136054421768708,0.07484220018034266,1.0206896551724138,145.0,0.9797297297297296,148.0,0.3957219251336898,374.0,2.6906474820143886,201.0,-0.1843364647866233,0.10166113039268626,98.0,103.0,0.2746461487032204,-0.2687760010149205,0.17996743432026738,-0.5285622743624084,0.0542951563123691,0.325,0.44,0.49,0.52,0.745,1
0.06618313689936536,0.1817874498204099,144.0,0.993103448275862,145.0,0.9731543624161074,149.0,1.0,0.0775473399458972,0.1753774680603949,861.0,3.48582995951417,247.0,1.7394366197183098,142.0,0.9659863945578232,208.0,0.0259092065474872,0.09217327908547347,103.0,105.0,0.33613470339436397,-0.0099239429834215,0.25938441976984017,-0.34566908379246,0.2267284253100165,0.445,0.465,0.495,0.525,0.76,1
0.06980961015412511,0.17763220387729436,151.0,1.0,151.0,0.360381861575179,419.0,0.5054282267792521,0.07484220018034266,1.1935483870967742,124.0,0.953846153846154,130.0,0.9558823529411764,136.0,0.317016317016317,191.0,-0.0475617310771039,0.0763580138897546,88.0,103.0,0.3192022498200152,-0.1331154418630155,0.24896672206252365,-0.4145049004879492,0.1078693375353794,0.435,0.42,0.465,0.495,0.775,1
0.15503173164097914,0.18530253182270928,238.0,1.017094017094017,234.0,1.0493273542600896,223.0,0.9780701754385964,0.2037871956717764,2.621621621621621,111.0,1.353658536585366,82.0,0.3904761904761905,210.0,2.0388349514563107,272.0,-0.132385716104935,0.2009917261419197,69.0,203.0,0.2804305654665195,-0.1933408299727605,0.5068774285856237,-0.3204622691572227,0.1533638836172437,0.195,0.215,0.255,0.28,0.445,1
0.06799637352674524,0.1817874498204099,146.0,1.0138888888888888,144.0,0.3214285714285714,448.0,1.6173285198555956,0.07844905320108206,1.0201342281879195,149.0,0.9675324675324676,154.0,0.9871794871794872,156.0,1.033112582781457,208.0,-0.2236095932963517,0.09042029658776415,102.0,106.0,0.26381980983285436,-0.300159979693882,0.1578921949284291,-0.5693433691893786,-0.0364635895651666,0.305,0.45,0.5,0.525,0.77,1
0.12330009066183137,0.4432216737414287,92.0,0.4717948717948718,195.0,2.03125,96.0,0.4383561643835616,0.13255184851217314,2.141414141414141,99.0,0.4852941176470588,204.0,2.125,96.0,0.6857142857142857,210.0,-0.3058634443179235,0.11864165368571825,62.0,148.0,0.18032136331610638,-0.6266852330195534,0.0792258987093228,-0.3763556502045068,-0.3743757464485817,0.245,0.275,0.295,0.315,0.445,1
0.06890299184043518,0.18321996611586752,146.0,0.9668874172185432,151.0,0.967948717948718,156.0,1.033112582781457,0.0757439134355275,0.9738562091503268,153.0,1.0408163265306123,147.0,0.9865771812080536,149.0,0.2310077519379845,206.0,-0.1584815993715227,0.0892667977362514,102.0,104.0,0.283907818465256,-0.18789350833573,0.18180175323639847,-0.5360366486369572,0.0662523289206033,0.45,0.465,0.5,0.525,0.775,1
0.07071622846781506,0.03280022414186792,518.0,2.1316872427983538,243.0,1.8,135.0,0.906040268456376,0.0775473399458972,1.0134228187919463,149.0,1.0136054421768708,147.0,0.2363344051446945,622.0,1.3610503282275712,210.0,-0.1575659360356527,0.12388388472519621,105.0,105.0,0.28003640213232145,-0.2316185132541527,0.2658629546200191,-0.5856255652482242,0.1309962992630228,0.31,0.46,0.505,0.53,0.79,1
0.06980961015412511,0.18038377613492793,149.0,0.9675324675324676,154.0,1.0198675496688745,151.0,1.0066666666666666,0.07484220018034266,1.0,148.0,0.9801324503311258,151.0,1.0342465753424657,146.0,0.9864864864864864,199.0,-0.1749353958440551,0.04143103502257989,96.0,103.0,0.2970617611237658,-0.1939358739748595,0.11088389891790024,-0.4313203277504688,-0.085280219452212,0.38,0.455,0.485,0.51,0.725,1
0.06618313689936536,0.03986601397757113,448.0,1.6173285198555956,277.0,1.9928057553956835,139.0,0.9205298013245032,0.08025247971145176,0.9871794871794872,156.0,1.033112582781457,151.0,0.3094262295081967,488.0,1.6105610561056103,211.0,-0.266732131436227,0.09610924564209404,104.0,107.0,0.25522715918483807,-0.3161076335764463,0.1694734888571096,-0.6759942943527096,-0.0254773421951186,0.3,0.45,0.495,0.52,0.78,1
0.06527651858567543,0.0534727064040396,370.0,2.7007299270073,137.0,0.9194630872483222,149.0,1.0347222222222223,0.0703336339044184,0.4454828660436137,321.0,2.3955223880597014,134.0,0.9054054054054054,148.0,1.049645390070922,199.0,-0.1694197512091552,0.06092316577382553,99.0,100.0,0.2868550837527855,-0.2230651955470269,0.1275472754449745,-0.4947387296758762,0.0173746103402828,0.45,0.47,0.505,0.53,0.78,1
0.07071622846781506,0.1817874498204099,149.0,0.3386363636363636,440.0,0.7899461400359067,557.0,2.273469387755102,0.07484220018034266,0.9932885906040269,149.0,1.0067567567567568,148.0,0.3936170212765957,376.0,2.7246376811594204,203.0,-0.1839844667518332,0.09458118548778652,100.0,103.0,0.2726668762573945,-0.2330237030637303,0.20661480564456997,-0.6195304314120629,0.0605215189545008,0.305,0.465,0.5,0.525,0.8,1
0.36083408884859475,0.18313389217536793,466.0,1.0064794816414686,463.0,3.4044117647058822,136.0,0.951048951048951,0.0739404869251578,1.05,140.0,0.9722222222222222,144.0,1.006993006993007,143.0,0.959731543624161,204.0,-0.1876211594995496,0.1076740633920143,102.0,102.0,0.27666652286771354,-0.2167965696289382,0.2306144926988646,-0.6203017027060063,0.0100552995378253,0.455,0.47,0.505,0.53,0.785,1
0.06799637352674524,0.17353163222290402,152.0,1.0066225165562914,151.0,1.0272108843537415,147.0,1.013793103448276,0.07664562669071236,1.0135135135135136,148.0,0.9932885906040269,149.0,0.9675324675324676,154.0,1.0198675496688745,211.0,-0.1768958206982427,0.10729513611036977,106.0,105.0,0.28639466895300936,-0.2576168195837154,0.20474783914159309,-0.5497434812029354,0.1207130650359285,0.455,0.465,0.505,0.525,0.775,1
0.07343608340888486,0.18599847087685584,149.0,1.0,149.0,0.3386363636363636,440.0,0.7899461400359067,0.0703336339044184,0.9662162162162162,148.0,0.9932885906040269,149.0,1.0067567567567568,148.0,0.3936170212765957,200.0,-0.2001179705824725,0.09331708764441003,100.0,100.0,0.27449507616772173,-0.27,0.1956890561086214,-0.591512775849886,0.035,0.3,0.455,0.505,0.53,0.795,1
0.28921124206708976,0.5680231207810974,137.0,0.9133333333333332,150.0,0.3926701570680628,382.0,2.7681159420289854,0.40216411181244366,0.9623352165725048,531.0,2.288793103448276,232.0,1.6453900709219855,141.0,0.9527027027027029,460.0,-0.1746283365390001,0.03134485723073367,103.0,357.0,0.28033963651775745,-0.2083648606407057,0.18916249742992008,-0.4886419727782342,-1.6950062852217306e-05,0.135,0.205,0.225,0.24,0.335,1
0.05893019038984588,0.1701681509794757,144.0,0.3819628647214854,377.0,2.673758865248227,141.0,0.9591836734693876,0.2533814247069432,2.621212121212121,132.0,0.3975903614457831,332.0,2.4411764705882355,136.0,0.4108761329305136,337.0,-0.084593692600804,0.043692507777078275,95.0,242.0,0.32183703443317896,-0.0913587252344775,0.19527266043753455,-0.4191145077136539,0.0732580348178383,0.225,0.255,0.285,0.3,0.435,1
0.11242067089755213,0.39747068455525036,96.0,0.4383561643835616,219.0,2.305263157894737,95.0,0.4523809523809524,0.12533814247069433,2.125,96.0,0.6857142857142857,140.0,0.6060606060606061,231.0,1.064516129032258,211.0,-0.1603464538507167,0.09232562924487418,69.0,142.0,0.3011881217087152,-0.2367474749779193,0.21093695080785888,-0.0889439103129017,0.0955391535321013,0.27,0.305,0.325,0.375,0.345,1
0.06890299184043518,0.055065445303197576,373.0,2.683453237410072,139.0,0.9205298013245032,151.0,0.3719211822660098,0.28584310189359785,2.7681159420289854,138.0,0.9324324324324323,148.0,0.3925729442970822,377.0,2.636363636363636,373.0,-0.3516934801986434,0.05519004828590772,106.0,267.0,0.23345381933934464,-0.3866310482714935,0.133504196948725,-0.715452496273331,-0.1860648735084815,0.175,0.26,0.285,0.3,0.42,1
0.06255666364460562,0.16527581462539814,152.0,1.0555555555555556,144.0,0.3789473684210526,380.0,2.695035460992908,0.0775473399458972,0.9869281045751634,153.0,0.1303236797274276,1174.0,4.912133891213389,239.0,1.6713286713286712,207.0,-0.1709726548674022,0.09244324838576404,102.0,105.0,0.28438338706459576,-0.22596178489589,0.16534863148576437,-0.6369178352548587,0.0712788287971638,0.435,0.46,0.5,0.52,0.785,1
0.0843155031731641,0.17803031127304192,167.0,1.050314465408805,159.0,1.0460526315789471,152.0,1.027027027027027,0.06943192064923355,0.5220588235294118,272.0,1.8503401360544216,147.0,0.5975609756097561,246.0,2.510204081632653,160.0,-0.2193792377729756,0.149308779048081,61.0,99.0,0.2798248872097654,-0.2665267327055495,0.3187317081630782,-0.2359826971170144,0.0621677968179643,0.335,0.355,0.385,0.465,0.41,1
0.07524932003626474,0.033526075196013604,529.0,1.7932203389830508,295.0,2.062937062937063,143.0,0.9407894736842104,0.0775473399458972,1.0202702702702702,148.0,1.0068027210884354,147.0,0.9865771812080536,149.0,0.9551282051282052,211.0,0.0265776445984255,0.0890982544900697,106.0,105.0,0.3406897839612791,-0.0473346643832716,0.22769111174013734,-0.3547244868498823,0.2661198404608146,0.36,0.455,0.51,0.535,0.8,1
0.06890299184043518,0.18467224125677975,145.0,0.3961748633879781,366.0,2.652173913043478,138.0,0.913907284768212,0.19296663660955815,2.066666666666667,135.0,0.9183673469387756,147.0,0.3909574468085106,376.0,2.685714285714285,300.0,-0.246439997499924,0.06757871898890659,105.0,195.0,0.2726659572905805,-0.2777074005237459,0.1370803989751754,-0.6849031900282316,-0.0014280014597113,0.21,0.335,0.355,0.37,0.535,1
0.271985494106981,0.5474080533484716,135.0,0.3846153846153846,351.0,2.525179856115108,139.0,0.9266666666666666,0.0703336339044184,0.3864864864864865,370.0,2.7007299270073,137.0,0.9194630872483222,149.0,1.0347222222222223,203.0,-0.324468115165211,0.06182845361703806,103.0,100.0,0.23900587995235592,-0.380819774941069,0.06564635830901978,-0.6841854916085385,-0.1735160677150616,0.37,0.45,0.51,0.535,0.755,1
0.08884859474161379,0.185567221732521,166.0,1.0121951219512195,164.0,1.0123456790123455,162.0,0.9938650306748468,0.11722272317403065,1.21875,160.0,1.032258064516129,155.0,0.981012658227848,158.0,0.9813664596273292,212.0,-0.3483285358363393,0.08490005993632334,76.0,136.0,0.2675213007446928,-0.4232570614815086,0.26826272879888274,-0.4596060191904424,-0.3972596051251235,0.2,0.32,0.365,0.385,0.585,1
0.08340888485947416,0.20614022684318972,146.0,0.9733333333333334,150.0,0.9202453987730062,163.0,0.9939024390243902,0.10459873760144274,1.0773809523809523,168.0,0.9940828402366864,169.0,1.0119760479041915,167.0,1.030864197530864,208.0,-0.3971996580064986,0.11313539637043873,82.0,126.0,0.27449546409264564,-0.6724385072287128,0.3070686139132492,-0.4741246328027965,-0.4643419780347688,0.235,0.37,0.395,0.415,0.555,1
0.06074342701722575,0.16634703928010808,149.0,1.041958041958042,143.0,1.0070422535211268,142.0,0.9793103448275862,0.0775473399458972,1.0202702702702702,148.0,0.9932885906040269,149.0,0.9738562091503268,153.0,0.4036939313984168,207.0,-0.1891202894827499,0.11203763542115244,102.0,105.0,0.2801388953068578,-0.2362613870212002,0.20839040817547425,-0.6251811599322549,0.0712990219226386,0.435,0.465,0.5,0.525,0.76,1
0.14052583862194015,0.3538280358845642,124.0,0.5344827586206896,232.0,2.4166666666666665,96.0,0.9320388349514565,0.0721370604147881,1.6111111111111112,90.0,0.9473684210526316,95.0,1.144578313253012,83.0,0.976470588235294,166.0,0.0340178855771664,0.1285641963913715,65.0,101.0,0.34727411096699606,-0.0202326986721986,0.3947745689861829,0.032876087641784,0.0371473063122405,0.325,0.36,0.39,0.46,0.48,1
0.06074342701722575,0.1650556594894647,150.0,0.986842105263158,152.0,1.034013605442177,147.0,0.9932432432432432,0.07484220018034266,1.034965034965035,143.0,0.9794520547945206,146.0,0.1655328798185941,882.0,3.6296296296296298,201.0,-0.0846600456681438,0.09550553770363145,98.0,103.0,0.3096179362664229,-0.1080596307133415,0.207170801366722,-0.4788785798944986,0.1650365488475744,0.345,0.46,0.49,0.515,0.775,1
0.07252946509519492,0.17905349715195482,153.0,0.1303236797274276,1174.0,4.912133891213389,239.0,1.6713286713286712,0.08025247971145176,1.0476190476190477,147.0,1.0,147.0,0.9865771812080536,149.0,1.0,212.0,-0.2955719675950571,0.0899621969871127,105.0,107.0,0.24536068840158223,-0.3549502156863477,0.1688260148243486,-0.6465527549972984,-0.085889485128757,0.305,0.445,0.5,0.525,0.765,1
0.05802357207615594,0.16602977057037588,146.0,0.9864864864864864,148.0,1.0136986301369864,146.0,1.0,0.0739404869251578,1.013793103448276,145.0,0.9863945578231292,147.0,0.98,150.0,0.2631578947368421,207.0,-0.034826548232884,0.1421682696800865,105.0,102.0,0.28853372518968917,-0.1819741358219889,0.303419785120097,-0.484416179874572,0.2868296392642412,0.44,0.475,0.51,0.535,0.765,1
0.07343608340888486,0.18744008168897244,148.0,0.8554913294797688,173.0,1.0236686390532543,169.0,1.0903225806451613,0.16321009918845808,2.510204081632653,98.0,0.7050359712230215,139.0,0.5840336134453782,238.0,1.2081218274111676,274.0,-0.2818577272113459,0.02234404764581098,102.0,172.0,0.3107726932475412,-0.4070465023149792,0.14127294262217602,-0.3509058971385918,-0.2289920234852667,0.275,0.36,0.375,0.39,0.44,1
0.032638259292837715,0.1560726081232605,122.0,0.9384615384615383,130.0,0.9629629629629628,135.0,1.0227272727272727,0.0369702434625789,0.9298245614035088,114.0,1.0363636363636364,110.0,1.0476190476190477,105.0,1.0714285714285714,147.0,-0.1626005717395607,0.23694943804479895,73.0,74.0,0.298193073093506,-0.2110733073498154,0.5181285962993033,-0.1102548896108662,-0.1102548896108662,0.28,0.46,0.505,0.545,0.545,1
0.12964641885766093,0.1817874498204099,214.0,2.2291666666666665,96.0,0.4571428571428571,210.0,1.0344827586206895,0.11992786293958521,2.0842105263157893,95.0,1.1875,80.0,1.1594202898550725,69.0,0.8734177215189873,194.0,-0.2344385555529454,0.11622693187874096,56.0,138.0,0.23671309682590103,-0.3754082482663142,0.26724070713674464,-0.2927788448902722,-0.2927788448902722,0.235,0.265,0.295,0.335,0.335,1
0.06980961015412511,0.1832102211070549,147.0,0.4060773480662983,362.0,2.6423357664233578,137.0,0.9256756756756755,0.27141568981064024,2.7111111111111112,135.0,0.9310344827586208,145.0,0.3929539295392953,369.0,2.6739130434782608,360.0,-0.1942928496160801,0.06450673391395366,104.0,256.0,0.2726678166909567,-0.2601655601821219,0.1821694038818084,-0.5546086518393943,-0.0395471715571315,0.17,0.255,0.29,0.305,0.425,1
0.0770625566636446,0.18045530090871043,157.0,0.98125,160.0,1.0,160.0,0.9580838323353292,0.1127141568981064,1.1176470588235294,170.0,1.0240963855421688,166.0,1.0,166.0,1.0121951219512195,208.0,-0.2281473955996116,0.16186986076962775,75.0,133.0,0.2936969125822868,-0.4134887431224459,0.4504952234372129,-0.2894912083770313,-0.2679884236098607,0.22,0.335,0.365,0.39,0.645,1
0.06980961015412511,0.17628357142207265,152.0,0.9806451612903224,155.0,1.019736842105263,152.0,0.2447665056360708,0.07844905320108206,1.0066225165562914,151.0,1.0134228187919463,149.0,1.0067567567567568,148.0,1.0,212.0,-0.1425745048648636,0.09730741114435304,106.0,106.0,0.2957580157746381,-0.1882342427345525,0.2087908091875803,-0.5688490145193591,0.1233464309871934,0.475,0.465,0.505,0.525,0.78,1
0.26201269265639165,0.5303664150484348,135.0,0.3935860058309038,343.0,2.6589147286821704,129.0,0.908450704225352,0.07123534715960325,0.3860589812332439,373.0,2.8473282442748094,131.0,0.891156462585034,147.0,0.392,195.0,0.0253917418034159,0.036506216554785295,95.0,100.0,0.3404658185345586,-0.0437644252789029,0.11056184884106042,-0.2071267778171234,0.2300206846990588,0.325,0.415,0.485,0.525,0.795,1
0.07071622846781506,0.18608499870678283,146.0,0.9798657718120806,149.0,1.0347222222222223,144.0,0.96,0.0739404869251578,0.3,490.0,1.828358208955224,268.0,1.9142857142857144,140.0,0.9210526315789472,207.0,-0.2154615977152935,0.0903889833725137,105.0,102.0,0.28092744433918354,-0.2717839001159038,0.17013720610508395,-0.6052980373012307,0.0539773832957589,0.48,0.465,0.51,0.535,0.79,1
0.06618313689936536,0.17751913596047492,147.0,0.9865771812080536,149.0,0.1308165057067603,1139.0,4.846808510638298,0.07484220018034266,1.0,148.0,1.034965034965035,143.0,0.2440273037542662,586.0,1.260215053763441,204.0,-0.1161572892691694,0.06844411532105481,101.0,103.0,0.2989729038034513,-0.145,0.1715248853981101,-0.4606043312257417,0.0203010653653178,0.45,0.46,0.5,0.525,0.77,1
0.06980961015412511,0.19217065303996808,141.0,0.9724137931034482,145.0,0.3680203045685279,394.0,2.855072463768116,0.0775473399458972,1.0342465753424657,146.0,0.9864864864864864,148.0,1.0422535211267605,142.0,0.9726027397260274,201.0,0.0068537627626968,0.06314617108612683,96.0,105.0,0.33424950796129277,-0.0315152833963275,0.16362164545024696,-0.3197347376683139,0.2240990929738822,0.265,0.45,0.48,0.505,0.76,1
0.12239347234814144,0.40783562727131095,99.0,0.456221198156682,217.0,2.358695652173913,92.0,0.4554455445544554,0.12894499549143373,2.2127659574468086,94.0,0.4585365853658537,205.0,2.2282608695652173,92.0,0.4577114427860697,212.0,-0.3382203112309229,0.10430636002577647,67.0,145.0,0.21792899075342875,-0.6022375874360857,0.19146283517940083,-0.3149335267518706,-0.3149335267518706,0.24,0.295,0.315,0.335,0.335,1
0.3118766999093382,0.6252427950578673,133.0,0.8986486486486487,148.0,1.0068027210884354,147.0,1.0068493150684932,0.07484220018034266,1.0068027210884354,147.0,0.4106145251396648,358.0,2.6323529411764706,136.0,0.8947368421052632,209.0,0.0002886840321193,0.09265161789684416,106.0,103.0,0.33256650704751123,-0.0630605048998876,0.22316321384256066,-0.380233963055152,0.266516809952664,0.445,0.465,0.515,0.54,0.79,1
0.06890299184043518,0.05291334674916095,383.0,2.795620437956204,137.0,0.9319727891156464,147.0,0.3693467336683417,0.40937781785392247,2.109756097560976,246.0,1.7697841726618706,139.0,0.9652777777777778,144.0,0.3870967741935484,465.0,-0.0978324203867851,0.02382195688571079,102.0,363.0,0.3109105858245561,-0.1207312796915715,0.16595229093854486,-0.3376047819147074,0.0302177489964819,0.175,0.195,0.22,0.235,0.325,1
0.07615593834995467,0.1962114070022592,145.0,0.9797297297297296,148.0,0.348235294117647,425.0,0.5114320096269555,0.0721370604147881,0.9797297297297296,148.0,0.9801324503311258,151.0,1.0413793103448277,145.0,0.9931506849315068,204.0,-0.0718218509756177,0.0912006854566611,103.0,101.0,0.31557945918729735,-0.1175673558186891,0.2193444310470365,-0.4820476360986925,0.1131826012267407,0.405,0.455,0.51,0.53,0.78,1
0.14596554850407978,0.3167690916746663,141.0,0.9527027027027029,148.0,1.034965034965035,143.0,0.9794520547945206,0.07484220018034266,1.0068027210884354,147.0,1.027972027972028,143.0,0.9407894736842104,152.0,1.0201342281879195,205.0,-0.0536514589380447,0.08652664747476513,102.0,103.0,0.322814340753625,-0.0865661496581548,0.2043367042050291,-0.4155737636399831,0.1397101169730339,0.305,0.455,0.505,0.53,0.79,1
0.061650045330915684,0.16644997535037678,150.0,0.4143646408839779,362.0,2.6814814814814816,135.0,0.906040268456376,0.0757439134355275,1.0347222222222223,144.0,0.979591836734694,147.0,0.4441087613293051,331.0,2.470149253731343,199.0,-0.2227239728443238,0.0723450877960248,95.0,104.0,0.26902866455260027,-0.2646758203872775,0.11550010519846775,-0.5952138102164275,-0.0421930721783721,0.42,0.445,0.48,0.505,0.75,1
0.08068902991840435,0.18310284214202507,159.0,1.347457627118644,118.0,0.6519337016574586,181.0,1.0773809523809523,0.10009017132551848,1.1,160.0,1.0457516339869282,153.0,0.9622641509433962,159.0,0.940828402366864,212.0,-0.3054777609956265,0.0841004838657694,89.0,123.0,0.2912311380485911,-0.4807402947233007,0.3045431556340527,-0.3919329222794691,-0.2891656097085107,0.28,0.4,0.42,0.44,0.715,1
0.051677243880326386,0.11503828626610722,188.0,1.2702702702702702,148.0,1.7209302325581397,86.0,0.3839285714285714,0.13435527502254282,2.206185567010309,97.0,0.4898989898989899,198.0,1.11864406779661,177.0,1.0727272727272728,207.0,-0.3071435257622361,0.1299589035284005,58.0,149.0,0.20933491194977794,-0.4590988609287358,0.20087082094408054,-0.4282527906027863,-0.422533571261978,0.245,0.255,0.28,0.335,0.45,1
0.2692656391659112,0.5184998970832256,141.0,0.9657534246575342,146.0,1.006896551724138,145.0,0.4833333333333333,0.32822362488728585,3.1544117647058822,136.0,0.9006622516556292,151.0,1.0134228187919463,149.0,1.0,402.0,-0.2636224176487393,0.04559261582221583,102.0,300.0,0.25541902025977375,-0.2651711838099242,0.11969965371140402,-0.6598838415174539,-0.0509210334256098,0.18,0.24,0.255,0.27,0.385,1
0.08612873980054397,0.19519433309841086,156.0,1.04,150.0,0.9146341463414634,164.0,1.0061349693251531,0.10640216411181244,1.1730769230769231,156.0,0.912280701754386,171.0,1.0239520958083832,167.0,1.0372670807453417,214.0,-0.3867686574434422,0.1053511486782327,86.0,128.0,0.2626122189022731,-0.6249588697452639,0.3263742944190264,-0.4417533424099376,-0.4078538639320448,0.26,0.38,0.405,0.425,0.675,1
0.07162284678150499,0.1763550503623108,154.0,1.0065359477124185,153.0,1.0851063829787233,141.0,0.8703703703703703,0.011722272317403066,0.3823529411764705,204.0,2.3181818181818183,88.0,0.8712871287128713,101.0,0.4809523809523809,115.0,-0.237994294436963,0.2003626741919109,61.0,54.0,0.26334569979666606,-0.3135956141026599,0.2728031400622034,-0.3108252521055793,-0.0518583577268989,0.4,0.495,0.535,0.64,0.57,1
0.25203989120580234,0.513324776748398,135.0,0.906040268456376,149.0,1.0205479452054795,146.0,1.006896551724138,0.07303877366997295,0.9798657718120806,149.0,1.0067567567567568,148.0,1.0068027210884354,147.0,0.3712121212121212,196.0,-0.0069190738332046,0.04709306734730985,94.0,102.0,0.3401279223682809,-0.044127940087297,0.14798949768055542,-0.3058550741559832,0.1694928151589769,0.325,0.425,0.485,0.51,0.805,1
0.06708975521305531,0.1789419072471199,147.0,1.0352112676056338,142.0,1.0289855072463767,138.0,1.0866141732283463,0.08746618575293057,1.0,162.0,1.1824817518248176,137.0,0.9319727891156464,147.0,1.1221374045801529,197.0,-0.2695141398365117,0.13259285735679063,84.0,113.0,0.2694650863333905,-0.2828194231095976,0.29029082466434086,-0.5314096654589817,-0.233857078550026,0.27,0.385,0.43,0.46,0.675,1
0.019038984587488667,0.14291935281268323,113.0,0.8968253968253969,126.0,0.8513513513513513,148.0,1.1935483870967742,0.07664562669071236,1.0273972602739727,146.0,1.0,146.0,0.1298932384341637,1124.0,4.290076335877862,202.0,-0.027846656943538,0.10850143143111014,97.0,105.0,0.325282161002696,-0.0747121253611879,0.2668953706875404,-0.4400570756717486,0.1441666505360622,0.335,0.45,0.485,0.51,0.75,1
0.030825022665457842,0.23099859785260166,85.0,0.3953488372093023,215.0,2.239583333333333,96.0,1.170731707317073,0.20018034265103696,2.841584158415841,101.0,0.3581560283687943,282.0,2.8484848484848486,99.0,1.1785714285714286,270.0,-0.2865101597472492,0.19014866479086645,70.0,200.0,0.24217244650354874,-0.310085556315483,0.49311514394393413,-0.4218953106176895,-0.1954565228612078,0.19,0.22,0.26,0.31,0.43,1
0.12330009066183137,0.39708622246124886,102.0,1.3421052631578947,76.0,0.7450980392156863,102.0,1.0303030303030305,0.013525698827772768,0.975609756097561,82.0,0.780952380952381,105.0,0.860655737704918,122.0,1.648648648648649,118.0,-0.1425080701174013,0.17806657850220825,62.0,56.0,0.2945452218386306,-0.2354278254817906,0.36853186031594226,-0.1169745604608252,-0.0636573177315732,0.45,0.485,0.53,0.63,0.605,1
0.03535811423390753,0.12399672663786891,152.0,1.52,100.0,0.6289308176100629,159.0,1.606060606060606,0.0757439134355275,0.9802631578947368,152.0,1.034013605442177,147.0,1.0970149253731345,134.0,0.9178082191780822,185.0,-0.1259790138696832,0.13973450994578016,81.0,104.0,0.30409761725336065,-0.2195652307744575,0.3298973292026753,-0.4882203857213312,-0.030258011675879,0.24,0.4,0.44,0.475,0.725,1
0.015412511332728921,0.16843761710954938,94.0,0.4454976303317535,211.0,1.1722222222222225,180.0,0.7627118644067796,0.15058611361587015,2.297029702970297,101.0,0.7266187050359713,139.0,1.5444444444444445,90.0,0.7258064516129032,239.0,0.047753209055552,0.012052974046791076,77.0,162.0,0.33820021742813555,0.003960911794688,0.15552014129502084,0.0497901524290185,0.123297444949877,0.275,0.285,0.325,0.34,0.465,1
0.024478694469628286,0.06455237182892164,223.0,0.9695652173913044,230.0,1.074766355140187,214.0,1.0,0.10009017132551848,1.5855855855855856,111.0,1.3703703703703705,81.0,0.4090909090909091,198.0,2.0842105263157893,184.0,-0.1556629353919685,0.05359499151726134,61.0,123.0,0.29487583932480843,-0.2665281894764918,0.26544904457446233,-0.1613840890999887,-0.1613840890999887,0.175,0.31,0.335,0.385,0.385,1
0.08250226654578423,0.23734222240362637,128.0,0.6772486772486772,189.0,1.4651162790697674,129.0,0.7865853658536586,0.09738503155996393,1.2720588235294117,136.0,1.0225563909774436,133.0,0.9366197183098592,142.0,1.0441176470588236,183.0,-0.214901170608468,0.03257379534406329,62.0,121.0,0.2870660218694369,-0.291962377511371,0.11264675978083179,-0.2670480823773526,-0.1339867931863838,0.195,0.295,0.34,0.38,0.575,1
0.06708975521305531,0.050003259394916746,392.0,2.820143884892086,139.0,0.9266666666666666,150.0,1.0135135135135136,0.3345356176735798,0.5317073170731708,820.0,3.306451612903226,248.0,1.7714285714285714,140.0,0.958904109589041,409.0,-0.1341497575492261,0.056180248252243964,104.0,305.0,0.2977339725992148,-0.1318547363648187,0.2488703267290031,-0.5469492710439594,0.0258433414496774,0.185,0.24,0.255,0.27,0.375,1
0.07343608340888486,0.05651975835851804,379.0,2.786764705882353,136.0,0.9006622516556292,151.0,0.4026666666666667,0.07484220018034266,0.3967828418230563,373.0,2.762962962962963,135.0,0.9183673469387756,147.0,0.375,198.0,-0.2468436706348016,0.1006211304849258,95.0,103.0,0.2695021094729358,-0.3009387713983628,0.1900231792632079,-0.6218264338432686,0.0056165036685828,0.325,0.43,0.485,0.515,0.78,1
0.06074342701722575,0.16634703928010808,149.0,0.3810741687979539,391.0,2.8129496402877696,139.0,0.9455782312925172,0.0739404869251578,1.0068493150684932,146.0,0.3967391304347826,368.0,2.6099290780141846,141.0,0.9657534246575342,205.0,-0.1383423119332511,0.11140432678738628,103.0,102.0,0.28669639381813294,-0.1963913852599305,0.20758319161864605,-0.5352873421522919,0.1501632238693045,0.3,0.47,0.51,0.535,0.78,1
0.17044424297370808,0.24080428452733293,202.0,0.957345971563981,211.0,1.0047619047619047,210.0,1.0047846889952152,0.1740306582506763,1.2344497607655502,209.0,2.2,95.0,0.3991596638655462,238.0,1.1840796019900497,248.0,-0.3704678803072456,0.15259182697316548,68.0,180.0,0.2422895264885212,-0.4144774863488069,0.2337175914140056,-0.5697610819675939,-0.3252529323619373,0.165,0.24,0.275,0.335,0.455,1
0.0643699002719855,0.17605738463857934,146.0,0.9605263157894736,152.0,1.0066225165562914,151.0,1.0272108843537415,0.07844905320108206,1.0133333333333334,150.0,1.0135135135135136,148.0,0.9932885906040269,149.0,0.9675324675324676,209.0,-0.1483046637666545,0.06577118548217553,103.0,106.0,0.29410664120547997,-0.2483579096609778,0.07903165399805594,-0.5622306322130499,0.1106676698155507,0.33,0.44,0.5,0.52,0.775,1
0.07252946509519492,0.18459479719137384,149.0,1.0,149.0,1.0136054421768708,147.0,0.3730964467005076,0.0721370604147881,0.9797297297297296,148.0,0.3957219251336898,374.0,2.6906474820143886,139.0,0.9266666666666666,204.0,-0.1929927123363028,0.10208786631421041,103.0,101.0,0.2764126384183351,-0.2594427171844854,0.17143509593623926,-0.5814752558924334,0.0391035920008261,0.3,0.45,0.51,0.535,0.785,1
0.07343608340888486,0.19188421984770443,145.0,0.9731543624161074,149.0,0.9867549668874172,151.0,1.0066666666666666,0.08205590622182146,0.2557377049180327,610.0,2.4596774193548385,248.0,1.7588652482269505,141.0,0.933774834437086,213.0,-0.0118057721484877,0.05254564297161631,104.0,109.0,0.33569792833228396,-0.0203470565273615,0.14116671459744198,-0.3251227104279274,0.1201952045278766,0.44,0.455,0.495,0.52,0.75,1
0.13508612873980055,0.45698136973727177,95.0,0.376984126984127,252.0,1.1775700934579438,214.0,2.206185567010309,0.17132551848512173,1.103896103896104,231.0,1.0176211453744493,227.0,2.3402061855670104,97.0,0.3911290322580645,243.0,-0.5445831496173047,0.14230190240917298,65.0,178.0,0.31361228893376764,-0.4723755641944632,0.0,-0.64391576357789,-0.2365154903234171,0.08,0.01,0.1,0.19,0.12,1
0.06799637352674524,0.17896113388612858,148.0,0.4180790960451977,354.0,2.661654135338346,133.0,0.8807947019867549,0.08025247971145176,1.0266666666666666,150.0,1.0,150.0,1.020408163265306,147.0,0.9607843137254902,212.0,-0.1480979859868879,0.09007336608278606,105.0,107.0,0.314566532628019,-0.2306110024993428,0.15107295154467645,-0.5398706695076368,0.1436323679985609,0.325,0.45,0.495,0.525,0.75,1
0.07071622846781506,0.18904951159599376,144.0,0.319290465631929,451.0,3.291970802919708,137.0,0.9013157894736842,0.07303877366997295,1.020979020979021,143.0,0.3950276243093922,362.0,2.6423357664233578,137.0,0.9256756756756755,197.0,-0.2227292494832959,0.13395899973548575,95.0,102.0,0.28037735210563014,-0.2607704452544838,0.20727058360692777,-0.655621447512192,0.115351750096843,0.46,0.445,0.485,0.515,0.79,1
0.07978241160471441,0.2344860020438594,127.0,1.016,125.0,1.2755102040816326,98.0,0.6621621621621622,0.06762849413886383,1.320754716981132,106.0,0.6928104575163399,153.0,1.4166666666666667,108.0,0.6666666666666666,181.0,-0.0286929677335795,0.12569023463521267,83.0,98.0,0.3388489870898322,-0.0994855857249124,0.3160964642869313,-0.3802043379838224,0.0332440014929102,0.255,0.415,0.46,0.495,0.775,1
0.06799637352674524,0.1817874498204099,146.0,1.0,146.0,0.948051948051948,154.0,1.0198675496688745,0.07303877366997295,0.9605263157894736,152.0,1.0,152.0,1.0482758620689656,145.0,0.2645985401459854,207.0,-0.1016608063823256,0.10050190211442835,105.0,102.0,0.2992967642421925,-0.1554889189056948,0.21135818043783533,-0.5278078631671311,0.1246851920799285,0.455,0.475,0.51,0.535,0.775,1
0.25929283771532186,0.5257186955120612,135.0,0.9121621621621622,148.0,1.0277777777777777,144.0,0.4,0.07123534715960325,0.3977900552486187,362.0,0.9354005167958656,387.0,2.8455882352941178,136.0,0.9444444444444444,198.0,-0.0141620797877106,0.01754331640566794,98.0,100.0,0.3379945257184152,-0.0041350861660341,0.0846096872951592,-0.2113196492193466,0.1480923540554633,0.455,0.465,0.495,0.54,0.78,1
0.09338168631006347,0.20894944711090535,154.0,1.0694444444444444,144.0,0.8,180.0,1.935483870967742,0.05049594229035167,1.0521739130434782,115.0,0.6647398843930635,173.0,1.8602150537634408,93.0,0.7209302325581395,146.0,-0.0446151966841834,0.13814510718478817,62.0,84.0,0.32490858881320794,-0.0875223334006458,0.36161215285638276,-0.0722858008036138,0.0004586223289387,0.37,0.385,0.42,0.515,0.48,1
0.2883046237533998,0.13123330749494194,513.0,1.851985559566787,277.0,2.0072463768115942,138.0,0.913907284768212,0.43913435527502254,2.147859922178988,257.0,1.875912408759124,137.0,0.9256756756756755,148.0,1.034965034965035,489.0,-0.0827373192490141,0.016113969888921796,103.0,386.0,0.3106944244579294,-0.1282495971498535,0.13521332162892385,-0.403849936228961,0.1769677528824034,0.175,0.185,0.21,0.225,0.325,1
0.061650045330915684,0.17175983575220644,146.0,0.9864864864864864,148.0,0.9673202614379084,153.0,1.0337837837837838,0.032461677186654644,1.0978260869565215,92.0,0.8141592920353983,113.0,0.8968253968253969,126.0,0.8513513513513513,188.0,-0.0025725336961974,0.1404254675004246,118.0,70.0,0.3505297524839893,-0.1299478729719785,0.2954759121528765,-0.4218194942046049,0.2069634224452802,0.445,0.58,0.63,0.66,0.9,1
0.4070716228467815,0.18971918675374222,501.0,1.6983050847457628,295.0,2.185185185185185,135.0,0.9246575342465754,0.0721370604147881,0.1657142857142857,875.0,3.755364806866953,233.0,1.6524822695035462,141.0,0.9463087248322148,201.0,-0.0814502730486293,0.09517151507352732,100.0,101.0,0.3060330612024598,-0.1255919108046091,0.2305673642761087,-0.5016578123379407,0.1535685580132418,0.445,0.465,0.505,0.53,0.775,1
0.5077062556663645,0.5069396505837175,247.0,1.7272727272727273,143.0,0.9407894736842104,152.0,1.0410958904109588,0.0757439134355275,0.3850129198966408,387.0,2.7253521126760565,142.0,0.9466666666666668,150.0,1.020408163265306,197.0,-0.1471815423423831,0.09709317163203134,93.0,104.0,0.29287782179462746,-0.1769648508944659,0.2131363429632735,-0.5556950241870167,0.0750760402474647,0.32,0.44,0.475,0.505,0.755,1
0.27379873073436084,0.5681513105159003,131.0,0.891156462585034,147.0,0.392,375.0,2.840909090909091,0.06762849413886383,0.9859154929577464,142.0,0.3678756476683937,386.0,2.880597014925373,134.0,0.9305555555555556,194.0,-0.0781397082630431,0.07299369990368239,96.0,98.0,0.3102700169463734,-0.1136544645183589,0.18595741585372053,-0.441794348399025,0.1376166535689386,0.295,0.45,0.5,0.525,0.8,1
0.057116953762466005,0.1620032382804409,148.0,0.9932885906040269,149.0,1.0205479452054795,146.0,1.0,0.07664562669071236,0.3554502369668246,422.0,1.4402730375426622,293.0,2.1703703703703705,135.0,0.8940397350993378,209.0,-0.0764762636644476,0.07862452229804605,104.0,105.0,0.30510384149063074,-0.1423373740550887,0.207577712043681,-0.4474643289227784,0.1071337308145929,0.31,0.46,0.505,0.53,0.755,1
0.499546690843155,0.25730017970569324,457.0,0.8788461538461538,520.0,1.037924151696607,501.0,1.6983050847457628,0.0721370604147881,1.0069444444444444,144.0,0.993103448275862,145.0,0.1657142857142857,875.0,3.755364806866953,202.0,-0.135095891450016,0.09745864928965906,101.0,101.0,0.28491323398033574,-0.2027759665595901,0.2058857330464276,-0.5292931071497503,0.1067227147782893,0.36,0.45,0.505,0.53,0.79,1
0.06980961015412511,0.05452846251494044,378.0,1.3309859154929575,284.0,2.103703703703704,135.0,0.9121621621621622,0.07303877366997295,0.9798657718120806,149.0,1.0067567567567568,148.0,0.2661870503597122,556.0,1.992831541218638,205.0,-0.3220821724219338,0.07632318210623512,103.0,102.0,0.2398673101037792,-0.3795478744415411,0.08465944367318311,-0.6653854444787278,-0.1113509396580336,0.305,0.46,0.505,0.53,0.785,1
0.06618313689936536,0.04946972016242489,392.0,2.8,140.0,0.9790209790209792,143.0,0.3753280839895013,0.2795311091073039,2.7777777777777777,135.0,0.9310344827586208,145.0,1.0283687943262412,141.0,0.9724137931034482,367.0,-0.0196130841233157,0.030984319974400484,105.0,262.0,0.33772267944812867,-0.0148068044167282,0.15914894752141556,-0.2857326203335785,0.0997609419055757,0.21,0.27,0.29,0.305,0.475,1
0.06708975521305531,0.1817874498204099,145.0,0.9731543624161074,149.0,0.2876447876447876,518.0,2.1316872427983538,0.07303877366997295,0.9668874172185432,151.0,1.0,151.0,1.0134228187919463,149.0,1.0136054421768708,204.0,-0.29905111607376,0.12506158104326653,102.0,102.0,0.23867482427615877,-0.3757422112673141,0.22666737538450335,-0.6770870933363649,0.0028127188563358,0.455,0.475,0.5,0.53,0.78,1
0.07071622846781506,0.18904951159599376,144.0,0.4864864864864865,296.0,2.208955223880597,134.0,0.91156462585034,0.0739404869251578,1.013793103448276,145.0,1.0,145.0,0.4073033707865168,356.0,2.4722222222222223,199.0,-0.1248705169914497,0.09899496188089019,97.0,102.0,0.29552923477859044,-0.1636186328182171,0.19976059684725717,-0.5164248339596988,0.1139296626863962,0.305,0.455,0.49,0.515,0.765,1
0.07343608340888486,0.05036721403028407,409.0,0.7463503649635036,548.0,2.0296296296296297,270.0,1.9424460431654675,0.0775473399458972,1.0134228187919463,149.0,1.0205479452054795,146.0,0.9733333333333334,150.0,0.974025974025974,209.0,0.047811894061997,0.08371887183882012,104.0,105.0,0.3420398835254166,-0.0054069266886195,0.23187563481098517,-0.3431501329605131,0.2363630169179257,0.355,0.465,0.505,0.53,0.765,1
0.2846781504986401,0.12899296576645658,515.0,1.7697594501718212,291.0,2.171641791044776,134.0,0.9054054054054054,0.07484220018034266,1.0206896551724138,145.0,0.9931506849315068,146.0,1.0138888888888888,144.0,0.979591836734694,206.0,-0.1377147741993221,0.08662152307739537,103.0,103.0,0.28985292073544733,-0.1703854780148091,0.1748361547036467,-0.5783439403485866,0.0849679235312982,0.455,0.47,0.505,0.525,0.795,1
0.35811423390752495,0.18314261642388815,463.0,3.4044117647058822,136.0,0.951048951048951,143.0,1.0514705882352942,0.06762849413886383,0.9722222222222222,144.0,1.006993006993007,143.0,0.959731543624161,149.0,1.0,200.0,-0.2042617295650918,0.11536251593236575,102.0,98.0,0.27180947971541525,-0.2511744172838118,0.21923808891662322,-0.6632613933112567,0.0429131624352963,0.305,0.47,0.515,0.54,0.805,1
0.06255666364460562,0.16784429121128888,150.0,1.1904761904761905,126.0,0.8129032258064516,155.0,1.0264900662251657,0.11541929666366095,1.969387755102041,98.0,0.4355555555555555,225.0,1.859504132231405,121.0,0.5170940170940171,214.0,-0.1367585912597112,0.11618057443192727,79.0,135.0,0.350676487518591,-0.1993583376514658,0.28291793750428623,-0.2998899688258311,-0.1755664633751709,0.195,0.34,0.37,0.4,0.645,1
0.0743427017225748,0.19485916101646084,144.0,0.972972972972973,148.0,1.0206896551724138,145.0,0.9731543624161074,0.07844905320108206,1.0555555555555556,144.0,0.3789473684210526,380.0,2.695035460992908,141.0,0.933774834437086,204.0,-0.0384637728461538,0.09803534854800922,98.0,106.0,0.3285687800825494,-0.0630394217239747,0.26331128302413703,-0.4312345708397873,0.2361263043897317,0.305,0.455,0.485,0.51,0.795,1
0.33091568449682685,0.08384526251731604,820.0,3.306451612903226,248.0,1.7714285714285714,140.0,0.958904109589041,0.0757439134355275,1.0136054421768708,147.0,1.013793103448276,145.0,0.2207001522070015,657.0,2.63855421686747,208.0,-0.1084441030290895,0.10912525251525115,104.0,104.0,0.302395882293969,-0.1534076366413459,0.24743595653009826,-0.5563049728481013,0.1210120291244401,0.36,0.47,0.505,0.53,0.8,1
0.02901178603807797,0.05272252440512628,269.0,2.5619047619047617,105.0,0.3790613718411552,277.0,2.495495495495496,0.18665464382326422,2.4727272727272727,110.0,1.3414634146341464,82.0,0.3867924528301887,212.0,2.0,260.0,-0.2278687423880807,0.1657505074961245,70.0,190.0,0.27250621036353717,-0.1838675326086025,0.4450793577421754,-0.2339395120348285,-0.1661371974196841,0.205,0.24,0.27,0.295,0.43,1
0.06799637352674524,0.17896113388612858,148.0,1.0136986301369864,146.0,1.0,146.0,1.0354609929078014,0.0721370604147881,0.9863945578231292,147.0,0.98,150.0,0.2631578947368421,570.0,2.511013215859031,203.0,0.0600590016556045,0.10050226787017683,102.0,101.0,0.36236787613490695,0.0157375111584302,0.27763651683969265,-0.3409442278978022,0.2329173045235495,0.3,0.465,0.51,0.535,0.76,1
0.2638259292837715,0.5462109134678905,132.0,0.8859060402684564,149.0,0.407103825136612,366.0,2.652173913043478,0.2840396753832281,2.794117647058824,136.0,0.9006622516556292,151.0,0.4136986301369863,365.0,2.703703703703704,368.0,-0.2461140628595084,0.05465339472991601,102.0,266.0,0.2612812088646552,-0.2931373414756482,0.17412838138288503,-0.6730803299536611,-0.0359547997523995,0.245,0.255,0.28,0.295,0.42,1
0.2230281051677244,0.46374910169374567,135.0,0.9246575342465754,146.0,1.028169014084507,142.0,0.9659863945578232,0.3101893597835888,0.7463503649635036,548.0,2.0296296296296297,270.0,1.9424460431654675,139.0,0.952054794520548,392.0,-0.0925414817944752,0.04480285046026917,106.0,286.0,0.31349113631669073,-0.1582663316582915,0.2184403996079527,-0.4698222366203191,0.0183573095451768,0.195,0.235,0.27,0.285,0.39,1
0.07615593834995467,0.20255385625952627,141.0,0.8392857142857143,168.0,1.826086956521739,92.0,0.423963133640553,0.11361587015329125,2.053763440860215,93.0,0.465,200.0,2.1052631578947367,95.0,0.4611650485436893,221.0,-0.1691731446551382,0.0035262338558839745,88.0,133.0,0.3017061049674145,-0.2773225987431572,0.1300303336621073,-0.299279784153898,-0.1102673848290608,0.28,0.385,0.4,0.42,0.56,1
0.04170444242973708,0.24154384385949992,91.0,0.4690721649484536,194.0,1.94,100.0,0.5319148936170213,0.12263300270513977,1.6341463414634143,123.0,0.6180904522613065,199.0,1.5793650793650793,126.0,0.6666666666666666,207.0,-0.0928428548731364,0.15112549173697892,67.0,140.0,0.2891308256138469,-0.1852996871514295,0.4339048339372705,-0.1027346786375068,-0.1012056424585202,0.255,0.305,0.325,0.39,0.435,1
0.07162284678150499,0.1817874498204099,150.0,1.0273972602739727,146.0,0.2813102119460501,519.0,2.109756097560976,0.07123534715960325,0.9863013698630136,146.0,0.3945945945945946,370.0,2.661870503597122,139.0,0.9266666666666666,203.0,0.04138132444354,0.09384916382656294,103.0,100.0,0.3518038569183166,-0.0243793955724961,0.24786423155592652,-0.386354239844557,0.258901267764107,0.48,0.44,0.51,0.535,0.785,1
0.07343608340888486,0.1889013062536349,147.0,0.3868421052631579,380.0,2.794117647058824,136.0,0.9006622516556292,0.07484220018034266,0.398921832884097,371.0,2.688405797101449,138.0,0.9261744966442952,149.0,1.041958041958042,198.0,-0.1254325949538179,0.0984863560353146,95.0,103.0,0.29720726344190984,-0.1822497144456129,0.20615035997326256,-0.5354763664939816,0.1295073960680127,0.33,0.455,0.49,0.515,0.755,1
0.128739800543971,0.14332356400214505,261.0,1.0481927710843373,249.0,1.2326732673267329,202.0,1.1038251366120218,0.061316501352569885,1.6625,80.0,0.7272727272727273,110.0,1.2941176470588236,85.0,0.3632478632478632,154.0,-0.3599343898594621,0.15460865712614022,61.0,93.0,0.2020976508782246,-0.5001042889157532,0.2096726452683117,-0.3666858252034968,-0.3666858252034968,0.355,0.365,0.395,0.455,0.455,1
0.07524932003626474,0.053770288283266195,397.0,2.8768115942028984,138.0,0.9078947368421052,152.0,0.3979057591623036,0.07123534715960325,0.319290465631929,451.0,3.291970802919708,137.0,0.9013157894736842,152.0,0.4010554089709762,204.0,-0.083519047769032,0.11488623072987984,104.0,100.0,0.30744755358522186,-0.131175076959934,0.21850889904336585,-0.5580558582266325,0.1898979177730292,0.46,0.48,0.515,0.535,0.8,1
0.06799637352674524,0.05889859428239429,354.0,2.7022900763358777,131.0,0.3957703927492447,331.0,2.416058394160584,0.2660054102795311,2.6666666666666665,135.0,0.3935860058309038,343.0,2.6589147286821704,129.0,0.908450704225352,351.0,-0.2391701425958824,0.044242380082537974,100.0,251.0,0.27152623025898637,-0.2781926828300062,0.16373789881203488,-0.6655824316131645,-0.1674730121331438,0.175,0.26,0.285,0.3,0.415,1
