RR_l_0,RR_l_0/RR_l_1,RR_l_1,RR_l_1/RR_l_2,RR_l_2,RR_l_2/RR_l_3,RR_l_3,RR_l_3/RR_l_4,RR_r_0,RR_r_0/RR_r_1,RR_r_1,RR_r_1/RR_r_2,RR_r_2,RR_r_2/RR_r_3,RR_r_3,RR_r_3/RR_r_4,seq_size,signal_mean,signal_std,wl_side,wr_side,P_val,Q_val,R_val,S_val,T_val,P_pos,Q_pos,R_pos,S_pos,T_pos,label
135.0,1.0150375939849623,133.0,1.0390625,128.0,1.0406504065040652,123.0,1.025,142.0,1.0289855072463767,138.0,1.0072992700729928,137.0,1.0703125,128.0,0.9696969696969696,195.0,-0.1266939042000538,0.2756188439045874,96.0,99.0,-0.0774054075350345,-0.3599882425933357,1.103922144224449,-0.5594217518047349,0.1632283705720911,0.33,0.445,0.495,0.525,0.715,0.0
176.0,1.0,176.0,0.9312169312169312,189.0,0.984375,192.0,1.0847457627118644,178.0,1.0289017341040463,173.0,1.0613496932515338,163.0,0.9476744186046512,172.0,0.9772727272727272,246.0,-0.1983365327135474,0.2342425607621906,122.0,124.0,-0.1941147145015039,-0.4510197172209652,1.4912714970065746,-0.5736741374050816,-0.1995503848399449,0.35,0.475,0.495,0.515,0.67,0.0
211.0,1.3270440251572326,159.0,1.8928571428571428,84.0,0.3888888888888889,216.0,1.565217391304348,171.0,1.0301204819277108,166.0,1.1369863013698631,146.0,0.9864864864864864,148.0,0.9866666666666668,281.0,-0.2036278606503642,0.3059605324955824,162.0,119.0,-0.2201050359116828,-0.308334510418901,1.521624695876827,-0.4184554973137738,0.2286636208643647,0.46,0.515,0.58,0.67,0.6,0.0
137.0,0.9785714285714284,140.0,1.0,140.0,0.9929078014184396,141.0,0.9791666666666666,140.0,0.9929078014184397,141.0,0.9724137931034482,145.0,1.7261904761904765,84.0,0.3943661971830985,193.0,-0.2024533856587381,0.2623725260023384,95.0,98.0,-0.0211170764473096,-0.2781352650386625,1.2649283744509996,-0.4558499964425276,-0.1760955442799761,0.345,0.46,0.495,0.565,0.81,0.0
144.0,1.051094890510949,137.0,0.9856115107913668,139.0,1.0072463768115942,138.0,0.9452054794520548,140.0,1.0,140.0,0.9929078014184396,141.0,0.9791666666666666,144.0,0.9664429530201344,193.0,-0.2658351306681851,0.2564514954638344,95.0,98.0,-0.0337994691397134,-0.3533849407013903,1.1753290551309026,-0.535057672796983,-0.2315993606777264,0.34,0.46,0.495,0.565,0.755,0.0
162.0,0.9818181818181818,165.0,1.03125,160.0,1.0457516339869282,153.0,0.9870967741935484,157.0,0.9751552795031055,161.0,1.0125786163522013,159.0,0.9695121951219512,164.0,0.9647058823529412,218.0,-0.304840609644187,0.1832717887845193,109.0,109.0,-0.1862571964365189,-0.4954227317614976,1.0746474400761734,-0.360126768464455,-0.2776801616518632,0.38,0.475,0.505,0.525,0.875,0.0
182.0,1.0282485875706215,177.0,1.0,177.0,1.0290697674418603,172.0,0.9828571428571428,170.0,0.9714285714285714,175.0,1.0,175.0,0.9887005649717514,177.0,0.9365079365079364,240.0,-0.1536619525022093,0.2451810963913137,122.0,118.0,-0.1966869724866085,-0.4157967530243573,1.6810382764994194,-0.4092882138202418,-0.04332667662468,0.4,0.485,0.51,0.53,0.69,0.0
128.0,0.9846153846153848,130.0,0.9923664122137404,131.0,0.9632352941176472,136.0,0.951048951048951,141.0,0.9929577464788732,142.0,1.0142857142857142,140.0,0.9859154929577464,142.0,1.0289855072463767,191.0,-0.0362671347916942,0.2861130546028805,93.0,98.0,0.0348064826848554,-0.2759127806285087,1.30702454578905,-0.5833797920178349,0.3175560542930898,0.34,0.435,0.49,0.54,0.7,0.0
190.0,1.0555555555555556,180.0,1.005586592178771,179.0,1.0170454545454546,176.0,0.9513513513513514,173.0,0.9402173913043478,184.0,0.9735449735449736,189.0,1.0441988950276244,181.0,1.0773809523809523,246.0,-0.007472035827681,0.2703152655971527,125.0,121.0,0.0414015248225287,-0.2330241951937116,1.9282796372565556,-0.1020045483147551,0.1045123360160975,0.35,0.485,0.505,0.53,0.68,0.0
143.0,0.9662162162162162,148.0,0.9673202614379084,153.0,1.0268456375838926,149.0,1.0492957746478873,150.0,1.0344827586206897,145.0,0.9797297297297296,148.0,1.034965034965035,143.0,1.0287769784172662,206.0,-0.2629846317156413,0.2537939964020284,101.0,105.0,-0.162331357586301,-0.3780228169100373,1.170705411798241,-0.5456941274574194,-0.1701720117265869,0.335,0.46,0.49,0.58,0.84,0.0
175.0,0.9887005649717514,177.0,0.988826815642458,179.0,0.9421052631578948,190.0,1.0326086956521738,189.0,1.0271739130434783,184.0,1.0823529411764703,170.0,1.0240963855421688,166.0,0.976470588235294,258.0,-0.2657372132117597,0.2555060567529123,126.0,132.0,-0.3030411023271948,-0.523764090118074,1.728073246289414,-0.5327115797673039,-0.0060618153167601,0.33,0.47,0.49,0.51,0.685,0.0
108.0,0.9473684210526316,114.0,1.0,114.0,1.027027027027027,111.0,1.0,112.0,1.0,112.0,1.018181818181818,110.0,0.4932735426008968,223.0,0.986725663716814,156.0,0.4940210903044206,0.5165618579275962,78.0,78.0,0.4308450566351019,0.0976108476441572,2.6471969221071583,-0.349310184957975,1.1215484565643352,0.3,0.465,0.5,0.55,0.815,0.0
166.0,1.01840490797546,163.0,1.01875,160.0,1.019108280254777,157.0,1.0,155.0,1.0402684563758389,149.0,0.9933333333333332,150.0,0.967741935483871,155.0,0.96875,224.0,-0.2577297480163358,0.1855573128484736,116.0,108.0,-0.1371719870539921,-0.4724136399462694,1.2215425435549117,-0.326177708146824,-0.1998598136327864,0.395,0.495,0.52,0.54,0.855,0.0
112.0,1.018181818181818,110.0,0.9734513274336284,113.0,1.036697247706422,109.0,0.9646017699115044,108.0,0.972972972972973,111.0,0.9910714285714286,112.0,0.9824561403508772,114.0,1.0363636363636364,151.0,-0.0483523340883772,0.4758997560069962,76.0,75.0,0.0612454883620947,-0.3785128362030657,2.021909117046242,-0.934312776971625,0.435123406006549,0.335,0.47,0.51,0.555,0.81,0.0
142.0,1.083969465648855,131.0,1.0155038759689925,129.0,0.9923076923076924,130.0,1.0,135.0,1.0546875,128.0,1.0158730158730158,126.0,1.0161290322580645,124.0,0.984126984126984,190.0,-0.2284630563434417,0.2499004567947838,96.0,94.0,-0.1840103060499939,-0.4238231546289419,1.4374533921205084,-0.3728701437429553,-0.0150416122288759,0.36,0.45,0.51,0.54,0.765,0.0
146.0,1.042857142857143,140.0,1.0294117647058822,136.0,1.0074074074074073,135.0,0.9642857142857144,86.0,0.455026455026455,189.0,1.3897058823529411,136.0,0.9927007299270072,137.0,0.9856115107913668,164.0,-0.2553425111415332,0.2835832674771847,104.0,60.0,-0.1000448739372708,-0.3395047197239105,1.1767748393014463,-0.5504940346784775,-0.2317579081635161,0.47,0.59,0.64,0.735,0.955,0.0
140.0,0.9655172413793104,145.0,1.0283687943262412,141.0,1.0,141.0,0.9463087248322148,141.0,0.94,150.0,1.0135135135135136,148.0,1.0068027210884354,147.0,0.9735099337748344,193.0,-0.2115472043462308,0.2836868160372748,95.0,98.0,-0.0499894506884796,-0.3074455822677666,1.2116934739181149,-0.7558795382991974,-0.1599497487437183,0.335,0.455,0.49,0.575,0.805,0.0
111.0,0.9910714285714286,112.0,0.9824561403508772,114.0,1.0363636363636364,110.0,0.9734513274336284,114.0,0.991304347826087,115.0,1.055045871559633,109.0,0.9732142857142856,112.0,1.018181818181818,156.0,-0.5651550244031648,0.4689443954242849,77.0,79.0,-0.5361323372794182,-0.909488955351038,1.7026401552981618,-1.3934629183664284,0.0043003040908726,0.325,0.445,0.5,0.54,0.835,0.0
183.0,1.0517241379310345,174.0,1.0,174.0,1.0481927710843373,166.0,0.994011976047904,170.0,1.0,170.0,0.9289617486338798,183.0,0.9945652173913044,184.0,1.022222222222222,236.0,-0.2209735287082763,0.2993048276587999,118.0,118.0,-0.2729065791780666,-0.580694277051546,1.9202704787836573,-0.5034726936851447,-0.0013250503342076,0.385,0.48,0.505,0.525,0.695,0.0
182.0,0.9528795811518324,191.0,1.0380434782608696,184.0,0.9945945945945946,185.0,1.0511363636363635,181.0,6,175.0,0.9722222222222222,180.0,0.967741935483871,186.0,1.0276243093922652,258.0,-0.1325379855108886,0.2302219235043233,132.0,126.0,-0.095454991713128,-0.3009774922140498,1.6276512244281296,-0.4189157205759025,0.1102153805385084,0.405,0.49,0.515,0.535,0.71,0.0
145.0,0.9602649006622516,151.0,1.0202702702702702,148.0,1.049645390070922,141.0,1.0444444444444445,143.0,1.0070422535211268,142.0,0.9861111111111112,144.0,1.051094890510949,137.0,0.9927536231884058,202.0,-0.2741073059520703,0.2384948709599041,102.0,100.0,-0.1572495638775441,-0.3500537615007997,1.12684719292254,-0.5243063238994349,-0.2643381740985656,0.34,0.465,0.505,0.57,0.765,0.0
156.0,0.981132075471698,159.0,0.9875776397515528,161.0,1.0254777070063694,157.0,1.0397350993377483,162.0,1.0188679245283019,159.0,1.0324675324675323,154.0,0.9685534591194968,159.0,0.9754601226993864,231.0,-0.2954457607187105,0.1439056761867152,118.0,113.0,-0.1500367568185057,-0.4910248617977597,0.916187117759025,-0.4112726957841786,-0.2842830965168729,0.385,0.49,0.51,0.53,0.815,0.0
179.0,1.0170454545454546,176.0,1.0,176.0,1.0602409638554218,166.0,1.01840490797546,173.0,1.0297619047619047,168.0,0.9491525423728814,177.0,0.9779005524861878,181.0,1.0284090909090908,247.0,-0.4560634323314331,0.263468125959268,126.0,121.0,-0.514723080734264,-0.7942796752629394,1.5322875433336298,-0.7683878669721222,-0.2511552544795248,0.34,0.485,0.51,0.53,0.705,0.0
159.0,0.9578313253012049,166.0,0.9595375722543352,173.0,0.9774011299435028,177.0,1.0172413793103448,182.0,1.04,175.0,1.023391812865497,171.0,0.9884393063583816,173.0,1.0613496932515338,245.0,-0.1939141941464753,0.2672392613308368,118.0,127.0,-0.2298066008295434,-0.4757709904034546,1.808152033083627,-0.4613416530607874,0.0854832879724722,0.305,0.46,0.485,0.505,0.705,0.0
181.0,0.9378238341968912,193.0,1.0432432432432432,185.0,1.0755813953488371,172.0,1.0424242424242425,170.0,0.9941520467836257,171.0,1.0058823529411764,170.0,0.9770114942528736,174.0,0.9886363636363636,244.0,-0.1760988427012366,0.2488958231455917,126.0,118.0,-0.1895592411625715,-0.4301480978095814,1.6094440520464053,-0.480822476609389,-0.0682537074395345,0.355,0.495,0.52,0.54,0.7,0.0
186.0,1.0333333333333334,180.0,1.0404624277456649,173.0,1.0176470588235291,170.0,0.9826589595375722,163.0,0.9588235294117647,170.0,1.0,170.0,1.0,170.0,0.9392265193370166,230.0,-0.2754318429699791,0.2866608089772533,116.0,114.0,-0.3251589329518403,-0.6051347709188613,1.8098380867843675,-0.421486473367465,-0.0719688997475252,0.385,0.48,0.505,0.53,0.7,0.0
174.0,0.9942857142857144,175.0,1.0174418604651163,172.0,0.9885057471264368,174.0,1.0116279069767442,179.0,1.0529411764705883,170.0,1.0179640718562877,167.0,1.030864197530864,162.0,0.9938650306748468,248.0,-0.184132563913398,0.2684889612605551,123.0,125.0,-0.224861435372792,-0.4871282707657771,1.8105777131338832,-0.4371074370990521,0.0868437386191214,0.335,0.475,0.5,0.52,0.71,0.0
167.0,1.0121212121212122,165.0,0.9880239520958084,167.0,1.0569620253164558,158.0,0.9875,158.0,1.0,158.0,0.9875,160.0,0.975609756097561,164.0,1.0,222.0,-0.3279547621213555,0.1506904006620189,112.0,110.0,-0.2199225946187874,-0.6012598139174955,0.8391790923166691,-0.4325189497196242,-0.3179331345786188,0.34,0.475,0.51,0.53,0.85,0.0
147.0,0.9932432432432432,148.0,1.0277777777777777,144.0,1.0359712230215827,139.0,1.0145985401459854,144.0,1.0,144.0,1.0285714285714285,140.0,1.0218978102189782,137.0,0.9856115107913668,202.0,-0.1151782392471394,0.2483895074673871,102.0,100.0,-0.0085784752023164,-0.1848594553025813,1.389447583795946,-0.3804804435263039,-0.0922470845103782,0.345,0.46,0.505,0.58,0.83,0.0
123.0,1.128440366972477,109.0,1.0092592592592593,108.0,0.4909090909090909,220.0,0.990990990990991,109.0,1.0186915887850467,107.0,1.0,107.0,0.9553571428571428,112.0,0.509090909090909,226.0,-0.389900932026319,0.5726049535898456,150.0,76.0,-0.6250246645998871,-0.7394598427946812,2.1525691309769965,-0.9676454810613336,-0.8690985853274882,0.125,0.17,0.2,0.23,0.235,0.0
157.0,1.026143790849673,153.0,0.9935064935064936,154.0,0.9808917197452228,157.0,1.0064102564102564,153.0,0.9745222929936306,157.0,0.9751552795031057,161.0,0.9698795180722892,166.0,1.006060606060606,214.0,-0.3304527666168768,0.1720391735978637,107.0,107.0,-0.1881550129306037,-0.5745929726296585,1.0443005700244343,-0.4500973646521293,-0.2776932439751853,0.38,0.475,0.5,0.52,0.86,0.0
170.0,1.0,170.0,0.9941520467836256,171.0,0.9661016949152542,177.0,0.9725274725274724,191.0,1.0380434782608696,184.0,0.9945945945945946,185.0,1.0511363636363635,176.0,0.9832402234636872,260.0,-0.1506405676857889,0.2546743040868351,127.0,133.0,-0.1366315742863287,-0.4087916450164328,1.8052651383399403,-0.4890405812651865,0.0746597953037331,0.33,0.465,0.49,0.51,0.675,0.0
174.0,0.9456521739130436,184.0,1.0454545454545454,176.0,1.0538922155688624,167.0,1.0,183.0,1.0397727272727273,176.0,0.9723756906077348,181.0,1.046242774566474,173.0,0.9611111111111112,255.0,-0.3135608157381953,0.2701666662730027,127.0,128.0,-0.3457808561737761,-0.5861831221344191,1.6355784868497942,-0.5037377335737367,-0.2068780297776934,0.385,0.48,0.5,0.525,0.675,0.0
129.0,1.048780487804878,123.0,0.9919354838709676,124.0,0.9612403100775194,129.0,0.9699248120300752,128.0,0.9696969696969697,132.0,0.9705882352941176,136.0,1.0708661417322836,127.0,0.927007299270073,182.0,-0.2057669019766581,0.2350769165580723,93.0,89.0,-0.1370766999478802,-0.4036379740217889,1.3881265977633086,-0.4443327882214771,0.0264135138582186,0.31,0.455,0.515,0.54,0.775,0.0
222.0,2.22,100.0,0.8130081300813008,123.0,1.0982142857142858,112.0,1.0275229357798166,115.0,1.0849056603773586,106.0,0.4774774774774775,222.0,2.018181818181818,110.0,0.4954954954954955,154.0,-0.1438373200805218,0.4959558156705236,74.0,80.0,-0.0604482509302092,-0.4549999999999999,2.0140290778167738,-1.0996561303852883,0.24,0.295,0.44,0.485,0.53,0.835,0.0
171.0,1.0301204819277108,166.0,1.0573248407643312,157.0,1.0064102564102564,156.0,0.9936305732484076,159.0,1.0192307692307692,156.0,0.968944099378882,161.0,0.930635838150289,173.0,1.0,226.0,-0.2831952101742246,0.1582539475687023,115.0,111.0,-0.1610807575571524,-0.5102091092025092,1.023909727278174,-0.3210108180386121,-0.2439989697340994,0.385,0.485,0.51,0.53,0.81,0.0
113.0,0.982608695652174,115.0,1.036036036036036,111.0,1.0,111.0,1.0277777777777777,110.0,1.0185185185185186,108.0,0.9908256880733946,109.0,1.0092592592592593,108.0,1.0,156.0,-0.1552811683099019,0.468869700978395,79.0,77.0,-0.0556416656171112,-0.5634616859207006,2.1806015437665254,-0.8029292683669176,0.2059590971409795,0.335,0.44,0.505,0.55,0.86,0.0
169.0,0.9883040935672516,171.0,0.9771428571428572,175.0,0.9308510638297872,188.0,1.0444444444444445,192.0,1.0491803278688525,183.0,1.011049723756906,181.0,1.046242774566474,173.0,0.9558011049723756,259.0,-0.1317252173572259,0.2440621780396069,125.0,134.0,-0.1318280351281308,-0.3432927443518722,1.660174715278882,-0.5095616172050295,0.0073021070561759,0.36,0.465,0.485,0.505,0.665,0.0
148.0,1.0,148.0,1.0422535211267605,142.0,0.9793103448275862,145.0,0.9602649006622516,138.0,0.9452054794520548,146.0,0.9798657718120806,149.0,1.0492957746478873,142.0,0.9342105263157896,187.0,-0.3245142903277753,0.1678738172193352,91.0,96.0,-0.1882976701061275,-0.5559075053815543,0.9682217836959092,-0.4668441572032124,-0.2849535921310842,0.345,0.465,0.49,0.51,0.845,0.0
165.0,1.0060975609756098,164.0,0.9647058823529412,170.0,1.0493827160493827,162.0,1.0451612903225806,162.0,0.9938650306748467,163.0,1.0251572327044025,159.0,1.0324675324675323,154.0,1.013157894736842,230.0,-0.2243562990673998,0.1688176468303864,117.0,113.0,-0.0828887666175194,-0.4224222110665809,1.1625645338482289,-0.3353189408238718,-0.1984410302353044,0.39,0.485,0.51,0.53,0.795,0.0
163.0,1.0061728395061729,162.0,1.0,162.0,0.9529411764705882,170.0,1.011904761904762,131.0,0.6616161616161617,198.0,1.1511627906976745,172.0,1.0617283950617284,162.0,1.0,207.0,-0.2210173220134477,0.1667670206784656,116.0,91.0,-0.0989680131343394,-0.4508131863266408,1.1089039278274628,-0.3568938641477797,-0.2130393893700068,0.375,0.535,0.56,0.58,0.935,0.0
174.0,1.0481927710843373,166.0,1.0506329113924051,158.0,0.9575757575757576,165.0,0.9821428571428572,152.0,0.95,160.0,0.9580838323353292,167.0,0.9881656804733728,169.0,1.0368098159509205,215.0,-0.233016302592169,0.2772831464808661,109.0,106.0,-0.2612228330551178,-0.5712224001364175,1.827468083316641,-0.520514931801314,-0.2144742007736247,0.39,0.485,0.51,0.53,0.68,0.0
153.0,1.0408163265306123,147.0,1.05,140.0,1.0071942446043165,139.0,0.9788732394366196,148.0,1.0422535211267605,142.0,1.0070921985815602,141.0,0.9929577464788732,142.0,0.9726027397260274,205.0,-0.2350415701308788,0.2544318871402187,102.0,103.0,-0.1022390311256775,-0.309103060141437,1.193832848816989,-0.5097951280003302,-0.1650861953261633,0.335,0.46,0.495,0.57,0.78,0.0
160.0,0.98159509202454,163.0,0.9939024390243902,164.0,0.9761904761904762,168.0,1.030674846625767,125.0,0.625,200.0,1.2269938650306749,163.0,1.0124223602484472,161.0,1.0254777070063694,201.0,-0.280035083516768,0.1599035107375302,114.0,87.0,-0.1295086104244653,-0.4776654126401926,0.9163597508242932,-0.4189634742386524,-0.261714321153732,0.425,0.545,0.57,0.59,0.985,0.0
161.0,1.0125786163522013,159.0,1.0063291139240509,158.0,1.0193548387096774,155.0,0.9281437125748504,154.0,1.0065359477124183,153.0,0.9807692307692308,156.0,0.9873417721518988,158.0,1.0128205128205128,213.0,-0.2152360361975432,0.1961968817229994,106.0,107.0,-0.0813210437856651,-0.3982880676897958,1.2056831161457997,-0.2513896219963885,-0.2513896219963885,0.38,0.475,0.5,0.525,0.525,0.0
152.0,0.9681528662420382,157.0,0.9631901840490796,163.0,0.9819277108433736,166.0,0.988095238095238,164.0,1.0123456790123457,162.0,0.9938650306748468,163.0,1.0939597315436242,149.0,1.0136054421768708,261.0,-0.125824239391955,0.4173383987955877,147.0,114.0,0.2440447783917453,-0.228916166577914,2.1300185761170085,-0.3975372587938945,-0.0463570592423712,0.535,0.515,0.565,0.64,0.605,0.0
142.0,1.4947368421052631,95.0,0.4611650485436893,206.0,1.3825503355704698,149.0,1.0492957746478873,149.0,1.0347222222222223,144.0,0.972972972972973,148.0,1.0277777777777777,144.0,1.0285714285714285,206.0,-0.2639668756042537,0.2591302563644403,102.0,104.0,-0.1587331233595587,-0.350228657124793,1.1825386086200151,-0.5517270701951524,-0.2271740956360586,0.335,0.46,0.495,0.575,0.83,0.0
190.0,1.043956043956044,182.0,1.0282485875706215,177.0,1.0350877192982455,171.0,0.9884393063583816,172.0,0.9608938547486033,179.0,0.9322916666666666,192.0,1.037837837837838,185.0,0.9736842105263158,241.0,-0.3112016690332035,0.2718576020470086,121.0,120.0,-0.3080588917873798,-0.6115351034409404,1.80769342154102,-0.5083102093641019,-0.1822106839341787,0.39,0.48,0.505,0.525,0.675,0.0
103.0,0.4598214285714285,224.0,1.4451612903225806,155.0,1.631578947368421,95.0,0.4656862745098039,157.0,1.097902097902098,143.0,0.9930555555555556,144.0,0.972972972972973,148.0,1.0068027210884354,219.0,-0.440222765191772,0.3622374731752271,110.0,109.0,-0.3892340402047389,-0.4888023187347255,1.642882180159263,-0.6482237322483904,-0.0570923937709003,0.33,0.445,0.51,0.615,0.54,0.0
218.0,0.986425339366516,221.0,0.9778761061946902,226.0,1.0272727272727271,220.0,1.9469026548672568,95.0,0.753968253968254,126.0,0.5727272727272728,220.0,0.990990990990991,222.0,0.9866666666666668,142.0,-0.3316440979825155,0.5591322801462074,76.0,66.0,-0.2193627567345288,-0.4884745080189915,2.1288209496787345,-1.1076377599850895,0.2939697153076314,0.35,0.49,0.535,0.585,0.86,0.0
148.0,1.0,148.0,1.0068027210884354,147.0,1.0,147.0,1.0575539568345325,151.0,1.0342465753424657,146.0,1.0354609929078014,141.0,1.0217391304347827,138.0,1.0,213.0,-0.3071057874484703,0.2519301506332274,108.0,105.0,-0.1155154888481999,-0.3464195278197541,1.0964764959933198,-0.58,-0.2632251191600424,0.345,0.47,0.505,0.585,0.81,0.0
165.0,1.0377358490566038,159.0,0.9520958083832336,167.0,0.9226519337016574,181.0,1.0584795321637428,174.0,0.9666666666666667,180.0,1.0285714285714285,175.0,0.9887005649717514,177.0,1.023121387283237,233.0,-0.1507306243671788,0.2716913170615222,112.0,121.0,-0.1363213622465378,-0.4498753138851368,1.8737832506960463,-0.4278230986037805,-0.0693079530151128,0.34,0.46,0.485,0.505,0.665,0.0
145.0,1.0069444444444444,144.0,1.0140845070422535,142.0,1.0070921985815602,141.0,0.9657534246575342,140.0,0.9523809523809523,147.0,1.013793103448276,145.0,0.9931506849315068,146.0,0.9798657718120806,196.0,-0.2970816272333505,0.2685912138380057,98.0,98.0,-0.114794491772654,-0.3880514174362953,1.1478675860313334,-0.7033494572420389,0.0739203732346765,0.36,0.47,0.5,0.575,0.53,0.0
153.0,1.8,85.0,0.33203125,256.0,1.5802469135802468,162.0,0.9938650306748468,162.0,1.0062111801242235,161.0,1.0522875816993464,153.0,1.06993006993007,143.0,1.0,218.0,-0.2611684618622668,0.4200875239091571,105.0,113.0,-0.183399306264518,-0.2907905242709875,2.076382464367929,-0.4753275056815259,0.1293831343131069,0.34,0.44,0.485,0.58,0.515,0.0
110.0,1.02803738317757,107.0,0.9553571428571428,112.0,1.0275229357798166,109.0,0.990909090909091,109.0,1.0,109.0,0.9732142857142856,112.0,0.9739130434782608,115.0,1.074766355140187,153.0,-0.0778579096411581,0.469588273713711,77.0,76.0,-0.0719761297378463,-0.3474053259199119,2.168747953291222,-0.914856986443186,0.3248190992490437,0.31,0.46,0.505,0.555,0.8,0.0
144.0,0.9863013698630136,146.0,0.9605263157894736,152.0,1.027027027027027,148.0,1.6629213483146068,147.0,1.013793103448276,145.0,0.9797297297297296,148.0,1.0,148.0,1.0571428571428572,200.0,-0.1831350580569425,0.2346044589703545,98.0,102.0,-0.0628241177920262,-0.3078239100996057,1.2067651359277167,-0.4218824959638155,-0.0815879604885704,0.33,0.455,0.49,0.555,0.755,0.0
189.0,1.0441988950276244,181.0,0.989071038251366,183.0,1.0054945054945057,182.0,1.089820359281437,178.0,1.04093567251462,171.0,1.0363636363636364,165.0,0.9763313609467456,169.0,0.949438202247191,245.0,-0.207533451949247,0.2416908227611504,121.0,124.0,-0.2488852805302893,-0.4572999338346228,1.5509160195895515,-0.4958672683766525,-0.0455878210390014,0.33,0.475,0.495,0.52,0.685,0.0
174.0,0.9508196721311476,183.0,0.973404255319149,188.0,1.0444444444444445,180.0,1.0588235294117647,176.0,1.035294117647059,170.0,1.0,170.0,0.96045197740113,177.0,0.9779005524861878,255.0,-0.1470268981280642,0.2660477500462023,132.0,123.0,-0.1739420266787717,-0.4734609727386888,1.916768491428696,-0.3765698005900334,-0.0320389909480101,0.35,0.495,0.52,0.54,0.685,0.0
170.0,0.9941520467836256,171.0,0.9661016949152542,177.0,0.9725274725274724,182.0,0.994535519125683,184.0,0.9945945945945946,185.0,1.0511363636363635,176.0,0.9832402234636872,179.0,0.9835164835164836,261.0,-0.2182744103787931,0.2287508384307974,133.0,128.0,-0.2325210240688595,-0.458294869076296,1.5331340295310336,-0.5695303614166909,-0.16952312488614,0.34,0.485,0.51,0.53,0.665,0.0
141.0,1.014388489208633,139.0,1.0145985401459854,137.0,0.9383561643835616,146.0,0.9605263157894736,142.0,0.9861111111111112,144.0,0.979591836734694,147.0,0.9865771812080536,149.0,0.9738562091503268,197.0,-0.1472419434907871,0.2607192105899836,98.0,99.0,0.0424921208052872,-0.2362545016535702,1.3179816378098348,-0.4097920677211205,-0.1132866729168925,0.35,0.46,0.495,0.56,0.8,0.0
184.0,1.022222222222222,180.0,1.0526315789473684,171.0,0.994186046511628,172.0,1.011764705882353,168.0,1.0,168.0,0.9824561403508772,171.0,0.9095744680851064,188.0,1.0386740331491713,235.0,-0.3040778978329361,0.2422058378703177,118.0,117.0,-0.3382112011268178,-0.5580315921033481,1.3355936845070695,-0.6258171100071248,-0.2262355573953535,0.345,0.48,0.5,0.525,0.69,0.0
147.0,1.013793103448276,145.0,0.9797297297297296,148.0,1.0,148.0,1.0571428571428572,146.0,1.0,146.0,1.028169014084507,142.0,1.0070921985815602,141.0,1.0291970802919708,202.0,-0.2222905064342367,0.2680966905806597,100.0,102.0,-0.0322312884097852,-0.2936641674049797,1.2777123779742,-0.4967972704254356,-0.2373220428095476,0.335,0.46,0.495,0.58,0.76,0.0
140.0,0.9859154929577464,142.0,1.0070921985815602,141.0,0.9724137931034482,145.0,0.9931506849315068,96.0,0.5052631578947369,190.0,1.2666666666666666,150.0,1.0273972602739727,146.0,0.9864864864864864,163.0,-0.257767151292361,0.2661000659841778,96.0,67.0,-0.1695089716074098,-0.3687659439029777,1.1507498732032648,-0.5070389597770006,-0.1288902310538544,0.39,0.545,0.59,0.68,0.95,0.0
168.0,1.024390243902439,164.0,1.0186335403726707,161.0,1.038709677419355,155.0,0.9935897435897436,158.0,1.0,158.0,0.9937106918238994,159.0,0.9464285714285714,168.0,0.9940828402366864,220.0,-0.3188241896594677,0.1714339524787731,110.0,110.0,-0.2099934148647835,-0.5365967604520443,1.0916540215517954,-0.3748070422361149,-0.2799508261694057,0.34,0.48,0.505,0.525,0.85,0.0
166.0,0.9485714285714286,175.0,0.9831460674157304,178.0,,174.0,1.0674846625766872,176.0,1.0797546012269938,163.0,1.0251572327044025,159.0,0.9352941176470588,170.0,0.9941520467836256,246.0,-0.2754254682833653,0.2785433124523452,123.0,123.0,-0.3088508335157527,-0.5997562765152595,1.7274950767165966,-0.5671498333395801,-0.1044015800399572,0.375,0.475,0.5,0.525,0.7,0.0
147.0,0.98,150.0,1.0135135135135136,148.0,1.0068027210884354,147.0,0.98,152.0,1.0,152.0,1.0410958904109588,146.0,1.0138888888888888,144.0,1.0285714285714285,208.0,-0.1549908595185622,0.2596221845889991,102.0,106.0,-0.0376183947756328,-0.1973066668246584,1.3321807795038594,-0.4141195715110908,-0.0909937723738663,0.335,0.46,0.49,0.57,0.78,0.0
175.0,1.0542168674698795,166.0,1.0573248407643312,157.0,0.9127906976744186,172.0,0.9662921348314608,169.0,1.5363636363636364,110.0,0.4150943396226415,265.0,1.505681818181818,176.0,1.0,230.0,-0.1288584861457629,0.3921862340107061,112.0,118.0,-0.0868363730891473,-0.1724275080911789,2.0519707015568707,-0.3361740035696465,0.4528931305230267,0.33,0.45,0.495,0.6,0.52,0.0
156.0,0.968944099378882,161.0,0.9640718562874252,167.0,1.0,167.0,1.030864197530864,165.0,0.9705882352941176,170.0,1.0303030303030305,165.0,1.0855263157894737,152.0,0.987012987012987,250.0,-0.3113045226478929,0.1420744920078825,135.0,115.0,-0.2098872767571407,-0.5106737338065721,0.9694894359342126,-0.3592576939661928,-0.2795403841569613,0.44,0.52,0.54,0.56,0.845,0.0
165.0,0.9593023255813954,172.0,0.9772727272727272,176.0,1.0292397660818713,171.0,1.0426829268292683,174.0,1.0609756097560976,164.0,0.9820359281437124,167.0,0.9881656804733728,169.0,0.971264367816092,241.0,-0.2303623561187899,0.2804015250678223,120.0,121.0,-0.2628977174281407,-0.5677718723409039,1.7772192790584596,-0.4913329797985152,0.0280653287205334,0.32,0.475,0.5,0.525,0.725,0.0
154.0,1.013157894736842,152.0,0.926829268292683,164.0,0.95906432748538,171.0,1.0178571428571428,158.0,0.9575757575757575,165.0,0.9821428571428572,168.0,1.030674846625767,163.0,1.1164383561643836,219.0,-0.3207549682711784,0.2187685357282362,109.0,110.0,-0.1795495139239296,-0.5275553721424895,1.18493982264691,-0.4388731328582321,-0.2801987584685801,0.375,0.475,0.505,0.525,0.845,0.0
162.0,1.0318471337579618,157.0,0.9874213836477987,159.0,0.99375,160.0,0.9411764705882352,160.0,0.975609756097561,164.0,0.970414201183432,169.0,1.0,169.0,1.049689440993789,224.0,-0.4196659415188414,0.189842322165348,112.0,112.0,-0.2898121872327376,-0.632584306369472,0.8582906853101108,-0.5528977545825382,-0.4199438881310322,0.34,0.47,0.5,0.525,0.86,0.0
191.0,1.4044117647058822,136.0,1.7435897435897436,78.0,0.3466666666666667,225.0,1.4331210191082802,142.0,0.9161290322580645,155.0,0.9393939393939394,165.0,0.9821428571428572,168.0,1.070063694267516,199.0,0.161119230185925,0.3332482154146332,100.0,99.0,0.2215139014247354,0.0959270920595543,2.120489412497312,-0.0054732228590322,0.5399812293410311,0.32,0.445,0.505,0.6,0.535,0.0
151.0,1.0134228187919463,149.0,0.9933333333333332,150.0,0.9554140127388536,157.0,0.9691358024691358,159.0,1.2926829268292683,123.0,0.6212121212121212,198.0,1.2857142857142858,154.0,1.811764705882353,259.0,-0.4013876603532865,0.4327820173584418,148.0,111.0,0.1226218974361125,-0.0590287683366039,1.6517318484416978,-0.6028399616237773,0.2042012268280871,0.545,0.55,0.58,0.625,0.595,0.0
157.0,0.9345238095238096,168.0,0.9767441860465116,172.0,1.048780487804878,164.0,1.025,170.0,1.0240963855421688,166.0,1.077922077922078,154.0,0.9746835443037974,158.0,1.0,234.0,-0.2711632992737969,0.2026223053863269,116.0,118.0,-0.1495705549355849,-0.4422307926584103,1.2041454698095653,-0.322411069570224,-0.2182906488516205,0.375,0.47,0.5,0.52,0.815,0.0
180.0,1.0404624277456649,173.0,1.0297619047619049,168.0,1.024390243902439,164.0,1.0186335403726707,157.0,1.0129032258064516,155.0,0.9872611464968152,157.0,0.98125,160.0,0.975609756097561,223.0,-0.1603450151768234,0.2847405010577636,114.0,109.0,-0.1943749230548161,-0.4810677446035304,1.9369732036753484,-0.332240924153712,-0.1066262137356093,0.34,0.49,0.515,0.54,0.695,0.0
141.0,1.5326086956521738,92.0,0.416289592760181,221.0,1.3393939393939394,165.0,1.0443037974683544,161.0,1.4375,112.0,0.4628099173553719,242.0,1.5816993464052287,153.0,0.9935064935064936,214.0,-0.3661403404424065,0.3563044377008103,102.0,112.0,-0.30823804541836,-0.3884280234744949,1.801197695459952,-0.1213786019162532,-0.1213786019162532,0.325,0.435,0.48,0.51,0.51,0.0
130.0,0.9848484848484848,132.0,1.0232558139534884,129.0,1.048780487804878,123.0,1.0165289256198349,123.0,0.984,125.0,0.992063492063492,126.0,0.9618320610687024,131.0,0.9776119402985076,174.0,0.1052668765578942,0.2829965594500789,88.0,86.0,0.1697677693136163,-0.089454167609472,1.4108193782788754,-0.3913301475965405,0.3557701922668025,0.34,0.47,0.51,0.535,0.72,0.0
172.0,0.9502762430939228,181.0,1.0402298850574712,174.0,1.0545454545454545,165.0,1.0,165.0,1.0060975609756098,164.0,0.9820359281437124,167.0,0.9597701149425288,174.0,0.9942857142857144,240.0,-0.2063805903164187,0.2619268349628835,125.0,115.0,-0.2654591790976431,-0.5123810645979856,1.7692445064389124,-0.4817750826174508,-0.030367943421945,0.41,0.5,0.525,0.545,0.72,0.0
107.0,0.4953703703703703,216.0,2.0970873786407767,103.0,0.8803418803418803,117.0,1.054054054054054,221.0,1.0137614678899083,218.0,2.056603773584906,106.0,0.9298245614035088,114.0,1.0555555555555556,314.0,-0.2974715317089482,0.6410043122426443,160.0,154.0,-0.3177812643502704,-0.4056921943529594,2.44136091188372,-0.8698485503051807,-0.6335497480426744,0.095,0.11,0.14,0.195,0.17,0.0
111.0,0.5186915887850467,214.0,0.9511111111111112,225.0,1.0227272727272727,220.0,2.1153846153846154,224.0,1.041860465116279,215.0,2.0093457943925235,107.0,0.9907407407407408,108.0,0.9310344827586208,233.0,-0.0101040219122698,0.7293186950923558,77.0,156.0,0.3778463739252617,-0.1724927922396957,2.896772480654056,-0.4171876219408785,-0.4171876219408785,0.505,0.755,0.805,0.845,0.845,0.0
217.0,2.0865384615384617,104.0,0.8813559322033898,118.0,1.2826086956521738,92.0,0.6917293233082706,215.0,0.9953703703703703,216.0,1.981651376146789,109.0,0.990909090909091,110.0,1.134020618556701,301.0,-0.4795250105299897,0.5990579581398817,151.0,150.0,1.6083578361854651,-0.6820344457903296,2.0326919712418228,-0.8813090646316604,-0.2443901331649858,0.5,0.835,0.855,0.88,0.985,0.0
171.0,1.062111801242236,161.0,1.018987341772152,158.0,1.0,158.0,0.9875,152.0,0.9681528662420382,157.0,0.9874213836477987,159.0,0.9464285714285714,168.0,0.9882352941176472,219.0,-0.2844328571305394,0.1530132486465957,113.0,106.0,-0.1660167463513784,-0.4794917104579815,1.0103532486106257,-0.3876162340094036,-0.2874593992723365,0.39,0.495,0.515,0.535,0.845,0.0
143.0,1.0287769784172662,139.0,1.0220588235294117,136.0,0.9444444444444444,144.0,0.9411764705882352,142.0,1.0,142.0,0.9726027397260274,146.0,1.5051546391752575,97.0,0.4801980198019802,197.0,-0.1530682412383111,0.2564185615152831,98.0,99.0,-0.0223062039875312,-0.2213266683169926,1.277141141431849,-0.4198525949140503,-0.1677972069139982,0.335,0.46,0.5,0.565,0.735,0.0
162.0,1.018867924528302,159.0,0.9754601226993864,163.0,0.9367816091954024,174.0,0.956043956043956,179.0,0.9521276595744681,188.0,1.0444444444444445,180.0,1.0227272727272727,176.0,1.0232558139534884,246.0,-0.1275033296284594,0.2335301437141686,121.0,125.0,-0.1571060583285543,-0.3695801952685079,1.701686634822686,-0.368439597680353,0.1724106364437695,0.385,0.47,0.495,0.515,0.69,0.0
170.0,1.0303030303030305,165.0,1.0377358490566038,159.0,0.9814814814814816,162.0,1.0318471337579618,152.0,0.9743589743589743,156.0,,161.0,1.0125786163522013,159.0,0.9636363636363636,220.0,-0.2189607013313511,0.1579846534990967,114.0,106.0,-0.1044903406625483,-0.3888974042686002,1.0968420953807403,-0.272632660909445,-0.202371501286173,0.39,0.5,0.52,0.54,0.855,0.0
166.0,1.0121951219512195,164.0,1.0186335403726707,161.0,1.0125786163522013,159.0,1.0063291139240509,154.0,1.013157894736842,152.0,0.987012987012987,154.0,1.0065359477124185,153.0,0.9807692307692308,212.0,-0.2708127094504889,0.1534220678303045,105.0,107.0,-0.1897450909766418,-0.5052324069286445,0.9703438035154668,-0.4277882498408955,-0.2044723618090453,0.35,0.475,0.5,0.52,0.875,0.0
150.0,0.9803921568627452,153.0,1.0408163265306123,147.0,1.05,140.0,1.0071942446043165,146.0,0.9864864864864865,148.0,1.072463768115942,138.0,0.9928057553956836,139.0,1.0220588235294117,205.0,-0.213885132648414,0.2593725047023568,103.0,102.0,-0.1455122217114753,-0.2912569296019408,1.25832650796588,-0.4806494781201043,-0.2436446303366147,0.33,0.47,0.505,0.58,0.745,0.0
143.0,0.986206896551724,145.0,1.0507246376811594,138.0,1.0,138.0,0.9928057553956836,135.0,0.9574468085106383,141.0,0.986013986013986,143.0,1.0,143.0,1.0141843971631206,194.0,-0.2771998920803478,0.241198525079842,100.0,94.0,-0.1373149336075837,-0.38546374213682,1.1408539945028349,-0.5178185341722428,-0.2210418608462099,0.36,0.485,0.515,0.59,0.765,0.0
152.0,0.95,160.0,0.9523809523809524,168.0,1.0,168.0,1.3125,168.0,0.9767441860465116,172.0,1.048780487804878,164.0,1.025,160.0,0.9937888198757764,226.0,-0.2640289322932232,0.1662536486426686,109.0,117.0,-0.1590549905942446,-0.4821605183282824,1.1002055879625383,-0.4489504122307495,-0.204016963964945,0.37,0.465,0.485,0.51,0.84,0.0
163.0,0.9702380952380952,168.0,1.0059880239520955,167.0,1.0182926829268293,164.0,0.9761904761904762,166.0,0.9595375722543352,173.0,0.9505494505494504,182.0,1.011111111111111,180.0,0.9836065573770492,232.0,-0.3108287153402937,0.2781508471570672,116.0,116.0,-0.3332207579680096,-0.6394904816989764,1.7506686535170408,-0.5963410208685962,-0.0882990596619308,0.385,0.48,0.505,0.525,0.695,0.0
186.0,1.0276243093922652,181.0,0.9945054945054944,182.0,0.9430051813471504,193.0,1.048913043478261,180.0,1.0227272727272727,176.0,1.0414201183431953,169.0,0.9548022598870056,177.0,0.9315789473684212,251.0,-0.1973568414250203,0.2619113167825552,126.0,125.0,-0.2502664409250067,-0.4787608944390089,1.8176418379913648,-0.475224901267691,-0.0874291549492218,0.39,0.48,0.505,0.525,0.685,0.0
101.0,0.3929961089494163,257.0,1.494186046511628,172.0,0.9717514124293786,177.0,1.0350877192982455,167.0,0.9881656804733728,169.0,1.005952380952381,168.0,0.9824561403508772,171.0,1.0239520958083832,226.0,-0.2450699543899921,0.4175484066194073,110.0,116.0,-0.2006776265246929,-0.2319489190453529,2.016138815611826,-0.459794651874035,0.3845057315373826,0.305,0.445,0.49,0.595,0.515,0.0
148.0,1.0,148.0,1.049645390070922,141.0,1.7848101265822784,79.0,0.398989898989899,142.0,1.0,142.0,0.993006993006993,143.0,1.0141843971631206,141.0,0.9724137931034482,200.0,-0.1844046775091271,0.2616942421162444,101.0,99.0,-0.0501965185220377,-0.2804102201260539,1.3208541971863963,-0.4646066860327803,-0.1458032294778984,0.34,0.475,0.51,0.59,0.795,0.0
167.0,0.9653179190751444,173.0,1.0421686746987953,166.0,0.9822485207100592,169.0,0.9602272727272728,172.0,0.9297297297297298,185.0,1.0,185.0,0.9946236559139784,186.0,1.0108695652173914,241.0,-0.3413451826666688,0.2888819780319229,121.0,120.0,-0.3775280844269483,-0.657767993957768,1.8177463238079068,-0.6227434113869456,-0.3129951557648756,0.395,0.48,0.505,0.525,0.68,0.0
167.0,1.030864197530864,162.0,1.0728476821192052,151.0,0.9869281045751634,153.0,1.4854368932038835,150.0,0.9868421052631579,152.0,0.9743589743589745,156.0,0.8914285714285715,175.0,1.0416666666666667,207.0,-0.2702479902242982,0.3556662029474254,102.0,105.0,0.2135596780347398,-0.2669630328020035,1.722061574099179,-0.4525678053671157,0.2020257732947125,0.465,0.44,0.495,0.585,0.525,0.0
175.0,0.9510869565217392,184.0,0.968421052631579,190.0,1.0326086956521738,184.0,0.9633507853403142,183.0,1.0,183.0,1.0517241379310345,174.0,1.0235294117647058,170.0,0.9659090909090908,257.0,-0.4031737971873407,0.2358576842998702,129.0,128.0,-0.4443121757450612,-0.6996789386266917,1.416344701583546,-0.7817592915259294,-0.2567004887021993,0.35,0.48,0.505,0.525,0.69,0.0
171.0,1.0301204819277108,166.0,0.9378531073446328,177.0,0.9833333333333332,180.0,1.0227272727272727,176.0,0.9887640449438202,178.0,1.065868263473054,167.0,0.9940476190476192,168.0,0.9824561403508772,236.0,-0.1817021307039121,0.2580415981134776,113.0,123.0,-0.2428605290823082,-0.4970516374321926,1.6905249992759723,-0.5725099806800279,-0.049818881049893,0.365,0.455,0.48,0.5,0.67,0.0
159.0,0.9352941176470588,170.0,0.9941520467836256,171.0,1.0,171.0,0.9827586206896552,175.0,0.9668508287292817,181.0,1.0168539325842696,178.0,1.0171428571428571,175.0,1.0542168674698795,244.0,-0.31977038203458,0.2680822279130104,122.0,122.0,-0.3559322973104438,-0.5923121084335737,1.6185673711384077,-0.604013058165373,-0.2452090385800076,0.385,0.48,0.505,0.525,0.685,0.0
157.0,0.9751552795031057,161.0,0.9817073170731708,164.0,0.9820359281437124,167.0,1.8764044943820224,161.0,1.018987341772152,158.0,1.490566037735849,106.0,0.5,212.0,1.422818791946309,219.0,-0.1317734172063555,0.3907320273805361,107.0,112.0,-0.0257086579914618,-0.1294252841058317,2.1155636430722704,-0.3451887974448907,0.4004150331618094,0.33,0.445,0.495,0.6,0.52,0.0
156.0,0.9936305732484076,157.0,0.9345238095238096,168.0,0.96,175.0,0.9776536312849162,170.0,1.0429447852760736,163.0,1.5980392156862746,102.0,0.4473684210526316,228.0,1.5944055944055944,290.0,-0.434297978421283,0.359222382592314,172.0,118.0,-0.422766963425759,-0.4862157513365608,1.8474078168372183,-0.671772927348765,-0.3284816071322203,0.47,0.56,0.595,0.67,0.635,0.0
217.0,1.920353982300885,113.0,0.982608695652174,115.0,1.0176991150442478,113.0,1.036697247706422,110.0,1.0,110.0,0.4824561403508772,228.0,1.0410958904109588,219.0,2.046728971962617,231.0,-0.2077383757136236,0.7208381021931123,154.0,77.0,1.320285180204954,-0.508629939215286,2.613201308986466,-0.9004476757225874,-0.9004476757225874,0.145,0.115,0.17,0.205,0.205,0.0
182.0,1.011111111111111,180.0,1.0778443113772456,167.0,0.9823529411764704,170.0,0.9941520467836256,163.0,,177.0,1.0,177.0,0.988826815642458,179.0,0.9835164835164836,230.0,-0.1200129992067765,0.2548284530114489,116.0,114.0,-0.1357809016788357,-0.3960285807101301,1.866226107567704,-0.3733396089346464,-0.032655311276693,0.39,0.485,0.51,0.53,0.685,0.0
185.0,1.0164835164835164,182.0,1.0055248618784531,181.0,1.0225988700564972,177.0,0.9567567567567568,179.0,0.9521276595744681,188.0,0.9842931937172776,191.0,1.0437158469945356,183.0,1.011049723756906,253.0,-0.3095983058199179,0.2223785471717298,128.0,125.0,-0.3454730318659497,-0.5107929087333148,1.4069437367572717,-0.6903009881328146,-0.2261280737060741,0.41,0.485,0.505,0.525,0.67,0.0
175.0,1.0802469135802468,162.0,1.0657894736842106,152.0,1.4205607476635511,107.0,0.4692982456140351,156.0,0.9397590361445783,166.0,0.9378531073446328,177.0,0.99438202247191,178.0,1.0171428571428571,290.0,-0.1940828361552926,0.3393771755489383,181.0,109.0,-0.1686064637152159,-0.2327914705690022,2.0203091726045432,-0.4084852428968817,0.4977950842076141,0.505,0.57,0.625,0.695,0.64,0.0
140.0,0.9929078014184396,141.0,0.9791666666666666,144.0,0.9664429530201344,149.0,0.9738562091503268,145.0,1.7261904761904763,84.0,0.3943661971830985,213.0,1.4589041095890412,146.0,1.0,199.0,-0.2105775383531877,0.2639272400255391,98.0,101.0,-0.0963986665995473,-0.3137352629738565,1.2428557897308898,-0.4812874139020695,-0.1723020159074273,0.33,0.455,0.49,0.57,0.795,0.0
126.0,1.0161290322580645,124.0,0.953846153846154,130.0,0.9558823529411764,136.0,1.0708661417322836,139.0,0.972027972027972,143.0,1.0592592592592591,135.0,1.0227272727272727,132.0,1.0076335877862594,187.0,-0.0833804490800736,0.2981294185822528,90.0,97.0,-0.1178089247301591,-0.3031180781990992,1.3214181096030495,-0.498121379845671,0.3931754164624508,0.315,0.43,0.49,0.515,0.735,0.0
176.0,0.9513513513513514,185.0,0.9893048128342246,187.0,0.9894179894179894,189.0,1.0862068965517242,169.0,1.0368098159509203,163.0,1.01875,160.0,0.9523809523809524,168.0,0.9882352941176472,235.0,-0.2199699458367749,0.2466281167498107,117.0,118.0,-0.2528740874633123,-0.4477704054825558,1.531938858873942,-0.5357554957153045,-0.1291600453623331,0.385,0.475,0.5,0.525,0.695,0.0
159.0,0.9695121951219512,164.0,0.9647058823529412,170.0,1.0240963855421688,166.0,1.070967741935484,160.0,0.9815950920245399,163.0,1.044871794871795,156.0,1.04,150.0,1.0067114093959733,225.0,-0.1925616163487131,0.1603994644324434,113.0,112.0,-0.0678669520304875,-0.401524105834153,1.0705975627480582,-0.3301372553630556,-0.1527395619485501,0.39,0.485,0.51,0.525,0.835,0.0
154.0,1.0198675496688745,151.0,0.9556962025316456,158.0,0.9693251533742332,163.0,1.0,148.0,0.961038961038961,154.0,0.9808917197452228,157.0,0.9751552795031057,161.0,1.0,206.0,-0.3159636108096718,0.142703122891473,103.0,103.0,-0.2124027444799746,-0.5820090794880626,0.8381061770466681,-0.4847319679508253,-0.2908527884958437,0.375,0.48,0.5,0.52,0.845,0.0
112.0,1.018181818181818,110.0,1.0091743119266054,109.0,0.9646017699115044,113.0,0.5113122171945701,218.0,0.9864253393665159,221.0,0.9778761061946902,226.0,1.0272727272727271,220.0,1.9469026548672568,232.0,-0.1293530593593982,0.6526275894393901,80.0,152.0,0.2666554578659453,-0.313057335382234,2.654845773139193,-0.4799200382282602,-0.2547945679613487,0.525,0.775,0.81,0.845,0.975,0.0
171.0,0.9884393063583816,173.0,1.035928143712575,167.0,0.9542857142857144,175.0,0.9562841530054644,170.0,0.9497206703910615,179.0,0.9675675675675676,185.0,1.0571428571428572,175.0,1.0416666666666667,235.0,-0.2767475611826155,0.2665045347602727,117.0,118.0,-0.3164708104411098,-0.5799960902334146,1.7624595295958267,-0.5448954125915868,-0.2696892763481727,0.39,0.48,0.5,0.52,0.88,0.0
153.0,1.0337837837837838,148.0,1.034965034965035,143.0,1.0070422535211268,142.0,0.9861111111111112,151.0,1.0633802816901408,142.0,1.0215827338129495,139.0,0.9858156028368794,141.0,0.9657534246575342,211.0,-0.2655670792579621,0.2684486413105084,106.0,105.0,-0.1353798418638662,-0.3420258576929351,1.2033835137813882,-0.5463312200847907,-0.2463027818151492,0.34,0.47,0.5,0.57,0.805,0.0
180.0,1.0344827586206895,174.0,1.0419161676646709,167.0,0.9597701149425288,174.0,0.935483870967742,143.0,0.959731543624161,149.0,0.9933333333333332,150.0,0.9933774834437086,151.0,1.0342465753424657,200.0,0.5729935154289457,0.3089090027239596,100.0,100.0,0.8153634616504903,0.1790032012320793,2.523453314908672,0.3771940345232886,0.7481840486724538,0.265,0.475,0.505,0.53,0.755,0.0
143.0,1.0,143.0,1.349056603773585,106.0,0.5247524752475248,202.0,1.2469135802469136,162.0,0.9700598802395209,167.0,1.0,167.0,1.030864197530864,162.0,1.0728476821192052,220.0,-0.2770187701946164,0.3473017833488184,107.0,113.0,-0.2333652744254822,-0.3462058870268196,1.7595377341836866,0.0180656844072424,0.0180656844072424,0.3,0.43,0.495,0.525,0.525,0.0
161.0,1.0320512820512822,156.0,1.0263157894736843,152.0,0.9559748427672956,159.0,2.064935064935065,93.0,0.3875,240.0,1.4545454545454546,165.0,0.8967391304347826,184.0,1.0514285714285714,173.0,-0.1370844681368774,0.44773667925571,108.0,65.0,0.4214108196296945,-0.1468771336736296,2.2408487410337554,-0.3731699577360733,0.4007411681446721,0.595,0.57,0.63,0.76,0.665,0.0
163.0,0.9939024390243902,164.0,1.0061349693251531,163.0,1.0124223602484472,161.0,1.0,164.0,1.0445859872611465,157.0,0.9936708860759492,158.0,1.0063694267515924,157.0,0.9936708860759492,230.0,-0.3381210534312684,0.1456874073739717,116.0,114.0,-0.2256985545404608,-0.5405598460234018,0.7882130242314624,-0.4354333088370333,-0.324881696268004,0.38,0.485,0.505,0.53,0.85,0.0
176.0,1.0731707317073171,164.0,2.075949367088608,79.0,0.3347457627118644,236.0,1.4303030303030304,152.0,1.027027027027027,148.0,0.9135802469135802,162.0,0.9878048780487804,164.0,1.8426966292134832,213.0,-0.1425687614154793,0.4314857417214543,107.0,106.0,-0.0360901618121158,-0.163726191583297,2.2976593813503863,-0.3792815109579022,0.4171721594691635,0.345,0.445,0.505,0.615,0.53,0.0
156.0,0.9285714285714286,168.0,0.9710982658959536,173.0,1.054878048780488,164.0,1.0580645161290323,166.0,0.9880952380952381,168.0,1.105263157894737,152.0,1.0555555555555556,144.0,0.9171974522292994,230.0,-0.2123683993165499,0.4328263054936476,114.0,116.0,0.3117185044326311,-0.234188997608585,2.194178655503171,-0.53565332651732,-0.232345274784236,0.465,0.45,0.5,0.64,0.825,0.0
175.0,1.0057471264367817,174.0,1.0357142857142858,168.0,0.9882352941176472,170.0,1.0493827160493827,161.0,0.9817073170731707,164.0,1.0061349693251531,163.0,0.9939024390243902,164.0,0.9479768786127168,226.0,-0.23043859340765,0.268538141999517,114.0,112.0,-0.2752523325940542,-0.5363325306682838,1.7014560080613774,-0.4344912562454548,-0.0293261387255035,0.39,0.485,0.51,0.53,0.695,0.0
175.0,1.0294117647058822,170.0,0.96045197740113,177.0,0.9267015706806284,191.0,1.0552486187845305,189.0,1.0441988950276244,181.0,1.0903614457831323,166.0,0.9822485207100592,169.0,0.9941176470588236,255.0,-0.2788664778128456,0.2690783386018607,123.0,132.0,-0.2636934017935614,-0.5736277952176305,1.675773142331206,-0.4909417827630429,-0.2611040701041122,0.345,0.46,0.485,0.505,0.65,0.0
110.0,0.9734513274336284,113.0,1.076190476190476,105.0,0.963302752293578,109.0,0.956140350877193,112.0,1.018181818181818,110.0,1.0,110.0,0.9734513274336284,113.0,0.982608695652174,154.0,-0.6187233522647874,0.4753203837759799,76.0,78.0,-0.6299514342178245,-0.965705386332662,1.6617699901539504,-1.4411762884639925,-0.0666752119496642,0.335,0.44,0.495,0.54,0.805,0.0
153.0,0.9161676646706588,167.0,0.9653179190751444,173.0,1.0484848484848486,165.0,0.9593023255813954,91.0,0.33455882352941174,272.0,1.6484848484848484,165.0,1.0784313725490196,153.0,0.9444444444444444,186.0,-0.22099036378089,0.431601229111659,123.0,63.0,-0.1942048353873426,-0.2936480675931185,1.9174005002205523,-0.4505475520973742,0.2400989575876115,0.42,0.605,0.665,0.79,0.7,0.0
179.0,0.9470899470899472,189.0,0.9742268041237112,194.0,1.0374331550802138,187.0,1.0625,170.0,1.0,170.0,0.96045197740113,177.0,1.0,177.0,0.9516129032258064,243.0,-0.1521093092135371,0.2425554565439131,125.0,118.0,-0.1329232704087059,-0.413784942153672,1.6374401490748252,-0.4791203981743299,-0.0279438154621352,0.385,0.495,0.52,0.54,0.695,0.0
111.0,0.9823008849557522,113.0,1.0560747663551402,107.0,0.9907407407407408,108.0,0.9908256880733946,107.0,0.9304347826086956,115.0,1.055045871559633,109.0,0.990909090909091,110.0,0.9821428571428572,151.0,-0.1665954956844188,0.479984930484534,77.0,74.0,0.0116292783984939,-0.4542818916228828,2.1276691033042323,-0.9580516662505631,0.3064996576240256,0.34,0.47,0.51,0.56,0.84,0.0
175.0,1.0,175.0,0.9358288770053476,187.0,0.9894179894179894,189.0,1.0617977528089888,170.0,1.0,170.0,1.0240963855421688,166.0,0.988095238095238,168.0,0.9333333333333332,232.0,-0.2257145694277341,0.2591079489960874,114.0,118.0,-0.2142568616657118,-0.5461600668187958,1.5297512386043173,-0.5986686337297906,0.08759193699396,0.34,0.465,0.49,0.515,0.725,0.0
187.0,1.0625,176.0,0.9723756906077348,181.0,1.0402298850574712,174.0,0.9720670391061452,177.0,0.9516129032258065,186.0,1.0333333333333334,180.0,1.0,180.0,1.0909090909090908,246.0,-0.2594162291740596,0.2207002184229653,123.0,123.0,-0.2832613192789089,-0.43107739551382,1.3609411108427538,-0.5304820854410698,-0.2131382153838463,0.355,0.485,0.505,0.525,0.66,0.0
127.0,0.9477611940298508,134.0,0.91156462585034,147.0,1.027972027972028,143.0,0.9794520547945206,149.0,1.568421052631579,95.0,0.3991596638655462,238.0,1.5256410256410255,156.0,0.9176470588235294,205.0,-0.0686999715041024,0.4141698157745145,101.0,104.0,0.0116521388228621,-0.1116087121223546,2.315373711843903,-0.3305378477496358,0.4211692922577792,0.34,0.45,0.5,0.6,0.525,0.0
168.0,1.05,160.0,1.0062893081761006,159.0,1.0258064516129033,155.0,0.96875,161.0,0.9938271604938271,162.0,1.0,162.0,0.9642857142857144,168.0,1.0059880239520955,225.0,-0.2539716432477397,0.1630801357748094,113.0,112.0,-0.1273021858178189,-0.4806954829883936,1.0607805703478097,-0.3812771833997721,-0.180172712940614,0.38,0.48,0.505,0.52,0.83,0.0
153.0,1.0551724137931036,145.0,1.0661764705882353,136.0,1.0303030303030305,132.0,1.015384615384615,134.0,0.9852941176470589,136.0,1.0149253731343284,134.0,1.072,125.0,0.9398496240601504,188.0,-0.1635742680854701,0.2820689180643827,95.0,93.0,-0.0717516014127548,-0.3554437948332578,1.2720712189600942,-0.5790885280755877,0.2479202739341254,0.34,0.46,0.51,0.535,0.745,0.0
169.0,1.0432098765432098,162.0,0.9418604651162792,172.0,0.9885057471264368,174.0,1.0,185.0,1.0164835164835164,182.0,0.994535519125683,183.0,1.0517241379310345,174.0,1.0,250.0,-0.2034590344522235,0.2633842920672226,121.0,129.0,-0.2058238612275211,-0.4731996109188513,1.7577815465617617,-0.3869233938966074,-0.1193022250190981,0.34,0.465,0.485,0.51,0.66,0.0
158.0,1.490566037735849,106.0,0.5,212.0,1.422818791946309,149.0,1.0205479452054795,160.0,1.032258064516129,155.0,1.9135802469135803,81.0,0.8350515463917526,97.0,0.377431906614786,224.0,-0.1891690321952394,0.4045247227607303,112.0,112.0,0.1703949144865347,-0.1836862516112103,2.0843674596969146,-0.4508805901897727,0.3454037957867978,0.465,0.455,0.505,0.62,0.535,0.0
146.0,0.948051948051948,154.0,1.0,154.0,0.9685534591194968,159.0,0.9695121951219512,173.0,1.0421686746987953,166.0,0.9651162790697676,172.0,1.8494623655913975,93.0,0.3924050632911392,238.0,-0.2131795077642535,0.3960689207960021,117.0,121.0,-0.1906217531022176,-0.219512952969482,2.0748132774590275,-0.4093903579724622,0.3279760694281952,0.325,0.45,0.495,0.585,0.52,0.0
108.0,0.9391304347826088,115.0,0.5275229357798165,218.0,0.986425339366516,221.0,0.9778761061946902,113.0,1.036697247706422,109.0,1.1473684210526316,95.0,0.753968253968254,126.0,0.5727272727272728,158.0,-0.3711688127367065,0.503548479750845,79.0,79.0,-0.274323009702436,-0.5491743291004134,1.9449531617872071,-1.2966606829460467,0.2842441392727053,0.305,0.465,0.505,0.545,0.84,0.0
160.0,1.0457516339869282,153.0,0.9622641509433962,159.0,0.940828402366864,169.0,1.0180722891566265,158.0,0.9875,160.0,0.975609756097561,164.0,1.0580645161290323,155.0,1.0472972972972974,222.0,-0.3207176707342076,0.1648328821201778,112.0,110.0,-0.1745975780439963,-0.5360293851802086,1.0002882510585147,-0.4319449662805073,-0.2860421443794171,0.365,0.48,0.505,0.525,0.81,0.0
140.0,0.9655172413793104,145.0,0.9666666666666668,150.0,0.9202453987730062,163.0,1.0061728395061729,158.0,0.9404761904761905,168.0,0.9767441860465116,172.0,1.017751479289941,169.0,1.0696202531645569,217.0,-0.1998526479423891,0.4101512973542642,107.0,110.0,0.2788161772108061,-0.2215051359016904,2.1336885975959428,-0.4046778399085028,0.3967990917865845,0.465,0.445,0.495,0.585,0.525,0.0
183.0,0.9891891891891892,185.0,1.0451977401129944,177.0,1.0290697674418603,172.0,1.0238095238095235,170.0,1.0119047619047619,168.0,0.9655172413793104,174.0,1.0235294117647058,170.0,0.9714285714285714,240.0,-0.2622359260088761,0.2430789377318856,122.0,118.0,-0.2921190095658931,-0.4905602108930238,1.6181386981895307,-0.5751348580990768,-0.1184092671490077,0.405,0.49,0.51,0.53,0.69,0.0
146.0,0.9605263157894736,152.0,1.027027027027027,148.0,1.6629213483146068,89.0,0.4472361809045226,145.0,0.9797297297297297,148.0,1.0,148.0,1.0571428571428572,140.0,1.037037037037037,203.0,-0.1692790802996296,0.2559977586127113,102.0,101.0,0.0263412276565855,-0.2558324785475755,1.2520943412089345,-0.4620602706841837,-0.2134442963980187,0.34,0.465,0.5,0.585,0.86,0.0
179.0,0.9675675675675676,185.0,1.0571428571428572,175.0,1.0606060606060606,165.0,0.9649122807017544,164.0,0.9820359281437125,167.0,0.9823529411764704,170.0,0.9497206703910616,179.0,1.0170454545454546,231.0,-0.1989154858222891,0.2687724345978385,117.0,114.0,-0.2027896101048378,-0.5144511112959228,1.8130765571194385,-0.3592180497007386,-0.1935949675768111,0.355,0.485,0.51,0.535,0.68,0.0
158.0,0.9634146341463414,164.0,0.9879518072289156,166.0,1.0246913580246917,162.0,0.9818181818181818,163.0,1.01875,160.0,1.019108280254777,157.0,1.0,157.0,0.9751552795031057,230.0,-0.3036142054313934,0.1632256068822636,116.0,114.0,-0.1865937261953275,-0.5291881751203092,1.0294532692097114,-0.4035782681357054,-0.2761323196763312,0.375,0.48,0.505,0.525,0.86,0.0
149.0,0.9490445859872612,157.0,0.9691358024691358,162.0,0.9700598802395208,167.0,1.04375,166.0,1.006060606060606,165.0,1.875,88.0,1.0731707317073171,82.0,0.3241106719367589,277.0,0.0487308941637372,0.4964107449010675,161.0,116.0,-0.0227891830306266,-0.0559392873242204,2.039006694499097,-0.3460650355577138,0.527755082030573,0.435,0.525,0.585,0.67,0.61,0.0
108.0,0.9557522123893806,113.0,1.0462962962962965,108.0,0.9391304347826088,115.0,1.0648148148148149,118.0,1.063063063063063,111.0,1.018348623853211,109.0,0.981981981981982,111.0,0.9736842105263158,159.0,-0.0110629849492922,0.4654999967715222,77.0,82.0,0.1184543266522976,-0.2608508949120988,2.1949230143169114,-0.8581329625387971,0.4027424402793881,0.33,0.445,0.49,0.535,0.79,0.0
165.0,1.0855263157894737,152.0,0.987012987012987,154.0,1.0,154.0,0.9390243902439024,154.0,0.9625,160.0,0.9696969696969696,165.0,0.9763313609467456,169.0,1.005952380952381,216.0,-0.34585146994118,0.1559830735550735,109.0,107.0,-0.2241022553247563,-0.5599572023599133,0.9083148638339512,-0.4219085190175914,-0.3216097405648699,0.38,0.485,0.51,0.53,0.825,0.0
171.0,1.0178571428571428,168.0,0.9940828402366864,169.0,1.0368098159509205,163.0,1.01875,175.0,1.0294117647058822,170.0,0.96045197740113,177.0,0.9567567567567568,185.0,1.0054347826086956,252.0,-0.1714145902581794,0.2498123833187124,130.0,122.0,-0.1945753381221434,-0.3706929466343293,1.674078107009564,-0.4978026659177251,-0.0573289152346479,0.36,0.495,0.515,0.54,0.7,0.0
158.0,0.9693251533742332,163.0,0.9939024390243902,164.0,0.9761904761904762,168.0,1.030674846625767,171.0,1.0239520958083832,167.0,1.0121212121212122,165.0,1.064516129032258,155.0,0.9748427672955976,235.0,-0.3617335688120928,0.155722834921913,116.0,119.0,-0.295212842098756,-0.5814608994449737,0.9024522464419252,-0.4800109349858357,-0.2890264743971525,0.37,0.47,0.495,0.515,0.865,0.0
112.0,0.9824561403508772,114.0,1.0363636363636364,110.0,0.9734513274336284,113.0,1.076190476190476,115.0,1.055045871559633,109.0,0.9732142857142856,112.0,1.018181818181818,110.0,1.0,159.0,-0.6221561070110309,0.4848715051885034,79.0,80.0,-0.6511525093915151,-0.9469006660200322,1.6426779523257276,-1.583889124125579,-0.1785139365895519,0.31,0.46,0.5,0.54,0.83,0.0
138.0,1.0298507462686568,134.0,0.978102189781022,137.0,0.9716312056737588,141.0,1.0601503759398496,147.0,1.0425531914893618,141.0,1.014388489208633,139.0,1.0072463768115942,138.0,1.0298507462686568,197.0,-0.0339512302956161,0.2465364971123684,95.0,102.0,0.1239093896152501,-0.1704904936105331,1.6266791379976335,-0.1828320101019066,0.2045725036945152,0.335,0.445,0.485,0.51,0.69,0.0
157.0,1.0536912751677852,149.0,1.6195652173913044,92.0,0.46,200.0,1.30718954248366,143.0,0.9794520547945206,146.0,1.0138888888888888,144.0,0.9411764705882352,153.0,1.0,236.0,-0.3162564301561801,0.3464751061197676,136.0,100.0,0.0970839389868696,-0.3492259250342081,1.754781853639093,-0.5345520932057526,-0.2053565696730728,0.55,0.525,0.58,0.67,0.625,0.0
189.0,1.0106951871657754,187.0,1.0625,176.0,0.9832402234636872,179.0,0.9781420765027322,171.0,1.0118343195266273,169.0,0.949438202247191,178.0,1.0,178.0,1.0289017341040465,239.0,-0.0883405096067043,0.2097535343636844,120.0,119.0,-0.087786822852169,-0.2406819779769494,1.5284432840976767,-0.532915100897145,-0.0423629518749112,0.36,0.485,0.505,0.525,0.68,0.0
112.0,1.018181818181818,110.0,0.9821428571428572,112.0,1.0275229357798166,109.0,1.0,111.0,1.1326530612244898,98.0,0.7903225806451613,124.0,1.0973451327433628,113.0,0.9912280701754386,150.0,0.1262300837511895,0.495236580586171,73.0,77.0,0.2067147717456252,-0.1858057934524159,2.389911048800341,-0.582493704069601,0.5936015470069969,0.3,0.455,0.495,0.54,0.825,0.0
152.0,0.9681528662420382,157.0,1.0328947368421053,152.0,1.0201342281879195,149.0,1.0205479452054795,153.0,1.0,153.0,1.0551724137931036,145.0,1.0431654676258992,139.0,0.972027972027972,214.0,-0.2415618349803411,0.2597717623122769,107.0,107.0,-0.1236406933660947,-0.3391082511288851,1.2425537419144224,-0.5150455969293731,-0.2309378973508687,0.345,0.465,0.5,0.58,0.815,0.0
175.0,1.023391812865497,171.0,1.0,171.0,0.9715909090909092,176.0,0.9777777777777776,179.0,0.9728260869565217,184.0,0.9735449735449736,189.0,1.05,180.0,1.0650887573964498,246.0,-0.3631449441884129,0.2587356932709716,121.0,125.0,-0.3546553351006974,-0.6661296110473132,1.6061127628470349,-0.5787682654646147,-0.1520967519017264,0.355,0.47,0.495,0.515,0.685,0.0
142.0,0.9594594594594594,148.0,1.0068027210884354,147.0,1.0208333333333333,144.0,0.9863013698630136,144.0,0.9473684210526315,152.0,1.8313253012048192,83.0,0.4068627450980392,204.0,1.457142857142857,198.0,-0.2215192648221543,0.2656711252097555,98.0,100.0,-0.0629862878225878,-0.3036726129352128,1.2512434161696977,-0.5079446582001645,-0.2326989908264358,0.335,0.46,0.495,0.575,0.745,0.0
142.0,0.9659863945578232,147.0,0.98,150.0,1.0135135135135136,148.0,0.961038961038961,146.0,0.948051948051948,154.0,1.0335570469798658,149.0,1.041958041958042,143.0,0.986206896551724,200.0,-0.1551275504623286,0.2691995973775146,98.0,102.0,-0.0136324703484215,-0.2117944067058489,1.358735236533794,-0.3395293829318588,-0.0763221834837571,0.33,0.455,0.49,0.555,0.785,0.0
172.0,0.9828571428571428,175.0,0.9887005649717514,177.0,0.988826815642458,179.0,0.9421052631578948,181.0,0.9576719576719577,189.0,1.0271739130434785,184.0,1.0823529411764703,170.0,1.0240963855421688,248.0,-0.281380377254959,0.2814697388698416,122.0,126.0,-0.3215111528580459,-0.5812518401295517,1.7669322368639837,-0.4945912172992282,-0.168525753206827,0.38,0.47,0.49,0.515,0.675,0.0
139.0,0.9928571428571428,140.0,0.9929078014184396,141.0,0.9591836734693876,147.0,0.9865771812080536,142.0,0.993006993006993,143.0,0.9533333333333334,150.0,0.9803921568627452,153.0,1.047945205479452,193.0,-0.1962949984883314,0.2547946181130793,94.0,99.0,-0.0384265676100145,-0.2621260543378799,1.233631637839128,-0.4614158263033925,-0.183708671948847,0.33,0.45,0.49,0.57,0.745,0.0
156.0,0.9629629629629628,162.0,0.9529411764705882,170.0,1.0303030303030305,165.0,1.0377358490566038,169.0,1.0432098765432098,162.0,1.0253164556962024,158.0,1.025974025974026,154.0,1.0,232.0,-0.3883898779779727,0.1576295666645307,114.0,118.0,-0.3217848635716392,-0.6446225517817483,0.8724786690898437,-0.5354894965479333,-0.3097871409240827,0.37,0.47,0.495,0.515,0.8,0.0
159.0,0.9464285714285714,168.0,0.9882352941176472,170.0,1.0179640718562877,167.0,1.050314465408805,168.0,1.05,160.0,1.032258064516129,155.0,0.981012658227848,158.0,1.0,233.0,-0.2746547245648593,0.2599227992986368,116.0,117.0,-0.2968174387810951,-0.5873452929441857,1.5882744196899912,-0.6005182289963955,-0.2263519345635714,0.335,0.475,0.505,0.525,0.7,0.0
171.0,1.0239520958083832,167.0,0.9488636363636364,176.0,0.9943502824858758,177.0,0.988826815642458,173.0,0.9558011049723757,181.0,1.046242774566474,173.0,1.0613496932515338,163.0,0.9588235294117649,233.0,-0.2515790889687623,0.2615625577780477,112.0,121.0,-0.250649822743467,-0.5107704000973637,1.6936772434642302,-0.604323751272622,0.0801803961660237,0.335,0.46,0.485,0.505,0.715,0.0
222.0,1.0277777777777777,216.0,0.9953917050691244,217.0,1.9727272727272729,110.0,0.9734513274336284,112.0,1.0666666666666667,105.0,0.4772727272727273,220.0,1.0,220.0,1.0232558139534884,242.0,-0.197094807169624,0.5501638896839689,164.0,78.0,-0.4192255813155122,-0.4357272210277063,2.4202691526820868,-0.6859182567490066,-0.3035395737594763,0.175,0.2,0.225,0.26,0.38,0.0
114.0,1.0458715596330277,109.0,0.9478260869565216,115.0,1.036036036036036,111.0,1.018348623853211,112.0,1.0467289719626167,107.0,0.963963963963964,111.0,1.0,111.0,0.9910714285714286,156.0,-0.0618895482059147,0.5130548723533032,78.0,78.0,0.0485337886404894,-0.2266857713496664,2.305374719343449,-0.904154830092536,0.4459464514936246,0.31,0.465,0.505,0.545,0.78,0.0
150.0,1.1904761904761905,126.0,0.6810810810810811,185.0,1.0755813953488371,172.0,1.029940119760479,82.0,0.3416666666666667,240.0,1.437125748502994,167.0,1.0986842105263157,152.0,1.062937062937063,165.0,-0.1809898054425501,0.4216508847944226,108.0,57.0,-0.1157706667929819,-0.2331480407289631,1.8394222018397564,-0.4412325935528022,0.2669350172246868,0.425,0.585,0.665,0.81,0.705,0.0
142.0,1.0070921985815602,141.0,0.986013986013986,143.0,0.9727891156462584,147.0,0.9545454545454546,145.0,0.9797297297297297,148.0,1.0,148.0,1.0136986301369864,146.0,0.9864864864864864,198.0,-0.3384026279246241,0.2824270141070429,97.0,101.0,-0.2083881851552894,-0.4159864064960311,1.2329306607084036,-0.6320636952078434,-0.3268223252919432,0.325,0.455,0.495,0.57,0.745,0.0
132.0,1.2222222222222223,108.0,0.9908256880733946,109.0,1.0,109.0,0.9732142857142856,108.0,0.9642857142857143,112.0,1.0566037735849056,106.0,0.4711111111111111,225.0,2.2058823529411766,150.0,-0.1324038929726155,0.4816165096684425,75.0,75.0,-0.037129795861742,-0.4395217565507514,2.0927712219194463,-1.0194692180359337,0.3204155021928141,0.325,0.465,0.505,0.55,0.81,0.0
133.0,0.9851851851851852,135.0,0.9642857142857144,140.0,0.9929078014184396,141.0,1.036764705882353,140.0,0.9655172413793104,145.0,0.9797297297297296,148.0,1.0136986301369864,146.0,1.0735294117647058,198.0,-0.1656435304508154,0.2747407670863838,100.0,98.0,-0.0343385480142515,-0.3437457197454988,1.1798494483576545,-0.5854510587083567,0.2409012484498101,0.365,0.47,0.51,0.535,0.745,0.0
156.0,1.0,156.0,0.9936305732484076,157.0,0.98125,160.0,1.0,108.0,0.5684210526315789,190.0,1.1176470588235294,170.0,1.0240963855421688,166.0,1.0,186.0,-0.2475402338948693,0.1850501033129583,111.0,75.0,-0.1385517343741869,-0.5284701763287819,1.1343166191110907,-0.3678666128339051,-0.1369953246878152,0.41,0.57,0.6,0.62,0.94,0.0
180.0,1.0112359550561798,178.0,0.956989247311828,186.0,1.0449438202247192,178.0,1.072289156626506,175.0,1.0294117647058822,170.0,0.9883720930232558,172.0,0.9502762430939228,181.0,0.9836956521739132,252.0,-0.2618673380745916,0.2311001735241366,130.0,122.0,-0.2815237321274118,-0.4568883404339218,1.4717639594937,-0.6756272807113715,-0.2178852233229981,0.41,0.495,0.515,0.535,0.68,0.0
145.0,0.9797297297297296,148.0,1.0136986301369864,146.0,0.9668874172185432,151.0,1.0633802816901408,138.0,0.971830985915493,142.0,1.0142857142857142,140.0,1.0144927536231885,138.0,1.022222222222222,188.0,-0.6519105476021558,0.2490374999178343,92.0,96.0,-0.6239674178886625,-0.9260981344157916,0.9930490253222414,-0.819581116283449,-0.5394874999026757,0.325,0.44,0.495,0.52,0.735,0.0
149.0,0.9675324675324676,154.0,0.9565217391304348,161.0,1.018987341772152,158.0,1.490566037735849,149.0,0.9141104294478528,163.0,1.0124223602484472,161.0,1.00625,160.0,1.032258064516129,206.0,-0.1356938070264149,0.3980217939731663,102.0,104.0,-0.0341289394456122,-0.1606691549720127,2.096053816623075,-0.4287179666871895,0.3216011966503847,0.32,0.425,0.495,0.635,0.525,0.0
165.0,1.0248447204968945,161.0,1.0254777070063694,157.0,0.9289940828402368,169.0,0.9941176470588236,173.0,0.9719101123595506,178.0,0.9726775956284152,183.0,1.0397727272727273,176.0,1.0666666666666669,239.0,-0.3676289992860302,0.2518038422802524,118.0,121.0,-0.3880314075118132,-0.6882571518642956,1.5871753859028774,-0.5763732287020581,-0.1311183442405735,0.33,0.47,0.495,0.515,0.69,0.0
150.0,1.0344827586206895,145.0,0.9863945578231292,147.0,1.013793103448276,145.0,1.0211267605633805,149.0,1.0492957746478873,142.0,1.0215827338129495,139.0,0.9928571428571428,140.0,1.0,211.0,-0.18296677802886,0.2517727627270415,107.0,104.0,-0.0541949363584326,-0.2570580551596794,1.272028944133974,-0.413644064244539,-0.1452220158394702,0.345,0.475,0.51,0.575,0.81,0.0
186.0,1.0,186.0,1.0391061452513966,179.0,1.0112994350282485,177.0,0.9365079365079364,168.0,0.9130434782608695,184.0,1.0279329608938548,179.0,1.022857142857143,175.0,1.0115606936416186,235.0,-0.2173692619933312,0.2821270618598345,118.0,117.0,-0.2599750880480018,-0.4906708575608778,1.8578559400200465,-0.3916680131309454,0.0737256876249603,0.34,0.485,0.505,0.53,0.7,0.0
108.0,0.9642857142857144,112.0,1.037037037037037,108.0,0.9473684210526316,114.0,1.0,113.0,1.0761904761904761,105.0,0.9210526315789472,114.0,0.991304347826087,115.0,1.0454545454545454,156.0,-0.344226795605685,0.4668333515027722,77.0,79.0,-0.456255645318796,-0.6700646148713614,1.8555567817809984,-1.2909417314817,0.0933438026517763,0.3,0.455,0.495,0.54,0.805,0.0
161.0,1.0454545454545454,154.0,0.9871794871794872,156.0,0.9629629629629628,162.0,0.9529411764705882,156.0,0.9570552147239264,163.0,0.9644970414201184,169.0,1.0432098765432098,162.0,1.0253164556962024,218.0,-0.3024807672117695,0.2198116544671834,109.0,109.0,-0.2124479897593562,-0.5247508551540981,1.230949568619067,-0.422796219801241,-0.3038548955888883,0.38,0.475,0.505,0.53,0.845,0.0
184.0,1.0635838150289016,173.0,0.9885714285714284,175.0,0.9722222222222222,180.0,1.0,177.0,0.9725274725274725,182.0,0.978494623655914,186.0,0.9946524064171124,187.0,1.0685714285714285,242.0,-0.2147971663928516,0.2353435055971928,119.0,123.0,-0.266506654456462,-0.4460190079369063,1.461508001708398,-0.5213186550066095,-0.1058906580165298,0.39,0.47,0.49,0.515,0.675,0.0
140.0,0.9929078014184396,141.0,0.9591836734693876,147.0,0.9865771812080536,149.0,1.0347222222222223,143.0,0.9533333333333334,150.0,0.9803921568627452,153.0,1.047945205479452,146.0,1.042857142857143,199.0,-0.1812863192206621,0.2624766821408056,99.0,100.0,-0.0454234992876529,-0.2626590530794883,1.2313350137928247,-0.4629054156833904,-0.178008191540253,0.33,0.46,0.5,0.58,0.82,0.0
168.0,0.9767441860465116,172.0,1.0,172.0,1.0552147239263805,163.0,1.0124223602484472,183.0,1.1090909090909091,165.0,0.9375,176.0,1.0057142857142858,175.0,0.9943181818181818,253.0,-0.2134009859741337,0.2737462244347218,125.0,128.0,-0.2234604257806094,-0.532997437319283,1.8237909923687248,-0.4026738412640249,-0.075925430868506,0.37,0.47,0.495,0.52,0.685,0.0
149.0,0.9612903225806452,155.0,0.9872611464968152,157.0,1.0,157.0,0.9181286549707602,165.0,0.9705882352941176,170.0,0.9826589595375722,173.0,2.011627906976744,86.0,0.3553719008264462,231.0,-0.1463702849670906,0.3697837067391533,116.0,115.0,-0.059420294201219,-0.1535493215945795,1.8962553380593672,-0.3638939374409032,0.3531169297335882,0.35,0.46,0.51,0.605,0.535,0.0
169.0,1.0242424242424242,165.0,1.012269938650307,163.0,1.0316455696202531,158.0,1.0,161.0,1.0125786163522013,159.0,1.0127388535031847,157.0,0.98125,160.0,0.9696969696969696,231.0,-0.2385938624775183,0.1549093654484513,119.0,112.0,-0.1503058063176753,-0.4971259851062677,1.0135312771955844,-0.3755090598471165,-0.2061961879675402,0.39,0.49,0.515,0.535,0.825,0.0
164.0,0.95906432748538,171.0,1.062111801242236,161.0,1.0254777070063694,157.0,0.9631901840490796,170.0,1.0365853658536586,164.0,1.1468531468531469,143.0,0.9662162162162162,148.0,1.0,229.0,-0.2262797639899014,0.1572192459498902,111.0,118.0,-0.1128703952714934,-0.445017621357557,1.0585829519616683,-0.3057364447260048,-0.1629440388804011,0.36,0.465,0.485,0.505,0.82,0.0
150.0,1.0,150.0,1.0,150.0,1.0416666666666667,144.0,1.0140845070422535,157.0,1.0397350993377483,151.0,0.961783439490446,157.0,0.9751552795031057,161.0,0.9817073170731708,221.0,-0.3808818093674149,0.1556441268730878,112.0,109.0,-0.2290595740211412,-0.572913503370222,0.8302359461196486,-0.5084730516678128,-0.3498241206030149,0.385,0.49,0.51,0.535,0.83,0.0
180.0,0.972972972972973,185.0,1.0511363636363635,176.0,1.0602409638554218,166.0,0.9485714285714286,163.0,0.9878787878787879,165.0,0.9880239520958084,167.0,1.0182926829268293,164.0,0.9534883720930232,235.0,-0.2651980689880595,0.2754261744418617,121.0,114.0,-0.2962634333302948,-0.6153572843850555,1.8119806219475036,-0.4381204970328126,-0.210775704985233,0.4,0.49,0.515,0.54,0.695,0.0
184.0,1.010989010989011,182.0,1.0167597765363128,179.0,1.0346820809248556,173.0,0.9829545454545454,167.0,1.0245398773006136,163.0,0.9157303370786516,178.0,1.0,178.0,1.0113636363636365,236.0,-0.2136717611369204,0.2461716495708909,120.0,116.0,-0.2815711688564349,-0.4359749133474256,1.4444294630745995,-0.5987628615666195,-0.1428911847553735,0.35,0.49,0.515,0.535,0.88,0.0
159.0,0.9814814814814816,162.0,1.0318471337579618,157.0,1.0,157.0,0.9751552795031057,161.0,1.0125786163522013,159.0,0.9636363636363636,165.0,0.9821428571428572,168.0,0.9940828402366864,221.0,-0.320890248032231,0.1599709188809566,109.0,112.0,-0.2182657532504497,-0.5274333714173411,0.9950782417854568,-0.3958797766068291,-0.2543202075604535,0.33,0.47,0.495,0.515,0.855,0.0
161.0,1.0254777070063694,157.0,1.0194805194805194,154.0,0.9746835443037974,158.0,1.0128205128205128,184.0,1.0165745856353592,181.0,1.011173184357542,179.0,0.917948717948718,195.0,1.031746031746032,257.0,-0.2448322852802452,0.2623512394047287,129.0,128.0,-0.2853225266319269,-0.4482688105380334,1.842564704661764,-0.3739487128424393,-0.1043795906014728,0.405,0.485,0.505,0.525,0.665,0.0
143.0,0.9930555555555556,144.0,0.9863013698630136,146.0,1.0,146.0,1.0,149.0,1.0,149.0,1.041958041958042,143.0,1.0070422535211268,142.0,1.0289855072463767,206.0,-0.2227016359823324,0.2813955758762969,102.0,104.0,-0.1052550445624348,-0.3116732464909411,1.2770670438911935,-0.5156328040059757,-0.2244609033130562,0.33,0.46,0.5,0.58,0.82,0.0
106.0,0.9814814814814816,108.0,0.9473684210526316,114.0,0.9743589743589745,117.0,1.0833333333333333,110.0,0.990990990990991,111.0,0.9910714285714286,112.0,1.3333333333333333,84.0,0.6461538461538462,151.0,-0.0098938450029041,0.4432853500127853,74.0,77.0,0.0019509724512502,-0.3406558473522626,1.9095638087248048,-0.7929344504499547,0.4544803088763116,0.305,0.455,0.495,0.535,0.795,0.0
164.0,0.9761904761904762,168.0,0.9767441860465116,172.0,1.0,172.0,1.0552147239263805,180.0,0.9836065573770492,183.0,1.1090909090909091,165.0,0.9375,176.0,1.0057142857142858,252.0,-0.1919090287266285,0.2604690448463515,127.0,125.0,-0.2115957093276549,-0.5232870600527065,1.812462480357424,-0.4165690007842835,0.026435737843961,0.38,0.48,0.505,0.525,0.695,0.0
163.0,1.0516129032258064,155.0,1.054421768707483,147.0,1.0068493150684932,146.0,0.906832298136646,144.0,1.0359712230215827,139.0,1.7820512820512822,78.0,0.3696682464454976,211.0,1.3270440251572326,200.0,-0.1320853383031734,0.2548218725937823,100.0,100.0,-0.0711393034275105,-0.1844426090592942,1.334418142897913,0.261393948121729,0.261393948121729,0.365,0.445,0.505,0.53,0.53,0.0
142.0,1.0,142.0,1.0,142.0,0.9659863945578232,147.0,0.9483870967741936,147.0,0.98,150.0,1.0135135135135136,148.0,1.0068027210884354,147.0,0.98,198.0,-0.2752316077160894,0.2567457253750165,96.0,102.0,-0.158151148878425,-0.3385691810207411,1.1621322970766257,-0.5463019539683852,-0.2461193731700804,0.33,0.455,0.49,0.56,0.81,0.0
159.0,0.9754601226993864,163.0,0.9819277108433736,166.0,0.9171270718232044,181.0,1.0,183.0,0.9945652173913043,184.0,1.005464480874317,183.0,1.0223463687150838,179.0,1.1049382716049383,253.0,-0.2933536934257991,0.2309451367783143,125.0,128.0,-0.3110701295520431,-0.5264044650787414,1.393831300482001,-0.6393318531520111,-0.2959247915789904,0.33,0.47,0.495,0.515,0.655,0.0
163.0,0.987878787878788,165.0,0.9880239520958084,167.0,1.0182926829268293,164.0,0.9534883720930232,171.0,1.0,171.0,0.9827586206896552,174.0,0.9942857142857144,175.0,1.0355029585798816,237.0,-0.3084701319607896,0.2622460129248855,118.0,119.0,-0.3152408200353083,-0.6252711065230464,1.6882085777345923,-0.4978657626519958,-0.0694715094700706,0.345,0.475,0.5,0.525,0.7,0.0
182.0,0.978494623655914,186.0,1.1411042944785277,163.0,1.0124223602484472,161.0,0.9526627218934912,79.0,0.3347457627118644,236.0,1.4303030303030304,165.0,0.9821428571428572,168.0,0.9882352941176472,169.0,-0.2082298585622887,0.4480902849520896,114.0,55.0,-0.1383279071236207,-0.2160139689088856,1.9849545969171871,-0.4374078141231721,0.3665435495973848,0.475,0.62,0.68,0.81,0.71,0.0
167.0,0.9766081871345028,171.0,1.0178571428571428,168.0,0.9940828402366864,169.0,1.0368098159509205,186.0,1.062857142857143,175.0,1.0294117647058822,170.0,0.96045197740113,177.0,0.9567567567567568,260.0,-0.1829083409603561,0.2540521513825926,130.0,130.0,-0.2300942201141207,-0.4824249592822175,1.681520437654099,-0.6218673110398447,-0.0671130736000771,0.4,0.48,0.5,0.52,0.675,0.0
152.0,1.0201342281879195,149.0,1.0347222222222223,144.0,1.0359712230215827,139.0,0.9586206896551724,146.0,1.020979020979021,143.0,1.0287769784172662,139.0,1.0220588235294117,136.0,0.9444444444444444,205.0,-0.2586820030858421,0.2447135937125006,103.0,102.0,-0.0883209827922374,-0.2989543189360582,1.1232067018216316,-0.487710639341969,-0.2004712144704607,0.35,0.47,0.5,0.57,0.765,0.0
138.0,0.9583333333333334,144.0,0.979591836734694,147.0,1.0068493150684932,146.0,0.9864864864864864,146.0,1.006896551724138,145.0,1.0,145.0,1.013986013986014,143.0,1.0,202.0,-0.1549793761544511,0.2322835974033925,100.0,102.0,-0.0474880219250383,-0.2171130495946566,1.2689294126895094,-0.3918189436284333,-0.1121680938484131,0.34,0.46,0.5,0.56,0.755,0.0
169.0,1.0180722891566265,166.0,0.994011976047904,167.0,0.9653179190751444,173.0,0.9829545454545454,171.0,0.9941860465116279,172.0,1.011764705882353,170.0,1.0365853658536586,164.0,1.0186335403726707,235.0,-0.2125395411534846,0.2693088900492695,116.0,119.0,-0.199349452594577,-0.5534817411408632,1.7923337149120249,-0.4710588182848234,0.0634736442694598,0.36,0.47,0.495,0.515,0.71,0.0
159.0,0.9814814814814816,162.0,1.0945945945945943,148.0,1.0802919708029195,137.0,0.9448275862068966,154.0,1.0620689655172413,145.0,0.9666666666666668,150.0,0.9615384615384616,156.0,0.9285714285714286,225.0,-0.1727441510992769,0.4569547814952376,118.0,107.0,0.3535871801211045,-0.1829793008701144,2.3866570684743307,-0.4596037907246112,0.4052011878778041,0.495,0.48,0.525,0.63,0.555,0.0
166.0,0.994011976047904,167.0,1.0182926829268293,164.0,0.9534883720930232,172.0,0.9347826086956522,179.0,0.9572192513368984,187.0,1.0274725274725274,182.0,1.0769230769230769,169.0,1.005952380952381,249.0,-0.2469464381168402,0.2792437953113446,124.0,125.0,-0.2228212756419372,-0.5673573906594205,1.7731447811793384,-0.4688166794265284,-0.1025628115653636,0.345,0.475,0.5,0.525,0.69,0.0
133.0,0.95,140.0,1.4285714285714286,98.0,0.5,196.0,1.2564102564102564,136.0,0.9251700680272109,147.0,0.9865771812080536,149.0,0.9551282051282052,156.0,1.4444444444444444,223.0,-0.2483595615045337,0.3862542848858393,128.0,95.0,0.1639570404373159,-0.3138981332442608,2.086805842797768,-0.4797183895310134,0.0126194779764841,0.545,0.515,0.58,0.68,0.605,0.0
151.0,1.0633802816901408,142.0,1.083969465648855,131.0,1.0155038759689925,129.0,0.9923076923076924,138.0,1.0222222222222221,135.0,1.0546875,128.0,1.0158730158730158,126.0,1.0161290322580645,194.0,-0.2755897404526408,0.2340327981555344,98.0,96.0,-0.0362828438341612,-0.4616092595677045,1.3670365755242233,-0.3674459467888129,-0.1633623425897661,0.345,0.445,0.505,0.535,0.775,0.0
143.0,1.0287769784172662,139.0,0.9858156028368794,141.0,0.986013986013986,143.0,1.6436781609195403,137.0,0.9856115107913669,139.0,1.0072463768115942,138.0,0.9452054794520548,146.0,0.9864864864864864,195.0,-0.2345571294619463,0.2619270619267226,100.0,95.0,-0.0890449676458509,-0.3232728504852463,1.2439372259581989,-0.4931103624104864,-0.1249171500170281,0.345,0.48,0.515,0.595,0.795,0.0
92.0,0.7244094488188977,127.0,1.1759259259259258,108.0,0.9818181818181818,110.0,0.9649122807017544,218.0,1.0,218.0,0.981981981981982,222.0,1.0277777777777777,216.0,0.9953917050691244,303.0,-0.4972444779245924,0.6720856909018809,151.0,152.0,1.8031647918662363,-0.7556095130985948,2.347143626573371,-0.8137693876304541,-0.6580431499579775,0.5,0.83,0.86,0.885,0.985,0.0
123.0,0.9534883720930232,129.0,1.0238095238095235,126.0,0.9921259842519684,127.0,0.9844961240310076,134.0,1.0634920634920635,126.0,0.9545454545454546,132.0,0.9777777777777776,135.0,1.0150375939849623,184.0,0.050697834325785,0.2918887629312443,91.0,93.0,0.1475054813744866,-0.1453029592973335,1.5493652837624077,-0.514009023715308,0.4239886054323444,0.34,0.46,0.5,0.55,0.72,0.0
112.0,0.4912280701754385,228.0,2.303030303030303,99.0,0.825,120.0,1.0526315789473684,111.0,1.0,111.0,1.009090909090909,110.0,1.0091743119266054,109.0,0.4823008849557522,153.0,-0.5316964536132136,0.5459570879523136,76.0,77.0,-0.6313903577225397,-0.9119506608782322,2.009994410052259,-1.312100290255485,0.1218422294566583,0.31,0.46,0.5,0.545,0.79,0.0
148.0,0.9308176100628932,159.0,0.99375,160.0,1.0126582278481011,158.0,1.0193548387096774,160.0,1.0810810810810811,148.0,1.0571428571428572,140.0,0.9929078014184396,141.0,0.9929577464788732,223.0,-0.1487396512552978,0.2922209305502073,111.0,112.0,-0.0060135611782943,-0.3130734458399973,1.668839444671408,-0.3686349591771795,0.1189775959978407,0.385,0.47,0.5,0.525,0.765,0.0
181.0,0.9945054945054944,182.0,0.9430051813471504,193.0,1.048913043478261,184.0,1.0279329608938548,176.0,1.0414201183431953,169.0,0.9548022598870056,177.0,0.9315789473684212,190.0,1.0106382978723405,248.0,-0.1791106375405755,0.2564088883881144,125.0,123.0,-0.2116147670681152,-0.400506136916573,1.7254662098844182,-0.3941388702722692,0.0773066959091094,0.39,0.485,0.505,0.53,0.705,0.0
140.0,1.044776119402985,134.0,0.950354609929078,141.0,0.94,150.0,0.9615384615384616,131.0,1.031496062992126,127.0,0.9071428571428573,140.0,0.8805031446540881,159.0,1.0324675324675323,187.0,-0.3282752777974564,0.2366838763494237,96.0,91.0,-0.1594263672373597,-0.5018482300614096,1.2521847174553966,-0.4980649031775244,-0.2154501681015263,0.36,0.46,0.515,0.545,0.745,0.0
108.0,0.9642857142857144,112.0,1.0,112.0,1.0,112.0,1.018181818181818,109.0,0.9396551724137931,116.0,1.0357142857142858,112.0,1.0275229357798166,109.0,1.0,153.0,-0.1614125023234361,0.5162378313308682,77.0,76.0,-0.0893656305429798,-0.4745932965195797,2.3768238007753366,-0.8218517357154964,0.3716102312337558,0.32,0.47,0.51,0.555,0.835,0.0
171.0,1.0118343195266273,169.0,0.949438202247191,178.0,1.0,178.0,1.0289017341040465,184.0,1.010989010989011,182.0,1.0167597765363128,179.0,1.098159509202454,163.0,1.0061728395061729,255.0,-0.6475787236378672,0.2333750604584703,127.0,128.0,-0.6731104129935261,-0.8515385102209783,1.1164503752514665,-0.989485220923212,-0.5102729319894095,0.39,0.475,0.5,0.52,0.675,0.0
227.0,1.3121387283236994,173.0,1.054878048780488,164.0,0.9879518072289156,166.0,1.0849673202614378,161.0,1.087837837837838,148.0,1.034965034965035,143.0,1.0214285714285714,140.0,0.9790209790209792,228.0,-0.2169494263811454,0.2957131134872378,116.0,112.0,0.1779201905086178,-0.2699556847795553,1.5682655482705523,-0.0418396384169967,0.0265237379718731,0.48,0.455,0.515,0.54,0.545,0.0
139.0,0.9788732394366196,142.0,1.0,142.0,0.9793103448275862,145.0,0.9931506849315068,139.0,0.9391891891891891,148.0,0.9801324503311258,151.0,1.0202702702702702,148.0,1.0,193.0,-0.2186413780811663,0.2673607535678741,96.0,97.0,-0.099753541934392,-0.3058485234614557,1.2337596646352609,-0.4815653671767669,-0.2086408044832964,0.33,0.46,0.5,0.57,0.815,0.0
114.0,1.0363636363636364,110.0,0.990990990990991,111.0,1.009090909090909,110.0,0.990990990990991,112.0,1.0,112.0,1.009009009009009,111.0,0.9823008849557522,113.0,1.0660377358490567,154.0,-0.3119839425273398,0.4986435385288453,76.0,78.0,-0.3133221629849121,-0.6127645876615037,2.001104415843083,-1.3479805029799368,0.0796498818714513,0.3,0.455,0.495,0.54,0.85,0.0
180.0,0.9836065573770492,183.0,1.0457142857142858,175.0,1.0542168674698795,166.0,1.0573248407643312,163.0,1.0124223602484472,161.0,0.9526627218934912,169.0,1.5363636363636364,110.0,0.4150943396226415,244.0,-0.1104005719819996,0.4065674306005637,130.0,114.0,-0.0608598317373708,-0.0729417894009295,2.171039452449858,-0.3106573093399108,0.5191245080489949,0.375,0.5,0.535,0.615,0.56,0.0
173.0,1.054878048780488,164.0,1.0445859872611465,157.0,1.0129032258064516,155.0,0.9872611464968152,161.0,1.0,161.0,0.9640718562874252,167.0,0.9823529411764704,170.0,0.9883720930232558,228.0,-0.1616809887810033,0.2749775218767625,116.0,112.0,-0.162664186246795,-0.4403061125327828,1.7843975447557658,-0.4252414484708502,-0.0626571734802416,0.375,0.49,0.51,0.535,0.7,0.0
110.0,1.0,110.0,0.9734513274336284,113.0,0.982608695652174,115.0,1.036036036036036,113.0,0.9912280701754386,114.0,1.0363636363636364,110.0,1.0185185185185186,108.0,0.9908256880733946,154.0,0.0548795711628048,0.4904370741180375,75.0,79.0,-0.0794535002793652,-0.2882540576306508,2.367582722614252,-0.8108488154164227,0.6633581410787089,0.28,0.44,0.49,0.53,0.82,0.0
161.0,1.00625,160.0,1.032258064516129,155.0,1.9135802469135803,81.0,0.8350515463917526,152.0,1.4205607476635513,107.0,0.4692982456140351,228.0,1.3818181818181818,165.0,0.9375,219.0,-0.232611001249214,0.4104068157291922,113.0,106.0,0.1980890135138663,-0.213963352265582,2.100076791348873,-0.4637347787062362,0.3862598748673025,0.485,0.475,0.52,0.63,0.545,0.0
165.0,1.012269938650307,163.0,1.065359477124183,153.0,1.9870129870129871,77.0,0.3615023474178404,146.0,1.0656934306569343,137.0,1.0300751879699248,133.0,1.3711340206185567,97.0,0.5105263157894737,210.0,-0.3495969402154542,0.3150803916726879,108.0,102.0,-0.0405224424022356,-0.3826412235417702,1.485326623077064,-0.1141792212471395,-0.1141792212471395,0.48,0.455,0.515,0.555,0.555,0.0
146.0,0.9864864864864864,148.0,0.9932885906040269,149.0,1.0205479452054795,146.0,1.028169014084507,149.0,0.9738562091503268,153.0,1.0625,144.0,1.0588235294117647,136.0,0.9927007299270072,204.0,-0.2439639772373882,0.2752086970455774,100.0,104.0,-0.0568232598032939,-0.2781009875177032,1.2590583276580511,-0.4703885369034419,-0.2657918191999247,0.33,0.455,0.49,0.57,0.735,0.0
142.0,0.9793103448275862,145.0,1.0283687943262412,141.0,1.0930232558139534,129.0,0.9626865671641792,135.0,0.9712230215827338,139.0,1.0296296296296297,135.0,1.0384615384615383,130.0,1.015625,189.0,-0.2023182429565604,0.2918197895629253,95.0,94.0,-0.1048911493673732,-0.4226025230418272,1.0402006745224734,-0.6918561897947579,0.0867742172670123,0.34,0.47,0.505,0.53,0.74,0.0
209.0,1.393333333333333,150.0,0.974025974025974,154.0,0.9871794871794872,156.0,0.9873417721518988,152.0,0.9559748427672956,159.0,1.0192307692307692,156.0,1.0263157894736843,152.0,0.9806451612903224,255.0,-0.3579938829503777,0.3294711092482055,149.0,106.0,-0.3565856867962882,-0.4305635702235585,1.687260201205148,-0.1647272261625985,-0.1647272261625985,0.45,0.55,0.585,0.61,0.61,0.0
165.0,1.0,165.0,0.9763313609467456,169.0,0.9548022598870056,177.0,1.0,173.0,0.9942528735632183,174.0,1.029585798816568,169.0,1.0696202531645569,158.0,0.9575757575757576,238.0,-0.2518605624342067,0.2635993175590495,117.0,121.0,-0.255612171838769,-0.5717243324824098,1.7284421338923086,-0.46364825037582,-0.107481145046364,0.345,0.47,0.495,0.52,0.69,0.0
177.0,0.9567567567567568,185.0,1.0054347826086956,184.0,0.983957219251337,187.0,0.9946808510638298,181.0,1.0284090909090908,176.0,1.011494252873563,174.0,1.0481927710843373,166.0,0.9540229885057472,252.0,-0.2609861170963017,0.235986814679821,126.0,126.0,-0.2893674254644393,-0.5220100604802834,1.4760578421624295,-0.6876193758347173,-0.0056637274181568,0.34,0.48,0.5,0.52,0.705,0.0
110.0,0.9482758620689656,116.0,1.0740740740740742,108.0,0.9818181818181818,110.0,0.9821428571428572,232.0,2.188679245283019,106.0,0.8907563025210085,119.0,1.1666666666666667,102.0,0.8429752066115702,317.0,-0.2115990451281834,0.7849904295990081,155.0,162.0,1.7692553968217934,-0.4915643582158521,2.727285954222574,-0.92286432160804,-0.4034631235550338,0.485,0.825,0.855,0.93,0.99,0.0
162.0,1.0062111801242235,161.0,0.9817073170731708,164.0,0.9534883720930232,172.0,0.9885057471264368,179.0,0.9675675675675676,185.0,1.0571428571428572,175.0,1.0606060606060606,165.0,0.9649122807017544,248.0,-0.2464163332732159,0.2760278775185176,123.0,125.0,-0.2636281278035933,-0.5487684695400474,1.8701650443266216,-0.4868980625246205,-0.0926518656012797,0.33,0.475,0.5,0.52,0.675,0.0
136.0,1.0225563909774436,133.0,1.023076923076923,130.0,1.0,130.0,0.9285714285714286,125.0,0.984251968503937,127.0,0.9477611940298508,134.0,0.9925925925925926,135.0,0.9854014598540146,178.0,-0.2147328024367185,0.2787013983736111,91.0,87.0,-0.133378689891341,-0.4213154159127567,0.9696031288865964,-0.6713704486859692,0.1732761611776619,0.34,0.48,0.515,0.54,0.76,0.0
109.0,0.5477386934673367,199.0,1.4316546762589928,139.0,1.053030303030303,132.0,1.015384615384615,145.0,1.0,145.0,1.0,145.0,0.9294871794871796,156.0,0.9936305732484076,264.0,-0.0377778429731998,0.5095246855218553,163.0,101.0,-0.1373199185027675,-0.2316608262087791,2.106828667597891,-0.3954310707704548,-0.1421490189913528,0.47,0.565,0.62,0.705,0.92,0.0
141.0,1.0071428571428571,140.0,1.0,140.0,1.0144927536231885,138.0,0.9387755102040816,137.0,0.9647887323943662,142.0,1.0,142.0,0.9793103448275862,145.0,1.6111111111111112,192.0,-0.2535221663618203,0.2531391120000456,97.0,95.0,-0.0394393964026686,-0.3695737823426241,1.1912960697686108,-0.5319087234400112,-0.2863082749135641,0.36,0.47,0.505,0.575,0.82,0.0
115.0,1.0,115.0,1.036036036036036,111.0,1.0277777777777777,108.0,0.9642857142857144,110.0,0.9821428571428571,112.0,0.991150442477876,113.0,1.0089285714285714,112.0,1.0,152.0,-0.5771608453345598,0.5411224926393067,75.0,77.0,-0.585029326858535,-0.9922909452431548,1.7939393738502492,-1.4770937322545763,0.0695030539407945,0.315,0.45,0.495,0.54,0.835,0.0
172.0,1.017751479289941,169.0,0.9941176470588236,170.0,0.9497206703910616,179.0,0.93717277486911,184.0,0.968421052631579,190.0,1.0326086956521738,184.0,0.9633507853403142,191.0,1.0494505494505495,250.0,-0.2095753944870489,0.209435558213394,122.0,128.0,-0.1983668341708543,-0.4378882710776997,1.4087454895829925,-0.4851169369275686,-0.2194679884406736,0.345,0.465,0.49,0.51,0.645,0.0
154.0,1.0694444444444444,144.0,1.0,144.0,1.0359712230215827,139.0,1.7820512820512822,73.0,0.35960591133004927,203.0,1.380952380952381,147.0,1.7926829268292683,82.0,0.3534482758620689,147.0,-0.152938761878502,0.3372861882378082,96.0,51.0,-0.0957445603141023,-0.2153809697344414,1.5153476554608274,-0.3217869776507577,0.1959013389011842,0.435,0.585,0.66,0.79,0.7,0.0
111.0,1.009090909090909,110.0,1.0,110.0,0.9821428571428572,112.0,0.5283018867924528,108.0,0.972972972972973,111.0,1.15625,96.0,0.7559055118110236,127.0,1.1759259259259258,154.0,-0.3430577793091327,0.5237907959889553,79.0,75.0,-0.2389376426645797,-0.4939376608946764,2.091835557138712,-1.2387905330805464,0.1815492807237481,0.315,0.475,0.515,0.555,0.875,0.0
112.0,0.991150442477876,113.0,1.0272727272727271,110.0,1.0,110.0,1.02803738317757,114.0,1.0363636363636364,110.0,0.990990990990991,111.0,1.0471698113207548,106.0,0.9814814814814816,157.0,0.52392512145857,0.4452079059451661,78.0,79.0,0.7604514257361565,0.2335794703166718,2.32352808847494,-0.3269105240665969,0.9311559041367468,0.335,0.455,0.5,0.545,0.835,0.0
109.0,0.4067164179104477,268.0,1.654320987654321,162.0,1.018867924528302,159.0,0.8983050847457628,152.0,0.9934640522875817,153.0,1.8,85.0,0.33203125,256.0,1.5802469135802468,282.0,-0.2098981585472317,0.3595038509194191,176.0,106.0,-0.1621949857307763,-0.2579515579011381,1.993296575837627,-0.4645868289026568,0.3682878061452137,0.51,0.59,0.63,0.695,0.645,0.0
100.0,0.8130081300813008,123.0,1.0982142857142858,112.0,1.0275229357798166,109.0,1.0092592592592593,106.0,0.4774774774774775,222.0,2.018181818181818,110.0,0.4954954954954955,222.0,1.88135593220339,154.0,-0.2121344444548752,0.4916016310773655,80.0,74.0,-0.1854536592118193,-0.532691622583834,2.07421616940504,-1.189202338691616,0.2349229555230943,0.345,0.475,0.525,0.57,0.88,0.0
171.0,1.0301204819277108,166.0,1.064102564102564,156.0,0.975,160.0,1.0062893081761006,153.0,1.02,150.0,0.925925925925926,162.0,1.0253164556962024,158.0,0.9634146341463414,221.0,-0.3460829608837868,0.1534680983237979,114.0,107.0,-0.2299458191491841,-0.572752839996903,0.9589461847007164,-0.4573736795863813,-0.3197803451043632,0.4,0.495,0.52,0.535,0.865,0.0
162.0,1.0125,160.0,1.0596026490066226,151.0,0.967948717948718,156.0,0.975,154.0,0.9506172839506173,162.0,0.9878048780487804,164.0,1.0379746835443038,158.0,0.9461077844311376,213.0,-0.2784766017663598,0.1839447457129999,106.0,107.0,-0.1211063844294914,-0.5165601523926202,1.0826041270397604,-0.3490255122626928,-0.2797201731785362,0.36,0.47,0.5,0.525,0.84,0.0
141.0,1.014388489208633,139.0,0.9858156028368794,141.0,1.0291970802919708,137.0,0.9856115107913668,137.0,0.9927536231884058,138.0,1.568181818181818,88.0,0.4378109452736318,201.0,1.34,193.0,-0.1843463150474971,0.2718890366105464,98.0,95.0,0.0126603561490979,-0.2283402880241968,1.3320604994588807,-0.4395988192579997,-0.2100957358160549,0.36,0.475,0.51,0.59,0.805,0.0
110.0,1.0,110.0,0.990990990990991,111.0,1.009090909090909,110.0,1.0185185185185186,108.0,0.9908256880733946,109.0,1.0092592592592593,108.0,0.9642857142857144,112.0,1.037037037037037,153.0,-0.3315463487885776,0.4859270806434239,78.0,75.0,-0.2131799191771505,-0.6110024729788952,2.128323957978341,-1.2015068845535923,-0.0241320749397839,0.335,0.47,0.51,0.555,0.86,0.0
97.0,0.7404580152671756,131.0,0.5796460176991151,226.0,1.036697247706422,218.0,1.963963963963964,109.0,0.990909090909091,110.0,0.9821428571428572,112.0,1.0,112.0,0.9824561403508772,152.0,-0.5806264125015275,0.588358278554989,76.0,76.0,-0.6238930565043613,-0.8787589061585674,1.8454093687590944,-1.313827093409314,0.2386980726096884,0.295,0.46,0.5,0.545,0.805,0.0
150.0,1.0344827586206895,145.0,1.013986013986014,143.0,1.0141843971631206,141.0,0.9791666666666666,142.0,1.0142857142857142,140.0,0.9929078014184396,141.0,1.0,141.0,0.94,201.0,-0.2430491334791509,0.3910671914228631,102.0,99.0,-0.2700655494517744,-0.3683280902547153,1.2832917806204387,-1.0182599021005634,0.3881078216748215,0.355,0.475,0.51,0.585,0.905,0.0
162.0,1.0945945945945943,148.0,1.0802919708029195,137.0,0.9448275862068966,145.0,0.9731543624161074,145.0,0.9666666666666667,150.0,0.9615384615384616,156.0,0.9285714285714286,168.0,0.9710982658959536,208.0,-0.2244097751454862,0.4452419632456952,107.0,101.0,0.2615455739193405,-0.2428886139618772,2.457140399305771,-0.4734185129730037,0.2211893685604917,0.49,0.475,0.52,0.635,0.545,0.0
165.0,1.875,88.0,1.0731707317073171,82.0,0.3241106719367589,253.0,1.5617283950617284,148.0,1.5416666666666667,96.0,0.4247787610619469,226.0,1.3216374269005848,171.0,0.9715909090909092,205.0,-0.1627769081804488,0.4635249233921708,102.0,103.0,-0.1073639514424784,-0.219041223895207,2.013019645304884,-0.425677699443109,0.1546358198106142,0.345,0.45,0.5,0.615,0.55,0.0
118.0,1.0085470085470083,117.0,0.9831932773109244,119.0,0.9015151515151516,132.0,0.9635036496350364,130.0,1.0317460317460319,126.0,0.9921259842519684,127.0,0.9548872180451128,133.0,1.023076923076923,182.0,-0.1739987327133579,0.2815707689713247,91.0,91.0,-0.2327210243085215,-0.4388146313785685,1.170174388254066,-0.636229711673306,0.2360816978440926,0.335,0.45,0.505,0.53,0.74,0.0
112.0,1.0467289719626167,107.0,0.981651376146789,109.0,1.0186915887850467,107.0,1.0,106.0,0.9906542056074766,107.0,0.981651376146789,109.0,0.956140350877193,114.0,1.027027027027027,165.0,-1.2309843821556352,0.5620642337158411,91.0,74.0,-1.1577554500305896,-1.6579986573092884,1.657231837106243,-1.979231825792757,-0.8068991286087366,0.49,0.52,0.55,0.595,0.905,0.0
137.0,0.9856115107913668,139.0,0.9328859060402684,149.0,1.0067567567567568,148.0,1.0136986301369864,138.0,0.9583333333333334,144.0,0.979591836734694,147.0,0.9865771812080536,149.0,1.7325581395348837,194.0,-0.2597468180175334,0.2524672593064889,98.0,96.0,-0.0912572782608019,-0.3628141704059013,1.1828972259243455,-0.5335416664086473,-0.2412918832192705,0.355,0.47,0.505,0.58,0.835,0.0
142.0,1.0070921985815602,141.0,1.0291970802919708,137.0,0.9319727891156464,147.0,0.9932432432432432,138.0,0.9857142857142858,140.0,0.9722222222222222,144.0,0.96,150.0,0.9803921568627452,194.0,-0.2572536599515064,0.2656736427315199,98.0,96.0,-0.1075629368766859,-0.3223115625205563,1.2130218819114034,-0.5112365857689272,-0.2761619833647024,0.34,0.47,0.505,0.58,0.75,0.0
151.0,0.9556962025316456,158.0,0.9693251533742332,163.0,1.0,163.0,0.9819277108433736,154.0,0.9808917197452229,157.0,0.9751552795031057,161.0,1.0,161.0,1.0662251655629138,210.0,-0.2699515587440941,0.152752134163574,103.0,107.0,-0.2233111186223245,-0.5212027166746095,0.9522641301738028,-0.3951790750780127,-0.1681974304618472,0.36,0.47,0.495,0.515,0.82,0.0
155.0,0.96875,160.0,1.0,160.0,0.975609756097561,164.0,0.970414201183432,163.0,1.0,163.0,0.987878787878788,165.0,1.0248447204968945,161.0,1.018987341772152,221.0,-0.3415352891966619,0.1431616932874995,107.0,114.0,-0.2402089021365021,-0.5685519791510827,0.8429179116615859,-0.4572703132155856,-0.3008704193865183,0.365,0.465,0.485,0.505,0.815,0.0
161.0,2.090909090909091,77.0,0.3130081300813008,246.0,1.4470588235294115,170.0,1.0429447852760736,159.0,1.5436893203883495,103.0,0.4598214285714285,224.0,1.4451612903225806,155.0,1.631578947368421,253.0,-0.4667834733370039,0.3746075437731058,142.0,111.0,-0.4148019799001425,-0.5088235425293414,1.922377264488532,-0.7071229430575767,-0.351787292355216,0.45,0.525,0.565,0.645,0.605,0.0
111.0,1.0471698113207548,106.0,0.9814814814814816,108.0,0.9473684210526316,114.0,0.9743589743589745,107.0,0.9727272727272728,110.0,0.990990990990991,111.0,0.9910714285714286,112.0,1.3333333333333333,148.0,-0.0473660588332915,0.5022477979360594,74.0,74.0,-0.0131185450723965,-0.4835844741361758,2.142691889485831,-0.8168421975909625,0.5429825788617061,0.315,0.46,0.5,0.55,0.855,0.0
77.0,0.2927756653992395,263.0,1.5290697674418603,172.0,1.011764705882353,170.0,2.098765432098765,176.0,1.1282051282051282,156.0,1.1063829787234043,141.0,1.036764705882353,136.0,0.9315068493150684,236.0,-0.3004764748642381,0.4120419931441064,113.0,123.0,-0.2424701206517731,-0.3050212074437428,1.9431283763319969,-0.5577190659468089,-0.1113130176054295,0.31,0.43,0.48,0.585,0.53,0.0
112.0,0.9824561403508772,114.0,1.0363636363636364,110.0,0.990990990990991,111.0,1.0471698113207548,107.0,0.981651376146789,109.0,1.0186915887850467,107.0,1.0,107.0,0.9727272727272728,152.0,-0.6268217296334122,0.5154731737374391,78.0,74.0,-0.4952846232262234,-0.9602879071315822,1.833979111629514,-1.7544121756131152,-0.2805283610431321,0.34,0.48,0.52,0.56,0.84,0.0
179.0,0.9835164835164836,182.0,0.994535519125683,183.0,0.9891891891891892,185.0,1.0511363636363635,181.0,1.011173184357542,179.0,1.0346820809248556,173.0,1.035928143712575,167.0,0.9709302325581396,250.0,-0.2051806207261214,0.2476976398574689,124.0,126.0,-0.2388261059475272,-0.4672657235259232,1.6053194168111231,-0.5365831944865372,-0.0905297572091996,0.4,0.475,0.5,0.52,0.68,0.0
168.0,0.9130434782608696,184.0,1.0279329608938548,179.0,1.022857142857143,175.0,1.0115606936416186,178.0,1.0229885057471264,174.0,1.0357142857142858,168.0,0.9882352941176472,170.0,1.0059171597633136,252.0,-0.3566799258709081,0.289146368296429,128.0,124.0,-0.3905879742516585,-0.6554665609787006,1.7752797941929883,-0.6157785000324143,-0.3013711713987433,0.39,0.485,0.51,0.53,0.685,0.0
108.0,0.972972972972973,111.0,1.15625,96.0,0.7559055118110236,127.0,1.1759259259259258,217.0,2.0865384615384617,104.0,0.8813559322033898,118.0,1.2826086956521738,92.0,0.6917293233082706,302.0,0.0530197123104214,0.6617097123450861,151.0,151.0,2.2057051871275166,-0.2988102621855939,2.868164536861849,-0.5166832090452794,-0.5166832090452794,0.5,0.835,0.865,0.89,0.89,0.0
166.0,0.9485714285714286,175.0,1.0479041916167664,167.0,1.0060240963855422,166.0,0.9485714285714286,164.0,0.9534883720930233,172.0,0.9772727272727272,176.0,1.0,176.0,1.0797546012269938,230.0,-0.2682173693447465,0.2586932552001663,116.0,114.0,-0.3070838213288014,-0.5501914271710036,1.6841766025145497,-0.5618325335989796,-0.0268467022533521,0.335,0.48,0.505,0.525,0.725,0.0
184.0,1.0823529411764703,170.0,1.0,170.0,1.0179640718562877,167.0,1.050314465408805,172.0,0.9828571428571429,175.0,1.0174418604651163,172.0,0.9347826086956522,184.0,0.9787234042553192,243.0,-0.2685881350166656,0.2769503434050657,123.0,120.0,-0.2904935298850552,-0.5180278107101506,1.7601633663637162,-0.4668876704600092,-0.0781229043158269,0.385,0.485,0.51,0.53,0.68,0.0
160.0,0.9937888198757764,161.0,0.936046511627907,172.0,0.945054945054945,182.0,0.9528795811518324,102.0,0.3709090909090909,275.0,1.5536723163841808,177.0,1.10625,160.0,1.0126582278481011,190.0,-0.2362686307958509,0.4345182130838291,119.0,71.0,-0.2164355902682914,-0.2325375778808991,1.9865719386716885,-0.4896387627801946,0.4117849262605796,0.4,0.585,0.635,0.78,0.665,0.0
144.0,1.0212765957446808,141.0,1.0291970802919708,137.0,0.958041958041958,143.0,1.0214285714285714,141.0,1.014388489208633,139.0,1.0145985401459854,137.0,0.9383561643835616,146.0,0.9605263157894736,198.0,-0.1521781120443987,0.2704572643366621,100.0,98.0,0.0161692401434284,-0.2270722282679974,1.3481805759999523,-0.4578738141578478,-0.1241661618148921,0.345,0.465,0.505,0.58,0.765,0.0
135.0,1.0465116279069768,129.0,1.0238095238095235,126.0,1.008,125.0,0.984251968503937,137.0,1.0073529411764706,136.0,1.0625,128.0,1.0158730158730158,126.0,0.9767441860465116,190.0,-0.2466684614990615,0.3018472145993246,95.0,95.0,-0.2130282186509268,-0.50398066295682,1.156963841656033,-0.6868842830218431,0.1790108559304484,0.335,0.45,0.505,0.53,0.735,0.0
161.0,0.9526627218934912,169.0,1.0,169.0,1.0180722891566265,166.0,1.0440251572327044,168.0,1.030674846625767,163.0,1.038216560509554,157.0,1.026143790849673,153.0,0.95625,232.0,-0.2971633412550731,0.1589351178474551,115.0,117.0,-0.1958196723124453,-0.4710850619720307,0.9315362016020944,-0.497546780706008,-0.3,0.325,0.475,0.495,0.52,0.84,0.0
145.0,0.9931506849315068,146.0,1.042857142857143,140.0,0.9929078014184396,141.0,0.9791666666666666,142.0,0.9793103448275862,145.0,0.9797297297297296,148.0,0.9866666666666668,150.0,1.0,198.0,-0.296630849581538,0.2643850661575242,99.0,99.0,-0.1414222240634154,-0.3730663088749876,1.1625160106462988,-0.5661425048121271,-0.3306283838810017,0.345,0.47,0.505,0.575,0.745,0.0
164.0,1.051282051282051,156.0,1.0129870129870129,154.0,0.9746835443037974,158.0,0.9693251533742332,159.0,0.99375,160.0,0.9411764705882352,170.0,1.011904761904762,168.0,0.9882352941176472,220.0,-0.4190789284427694,0.1640456601951312,109.0,111.0,-0.3258460013735403,-0.6293091257633985,0.8317259901944309,-0.5675359285879302,-0.4051441401757765,0.34,0.47,0.5,0.52,0.845,0.0
167.0,0.9597701149425288,174.0,0.9775280898876404,178.0,0.9621621621621622,185.0,1.0451977401129944,182.0,1.04,175.0,1.0355029585798816,169.0,1.005952380952381,168.0,1.030674846625767,249.0,-0.2046912028225803,0.2572053085557964,122.0,127.0,-0.200264388701372,-0.4863966052614527,1.69300171320752,-0.5295059521014406,-0.0339463114734393,0.345,0.47,0.495,0.515,0.69,0.0
106.0,0.5,212.0,1.422818791946309,149.0,1.0205479452054795,146.0,1.0503597122302155,155.0,1.9135802469135803,81.0,0.8350515463917526,97.0,0.377431906614786,257.0,1.5670731707317074,220.0,-0.2070600438559076,0.4090707503989387,112.0,108.0,0.386028922131623,-0.1974128393739269,2.111351837713273,-0.3965479025098452,0.3379302506812994,0.485,0.45,0.515,0.6,0.54,0.0
170.0,0.9550561797752808,178.0,1.0056497175141244,177.0,1.0114285714285711,175.0,0.9831460674157304,167.0,0.9653179190751445,173.0,1.0421686746987953,166.0,0.9822485207100592,169.0,0.9602272727272728,239.0,-0.2449462993459437,0.2465902160634696,123.0,116.0,-0.2816902506167762,-0.4568711638912842,1.4855138461741964,-0.5444446182138492,-0.2321499210089859,0.405,0.495,0.515,0.54,0.695,0.0
115.0,1.0176991150442478,113.0,1.018018018018018,111.0,0.9736842105263158,114.0,1.0961538461538465,119.0,1.1018518518518519,108.0,0.9642857142857144,112.0,1.037037037037037,108.0,0.9473684210526316,160.0,-0.0517022342177877,0.4555899948581476,77.0,83.0,0.1028550938037178,-0.2692225693930759,1.939391672378872,-0.9201537080099158,0.3729468149301586,0.305,0.44,0.485,0.53,0.795,0.0
158.0,1.0193548387096774,155.0,1.0130718954248366,153.0,0.9935064935064936,154.0,0.9333333333333332,158.0,0.9937106918238994,159.0,0.9695121951219512,164.0,0.9761904761904762,168.0,1.0,219.0,-0.3685453036194315,0.1549166735085448,109.0,110.0,-0.2710301507537688,-0.59478811203412,0.83348359499873,-0.5143354150956051,-0.297053613535022,0.325,0.475,0.495,0.52,0.88,0.0
169.0,1.0628930817610065,159.0,1.03921568627451,153.0,0.9683544303797468,158.0,1.0,154.0,0.9685534591194969,159.0,0.9875776397515528,161.0,0.9526627218934912,169.0,1.0,215.0,-0.4258981170487311,0.1457925153753516,108.0,107.0,-0.3090495333287115,-0.6458587883343972,0.6690111958939,-0.5251978626426129,-0.4151758793969849,0.385,0.48,0.5,0.525,0.86,0.0
163.0,0.9939024390243902,164.0,0.9371428571428572,175.0,0.9668508287292816,181.0,0.989071038251366,184.0,0.9787234042553191,188.0,1.0742857142857145,175.0,1.0416666666666667,168.0,0.9655172413793104,254.0,-0.2099592103892237,0.2598776915830925,126.0,128.0,-0.2531308647438709,-0.4990578166019995,1.7543159866392768,-0.3896088112437971,-0.1037412109075227,0.33,0.475,0.5,0.525,0.68,0.0
143.0,0.9662162162162162,148.0,1.0,148.0,1.0422535211267605,142.0,0.9793103448275862,131.0,0.9492753623188406,138.0,0.9452054794520548,146.0,0.9798657718120806,149.0,1.0492957746478873,186.0,-0.3850948000772585,0.1684342864523697,95.0,91.0,-0.2554183441335175,-0.5840041491031018,0.860525689503042,-0.5050887047501117,-0.3088906428894862,0.365,0.49,0.515,0.54,0.845,0.0
177.0,1.047337278106509,169.0,0.9657142857142856,175.0,0.945945945945946,185.0,1.0054347826086956,186.0,1.0508474576271187,177.0,1.023121387283237,173.0,1.0236686390532543,169.0,1.005952380952381,250.0,-0.1964614035280868,0.2385393936860036,120.0,130.0,-0.2126331693219592,-0.4407476619225166,1.5024863390260268,-0.5274517745607171,-0.0372520941759254,0.32,0.46,0.48,0.505,0.675,0.0
148.0,0.9736842105263158,152.0,1.0780141843971631,141.0,1.0071428571428571,140.0,1.0218978102189782,142.0,1.0,142.0,1.0070921985815602,141.0,1.0,141.0,1.014388489208633,201.0,-0.2294468949009306,0.2625169838582571,102.0,99.0,-0.1030307671095936,-0.2977455016719676,1.2335636059591963,-0.5073826621246612,-0.213340697077364,0.34,0.47,0.505,0.58,0.81,0.0
149.0,0.9802631578947368,152.0,1.0555555555555556,144.0,1.0588235294117647,136.0,0.9855072463768116,147.0,1.0,147.0,1.0575539568345325,139.0,1.0,139.0,0.972027972027972,204.0,-0.2299933365836824,0.259919359468005,102.0,102.0,-0.0997416982506682,-0.2962231211803541,1.240766509744708,-0.4844287150310016,-0.1961300972631655,0.35,0.465,0.5,0.575,0.805,0.0
139.0,1.037313432835821,134.0,0.9925925925925926,135.0,1.0,135.0,1.062992125984252,136.0,1.0303030303030303,132.0,0.9635036496350364,137.0,1.0073529411764706,136.0,1.0149253731343284,193.0,0.125689150476355,0.2960133947937717,98.0,95.0,0.2274423772649034,-0.0987399680236726,1.4451296766410016,-0.3042701015847487,0.3127930540408142,0.35,0.46,0.515,0.54,0.705,0.0
149.0,0.9738562091503268,153.0,1.0408163265306123,147.0,1.05,140.0,1.0071942446043165,146.0,0.9864864864864865,148.0,1.0422535211267605,142.0,1.0070921985815602,141.0,0.9929577464788732,206.0,-0.2136941785922186,0.2563253089856958,104.0,102.0,-0.0354192682077817,-0.2897612559836637,1.2455814625213173,-0.4820194430256427,-0.2391038967555717,0.35,0.47,0.505,0.575,0.835,0.0
169.0,1.005952380952381,168.0,1.030674846625767,163.0,0.9939024390243902,164.0,0.9371428571428572,175.0,0.9668508287292817,181.0,0.9836956521739132,184.0,0.9787234042553192,188.0,1.0742857142857145,245.0,-0.1959130773160699,0.260290928151044,123.0,122.0,-0.2199985118511436,-0.4494258045547061,1.7817324013143343,-0.4736282639685252,-0.0983604965268423,0.39,0.485,0.505,0.525,0.675,0.0
112.0,0.991150442477876,113.0,1.2150537634408602,93.0,0.7560975609756098,123.0,1.108108108108108,110.0,1.0185185185185186,108.0,0.9557522123893806,113.0,1.0462962962962965,108.0,0.9818181818181818,150.0,-0.238478325864172,0.5234401341995397,73.0,77.0,-0.1168097730184889,-0.5412870676785928,2.217932675777033,-1.0202814946196124,0.1650132764478673,0.31,0.45,0.495,0.54,0.875,0.0
159.0,0.99375,160.0,0.9411764705882352,170.0,1.011904761904762,168.0,0.9882352941176472,169.0,1.0,169.0,1.049689440993789,161.0,0.9938271604938272,162.0,1.0384615384615383,232.0,-0.3302071957098771,0.1618968508462515,114.0,118.0,-0.2203724070336543,-0.5373232118700915,1.0048959975405414,-0.4142858336724737,-0.2786253210687983,0.375,0.47,0.49,0.51,0.845,0.0
160.0,1.0,160.0,1.0256410256410255,156.0,0.9629629629629628,162.0,0.9878048780487804,164.0,1.0,164.0,0.9820359281437124,167.0,1.0,167.0,1.0121212121212122,249.0,-0.296076901962154,0.1579146228111904,135.0,114.0,-0.205,-0.5146330621994802,1.0340892612983876,-0.4109165295271014,-0.2313710404529119,0.44,0.52,0.54,0.56,0.83,0.0
208.0,0.8851063829787233,235.0,2.0982142857142856,112.0,1.0666666666666669,105.0,0.4772727272727273,218.0,0.990909090909091,220.0,0.995475113122172,221.0,0.9866071428571428,224.0,2.093457943925233,310.0,-0.3799339200464006,0.7179801146718279,158.0,152.0,-0.4016430546998294,-0.5596807010531473,2.683774518571555,-0.8120051092595413,-0.8120051092595413,0.09,0.11,0.145,0.175,0.175,0.0
146.0,1.0354609929078014,141.0,1.0217391304347827,138.0,1.0,138.0,0.9387755102040816,140.0,1.0144927536231885,138.0,0.971830985915493,142.0,0.9726027397260274,146.0,0.9605263157894736,200.0,-0.2466746329383552,0.2489203483418543,102.0,98.0,-0.125,-0.3164584573714554,1.2015595204798022,-0.4837797242398661,-0.2363387573348927,0.35,0.475,0.51,0.575,0.825,0.0
157.0,1.0466666666666666,150.0,1.0638297872340423,141.0,1.014388489208633,139.0,1.0072463768115942,134.0,1.0551181102362204,127.0,0.9477611940298508,134.0,0.91156462585034,147.0,1.027972027972028,191.0,0.0139106293737804,0.3465472905968423,98.0,93.0,0.5187150837634268,-0.0294592889484412,1.8669150745120724,0.4041291809543547,0.4041291809543547,0.485,0.455,0.515,0.55,0.55,0.0
175.0,1.0174418604651163,172.0,0.9662921348314608,178.0,0.967391304347826,184.0,1.010989010989011,181.0,1.0225988700564972,177.0,1.0,177.0,1.0172413793103448,174.0,1.0807453416149069,250.0,-0.1798604337870255,0.2534568100608609,124.0,126.0,-0.2141176489127721,-0.4252827452976417,1.738786157831721,-0.4618157041141402,-0.0902937754667539,0.33,0.475,0.495,0.515,0.67,0.0
182.0,1.0,182.0,1.04,175.0,0.9887005649717514,177.0,1.005681818181818,177.0,1.0172413793103448,174.0,0.9508196721311476,183.0,0.973404255319149,188.0,1.0444444444444445,244.0,-0.2685251604369311,0.2586706894415052,121.0,123.0,-0.2678820185984132,-0.5706703064991401,1.7096805461719409,-0.5712659096355739,-0.0140254360743299,0.35,0.475,0.5,0.52,0.7,0.0
110.0,0.990990990990991,111.0,1.0373831775700937,107.0,0.9907407407407408,108.0,1.018867924528302,94.0,0.7642276422764228,123.0,1.128440366972477,109.0,1.0092592592592593,108.0,0.4909090909090909,147.0,-0.0064594694355157,0.5059181780775116,82.0,65.0,-0.0012707196793139,-0.3150046088221674,2.2068130885116606,-0.956747934546068,0.2665530512625929,0.355,0.525,0.565,0.61,0.98,0.0
111.0,0.9487179487179488,117.0,1.3928571428571428,84.0,0.6268656716417911,134.0,1.2523364485981308,117.0,1.073394495412844,109.0,0.990909090909091,110.0,1.0,110.0,0.4932735426008968,158.0,0.0026791753277178,0.5073991333697411,77.0,81.0,0.1331444620190234,-0.2700021056596396,2.2849241451777185,-0.9525837707517266,0.3838372985831595,0.315,0.445,0.495,0.535,0.83,0.0
139.0,1.0220588235294117,136.0,0.951048951048951,143.0,1.0,143.0,0.9727891156462584,139.0,0.9928571428571429,140.0,0.9523809523809524,147.0,0.9483870967741936,155.0,1.0616438356164384,197.0,-0.250966187019515,0.2541832677823513,100.0,97.0,-0.0780952960509217,-0.3199822272384216,1.17923361960184,-0.5231084867082991,-0.2147092610856284,0.36,0.475,0.505,0.575,0.8,0.0
181.0,1.0225988700564972,177.0,1.0411764705882354,170.0,1.0240963855421688,166.0,1.0121951219512195,164.0,1.025,160.0,0.9876543209876544,162.0,1.0062111801242235,161.0,0.9817073170731708,233.0,-0.2158789729790095,0.2922693801045181,119.0,114.0,-0.2502998592880697,-0.5650689704263668,1.9283520349953287,-0.43483998342931,-0.1121965098523262,0.395,0.49,0.515,0.535,0.69,0.0
115.0,1.116504854368932,103.0,0.927927927927928,111.0,1.0,111.0,0.9652173913043478,197.0,1.5038167938931297,131.0,1.212962962962963,108.0,0.9557522123893806,113.0,1.036697247706422,214.0,-0.2831200665898495,0.6716079634339658,77.0,137.0,0.3863375376912857,-0.3696746170935501,2.325038189653058,-0.5067991629659244,-0.5067991629659244,0.585,0.845,0.88,0.92,0.92,0.0
169.0,1.0304878048780488,164.0,1.051282051282051,156.0,1.0129870129870129,154.0,0.9746835443037974,157.0,0.9874213836477987,159.0,0.99375,160.0,0.9411764705882352,170.0,1.011904761904762,222.0,-0.3610149362738257,0.1617345708477057,113.0,109.0,-0.2471535722901718,-0.5354030111471355,0.8175804346654216,-0.4407347563995287,-0.3433835144775277,0.385,0.485,0.51,0.535,0.86,0.0
110.0,0.990990990990991,111.0,0.9910714285714286,112.0,0.991150442477876,113.0,1.036697247706422,113.0,1.0660377358490567,106.0,0.9636363636363636,110.0,1.0,110.0,1.0091743119266054,156.0,-0.2836667334268506,0.4998466312500115,77.0,79.0,-0.1534567899460467,-0.5924469710583024,1.9864262441082687,-1.3083460806564222,0.1443932607952889,0.32,0.455,0.495,0.54,0.83,0.0
170.0,1.0179640718562877,167.0,0.9542857142857144,175.0,0.9776536312849162,179.0,0.988950276243094,189.0,0.984375,192.0,1.0847457627118644,177.0,1.0350877192982455,171.0,0.9447513812154696,255.0,-0.2588816859469358,0.2362650696237206,123.0,132.0,-0.2659840955792512,-0.5235819936565523,1.5482112432268278,-0.5709161667467407,-0.157526465817595,0.38,0.46,0.485,0.505,0.665,0.0
167.0,1.0,167.0,0.9823529411764704,170.0,0.9941520467836256,171.0,0.9553072625698324,170.0,0.9714285714285714,175.0,0.9615384615384616,182.0,1.058139534883721,172.0,1.0552147239263805,237.0,-0.2241792111162589,0.2580113789209787,119.0,118.0,-0.2447865866602635,-0.4734520591526819,1.7296299565542734,-0.4832285237841858,-0.0475546914547633,0.355,0.485,0.505,0.525,0.685,0.0
166.0,0.994011976047904,167.0,1.0569620253164558,158.0,1.0326797385620916,153.0,0.9745222929936306,179.0,1.0112994350282485,177.0,1.005681818181818,176.0,1.0,176.0,0.9943502824858758,252.0,-0.2597257480672114,0.2590442940776122,127.0,125.0,-0.2996518359887331,-0.573842108279222,1.6706296344187002,-0.4378163606733558,-0.2604206369597606,0.39,0.48,0.505,0.53,0.66,0.0
171.0,0.9553072625698324,179.0,0.9728260869565216,184.0,1.0760233918128654,171.0,1.0301204819277108,171.0,1.06875,160.0,0.975609756097561,164.0,0.993939393939394,165.0,0.9821428571428572,245.0,-0.187783934308661,0.2568221271114911,126.0,119.0,-0.2231365411815648,-0.429205059500375,1.6805506864082955,-0.3746294887765811,-0.1386542485460559,0.335,0.49,0.515,0.54,0.695,0.0
181.0,0.9783783783783784,185.0,1.0451977401129944,177.0,1.047337278106509,169.0,0.971264367816092,167.0,0.9823529411764705,170.0,0.9941520467836256,171.0,1.0058823529411764,170.0,0.9497206703910616,241.0,-0.1792101011250478,0.2621762678581845,125.0,116.0,-0.2082970391667946,-0.4224319991167312,1.8119086800196973,-0.4742489604492829,0.0130358132340158,0.41,0.5,0.52,0.54,0.71,0.0
198.0,1.1511627906976745,172.0,1.0617283950617284,162.0,1.0,162.0,1.0384615384615383,159.0,1.0063291139240507,158.0,1.0,158.0,0.9813664596273292,161.0,0.9640718562874252,225.0,-0.3266656761263969,0.160538423155079,114.0,111.0,-0.2328011653144768,-0.4888919036547036,1.0072639357745452,-0.4258194295509899,-0.2552735348887939,0.385,0.49,0.51,0.53,0.8,0.0
179.0,1.0346820809248556,173.0,0.9829545454545454,176.0,0.967032967032967,182.0,0.9578947368421052,185.0,0.9585492227979274,193.0,1.032085561497326,187.0,1.050561797752809,178.0,0.9834254143646408,252.0,-0.262121444943705,0.2370989317880274,123.0,129.0,-0.2585983717832658,-0.5147300310186567,1.497448314551722,-0.6439956192425722,-0.0877946816945206,0.345,0.465,0.49,0.51,0.685,0.0
130.0,1.0,130.0,1.031746031746032,126.0,0.9921259842519684,127.0,0.9548872180451128,126.0,0.9402985074626866,134.0,0.978102189781022,137.0,0.958041958041958,143.0,1.0514705882352942,183.0,-0.2173771520130256,0.2705923718560705,95.0,88.0,-0.1148762620338393,-0.4283843136586468,1.11909015537882,-0.7587066209085066,0.1885628792112236,0.365,0.465,0.52,0.57,0.76,0.0
166.0,0.9485714285714286,175.0,0.9615384615384616,182.0,1.04,175.0,1.0355029585798816,183.0,1.063953488372093,172.0,0.9942196531791908,173.0,0.9829545454545454,176.0,1.0057142857142858,,-0.1878040548352385,0.2666756544270403,126.0,128.0,-0.2021209539421289,-0.4775153142332802,1.8372148629693976,-0.4963369240058561,0.126233257959583,0.355,0.475,0.5,0.52,0.705,0.0
112.0,1.0275229357798166,109.0,1.0,109.0,0.990909090909091,110.0,1.0091743119266054,110.0,0.9821428571428571,112.0,1.018181818181818,110.0,1.0,110.0,0.9821428571428572,151.0,0.0061756315097427,0.4969128889158666,74.0,77.0,0.0510447770282952,-0.2705789331276598,2.3792201271824966,-0.7688356855391252,0.4539097853082832,0.3,0.455,0.495,0.54,0.855,0.0
175.0,1.0416666666666667,168.0,0.9655172413793104,174.0,1.0235294117647058,170.0,0.9941520467836256,169.0,0.9883040935672515,171.0,,176.0,1.0,176.0,1.0414201183431953,233.0,-0.2104394207959148,0.25166577197731,115.0,118.0,-0.2447833887544979,-0.4358061021731261,1.6047159737613033,-0.3954854191678288,-0.2446094573517387,0.375,0.475,0.5,0.525,0.67,0.0
153.0,1.0132450331125828,151.0,0.9320987654320988,162.0,0.9473684210526316,171.0,0.9827586206896552,82.0,0.3082706766917293,266.0,1.5739644970414202,169.0,1.049689440993789,161.0,1.0320512820512822,166.0,-0.2222003275364335,0.329748937908063,109.0,57.0,0.1398387982263887,-0.2480336877444198,1.3413165469841708,-0.3997225605639645,0.1618412188966328,0.615,0.565,0.665,0.79,0.705,0.0
148.0,1.0068027210884354,147.0,1.0208333333333333,144.0,0.9863013698630136,146.0,1.020979020979021,152.0,1.8313253012048192,83.0,0.4068627450980392,204.0,1.457142857142857,140.0,1.0071942446043165,206.0,-0.2515531638843453,0.2768150677804347,100.0,106.0,-0.1160451023779522,-0.3114321608040201,1.2375305035388298,-0.5316955412406905,-0.2272039690353172,0.32,0.45,0.49,0.565,0.75,0.0
110.0,0.9322033898305084,118.0,1.0825688073394495,109.0,0.990909090909091,110.0,1.0,107.0,0.47555555555555556,225.0,2.710843373493976,83.0,0.6014492753623188,138.0,0.6052631578947368,153.0,-0.2716448788039237,0.5145599943057018,79.0,74.0,-0.2838711775573337,-0.6149893186282349,2.194851635632665,-1.1041295838850114,0.240006047848771,0.335,0.485,0.525,0.57,0.845,0.0
171.0,0.9715909090909092,176.0,1.0,176.0,1.0414201183431953,169.0,1.05625,174.0,1.029585798816568,169.0,1.0242424242424242,165.0,0.9428571428571428,175.0,0.9615384615384616,241.0,-0.2575222249150489,0.2565837856003495,120.0,121.0,-0.2844711868337246,-0.564139267288547,1.6334355450679956,-0.448164474239057,-0.1646261198463066,0.34,0.475,0.5,0.525,0.685,0.0
159.0,0.9578313253012049,166.0,1.2868217054263569,129.0,0.6548223350253807,197.0,1.1726190476190477,169.0,1.0242424242424242,165.0,1.012269938650307,163.0,1.0316455696202531,158.0,1.0,232.0,-0.3070235773066154,0.1661384325980483,114.0,118.0,-0.1869107465097252,-0.5425588032060477,1.0454119895126683,-0.3976876812983787,-0.2739992939014741,0.33,0.47,0.49,0.51,0.8,0.0
134.0,1.2884615384615383,104.0,0.8666666666666667,120.0,1.0714285714285714,112.0,1.4177215189873418,115.0,1.0849056603773586,106.0,0.9724770642201837,109.0,0.9478260869565216,115.0,1.0176991150442478,157.0,0.1185333204461798,0.4679010902693148,77.0,80.0,0.0494144672638235,-0.2116288182051049,2.192439215399637,-0.7884866362106783,0.5061275364890692,0.3,0.455,0.495,0.54,0.79,0.0
187.0,1.0108108108108107,185.0,1.022099447513812,181.0,1.0903614457831323,166.0,0.988095238095238,166.0,0.9764705882352941,170.0,0.9444444444444444,180.0,0.989010989010989,182.0,1.0055248618784531,239.0,-0.1460788977248178,0.2640423123496068,123.0,116.0,-0.1826127576496755,-0.4094634748013611,1.8551381006107488,-0.4141422834543148,-0.0742367647666854,0.395,0.495,0.515,0.535,0.68,0.0
140.0,1.0218978102189782,137.0,1.045801526717557,131.0,1.0,131.0,0.9924242424242424,134.0,0.9852941176470589,136.0,1.0149253731343284,134.0,0.9640287769784172,139.0,0.972027972027972,188.0,-0.154578472190555,0.2903249801909222,95.0,93.0,-0.1068098917206763,-0.3460483127377499,1.2063263529841393,-0.5562588487208919,0.3554215546334435,0.35,0.465,0.51,0.535,0.77,0.0
119.0,1.5256410256410255,78.0,0.2857142857142857,273.0,1.832214765100671,149.0,0.9675324675324676,146.0,1.0503597122302157,139.0,0.9455782312925172,147.0,0.9865771812080536,149.0,0.9141104294478528,206.0,-0.160478728518186,0.3745439087434301,104.0,102.0,0.2719893704234721,-0.180803832655353,1.904931833554532,-0.3764321608040201,-0.1550641644882092,0.475,0.445,0.505,0.61,0.805,0.0
106.0,1.0,106.0,0.9724770642201837,109.0,0.9732142857142856,112.0,1.037037037037037,111.0,0.9823008849557522,113.0,0.9912280701754386,114.0,1.0363636363636364,110.0,0.9734513274336284,152.0,0.247230680168503,0.445472933591775,75.0,77.0,0.200809872224792,-0.0598124378555042,2.126913508497419,-0.5204646232799779,0.785366939679789,0.295,0.45,0.495,0.54,0.805,0.0
152.0,1.0133333333333334,150.0,1.020408163265306,147.0,1.0068493150684932,146.0,1.0354609929078014,146.0,1.028169014084507,142.0,1.0070921985815602,141.0,0.9724137931034482,145.0,0.9931506849315068,207.0,-0.211648682062098,0.2628293634711494,105.0,102.0,-0.0470029545475029,-0.2833292874948194,1.2888192397141738,-0.4816804343165679,-0.2447310429011272,0.355,0.475,0.51,0.575,0.845,0.0
133.0,0.9708029197080292,137.0,1.0223880597014925,134.0,1.0551181102362204,127.0,1.0,135.0,0.9782608695652174,138.0,1.022222222222222,135.0,1.0305343511450382,131.0,1.0234375,188.0,-0.1540683918563684,0.3001999994484809,94.0,94.0,0.0031936830244314,-0.372007554742244,1.2016235175630934,-0.7796481877696018,0.1278409316892673,0.345,0.45,0.505,0.555,0.735,0.0
108.0,1.0,108.0,0.9642857142857144,112.0,1.0566037735849056,106.0,0.4711111111111111,112.0,1.009009009009009,111.0,0.9736842105263158,114.0,0.5352112676056338,213.0,2.3666666666666667,155.0,0.0870439591845781,0.4794317763178785,77.0,78.0,0.247390977403793,-0.2219668466200424,2.3204265933788597,-0.6438546718231607,0.5765380845396102,0.32,0.455,0.5,0.545,0.83,0.0
137.0,0.9716312056737588,141.0,0.9791666666666666,144.0,1.006993006993007,143.0,1.0,139.0,0.972027972027972,143.0,0.9470198675496688,151.0,1.0202702702702702,148.0,0.9932885906040269,193.0,-0.281776287531248,0.2668844816864471,96.0,97.0,-0.1438298971505244,-0.3810976260040093,1.197824137483673,-0.5605302089147395,-0.2452633015345612,0.34,0.46,0.495,0.565,0.805,0.0
170.0,1.0303030303030305,165.0,1.0855263157894737,152.0,0.987012987012987,154.0,1.0,,1.0129870129870129,154.0,0.9625,160.0,0.9696969696969696,165.0,0.9763313609467456,225.0,-0.3301834531779244,0.1680191327526294,116.0,109.0,-0.2008599014566654,-0.5283956319527842,1.0716080036049147,-0.4802477710847443,-0.2889376658350437,0.395,0.495,0.52,0.54,0.83,0.0
168.0,1.024390243902439,164.0,1.0789473684210529,152.0,0.9743589743589745,156.0,0.968944099378882,160.0,1.0457516339869282,153.0,0.9161676646706588,167.0,0.9940476190476192,168.0,1.0059880239520955,227.0,-0.2904190900311315,0.1567793622663199,115.0,112.0,-0.1737720901364287,-0.5211579743103661,1.002014532025126,-0.3796412620468748,-0.2810179160381439,0.35,0.485,0.505,0.525,0.86,0.0
150.0,1.0,150.0,1.0416666666666667,144.0,1.0140845070422535,142.0,0.9726027397260274,151.0,0.9617834394904459,157.0,0.9751552795031057,161.0,0.9817073170731708,164.0,1.0061349693251531,214.0,-0.3379920052085407,0.1608405362357236,109.0,105.0,-0.2086303518173033,-0.5457774363784963,0.9397216537442517,-0.4266725495908157,-0.2555088592518424,0.385,0.49,0.51,0.535,0.845,0.0
143.0,0.9794520547945206,146.0,1.020979020979021,143.0,0.9930555555555556,144.0,0.9473684210526316,142.0,0.9726027397260274,146.0,0.935897435897436,156.0,1.0,156.0,0.981132075471698,199.0,-0.2324844138529354,0.159641384816666,100.0,99.0,-0.0712343491631679,-0.4631177595299924,1.0328897208275925,-0.3265939010441597,-0.1965302135206341,0.37,0.48,0.505,0.53,0.835,0.0
113.0,0.9912280701754386,114.0,1.0,114.0,1.0458715596330277,109.0,0.9478260869565216,112.0,1.009009009009009,111.0,0.9910714285714286,112.0,1.009009009009009,111.0,1.0,160.0,-0.0956647676053652,0.5527006621299428,82.0,78.0,0.0047201574555131,-0.494054700799469,2.269126685160944,-1.1351228699700249,0.2294491180763305,0.34,0.475,0.515,0.56,0.81,0.0
173.0,1.0,173.0,1.054878048780488,164.0,0.970414201183432,169.0,0.9825581395348836,162.0,0.9473684210526315,171.0,0.9606741573033708,178.0,1.0,178.0,1.0229885057471264,229.0,-0.2798376592180362,0.2800366234672591,116.0,113.0,-0.2563343535608992,-0.5372211276959855,1.8061179350487628,-0.5974261095602622,-0.2969331715806753,0.36,0.49,0.51,0.53,0.675,0.0
153.0,0.9807692307692308,156.0,0.9873417721518988,158.0,1.0128205128205128,156.0,1.0758620689655172,150.0,1.0344827586206897,145.0,0.9863945578231292,147.0,1.027972027972028,143.0,1.0214285714285714,214.0,-0.3213542781879238,0.152134416473336,109.0,105.0,-0.2170062389397761,-0.5350134900519584,0.9060895374853316,-0.4228206298118519,-0.2560096063947812,0.385,0.49,0.515,0.535,0.845,0.0
155.0,0.981012658227848,158.0,0.9875,160.0,0.935672514619883,171.0,1.0058823529411764,171.0,0.9553072625698324,179.0,1.046783625730994,171.0,1.0301204819277108,166.0,0.988095238095238,237.0,-0.2949808255167052,0.2626331892328061,118.0,119.0,-0.3050483804942023,-0.5604140242012153,1.621269332698482,-0.5299707945559589,-0.036362512262942,0.34,0.475,0.5,0.52,0.7,0.0
136.0,0.9855072463768116,138.0,0.9857142857142858,140.0,0.9655172413793104,145.0,0.9666666666666668,139.0,0.972027972027972,143.0,0.9533333333333334,150.0,1.0,150.0,0.986842105263158,194.0,-0.247017824800161,0.2678868759017461,97.0,97.0,-0.134391965379117,-0.3261369679488942,1.2238374071260458,-0.520598418289981,-0.2010313994118387,0.335,0.465,0.5,0.58,0.755,0.0
162.0,0.9938650306748468,163.0,0.9055555555555556,180.0,0.9836065573770492,183.0,1.0457142857142858,182.0,0.978494623655914,186.0,1.1411042944785277,163.0,1.0124223602484472,161.0,0.9526627218934912,252.0,-0.070801330888173,0.3922818452475108,125.0,127.0,-0.0464165145060976,-0.0629659451020246,2.1372583444985214,-0.2982582951113246,0.5339186698798077,0.335,0.46,0.495,0.605,0.52,0.0
178.0,1.0,178.0,1.0229885057471264,174.0,0.9942857142857144,175.0,1.023391812865497,172.0,0.9885057471264368,174.0,1.0057803468208093,173.0,0.9664804469273744,179.0,0.9728260869565216,243.0,-0.2550234442463982,0.2565477755449591,123.0,120.0,-0.2879640675219364,-0.5626808826262053,1.70768421725451,-0.5568295457514549,-0.1862261737366092,0.4,0.485,0.51,0.53,0.675,0.0
168.0,1.018181818181818,165.0,1.0377358490566038,159.0,1.0460526315789471,152.0,0.95,157.0,1.0064102564102564,156.0,0.9936305732484076,157.0,0.9289940828402368,169.0,1.005952380952381,225.0,-0.2965334689001854,0.172433844406041,116.0,109.0,-0.170356092292944,-0.4912962948541108,1.1072760087158602,-0.3818645321387002,-0.2705981723982222,0.395,0.495,0.515,0.535,0.84,0.0
150.0,1.020408163265306,147.0,1.013793103448276,145.0,1.0211267605633805,142.0,0.993006993006993,146.0,1.028169014084507,142.0,1.0215827338129495,139.0,0.972027972027972,143.0,1.0070422535211268,209.0,-0.2230312154394363,0.2690757260607687,107.0,102.0,-0.073626704502061,-0.2952715447298872,1.2751063622903938,-0.5015353154466464,-0.1970806048451946,0.35,0.475,0.515,0.585,0.76,0.0
168.0,0.9882352941176472,170.0,1.0303030303030305,165.0,1.0377358490566038,159.0,0.9814814814814816,164.0,1.0789473684210527,152.0,0.9743589743589745,156.0,0.968944099378882,161.0,1.0125786163522013,231.0,-0.2328713890113409,0.1756087652906479,117.0,114.0,-0.1245127196031394,-0.4779119470346332,1.2051373435923902,-0.3040497154167859,-0.1776817973773411,0.345,0.485,0.51,0.53,0.83,0.0
134.0,1.0307692307692309,130.0,0.9848484848484848,132.0,0.9295774647887324,142.0,1.0070921985815602,125.0,0.9615384615384616,130.0,0.9774436090225564,133.0,0.95,140.0,1.0144927536231885,171.0,-0.0177373164137967,0.2950446711932528,84.0,87.0,0.102896148985243,-0.249765382904137,1.1846875350709616,-0.4992021735845137,0.3640832675802346,0.325,0.435,0.495,0.525,0.785,0.0
133.0,1.015267175572519,131.0,0.9703703703703704,135.0,0.9183673469387756,147.0,0.9932432432432432,135.0,0.9642857142857143,140.0,0.958904109589041,146.0,1.0579710144927537,138.0,1.0,187.0,-0.232868860273529,0.2752910009487432,93.0,94.0,-0.1475555443503257,-0.4875161265642059,0.966107207822816,-0.6620625773569676,0.1909457333021375,0.345,0.45,0.5,0.525,0.74,0.0
205.0,1.1714285714285717,175.0,1.0542168674698795,166.0,1.0573248407643312,157.0,1.0,163.0,1.0516129032258064,155.0,1.0064935064935066,154.0,0.9625,160.0,1.0126582278481011,231.0,-0.2855040428777796,0.1637087833865795,117.0,114.0,-0.1689554366489109,-0.4912469063751309,1.0446534308002575,-0.3618044336201385,-0.2480264535789682,0.385,0.485,0.51,0.53,0.815,0.0
183.0,0.9945652173913044,184.0,1.022222222222222,180.0,1.0344827586206895,174.0,1.0057803468208093,173.0,1.0176470588235293,170.0,0.9826589595375722,173.0,1.0116959064327486,171.0,0.9553072625698324,246.0,-0.2144068835308804,0.2862727677129754,125.0,121.0,-0.2603824928119414,-0.4824966185102889,1.8100323389905155,-0.3474629076384533,0.0542371468931491,0.39,0.49,0.51,0.535,0.695,0.0
181.0,1.0225988700564972,177.0,0.988826815642458,179.0,1.0,179.0,0.9781420765027322,185.0,1.0,185.0,1.0511363636363635,176.0,1.0057142857142858,175.0,0.9510869565217392,256.0,-0.1913391971314085,0.2309184147312195,127.0,129.0,-0.2377795586286686,-0.4197286569781668,1.460165046415023,-0.5355584614781507,0.0063972156062763,0.395,0.475,0.5,0.52,0.68,0.0
144.0,1.0285714285714285,140.0,0.9859154929577464,142.0,1.0070921985815602,141.0,0.9724137931034482,138.0,1.4375,96.0,0.5052631578947369,190.0,1.2666666666666666,150.0,1.0273972602739727,192.0,-0.2734655872992641,0.2688609545822686,96.0,96.0,-0.13415758018924,-0.3876909066880683,1.190847355722878,-0.5777981959054409,-0.2908327057221418,0.335,0.465,0.5,0.57,0.815,0.0
156.0,0.975,160.0,0.9876543209876544,162.0,0.9938650306748468,163.0,1.0124223602484472,170.0,1.0493827160493827,162.0,1.0318471337579618,157.0,1.026143790849673,153.0,0.9935064935064936,227.0,-0.2911617942893169,0.1597249324220706,109.0,118.0,-0.1973255801899196,-0.4987356039790007,0.9947157963345832,-0.3907907902005667,-0.2314339123778292,0.315,0.46,0.48,0.505,0.81,0.0
132.0,1.0232558139534884,129.0,1.015748031496063,127.0,1.032520325203252,123.0,0.984,135.0,0.9926470588235294,136.0,1.0381679389312977,131.0,1.0396825396825398,126.0,1.0161290322580645,191.0,0.0732056477625553,0.2762537978767865,97.0,94.0,0.1003251165603245,-0.0920092913567296,1.4158516434359405,-0.3537417189713386,0.4481863911777944,0.335,0.47,0.51,0.535,0.735,0.0
184.0,0.9633507853403142,191.0,1.0494505494505495,182.0,1.058139534883721,172.0,0.9662921348314608,170.0,0.9659090909090909,176.0,0.946236559139785,186.0,1.0163934426229508,183.0,1.0397727272727273,239.0,-0.306760043179301,0.23853408513983,121.0,118.0,-0.3036207386869974,-0.4800775564336473,1.509925860432899,-0.5197854025007733,-0.1974016685855108,0.395,0.485,0.505,0.53,0.68,0.0
165.0,0.9705882352941176,170.0,1.1111111111111112,153.0,1.0551724137931036,145.0,1.0,153.0,1.06993006993007,143.0,1.0214285714285714,140.0,0.9395973154362416,149.0,0.9612903225806452,216.0,-0.1742302185122762,0.3820264027611968,109.0,107.0,0.3914590367536305,-0.184226595911993,1.919900657920667,-0.4120230661965127,0.3179800998423672,0.48,0.445,0.51,0.64,0.54,0.0
156.0,0.9230769230769232,169.0,0.976878612716763,173.0,1.1233766233766234,154.0,1.0198675496688745,161.0,1.0454545454545454,154.0,1.0405405405405406,148.0,1.0,148.0,0.961038961038961,227.0,-0.3352788893672563,0.1485036347896787,115.0,112.0,-0.2340859525521422,-0.5847057348376542,0.8728381543209415,-0.4932999973740285,-0.2840721349213678,0.35,0.485,0.505,0.525,0.875,0.0
175.0,1.0542168674698795,166.0,1.0,166.0,0.9273743016759776,179.0,1.0112994350282485,170.0,0.9550561797752809,178.0,1.0289017341040465,173.0,1.0,173.0,1.005813953488372,230.0,-0.1797126003744096,0.2520476836411268,112.0,118.0,-0.2076588112934752,-0.4928212783554085,1.7109274228378777,-0.4438497994373382,-0.1590152958854234,0.34,0.465,0.49,0.51,0.86,0.0
142.0,0.9466666666666668,150.0,1.0135135135135136,148.0,0.9866666666666668,150.0,1.0344827586206895,148.0,1.0068027210884354,147.0,1.0,147.0,1.0575539568345325,139.0,0.9788732394366196,206.0,-0.3056349755188742,0.2602470053630856,103.0,103.0,-0.1577091365815087,-0.3774493720099753,1.1141020866659987,-0.5656994017303658,-0.3072089453723508,0.345,0.465,0.505,0.58,0.845,0.0
111.0,1.0,111.0,1.0277777777777777,108.0,0.9818181818181818,110.0,0.990990990990991,109.0,1.0092592592592593,108.0,1.0,108.0,0.9310344827586208,116.0,1.0,151.0,0.1311212261745024,0.4885460772778259,75.0,76.0,0.1363232757300792,-0.1992039994689313,2.451622733957475,-0.6534448620028417,0.8059426847807308,0.315,0.455,0.495,0.545,0.835,0.0
158.0,1.0193548387096774,155.0,0.981012658227848,158.0,0.9875,160.0,0.935672514619883,169.0,0.9883040935672515,171.0,0.9553072625698324,179.0,1.046783625730994,171.0,1.0301204819277108,230.0,-0.2821344638414099,0.2858627700759939,112.0,118.0,-0.3259133086613824,-0.6311181241628427,1.8247246164754205,-0.5700943615676776,-0.1240442032543153,0.375,0.465,0.49,0.51,0.68,0.0
73.0,0.3303167420814479,221.0,1.4258064516129032,155.0,0.96875,160.0,1.0,144.0,0.96,150.0,1.0,150.0,1.020408163265306,147.0,1.5154639175257731,233.0,-0.1150217572388287,0.3102372047644642,133.0,100.0,-0.0934774483448433,-0.2380460365692076,1.844815037036432,0.2402609102542554,0.2402609102542554,0.445,0.53,0.575,0.6,0.6,0.0
155.0,1.0264900662251657,151.0,1.0342465753424657,146.0,1.0354609929078014,141.0,1.0217391304347827,150.0,1.0273972602739727,146.0,1.042857142857143,140.0,1.0144927536231885,138.0,0.971830985915493,207.0,-0.239464262252902,0.2549925726499492,102.0,105.0,-0.0867885325255117,-0.3139269716605857,1.1745750838818338,-0.5348492462311556,-0.2253978020009966,0.33,0.46,0.495,0.57,0.795,0.0
178.0,0.9518716577540108,187.0,1.0446927374301676,179.0,1.0346820809248556,173.0,0.9942528735632185,158.0,0.9634146341463414,164.0,0.9647058823529412,170.0,0.9550561797752808,178.0,1.0056497175141244,230.0,-0.1848824710874539,0.2581789875137341,120.0,110.0,-0.225124920038947,-0.4355734135877333,1.6959933173294826,-0.4123682002658635,-0.1686568816130272,0.41,0.5,0.52,0.545,0.7,0.0
167.0,0.9542857142857144,175.0,1.0606060606060606,165.0,1.0509554140127388,157.0,1.0,163.0,1.0382165605095541,157.0,1.0064102564102564,156.0,0.9570552147239264,163.0,0.9760479041916168,230.0,-0.2820205339064192,0.1803174670238432,116.0,114.0,-0.1831869479468485,-0.5316668938867768,1.1074523076032383,-0.3163802849550316,-0.2428050000048657,0.39,0.48,0.505,0.53,0.83,0.0
182.0,1.0459770114942528,174.0,1.0674846625766872,163.0,0.9588235294117649,170.0,0.9392265193370166,145.0,1.013986013986014,143.0,0.959731543624161,149.0,0.9933333333333332,150.0,1.0,205.0,-0.2852440564023023,0.2654026048246581,104.0,101.0,-0.3271647797466747,-0.5318043275820937,1.6019663416160037,-0.6300897105110785,-0.1637468581221577,0.395,0.485,0.51,0.535,0.715,0.0
170.0,1.0365853658536586,164.0,1.0123456790123455,162.0,0.9700598802395208,167.0,0.9277777777777778,185.0,0.9438775510204082,196.0,1.037037037037037,189.0,1.0,189.0,1.0384615384615383,252.0,-0.232342676116437,0.2375385091732911,123.0,129.0,-0.2397575113285682,-0.4735158290596464,1.6399934865340529,-0.5599335570166764,-0.1169245367257156,0.345,0.47,0.49,0.51,0.655,0.0
169.0,0.9941176470588236,170.0,1.0,170.0,1.0493827160493827,162.0,1.0125,176.0,1.0666666666666667,165.0,0.953757225433526,173.0,1.0,173.0,0.9774011299435028,251.0,-0.2821349403729508,0.2752648951157742,128.0,123.0,-0.2919812210193335,-0.5568075883177158,1.6700224025950674,-0.5117559079151772,-0.3094376173451574,0.39,0.49,0.515,0.535,0.68,0.0
163.0,1.0316455696202531,158.0,1.0463576158940395,151.0,0.9741935483870968,155.0,1.0130718954248366,143.0,0.9862068965517241,145.0,0.9294871794871796,156.0,0.9629629629629628,162.0,1.8837209302325584,200.0,-0.2629455519217057,0.406394983265971,100.0,100.0,0.1377651193097357,-0.2754884786118262,2.0465346389342285,-0.4569768021466234,0.2069537482930222,0.47,0.46,0.505,0.6,0.535,0.0
150.0,0.9933774834437086,151.0,0.993421052631579,152.0,1.0555555555555556,,1.0434782608695652,150.0,1.0344827586206897,145.0,0.9931506849315068,146.0,1.042857142857143,140.0,0.9929078014184396,210.0,-0.1749196602607987,0.2621037096347093,105.0,105.0,-0.0679145728643216,-0.2398538243694783,1.2916088978269875,-0.4344043752941606,-0.130017052830836,0.34,0.47,0.5,0.58,0.76,0.0
132.0,1.015384615384615,130.0,0.948905109489051,137.0,0.9647887323943662,142.0,0.9861111111111112,156.0,0.9936305732484076,157.0,0.9751552795031057,161.0,1.0254777070063694,157.0,0.9573170731707316,210.0,-0.1078266781067012,0.3571544651487193,101.0,109.0,-0.025595899124211,-0.115218523754904,1.884631327045488,-0.3248975868567598,0.0401350457546626,0.335,0.425,0.485,0.58,0.54,0.0
185.0,1.0755813953488371,172.0,1.0058479532163742,171.0,1.0118343195266273,169.0,0.949438202247191,180.0,0.989010989010989,182.0,0.9891304347826086,184.0,1.010989010989011,182.0,1.0167597765363128,245.0,-0.7591846483310627,0.2230275597039211,120.0,125.0,-0.7226059991938404,-0.9231425117975364,0.879241551713901,-1.1682221553858254,-0.7007508298405405,0.36,0.47,0.495,0.515,0.67,0.0
166.0,1.0,166.0,1.031055900621118,161.0,1.018987341772152,158.0,1.0128205128205128,159.0,1.0460526315789473,152.0,0.95,160.0,0.98159509202454,163.0,1.481818181818182,226.0,-0.3086758748834242,0.1672210657772321,115.0,111.0,-0.1653387711671295,-0.5383315742679737,1.062398507762743,-0.4349195547258703,-0.3039021567017692,0.385,0.485,0.51,0.53,0.865,0.0
172.0,1.0058479532163742,171.0,1.0118343195266273,169.0,0.949438202247191,178.0,1.0,182.0,0.9891304347826086,184.0,1.010989010989011,182.0,1.0167597765363128,179.0,1.098159509202454,252.0,-0.7582676482299897,0.2208370090138139,125.0,127.0,-0.810906254009074,-0.943625880063156,0.8395910512834106,-1.2076759051063457,-0.6986205270968542,0.39,0.475,0.5,0.52,0.67,0.0
177.0,0.9725274725274724,182.0,0.9528795811518324,191.0,1.0380434782608696,184.0,0.9945945945945946,189.0,1.0441988950276244,181.0,1.0342857142857145,175.0,0.9722222222222222,180.0,0.967741935483871,265.0,-0.1736900173434311,0.250108795553119,133.0,132.0,-0.2274967108417572,-0.4630001459500311,1.7801982105294578,-0.4565654096177977,-0.0909838600545228,0.4,0.48,0.505,0.525,0.655,0.0
142.0,1.0142857142857142,140.0,1.0218978102189782,137.0,0.9927536231884058,138.0,1.022222222222222,141.0,1.0,141.0,1.0291970802919708,137.0,1.078740157480315,127.0,0.9769230769230768,193.0,-0.0240206986324464,0.2918608386784372,95.0,98.0,0.0384874631527957,-0.2634315639854311,1.281036214813088,-0.4374440332359424,0.3823789032071184,0.335,0.435,0.495,0.525,0.73,0.0
156.0,0.9176470588235294,170.0,0.96045197740113,177.0,0.99438202247191,178.0,1.0113636363636365,182.0,1.0,182.0,1.04,175.0,0.9887005649717514,177.0,1.005681818181818,258.0,-0.2554039839839515,0.2734670500217189,131.0,127.0,-0.2701831027078664,-0.4667868897716629,1.7803617591969538,-0.5445767337309436,-0.1712064753150698,0.35,0.49,0.51,0.53,0.685,0.0
162.0,1.018867924528302,159.0,0.8983050847457628,177.0,1.0172413793103448,174.0,1.0175438596491229,85.0,0.33203125,256.0,1.5802469135802468,162.0,0.9938650306748468,163.0,1.0316455696202531,166.0,-0.1773942017239628,0.4607945075551733,107.0,59.0,-0.1065308679781088,-0.1741171935204618,2.094214526305671,-0.3912412865744852,-0.0702564107399515,0.46,0.59,0.65,0.795,0.715,0.0
165.0,0.9763313609467456,169.0,0.949438202247191,178.0,1.0,178.0,1.0532544378698223,182.0,1.04,175.0,1.0479041916167664,167.0,0.9823529411764704,170.0,1.0179640718562877,252.0,-0.2518849291830329,0.2392244557837333,125.0,127.0,-0.2763192195014005,-0.5501931821549298,1.5205921683093724,-0.6471575299983856,-0.0628681776576361,0.34,0.475,0.5,0.515,0.69,0.0
175.0,1.0355029585798816,169.0,0.9941176470588236,170.0,0.9444444444444444,180.0,1.005586592178771,166.0,0.9171270718232044,181.0,1.0,181.0,1.0,181.0,1.0402298850574712,230.0,-0.2624136614048054,0.2261096906629371,114.0,116.0,-0.2489296267831918,-0.5055083594678449,1.4090386855255497,-0.5896419136476208,-0.1295714895164321,0.365,0.475,0.5,0.52,0.68,0.0
127.0,1.0,127.0,0.9769230769230768,130.0,0.948905109489051,137.0,1.0223880597014925,129.0,0.9923076923076923,130.0,0.935251798561151,139.0,0.9586206896551724,145.0,1.0283687943262412,178.0,-0.1812465374689247,0.2944447175121383,88.0,90.0,-0.1616015043963675,-0.3841774307097028,1.2578684731599232,-0.5946030231999887,0.3129649666871834,0.335,0.445,0.5,0.525,0.74,0.0
180.0,0.967741935483871,186.0,1.0108695652173914,184.0,1.0823529411764703,170.0,0.9770114942528736,167.0,1.0060240963855422,166.0,0.9485714285714286,175.0,0.9615384615384616,182.0,1.011111111111111,243.0,-0.2477266060702004,0.2267134116268962,127.0,116.0,-0.2707297827059235,-0.4451235211596195,1.4238770317025122,-0.5477225213630725,-0.1893848059407307,0.37,0.505,0.525,0.545,0.695,0.0
146.0,0.9864864864864864,148.0,1.0136986301369864,146.0,0.9864864864864864,148.0,1.072463768115942,148.0,1.0068027210884354,147.0,1.072992700729927,137.0,0.9785714285714284,140.0,0.9722222222222222,209.0,-0.2046456649567918,0.2614231000916466,106.0,103.0,-0.0756340232333564,-0.2693812009306736,1.22856621418522,-0.4806344107866321,-0.1840475424049902,0.34,0.47,0.505,0.585,0.815,0.0
151.0,1.0134228187919463,149.0,0.9867549668874172,151.0,0.9741935483870968,155.0,1.0064935064935066,150.0,0.9933774834437086,151.0,1.0,151.0,1.0066666666666666,150.0,1.020408163265306,205.0,-0.2575634117526217,0.1370840222859399,100.0,105.0,-0.1327639343874334,-0.4724640629914124,0.8202374120056376,-0.3584678141329519,-0.2087611911221322,0.36,0.47,0.49,0.515,0.845,0.0
184.0,1.03954802259887,177.0,0.9619565217391304,184.0,1.005464480874317,183.0,0.9838709677419356,182.0,#NAME?,186.0,1.0108695652173914,184.0,1.010989010989011,182.0,1.0520231213872833,252.0,-0.0930161209935886,0.2698670727752972,125.0,127.0,-0.0840081707500834,-0.3745449693917078,2.000398277710681,-0.3052889239554066,0.1427344504205949,0.37,0.475,0.5,0.52,0.695,0.0
188.0,1.0621468926553672,177.0,1.059880239520958,167.0,0.9823529411764704,170.0,0.9941520467836256,169.0,0.9712643678160919,174.0,0.9508196721311476,183.0,1.0166666666666666,180.0,1.0169491525423728,233.0,-0.1804294424699545,0.2762321027242458,115.0,118.0,-0.205578302605481,-0.5236383869712684,1.7411758248557978,-0.4512636312801842,-0.1638995756799163,0.34,0.475,0.5,0.52,0.67,0.0
225.0,2.083333333333333,108.0,0.9473684210526316,114.0,1.0178571428571428,112.0,0.9572649572649572,113.0,0.5067264573991032,223.0,2.2525252525252526,99.0,0.8048780487804879,123.0,1.0789473684210529,159.0,-0.2235360373964999,0.5242123509752468,80.0,79.0,-0.2250391367561363,-0.5972988578701817,2.176309950645684,-1.0863609957254927,0.3194513999085033,0.31,0.465,0.51,0.555,0.85,0.0
151.0,1.0,151.0,1.0202702702702702,148.0,1.0571428571428572,140.0,1.0,150.0,1.0,150.0,1.0714285714285714,140.0,1.0218978102189782,137.0,0.9716312056737588,209.0,-0.1031075064869297,0.2832810318944806,104.0,105.0,0.0614742177786878,-0.5462868595687146,1.378977200443131,-0.3949743066097926,0.3333406835093578,0.34,0.46,0.5,0.57,0.53,0.0
109.0,1.1122448979591837,98.0,0.4170212765957446,235.0,2.079646017699115,113.0,1.0462962962962965,100.0,0.8130081300813008,123.0,1.0982142857142858,112.0,1.0275229357798166,109.0,1.0092592592592593,225.0,-0.3937679806149916,0.5588719134475206,155.0,70.0,-0.5328917238507751,-0.6331451960038741,2.272517096632926,-0.98470957307642,-0.7744991724241288,0.135,0.17,0.195,0.28,0.235,0.0
184.0,1.0823529411764703,170.0,0.9770114942528736,174.0,0.9775280898876404,178.0,0.9417989417989416,175.0,0.9615384615384616,182.0,1.011111111111111,180.0,1.0344827586206895,174.0,0.9775280898876404,238.0,-0.2586077763019657,0.2492167969288123,116.0,122.0,-0.2641887158851319,-0.542827582393007,1.5978229978545375,-0.6295935544476452,-0.1341973403017473,0.35,0.465,0.49,0.51,0.68,0.0
156.0,0.975,160.0,0.975609756097561,164.0,0.9647058823529412,170.0,1.0303030303030305,162.0,0.9700598802395209,167.0,1.0060240963855422,166.0,1.0440251572327044,159.0,1.0324675324675323,222.0,-0.3343464297503607,0.1717015494064072,109.0,113.0,-0.2320112136070886,-0.5272351459891009,1.033251398192664,-0.4585834690736732,-0.2813430254304045,0.37,0.47,0.49,0.51,0.825,0.0
171.0,0.9715909090909092,176.0,1.3435114503816794,131.0,0.6649746192893401,197.0,1.3133333333333332,159.0,1.0392156862745099,153.0,1.0132450331125828,151.0,0.9320987654320988,162.0,0.9473684210526316,232.0,-0.2263565818429246,0.4373990872840826,121.0,111.0,0.2822617373642799,-0.237015683898149,1.835959179939473,-0.4931354897085057,0.190267537136768,0.49,0.475,0.525,0.635,0.565,0.0
167.0,0.9653179190751444,173.0,1.0421686746987953,166.0,1.031055900621118,161.0,1.0125786163522013,164.0,1.0379746835443038,158.0,1.0128205128205128,156.0,0.975,160.0,0.963855421686747,228.0,-0.3285683617308493,0.208338123894806,114.0,114.0,-0.2189400152980976,-0.535203624453799,1.0875515231183177,-0.4676670332655963,-0.357161205627459,0.33,0.475,0.5,0.53,0.825,0.0
188.0,1.0217391304347827,184.0,1.0454545454545454,176.0,1.0173410404624277,173.0,0.9774011299435028,171.0,0.9884393063583815,173.0,0.9664804469273744,179.0,1.0112994350282485,177.0,0.99438202247191,242.0,-0.2220762289034824,0.2572828148306217,123.0,119.0,-0.2432487022289793,-0.4534703794966189,1.805140153661864,-0.3876392847311041,0.0901439827200173,0.41,0.49,0.51,0.53,0.72,0.0
108.0,0.9642857142857144,112.0,1.0467289719626167,107.0,0.4841628959276018,221.0,2.027522935779817,110.0,1.0,110.0,1.0,110.0,0.4954954954954955,222.0,2.22,154.0,-0.1727646101901666,0.4593873247464141,77.0,77.0,0.0144186480394294,-0.422746679708666,1.828382965224012,-1.0995386805913436,0.1528323027502764,0.33,0.45,0.505,0.55,0.8,0.0
174.0,0.9942857142857144,175.0,1.0294117647058822,170.0,1.0,170.0,1.0,173.0,0.9885714285714285,175.0,0.945945945945946,185.0,0.9946236559139784,186.0,1.0333333333333334,242.0,-0.2068588040573634,0.2789083749903279,121.0,121.0,-0.1981631052098508,-0.5118754224554829,1.83277250863809,-0.3462567574644862,-0.0108132774746549,0.355,0.48,0.505,0.525,0.685,0.0
174.0,1.0357142857142858,168.0,1.05,160.0,1.0062893081761006,159.0,0.9754601226993864,157.0,1.0,157.0,0.9691358024691358,162.0,0.9642857142857144,168.0,1.0,224.0,-0.3067164994181544,0.1484172127040933,115.0,109.0,-0.1874660305380361,-0.5196851451812678,0.953192786849044,-0.371507658684835,-0.2964630569406831,0.355,0.495,0.515,0.535,0.89,0.0
152.0,0.8941176470588236,170.0,1.0059171597633136,169.0,1.0432098765432098,162.0,0.9642857142857144,175.0,1.9230769230769231,91.0,0.3905579399141631,233.0,1.5743243243243243,148.0,0.9866666666666668,244.0,-0.1647196461512703,0.388704844825016,122.0,122.0,0.2544492013618163,-0.1808336391895355,2.0413931577760995,-0.3933514889397439,0.3516325679393794,0.47,0.455,0.505,0.59,0.53,0.0
163.0,0.9314285714285714,175.0,1.0057471264367817,174.0,1.0175438596491229,171.0,0.994186046511628,175.0,0.9831460674157303,178.0,1.0470588235294118,170.0,1.0179640718562877,167.0,1.0182926829268293,249.0,-0.1772361315968702,0.2534900433515526,127.0,122.0,-0.1711839524168124,-0.4591241554244167,1.7624947828180813,-0.3624365553382616,-0.14148247029745,0.37,0.485,0.51,0.535,0.685,0.0
172.0,1.0058479532163742,171.0,1.062111801242236,161.0,1.018987341772152,158.0,1.0,162.0,1.0657894736842106,152.0,0.9681528662420382,157.0,0.9874213836477987,159.0,0.9464285714285714,233.0,-0.2936896941893471,0.1644220713894825,120.0,113.0,-0.1846220711322073,-0.5235576692968931,1.0552224074992718,-0.3783327266312524,-0.2344894561086866,0.395,0.495,0.515,0.535,0.85,0.0
165.0,0.9821428571428572,168.0,1.030674846625767,163.0,1.1164383561643836,146.0,0.9733333333333334,159.0,1.347457627118644,118.0,0.6519337016574586,181.0,1.0773809523809523,168.0,0.9940828402366864,223.0,-0.332395421211586,0.1668116099943476,112.0,111.0,-0.1938493203880895,-0.5584450442297642,0.95594946181563,-0.4958191800434075,-0.3259224183202058,0.375,0.48,0.505,0.525,0.83,0.0
145.0,1.0,145.0,1.0431654676258992,139.0,1.053030303030303,132.0,1.015384615384615,148.0,1.0571428571428572,140.0,1.0144927536231885,138.0,1.0,138.0,1.0298507462686568,206.0,-0.1864293935956597,0.2800353133204621,103.0,103.0,-0.0629246374895046,-0.3456658366951819,1.1645374260886825,-0.6159955314620807,0.1598448939462244,0.355,0.465,0.505,0.53,0.725,0.0
134.0,1.0634920634920637,126.0,0.9545454545454546,132.0,0.9777777777777776,135.0,1.0150375939849623,133.0,1.023076923076923,130.0,0.9848484848484848,132.0,0.9924812030075189,133.0,0.9708029197080292,183.0,0.0185277756370374,0.2861796040435067,90.0,93.0,0.1084081893062337,-0.1782421199459403,1.434903085864927,-0.4277814759390148,0.3974860638426031,0.335,0.45,0.495,0.52,0.715,0.0
145.0,0.9666666666666668,150.0,1.020408163265306,147.0,1.027972027972028,143.0,1.0141843971631206,144.0,0.9863013698630136,146.0,1.0503597122302155,139.0,0.9858156028368794,141.0,0.9929577464788732,205.0,-0.2263354593164757,0.2689349614003875,105.0,100.0,-0.1093469084499709,-0.3223969235982629,1.2589535494648687,-0.5155696725520784,-0.1553494955385388,0.345,0.475,0.51,0.59,0.79,0.0
169.0,1.005952380952381,168.0,0.9655172413793104,174.0,0.9456521739130436,184.0,1.0454545454545454,182.0,1.0,182.0,0.994535519125683,183.0,1.0397727272727273,176.0,0.9723756906077348,245.0,-0.2618384359294912,0.2582720721575317,118.0,127.0,-0.253639311811709,-0.5674009910286738,1.5909335106931195,-0.4628013659102627,-0.1879212627156294,0.335,0.46,0.485,0.51,0.67,0.0
144.0,1.0588235294117647,136.0,1.0625,128.0,1.0491803278688523,122.0,1.0252100840336134,134.0,0.9781021897810219,137.0,1.0148148148148148,135.0,1.0975609756097562,123.0,1.0165289256198349,191.0,-0.2233624625327058,0.3020326451874153,98.0,93.0,-0.1295828990299768,-0.4564850159726103,1.1201815242468864,-0.6516262730162982,0.1564114261476178,0.355,0.455,0.52,0.545,0.755,0.0
154.0,0.9935483870967742,155.0,1.0064935064935066,154.0,1.013157894736842,152.0,0.9743589743589745,157.0,1.0064102564102564,156.0,0.975,160.0,0.975609756097561,164.0,0.9879518072289156,216.0,-0.2227869917028609,0.1698036904689614,107.0,109.0,-0.1071299096928719,-0.4211128346526604,1.2022596412388298,-0.3356367402816554,-0.1629147436798894,0.375,0.475,0.495,0.515,0.815,0.0
165.0,0.993975903614458,166.0,0.9822485207100592,169.0,0.9941176470588236,170.0,0.9826589595375722,168.0,0.9882352941176471,170.0,1.0759493670886076,158.0,0.9875,160.0,1.0256410256410255,231.0,-0.1912879402968811,0.3922008154731545,114.0,117.0,-0.1230910730423155,-0.218388982666154,1.9708501027582053,-0.383609166429423,-0.0320526122278587,0.31,0.45,0.495,0.61,0.55,0.0
163.0,1.065359477124183,153.0,1.0132450331125828,151.0,0.9869281045751634,153.0,0.9870967741935484,156.0,1.3,120.0,0.6779661016949152,177.0,1.079268292682927,164.0,0.95906432748538,219.0,-0.3179989872183212,0.1330099480874531,110.0,109.0,-0.1904202580343224,-0.5745329247661926,0.7955483669289785,-0.4150213015155266,-0.2872883786937373,0.35,0.48,0.505,0.525,0.865,0.0
136.0,0.9927007299270072,137.0,0.9785714285714284,140.0,0.9929078014184396,141.0,0.9724137931034482,139.0,1.0072463768115942,138.0,0.9517241379310344,145.0,1.5934065934065933,91.0,0.441747572815534,195.0,-0.1588731080838675,0.2660975169032956,98.0,97.0,-0.0077379054886112,-0.2471062184290632,1.3245978361808304,-0.4436453122078249,-0.1292134261978521,0.345,0.47,0.505,0.575,0.815,0.0
157.0,0.9691358024691358,162.0,0.9529411764705882,170.0,1.0059171597633136,169.0,1.0368098159509205,170.0,1.0303030303030303,165.0,1.0377358490566038,159.0,,152.0,0.9440993788819876,231.0,-0.3465819050949841,0.1562327540279021,113.0,118.0,-0.2479489601811189,-0.6149360674169778,0.8604940586794647,-0.4565199071775692,-0.2855237817923176,0.325,0.46,0.49,0.515,0.84,0.0
213.0,2.3666666666666667,90.0,0.703125,128.0,1.1851851851851851,108.0,0.972972972972973,226.0,1.0414746543778801,217.0,0.9863636363636364,220.0,1.0185185185185186,216.0,1.945945945945946,311.0,-0.1719301620690176,0.6100489193118623,153.0,158.0,-0.3388810916154969,-0.5036936334212616,2.48265883140412,-0.72160454672473,-0.72160454672473,0.09,0.12,0.14,0.165,0.165,0.0
139.0,0.7808988764044944,178.0,1.065868263473054,167.0,1.0636942675159236,157.0,1.026143790849673,154.0,0.9935483870967742,155.0,1.054421768707483,147.0,1.0575539568345325,139.0,1.0220588235294117,215.0,-0.4665881974718465,0.1343163220912686,108.0,107.0,-0.3456406290335711,-0.7113499393245849,0.622081586320235,-0.6194732351603431,-0.4309709582887322,0.33,0.48,0.505,0.525,0.885,0.0
157.0,1.0328947368421053,152.0,0.9212121212121211,165.0,1.0,165.0,1.0248447204968945,160.0,0.9580838323353293,167.0,1.0060240963855422,166.0,1.0506329113924051,158.0,0.9937106918238994,220.0,-0.3437307203962153,0.1517343858000919,108.0,112.0,-0.262056995267648,-0.5297252934759693,0.8650735931675652,-0.5189445147422734,-0.3163264201994061,0.36,0.47,0.49,0.51,0.87,0.0
164.0,0.9879518072289156,166.0,0.976470588235294,170.0,1.0493827160493827,162.0,1.018867924528302,179.0,1.0346820809248556,173.0,0.9942528735632185,174.0,0.9720670391061452,179.0,0.952127659574468,255.0,-0.1715748262123149,0.2801425033295792,130.0,125.0,-0.2016795098946867,-0.496666099158779,1.9033347895015096,-0.4115434259555613,-0.1265751342154912,0.39,0.485,0.51,0.535,0.685,0.0
140.0,1.627906976744186,86.0,0.4278606965174129,201.0,1.3311258278145697,151.0,0.993421052631579,86.0,0.4215686274509804,204.0,1.3421052631578947,152.0,1.027027027027027,148.0,1.0136986301369864,161.0,-0.223943194370112,0.2809502398060239,101.0,60.0,-0.0566010379413998,-0.2839375464376881,1.2049524557024185,-0.4832885642743385,-0.1885015137329778,0.43,0.585,0.625,0.72,0.945,0.0
155.0,1.597938144329897,97.0,0.4163090128755364,233.0,1.3546511627906976,172.0,1.0238095238095235,165.0,0.9428571428571428,175.0,1.0416666666666667,168.0,1.105263157894737,152.0,2.0,230.0,-0.2454095065929881,0.3909542641732958,115.0,115.0,0.3315814238494694,-0.2285546256473506,1.9024368202242603,-0.4909749777099457,0.441571979447745,0.475,0.455,0.505,0.605,0.53,0.0
168.0,1.105263157894737,152.0,1.0555555555555556,144.0,0.9171974522292994,157.0,1.4017857142857142,147.0,0.9607843137254902,153.0,0.9161676646706588,167.0,0.9653179190751444,173.0,1.0484848484848486,206.0,-0.2856699277219386,0.4141870694324559,104.0,102.0,-0.2201494762346325,-0.3249020028768252,2.0335774390364265,-0.4940613675502262,0.1761042756392104,0.36,0.45,0.51,0.615,0.54,0.0
183.0,1.011049723756906,181.0,1.0342857142857145,175.0,0.9943181818181818,176.0,1.0057142857142858,175.0,1.0115606936416186,173.0,0.9611111111111112,180.0,0.9782608695652174,184.0,1.0514285714285714,239.0,-0.2445084038268708,0.2344891405403702,117.0,122.0,-0.2655557463092618,-0.4680406657206539,1.5149918912260905,-0.5956859776367767,-0.2254037002557315,0.385,0.47,0.495,0.515,0.66,0.0
164.0,0.9647058823529412,170.0,1.0240963855421688,166.0,1.064102564102564,156.0,1.0196078431372548,202.0,1.2784810126582278,158.0,1.082191780821918,146.0,0.9668874172185432,151.0,1.0134228187919463,259.0,-0.263705520768339,0.4154252190828546,118.0,141.0,-0.1796645260274426,-0.272826286072561,2.1315391497196474,-0.5101786164136662,0.0289196199072426,0.28,0.39,0.46,0.555,0.505,0.0
176.0,0.9723756906077348,181.0,0.9526315789473684,190.0,1.0614525139664803,179.0,1.0170454545454546,180.0,1.0588235294117647,170.0,0.9883720930232558,172.0,0.9717514124293786,177.0,1.0,256.0,-0.2362288235744739,0.2527665468157594,131.0,125.0,-0.2371951358126004,-0.5112582978670741,1.7222184567057517,-0.5104689068929626,0.0703092380774263,0.38,0.49,0.515,0.535,0.725,0.0
142.0,1.0,142.0,0.9659863945578232,147.0,0.9483870967741936,155.0,1.0264900662251657,150.0,1.0135135135135136,148.0,1.0068027210884354,147.0,0.98,150.0,1.0273972602739727,207.0,-0.2453797971006029,0.2566457591935333,102.0,105.0,-0.1207366135934631,-0.3379427385937456,1.2137707354392222,-0.5173749781330587,-0.244535396061111,0.34,0.46,0.495,0.56,0.835,0.0
166.0,1.2868217054263569,129.0,0.6548223350253807,197.0,1.1726190476190477,168.0,1.024390243902439,165.0,1.0122699386503067,163.0,1.0316455696202531,158.0,1.0,158.0,1.0,233.0,-0.2966243494479949,0.1920558735053739,118.0,115.0,-0.1968626159429172,-0.5225322775865637,1.1484415303679287,-0.3926455616336687,-0.2580538057946382,0.38,0.48,0.51,0.53,0.845,0.0
131.0,0.9492753623188406,138.0,0.9452054794520548,146.0,0.9798657718120806,149.0,1.0492957746478873,147.0,0.9423076923076923,156.0,0.9936305732484076,157.0,0.9874213836477987,159.0,1.03921568627451,205.0,-0.424408777689532,0.1487798044251888,103.0,102.0,-0.2922655941104668,-0.652540107067709,0.7405558694670706,-0.5541440950052512,-0.4045831096432873,0.36,0.475,0.5,0.525,0.84,0.0
132.0,0.9635036496350364,137.0,1.0073529411764706,136.0,1.0149253731343284,134.0,0.9852941176470588,128.0,1.024,125.0,0.9398496240601504,133.0,0.9432624113475178,141.0,1.036764705882353,183.0,-0.1146648439039362,0.3019154849279905,94.0,89.0,0.0338725740715452,-0.2482914613209934,1.219635742862924,-0.6794462124694641,0.1805045693087127,0.36,0.485,0.515,0.57,0.76,0.0
176.0,1.934065934065934,91.0,0.3345588235294117,272.0,1.6484848484848484,165.0,1.0784313725490196,164.0,2.1578947368421053,76.0,0.3193277310924369,238.0,1.515923566878981,157.0,0.8971428571428571,240.0,-0.2395401201003122,0.3951399375270618,126.0,114.0,-0.1984552315925547,-0.271846881766722,2.0685063872329814,-0.4366844899888701,0.2593631076199166,0.355,0.485,0.53,0.615,0.555,0.0
161.0,0.8994413407821229,179.0,1.028735632183908,174.0,1.0807453416149069,161.0,1.0254777070063694,165.0,2.037037037037037,81.0,0.3552631578947368,228.0,1.4339622641509433,159.0,0.9754601226993864,239.0,-0.2611260441666264,0.3425759179614983,124.0,115.0,0.0231567402212321,-0.2513643070446916,1.7301341515301596,-0.4486467144966561,-0.1761994306125749,0.485,0.475,0.52,0.62,0.925,0.0
124.0,1.2916666666666667,96.0,0.7619047619047619,126.0,0.5727272727272728,220.0,1.9469026548672568,113.0,1.0560747663551402,107.0,1.1382978723404256,94.0,0.7014925373134329,134.0,1.1964285714285714,156.0,0.199185661036553,0.51692823627069,77.0,79.0,0.1288416135740517,-0.1547270133215982,2.4736514526663003,-0.8170942702369026,0.6339540119547118,0.295,0.455,0.5,0.545,0.835,0.0
178.0,0.967391304347826,184.0,1.010989010989011,182.0,0.978494623655914,186.0,1.0163934426229508,177.0,1.0172413793103448,174.0,1.0807453416149069,161.0,0.9877300613496932,163.0,0.9588235294117649,246.0,-0.1469704539785672,0.2700177833373036,123.0,123.0,-0.2030097394571793,-0.4773581401603323,1.8569350895236476,-0.4397499251641314,-0.0916468412393436,0.395,0.48,0.5,0.52,0.67,0.0
92.0,0.46,200.0,1.30718954248366,153.0,1.3421052631578947,114.0,0.5352112676056338,144.0,0.9411764705882353,153.0,1.0,153.0,1.4433962264150944,106.0,0.4930232558139535,202.0,-0.311930254568628,0.3602758242640584,102.0,100.0,0.0838368743619935,-0.34,1.637547045453408,-0.5083497655456111,0.164662069482506,0.475,0.455,0.51,0.615,0.54,0.0
110.0,0.5116279069767442,215.0,2.107843137254902,102.0,0.8360655737704918,122.0,1.1296296296296295,109.0,0.9732142857142857,112.0,1.0467289719626167,107.0,0.9907407407407408,108.0,0.972972972972973,154.0,-0.3412570019917749,0.4903990919656254,78.0,76.0,-0.3881307154974453,-0.7010303522541599,1.8807574880323836,-1.1381426458768045,0.2403576151621528,0.305,0.465,0.51,0.555,0.825,0.0
140.0,0.9722222222222222,144.0,0.993103448275862,145.0,0.9666666666666668,150.0,1.0344827586206895,141.0,0.9463087248322147,149.0,0.9867549668874172,151.0,1.0272108843537415,147.0,1.065217391304348,197.0,-0.2390614252165016,0.269363009772984,99.0,98.0,-0.0802332214864897,-0.3513163734549149,1.1994480023117458,-0.5561539011049456,-0.225,0.335,0.465,0.505,0.58,0.805,0.0
168.0,1.0120481927710845,166.0,1.0246913580246917,162.0,1.0,162.0,1.0384615384615383,157.0,0.9691358024691358,162.0,1.0,162.0,0.9878048780487804,164.0,0.9820359281437124,221.0,-0.3099176475679738,0.1752932693033785,112.0,109.0,-0.2035763486688674,-0.4906073619324338,1.0453415277385745,-0.4787766209608576,-0.2274546395335135,0.39,0.485,0.51,0.53,0.87,0.0
165.0,1.0185185185185186,162.0,1.528301886792453,106.0,0.5921787709497207,179.0,1.2013422818791946,149.0,1.0419580419580419,143.0,0.9794520547945206,146.0,1.020979020979021,143.0,0.9930555555555556,210.0,-0.260024446207619,0.1496752329461667,106.0,104.0,-0.1600232072045775,-0.4572543433734274,0.9183651820231687,-0.3864177996238155,-0.2057895325659994,0.365,0.485,0.505,0.53,0.85,0.0
148.0,1.0068027210884354,147.0,0.98,150.0,1.0273972602739727,146.0,1.042857142857143,146.0,1.0138888888888888,144.0,1.0285714285714285,140.0,0.9859154929577464,142.0,1.0,208.0,-0.1903951897778837,0.2615025588893896,106.0,102.0,-0.0800130646503431,-0.2720065926776551,1.271548139982098,-0.4607910363006316,-0.1811585831240503,0.34,0.475,0.51,0.585,0.76,0.0
140.0,0.9790209790209792,143.0,0.986206896551724,145.0,1.0,145.0,0.9731543624161074,145.0,0.9666666666666667,150.0,1.0,150.0,1.020408163265306,147.0,1.0,199.0,-0.208727783056558,0.2561939830792593,98.0,101.0,-0.1291950486585878,-0.2423698904010439,1.2301490783830984,-0.4165858414001169,-0.161333510197501,0.335,0.46,0.495,0.565,0.835,0.0
170.0,1.0240963855421688,166.0,1.070967741935484,155.0,1.0402684563758389,149.0,0.9933333333333332,156.0,1.04,150.0,1.0067114093959733,149.0,0.93125,160.0,1.0256410256410255,223.0,-0.2510820450714762,0.1735317734576944,114.0,109.0,-0.1367651709256363,-0.451009025414163,1.0784356332952378,-0.3960484438246188,-0.236365337435936,0.345,0.485,0.515,0.535,0.86,0.0
173.0,0.9885714285714284,175.0,0.945945945945946,185.0,0.9946236559139784,186.0,1.0333333333333334,184.0,1.0760233918128654,171.0,1.0301204819277108,166.0,1.01840490797546,163.0,0.9588235294117649,253.0,-0.2851403797411999,0.2814082220831616,125.0,128.0,-0.3127373071815941,-0.6246716408653117,1.802882624002588,-0.4468519997657909,-0.1417721793083569,0.325,0.47,0.495,0.52,0.68,0.0
173.0,1.0,173.0,1.0745341614906831,161.0,1.018987341772152,158.0,0.9937106918238994,160.0,0.9876543209876543,162.0,1.0125,160.0,0.9142857142857144,175.0,1.0294117647058822,228.0,-0.1637338095909582,0.2788550635916716,116.0,112.0,-0.1396569736787271,-0.4825728376452631,1.856086887926157,-0.3539547590208231,-0.0864646576675417,0.365,0.485,0.51,0.535,0.695,0.0
141.0,0.9929577464788732,142.0,1.0070921985815602,141.0,0.9215686274509804,153.0,1.006578947368421,148.0,1.0068027210884354,147.0,1.013793103448276,145.0,0.9666666666666668,150.0,0.9933774834437086,202.0,-0.2323527043988794,0.2317608448328554,99.0,103.0,-0.1153803279406717,-0.3064624909175834,1.2268405473937691,-0.4877423955402108,-0.1858362650195641,0.34,0.46,0.49,0.57,0.75,0.0
176.0,0.9832402234636872,179.0,1.0654761904761905,168.0,1.018181818181818,165.0,0.9705882352941176,160.0,0.9467455621301775,169.0,1.0180722891566265,166.0,0.994011976047904,167.0,0.9653179190751444,228.0,-0.2380215998073109,0.2719910156847122,116.0,112.0,-0.2512280943863823,-0.5544274926030884,1.6475934389186389,-0.5280619666087712,-0.0635180255200363,0.36,0.485,0.515,0.535,0.705,0.0
147.0,0.9671052631578948,152.0,1.0133333333333334,150.0,1.0273972602739727,146.0,1.028169014084507,150.0,1.0204081632653061,147.0,1.013793103448276,145.0,1.0283687943262412,141.0,1.0,208.0,-0.19960586259241,0.2527542309612497,103.0,105.0,-0.0681176873759783,-0.2629972660169386,1.2594995838429537,-0.4674951929826682,-0.1527638193737448,0.335,0.46,0.495,0.57,0.75,0.0
175.0,0.9943181818181818,176.0,0.9832402234636872,179.0,1.028735632183908,174.0,1.0057803468208093,174.0,1.0175438596491229,171.0,1.0555555555555556,162.0,1.0062111801242235,161.0,0.9252873563218392,242.0,-0.1710064017763463,0.2663666929317134,121.0,121.0,-0.2068253856409682,-0.4031498512354263,1.7409552883372306,-0.4098850513514097,0.109101925661086,0.335,0.48,0.5,0.525,0.725,0.0
91.0,0.7165354330708661,127.0,1.1545454545454543,110.0,1.02803738317757,107.0,0.9304347826086956,113.0,0.9912280701754386,114.0,1.0178571428571428,112.0,0.5185185185185185,216.0,1.9285714285714288,156.0,-0.0743285190205465,0.4857731551815952,77.0,79.0,0.0841725124015726,-0.3460803622806773,2.192854337484946,-0.8838599673879661,0.3407639635824051,0.32,0.46,0.495,0.54,0.855,0.0
149.0,1.041958041958042,143.0,0.9727891156462584,147.0,1.0,147.0,1.013793103448276,124.0,0.9465648854961832,131.0,0.9632352941176472,136.0,1.0225563909774436,133.0,1.0555555555555556,175.0,-0.3249331309678871,0.2382514275424372,89.0,86.0,-0.2481972172035539,-0.5554075865041637,1.313459003590503,-0.5302337445788466,-0.1716164172657152,0.33,0.455,0.515,0.545,0.78,0.0
185.0,0.9438775510204082,196.0,1.037037037037037,189.0,1.0,189.0,1.0384615384615383,181.0,1.0342857142857143,175.0,0.9943181818181818,176.0,1.0057142857142858,175.0,0.9562841530054644,254.0,-0.2434902592045102,0.2269035147286969,128.0,126.0,-0.2632846854016992,-0.4713761688885212,1.4302213240142043,-0.5252733608669795,0.0299099011712002,0.35,0.48,0.505,0.53,0.715,0.0
155.0,1.0616438356164384,146.0,1.0656934306569343,137.0,1.0300751879699248,133.0,1.3711340206185567,142.0,1.0364963503649636,137.0,0.9383561643835616,146.0,0.954248366013072,153.0,0.9444444444444444,197.0,-0.2951743408314198,0.3482237479253559,98.0,99.0,0.1725460233421306,-0.324628463673946,1.7393711749206755,-0.4679088954524372,-0.0485784959368515,0.47,0.435,0.505,0.61,0.54,0.0
140.0,1.0,140.0,0.9655172413793104,145.0,1.0283687943262412,141.0,1.0,137.0,0.9716312056737588,141.0,0.94,150.0,1.0135135135135136,148.0,1.0068027210884354,193.0,-0.1411330163821241,0.2708257187792495,98.0,95.0,0.0294590943369697,-0.1991370813350349,1.3078970075168002,-0.4032018423767851,-0.1283165829145728,0.345,0.475,0.51,0.58,0.805,0.0
165.0,0.9649122807017544,171.0,0.9661016949152542,177.0,0.9725274725274724,182.0,1.0224719101123596,184.0,1.0454545454545454,176.0,1.035294117647059,170.0,0.9883720930232558,172.0,1.0238095238095235,256.0,-0.2102692833092015,0.2734028920327344,128.0,128.0,-0.2635784509194422,-0.5320510498384973,1.8429734744909172,-0.4564365855210961,-0.1171389109478737,0.38,0.475,0.5,0.52,0.67,0.0
109.0,1.0092592592592593,108.0,0.9642857142857144,112.0,1.037037037037037,108.0,0.972972972972973,110.0,0.9734513274336283,113.0,1.0,113.0,1.0272727272727271,110.0,1.02803738317757,153.0,-0.0559346968152579,0.4963635262823978,76.0,77.0,0.0716514790777816,-0.3408334639209062,2.35034753877603,-0.8924345161954608,0.3657899651367747,0.315,0.46,0.505,0.545,0.845,0.0
147.0,0.98,150.0,1.0416666666666667,144.0,1.0212765957446808,141.0,1.014388489208633,147.0,0.9865771812080537,149.0,1.0642857142857145,140.0,1.0218978102189782,137.0,0.9927536231884058,205.0,-0.2831232898672653,0.2615163836770843,103.0,102.0,-0.145183905437322,-0.3633454605732591,1.184925204585028,-0.5828651018634288,-0.2808596251582009,0.34,0.465,0.5,0.575,0.81,0.0
134.0,1.0075187969924813,133.0,1.0390625,128.0,0.962406015037594,133.0,0.93006993006993,128.0,0.9846153846153847,130.0,0.9420289855072465,138.0,1.0,138.0,0.9857142857142858,180.0,-0.2746109741303019,0.2876028165644234,91.0,89.0,-0.2306125463115844,-0.5134529740427813,1.0438254004211471,-0.7548049318454719,0.0007297503520523,0.36,0.46,0.51,0.535,0.725,0.0
150.0,0.925925925925926,162.0,1.0253164556962024,158.0,0.9634146341463414,164.0,0.9879518072289156,171.0,1.0301204819277108,166.0,1.01840490797546,163.0,1.01875,160.0,1.019108280254777,227.0,-0.3781853197061983,0.154011895002927,108.0,119.0,-0.292120743744931,-0.6085282871928306,0.904320622039786,-0.5087767247718514,-0.3033355732324329,0.355,0.455,0.48,0.5,0.84,0.0
162.0,1.7419354838709675,93.0,0.4008620689655172,232.0,1.432098765432099,162.0,0.9818181818181818,169.0,1.0432098765432098,162.0,0.9642857142857144,168.0,1.0838709677419356,155.0,0.981012658227848,236.0,-0.1432534463713283,0.4073858759974278,118.0,118.0,0.4431810613124792,-0.1845279921236929,2.175615114182397,-0.375099474209169,0.3282633680239472,0.475,0.455,0.505,0.595,0.53,0.0
160.0,1.0457516339869282,153.0,0.9161676646706588,167.0,0.9940476190476192,168.0,1.0059880239520955,160.0,0.9302325581395349,172.0,1.0058479532163742,171.0,1.062111801242236,161.0,1.018987341772152,220.0,-0.3485886120547093,0.1521116032972059,108.0,112.0,-0.2377797061359122,-0.5614657513756318,0.8802492351609947,-0.5046721238795975,-0.3368594440588164,0.37,0.47,0.49,0.51,0.855,0.0
139.0,0.9455782312925172,147.0,0.9865771812080536,149.0,0.9141104294478528,163.0,1.0124223602484472,164.0,0.9761904761904762,168.0,0.96,175.0,1.0802469135802468,162.0,1.0657894736842106,293.0,-0.3221362483425538,0.381498874720945,179.0,114.0,-0.261889899622873,-0.3267344189559473,2.135461785167432,-0.5622015005227028,-0.1057134750630696,0.505,0.575,0.615,0.69,0.65,0.0
183.0,1.0397727272727273,176.0,1.0666666666666669,165.0,0.953757225433526,173.0,1.0,162.0,0.9364161849710982,173.0,1.0176470588235291,170.0,1.0059171597633136,169.0,0.971264367816092,226.0,-0.2297595235291473,0.2614031838043582,113.0,113.0,-0.251702895777254,-0.5574342042742547,1.7842841758216277,-0.4708536986544899,-0.0897081256312753,0.39,0.475,0.5,0.52,0.68,0.0
110.0,0.9734513274336284,113.0,1.13,100.0,1.0526315789473684,95.0,0.3991596638655462,97.0,0.7404580152671756,131.0,0.5796460176991151,226.0,1.036697247706422,218.0,1.963963963963964,219.0,0.0680460703033115,0.8262967822684107,152.0,67.0,1.786435619634002,-0.3613631627537881,2.890000000000001,-0.8038856431733417,-0.8038856431733417,0.175,0.14,0.205,0.24,0.24,0.0
152.0,1.0133333333333334,150.0,1.0416666666666667,144.0,1.0212765957446808,141.0,1.014388489208633,151.0,1.0785714285714285,140.0,1.037037037037037,135.0,0.9642857142857144,140.0,1.0,210.0,-0.2652783841725379,0.2324892080122269,105.0,105.0,-0.1370563540300837,-0.3619446895663219,1.1476999811395534,-0.5304522885117892,-0.2640564479199844,0.345,0.47,0.505,0.575,0.825,0.0
113.0,1.1649484536082475,97.0,0.8083333333333333,120.0,1.0909090909090908,110.0,0.990990990990991,113.0,1.036697247706422,109.0,1.0186915887850467,107.0,0.4953703703703703,216.0,2.0970873786407767,160.0,0.1111028344226876,0.4704531737950339,81.0,79.0,0.2389291736174351,-0.1556300463942564,2.1814069083359287,-0.7557447091442427,0.4855198128850516,0.325,0.47,0.51,0.56,0.85,0.0
144.0,1.0,144.0,1.0359712230215827,139.0,1.045112781954887,133.0,0.9708029197080292,137.0,0.9927536231884058,138.0,1.037593984962406,133.0,0.9851851851851852,135.0,0.9310344827586208,190.0,-0.6740514064124067,0.2889545482623854,95.0,95.0,-0.6067938330982894,-0.8978144055123308,1.15270377366009,-0.768106099394263,-0.3885026781317432,0.335,0.445,0.505,0.535,0.735,0.0
138.0,0.9452054794520548,146.0,0.9798657718120806,149.0,1.0492957746478873,142.0,0.9342105263157896,156.0,0.9936305732484076,157.0,0.9874213836477987,159.0,1.03921568627451,153.0,1.0268456375838926,211.0,-0.3626874518113467,0.1629699386495509,102.0,109.0,-0.2550900590304792,-0.555914089541323,0.8414801296011931,-0.4519909253663063,-0.2561838865955928,0.35,0.465,0.485,0.51,0.81,0.0
138.0,0.9583333333333334,144.0,0.979591836734694,147.0,0.9865771812080536,149.0,1.7325581395348837,147.0,1.0068493150684932,146.0,1.0354609929078014,141.0,1.0071428571428571,140.0,0.9929078014184396,204.0,-0.2371725302214708,0.2534371096084557,102.0,102.0,-0.0986546792380711,-0.3212907748308018,1.2243443354302768,-0.4996259764446296,-0.209413436247814,0.34,0.465,0.5,0.58,0.825,0.0
113.0,0.9912280701754386,114.0,1.0178571428571428,112.0,1.009009009009009,111.0,0.9823008849557522,111.0,1.0373831775700935,107.0,0.9553571428571428,112.0,0.991150442477876,113.0,1.448717948717949,153.0,-0.329776342195386,0.4664658528163757,76.0,77.0,-0.3441283769714224,-0.6777413215223798,1.896776649392861,-0.9473800831205592,0.1325415358650813,0.305,0.465,0.5,0.545,0.82,0.0
193.0,1.032085561497326,187.0,1.050561797752809,178.0,0.9834254143646408,181.0,1.0342857142857145,179.0,1.0170454545454546,176.0,0.9513513513513514,185.0,0.9893048128342246,187.0,0.9894179894179894,248.0,-0.2968392416976668,0.2242381743270909,123.0,125.0,-0.3203236282015589,-0.5214279643043096,1.3801827292776152,-0.6386039311892604,-0.1744061839918367,0.39,0.475,0.5,0.52,0.68,0.0
166.0,1.0121951219512195,164.0,0.993939393939394,165.0,1.0,165.0,0.9593023255813954,161.0,0.9817073170731707,164.0,0.9534883720930232,172.0,0.9885057471264368,174.0,1.0609756097560976,225.0,-0.1943504471971253,0.2905242484945541,113.0,112.0,-0.232126226475727,-0.5012417935244916,1.90964960320951,-0.4199307811769918,-0.0601635975762156,0.385,0.48,0.505,0.53,0.705,0.0
171.0,0.9884393063583816,173.0,0.9301075268817204,186.0,1.0449438202247192,178.0,0.978021978021978,187.0,1.0108108108108107,185.0,1.022099447513812,181.0,1.046242774566474,173.0,1.193103448275862,265.0,-0.2618748759425831,0.22085556901944,135.0,130.0,-0.3004325065961399,-0.4790628972359922,1.4553770154403416,-0.5870028425938313,-0.110521840894946,0.355,0.49,0.51,0.53,0.675,0.0
170.0,1.0,170.0,0.9289617486338798,183.0,0.9945652173913044,184.0,1.022222222222222,186.0,1.0333333333333334,180.0,1.0404624277456649,173.0,1.0176470588235291,170.0,0.9826589595375722,259.0,-0.2805466588851687,0.27613882352927,129.0,130.0,-0.2956948099547951,-0.5729017761615183,1.7336543801888649,-0.4884487544429406,-0.1576579828200395,0.34,0.475,0.5,0.52,0.675,0.0
134.0,1.0,134.0,1.0075187969924813,133.0,1.0310077519379846,129.0,0.9699248120300752,127.0,1.0,127.0,1.016,125.0,0.9765625,128.0,0.962406015037594,181.0,-0.1182499043919522,0.2905502505633698,93.0,88.0,-0.0556533876763155,-0.3634080630893528,1.1994603057729725,-0.7207036845765835,0.2015749309756269,0.345,0.465,0.52,0.575,0.765,0.0
186.0,1.0508474576271187,177.0,0.988826815642458,179.0,1.0346820809248556,173.0,0.9402173913043478,148.0,1.0,148.0,0.9308176100628932,159.0,0.99375,160.0,1.0126582278481011,208.0,-1.038368059334705,0.4224072077083745,105.0,103.0,-1.1556239095537575,-1.399785718528371,1.3557135300975902,-1.15195988095823,-0.7259518408502724,0.385,0.48,0.51,0.535,0.875,0.0
157.0,0.9181286549707602,171.0,2.011764705882353,85.0,0.320754716981132,265.0,1.7320261437908495,86.0,0.35537190082644626,242.0,1.6133333333333333,150.0,0.9803921568627452,153.0,1.9870129870129871,181.0,-0.1733593969762986,0.4295897784977061,121.0,60.0,0.2974167614548724,-0.1739572872323154,1.8243979837266304,-0.4060268668486368,0.2341926372004054,0.635,0.615,0.675,0.795,0.72,0.0
152.0,1.0482758620689656,145.0,0.9863945578231292,147.0,1.013793103448276,145.0,0.9797297297297296,149.0,1.0067567567567568,148.0,0.925,160.0,1.0062893081761006,159.0,1.0192307692307692,211.0,-0.3094270014262278,0.1602700856746957,107.0,104.0,-0.1731419201006688,-0.5151511284498331,1.00966153922456,-0.4015885387568294,-0.2545142977167711,0.37,0.485,0.51,0.53,0.87,0.0
146.0,1.006896551724138,145.0,1.0283687943262412,141.0,1.014388489208633,139.0,1.0296296296296297,143.0,1.0214285714285714,140.0,1.0,140.0,1.0144927536231885,138.0,0.9787234042553192,202.0,-0.2762204679760757,0.2609313408432644,102.0,100.0,-0.1114805118663564,-0.3477431916598137,1.1597167469172671,-0.5528749157280279,-0.2074173788962275,0.35,0.475,0.505,0.59,0.82,0.0
166.0,1.0506329113924051,158.0,0.9937106918238994,159.0,1.03921568627451,153.0,0.9683544303797468,155.0,1.0,155.0,0.9872611464968152,157.0,0.98125,160.0,0.98159509202454,221.0,-0.2886339937362012,0.1476849967805219,113.0,108.0,-0.1670081989712523,-0.4828055904490266,0.8863461908428483,-0.3925927503686709,-0.2657413233745819,0.355,0.495,0.515,0.54,0.83,0.0
200.0,1.3157894736842106,152.0,1.0935251798561152,139.0,1.045112781954887,133.0,0.95,134.0,1.4105263157894736,95.0,0.5163043478260869,184.0,1.3529411764705883,136.0,0.9251700680272108,189.0,-0.3431411377465791,0.3930103359690232,96.0,93.0,-0.2584980884438964,-0.3949838195468162,1.9006330672918643,-0.5240672692140201,-0.1378678386016758,0.32,0.44,0.515,0.615,0.545,0.0
134.0,1.2523364485981308,107.0,0.9385964912280702,114.0,1.008849557522124,113.0,1.0462962962962965,110.0,0.49327354260089684,223.0,1.956140350877193,114.0,1.027027027027027,111.0,1.088235294117647,154.0,-0.165878796449577,0.503899435216202,77.0,77.0,-0.2270665681810204,-0.6397867473864413,2.0837540204151184,-0.9718267398501444,0.5359330934993481,0.305,0.465,0.5,0.55,0.825,0.0
142.0,0.9659863945578232,147.0,0.9932432432432432,148.0,0.9866666666666668,150.0,1.020408163265306,95.0,0.4567307692307692,208.0,1.4246575342465753,146.0,1.006896551724138,145.0,1.0357142857142858,169.0,-0.2383835913765546,0.2846346744528273,103.0,66.0,-0.1330662960033876,-0.302202093681042,1.2184770542511814,-0.4876951652513841,-0.1061048139000301,0.41,0.565,0.615,0.7,0.96,0.0
149.0,0.9933333333333332,150.0,1.0,150.0,1.0714285714285714,140.0,1.0218978102189782,149.0,1.0419580419580419,143.0,1.0141843971631206,141.0,1.0,141.0,0.9929577464788732,209.0,-0.1169062796300198,0.3050446166340252,105.0,104.0,0.0010782559947272,-0.2726207747143769,1.353751584741042,-0.430286557235548,-0.1265220991154713,0.35,0.455,0.505,0.565,0.87,0.0
84.0,0.3888888888888889,216.0,1.565217391304348,138.0,1.8904109589041096,73.0,0.3596059113300492,146.0,0.9864864864864865,148.0,0.9866666666666668,150.0,0.9146341463414634,164.0,0.9479768786127168,218.0,-0.1976369053035032,0.3043954460510709,116.0,102.0,-0.1484691387017158,-0.2375011675650342,1.546506792918139,-0.3685544868377391,0.2136630341769542,0.38,0.485,0.535,0.635,0.57,0.0
157.0,0.9515151515151516,165.0,0.993975903614458,166.0,0.9273743016759776,179.0,1.0914634146341464,170.0,0.9826589595375722,173.0,1.1019108280254777,157.0,1.097902097902098,143.0,0.959731543624161,236.0,-0.0459103958478869,0.3402389776444076,118.0,118.0,0.4981658279633018,-0.0551060287997249,1.985936621069116,-0.2153723714790789,0.4130285808082644,0.475,0.445,0.505,0.6,0.53,0.0
173.0,0.9664804469273744,179.0,1.0056179775280898,178.0,1.04093567251462,171.0,1.0363636363636364,175.0,1.0542168674698795,166.0,1.0,166.0,0.9273743016759776,179.0,1.0112994350282485,244.0,-0.2424871655563062,0.2695213882872361,122.0,122.0,-0.2810104908096097,-0.5657412774526119,1.755172461274754,-0.4738061855003886,-0.131562244902576,0.38,0.475,0.5,0.525,0.685,0.0
110.0,0.9734513274336284,113.0,1.0,113.0,1.0272727272727271,110.0,1.02803738317757,116.0,1.045045045045045,111.0,1.009090909090909,110.0,1.0091743119266054,109.0,1.0,158.0,-0.0879244362648391,0.4444206261367117,77.0,81.0,-0.0495803977443591,-0.3474205008220457,1.999376866314062,-0.9037828259179532,0.3623804118112015,0.3,0.45,0.495,0.535,0.825,0.0
174.0,0.9405405405405406,185.0,1.0164835164835164,182.0,0.994535519125683,183.0,1.0517241379310345,174.0,0.9942857142857143,175.0,1.0294117647058822,170.0,1.0,170.0,1.0,246.0,-0.2409123319262592,0.2912077943938587,125.0,121.0,-0.277052548354803,-0.6088154537290107,1.94237312212134,-0.5200935571684278,-0.127170795240768,0.395,0.485,0.51,0.53,0.675,0.0
164.0,0.9761904761904762,168.0,1.018181818181818,165.0,1.0185185185185186,162.0,0.9700598802395208,168.0,1.0632911392405062,158.0,1.0,158.0,0.9693251533742332,163.0,1.0316455696202531,235.0,-0.2967389532059708,0.158580711186418,118.0,117.0,-0.1905703956133468,-0.4931286126202723,0.998992925368074,-0.3996067300751772,-0.25728040845589,0.38,0.485,0.505,0.525,0.845,0.0
118.0,1.25531914893617,94.0,0.7642276422764228,123.0,1.128440366972477,109.0,1.0092592592592593,222.0,1.0325581395348837,215.0,1.9724770642201837,109.0,1.0186915887850467,107.0,1.0,306.0,-0.4007327527548013,0.5858746177524027,151.0,155.0,1.9016983586199,-0.6085793714450547,1.9716866890947229,-1.278236994293808,-0.7546279306302425,0.495,0.85,0.87,0.895,0.985,0.0
228.0,1.5302013422818792,149.0,1.0,149.0,0.9675324675324676,154.0,0.9565217391304348,145.0,1.4948453608247423,97.0,0.4663461538461538,208.0,1.32484076433121,157.0,1.4672897196261685,240.0,-0.1178077927002321,0.3383615721947219,139.0,101.0,-0.0734506602732166,-0.1568878398153239,1.9905400623004632,-0.3727766479436862,0.0005736328323421,0.425,0.52,0.58,0.685,0.625,0.0
160.0,0.98159509202454,163.0,0.9760479041916168,167.0,0.9823529411764704,170.0,1.0240963855421688,168.0,1.018181818181818,165.0,1.0,165.0,1.0576923076923077,156.0,1.0,238.0,-0.3027271110426771,0.1486846743791616,121.0,117.0,-0.2197057536942279,-0.5174205805600217,0.923550483762795,-0.3924040325921121,-0.2378935525178352,0.39,0.485,0.51,0.53,0.835,0.0
169.0,1.0696202531645569,158.0,1.0063694267515924,157.0,,152.0,0.9212121212121211,155.0,1.0,155.0,0.96875,160.0,0.9580838323353292,167.0,1.0060240963855422,218.0,-0.2991508793840703,0.1510965152776602,110.0,108.0,-0.1679822369520648,-0.5210126835123681,0.9446008661933628,-0.4019512939744465,-0.2726168755250591,0.385,0.485,0.51,0.53,0.855,0.0
175.0,1.0542168674698795,166.0,1.0573248407643312,157.0,1.0,157.0,0.9691358024691358,155.0,1.0064935064935066,154.0,0.9625,160.0,1.0126582278481011,158.0,0.9634146341463414,222.0,-0.2808230479237932,0.1500547303781093,114.0,108.0,-0.1699854191603419,-0.4827849874353076,0.9223072791149494,-0.3501457991400372,-0.2428747367018952,0.385,0.49,0.515,0.535,0.805,0.0
163.0,0.9760479041916168,167.0,0.9823529411764704,170.0,1.0365853658536586,164.0,1.0061349693251531,165.0,1.0443037974683544,158.0,1.0193548387096774,155.0,1.0130718954248366,153.0,0.9935064935064936,230.0,-0.2717669933050471,0.1733573719831121,115.0,115.0,-0.1608849796306626,-0.5239030750024232,1.0791159792351588,-0.3805013544250489,-0.2556423433131645,0.335,0.475,0.505,0.525,0.835,0.0
109.0,0.9478260869565216,115.0,1.0087719298245614,114.0,1.0363636363636364,110.0,0.9821428571428572,111.0,0.9652173913043478,115.0,1.074766355140187,107.0,0.981651376146789,109.0,0.990909090909091,152.0,-0.1334728456436152,0.5004382353728731,75.0,77.0,-0.1304213910529722,-0.4607286864933193,2.29569407896655,-0.96451468060864,0.34933045497029,0.295,0.455,0.495,0.54,0.81,0.0
170.0,1.0179640718562877,167.0,1.050314465408805,159.0,1.0,159.0,0.9814814814814816,155.0,0.9810126582278481,158.0,1.0,158.0,0.9937106918238994,159.0,0.9520958083832336,220.0,-0.2736733970497466,0.2761078572105585,112.0,108.0,-0.2730024899149735,-0.6239740090077609,1.770842796789351,-0.4758948264056334,-0.1740089574759211,0.36,0.485,0.51,0.535,0.705,0.0
163.0,1.0316455696202531,158.0,0.9813664596273292,161.0,0.936046511627907,172.0,1.0058479532163742,164.0,0.9820359281437125,167.0,0.9881656804733728,169.0,1.0304878048780488,164.0,1.051282051282051,227.0,-0.3089541184537769,0.1367938675335138,113.0,114.0,-0.2190491916288167,-0.4816663410820775,0.7863596717800967,-0.4279554206312402,-0.2917702783492986,0.385,0.48,0.5,0.52,0.825,0.0
111.0,0.9652173913043478,115.0,1.036036036036036,111.0,1.009090909090909,110.0,1.02803738317757,113.0,1.0560747663551402,107.0,0.9553571428571428,112.0,1.0566037735849056,106.0,0.9724770642201837,155.0,-0.0737913410333128,0.4708279799969597,76.0,79.0,0.0438828781177859,-0.4000571831714279,2.097832305255264,-0.9850048691153608,0.4217960434054152,0.305,0.455,0.5,0.54,0.84,0.0
110.0,0.4150943396226415,265.0,1.505681818181818,176.0,1.0,176.0,1.0731707317073171,160.0,1.08843537414966,147.0,0.9607843137254902,153.0,1.006578947368421,152.0,1.027027027027027,230.0,-0.1330720458105129,0.4031921132692804,118.0,112.0,0.4312730098626381,-0.1420173647797255,2.191455743385541,-0.3497403286638326,0.4268809508991699,0.485,0.46,0.515,0.62,0.54,0.0
163.0,0.9702380952380952,168.0,0.9882352941176472,170.0,1.0759493670886076,158.0,0.9875,168.0,1.6633663366336633,101.0,0.4879227053140096,207.0,1.3101265822784811,158.0,1.0533333333333332,333.0,-0.2196149209647507,0.3187766213324784,216.0,117.0,-0.1567174459324361,-0.1734897753914952,2.043262699860051,-0.4071105527638192,0.2461054861690876,0.54,0.615,0.65,0.73,0.67,0.0
130.0,1.0,130.0,0.9285714285714286,140.0,0.9395973154362416,149.0,1.041958041958042,134.0,0.9925925925925926,135.0,0.9854014598540146,137.0,0.9647887323943662,142.0,0.9594594594594594,181.0,-0.0521130901700622,0.2785300793658592,88.0,93.0,0.0417698859276474,-0.2495116462124561,1.2836081025034902,-0.4499088681326171,0.2517601085897786,0.32,0.425,0.49,0.515,0.72,0.0
162.0,1.0,162.0,1.0062111801242235,161.0,0.9698795180722892,166.0,1.0375,166.0,1.0375,160.0,1.0,160.0,1.0526315789473684,152.0,0.9559748427672956,230.0,-0.3464459795393984,0.1537967574183376,114.0,116.0,-0.2528636663852621,-0.5575031679520923,0.8447828847234284,-0.4632123639957187,-0.2804267030381503,0.375,0.475,0.5,0.52,0.82,0.0
175.0,1.023391812865497,171.0,0.9884393063583816,173.0,1.0613496932515338,163.0,1.0061728395061729,166.0,1.0506329113924051,158.0,0.9875,160.0,0.935672514619883,171.0,0.9553072625698324,230.0,-0.2658747280110073,0.2664541558836326,114.0,116.0,-0.2935899219395863,-0.5861157377534258,1.6809852043156208,-0.550424655268161,-0.074890735513269,0.325,0.475,0.5,0.52,0.71,0.0
110.0,1.0091743119266054,109.0,0.9646017699115044,113.0,0.5113122171945701,221.0,1.0184331797235022,221.0,0.9778761061946902,226.0,1.0272727272727271,220.0,1.9469026548672568,113.0,1.0560747663551402,306.0,-0.0394064061618827,0.6520110570251149,152.0,154.0,-0.1968720669540957,-0.3093180391408268,2.645828401582834,-0.4702029464095967,-0.4702029464095967,0.08,0.11,0.135,0.165,0.165,0.0
109.0,0.9646017699115044,113.0,1.0,113.0,1.036697247706422,109.0,1.1473684210526316,217.0,0.9475982532751092,229.0,1.0504587155963303,218.0,2.3956043956043955,91.0,0.7165354330708661,307.0,-0.229101999099959,0.719450520763955,156.0,151.0,1.8744593779428576,-0.4360242101258145,2.668540864444801,-0.6373055991398733,-0.6373055991398733,0.505,0.825,0.855,0.885,0.885,0.0
138.0,0.9928057553956836,139.0,0.952054794520548,146.0,0.9733333333333334,150.0,1.0067114093959733,143.0,1.0141843971631206,141.0,0.9463087248322148,149.0,1.0275862068965518,145.0,1.0069444444444444,200.0,-0.2916876852269812,0.2517457038684325,100.0,100.0,-0.157176823746749,-0.3985489226304928,1.1859020772005324,-0.5507254833001262,-0.2581760594387524,0.34,0.465,0.5,0.565,0.8,0.0
161.0,0.9698795180722892,166.0,1.0375,160.0,1.0526315789473684,152.0,0.9806451612903224,160.0,1.0526315789473684,152.0,0.9559748427672956,159.0,1.0063291139240509,158.0,0.9813664596273292,224.0,-0.257033958719622,0.1576324183790244,112.0,112.0,-0.133102293022584,-0.4675567518188936,1.036833834860054,-0.3753141639688429,-0.2172974925274786,0.375,0.48,0.5,0.52,0.805,0.0
110.0,1.0,110.0,0.9821428571428572,112.0,0.9739130434782608,115.0,1.0648148148148149,109.0,0.9646017699115044,113.0,1.0660377358490567,106.0,0.9814814814814816,108.0,0.9557522123893806,154.0,-0.0837506204515238,0.4692789257766285,78.0,76.0,-0.0352171738586452,-0.4267657256770961,2.1040552473400487,-0.8406791324130543,0.5051399470861383,0.33,0.47,0.515,0.56,0.83,0.0
169.0,1.049689440993789,161.0,1.0320512820512822,156.0,1.0,156.0,0.9936305732484076,161.0,1.0454545454545454,154.0,0.9871794871794872,156.0,0.9629629629629628,162.0,0.9529411764705882,225.0,-0.3509163439796582,0.1479160219986527,113.0,112.0,-0.2929996611930981,-0.5646494611276098,0.8618237000946228,-0.4974474495515772,-0.2753575745976166,0.38,0.485,0.505,0.525,0.86,0.0
144.0,1.0140845070422535,142.0,1.0142857142857142,140.0,0.9859154929577464,142.0,1.0,138.0,0.9857142857142858,140.0,1.0218978102189782,137.0,0.9319727891156464,147.0,0.9865771812080536,194.0,-0.1727171994683404,0.2543896012702769,98.0,96.0,0.0026176710181039,-0.2555749463384769,1.2840250216635123,-0.4431496067363979,-0.0900129399653256,0.35,0.475,0.51,0.585,0.795,0.0
112.0,0.991150442477876,113.0,0.982608695652174,115.0,1.0,115.0,1.036036036036036,116.0,1.0740740740740742,108.0,0.9818181818181818,110.0,0.9821428571428572,112.0,0.991150442477876,158.0,-0.4103025141955339,0.4722521750820613,77.0,81.0,-0.3309137083206672,-0.7105736607329172,1.660286956198964,-1.3269756119340417,0.1202947775392173,0.305,0.45,0.49,0.53,0.8,0.0
163.0,0.9644970414201184,169.0,1.0242424242424242,165.0,1.012269938650307,163.0,1.0316455696202531,171.0,1.062111801242236,161.0,1.0125786163522013,159.0,1.0127388535031847,157.0,0.98125,237.0,-0.2519405582877521,0.1547786744124508,118.0,119.0,-0.1425040232829268,-0.4669588441688369,1.0702123492081526,-0.3242274182616444,-0.1866581831231881,0.375,0.48,0.5,0.52,0.815,0.0
183.0,0.963157894736842,190.0,1.021505376344086,186.0,0.984126984126984,189.0,1.0216216216216216,173.0,0.9453551912568307,183.0,1.0701754385964912,171.0,0.994186046511628,172.0,0.9555555555555556,245.0,-0.5125574014437456,0.2213205077334638,124.0,121.0,-0.4578452736779194,-0.7227239575379052,1.0740575996563784,-0.9372297879458412,-0.4983119060437516,0.365,0.48,0.505,0.525,0.68,0.0
203.0,1.380952380952381,147.0,1.7926829268292683,82.0,0.3534482758620689,232.0,1.3567251461988303,173.0,1.005813953488372,172.0,2.0,86.0,0.3307692307692307,260.0,1.6560509554140128,235.0,-0.1190395959981945,0.3118877378909549,114.0,121.0,-0.0810757794109036,-0.1758383965624756,1.6546773270442885,-0.2746985931426441,0.2976203253059193,0.325,0.41,0.49,0.59,0.52,0.0
112.0,1.009009009009009,111.0,0.9736842105263158,114.0,0.5352112676056338,213.0,2.3666666666666667,109.0,0.990909090909091,110.0,0.502283105022831,219.0,0.9690265486725664,226.0,1.04147465437788,150.0,-0.2206652730224658,0.5708549620634178,74.0,76.0,-0.1954687882613406,-0.4150433444585735,2.349004294456813,-0.922517118826758,0.4915071006647556,0.295,0.455,0.495,0.54,0.84,0.0
142.0,1.0142857142857142,140.0,0.9859154929577464,142.0,1.0,142.0,0.9726027397260274,140.0,1.0218978102189782,137.0,0.9319727891156464,147.0,0.9865771812080536,149.0,1.0067567567567568,194.0,-0.2072505568542126,0.2570967120251994,96.0,98.0,-0.050299516056593,-0.3024219902233573,1.2065208206069988,-0.5032969607515989,-0.2216591872828493,0.335,0.465,0.5,0.57,0.745,0.0
169.0,1.0432098765432098,162.0,1.0253164556962024,158.0,1.025974025974026,154.0,1.0,154.0,0.9871794871794872,156.0,1.0,156.0,0.968944099378882,161.0,0.9640718562874252,220.0,-0.2799422655823033,0.1554358391205177,113.0,107.0,-0.1595280026302905,-0.5396166677903628,0.9789830112413024,-0.3692701923834957,-0.2596251954238966,0.35,0.49,0.515,0.535,0.82,0.0
115.0,1.0176991150442478,113.0,1.0272727272727271,110.0,1.0091743119266054,109.0,0.956140350877193,109.0,0.9646017699115044,113.0,0.9912280701754386,114.0,1.0,114.0,1.0458715596330277,153.0,-0.5189181987532347,0.5376744963820951,77.0,76.0,-0.583862423306815,-0.9089977739550852,1.9792315562465692,-1.465560936597319,-0.0929094432460317,0.3,0.465,0.505,0.55,0.805,0.0
168.0,0.9824561403508772,171.0,0.9606741573033708,178.0,0.994413407821229,179.0,1.022857142857143,178.0,1.0171428571428571,175.0,1.0057471264367817,174.0,1.0419161676646709,167.0,1.04375,247.0,-0.2959137960865002,0.2599285178816921,123.0,124.0,-0.3333985113973773,-0.6080374186225987,1.6791886037208354,-0.5493903838547173,-0.0869307731335117,0.39,0.475,0.5,0.52,0.695,0.0
108.0,0.9473684210526316,114.0,1.0,114.0,1.0,114.0,1.0458715596330277,114.0,0.991304347826087,115.0,1.0454545454545454,110.0,1.25,88.0,0.6666666666666666,152.0,-0.2917209789916287,0.4775995870787697,73.0,79.0,-0.3302646020989728,-0.6679283261348653,1.832459746888241,-1.1231422743247217,0.3163198114762408,0.3,0.445,0.49,0.535,0.83,0.0
154.0,0.9390243902439024,164.0,0.9761904761904762,168.0,1.018181818181818,165.0,1.0185185185185186,169.0,1.005952380952381,168.0,1.0632911392405062,158.0,1.0,158.0,0.9693251533742332,233.0,-0.3165832221331801,0.1633024283456611,115.0,118.0,-0.2028264484687947,-0.5060752013494401,0.9766850626236364,-0.4214225302093081,-0.2512039871815322,0.37,0.475,0.495,0.515,0.835,0.0
138.0,0.9517241379310344,145.0,0.9602649006622516,151.0,0.8988095238095238,168.0,0.9655172413793104,171.0,0.9344262295081968,183.0,1.605263157894737,114.0,0.4691358024691358,243.0,1.4727272727272729,289.0,-0.2753807928429302,0.3069494242273332,170.0,119.0,-0.2656957503106496,-0.2972954408609257,1.8057251098017464,-0.4838556997793326,0.2089508001332919,0.47,0.555,0.59,0.685,0.615,0.0
153.0,0.9622641509433962,159.0,0.940828402366864,169.0,1.0180722891566265,166.0,1.1216216216216215,160.0,0.975609756097561,164.0,1.0580645161290323,155.0,1.0472972972972974,148.0,0.961038961038961,222.0,-0.3170032879160261,0.1658307383021574,110.0,112.0,-0.1748881223465843,-0.524234823730452,0.9382935591201984,-0.5153055341256764,-0.270542760561286,0.365,0.47,0.495,0.52,0.825,0.0
177.0,1.0172413793103448,174.0,1.0175438596491229,171.0,1.0363636363636364,165.0,0.9482758620689656,166.0,0.9940119760479041,167.0,0.8978494623655914,186.0,1.0391061452513966,179.0,1.028735632183908,237.0,-0.1614278751474143,0.28928541486972,121.0,116.0,-0.1942929027279251,-0.4249911725520464,2.020448719334625,-0.2891379524600618,-0.0597906582656369,0.395,0.49,0.51,0.535,0.675,0.0
166.0,0.9325842696629212,178.0,0.9834254143646408,181.0,1.011173184357542,179.0,0.9675675675675676,176.0,1.0,176.0,1.035294117647059,170.0,1.0179640718562877,167.0,0.9940476190476192,248.0,-0.1968760816249969,0.2692649215530833,125.0,123.0,-0.188860669367187,-0.5347471710313861,1.823395814737768,-0.4712240063603174,-0.0448915838861424,0.375,0.48,0.505,0.525,0.695,0.0
168.0,1.0059880239520955,167.0,0.9766081871345028,171.0,1.0058823529411764,170.0,0.9714285714285714,167.0,0.9709302325581395,172.0,0.9772727272727272,176.0,1.0292397660818713,171.0,1.049079754601227,234.0,-0.2531234886139095,0.2724807272887396,118.0,116.0,-0.279478872703974,-0.5744434890903719,1.689965088617225,-0.540915541789203,-0.0809081020884304,0.325,0.48,0.505,0.525,0.705,0.0
186.0,0.9893617021276596,188.0,1.0,188.0,1.0804597701149423,174.0,0.9775280898876404,173.0,1.005813953488372,172.0,0.9828571428571428,175.0,1.0,175.0,0.9562841530054644,248.0,-0.1423685199009886,0.2729749459797578,127.0,121.0,-0.1728767550408315,-0.4086543918752059,1.9831685928786764,-0.423496922371119,-0.0793820056770789,0.41,0.495,0.515,0.535,0.685,0.0
182.0,0.994535519125683,183.0,1.0517241379310345,174.0,1.0,174.0,1.0481927710843373,170.0,1.0,170.0,1.0,170.0,0.9289617486338798,183.0,0.9945652173913044,240.0,-0.2572916725719347,0.2749061373855163,122.0,118.0,-0.3111809918438528,-0.585800173512786,1.759276622080581,-0.5293645330087963,-0.166960846362824,0.395,0.485,0.51,0.53,0.685,0.0
138.0,0.9928057553956836,139.0,0.972027972027972,143.0,0.9470198675496688,151.0,1.0202702702702702,141.0,0.9724137931034482,145.0,0.9931506849315068,146.0,0.9668874172185432,151.0,1.0134228187919463,197.0,-0.2386144263719625,0.2708295676919673,99.0,98.0,-0.0546871459183575,-0.3271314467554249,1.2192611544610887,-0.5473535039245095,-0.2646430072191282,0.35,0.465,0.505,0.58,0.83,0.0
149.0,1.0492957746478873,142.0,1.0215827338129495,139.0,0.9928571428571428,140.0,1.0,143.0,1.0287769784172662,139.0,1.0220588235294117,136.0,0.9577464788732394,142.0,1.0070921985815602,203.0,-0.2630183233488149,0.2704578117256372,103.0,100.0,-0.0695332837218343,-0.3449918374462912,1.194734423520846,-0.5647179383824958,-0.2152911042024427,0.345,0.475,0.51,0.595,0.795,0.0
172.0,0.9347826086956522,184.0,0.9787234042553192,188.0,1.032967032967033,182.0,1.0,179.0,1.0170454545454546,176.0,1.011494252873563,174.0,0.9830508474576272,177.0,1.0172413793103448,258.0,-0.2101780142422275,0.2429940988284957,133.0,125.0,-0.2337857801597608,-0.4745287526882629,1.6003910228810587,-0.4006427313535206,-0.1088550587509888,0.36,0.49,0.515,0.54,0.695,0.0
129.0,0.9923076923076924,130.0,0.9701492537313432,134.0,1.0075187969924813,133.0,0.9779411764705882,137.0,1.0148148148148148,135.0,0.9712230215827338,139.0,0.9586206896551724,145.0,1.0431654676258992,188.0,-0.1352668002297601,0.2936909934181175,93.0,95.0,-0.1322254572987128,-0.3047418857651518,1.3511085084662389,-0.5219133425609234,0.1409169727437185,0.31,0.45,0.495,0.52,0.715,0.0
170.0,1.0828025477707006,157.0,0.9691358024691358,162.0,1.018867924528302,159.0,1.0063291139240509,160.0,0.9937888198757764,161.0,1.0,161.0,0.9817073170731708,164.0,0.9534883720930232,221.0,-0.3476057333840818,0.145712316249526,109.0,112.0,-0.232149846420992,-0.5293261627283548,0.8561081152652481,-0.4565459666911901,-0.3035329909208005,0.375,0.475,0.495,0.515,0.84,0.0
167.0,0.9940476190476192,168.0,0.9824561403508772,171.0,1.0118343195266273,169.0,0.9825581395348836,172.0,1.0058479532163742,171.0,0.9344262295081968,183.0,1.0223463687150838,179.0,1.0718562874251496,240.0,-0.241825413800795,0.2406237563564375,120.0,120.0,-0.264846165982834,-0.4462621999781063,1.4665786845315585,-0.5651275652804711,-0.1133621881935044,0.345,0.48,0.505,0.525,0.685,0.0
160.0,1.0256410256410255,156.0,0.9873417721518988,158.0,0.9461077844311376,167.0,1.2748091603053435,160.0,0.9467455621301775,169.0,0.9825581395348836,172.0,1.029940119760479,167.0,1.0245398773006136,221.0,-0.3736451575020419,0.1598463917586088,109.0,112.0,-0.2733513698905118,-0.6169830191427771,0.8796341437355384,-0.4884235576350469,-0.2924134218868843,0.375,0.47,0.495,0.515,0.855,0.0
238.0,1.515923566878981,157.0,0.8971428571428571,175.0,1.0294117647058822,170.0,0.9826589595375722,175.0,0.9776536312849162,179.0,1.0529411764705885,170.0,1.0897435897435896,156.0,0.968944099378882,239.0,-0.2205017288483937,0.383304299432854,117.0,122.0,0.293732959780279,-0.225,2.104541684512432,-0.4538063628565433,0.300318265007057,0.465,0.445,0.49,0.6,0.515,0.0
157.0,0.9751552795031057,161.0,1.0,161.0,1.0662251655629138,151.0,0.9869281045751634,162.0,1.051948051948052,154.0,1.0065359477124185,153.0,0.9807692307692308,156.0,0.975,227.0,-0.3882598125500023,0.1605557307490166,114.0,113.0,-0.272725055349133,-0.543847045443911,0.9888717883191378,-0.4752354807060149,-0.3376483293340165,0.375,0.485,0.505,0.525,0.84,0.0
131.0,1.212962962962963,108.0,0.9557522123893806,113.0,1.036697247706422,109.0,0.981981981981982,226.0,2.0545454545454547,110.0,1.3095238095238095,84.0,0.6412213740458015,131.0,1.18018018018018,234.0,-0.4069724636033806,0.808175052830297,76.0,158.0,0.1631576982501653,-0.5274584565513118,2.5912360677548847,-1.6538283273163037,-0.8839846058405199,0.515,0.715,0.765,0.905,0.965,0.0
161.0,0.9938271604938272,162.0,1.0253164556962024,158.0,1.025974025974026,154.0,1.0694444444444444,84.0,0.3888888888888889,216.0,1.565217391304348,138.0,1.8904109589041096,73.0,0.3596059113300492,169.0,-0.2049417461277261,0.3370670733471114,111.0,58.0,0.2464845031781424,-0.2618237011409891,1.4538132288114658,0.1397770562595817,0.1892296630099998,0.63,0.585,0.665,0.7,0.705,0.0
175.0,0.9887005649717514,177.0,0.9365079365079364,189.0,1.0441988950276244,181.0,1.0903614457831323,176.0,1.0414201183431953,169.0,1.0242424242424242,165.0,0.993975903614458,166.0,0.9431818181818182,248.0,-0.1585569770272182,0.2689184068097457,125.0,123.0,-0.1870932127818129,-0.496401520021459,1.7985536599657366,-0.3372692883208642,-0.0972203420822581,0.39,0.48,0.505,0.53,0.68,0.0
182.0,1.011111111111111,180.0,1.0227272727272727,176.0,1.035294117647059,170.0,0.913978494623656,174.0,0.9206349206349206,189.0,1.0106951871657754,187.0,1.033149171270718,181.0,1.0055555555555555,246.0,-0.2720516905355513,0.2592324497340891,125.0,121.0,-0.3007030223967415,-0.5677526600651863,1.7494981933791327,-0.5292130213881592,-0.2249698379882392,0.34,0.485,0.51,0.53,0.67,0.0
154.0,1.2622950819672132,122.0,0.5951219512195122,205.0,1.1714285714285717,175.0,1.0542168674698795,164.0,0.9761904761904762,168.0,1.030674846625767,163.0,1.0516129032258064,155.0,1.0064935064935066,228.0,-0.3161107427651404,0.1433472556087152,114.0,114.0,-0.2057117515294071,-0.5257313438436941,0.8702790601337778,-0.4678990153486276,-0.2921161909334828,0.33,0.48,0.5,0.52,0.805,0.0
143.0,1.0214285714285714,140.0,0.9655172413793104,145.0,1.0,145.0,0.9666666666666668,146.0,0.9605263157894737,152.0,1.0133333333333334,150.0,1.0416666666666667,144.0,0.9863013698630136,197.0,-0.1696865687695206,0.2629751532495353,95.0,102.0,-0.0317943529213688,-0.2362789702507333,1.2711378388659935,-0.4455552456209497,-0.1147527276547822,0.325,0.45,0.485,0.555,0.775,0.0
167.0,1.0245398773006136,163.0,0.987878787878788,165.0,1.0509554140127388,157.0,0.9691358024691358,137.0,1.0300751879699248,133.0,0.9851851851851852,135.0,0.944055944055944,143.0,1.0141843971631206,191.0,-0.713740429771387,0.1757681815982689,96.0,95.0,-0.7233780436446822,-0.7436270385496172,0.3355668894019713,-0.6828211168636186,-0.5552267598539093,0.475,0.465,0.505,0.54,0.89,0.0
111.0,1.0277777777777777,108.0,0.9818181818181818,110.0,0.990990990990991,111.0,1.0277777777777777,108.0,1.0,108.0,0.9310344827586208,116.0,1.0,116.0,1.045045045045045,151.0,0.3170084661125849,0.4591419073649315,76.0,75.0,0.3204926885399142,0.0663645903693521,2.64519776780863,-0.1614374746675669,0.8095292825298788,0.335,0.455,0.505,0.555,0.83,0.0
170.0,1.069182389937107,159.0,1.0,159.0,1.0063291139240509,158.0,0.9575757575757576,157.0,1.0064102564102564,156.0,0.934131736526946,167.0,0.9709302325581396,172.0,1.017751479289941,219.0,-0.2808753197779782,0.1607378550276081,110.0,109.0,-0.1801463299561522,-0.5075248450530647,1.0844875667710658,-0.3117832490680866,-0.2379855235006878,0.39,0.48,0.505,0.525,0.855,0.0
178.0,1.04093567251462,171.0,0.994186046511628,172.0,1.017751479289941,169.0,1.0119760479041915,170.0,0.9941520467836257,171.0,0.9553072625698324,179.0,0.9835164835164836,182.0,1.0520231213872833,234.0,-0.2274347186736919,0.2792307947680742,116.0,118.0,-0.2760401595083225,-0.5412493447600588,1.8738967363127823,-0.4682119875749306,-0.0735284564779914,0.335,0.475,0.5,0.52,0.685,0.0
174.0,1.0235294117647058,170.0,0.9659090909090908,176.0,0.946236559139785,186.0,1.0163934426229508,177.0,0.9888268156424581,179.0,1.0346820809248556,173.0,1.0484848484848486,165.0,0.9649122807017544,246.0,-0.2599602248164334,0.2339265124904758,123.0,123.0,-0.2432441735609629,-0.4798876551255291,1.4519905018437165,-0.6013513471110836,-0.2002549600247394,0.37,0.48,0.505,0.525,0.67,0.0
144.0,1.0,144.0,1.0588235294117647,136.0,0.9927007299270072,137.0,0.958041958041958,139.0,0.9788732394366197,142.0,1.0,142.0,0.9793103448275862,145.0,0.9931506849315068,195.0,-0.2598902974835175,0.256063736424755,98.0,97.0,-0.1251144373833955,-0.3451317028461576,1.2220683972667206,-0.5339509460397905,-0.2118267130629858,0.35,0.475,0.505,0.58,0.805,0.0
162.0,0.9700598802395208,167.0,1.0705128205128205,156.0,1.0129870129870129,154.0,0.9625,163.0,1.0316455696202531,158.0,1.0063694267515924,157.0,0.9127906976744186,172.0,1.0424242424242425,224.0,-0.2620807356280653,0.168382461757084,110.0,114.0,-0.1643803858861622,-0.4693644940450301,1.1349238763283611,-0.3402155812719632,-0.1956844515673831,0.38,0.47,0.495,0.515,0.835,0.0
145.0,0.9731543624161074,149.0,0.9085365853658536,164.0,0.9647058823529412,170.0,1.0240963855421688,155.0,0.9117647058823529,170.0,0.8415841584158416,202.0,1.2784810126582278,158.0,1.082191780821918,212.0,-0.2512668107847666,0.4221968372530469,104.0,108.0,0.3113046709466009,-0.2432265612479391,2.0504807971250214,-0.440893265199471,0.1957965268936877,0.465,0.435,0.5,0.595,0.53,0.0
147.0,1.0,147.0,1.013793103448276,145.0,1.0507246376811594,138.0,0.9928057553956836,144.0,1.0285714285714285,140.0,0.9859154929577464,142.0,1.0070921985815602,141.0,0.9724137931034482,203.0,-0.239400573250432,0.2612267633598618,103.0,100.0,-0.0737408116650935,-0.3193680482633765,1.1904875205832637,-0.5264283047534581,-0.1713724358532521,0.355,0.475,0.51,0.575,0.825,0.0
110.0,1.0091743119266054,109.0,0.9646017699115044,113.0,1.13,100.0,0.847457627118644,222.0,2.074766355140187,107.0,0.9727272727272728,110.0,0.5069124423963134,217.0,0.9774774774774776,309.0,-0.2702359417110346,0.6966690915212685,154.0,155.0,1.927342752905192,-0.3372248649040337,2.4768778304346046,-1.0926381593660168,-1.0044314368099827,0.13,0.105,0.14,0.225,0.2,0.0
144.0,0.979591836734694,147.0,0.98,150.0,1.851851851851852,81.0,0.3838862559241706,151.0,1.0486111111111112,144.0,1.0,144.0,1.0285714285714285,140.0,1.0071942446043165,210.0,-0.2669973254573146,0.2575804184800401,105.0,105.0,-0.1448468365821359,-0.3429839220777743,1.2118161243005707,-0.5143437694773341,-0.2366001631981307,0.34,0.47,0.5,0.585,0.81,0.0
109.0,0.990909090909091,110.0,1.0,110.0,0.990990990990991,111.0,1.009090909090909,111.0,1.009090909090909,110.0,1.0377358490566038,106.0,0.954954954954955,111.0,0.5162790697674419,228.0,-0.0535105606411557,0.5593068336525258,151.0,77.0,-0.275340777607756,-0.4029739994617387,2.492823455890344,-0.5432879245668611,-0.4448170754133333,0.12,0.145,0.175,0.21,0.215,0.0
136.0,1.0381679389312977,131.0,0.9492753623188406,138.0,0.9452054794520548,146.0,0.9798657718120806,148.0,1.0068027210884354,147.0,0.9423076923076924,156.0,0.9936305732484076,157.0,0.9874213836477987,204.0,-0.3316375955939732,0.173333731426121,101.0,103.0,-0.193295908304404,-0.5180005570162247,0.996921643647388,-0.4867397865346537,-0.3575881299264982,0.37,0.475,0.5,0.52,0.79,0.0
177.0,1.0,177.0,0.9516129032258064,186.0,1.0333333333333334,180.0,1.0,174.0,0.9666666666666667,180.0,1.0112359550561798,178.0,1.0348837209302326,172.0,0.9717514124293786,235.0,-0.0893489492537362,0.2552919654616437,114.0,121.0,-0.120075376884422,-0.3685169423886784,1.7619150069511185,-0.363460679394978,0.0666176673165294,0.37,0.46,0.485,0.51,0.675,0.0
125.0,1.0,125.0,0.5630630630630631,222.0,1.930434782608696,115.0,1.0267857142857142,100.0,1.0526315789473684,95.0,0.3991596638655462,238.0,1.0672645739910314,223.0,0.9911111111111112,149.0,-0.3373214029588303,0.5775983830810534,79.0,70.0,-0.3450504449625972,-0.5115713027957645,2.099873332913265,-1.070196375884952,0.3087589904876138,0.315,0.49,0.53,0.58,0.82,0.0
106.0,0.4711111111111111,225.0,2.2058823529411766,102.0,0.85,120.0,1.1009174311926606,213.0,2.3666666666666667,90.0,0.703125,128.0,1.1851851851851851,108.0,0.972972972972973,228.0,0.0206889766814511,0.6143063618122907,79.0,149.0,0.5272204693419064,-0.2566684510576424,2.747874476339008,-0.4291289336010805,-0.316413980032594,0.565,0.78,0.815,0.85,0.975,0.0
110.0,0.9821428571428572,112.0,0.5022421524663677,223.0,2.1650485436893203,103.0,0.8306451612903226,114.0,1.0,114.0,1.027027027027027,111.0,1.0,111.0,0.9823008849557522,154.0,0.1518305157174485,0.501194267011244,75.0,79.0,0.0728508567405836,-0.2400934678296127,2.4175389179656666,-0.7450443830600078,0.7973096113255145,0.29,0.445,0.49,0.535,0.82,0.0
135.0,0.9712230215827338,139.0,1.0692307692307692,130.0,1.04,125.0,0.984251968503937,137.0,1.0458015267175573,131.0,1.0,131.0,0.9924242424242424,132.0,0.9924812030075189,193.0,-0.2242515359950284,0.2847121567380655,98.0,95.0,-0.1232568286706234,-0.4096999196606033,1.0900430346292622,-0.5996080565905395,0.0082971295501176,0.35,0.465,0.515,0.54,0.73,0.0
154.0,1.0198675496688745,151.0,0.9151515151515152,165.0,0.9880239520958084,167.0,0.9766081871345028,182.0,0.9680851063829787,188.0,1.032967032967033,182.0,1.0,182.0,1.103030303030303,309.0,-0.3803555704718902,0.3344914664452634,182.0,127.0,-0.3639572765170569,-0.361900935496938,1.9070963116750896,-0.6142695585923894,0.1354737051087909,0.46,0.555,0.59,0.67,0.61,0.0
158.0,1.0063694267515924,157.0,0.9127906976744186,172.0,1.0424242424242425,165.0,0.9705882352941176,166.0,1.0,166.0,1.031055900621118,161.0,1.018987341772152,158.0,1.0128205128205128,230.0,-0.2588660280245802,0.1461684032696683,114.0,116.0,-0.1649075407138849,-0.4470268205222045,0.947810392352859,-0.3902925550570553,-0.2203990636714938,0.37,0.475,0.495,0.515,0.82,0.0
137.0,1.0,137.0,0.9856115107913668,139.0,0.9328859060402684,149.0,1.0067567567567568,141.0,1.0217391304347827,138.0,0.9583333333333334,144.0,0.979591836734694,147.0,0.9865771812080536,196.0,-0.2561393600408613,0.2427836036241379,98.0,98.0,-0.087233066145137,-0.3569492336110005,1.1366386973345382,-0.5149748743718595,-0.2374190933149,0.345,0.465,0.5,0.58,0.815,0.0
169.0,1.005952380952381,168.0,0.9130434782608696,184.0,1.0279329608938548,179.0,1.022857142857143,183.0,1.0280898876404494,178.0,1.0229885057471264,174.0,1.0357142857142858,168.0,0.9882352941176472,252.0,-0.3691149529034793,0.2685007846388276,124.0,128.0,-0.401810574705002,-0.6208651641070618,1.602421808974701,-0.6242801753260167,-0.0944786294569335,0.32,0.47,0.495,0.515,0.71,0.0
201.0,1.1964285714285714,168.0,1.05,160.0,1.0256410256410255,156.0,0.9873417721518988,159.0,1.0192307692307692,156.0,1.0,156.0,0.9397590361445785,166.0,1.006060606060606,221.0,-0.2499736450201759,0.1723756996625413,110.0,111.0,-0.1065247213275367,-0.4571022577327217,1.0851722640206412,-0.4254529291921689,-0.2166022335811325,0.38,0.48,0.5,0.525,0.825,0.0
163.0,1.01875,160.0,0.9195402298850576,174.0,0.9666666666666668,180.0,1.0285714285714285,182.0,1.0282485875706215,177.0,1.0,177.0,1.0290697674418603,172.0,0.9828571428571428,250.0,-0.2322216738957471,0.2554006934374589,123.0,127.0,-0.2611911835903348,-0.517463255670818,1.6117994775309008,-0.5414718817443795,0.0079006386893171,0.38,0.47,0.495,0.52,0.72,0.0
158.0,1.0326797385620916,153.0,1.0132450331125828,151.0,0.9741935483870968,155.0,1.597938144329897,154.0,0.9625,160.0,0.9696969696969696,165.0,1.0,165.0,0.9428571428571428,212.0,-0.1704674841397815,0.4322935243678379,105.0,107.0,-0.0519231451528711,-0.1932089288265359,2.20689450239196,-0.4396296321085959,0.5311635083905168,0.37,0.455,0.5,0.615,0.525,0.0
157.0,0.9874213836477987,159.0,0.9352941176470588,170.0,1.827956989247312,93.0,0.3522727272727273,167.0,1.8764044943820224,89.0,0.7478991596638656,119.0,1.5256410256410255,78.0,0.2857142857142857,230.0,-0.080146979627285,0.3862265355786843,114.0,116.0,-0.0282865136514323,-0.107950126249693,2.261134835223343,-0.2886115975778399,0.4073508786508774,0.34,0.445,0.5,0.595,0.525,0.0
158.0,0.9813664596273292,161.0,0.9757575757575756,165.0,0.9880239520958084,167.0,1.0372670807453417,162.0,0.9759036144578314,166.0,1.01840490797546,163.0,1.0584415584415583,154.0,1.013157894736842,229.0,-0.3511755849998489,0.1534642946224101,116.0,113.0,-0.2276460568944024,-0.579602169611795,0.8609233804543432,-0.4709201888101458,-0.3219606969075134,0.345,0.485,0.505,0.525,0.825,0.0
147.0,1.05,140.0,1.0071942446043165,139.0,0.9788732394366196,142.0,1.0,142.0,1.0070921985815602,141.0,0.9929577464788732,142.0,0.9726027397260274,146.0,1.6043956043956045,202.0,-0.2541321038598023,0.2582749663291794,103.0,99.0,-0.0871898174962155,-0.3674172169864365,1.1950935327465428,-0.5227184602644087,-0.215527750004026,0.35,0.475,0.51,0.58,0.765,0.0
140.0,1.0,140.0,0.9523809523809524,147.0,1.013793103448276,145.0,0.9931506849315068,142.0,1.0070921985815602,141.0,0.9215686274509804,153.0,1.006578947368421,152.0,1.0133333333333334,197.0,-0.2523405436413879,0.2275206470341894,98.0,99.0,-0.1819549733657204,-0.3208972341764015,1.152902490597122,-0.4764216479524145,-0.1772366667027105,0.345,0.435,0.5,0.565,0.755,0.0
170.0,0.9392265193370166,181.0,0.9783783783783784,185.0,1.0451977401129944,177.0,1.047337278106509,180.0,1.0778443113772456,167.0,0.9823529411764704,170.0,0.9941520467836256,171.0,1.0058823529411764,252.0,-0.2104644368669321,0.2423147179139512,127.0,125.0,-0.2242081276420143,-0.4838745254048492,1.6214660121516284,-0.4310256687749215,-0.1496366818897659,0.35,0.485,0.51,0.53,0.69,0.0
161.0,0.9877300613496932,163.0,1.0061728395061729,162.0,1.0253164556962024,158.0,1.0193548387096774,159.0,1.0392156862745099,153.0,0.9683544303797468,158.0,1.0193548387096774,155.0,0.9393939393939394,221.0,-0.2878299509387556,0.1511353073197134,110.0,111.0,-0.2021446868833008,-0.428593345141716,0.8968487358296637,-0.4763039496938853,-0.2061804062693274,0.365,0.48,0.5,0.525,0.815,0.0
127.0,0.9844961240310076,129.0,0.9280575539568344,139.0,0.972027972027972,143.0,1.0592592592592591,135.0,1.0150375939849625,133.0,0.9925373134328358,134.0,1.0,134.0,1.0,186.0,0.0454502089642343,0.2864849484627745,92.0,94.0,0.0167221292743206,-0.143909664450022,1.5376905361112374,-0.4920963901618094,0.4465703898525263,0.315,0.45,0.495,0.545,0.725,0.0
171.0,1.0058823529411764,170.0,1.0303030303030305,165.0,0.9880239520958084,167.0,1.0245398773006136,166.0,0.9880952380952381,168.0,1.024390243902439,164.0,1.0123456790123455,162.0,0.9585798816568049,235.0,-0.2470980465474818,0.2618193133035806,119.0,116.0,-0.2868080890062657,-0.5498081568174815,1.6703105209705094,-0.4357083750151364,-0.1211491605004276,0.34,0.485,0.505,0.53,0.69,0.0
223.0,1.9910714285714288,112.0,1.0275229357798166,109.0,0.9478260869565216,115.0,1.036036036036036,110.0,1.0091743119266054,109.0,0.981981981981982,111.0,1.0,111.0,0.9910714285714286,156.0,0.132562933530586,0.5773071431800109,79.0,77.0,0.3012471803762565,-0.2330185477706581,2.19842491045613,-1.023227010097612,0.4400572615869331,0.345,0.47,0.51,0.55,0.815,0.0
150.0,1.0416666666666667,144.0,1.0212765957446808,141.0,1.014388489208633,139.0,0.9788732394366196,140.0,1.037037037037037,135.0,0.9642857142857144,140.0,1.0,140.0,0.9523809523809524,203.0,-0.3091534654070925,0.2185124469738626,105.0,98.0,-0.1773445984795185,-0.3948519595912705,1.0460619484906344,-0.5778636867722187,-0.332519292255634,0.365,0.485,0.515,0.59,0.835,0.0
181.0,1.0342857142857145,175.0,1.0294117647058822,170.0,0.9714285714285714,175.0,1.0,170.0,0.9883720930232558,172.0,1.0,172.0,0.9555555555555556,180.0,1.0227272727272727,236.0,-0.3139972567128453,0.2636451354008595,118.0,118.0,-0.3482321351962417,-0.5592824412245693,1.715380003496431,-0.5498938152743922,-0.0922485732854368,0.395,0.48,0.5,0.52,0.69,0.0
181.0,1.0903614457831323,166.0,0.9822485207100592,169.0,0.9941176470588236,170.0,0.9883720930232558,166.0,0.9431818181818182,176.0,1.0057142857142858,175.0,0.9831460674157304,178.0,1.0056497175141244,231.0,-0.3704642028668171,0.2566798508809922,115.0,116.0,-0.4050812604579372,-0.6422249623857544,1.5069553931335198,-0.6932049784268715,-0.271597621140971,0.385,0.475,0.5,0.52,0.675,0.0
166.0,1.031055900621118,161.0,1.0592105263157894,152.0,0.9681528662420382,157.0,1.4272727272727272,159.0,1.0127388535031847,157.0,0.9751552795031057,161.0,0.8994413407821229,179.0,1.028735632183908,267.0,-0.1837263804967482,0.3763065378198093,156.0,111.0,-0.2035479815787349,-0.2108201185902056,2.2439829068683994,-0.4263803289287862,0.2613109002563651,0.44,0.545,0.585,0.67,0.61,0.0
146.0,0.9605263157894736,152.0,1.034013605442177,147.0,1.027972027972028,143.0,1.0070422535211268,146.0,0.9864864864864865,148.0,1.0277777777777777,144.0,1.7349397590361446,83.0,0.4345549738219895,204.0,-0.3572492828082892,0.2191489413483954,102.0,102.0,-0.2958494373081384,-0.4931378260912354,1.008970400796603,-0.5941971943953541,-0.2466126243224242,0.335,0.405,0.505,0.57,0.755,0.0
113.0,1.036697247706422,109.0,0.9646017699115044,113.0,1.018018018018018,111.0,1.0,112.0,0.9824561403508771,114.0,1.0363636363636364,110.0,0.9734513274336284,113.0,1.076190476190476,155.0,-0.1241543190739642,0.5030893356818804,77.0,78.0,-0.19498131909567,-0.436097475992853,2.000488803125459,-1.150291680869882,0.2324881639353284,0.295,0.46,0.5,0.545,0.81,0.0
149.0,0.9738562091503268,153.0,1.0,153.0,1.0,153.0,1.0551724137931036,152.0,1.0133333333333334,150.0,1.020408163265306,147.0,1.0068493150684932,146.0,1.0354609929078014,210.0,-0.2538625295884971,0.275579273247662,104.0,106.0,-0.0842394194718528,-0.3209923885928347,1.2611181222846086,-0.55,-0.2200254852803857,0.345,0.46,0.495,0.575,0.8,0.0
146.0,1.0503597122302155,139.0,0.9858156028368794,141.0,0.9929577464788732,142.0,0.9861111111111112,139.0,0.9788732394366197,142.0,1.0,142.0,0.9403973509933776,151.0,1.0066666666666666,195.0,-0.2238252213805808,0.2614817534919736,98.0,97.0,-0.1024544165340085,-0.3140507320309535,1.234352192116858,-0.5119818989244566,-0.2181252238605539,0.345,0.47,0.505,0.575,0.815,0.0
168.0,1.0434782608695652,161.0,0.9640718562874252,167.0,1.0569620253164558,158.0,1.0604026845637584,155.0,0.9627329192546584,161.0,1.0662251655629138,151.0,1.0134228187919463,149.0,0.9430379746835444,213.0,-0.3131693508322952,0.3029392640707283,105.0,108.0,-0.2134255186420003,-0.4682047754665969,1.3656132182996292,-0.5313356319966781,-0.1850118360299354,0.345,0.47,0.495,0.52,0.705,0.0
260.0,1.4285714285714286,182.0,0.9680851063829788,188.0,1.032967032967033,182.0,1.0,175.0,1.0802469135802468,162.0,1.0588235294117647,153.0,1.0,153.0,0.9683544303797468,322.0,-0.2347123541367879,0.3481439639023892,200.0,122.0,-0.1720896070054728,-0.2573629963356204,2.091381409070088,-0.4648941751355623,0.1287072791229021,0.505,0.585,0.62,0.71,0.645,0.0
221.0,1.5241379310344827,145.0,0.9863945578231292,147.0,0.91875,160.0,1.0,149.0,0.9490445859872612,157.0,0.9691358024691358,162.0,0.9700598802395208,167.0,1.04375,202.0,-0.0374386851244783,0.292095186644376,98.0,104.0,0.0521459283757645,-0.0183765929986656,1.935405709966983,-0.1991762580302704,0.5133705194058783,0.295,0.44,0.49,0.605,0.505,0.0
162.0,1.0,162.0,0.9878048780487804,164.0,0.9820359281437124,167.0,0.9823529411764704,168.0,0.9882352941176471,170.0,1.0240963855421688,166.0,1.01840490797546,163.0,1.044871794871795,233.0,-0.3701328110742755,0.1471227931284795,116.0,117.0,-0.2316846473057465,-0.6027125659050859,0.7607216478474037,-0.4663725267923729,-0.3772450855844974,0.345,0.48,0.5,0.525,0.825,0.0
143.0,0.9662162162162162,148.0,1.0,148.0,0.9736842105263158,152.0,1.0780141843971631,149.0,1.0136054421768708,147.0,1.0352112676056338,142.0,1.0,142.0,1.0070921985815602,211.0,-0.2413165403438879,0.2628060575793265,107.0,104.0,-0.0752887031812727,-0.3501746866789602,1.186453302078273,-0.5251398931624873,-0.2049084734159814,0.355,0.475,0.505,0.575,0.805,0.0
93.0,0.3875,240.0,1.4545454545454546,165.0,0.8967391304347826,184.0,1.0514285714285714,174.0,0.9886363636363636,176.0,1.0602409638554218,166.0,1.064102564102564,156.0,1.0196078431372548,301.0,-0.1284411552588889,0.3883189741139647,180.0,121.0,-0.114740219703754,-0.1314504545706586,2.434947155686608,-0.3933747373352169,0.4282815819141524,0.47,0.565,0.6,0.695,0.62,0.0
263.0,1.5290697674418603,172.0,1.011764705882353,170.0,2.098765432098765,81.0,0.3616071428571428,156.0,1.1063829787234043,141.0,1.036764705882353,136.0,0.9315068493150684,146.0,0.9668874172185432,232.0,-0.3206958339825478,0.3738592775871817,123.0,109.0,0.1135415648938315,-0.321359916908517,1.8432048469231164,-0.5406159921260849,0.1980538514384088,0.5,0.475,0.535,0.63,0.56,0.0
109.0,0.9316239316239316,117.0,1.0636363636363635,110.0,1.0,110.0,1.0,109.0,1.0186915887850467,107.0,0.963963963963964,111.0,1.0373831775700937,107.0,0.963963963963964,154.0,-0.3503493970982598,0.4764109368090361,78.0,76.0,-0.3219532642338092,-0.632711942968218,1.8974614794628095,-1.181055449702102,0.0322836110929888,0.315,0.47,0.515,0.56,0.87,0.0
168.0,0.9824561403508772,171.0,0.9884393063583816,173.0,1.0,173.0,1.0745341614906831,172.0,1.029940119760479,167.0,1.04375,160.0,0.9876543209876544,162.0,1.0125,237.0,-0.2029473350870004,0.2623653762648437,117.0,120.0,-0.2616850773024089,-0.5251224601537747,1.681107106517484,-0.4216095792117618,-0.11549032244697,0.38,0.47,0.495,0.52,0.685,0.0
118.0,1.063063063063063,111.0,1.018348623853211,109.0,0.981981981981982,111.0,0.9736842105263158,113.0,1.036697247706422,109.0,1.0092592592592593,108.0,0.9908256880733946,109.0,0.9732142857142856,157.0,-0.1341444663794507,0.4753643938974048,78.0,79.0,0.0385402078307655,-0.3929534912837368,2.0437911794626578,-1.0139231913114848,0.3480344285488537,0.325,0.455,0.5,0.545,0.835,0.0
154.0,0.9447852760736196,163.0,1.0,163.0,1.065359477124183,153.0,1.0132450331125828,160.0,1.0126582278481013,158.0,1.0128205128205128,156.0,1.3,120.0,0.6779661016949152,226.0,-0.3583645239939061,0.1833377673758892,114.0,112.0,-0.2572623392196403,-0.6107566080706761,0.9140499347306292,-0.4995192380118708,-0.3113786241118951,0.38,0.475,0.505,0.53,0.86,0.0
144.0,1.0,144.0,1.0285714285714285,140.0,1.0071942446043165,139.0,0.9788732394366196,140.0,1.0218978102189782,137.0,0.9785714285714284,140.0,1.0071942446043165,139.0,0.9586206896551724,198.0,-0.3261925542093598,0.2552788946611114,100.0,98.0,-0.2063147492797413,-0.4215339247084745,1.1157416890806524,-0.5941534675323424,0.0923873048317188,0.34,0.47,0.505,0.585,0.535,0.0
125.0,1.024590163934426,122.0,0.9606299212598424,127.0,1.0,127.0,1.040983606557377,132.0,0.9635036496350365,137.0,1.0300751879699248,133.0,0.9779411764705882,136.0,0.9577464788732394,175.0,-0.0224425784139772,0.2865752014786512,83.0,92.0,0.129532199546653,-0.2150704287963333,1.2955962248206416,-0.5396208545481641,0.3895486231084087,0.315,0.425,0.48,0.505,0.74,0.0
165.0,1.0,165.0,0.9880239520958084,167.0,0.9488636363636364,176.0,1.0057142857142858,174.0,0.9942857142857143,175.0,1.0294117647058822,170.0,0.9497206703910616,179.0,1.0591715976331362,237.0,-0.1846154355352856,0.2606200155725882,116.0,121.0,-0.196417433153462,-0.4237621713463086,1.7368434708806213,-0.4470187121714298,-0.0037683156317516,0.335,0.47,0.49,0.515,0.695,0.0
124.0,0.984126984126984,126.0,0.9692307692307692,130.0,0.9701492537313432,134.0,1.0229007633587786,127.0,1.0,127.0,0.9769230769230768,130.0,0.948905109489051,137.0,1.0223880597014925,175.0,-0.1578078405339095,0.2810525207903817,87.0,88.0,-0.1151968527084944,-0.3400209774170623,1.1741844699782606,-0.6116745556823564,0.1869989088254428,0.33,0.44,0.505,0.53,0.745,0.0
133.0,1.0,133.0,1.0310077519379846,129.0,1.048780487804878,123.0,0.9919354838709676,141.0,1.0601503759398496,133.0,1.0390625,128.0,0.9696969696969696,132.0,0.9705882352941176,193.0,-0.0193074127891245,0.2404337077651448,95.0,98.0,0.1105776857918276,-0.1682718049257998,1.5611149588203332,-0.2376559122976054,0.1417845476166462,0.325,0.46,0.495,0.52,0.705,0.0
225.0,2.0454545454545454,110.0,1.0,110.0,0.9821428571428572,112.0,1.018181818181818,114.0,1.0363636363636364,110.0,0.9821428571428572,112.0,0.4912280701754385,228.0,2.303030303030303,156.0,0.3769942746324379,0.4831168695247779,77.0,79.0,0.2468304982131811,0.1403015072585887,2.604559471399233,-0.3992588100768749,0.9895082317778676,0.3,0.455,0.495,0.54,0.805,0.0
166.0,1.031055900621118,161.0,1.087837837837838,148.0,1.034965034965035,143.0,1.0214285714285714,159.0,1.096551724137931,145.0,1.9594594594594597,74.0,0.3245614035087719,228.0,1.4805194805194806,224.0,-0.1720685542857021,0.3471351182404891,113.0,111.0,-0.0555842950695798,-0.207778067835891,1.803608786808918,0.1422405860004459,0.1422405860004459,0.335,0.46,0.51,0.54,0.54,0.0
200.0,1.30718954248366,153.0,1.3421052631578947,114.0,0.5352112676056338,213.0,1.339622641509434,153.0,1.0,153.0,1.4433962264150944,106.0,0.4930232558139535,215.0,1.5467625899280577,207.0,-0.2529242589577832,0.3927190443243136,100.0,107.0,-0.1832255864506636,-0.2598289776124277,1.822692665498041,-0.4414136871068079,0.1759704825792762,0.34,0.43,0.485,0.59,0.52,0.0
117.0,1.0833333333333333,108.0,0.9310344827586208,116.0,1.0740740740740742,108.0,0.9473684210526316,112.0,0.4827586206896552,232.0,2.109090909090909,110.0,0.9821428571428572,112.0,1.0,152.0,-0.0990396601865385,0.5123614475016823,74.0,78.0,-0.1120493793931542,-0.4489853483851699,2.279064180406176,-0.8681605835382824,0.3933996203424391,0.3,0.45,0.49,0.535,0.855,0.0
180.0,0.994475138121547,181.0,1.0168539325842696,178.0,1.04093567251462,171.0,0.9395604395604396,166.0,0.9378531073446328,177.0,0.9833333333333332,180.0,1.0227272727272727,176.0,0.9887640449438202,235.0,-0.1565748813859872,0.252606679819324,119.0,116.0,-0.1981401136294787,-0.3872278000107459,1.755661794870404,-0.5414184557506376,-0.1394436687419755,0.41,0.49,0.51,0.53,0.675,0.0
160.0,1.4285714285714286,112.0,0.5463414634146342,205.0,1.21301775147929,169.0,1.0628930817610065,163.0,0.9878787878787879,165.0,1.064516129032258,155.0,1.0064935064935066,154.0,0.9685534591194968,228.0,-0.3756539103359803,0.1598559586817035,114.0,114.0,-0.2788302782326511,-0.5628548155598816,0.8958732815740368,-0.4944656864996853,-0.3153041124941196,0.36,0.475,0.5,0.52,0.825,0.0
147.0,0.9865771812080536,149.0,0.9738562091503268,153.0,1.06993006993007,143.0,1.0437956204379562,89.0,0.4472361809045226,199.0,1.3630136986301369,146.0,1.042857142857143,140.0,1.0144927536231885,165.0,-0.1994218414022383,0.2709258386846709,103.0,62.0,-0.1018731318557266,-0.3056497260289923,1.2011486789464032,-0.4688931280320724,0.7907994567128587,0.42,0.58,0.625,0.71,0.64,0.0
221.0,1.0137614678899085,218.0,2.056603773584906,106.0,0.9298245614035088,114.0,1.0555555555555556,109.0,0.956140350877193,114.0,0.5158371040723982,221.0,1.0184331797235022,217.0,1.0,150.0,-0.0347441901520197,0.5105354359945412,74.0,76.0,0.0057325579915698,-0.3767408143509134,2.277549385871509,-0.9471817828975604,0.6486159018546483,0.31,0.45,0.495,0.535,0.83,0.0
154.0,0.9685534591194968,159.0,1.0,159.0,1.0,159.0,0.9352941176470588,171.0,1.0118343195266273,169.0,1.0,169.0,1.0,169.0,1.049689440993789,252.0,-0.3899404770476832,0.1454425211417646,133.0,119.0,-0.3314440084538256,-0.6516310258667597,0.8105150173140007,-0.5101598489549822,-0.2880860248303545,0.39,0.505,0.53,0.55,0.85,0.0
126.0,0.5727272727272728,220.0,1.9469026548672568,113.0,1.0462962962962965,108.0,0.9473684210526316,94.0,0.7014925373134329,134.0,1.1964285714285714,112.0,1.0,112.0,1.0,139.0,0.4707270631029593,0.4962923165768858,74.0,65.0,0.3707918059806385,0.0805626502548154,2.660454839334677,-0.387407906596373,1.055890936680008,0.305,0.485,0.535,0.585,0.87,0.0
175.0,1.0,175.0,0.9831460674157304,178.0,1.0787878787878789,165.0,1.0060975609756098,171.0,1.0301204819277108,166.0,0.9595375722543352,173.0,1.0,173.0,0.9558011049723756,244.0,-0.2095174078748987,0.2619027060839472,125.0,119.0,-0.2539939067719731,-0.462737421638461,1.715885689056689,-0.4311604427535347,-0.1992115657334799,0.33,0.49,0.515,0.535,0.885,0.0
136.0,0.9379310344827586,145.0,0.9863945578231292,147.0,1.0425531914893618,141.0,1.0217391304347827,124.0,1.0,124.0,1.0,124.0,1.008130081300813,123.0,0.9761904761904762,174.0,-0.2359713379096581,0.2988806014334057,88.0,86.0,-0.2064648103924433,-0.4839041358671778,1.0155021561852209,-0.8710297245846493,0.1827923007123517,0.34,0.465,0.51,0.565,0.78,0.0
164.0,0.9820359281437124,167.0,0.9597701149425288,174.0,1.870967741935484,93.0,0.335740072202166,158.0,0.9575757575757575,165.0,1.012269938650307,163.0,1.065359477124183,153.0,1.9870129870129871,219.0,-0.3640156287149456,0.3554903573598828,109.0,110.0,-0.0059621626382619,-0.4099497487437185,1.7756575148742413,-0.6181601477680576,-0.0277725514290754,0.465,0.44,0.5,0.64,0.535,0.0
106.0,0.9636363636363636,110.0,1.02803738317757,107.0,0.9224137931034484,116.0,1.0740740740740742,94.0,0.7121212121212122,132.0,1.2222222222222223,108.0,1.018867924528302,106.0,0.9814814814814816,151.0,-0.172916520047146,0.6215305704132907,86.0,65.0,-0.0459464691653719,-0.3193738536304006,2.304861644456072,-0.8464452642791758,0.6640848379017448,0.365,0.53,0.575,0.62,0.925,0.0
164.0,1.0379746835443038,158.0,1.0193548387096774,155.0,0.981012658227848,158.0,0.9875,160.0,0.9467455621301775,169.0,0.9883040935672516,171.0,0.9553072625698324,179.0,1.046783625730994,226.0,-0.2781244720595553,0.2805294778107838,114.0,112.0,-0.3027923542182771,-0.6378311826027505,1.7797979101047268,-0.4535973123786861,-0.2368086557246935,0.355,0.48,0.505,0.53,0.685,0.0
170.0,0.9883720930232558,172.0,0.9502762430939228,181.0,1.0402298850574712,174.0,1.0545454545454545,180.0,1.0909090909090908,165.0,1.0060975609756098,164.0,0.9820359281437124,167.0,0.9597701149425288,250.0,-0.1984067179632049,0.2750699130860198,125.0,125.0,-0.2290043697361765,-0.5382846882547878,1.8371404380618603,-0.4335848262749722,-0.1735315141823775,0.325,0.475,0.5,0.525,0.68,0.0
179.0,1.0112994350282485,177.0,0.99438202247191,178.0,1.0171428571428571,175.0,1.0057471264367817,173.0,1.005813953488372,172.0,1.0,172.0,1.011764705882353,170.0,0.9826589595375722,242.0,-0.2202725574490349,0.2618422557511334,121.0,121.0,-0.2796317264274346,-0.4749560535467995,1.6817632079724267,-0.504671194170312,-0.1224580101336773,0.385,0.48,0.505,0.525,0.685,0.0
140.0,0.9790209790209792,143.0,1.0,143.0,1.349056603773585,106.0,0.5247524752475248,154.0,0.9506172839506173,162.0,0.9700598802395208,167.0,1.0,167.0,1.030864197530864,266.0,-0.2594882033227128,0.3328821246149711,159.0,107.0,-0.1973235585816157,-0.3092425368060274,1.8865731310447709,-0.513383824032889,-0.1316038050161099,0.47,0.56,0.6,0.69,0.64,0.0
176.0,1.0797546012269938,163.0,0.9939024390243902,164.0,0.9820359281437124,167.0,0.9597701149425288,154.0,0.9871794871794872,156.0,0.9873417721518988,158.0,0.9575757575757576,165.0,1.012269938650307,212.0,-0.3688365734754633,0.4204089384296317,105.0,107.0,-0.3078389936451184,-0.4045240744265097,1.9817846053655597,-0.6081933958027981,-0.2145519184936007,0.35,0.435,0.495,0.62,0.545,0.0
172.0,1.017751479289941,169.0,1.0696202531645569,158.0,1.0,158.0,1.025974025974026,147.0,1.0,147.0,1.7926829268292683,82.0,0.3430962343096234,239.0,1.5031446540880504,216.0,-0.1735167470579789,0.3819355540057138,114.0,102.0,0.2683610720836216,-0.1986921386619877,2.1387415824563867,-0.3887223077011084,0.2482213907166935,0.5,0.475,0.53,0.64,0.555,0.0
140.0,1.0218978102189782,137.0,0.9856115107913668,139.0,0.952054794520548,146.0,0.9605263157894736,140.0,0.9790209790209791,143.0,0.9794520547945206,146.0,0.9931972789115646,147.0,0.9671052631578948,196.0,-0.2279150753820713,0.2657768620864693,98.0,98.0,-0.0132848459895728,-0.2974839645137879,1.26022238001417,-0.6045182310697004,-0.2071066466858983,0.34,0.465,0.5,0.58,0.81,0.0
147.0,1.0425531914893618,141.0,1.0217391304347827,138.0,1.0,138.0,0.9583333333333334,141.0,1.0071428571428571,140.0,1.0,140.0,1.0144927536231885,138.0,0.9387755102040816,196.0,-0.2283576198253789,0.2662006315672693,98.0,98.0,-0.0487707529731144,-0.3151963303116223,1.2120725722650425,-0.5503119154651404,-0.1894781405274196,0.345,0.47,0.505,0.605,0.76,0.0
114.0,1.027027027027027,111.0,1.018348623853211,109.0,1.028301886792453,106.0,0.9636363636363636,108.0,0.9818181818181818,110.0,1.0185185185185186,108.0,0.9642857142857144,112.0,1.0,155.0,-0.0036804372436358,0.4979622076417153,80.0,75.0,0.1429746802888568,-0.2256895116072003,2.355622735206224,-0.9672358710004564,0.3959266863461012,0.34,0.475,0.515,0.56,0.84,0.0
140.0,0.9523809523809524,147.0,1.013793103448276,145.0,0.9797297297297296,148.0,1.0,143.0,0.9794520547945206,146.0,1.0,146.0,1.028169014084507,142.0,1.0070921985815602,200.0,-0.2341697535522319,0.2486858440515656,100.0,100.0,-0.1078134008656145,-0.2890622689422503,1.189436018287995,-0.445,0.6925016269235214,0.34,0.465,0.5,0.57,0.515,0.0
152.0,1.0780141843971631,141.0,1.0071428571428571,140.0,1.0218978102189782,137.0,1.6506024096385543,142.0,1.0070921985815602,141.0,1.0,141.0,1.014388489208633,139.0,0.9586206896551724,198.0,-0.2282765046745271,0.2608720097764498,99.0,99.0,-0.0541295979386211,-0.3100207542777169,1.2534981176674669,-0.5129896065866564,-0.1802352986885296,0.35,0.47,0.5,0.58,0.75,0.0
176.0,0.9887640449438202,178.0,1.065868263473054,167.0,0.9940476190476192,168.0,0.9824561403508772,174.0,1.0116279069767442,172.0,1.0,172.0,1.0058479532163742,171.0,0.9344262295081968,245.0,-0.2249767972417553,0.2351386248790155,124.0,121.0,-0.2153900972748018,-0.4788108537434842,1.5552368806904122,-0.5246934779206283,-0.1558743278295338,0.36,0.485,0.51,0.53,0.67,0.0
223.0,1.0276497695852536,217.0,0.9475982532751092,229.0,1.0504587155963303,218.0,2.3956043956043955,218.0,1.9292035398230087,113.0,1.0560747663551402,107.0,0.9727272727272728,110.0,0.9734513274336284,229.0,-0.0444121686650652,0.6315598033628896,77.0,152.0,0.5986699252501431,-0.2925436262873681,2.57444612598228,-0.4031685578124182,-0.1627206226304197,0.54,0.795,0.82,0.855,0.975,0.0
151.0,0.993421052631579,152.0,0.95,160.0,0.9523809523809524,168.0,1.0566037735849056,142.0,0.9793103448275862,145.0,0.9602649006622516,151.0,1.0633802816901408,142.0,1.0,202.0,-0.3805902676409556,0.1643353130385321,103.0,99.0,-0.2680348087266052,-0.6198314628248338,0.9306005210972784,-0.5157400205123944,-0.3252787055593151,0.37,0.49,0.515,0.535,0.845,0.0
140.0,0.9722222222222222,144.0,0.96,150.0,0.9803921568627452,153.0,1.0551724137931036,145.0,0.9797297297297297,148.0,1.0136986301369864,146.0,1.006896551724138,145.0,1.0283687943262412,199.0,-0.1284583087100172,0.2353266465227254,98.0,101.0,-0.0537621472728017,-0.2289449382683901,1.2453109896512116,-0.343634792328262,-0.0686907891835822,0.335,0.455,0.495,0.56,0.76,0.0
174.0,1.0175438596491229,171.0,1.0363636363636364,165.0,0.9482758620689656,174.0,0.9405405405405406,167.0,0.8978494623655914,186.0,1.0391061452513966,179.0,1.028735632183908,174.0,0.9942857142857144,232.0,-0.1569038891242103,0.2883270064674638,116.0,116.0,-0.1920778838322437,-0.5052811663487233,2.0381961876473,-0.4056114231722373,-0.052670223032682,0.39,0.48,0.505,0.525,0.67,0.0
141.0,0.94,150.0,1.0135135135135136,148.0,1.0068027210884354,147.0,0.9735099337748344,146.0,0.948051948051948,154.0,1.0198675496688745,151.0,1.0272108843537415,147.0,1.0352112676056338,201.0,-0.191789658546645,0.2631178288439706,99.0,102.0,-0.0729027133864308,-0.2685767234897929,1.2821723281287714,-0.4736649951129612,-0.1948586011547403,0.335,0.46,0.495,0.56,0.81,0.0
109.0,0.990909090909091,110.0,0.9649122807017544,114.0,1.027027027027027,111.0,1.018348623853211,112.0,0.9739130434782609,115.0,1.0648148148148149,108.0,0.9818181818181818,110.0,1.0185185185185186,155.0,-0.0520209090811659,0.4861187064824463,77.0,78.0,0.1102176773297885,-0.3423333695235283,2.2281647238207314,-0.877392817272531,0.4201649309827903,0.32,0.46,0.5,0.545,0.83,0.0
85.0,0.3679653679653679,231.0,1.5503355704697988,149.0,0.9612903225806452,155.0,0.9872611464968152,150.0,0.9036144578313253,166.0,1.006060606060606,165.0,0.9705882352941176,170.0,0.9826589595375722,212.0,-0.153534615969985,0.3426958853180155,107.0,105.0,-0.1014562954926107,-0.1687591541370859,1.8244032917456063,-0.3462259055801888,0.255119245200967,0.355,0.465,0.505,0.6,0.535,0.0
127.0,1.0,127.0,1.016,125.0,0.992063492063492,126.0,0.9767441860465116,134.0,1.0387596899224807,129.0,0.9923076923076924,130.0,0.9701492537313432,134.0,1.0075187969924813,190.0,0.0813524884799975,0.2866780596427947,97.0,93.0,0.1915261912469522,-0.1060216254166601,1.4910826498228351,-0.3672032705345701,0.4244889396963291,0.36,0.48,0.515,0.54,0.73,0.0
174.0,1.0545454545454545,165.0,1.0,165.0,0.9880239520958084,167.0,0.9488636363636364,167.0,0.9597701149425287,174.0,0.9942857142857144,175.0,1.0294117647058822,170.0,0.9497206703910616,230.0,-0.1763057320791529,0.2827859277241151,114.0,116.0,-0.2130376528248647,-0.4855002023410971,1.923800040730252,-0.3873194033413718,-0.0453486175252745,0.38,0.475,0.5,0.525,0.695,0.0
165.0,1.0,165.0,2.142857142857143,77.0,0.3195020746887966,241.0,1.4345238095238095,157.0,0.9874213836477987,159.0,0.9352941176470588,170.0,1.827956989247312,93.0,0.3522727272727273,274.0,-0.0782015862527463,0.3738860461740086,165.0,109.0,-0.0632738079574983,-0.056549912846245,2.3120723184417216,-0.3156716258498654,0.5089467389643205,0.47,0.57,0.605,0.68,0.625,0.0
220.0,1.9298245614035088,114.0,1.0363636363636364,110.0,1.0091743119266054,109.0,0.981981981981982,112.0,0.5022421524663677,223.0,2.1650485436893203,103.0,0.8306451612903226,124.0,1.2916666666666667,155.0,-0.5932067395335312,0.5415704072459508,77.0,78.0,-0.5299091602966743,-0.999375126502256,1.7529745130198686,-1.5579014941590348,-0.1926436329121733,0.335,0.465,0.505,0.55,0.895,0.0
158.0,1.0,158.0,1.0,158.0,0.9937106918238994,159.0,0.9464285714285714,160.0,0.9696969696969697,165.0,0.9649122807017544,171.0,1.0118343195266273,169.0,1.0242424242424242,221.0,-0.2759126316732667,0.1598420884123021,109.0,112.0,-0.1672393872290021,-0.5246591917079814,1.0087316814821148,-0.3492610808472218,-0.2396198222102009,0.37,0.47,0.495,0.515,0.84,0.0
179.0,1.0346820809248556,173.0,1.0484848484848486,165.0,0.9649122807017544,171.0,1.0426829268292683,170.0,1.0,170.0,0.9941520467836256,171.0,0.9661016949152542,177.0,0.9725274725274724,232.0,-0.2051801151153288,0.2593935114429537,114.0,118.0,-0.2171328466788278,-0.4292814891112898,1.637393989252277,-0.5130291025102311,-0.1228577074577762,0.325,0.47,0.495,0.515,0.67,0.0
170.0,1.103896103896104,154.0,1.0620689655172413,145.0,0.9666666666666668,150.0,0.9615384615384616,152.0,1.0,152.0,0.9681528662420382,157.0,0.9631901840490796,163.0,0.9819277108433736,214.0,-0.1660222641434937,0.4096930076343631,108.0,106.0,0.4609559831480352,-0.1888422713716679,2.204706016631535,-0.3998486243369163,0.1814916267135997,0.48,0.445,0.51,0.625,0.54,0.0
112.0,1.037037037037037,108.0,0.9818181818181818,110.0,1.02803738317757,107.0,0.9553571428571428,115.0,1.0087719298245614,114.0,1.0555555555555556,108.0,0.9391304347826088,115.0,0.5275229357798165,231.0,-0.0272386215933096,0.604370790355286,151.0,80.0,1.9100562122682248,-0.3207137844090041,2.707848374522267,-0.5014479537037801,-0.5014479537037801,0.17,0.15,0.18,0.215,0.215,0.0
162.0,1.0318471337579618,157.0,1.0,157.0,1.0827586206896551,145.0,0.9666666666666668,156.0,1.0263157894736843,152.0,1.0066225165562914,151.0,0.9805194805194806,154.0,0.9625,219.0,-0.3034244051519404,0.1631727879162271,110.0,109.0,-0.1840453267416336,-0.5242008187478894,1.0160091073045328,-0.3419009451691648,-0.2733766317540469,0.365,0.48,0.505,0.525,0.845,0.0
167.0,0.9709302325581396,172.0,0.9772727272727272,176.0,0.9777777777777776,180.0,0.967741935483871,183.0,0.9891891891891892,185.0,1.0511363636363635,176.0,1.0,176.0,1.0476190476190477,255.0,-0.1486772425053635,0.2335326985216958,127.0,128.0,-0.1590604911372301,-0.3903484853942413,1.6561502688241403,-0.4735531408391662,-0.0398535761818305,0.4,0.475,0.5,0.52,0.68,0.0
108.0,0.9473684210526316,114.0,1.0178571428571428,112.0,0.9572649572649572,117.0,1.054054054054054,223.0,2.2525252525252526,99.0,0.8048780487804879,123.0,1.0789473684210529,114.0,1.0458715596330277,235.0,-0.1031731962796801,0.6225931541143246,79.0,156.0,0.4491572385578348,-0.2688784366316519,2.696857231599935,-0.4922719088638099,-0.2737222967070432,0.58,0.775,0.815,0.845,0.985,0.0
175.0,0.9722222222222222,180.0,1.0112359550561798,178.0,1.0,178.0,1.04093567251462,172.0,1.029940119760479,167.0,1.0,167.0,0.9823529411764704,170.0,0.9941520467836256,244.0,-0.2444584995253881,0.2636384130220406,124.0,120.0,-0.2868061354455638,-0.4802745171311896,1.7416562688744557,-0.4850936520040723,-0.0413125439831926,0.34,0.49,0.51,0.53,0.7,0.0
145.0,1.013986013986014,143.0,0.959731543624161,149.0,0.9933333333333332,150.0,1.0,165.0,0.953757225433526,173.0,0.9829545454545454,176.0,0.9565217391304348,184.0,1.010989010989011,225.0,-0.2163301682084226,0.2398018343125755,110.0,115.0,-0.244643160222696,-0.5045888276887425,1.521016218040292,-0.5133992920675075,-0.0656892419205969,0.39,0.47,0.49,0.515,0.76,0.0
177.0,1.023121387283237,173.0,1.0236686390532543,169.0,1.005952380952381,168.0,1.0,173.0,0.9829545454545454,176.0,0.9887640449438202,178.0,0.9319371727748692,191.0,1.0105820105820107,239.0,-0.1488074298697471,0.232911443720093,118.0,121.0,-0.1777278332089567,-0.4134051918539584,1.552270522367309,-0.530265911500465,-0.0878169313579129,0.39,0.475,0.495,0.515,0.66,0.0
105.0,0.945945945945946,111.0,1.1326530612244898,98.0,0.7903225806451613,124.0,1.0973451327433628,108.0,0.9642857142857143,112.0,0.9824561403508772,114.0,1.0458715596330277,109.0,0.981981981981982,152.0,-0.6478485767807786,0.5317872022077568,77.0,75.0,-0.4836462425440004,-0.8502839634114028,1.7612663695482218,-1.3902252433157538,-0.1903799965375306,0.315,0.47,0.51,0.555,0.89,0.0
149.0,1.0492957746478873,142.0,1.0289855072463767,138.0,0.9928057553956836,139.0,0.9928571428571428,144.0,1.0285714285714285,140.0,1.037037037037037,135.0,0.9507042253521126,142.0,0.993006993006993,203.0,-0.2138464012078367,0.2646626968634623,103.0,100.0,-0.0771590195357355,-0.2821055722522242,1.2583194206109505,-0.4722241177697823,-0.1787166891528244,0.345,0.475,0.51,0.585,0.77,0.0
151.0,0.993421052631579,152.0,1.0555555555555556,144.0,1.0434782608695652,138.0,0.971830985915493,145.0,0.9931506849315068,146.0,1.042857142857143,140.0,0.9929078014184396,141.0,0.9791666666666666,206.0,-0.1419290974184354,0.2436857668760468,105.0,101.0,-0.0113954432977153,-0.2145037688616247,1.304074275996247,-0.4055193084396977,-0.1267896133607731,0.355,0.475,0.51,0.58,0.825,0.0
112.0,0.5067873303167421,221.0,2.104761904761905,105.0,0.9545454545454546,110.0,0.9649122807017544,104.0,0.9285714285714286,112.0,1.0,112.0,1.018181818181818,110.0,1.02803738317757,227.0,-0.0127388322322973,0.5201038546601523,155.0,72.0,0.3035815317937727,-0.235076218856104,2.2138064425246267,-0.8290262102058659,-0.0247372877273572,0.445,0.65,0.68,0.715,0.855,0.0
107.0,0.9727272727272728,110.0,0.5069124423963134,217.0,0.9774774774774776,222.0,1.0325581395348835,215.0,0.9862385321100917,218.0,0.9688888888888888,225.0,1.0,225.0,1.0514018691588785,304.0,-0.3555103773281736,0.6485301422606714,154.0,150.0,-0.5672095073592922,-0.6441560301848885,2.3037286239120363,-0.8446068841232366,-0.8446068841232366,0.11,0.125,0.145,0.17,0.17,0.0
139.0,0.9928571428571428,140.0,1.0218978102189782,137.0,0.9647887323943662,142.0,0.9793103448275862,135.0,0.9712230215827338,139.0,0.9788732394366196,142.0,0.9726027397260274,146.0,0.9605263157894736,192.0,-0.2351210579991196,0.2187324430357509,98.0,94.0,-0.1194202047229927,-0.3033900889673261,1.1229881962958117,-0.4541531890089204,-0.2385813803903854,0.35,0.475,0.515,0.585,0.88,0.0
136.0,0.9784172661870504,139.0,0.9788732394366196,142.0,0.9659863945578232,147.0,0.9865771812080536,143.0,0.9862068965517241,145.0,1.0,145.0,0.9731543624161074,149.0,0.9802631578947368,198.0,-0.1785782737435503,0.2637657335361386,98.0,100.0,-0.0504487791710956,-0.2386965097338673,1.3258424040860897,-0.4411767558240348,-0.1493240726562839,0.33,0.46,0.495,0.57,0.8,0.0
165.0,0.993975903614458,166.0,0.9378531073446328,177.0,1.0172413793103448,174.0,1.0,182.0,1.0167597765363128,179.0,1.0,179.0,1.0346820809248556,173.0,0.9829545454545454,260.0,-0.22747331419868,0.2291588071011272,133.0,127.0,-0.2546828392066876,-0.4931613802145455,1.5875090280780964,-0.556771943158662,-0.1351057518764608,0.41,0.49,0.515,0.535,0.68,0.0
163.0,1.0,163.0,0.987878787878788,165.0,1.0377358490566038,,1.0192307692307692,165.0,1.0060975609756098,164.0,0.993939393939394,165.0,1.375,120.0,0.5853658536585366,227.0,-0.35943698753857,0.1443426463027514,112.0,115.0,-0.2650119100612741,-0.6070862751593402,0.7906003241922902,-0.4958929605828692,-0.3131832068392548,0.335,0.475,0.495,0.515,0.815,0.0
165.0,1.0576923076923077,156.0,0.968944099378882,161.0,1.0125786163522013,159.0,0.9695121951219512,160.0,0.9580838323353293,167.0,0.9766081871345028,171.0,1.0239520958083832,167.0,0.9823529411764704,221.0,-0.2892364699002145,0.1556014008109126,109.0,112.0,-0.1629762465747322,-0.4961319927965128,0.9759753330522488,-0.4545267370623635,-0.2538974948595351,0.38,0.475,0.495,0.515,0.82,0.0
145.0,1.0283687943262412,141.0,1.0444444444444445,135.0,1.062992125984252,127.0,1.0,136.0,0.9784172661870504,139.0,1.0,139.0,1.037313432835821,134.0,1.0387596899224807,194.0,-0.0445194595580493,0.2906774904349006,99.0,95.0,0.0991370290808307,-0.2820447231190119,1.3506207590954245,-0.4848427191939462,0.2778520936417948,0.35,0.45,0.515,0.54,0.74,0.0
152.0,1.027027027027027,148.0,1.6629213483146068,89.0,0.4472361809045226,199.0,1.3630136986301369,148.0,1.0,148.0,1.0571428571428572,140.0,1.037037037037037,135.0,0.9507042253521126,204.0,-0.1989850787792089,0.26077111955122,101.0,103.0,-0.0325338984217191,-0.2747166800519224,1.253783681527583,-0.4756326013233684,-0.1711710800820215,0.33,0.465,0.495,0.57,0.81,0.0
170.0,0.9392265193370166,181.0,1.0773809523809523,168.0,1.0434782608695652,161.0,0.9640718562874252,150.0,1.0,150.0,0.967741935483871,155.0,0.9627329192546584,161.0,1.0662251655629138,209.0,-0.0734329199715013,0.287534168668896,104.0,105.0,-0.2192231306848497,-0.4130764061338643,1.5669583546108692,-0.266764886626299,0.1745330250288315,0.355,0.47,0.5,0.525,0.715,0.0
143.0,1.0,143.0,0.9794520547945206,146.0,1.0,146.0,1.028169014084507,148.0,1.0136986301369864,146.0,1.042857142857143,140.0,1.0294117647058822,136.0,1.0074074074074073,207.0,-0.2190511949794556,0.2499237003530561,104.0,103.0,0.0406854334618137,-0.2746994353231377,1.1770035826341334,-0.4944712454887213,-0.134605899724104,0.355,0.47,0.505,0.58,0.805,0.0
170.0,1.0828025477707006,157.0,1.0064102564102564,156.0,1.0,156.0,0.934131736526946,156.0,0.9873417721518988,158.0,1.4766355140186915,107.0,0.5194174757281553,206.0,1.2261904761904765,219.0,-0.2409835415397911,0.1532583689621577,110.0,109.0,-0.1305273431773431,-0.4037925950425122,0.9025585397805128,-0.3611801086105838,-0.2299383076421042,0.33,0.48,0.505,0.525,0.855,0.0
180.0,0.967741935483871,186.0,1.0,186.0,1.0391061452513966,179.0,1.0112994350282485,169.0,1.005952380952381,168.0,0.9130434782608696,184.0,1.0279329608938548,179.0,1.022857142857143,241.0,-0.2993913665792581,0.2800824511252968,123.0,118.0,-0.3384349220612681,-0.6328080587542187,1.838904334372788,-0.4806621374732285,-0.1886753754175192,0.345,0.485,0.51,0.535,0.685,0.0
187.0,1.016304347826087,184.0,1.010989010989011,182.0,1.0167597765363128,179.0,1.0346820809248556,172.0,1.029940119760479,167.0,1.0245398773006136,163.0,0.9157303370786516,178.0,1.0,243.0,-0.3013920600096675,0.2302683003012923,123.0,120.0,-0.346450922278173,-0.5141459167828153,1.375566573032299,-0.686886523596522,-0.2401628788284481,0.4,0.485,0.505,0.525,0.68,0.0
160.0,1.0526315789473684,152.0,0.9806451612903224,155.0,1.0264900662251657,151.0,0.9320987654320988,159.0,1.0063291139240507,158.0,0.9813664596273292,161.0,0.9757575757575756,165.0,0.9880239520958084,217.0,-0.3459099085939834,0.1483681591415218,106.0,111.0,-0.2793467336683417,-0.6026551829737279,0.781758053088353,-0.4432090123900916,-0.2923273045584222,0.355,0.465,0.49,0.515,0.795,0.0
170.0,1.0179640718562877,167.0,1.050314465408805,159.0,0.9814814814814816,162.0,0.9204545454545454,172.0,0.91005291005291,189.0,1.0,189.0,1.0617977528089888,178.0,1.0229885057471264,238.0,-0.1997636765882212,0.243244255189487,118.0,120.0,-0.2237076314694576,-0.49186931748233,1.55672681094376,-0.5399857511209024,-0.0440770408448226,0.34,0.475,0.5,0.52,0.685,0.0
107.0,0.9224137931034484,116.0,1.0740740740740742,108.0,0.4909090909090909,220.0,2.156862745098039,108.0,1.0188679245283019,106.0,0.9814814814814816,108.0,0.9391304347826088,115.0,1.116504854368932,167.0,-0.301333456388034,0.5962477836379498,92.0,75.0,-0.05372944153377,-0.4235229364535295,2.1066017605149945,-1.0949339545906178,0.3253783510021228,0.37,0.52,0.555,0.595,0.84,0.0
163.0,1.01875,160.0,0.9467455621301776,169.0,0.9883040935672516,171.0,0.9553072625698324,169.0,0.976878612716763,173.0,1.0236686390532543,169.0,1.0368098159509205,163.0,1.0124223602484472,231.0,-0.2316929627353638,0.2515077658078043,113.0,118.0,-0.2747377614190945,-0.562664905551248,1.6809733602840828,-0.5011487479683737,-0.2243535223213786,0.38,0.465,0.49,0.51,0.665,0.0
195.0,1.3732394366197185,142.0,0.9594594594594594,148.0,0.9866666666666668,150.0,0.8928571428571429,161.0,1.6428571428571428,98.0,0.4355555555555555,225.0,1.2784090909090908,176.0,1.6923076923076923,219.0,-0.0935126711247733,0.3646559987746258,107.0,112.0,-0.024359025299409,-0.1053516134442425,2.1218111892245406,-0.2283356856031679,0.2672002126211525,0.32,0.435,0.49,0.575,0.52,0.0
144.0,1.0285714285714285,140.0,1.0218978102189782,137.0,0.9785714285714284,140.0,1.0071942446043165,143.0,1.0214285714285714,140.0,1.0071942446043165,139.0,0.9652777777777778,144.0,0.979591836734694,203.0,-0.2448136651676118,0.2602317696058184,103.0,100.0,-0.1301368460336492,-0.3097039661477587,1.1913407328826169,-0.5017453743291118,-0.1977396128103101,0.34,0.47,0.505,0.58,0.765,0.0
152.0,1.034013605442177,147.0,1.027972027972028,143.0,1.0070422535211268,142.0,0.9861111111111112,148.0,1.0277777777777777,144.0,1.7349397590361446,83.0,0.4345549738219895,191.0,1.3356643356643356,205.0,-0.1968523405566623,0.23073060301565,102.0,103.0,-0.1062718496375929,-0.310170034440053,1.1648812309950567,-0.4015476392931986,-0.1425616098720053,0.335,0.435,0.5,0.57,0.85,0.0
167.0,0.9881656804733728,169.0,1.005952380952381,168.0,0.9824561403508772,171.0,1.0239520958083832,169.0,1.0180722891566265,166.0,1.106666666666667,150.0,1.020408163265306,147.0,0.98,290.0,-0.2101854964843889,0.3432841622180289,172.0,118.0,-0.1857479346713895,-0.2598918171834673,1.9431883823803036,-0.4353023374724514,-0.1553527780521756,0.45,0.54,0.595,0.675,0.965,0.0
152.0,0.9806451612903224,155.0,1.0264900662251657,151.0,0.9320987654320988,162.0,0.9938650306748468,158.0,0.9813664596273292,161.0,0.9757575757575756,165.0,0.9880239520958084,167.0,1.0372670807453417,221.0,-0.3161481265149875,0.1648926024710469,111.0,110.0,-0.2136791978613927,-0.484650278467937,1.0399293724853031,-0.4014956467619864,-0.2643242388802173,0.375,0.485,0.505,0.525,0.805,0.0
222.0,1.913793103448276,116.0,1.0841121495327102,107.0,0.4755555555555555,225.0,2.083333333333333,110.0,0.9649122807017544,114.0,0.991304347826087,115.0,1.0176991150442478,113.0,0.5067264573991032,154.0,-0.2626052491935807,0.5224315462508542,77.0,77.0,-0.2605972113083126,-0.6408583812295265,2.0847410206244894,-0.9700997683157088,0.3602337895975595,0.33,0.465,0.505,0.55,0.815,0.0
168.0,0.9767441860465116,172.0,1.048780487804878,164.0,1.025,160.0,0.9937888198757764,166.0,1.077922077922078,154.0,0.9746835443037974,158.0,1.0,158.0,1.0,234.0,-0.2726613603823225,0.1696202454608591,118.0,116.0,-0.1462522421559075,-0.5258132909733959,1.0032700361702525,-0.4095554944890872,-0.2581987931605506,0.375,0.48,0.505,0.525,0.85,0.0
152.0,1.027027027027027,148.0,1.0068027210884354,147.0,1.072992700729927,137.0,0.9785714285714284,150.0,1.0344827586206897,145.0,1.0357142857142858,140.0,1.0144927536231885,138.0,0.9857142857142858,208.0,-0.2068479715378305,0.2541542417415403,103.0,105.0,-0.0570154556800413,-0.2956153801816102,1.2518788852478149,-0.4667539272887734,-0.1671893705925361,0.34,0.46,0.495,0.575,0.8,0.0
141.0,0.9791666666666666,144.0,1.006993006993007,143.0,0.9662162162162162,148.0,0.9932885906040269,141.0,0.94,150.0,0.986842105263158,152.0,1.0133333333333334,150.0,1.0344827586206895,196.0,-0.2876820786771597,0.2831610434639938,98.0,98.0,-0.198297881555899,-0.4180452275777799,1.0848663175025015,-0.7405344772883832,-0.1206931631667499,0.365,0.47,0.5,0.58,0.53,0.0
159.0,0.99375,160.0,1.0810810810810811,148.0,1.0571428571428572,140.0,0.9929078014184396,154.0,1.0405405405405406,148.0,0.9801324503311258,151.0,0.9741935483870968,155.0,0.950920245398773,217.0,-0.3146685142925529,0.2604244926842217,110.0,107.0,-0.285,-0.639036677971611,1.3544748804182227,-0.7439620496846472,-0.1777428463400476,0.35,0.48,0.51,0.535,0.76,0.0
164.0,1.0186335403726707,161.0,0.9817073170731708,164.0,1.0061349693251531,163.0,0.9939024390243902,160.0,0.975609756097561,164.0,0.970414201183432,169.0,0.9825581395348836,172.0,1.036144578313253,221.0,-0.1758424155442876,0.3011107138603934,109.0,112.0,-0.1988448462696902,-0.5580512898295411,1.9439214265888944,-0.4247021281573919,0.0468376393515299,0.325,0.47,0.495,0.52,0.71,0.0
137.0,1.0300751879699248,133.0,0.9779411764705882,136.0,0.9577464788732394,142.0,0.993006993006993,130.0,0.9923664122137404,131.0,0.9492753623188406,138.0,0.9857142857142858,140.0,1.0294117647058822,184.0,-0.1194315135785298,0.2799681576130426,93.0,91.0,-0.0534216965453256,-0.3435297653215181,1.105579201703813,-0.5501604081616704,0.2357416775308394,0.345,0.46,0.505,0.535,0.75,0.0
140.0,1.0294117647058822,136.0,1.0793650793650793,126.0,0.9402985074626866,134.0,0.978102189781022,132.0,1.0153846153846153,130.0,0.9774436090225564,133.0,1.015267175572519,131.0,0.9703703703703704,189.0,-0.222499128986646,0.2774519207436641,97.0,92.0,-0.1483923289140072,-0.3774641539309478,1.0305318082499293,-0.6042407770215715,0.0827391125401394,0.355,0.485,0.52,0.545,0.75,0.0
167.0,1.0,167.0,1.030864197530864,162.0,1.0728476821192052,151.0,1.0202702702702702,163.0,0.9939024390243902,164.0,0.9820359281437124,167.0,0.9597701149425288,174.0,1.870967741935484,237.0,-0.2552082775338967,0.4020083280230526,123.0,114.0,-0.1915323711558069,-0.2647061166165278,2.061343779385915,-0.4605816463477021,0.2382291955661317,0.375,0.48,0.52,0.615,0.55,0.0
170.0,1.0179640718562877,167.0,1.050314465408805,159.0,1.0192307692307692,156.0,0.9176470588235294,172.0,0.9347826086956522,184.0,0.9787234042553192,188.0,1.032967032967033,182.0,1.0,242.0,-0.2524217330869907,0.2625062111803886,122.0,120.0,-0.2721865525860303,-0.5434322965800887,1.7738369572323314,-0.4970636991738326,-0.0662762072114983,0.395,0.485,0.505,0.525,0.68,0.0
171.0,1.0363636363636364,165.0,0.9821428571428572,168.0,0.9824561403508772,171.0,0.9606741573033708,179.0,1.0112994350282485,177.0,0.99438202247191,178.0,1.0171428571428571,175.0,1.0057471264367817,241.0,-0.2456061935225665,0.2550784614299201,116.0,125.0,-0.278673977582042,-0.5368525235530881,1.68744803192504,-0.5127232566706603,0.004710094151424,0.315,0.46,0.485,0.505,0.695,0.0
242.0,1.5125,160.0,1.4035087719298245,114.0,0.4956521739130435,230.0,1.3855421686746987,163.0,1.0316455696202531,158.0,0.9875,160.0,1.0666666666666669,150.0,1.020408163265306,227.0,-0.1214046171729298,0.3736482985606248,113.0,114.0,-0.0107400177305974,-0.1369890162672149,2.003250209859467,-0.3610736220543197,0.4231335942459809,0.335,0.46,0.5,0.625,0.535,0.0
107.0,0.981651376146789,109.0,1.0186915887850467,107.0,1.0,107.0,0.9727272727272728,107.0,0.981651376146789,109.0,0.956140350877193,114.0,1.027027027027027,111.0,1.018348623853211,148.0,-0.9617499298109192,0.5145788284929667,74.0,74.0,-0.8663348734531695,-1.3271501224376971,1.513545711506651,-1.6629481190429525,-0.3541657383591666,0.33,0.465,0.505,0.55,0.855,0.0
149.0,0.9371069182389936,159.0,0.9244186046511628,172.0,2.023529411764706,85.0,0.3679653679653679,85.0,0.32075471698113206,265.0,1.7320261437908495,153.0,1.02,150.0,0.9036144578313252,178.0,-0.1137697231115688,0.3988844626350811,119.0,59.0,0.3183138875062407,-0.1411385479420775,1.8935307783188584,-0.3655560413925507,0.4078986678033544,0.635,0.59,0.675,0.795,0.705,0.0
158.0,0.9875,160.0,0.975609756097561,164.0,1.0580645161290323,155.0,1.0472972972972974,157.0,1.0,157.0,0.9691358024691358,162.0,1.0125,160.0,0.98159509202454,225.0,-0.2541205674185948,0.1626827448032691,116.0,109.0,-0.1326314999204596,-0.4367849067109711,1.026160145930913,-0.4047128073018926,-0.2308920875802096,0.4,0.495,0.52,0.54,0.835,0.0
146.0,1.0579710144927537,138.0,1.0,138.0,0.9787234042553192,141.0,1.0444444444444445,153.0,1.0551724137931036,145.0,1.0661764705882353,136.0,1.0303030303030305,132.0,1.015384615384615,208.0,-0.1972754428175288,0.2746456093823627,101.0,107.0,-0.1220735702317573,-0.394014064203523,1.212796979255355,-0.7824911208207022,0.1499192416217326,0.34,0.44,0.49,0.555,0.7,0.0
141.0,0.986013986013986,143.0,1.0592592592592591,135.0,1.0305343511450382,131.0,1.0076923076923077,139.0,1.0296296296296297,135.0,0.9712230215827338,139.0,1.0692307692307692,130.0,1.04,198.0,-0.1759675459668788,0.2863871727410821,101.0,97.0,-0.1060165545216395,-0.2893708449778094,1.258277542662753,-0.5676989737101897,0.096053482573936,0.345,0.475,0.51,0.535,0.73,0.0
146.0,0.9798657718120806,149.0,1.0347222222222223,144.0,0.9664429530201344,149.0,1.0642857142857145,153.0,1.047945205479452,146.0,1.0503597122302155,139.0,1.0072463768115942,138.0,0.9928057553956836,209.0,-0.1964548510230538,0.262559447245059,102.0,107.0,-0.0114081054352054,-0.2831049580253312,1.254867786306707,-0.4788829721186102,-0.2083080154129098,0.33,0.455,0.49,0.56,0.75,0.0
160.0,1.019108280254777,157.0,1.0608108108108107,148.0,1.049645390070922,141.0,0.9657534246575342,165.0,2.142857142857143,77.0,0.3195020746887966,241.0,1.4345238095238095,168.0,0.9710982658959536,230.0,-0.2750254089017411,0.3931123895335021,115.0,115.0,-0.2223726322874505,-0.29283375214334,2.0088127425257785,-0.4807882525270753,0.2666455419986437,0.33,0.465,0.505,0.62,0.53,0.0
158.0,1.0193548387096774,155.0,1.0264900662251657,151.0,0.9741935483870968,155.0,1.0064935064935066,141.0,0.9929577464788732,142.0,0.9726027397260274,146.0,1.0,146.0,0.9864864864864864,196.0,-0.3609302273086642,0.2743243265697415,98.0,98.0,-0.3353638366089753,-0.6857675155739759,1.3586298381806043,-0.7387382321678186,-0.3913160534628156,0.365,0.475,0.505,0.53,0.735,0.0
179.0,0.9835164835164836,182.0,0.978494623655914,186.0,0.9738219895287958,191.0,1.0105820105820107,180.0,0.994475138121547,181.0,1.0168539325842696,178.0,1.04093567251462,171.0,0.9395604395604396,251.0,-0.3213075485903188,0.2364247310550919,126.0,125.0,-0.3378164999000427,-0.5672742881759882,1.3993523616091494,-0.7239744640503116,-0.29693063815083,0.34,0.48,0.505,0.525,0.67,0.0
157.0,1.9873417721518989,79.0,0.2958801498127341,267.0,1.5344827586206895,174.0,0.9015544041450776,157.0,0.9874213836477987,159.0,1.0,159.0,0.9636363636363636,165.0,1.13013698630137,216.0,-0.1142400552710649,0.3893168144837661,107.0,109.0,-0.0118099420954387,-0.1597152322586918,1.9803384083142008,-0.3704087775513557,0.2982021411476814,0.335,0.44,0.5,0.625,0.53,0.0
176.0,1.0,176.0,1.0476190476190477,168.0,0.96,175.0,0.9562841530054644,172.0,0.9148936170212766,188.0,1.0217391304347827,184.0,1.010989010989011,182.0,1.011111111111111,236.0,-0.1616172516526469,0.2329629122415979,116.0,120.0,-0.1695503818484684,-0.3559615231385941,1.6143567787449693,-0.5239815167550141,0.151998541450739,0.365,0.475,0.495,0.515,0.7,0.0
163.0,0.9939024390243902,164.0,0.9820359281437124,167.0,0.9597701149425288,174.0,1.870967741935484,156.0,0.9873417721518988,158.0,0.9575757575757576,165.0,1.012269938650307,163.0,1.065359477124183,216.0,-0.3741506865228322,0.3673248007951364,107.0,109.0,-0.3292628727764456,-0.3776932965071387,1.946963072741083,-0.55465636730051,-0.1400427766967218,0.315,0.45,0.5,0.59,0.53,0.0
161.0,1.018987341772152,158.0,1.025974025974026,154.0,0.9685534591194968,159.0,1.0,115.0,0.6020942408376964,191.0,1.1169590643274854,171.0,1.0118343195266273,169.0,1.0,192.0,-0.3325300973410832,0.1587607147498147,112.0,80.0,-0.2441914544322776,-0.5495505104293483,0.862579796905441,-0.4332098503258232,-0.2645148990853738,0.44,0.56,0.585,0.61,0.99,0.0
155.0,0.9872611464968152,157.0,0.98125,160.0,0.975609756097561,164.0,0.970414201183432,170.0,0.9883720930232558,172.0,0.9502762430939228,181.0,1.0402298850574712,174.0,1.0545454545454545,234.0,-0.2167128267333637,0.2869741008621488,116.0,118.0,-0.2292656356071361,-0.5502914408237201,1.901079190575061,-0.4437309589070594,-0.0528940305232193,0.38,0.475,0.5,0.525,0.7,0.0
142.0,0.9726027397260274,146.0,1.0,146.0,0.9864864864864864,148.0,0.9367088607594936,164.0,0.9820359281437125,167.0,0.9382022471910112,178.0,1.0348837209302326,172.0,1.017751479289941,228.0,-0.3531086911471625,0.2431880442941676,114.0,114.0,-0.3410069709631456,-0.620033788243012,1.374709242647775,-0.6973853709598637,-0.3170025387447061,0.36,0.475,0.505,0.525,0.69,0.0
113.0,1.0462962962962965,108.0,0.9818181818181818,110.0,0.9649122807017544,114.0,1.027027027027027,110.0,0.990990990990991,111.0,1.0277777777777777,108.0,0.9557522123893806,113.0,1.0272727272727271,155.0,-0.4706408096563177,0.5138326944277998,78.0,77.0,-0.4028856097630041,-0.7680048290808424,1.988661169816704,-1.0815180730820535,-0.0130853046215895,0.305,0.455,0.5,0.55,0.84,0.0
169.0,1.0119760479041915,167.0,1.030864197530864,162.0,1.0384615384615383,156.0,1.21875,166.0,1.1216216216216217,148.0,0.9801324503311258,151.0,0.9741935483870968,155.0,0.945121951219512,234.0,-0.3695506552524025,0.1518065558163259,118.0,116.0,-0.2408815470358596,-0.566574663096725,0.7632299238459077,-0.5529228306013952,-0.3377914168541754,0.35,0.485,0.51,0.535,0.845,0.0
137.0,1.078740157480315,127.0,0.9769230769230768,130.0,0.9774436090225564,133.0,0.9851851851851852,136.0,0.9927007299270073,137.0,1.0148148148148148,135.0,1.007462686567164,134.0,0.9640287769784172,188.0,0.2234340234695021,0.3016069907800455,93.0,95.0,0.25312295044659,0.0041365398039573,1.7051840154308158,-0.3357025688819485,0.5627478408375248,0.33,0.43,0.5,0.55,0.785,0.0
159.0,1.0192307692307692,156.0,0.9230769230769232,169.0,0.976878612716763,173.0,1.1233766233766234,165.0,1.0248447204968945,161.0,1.0454545454545454,154.0,1.0405405405405406,148.0,1.0,231.0,-0.28607354330657,0.1736287057653657,116.0,115.0,-0.1490314064126271,-0.581369496636833,1.040626016673187,-0.3817071312401616,-0.2759047871512312,0.37,0.475,0.505,0.525,0.815,0.0
159.0,1.0324675324675323,154.0,0.9685534591194968,159.0,0.9754601226993864,163.0,0.9588235294117649,155.0,0.9281437125748503,167.0,1.0121212121212122,165.0,1.03125,160.0,1.0596026490066226,218.0,-0.3105281417176312,0.169559737610895,110.0,108.0,-0.1938351998811732,-0.5646828808828138,0.9868221151614038,-0.4276398035089732,-0.2845424867552155,0.38,0.48,0.51,0.53,0.825,0.0
169.0,0.976878612716763,173.0,0.9351351351351352,185.0,1.0393258426966292,178.0,1.0229885057471264,180.0,1.0465116279069768,172.0,0.9942196531791908,173.0,0.9829545454545454,176.0,1.0173410404624277,256.0,-0.2151848610306151,0.2232740431765225,131.0,125.0,-0.2601949021396837,-0.4382047666983516,1.424688870005388,-0.5920624675597499,-0.0866810480002138,0.405,0.49,0.515,0.535,0.695,0.0
177.0,1.0350877192982455,171.0,0.9447513812154696,181.0,1.0402298850574712,174.0,1.0175438596491229,176.0,0.9943502824858758,177.0,0.9779005524861878,181.0,1.0055555555555555,180.0,1.0285714285714285,243.0,-0.2017435093799661,0.2389727840416869,120.0,123.0,-0.1789151904587026,-0.4225427081273392,1.5823274565817873,-0.5297473765672788,0.0104874473166848,0.35,0.475,0.5,0.52,0.7,0.0
171.0,0.994186046511628,172.0,1.017751479289941,169.0,1.0119760479041915,167.0,0.912568306010929,171.0,0.9553072625698324,179.0,0.9835164835164836,182.0,1.0520231213872833,173.0,1.0297619047619049,237.0,-0.2143082747893691,0.2624444322674175,118.0,119.0,-0.2197772078711626,-0.5314028237869597,1.717203681744901,-0.4796477938846825,0.020906229656466,0.355,0.475,0.5,0.52,0.7,0.0
149.0,1.8860759493670889,79.0,0.395,200.0,1.4285714285714286,140.0,0.9929078014184396,143.0,1.0214285714285714,140.0,1.0218978102189782,137.0,0.958041958041958,143.0,0.959731543624161,201.0,-0.248979523980646,0.2727775103757975,101.0,100.0,-0.1246032283200478,-0.3531717736700309,1.2118215156745793,-0.5425740140119372,-0.2284008331681873,0.34,0.465,0.5,0.58,0.795,0.0
135.0,0.944055944055944,143.0,1.0141843971631206,141.0,1.0291970802919708,137.0,1.0378787878787878,151.0,0.9617834394904459,157.0,1.0194805194805194,154.0,1.0476190476190477,147.0,0.9607843137254902,203.0,0.5668814793708599,0.2535158060968125,98.0,105.0,0.6071329123613044,0.3327077694297959,2.4535485006342945,0.1952784742810487,0.6213086074998903,0.33,0.455,0.485,0.51,0.73,0.0
138.0,0.971830985915493,142.0,0.9659863945578232,147.0,1.0068493150684932,146.0,1.0,141.0,0.9791666666666666,144.0,0.9290322580645162,155.0,1.0402684563758389,149.0,0.9933333333333332,196.0,-0.263986654108775,0.2567950677669645,98.0,98.0,-0.1332786468765823,-0.3218342020254002,1.1885042131077148,-0.524490456441693,-0.2420362607503054,0.34,0.47,0.5,0.57,0.805,0.0
146.0,1.0354609929078014,141.0,1.0217391304347827,138.0,0.9857142857142858,140.0,0.9722222222222222,141.0,1.0071428571428571,140.0,1.627906976744186,86.0,0.4278606965174129,201.0,1.3311258278145697,200.0,-0.2623286720011302,0.2469991601089561,102.0,98.0,-0.1439776689162018,-0.364954889216891,1.1731206055755736,-0.4919848467645715,-0.2189462658296155,0.34,0.475,0.51,0.58,0.76,0.0
111.0,0.9910714285714286,112.0,1.037037037037037,108.0,0.972972972972973,111.0,1.168421052631579,112.0,1.0467289719626167,107.0,0.9469026548672568,113.0,1.076190476190476,105.0,0.9722222222222222,155.0,-0.1636211398911927,0.4956078048659785,77.0,78.0,-0.1142594168035587,-0.46791754408324,2.0999581602489026,-1.031407699442915,0.3109513335514615,0.295,0.46,0.5,0.545,0.82,0.0
148.0,1.0,148.0,0.961038961038961,154.0,0.9808917197452228,157.0,0.9751552795031057,158.0,0.9753086419753086,162.0,0.9878048780487804,164.0,1.0123456790123455,162.0,1.051948051948052,218.0,-0.3539997571310768,0.1645056371237498,108.0,110.0,-0.2415532784370169,-0.5829158070510609,0.970095543708658,-0.5024827907208653,-0.3122632361583595,0.335,0.47,0.495,0.52,0.835,0.0
142.0,0.9793103448275862,145.0,0.9797297297297296,148.0,0.9866666666666668,150.0,1.0,145.0,0.9539473684210527,152.0,0.9681528662420382,157.0,1.0328947368421053,152.0,1.0201342281879195,200.0,-0.2208980681148003,0.2575024211631282,99.0,101.0,-0.0845995691075227,-0.295,1.2636020780318131,-0.5052016831391364,-0.247996723999296,0.335,0.46,0.495,0.57,0.74,0.0
172.0,0.9502762430939228,181.0,0.9836956521739132,184.0,1.0454545454545454,176.0,0.9513513513513514,174.0,1.0,174.0,0.956043956043956,182.0,1.058139534883721,172.0,1.0058479532163742,244.0,-0.2363515193786816,0.2206854179940432,123.0,121.0,-0.2635394380119788,-0.4671214181020033,1.3434635408799007,-0.5217697662508086,0.0261349012537369,0.4,0.485,0.51,0.53,0.725,0.0
179.0,1.0112994350282485,177.0,1.005681818181818,176.0,1.0,176.0,0.9943502824858758,174.0,1.0,174.0,0.9830508474576272,177.0,1.0172413793103448,174.0,1.0175438596491229,241.0,-0.1826878832183474,0.275275385945943,120.0,121.0,-0.2197236176034203,-0.4940308170115126,1.935570346769816,-0.4216974380947464,0.1369600288133263,0.335,0.475,0.5,0.52,0.705,0.0
222.0,1.009090909090909,220.0,0.9734513274336284,226.0,2.3789473684210525,95.0,0.9134615384615384,220.0,2.391304347826087,92.0,0.7022900763358778,131.0,1.190909090909091,110.0,0.9734513274336284,232.0,-0.5255590662241787,0.785907265016267,78.0,154.0,-0.1891452356783778,-0.7891148503890062,2.489762275449235,-1.1316963458485207,-0.937338308357398,0.59,0.745,0.8,0.835,0.985,0.0
200.0,1.4285714285714286,140.0,0.9929078014184396,141.0,0.9657534246575342,146.0,0.948051948051948,137.0,0.958041958041958,143.0,0.959731543624161,149.0,1.0067567567567568,148.0,1.741176470588235,193.0,-0.213129823459454,0.2705861708582301,98.0,95.0,-0.1316167754569667,-0.2780970467891203,1.2835692463556565,-0.4356303322927244,-0.1497178232992592,0.34,0.475,0.51,0.59,0.835,0.0
114.0,0.4691358024691358,243.0,1.4727272727272729,165.0,1.0248447204968945,161.0,0.9817073170731708,77.0,0.2972972972972973,259.0,1.488505747126437,174.0,0.9886363636363636,176.0,1.0173410404624277,162.0,-0.1336735380140881,0.4480934656260943,109.0,53.0,0.2792830743210814,-0.1532012499838802,2.233295536335032,-0.3687996598548574,0.2393822643711688,0.64,0.61,0.685,0.815,0.72,0.0
139.0,1.0,139.0,1.037313432835821,134.0,1.0387596899224807,129.0,0.9923076923076924,134.0,1.0387596899224807,129.0,0.9699248120300752,133.0,0.9708029197080292,137.0,1.0148148148148148,190.0,-0.177696503532042,0.3001445436270682,97.0,93.0,-0.0572385029528179,-0.3904361387429498,1.214831395820383,-0.6166126433168609,0.0334131079612706,0.355,0.47,0.515,0.54,0.735,0.0
93.0,0.335740072202166,277.0,2.4954954954954958,111.0,0.5311004784688995,209.0,1.393333333333333,153.0,1.9870129870129871,77.0,0.3615023474178404,213.0,1.4013157894736843,152.0,0.9559748427672956,221.0,-0.2968642239602482,0.3393702374047873,114.0,107.0,0.0395657423169747,-0.3257146194237537,1.642882470720489,-0.4366829795744317,-0.2038127265230315,0.485,0.46,0.52,0.61,0.885,0.0
140.0,1.0144927536231885,138.0,1.022222222222222,135.0,1.0546875,128.0,1.0158730158730158,133.0,1.0310077519379846,129.0,1.048780487804878,,0.9919354838709676,124.0,0.9612403100775194,186.0,-0.109323762954312,0.2470051898551383,93.0,93.0,-0.0322455554496368,-0.3207971345247729,1.5425861884059304,-0.322919953383841,0.0588068295213767,0.35,0.465,0.505,0.535,0.74,0.0
176.0,0.946236559139785,186.0,1.0163934426229508,183.0,1.0397727272727273,176.0,1.0,173.0,1.0484848484848486,165.0,0.9649122807017544,171.0,1.0426829268292683,164.0,1.0186335403726707,246.0,-0.2474747484801252,0.2601993359744842,125.0,121.0,-0.2786006872927088,-0.5128930939253447,1.6561912874683715,-0.4708611179684372,-0.0740068876479943,0.375,0.49,0.515,0.535,0.69,0.0
105.0,0.9545454545454546,110.0,0.9649122807017544,114.0,1.0178571428571428,112.0,1.0467289719626167,112.0,1.018181818181818,110.0,1.02803738317757,107.0,0.9727272727272728,110.0,1.0377358490566038,156.0,0.0156668995741676,0.4727856931668406,78.0,78.0,0.2036048533860284,-0.2238596733486501,2.08769184641713,-0.9674137482105668,0.426542452689631,0.325,0.465,0.505,0.55,0.82,0.0
160.0,0.9523809523809524,168.0,1.0566037735849056,159.0,0.9352941176470588,170.0,1.0365853658536586,151.0,1.0633802816901408,142.0,1.0,142.0,1.0070921985815602,141.0,1.036764705882353,206.0,-0.4536323105188778,0.1676890644826807,101.0,105.0,-0.3043313455071607,-0.6538921896932636,0.799570253798444,-0.5989865767258944,-0.4380191381457137,0.35,0.47,0.495,0.515,0.83,0.0
139.0,1.0220588235294117,136.0,0.9444444444444444,144.0,0.96,150.0,0.9933774834437086,151.0,0.9805194805194806,154.0,0.9447852760736196,163.0,1.0,163.0,1.065359477124183,207.0,-0.2998020974258032,0.1380685902027167,102.0,105.0,-0.1613770137821387,-0.5017163630073057,0.8152928468677065,-0.4638542375145082,-0.2718073791643759,0.375,0.475,0.495,0.515,0.81,0.0
166.0,0.994011976047904,167.0,1.0372670807453417,,1.0254777070063694,157.0,1.0194805194805194,184.0,0.9945945945945946,185.0,1.0054347826086956,184.0,1.0165745856353592,181.0,1.011173184357542,261.0,-0.2480679056321339,0.2529247932990311,133.0,128.0,-0.273555725407957,-0.4936453022583569,1.642766122567429,-0.4387102444274219,-0.1653285873527726,0.395,0.485,0.51,0.535,0.68,0.0
220.0,1.375,160.0,0.9696969696969696,165.0,1.0060975609756098,164.0,0.993939393939394,189.0,1.05,180.0,1.0778443113772456,167.0,1.7956989247311828,93.0,0.3536121673003802,255.0,-0.1743215294726544,0.3938556554250288,123.0,132.0,-0.1523048474121327,-0.1967916748381768,2.1230897934894752,-0.4190641740066357,0.4653855915682242,0.32,0.435,0.49,0.59,0.51,0.0
182.0,0.9680851063829788,188.0,1.032967032967033,182.0,1.0,182.0,1.103030303030303,162.0,1.0588235294117647,153.0,1.0,153.0,0.9683544303797468,158.0,0.9753086419753086,235.0,-0.1858657046356815,0.3754050575649408,122.0,113.0,0.3716069201258307,-0.2199278049487537,1.9890768504071363,-0.3824225123422065,0.2769971251061255,0.495,0.475,0.525,0.62,0.55,0.0
111.0,1.0,111.0,0.9823008849557522,113.0,1.0560747663551402,107.0,0.9907407407407408,111.0,1.0373831775700935,107.0,0.9304347826086956,115.0,1.055045871559633,109.0,0.990909090909091,168.0,-0.2790488103523668,0.4572733093725841,91.0,77.0,-0.2229190985392699,-0.5147986204327843,2.118766635933093,-1.0839999986626312,0.128051685453954,0.375,0.51,0.545,0.585,0.89,0.0
148.0,1.034965034965035,143.0,1.0287769784172662,139.0,1.0220588235294117,136.0,0.9577464788732394,142.0,0.993006993006993,143.0,1.036231884057971,138.0,1.0,138.0,0.9452054794520548,195.0,-0.2427068934653272,0.2306621001697554,96.0,99.0,-0.1077575156842023,-0.2895450329871303,1.1057363667281477,-0.4536188979824517,-0.2105370588664692,0.335,0.46,0.495,0.56,0.745,0.0
170.0,0.9826589595375722,173.0,0.9664804469273744,179.0,0.988950276243094,181.0,1.0,179.0,1.0467836257309941,171.0,0.9771428571428572,175.0,1.0606060606060606,165.0,1.0377358490566038,250.0,-0.336420956071162,0.2446196320804985,125.0,125.0,-0.3961616462561331,-0.6607485173211334,1.46450927858802,-0.7101123254612824,-0.2030299547780668,0.34,0.475,0.5,0.52,0.69,0.0
187.0,1.050561797752809,178.0,1.0,178.0,1.0289017341040465,173.0,0.9885714285714284,169.0,0.9657142857142857,175.0,0.945945945945946,185.0,1.0054347826086956,184.0,1.022222222222222,241.0,-0.1840513278813975,0.2433310704674652,123.0,118.0,-0.1774174326107239,-0.4309762133571111,1.646339828014799,-0.5646219296073023,-0.1557850157959498,0.365,0.49,0.51,0.53,0.665,0.0
178.0,1.0,178.0,1.0113636363636365,176.0,0.9832402234636872,179.0,1.0346820809248556,174.0,1.0357142857142858,168.0,0.9882352941176472,170.0,1.0559006211180124,161.0,0.9877300613496932,245.0,-0.211798766169868,0.2379470129144426,124.0,121.0,-0.2320842808968347,-0.4451617554105322,1.5028540700914077,-0.5104970253788845,-0.0169296340608065,0.4,0.48,0.51,0.53,0.695,0.0
191.0,1.1169590643274854,171.0,1.0118343195266273,169.0,1.0,169.0,1.0,171.0,1.0301204819277108,166.0,1.064102564102564,156.0,0.975,160.0,1.0062893081761006,236.0,-0.3010224184736062,0.1555168397859295,117.0,119.0,-0.2221291669403557,-0.547245245893884,0.9693078206054536,-0.3681647186003746,-0.2299598881667373,0.375,0.475,0.5,0.52,0.84,0.0
147.0,1.0352112676056338,142.0,1.0142857142857142,140.0,0.9929078014184396,141.0,1.0,143.0,1.0070422535211268,142.0,1.0142857142857142,140.0,0.9655172413793104,145.0,0.9731543624161074,202.0,-0.2762224310829833,0.274234023961034,102.0,100.0,-0.1101808967854775,-0.3793726479012004,1.244711667882452,-0.5629027844262121,-0.260047781908685,0.355,0.475,0.51,0.58,0.825,0.0
151.0,1.0202702702702702,148.0,1.0571428571428572,140.0,1.0,140.0,0.9655172413793104,150.0,1.0714285714285714,140.0,1.0218978102189782,137.0,0.9716312056737588,141.0,0.94,210.0,-0.1158253452393579,0.2752267215409049,105.0,105.0,0.1284073230507719,-0.2733888286192162,1.342832101041324,-0.5102687288805001,-0.0775702550235705,0.345,0.465,0.5,0.58,0.76,0.0
182.0,1.0167597765363128,179.0,1.0112994350282485,177.0,1.005681818181818,176.0,1.0,172.0,0.9885057471264368,174.0,1.0,174.0,0.9830508474576272,177.0,1.0172413793103448,233.0,-0.2032081372991133,0.2825254968727044,113.0,120.0,-0.2460584779058439,-0.503415960270219,1.9090057024454596,-0.4316149418495991,-0.1036413769069507,0.38,0.465,0.49,0.51,0.665,0.0
156.0,0.975,160.0,0.9580838323353292,167.0,0.9766081871345028,171.0,1.0239520958083832,166.0,0.9540229885057471,174.0,1.0545454545454545,165.0,1.012269938650307,163.0,1.038216560509554,226.0,-0.255803681627265,0.1458129085764778,110.0,116.0,-0.1362034813442682,-0.4734338539593312,0.8911814323561514,-0.3356646512123419,-0.2428583633764392,0.37,0.465,0.49,0.51,0.845,0.0
217.0,0.9954128440366972,218.0,1.963963963963964,111.0,0.9736842105263158,114.0,0.5205479452054794,108.0,1.0,108.0,0.4931506849315068,219.0,1.0092165898617511,217.0,2.284210526315789,152.0,-0.1545120193722474,0.4685250170026824,77.0,75.0,-0.2150027457834245,-0.4325218122562587,1.909343801486032,-1.1423027877446654,0.2482747474786334,0.295,0.465,0.51,0.55,0.815,0.0
175.0,1.0479041916167664,167.0,0.9709302325581396,172.0,0.9772727272727272,176.0,0.9777777777777776,182.0,0.994535519125683,183.0,0.9891891891891892,185.0,1.0511363636363635,176.0,1.0,252.0,-0.229277126183378,0.2324588546538438,125.0,127.0,-0.2796449504822359,-0.4312403169231709,1.4546182745014402,-0.5021835701613485,-0.1294044580928569,0.335,0.475,0.495,0.52,0.675,0.0
150.0,1.0638297872340423,141.0,1.014388489208633,139.0,1.0072463768115942,138.0,0.9928057553956836,127.0,0.9477611940298507,134.0,0.91156462585034,147.0,1.027972027972028,143.0,0.9794520547945206,181.0,-0.0129466197652775,0.3699185435629485,93.0,88.0,0.1083392965281933,-0.0599905382033256,1.893264895345424,-0.2367769469091268,0.4401179979332921,0.33,0.435,0.515,0.62,0.55,0.0
225.0,1.0321100917431192,218.0,0.990909090909091,220.0,1.0185185185185186,216.0,1.894736842105263,220.0,2.1153846153846154,104.0,0.9203539823008848,113.0,1.1649484536082475,97.0,0.8083333333333333,311.0,-0.1552145921744127,0.7370981383322988,157.0,154.0,2.258536977224474,-0.4109964921349622,2.9874675271070408,-0.9911149223607196,-0.6021116084116265,0.505,0.825,0.855,0.95,0.885,0.0
167.0,0.9881656804733728,169.0,1.2518518518518518,135.0,0.7105263157894737,190.0,1.2025316455696202,162.0,1.0253164556962024,158.0,1.0326797385620916,153.0,1.006578947368421,152.0,1.0935251798561152,228.0,-0.324036400761991,0.17525266141998,115.0,113.0,-0.2491494083114963,-0.521237236679028,1.0371156045211785,-0.4379457978987327,-0.2694704111009884,0.325,0.48,0.505,0.525,0.82,0.0
107.0,1.0,107.0,0.9727272727272728,110.0,0.990990990990991,111.0,0.9910714285714286,114.0,1.027027027027027,111.0,1.018348623853211,109.0,1.028301886792453,106.0,1.0,155.0,-0.2027358592156394,0.4681857379795734,76.0,79.0,-0.1679505195086494,-0.5168646789505866,2.038083268336281,-0.9704003865697586,0.3138488275629066,0.305,0.45,0.49,0.535,0.815,0.0
226.0,1.0089285714285714,224.0,1.018181818181818,220.0,0.9777777777777776,225.0,1.0135135135135136,112.0,0.9572649572649573,117.0,1.054054054054054,111.0,1.009090909090909,110.0,1.0,157.0,-0.4924092009808515,0.5216805001794131,79.0,78.0,-0.6527831962720342,-0.8727252956046271,1.8482542793070196,-1.2431151821957258,0.1686429775645377,0.285,0.46,0.505,0.55,0.835,0.0
160.0,0.9696969696969696,165.0,1.0,165.0,1.0,165.0,1.0377358490566038,168.0,1.030674846625767,163.0,1.01875,160.0,0.9195402298850576,174.0,0.9666666666666668,237.0,-0.1615931730679047,0.2537224281264327,120.0,117.0,-0.1766088167689882,-0.4214953967647952,1.6177027317224069,-0.4330287522500071,-0.0672378649870071,0.345,0.48,0.51,0.53,0.7,0.0
156.0,1.0263157894736843,152.0,1.0066225165562914,151.0,0.9805194805194806,154.0,0.9625,148.0,1.0206896551724138,145.0,0.9602649006622516,151.0,0.9869281045751634,153.0,1.006578947368421,207.0,-0.3309908426484934,0.1614966516184183,104.0,103.0,-0.2493755869048121,-0.5555756083780448,0.962761218726053,-0.4461916784328925,-0.2821865072904936,0.375,0.48,0.505,0.525,0.845,0.0
217.0,0.9954128440366972,218.0,1.0,218.0,0.981981981981982,222.0,1.0277777777777777,219.0,1.0528846153846154,208.0,0.8851063829787233,235.0,2.0982142857142856,112.0,1.0666666666666669,303.0,-0.2539283183268246,0.7352025321446608,150.0,153.0,2.21862117605668,-0.491136022652914,2.827523046026001,-0.7577329399360622,-0.5232205984232493,0.495,0.82,0.855,0.88,0.99,0.0
142.0,1.0070921985815602,141.0,1.0444444444444445,135.0,1.0150375939849623,133.0,1.0390625,140.0,1.0144927536231885,138.0,0.971830985915493,142.0,1.0289855072463767,138.0,1.0072992700729928,191.0,0.0602482105236357,0.2846339420730921,93.0,98.0,0.1972708190519108,-0.1421978553650585,1.3367962540907814,-0.3781574044870703,0.3812270774247606,0.33,0.445,0.495,0.52,0.725,0.0
173.0,0.9829545454545454,176.0,0.9513513513513514,185.0,1.0054347826086956,184.0,1.0337078651685394,178.0,1.0113636363636365,176.0,0.9832402234636872,179.0,1.0346820809248556,173.0,0.9885714285714284,248.0,-0.3052848053774884,0.2366963333598081,124.0,124.0,-0.2914499446284223,-0.5560524979649847,1.3665860078320782,-0.6359768892455473,-0.197082664792144,0.355,0.475,0.5,0.525,0.7,0.0
165.0,1.1073825503355703,149.0,0.9612903225806452,155.0,0.981012658227848,158.0,0.9875,154.0,0.9625,160.0,0.9411764705882352,170.0,1.0828025477707006,157.0,0.98125,207.0,-0.221767204162011,0.1694909892733344,100.0,107.0,-0.0924546374470887,-0.4378323159000067,1.1551493388182723,-0.3185349325128626,-0.1607622080427869,0.355,0.46,0.485,0.505,0.84,0.0
104.0,0.8666666666666667,120.0,1.0714285714285714,112.0,1.4177215189873418,79.0,0.5851851851851851,106.0,0.9724770642201835,109.0,0.9478260869565216,115.0,1.0176991150442478,113.0,1.018018018018018,154.0,0.0709280503042893,0.4978382560703957,80.0,74.0,0.0361900287233161,-0.2835797607380396,2.3384680241904947,-0.9332351700817006,0.5836734197696293,0.315,0.475,0.52,0.565,0.855,0.0
171.0,0.9771428571428572,175.0,0.9943181818181818,176.0,0.946236559139785,186.0,1.021978021978022,184.0,1.0,184.0,1.0514285714285714,175.0,1.0174418604651163,172.0,0.9662921348314608,254.0,-0.218916907277594,0.260702428419543,126.0,128.0,-0.2530393135984611,-0.4731385350976873,1.8293233010956067,-0.4748398888008447,-0.175928213249971,0.39,0.48,0.5,0.52,0.67,0.0
160.0,1.032258064516129,155.0,0.9748427672955976,159.0,0.9464285714285714,168.0,0.9882352941176472,165.0,0.9880239520958084,167.0,0.9940476190476192,168.0,1.05,160.0,1.032258064516129,226.0,-0.1204882872370569,0.2542604423361376,111.0,115.0,-0.117901145709082,-0.4528173690768555,1.7711053132675796,-0.3356947911685476,-0.0358995004930829,0.345,0.47,0.495,0.515,0.68,0.0
110.0,1.0185185185185186,108.0,0.9908256880733946,109.0,0.9478260869565216,115.0,1.0087719298245614,112.0,1.037037037037037,108.0,0.972972972972973,111.0,0.9652173913043478,115.0,1.074766355140187,153.0,-0.2245960001848759,0.4935487466743182,75.0,78.0,-0.2593423213361334,-0.4942746030471202,2.2006328241144857,-1.054063585439522,0.056817847695034,0.3,0.455,0.495,0.54,0.8,0.0
163.0,0.987878787878788,165.0,1.0509554140127388,157.0,0.9691358024691358,162.0,1.018867924528302,133.0,0.9851851851851852,135.0,0.944055944055944,143.0,1.0141843971631206,141.0,1.0291970802919708,188.0,-0.4590477596342369,0.1143276650003642,95.0,93.0,-0.4787673873827752,-0.4761505619542805,0.2756686832297718,-0.4392448644913422,-0.3722981177614864,0.44,0.47,0.505,0.54,0.79,0.0
143.0,1.0514705882352942,136.0,0.9379310344827586,145.0,1.0,145.0,1.0431654676258992,147.0,0.9932432432432432,148.0,1.0,148.0,1.0571428571428572,140.0,1.0144927536231885,196.0,-0.2629917958950046,0.2968665994793889,94.0,102.0,-0.2356043578745223,-0.5509614287923547,1.0371179432732995,-0.7452640624455347,0.253263698592292,0.335,0.415,0.485,0.51,0.74,0.0
170.0,0.96045197740113,177.0,0.9267015706806284,191.0,1.0552486187845305,181.0,1.0342857142857145,181.0,1.0903614457831325,166.0,0.9822485207100592,169.0,0.9941176470588236,170.0,0.9883720930232558,258.0,-0.3437467453025794,0.2625886644191004,132.0,126.0,-0.3671435411311969,-0.6188483743960447,1.6055288001552162,-0.6043744555555643,-0.2962940169192067,0.35,0.49,0.515,0.535,0.68,0.0
109.0,1.0186915887850467,107.0,0.9553571428571428,112.0,0.991150442477876,113.0,1.0272727272727271,109.0,0.9732142857142857,112.0,0.9824561403508772,114.0,1.0363636363636364,110.0,0.990990990990991,153.0,0.3964876252341171,0.4630920116392137,77.0,76.0,0.4678747254996166,0.0830525860109052,2.4014193403056727,-0.3246507191104503,0.760692706173864,0.315,0.47,0.51,0.555,0.835,0.0
173.0,1.0116959064327486,171.0,1.0118343195266273,169.0,0.9602272727272728,176.0,0.967032967032967,177.0,0.9267015706806283,191.0,1.0552486187845305,181.0,1.0342857142857145,175.0,1.0294117647058822,241.0,-0.2207488564423181,0.2578939494086738,118.0,123.0,-0.2426258586200601,-0.482041648088525,1.7180664869280482,-0.4611035935593266,0.001893792968026,0.385,0.47,0.49,0.51,0.675,0.0
119.0,1.101851851851852,108.0,0.9642857142857144,112.0,1.037037037037037,108.0,0.9473684210526316,111.0,0.9823008849557522,113.0,1.076190476190476,105.0,0.9210526315789472,114.0,0.991304347826087,154.0,-0.2971810595711073,0.4627304429252507,77.0,77.0,-0.3720737978239311,-0.5533463847869227,1.9376738198354213,-1.1243859519003618,0.2230462002179886,0.3,0.455,0.5,0.545,0.81,0.0
164.0,0.993939393939394,165.0,0.9821428571428572,168.0,1.030674846625767,163.0,1.038216560509554,161.0,1.0,161.0,1.018987341772152,158.0,1.0533333333333332,150.0,0.9316770186335404,226.0,-0.3846569945015828,0.1502629259046795,114.0,112.0,-0.2793500978670164,-0.6439755170556977,0.702374652579843,-0.5002425613827921,-0.3553862485299693,0.34,0.48,0.505,0.53,0.84,0.0
166.0,0.9707602339181286,171.0,1.0239520958083832,167.0,1.0121212121212122,165.0,1.064516129032258,170.0,1.069182389937107,159.0,1.0,159.0,1.0063291139240509,158.0,0.9575757575757576,236.0,-0.2717846797653211,0.2038991228021637,118.0,118.0,-0.2145833295133626,-0.511993960596802,1.2035031352616832,-0.4258935332170659,-0.2306400644025451,0.385,0.475,0.505,0.525,0.845,0.0
159.0,0.9636363636363636,165.0,0.9821428571428572,168.0,0.9940828402366864,169.0,1.0242424242424242,165.0,0.9880239520958084,167.0,1.0569620253164558,158.0,0.9875,160.0,1.032258064516129,231.0,-0.2721518364302638,0.1511183060880334,116.0,115.0,-0.1164646208601005,-0.4830192690930729,0.9734195578382662,-0.4157469454002128,-0.276364662034989,0.355,0.485,0.505,0.525,0.84,0.0
163.0,0.987878787878788,165.0,1.0377358490566038,159.0,0.9875776397515528,161.0,1.0254777070063694,161.0,1.0320512820512822,156.0,1.0,156.0,0.9936305732484076,157.0,0.98125,228.0,-0.3143974169947244,0.1565287269955785,116.0,112.0,-0.1977589864382924,-0.5512754434462112,1.001257541819908,-0.3839885301481057,-0.2840954773869348,0.385,0.485,0.51,0.53,0.855,0.0
155.0,1.0,155.0,0.9872611464968152,157.0,0.98125,160.0,0.98159509202454,152.0,0.926829268292683,164.0,0.95906432748538,171.0,1.0178571428571428,168.0,1.0909090909090908,213.0,-0.3141334646956607,0.1758784736404009,107.0,106.0,-0.207229626036176,-0.5094705172775945,1.067160591458555,-0.4163641840991149,-0.2669633582227698,0.385,,0.505,0.53,0.87,0.0
179.0,1.0170454545454546,176.0,1.0,176.0,1.035294117647059,170.0,1.0179640718562877,173.0,1.0484848484848486,165.0,1.0,165.0,0.9763313609467456,169.0,0.9548022598870056,243.0,-0.1555127375995523,0.2539991396063711,122.0,121.0,-0.1913088208279062,-0.4383170307227821,1.78771133060661,-0.3858448158229088,0.0286018617113496,0.335,0.48,0.505,0.525,0.7,0.0
170.0,1.0365853658536586,164.0,0.9820359281437124,167.0,0.9823529411764704,170.0,0.934065934065934,168.0,0.9655172413793104,174.0,1.0057803468208093,173.0,1.0484848484848486,165.0,1.012269938650307,230.0,-0.190890808134058,0.2742611397581849,113.0,117.0,-0.215072959094981,-0.4979255238521722,1.8467940861560763,-0.4049511872122918,-0.0898284832557894,0.375,0.47,0.495,0.515,0.675,0.0
81.0,0.3616071428571428,224.0,1.4933333333333334,150.0,0.974025974025974,154.0,0.9808917197452228,146.0,0.9668874172185431,151.0,0.9263803680981596,163.0,0.9760479041916168,167.0,1.0182926829268293,197.0,-0.2541589293442223,0.3490362878200728,95.0,102.0,0.1909843325642702,-0.2483668341708543,1.7472977295827223,-0.4225635356012839,0.2696396684859946,0.455,0.44,0.49,0.585,0.515,0.0
224.0,1.1428571428571428,196.0,1.0594594594594595,185.0,1.022099447513812,181.0,1.011173184357542,167.0,0.9823529411764705,170.0,1.0059171597633136,169.0,0.9441340782122905,179.0,0.9944444444444444,235.0,-0.2502682409250821,0.2373275189657286,119.0,116.0,-0.2510099652121449,-0.4861278087513285,1.4546194292962544,-0.5202958774363269,-0.2079531990529313,0.35,0.485,0.51,0.53,0.68,0.0
195.0,1.059782608695652,184.0,1.0635838150289016,173.0,0.9885714285714284,175.0,0.9722222222222222,171.0,0.9661016949152542,177.0,0.9725274725274724,182.0,0.978494623655914,186.0,0.9946524064171124,235.0,-0.2206256627417245,0.229009052099178,116.0,119.0,-0.2596875459956901,-0.4238965622946452,1.5048807646773847,-0.6298048196843045,-0.0955734039877509,0.34,0.475,0.495,0.515,0.685,0.0
114.0,1.0458715596330277,109.0,1.0,109.0,0.981981981981982,111.0,1.0,88.0,0.6666666666666666,132.0,1.1891891891891893,111.0,1.0,111.0,0.9652173913043478,138.0,-0.1747152705021978,0.5110658795688869,77.0,61.0,-0.0868242249287058,-0.5557207629437164,1.952520100268368,-1.08515514989301,0.4193789432416105,0.37,0.515,0.56,0.61,0.905,0.0
176.0,0.9943502824858758,177.0,0.9725274725274724,182.0,1.0282485875706215,177.0,1.047337278106509,174.0,1.0175438596491229,171.0,1.0363636363636364,165.0,0.9482758620689656,174.0,0.9405405405405406,244.0,-0.1851000827805453,0.2727711131786179,123.0,121.0,-0.2219903419498359,-0.464145452067875,1.8591829793310175,-0.440000420463973,-0.1301456946331649,0.345,0.485,0.505,0.525,0.67,0.0
162.0,1.0318471337579618,157.0,1.0,157.0,0.9751552795031057,161.0,0.9640718562874252,159.0,0.9636363636363636,165.0,0.9821428571428572,168.0,0.9940828402366864,169.0,1.0242424242424242,223.0,-0.287437789190772,0.1676622049315911,112.0,111.0,-0.1769476132628531,-0.5286718322633356,1.1241726189310963,-0.3420100727229249,-0.270554863007884,0.35,0.48,0.505,0.525,0.855,0.0
180.0,0.989010989010989,182.0,0.9891304347826086,184.0,1.010989010989011,182.0,1.0167597765363128,178.0,0.9888888888888889,180.0,1.0344827586206895,174.0,1.0419161676646709,167.0,0.9597701149425288,249.0,-0.2309097992784941,0.2249567053062108,125.0,124.0,-0.2593802999560476,-0.453334663074685,1.470548499550541,-0.6385562828011364,-0.0999788391717691,0.395,0.48,0.505,0.525,0.685,0.0
149.0,1.0205479452054795,146.0,1.020979020979021,143.0,1.0592592592592591,135.0,0.9574468085106383,144.0,1.0,144.0,1.0588235294117647,136.0,0.9927007299270072,137.0,0.958041958041958,201.0,-0.2462282674052972,0.2756996805474434,101.0,100.0,-0.0692409376097191,-0.3076183804428434,1.2347996200696594,-0.5265746203066716,-0.2293630685861211,0.35,0.47,0.505,0.575,0.825,0.0
160.0,1.032258064516129,155.0,0.9935897435897436,156.0,0.951219512195122,164.0,0.970414201183432,159.0,0.9464285714285714,168.0,0.9882352941176472,170.0,1.0179640718562877,167.0,1.050314465408805,219.0,-0.2373065733525823,0.2723294386652178,108.0,111.0,-0.2612783178111308,-0.5178191199556353,1.7597961360568948,-0.4307189875741399,-0.186737517155978,0.33,0.475,0.495,0.52,0.675,0.0
139.0,1.0072463768115942,138.0,1.0615384615384615,130.0,0.9848484848484848,132.0,1.0232558139534884,129.0,1.015748031496063,127.0,1.032520325203252,123.0,0.984,125.0,0.992063492063492,182.0,0.0552240628967814,0.3067707735862807,92.0,90.0,0.1573629665562224,-0.1882747143579566,1.347106599235103,-0.3898208382988207,0.3833915257675996,0.34,0.45,0.51,0.54,0.765,0.0
184.0,1.022222222222222,180.0,1.0588235294117647,170.0,1.0,170.0,0.96045197740113,156.0,0.9512195121951219,164.0,1.025,160.0,0.975609756097561,164.0,0.942528735632184,224.0,-0.1985792401163304,0.2365156084222706,115.0,109.0,-0.2112816361577771,-0.4426955265037128,1.5211897044170062,-0.4986095283731385,-0.1281913567290679,0.405,0.49,0.515,0.54,0.7,0.0
161.0,1.0125786163522013,159.0,1.0063291139240509,158.0,0.9634146341463414,164.0,0.9879518072289156,166.0,0.9485714285714286,175.0,0.9776536312849162,179.0,0.9835164835164836,182.0,1.0167597765363128,229.0,-0.3220971791507228,0.2616863037179036,113.0,116.0,-0.3697718059212814,-0.6651067336313093,1.542199384565993,-0.5269340493848605,-0.2771721218280317,0.33,0.47,0.495,0.52,0.675,0.0
150.0,1.020408163265306,147.0,1.0068493150684932,146.0,1.0354609929078014,141.0,1.0,142.0,1.0070921985815602,141.0,0.9724137931034482,145.0,0.9931506849315068,146.0,1.6222222222222222,201.0,-0.2023179883869392,0.2745785859644123,102.0,99.0,-0.0616136138710572,-0.2749305241535376,1.3224485150096053,-0.4655628472314346,-0.2169275957530953,0.35,0.47,0.505,0.59,0.745,0.0
144.0,1.0285714285714285,140.0,0.9395973154362416,149.0,0.9738562091503268,153.0,1.0,146.0,0.9798657718120806,149.0,0.9802631578947368,152.0,1.0133333333333334,150.0,1.020408163265306,206.0,-0.3075129908704661,0.2673293337133396,104.0,102.0,-0.1618939308031041,-0.3990203977427859,1.2104873448967284,-0.5950354216729461,-0.334233880939301,0.345,0.47,0.505,0.58,0.84,0.0
114.0,0.991304347826087,115.0,1.0267857142857142,112.0,1.0275229357798166,109.0,0.981981981981982,112.0,1.018181818181818,110.0,1.0091743119266054,109.0,1.058252427184466,103.0,0.8046875,156.0,-0.3303666645226037,0.4882184360819597,78.0,78.0,-0.4449460527934172,-0.6212476669397073,2.013624410217225,-1.1399844703161892,0.2332548954274435,0.305,0.46,0.5,0.54,0.8,0.0
161.0,1.00625,160.0,1.032258064516129,155.0,0.9935897435897436,156.0,0.951219512195122,155.0,0.9748427672955975,159.0,0.9464285714285714,168.0,0.9882352941176472,170.0,1.0179640718562877,220.0,-0.2335576150102037,0.2538507948008525,112.0,108.0,-0.2772694467517825,-0.4802975872663859,1.5679008114505226,-0.4808787486503905,-0.1690671649155654,0.4,0.49,0.515,0.535,0.695,0.0
170.0,0.9883720930232558,172.0,0.9717514124293786,177.0,1.0,177.0,0.9833333333333332,181.0,0.9890710382513661,183.0,0.973404255319149,188.0,1.0621468926553672,177.0,1.059880239520958,249.0,-0.162870732749126,0.267913419170667,123.0,126.0,-0.1870146355560503,-0.4646070191755828,1.7971683452999776,-0.3802905857707154,0.072400030147234,0.38,0.475,0.5,0.52,0.695,0.0
202.0,1.2784810126582278,158.0,1.082191780821918,146.0,0.9668874172185432,151.0,1.0134228187919463,143.0,1.6627906976744187,86.0,0.4056603773584906,212.0,1.3333333333333333,159.0,1.2926829268292683,209.0,-0.3472842397343852,0.3326280268638957,109.0,100.0,0.1917942554420542,-0.3019059783521758,1.3074092135591184,-0.6025113662694226,0.093874302058001,0.495,0.48,0.525,0.64,0.565,0.0
175.0,1.0416666666666667,168.0,1.024390243902439,164.0,1.0123456790123455,162.0,1.0318471337579618,161.0,1.00625,160.0,1.032258064516129,155.0,0.9935897435897436,156.0,0.951219512195122,226.0,-0.3050711168762486,0.2701071379122143,114.0,112.0,-0.3251199347257283,-0.5975566102259983,1.6528630076157758,-0.5445685537830899,-0.2763624409448424,0.36,0.485,0.51,0.53,0.68,0.0
175.0,1.0057471264367817,174.0,0.935483870967742,186.0,1.0,186.0,1.056818181818182,181.0,1.052325581395349,172.0,1.0238095238095235,168.0,1.0059880239520955,167.0,0.9823529411764704,252.0,-0.1229527850823248,0.2588156319708343,126.0,126.0,-0.1323545009177361,-0.4099199936980158,1.7156792856276253,-0.3603293887600606,-0.0175996467294979,0.335,0.48,0.505,0.525,0.695,0.0
135.0,1.0546875,128.0,1.024,125.0,0.9398496240601504,133.0,0.9432624113475178,130.0,0.9774436090225563,133.0,0.9851851851851852,135.0,0.9642857142857144,140.0,0.9859154929577464,179.0,-0.2209817980215211,0.2945806175916451,88.0,91.0,-0.2207897797087863,-0.4636524370652959,1.0906242971114626,-0.6273716715450584,0.2113782339845257,0.33,0.435,0.5,0.525,0.73,0.0
142.0,0.9594594594594594,148.0,1.0068027210884354,147.0,1.013793103448276,145.0,0.9666666666666668,147.0,0.9671052631578947,152.0,1.0410958904109588,146.0,0.9931972789115646,147.0,1.0352112676056338,200.0,-0.2690190918443284,0.2302469903472004,98.0,,-0.1285659810973158,-0.3834340825951254,1.1611160834222511,-0.5359610341408629,-0.220565726327937,0.345,0.46,0.49,0.56,0.805,0.0
150.0,0.9146341463414634,164.0,0.9479768786127168,173.0,1.005813953488372,172.0,2.0,180.0,1.0344827586206897,174.0,1.0807453416149069,161.0,2.037974683544304,79.0,0.3291666666666666,302.0,-0.0884906359786119,0.2828933754416024,177.0,125.0,-0.0542224957097045,-0.0520926792523342,1.7205922131935625,-0.2791299645486218,0.3897135137348285,0.45,0.555,0.59,0.675,0.61,0.0
111.0,0.9652173913043478,115.0,1.074766355140187,107.0,0.981651376146789,109.0,0.990909090909091,111.0,0.9823008849557522,113.0,1.13,100.0,0.8064516129032258,124.0,0.5740740740740741,228.0,-0.4262537669948393,0.7169931074166694,151.0,77.0,2.124062314102453,-0.731674473997897,2.5731723585481063,-1.0855347601954763,-0.9891079385815646,0.185,0.145,0.195,0.225,0.23,0.0
148.0,1.0277777777777777,144.0,1.7349397590361446,83.0,0.4345549738219895,191.0,1.3356643356643356,143.0,1.0214285714285714,140.0,1.0218978102189782,137.0,0.9927536231884058,138.0,0.9583333333333334,200.0,-0.3344584620103352,0.2138824041652723,100.0,100.0,-0.2141637889734694,-0.4006226340376139,1.0382451517672306,-0.56,-0.2142141059124888,0.345,0.47,0.505,0.565,0.535,0.0
110.0,0.4824561403508772,228.0,1.0410958904109588,219.0,2.046728971962617,107.0,0.9304347826086956,107.0,0.4841628959276018,221.0,1.9217391304347824,115.0,1.0267857142857142,112.0,0.509090909090909,152.0,-0.3617652229261657,0.5100683979060987,78.0,74.0,-0.2798487962653429,-0.6254413830965824,2.3390520528432925,-1.1786659348429962,0.0278448148069942,0.33,0.475,0.515,0.56,0.85,0.0
164.0,2.1578947368421053,76.0,0.3193277310924369,238.0,1.515923566878981,157.0,0.8971428571428571,157.0,0.9345238095238095,168.0,0.96,175.0,0.9776536312849162,179.0,1.0529411764705885,218.0,-0.2482138621361843,0.3824389035109724,109.0,109.0,-0.1706021516040178,-0.2629249897671245,2.038354182678286,-0.4627533946082957,0.3562939609086714,0.33,0.46,0.505,0.585,0.525,0.0
179.0,1.022857142857143,175.0,1.0,175.0,1.0542168674698795,166.0,1.0,167.0,1.04375,160.0,0.9411764705882352,170.0,0.9550561797752808,178.0,1.0289017341040465,237.0,-0.2473574682126985,0.2693378538509697,121.0,116.0,-0.2732029823538903,-0.4955199973374722,1.7286233565863107,-0.4549417188060727,-0.2237494955718162,0.385,0.49,0.51,0.535,0.69,0.0
151.0,0.9805194805194806,154.0,1.0335570469798658,149.0,1.0492957746478873,142.0,1.0142857142857142,148.0,1.0277777777777777,144.0,1.0285714285714285,140.0,0.9929078014184396,141.0,0.9929577464788732,207.0,-0.1650098778982406,0.3100093127311906,104.0,103.0,0.1271880443537106,-0.0905079920929008,1.3786859005157843,-0.5025902564594623,-0.2324482109506962,0.345,0.45,0.5,0.565,0.855,0.0
158.0,0.9937106918238994,159.0,0.9464285714285714,168.0,0.9940828402366864,169.0,0.9883040935672516,171.0,1.0118343195266273,169.0,1.0242424242424242,165.0,1.03125,160.0,1.0,234.0,-0.2744110141140304,0.1567900836048332,115.0,119.0,-0.1473801796269252,-0.4864909138095431,1.0157313311784433,-0.3738065317938087,-0.2357569078860065,0.335,0.47,0.495,0.515,0.815,0.0
158.0,1.0,158.0,0.9518072289156626,166.0,1.0849673202614378,153.0,1.0774647887323945,165.0,1.0248447204968945,161.0,1.0254777070063694,157.0,0.9751552795031057,161.0,0.9470588235294116,229.0,-0.1906420357528317,0.3894382591103784,114.0,115.0,0.485240462542976,-0.2021154771257081,1.990554351604714,-0.3976092387771827,0.3791281333770827,0.475,0.455,0.505,0.585,0.53,0.0
179.0,1.0170454545454546,176.0,0.9513513513513514,185.0,0.9343434343434344,198.0,1.0879120879120878,189.0,1.0441988950276244,181.0,1.0773809523809523,168.0,1.0769230769230769,156.0,1.033112582781457,260.0,-0.3897123902300787,0.2790911862845439,128.0,132.0,-0.4237342034297852,-0.6966160033416192,1.5777409483027385,-0.6141760578502602,-0.0059388320012703,0.36,0.47,0.495,0.515,0.71,0.0
173.0,1.005813953488372,172.0,1.0,172.0,1.011764705882353,170.0,0.9826589595375722,162.0,0.9759036144578314,166.0,0.9222222222222224,180.0,1.0404624277456649,173.0,1.0297619047619049,231.0,-0.2816866569107272,0.2935051261125881,118.0,113.0,-0.3177670044076764,-0.552702078728922,1.802040191807496,-0.5368242187368917,-0.2573067233223046,0.385,0.49,0.51,0.535,0.68,0.0
154.0,0.9625,160.0,0.9411764705882352,170.0,1.0828025477707006,157.0,0.98125,168.0,1.070063694267516,157.0,0.9751552795031057,161.0,1.00625,160.0,1.0062893081761006,229.0,-0.2903275172197077,0.1499320492489777,112.0,117.0,-0.1622634961742008,-0.4832581981899655,0.9309588112463618,-0.4232059532930773,-0.2481536319324649,0.37,0.47,0.49,0.51,0.86,0.0
141.0,1.014388489208633,139.0,0.9586206896551724,145.0,0.9797297297297296,148.0,0.9736842105263158,146.0,0.9798657718120806,149.0,1.0347222222222223,144.0,0.9664429530201344,149.0,1.0642857142857145,202.0,-0.1922816499872492,0.2625934252687621,100.0,102.0,-0.053115022164427,-0.2742605650604614,1.285330794249312,-0.4828442971411183,-0.2153960177947788,0.33,0.46,0.5,0.575,0.74,0.0
130.0,0.9558823529411764,136.0,0.951048951048951,143.0,1.0141843971631206,141.0,1.068181818181818,124.0,0.9612403100775194,129.0,0.9772727272727272,132.0,0.9496402877697842,139.0,1.0072463768115942,172.0,-0.1924178173043231,0.2977801542101993,86.0,86.0,-0.052762182326887,-0.3814864899971267,1.152958363955811,-0.6582153277671021,0.0854809790733968,0.335,0.465,0.505,0.53,0.795,0.0
169.0,0.9441340782122905,179.0,0.9944444444444444,180.0,0.972972972972973,185.0,1.0451977401129944,182.0,1.0520231213872833,173.0,1.0116959064327486,171.0,0.9827586206896552,174.0,1.0175438596491229,258.0,-0.2155474251016333,0.2275035279890395,131.0,127.0,-0.1902106131456948,-0.392263110081558,1.274826975134134,-0.5453001760770808,-0.0159169629338698,0.365,0.485,0.51,0.53,0.705,0.0
148.0,1.064748201438849,139.0,1.037313432835821,134.0,1.0229007633587786,131.0,0.9632352941176472,138.0,1.0454545454545454,132.0,1.0,132.0,1.0,132.0,0.9777777777777776,190.0,-0.0984808352692859,0.2715084003719335,94.0,96.0,-0.0966771604990763,-0.3057330048252807,1.211540121385533,-0.4734024138569291,0.2516416746763527,0.325,0.44,0.505,0.53,0.725,0.0
109.0,1.1473684210526316,95.0,0.753968253968254,126.0,0.5727272727272728,220.0,0.990990990990991,91.0,0.7165354330708661,127.0,1.1545454545454543,110.0,1.02803738317757,107.0,0.9304347826086956,215.0,-0.0498801136593003,0.7201136552804553,152.0,63.0,2.2004067426553373,-0.2910552803480238,2.8428740968552626,-0.6557656260259699,-0.5873601379042074,0.18,0.14,0.195,0.23,0.235,0.0
142.0,1.0070921985815602,141.0,1.0,141.0,1.014388489208633,139.0,0.9586206896551724,138.0,0.9583333333333334,144.0,0.9863013698630136,146.0,0.9798657718120806,149.0,1.0347222222222223,192.0,-0.2235618375867485,0.2524928042962826,96.0,96.0,-0.101610514279838,-0.3179869909151943,1.2567657141960578,-0.475077880534237,-0.1427043539516339,0.345,0.465,0.5,0.58,0.755,0.0
147.0,1.013793103448276,145.0,0.9602649006622516,151.0,1.0202702702702702,148.0,1.049645390070922,147.0,1.027972027972028,143.0,1.0070422535211268,142.0,0.9861111111111112,144.0,1.051094890510949,208.0,-0.2567245319275083,0.2279795668565526,106.0,102.0,-0.106311580109589,-0.3451525912723958,1.119964118272892,-0.5246556744358157,-0.267368461601778,0.35,0.46,0.51,0.585,0.75,0.0
169.0,1.0696202531645569,158.0,0.9575757575757576,165.0,1.0248447204968945,161.0,1.0254777070063694,169.0,0.9941176470588236,170.0,0.9826589595375722,173.0,0.9719101123595506,178.0,0.9726775956284152,230.0,-0.3260289632043079,0.2698447791948764,112.0,118.0,-0.3125966650741962,-0.6387649622873014,1.632808997507684,-0.5506495749039975,-0.2203350872541172,0.35,0.47,0.495,0.515,0.68,0.0
162.0,1.0125,160.0,0.98159509202454,163.0,0.9939024390243902,164.0,0.9761904761904762,164.0,1.312,125.0,0.625,200.0,1.2269938650306749,163.0,1.0124223602484472,224.0,-0.2647731033981959,0.155658035232471,110.0,114.0,-0.1322106643136326,-0.4648955930102983,1.0321894512341734,-0.3608921629336025,-0.2142265401795889,0.37,0.47,0.495,0.515,0.82,0.0
143.0,1.0141843971631206,141.0,0.9724137931034482,145.0,0.9863945578231292,147.0,0.9607843137254902,150.0,1.0,150.0,1.020408163265306,147.0,1.027972027972028,143.0,0.9794520547945206,240.0,-0.1463246511116029,0.2461113689546269,135.0,105.0,0.009960539701817,-0.1344834854923797,1.2867614053971823,-0.4143888566035895,-0.0703325354560176,0.425,0.535,0.56,0.62,0.775,0.0
156.0,0.951219512195122,164.0,0.970414201183432,169.0,1.0180722891566265,166.0,1.0440251572327044,170.0,1.0179640718562875,167.0,1.050314465408805,159.0,1.0,159.0,0.9814814814814816,235.0,-0.2342901799463616,0.2682321368960014,117.0,118.0,-0.2744965030380208,-0.5531255143516529,1.731929603516508,-0.4344624265992406,-0.0820534447368672,0.385,0.475,0.5,0.525,0.705,0.0
169.0,1.0304878048780488,164.0,1.0123456790123455,162.0,1.0062111801242235,161.0,1.0254777070063694,152.0,0.9559748427672956,159.0,1.0192307692307692,156.0,0.9873417721518988,158.0,0.9693251533742332,217.0,-0.266013488231652,0.1576741034534412,111.0,106.0,-0.1522003812103985,-0.4895569918222161,1.0809235679679643,-0.3585742540718299,-0.2438967234409244,0.395,0.49,0.515,0.535,0.83,0.0
163.0,0.9588235294117649,170.0,1.0240963855421688,166.0,1.0121951219512195,164.0,1.0186335403726707,160.0,1.0596026490066226,151.0,0.9805194805194806,154.0,1.013157894736842,152.0,0.987012987012987,227.0,-0.3081921828671619,0.1561320197881809,115.0,112.0,-0.21,-0.5359471149948694,0.9987693839421364,-0.404477641926682,-0.2590708088209856,0.345,0.485,0.51,0.53,0.835,0.0
174.0,0.9456521739130436,184.0,0.9533678756476685,193.0,1.0432432432432432,185.0,1.0393258426966292,187.0,1.0625,176.0,0.9723756906077348,181.0,1.0402298850574712,174.0,0.9720670391061452,265.0,-0.1760946493263795,0.2459314502029119,135.0,130.0,-0.188409023205319,-0.4303368172572565,1.6776998890904244,-0.5463007991024146,-0.1265324216000248,0.405,0.49,0.51,0.53,0.665,0.0
184.0,1.0337078651685394,178.0,1.0532544378698223,169.0,0.9657142857142856,175.0,0.9831460674157304,168.0,0.96,175.0,1.0,175.0,0.9887005649717514,177.0,0.99438202247191,233.0,-0.1279011154781623,0.2617881555385277,116.0,117.0,-0.182510282094454,-0.4519713456472941,1.8096748039814323,-0.3914318972403274,0.0659231120896081,0.39,0.475,0.5,0.52,0.68,0.0
110.0,1.0377358490566038,106.0,0.9724770642201837,109.0,0.9732142857142856,112.0,1.0,107.0,0.9224137931034483,116.0,1.0740740740740742,108.0,0.4909090909090909,220.0,2.156862745098039,151.0,-0.2192290672820129,0.4917623581987248,77.0,74.0,-0.2237562112367034,-0.5724465952638147,2.04046839799647,-0.9606544527182362,0.2588760941265867,0.31,0.47,0.515,0.56,0.87,0.0
177.0,1.0290697674418603,172.0,1.0238095238095235,168.0,0.96,175.0,1.0115606936416186,174.0,1.0235294117647058,170.0,0.9714285714285714,175.0,0.9114583333333334,192.0,1.0726256983240223,238.0,-0.235872535501179,0.2466540693308043,117.0,121.0,-0.2612194854854281,-0.4344848700398785,1.5720723437690096,-0.55118436278995,-0.130646049282729,0.34,0.475,0.495,0.52,0.685,0.0
167.0,0.9881656804733728,169.0,1.005952380952381,168.0,1.0120481927710845,166.0,1.0246913580246917,164.0,1.025,160.0,1.019108280254777,157.0,0.9691358024691358,162.0,1.0,233.0,-0.2956814188489943,0.1557533488449706,119.0,114.0,-0.1710582017486951,-0.5266875282110305,0.979617715436282,-0.3850334383320726,-0.2944430545714221,0.39,0.49,0.515,0.535,0.83,0.0
167.0,0.9940476190476192,168.0,1.0059880239520955,167.0,0.9542857142857144,175.0,0.9887005649717514,166.0,0.9880952380952381,168.0,1.0,168.0,1.0120481927710845,166.0,1.0,230.0,-0.1890658930829791,0.2623692755980547,114.0,116.0,-0.2261947026714385,-0.4648735223731005,1.7176356287892456,-0.4055661341286231,-0.1165328181987211,0.38,0.475,0.5,0.52,0.675,0.0
160.0,0.935672514619883,171.0,1.0058823529411764,170.0,1.0303030303030305,165.0,0.9880239520958084,171.0,1.0301204819277108,166.0,0.988095238095238,168.0,1.024390243902439,164.0,1.0123456790123455,244.0,-0.2636609542888456,0.278072107745369,125.0,119.0,-0.3127934895336722,-0.5779349393105937,1.7770442403810809,-0.506483826942412,-0.1703964968439532,0.4,0.49,0.515,0.535,0.685,0.0
167.0,0.9940476190476192,168.0,0.9655172413793104,174.0,0.9666666666666668,180.0,1.0227272727272727,177.0,1.0,177.0,1.0535714285714286,168.0,1.0059880239520955,167.0,1.030864197530864,241.0,-0.1549125960525011,0.2490942555714593,118.0,123.0,-0.1853742698638355,-0.4601817249805153,1.6940884750589549,-0.3593576241930877,0.0747573153254171,0.38,0.465,0.49,0.515,0.71,0.0
173.0,0.9505494505494504,182.0,1.04,175.0,1.0057471264367817,174.0,-1.0,168.0,1.024390243902439,164.0,1.0186335403726707,161.0,0.9817073170731708,164.0,1.0061349693251531,238.0,-0.1932120182297891,0.2857328740381721,121.0,117.0,-0.1875091030835872,-0.5334143552992092,1.886506904662918,-0.4015509538139205,-0.1760054949902188,0.35,0.485,0.51,0.535,0.68,0.0
161.0,0.936046511627907,172.0,0.9828571428571428,175.0,1.0355029585798816,169.0,0.949438202247191,171.0,1.0426829268292683,164.0,1.0718954248366013,153.0,1.047945205479452,146.0,1.0354609929078014,233.0,-0.2151823974919143,0.2936367189517209,114.0,119.0,0.2632470473003367,-0.2853028082416511,1.5832786596785575,0.0994467909470167,0.0994467909470167,0.47,0.445,0.495,0.52,0.52,0.0
163.0,1.0584415584415583,154.0,1.013157894736842,152.0,0.95,160.0,0.963855421686747,158.0,0.9575757575757575,165.0,0.9649122807017544,171.0,1.0058823529411764,170.0,1.0303030303030305,222.0,-0.309971124172983,0.1447587492678081,112.0,110.0,-0.1812480221384655,-0.5219140480887096,0.8541387613167648,-0.4221180181389439,-0.3118168749154333,0.385,0.485,0.505,0.525,0.815,0.0
177.0,0.9725274725274724,182.0,0.9837837837837838,185.0,0.9788359788359788,189.0,1.0106951871657754,184.0,1.0222222222222221,180.0,1.0344827586206895,174.0,1.0235294117647058,170.0,0.9714285714285714,254.0,-0.2012178156972183,0.2329576739546548,126.0,128.0,-0.2216803263308919,-0.4051555128812306,1.49358971883728,-0.5131846519178486,0.0281689754946229,0.385,0.475,0.5,0.52,0.695,0.0
140.0,0.9929078014184396,141.0,0.9591836734693876,147.0,0.9671052631578948,152.0,1.0133333333333334,147.0,0.9932432432432432,148.0,0.9866666666666668,150.0,1.020408163265306,147.0,1.013793103448276,201.0,-0.2130520826719604,0.259587504938562,99.0,102.0,-0.0825578414905591,-0.2887437521994587,1.2108669753807066,-0.4844780636430242,-0.2152106144675989,0.335,0.46,0.495,0.58,0.845,0.0
180.0,1.0169491525423728,177.0,1.0,177.0,1.0662650602409638,166.0,1.01840490797546,168.0,1.018181818181818,165.0,0.9649122807017544,171.0,0.9661016949152542,177.0,0.9725274725274724,240.0,-0.2379701570491555,0.288825002216436,123.0,117.0,-0.2749835545909994,-0.573380757282598,1.895957513878392,-0.5449037693401032,0.0621034924062225,0.395,0.49,0.515,0.535,0.725,0.0
166.0,0.988095238095238,168.0,1.024390243902439,164.0,1.0123456790123455,162.0,0.9585798816568049,158.0,0.9634146341463414,164.0,0.9879518072289156,166.0,0.994011976047904,167.0,1.0569620253164558,221.0,-0.209711484770286,0.2693500942869067,111.0,110.0,-0.2546949172311438,-0.5816080404792052,1.799703321501504,-0.5555744052246606,-0.1142797688467202,0.34,0.48,0.505,0.525,0.7,0.0
165.0,0.993975903614458,166.0,0.994011976047904,167.0,0.9542857142857144,175.0,1.0606060606060606,168.0,1.0120481927710843,166.0,1.01840490797546,163.0,1.038216560509554,157.0,1.0064102564102564,234.0,-0.3581795894138228,0.1602426395921503,117.0,117.0,-0.2353903879745485,-0.5878954040762367,0.8572272837365554,-0.4476466751719236,-0.3532244475869778,0.385,0.48,0.505,0.525,0.82,0.0
112.0,1.0666666666666669,105.0,0.4772727272727273,220.0,1.0,220.0,1.0232558139534884,221.0,0.9866071428571429,224.0,2.093457943925233,107.0,1.019047619047619,105.0,0.9545454545454546,308.0,-0.3721310035633444,0.6508073897506661,154.0,154.0,-0.3792283039296005,-0.4789338577937252,2.5697025065947816,-0.7055949445045357,-0.7055949445045357,0.1,0.12,0.145,0.17,0.17,0.0
183.0,1.605263157894737,114.0,0.4691358024691358,243.0,1.4727272727272729,165.0,1.0248447204968945,157.0,2.038961038961039,77.0,0.2972972972972973,259.0,1.488505747126437,174.0,0.9886363636363636,233.0,-0.1408165849073151,0.4125969586123109,124.0,109.0,-0.0841030682824139,-0.1542742456213442,2.2864627455062068,-0.3980396428448168,0.0326661991580972,0.395,0.49,0.535,0.645,0.58,0.0
154.0,0.9112426035502958,169.0,0.9602272727272728,176.0,1.0414201183431953,169.0,0.9941176470588236,183.0,1.0457142857142858,175.0,1.0542168674698795,166.0,1.0573248407643312,157.0,0.9127906976744186,253.0,-0.1192887869149946,0.3620732638022614,125.0,128.0,-0.0942105491889942,-0.1375210244163492,2.013942489447014,-0.3349522958105791,0.4047040362831116,0.33,0.455,0.5,0.615,0.525,0.0
160.0,1.0126582278481011,158.0,0.9875,160.0,0.975609756097561,164.0,1.0580645161290323,166.0,1.0573248407643312,157.0,1.0,157.0,0.9691358024691358,162.0,1.0125,238.0,-0.2323086088651467,0.1532981561328999,122.0,116.0,-0.1118091934284987,-0.4303315023518471,1.0159076568526286,-0.3552564384317538,-0.2159658658942655,0.395,0.49,0.515,0.535,0.835,0.0
119.0,0.616580310880829,193.0,1.1696969696969697,165.0,0.9705882352941176,170.0,1.0303030303030305,165.0,1.0185185185185186,162.0,0.9700598802395208,167.0,1.0705128205128205,156.0,1.0129870129870129,232.0,-0.2514836946184311,0.1919757230077845,117.0,115.0,-0.1478785056404713,-0.4691735045940355,1.10280051086082,-0.3299976255557256,-0.2455213878682117,0.39,0.48,0.51,0.53,0.845,0.0
183.0,1.0166666666666666,180.0,1.0169491525423728,177.0,1.0,177.0,1.0662650602409638,176.0,1.0476190476190477,168.0,1.018181818181818,165.0,0.9649122807017544,171.0,0.9661016949152542,243.0,-0.254158474055747,0.2660785042879967,120.0,123.0,-0.2771270502872117,-0.5028094830277319,1.727882603130936,-0.4437554801044984,-0.0313876353162835,0.335,0.475,0.495,0.52,0.7,0.0
175.0,0.9722222222222222,180.0,1.1042944785276074,163.0,2.08974358974359,78.0,0.8210526315789474,155.0,1.054421768707483,147.0,1.0068493150684932,146.0,0.906832298136646,161.0,1.0,222.0,-0.1707067672638681,0.2698883857231424,114.0,108.0,-0.0688438315344835,-0.1903881995859795,1.490983100533667,-0.2888719887058986,0.1306887259945627,0.355,0.46,0.515,0.605,0.545,0.0
165.0,1.13013698630137,146.0,1.0579710144927537,138.0,0.9517241379310344,145.0,0.9602649006622516,78.0,0.319672131147541,244.0,1.4269005847953216,171.0,0.9344262295081968,183.0,1.605263157894737,168.0,-0.2548015034266193,0.3993933071804498,114.0,54.0,-0.1914987330628249,-0.280714555411248,1.8387358580798463,0.2422424804189677,0.2422424804189677,0.485,0.63,0.685,0.715,0.715,0.0
181.0,1.0584795321637428,171.0,1.0058823529411764,170.0,0.9883720930232558,172.0,1.0238095238095235,177.0,1.023121387283237,173.0,1.0116959064327486,171.0,1.0118343195266273,169.0,0.9602272727272728,245.0,-0.1786417049837646,0.2649444266344694,122.0,123.0,-0.2167129213697746,-0.4087537747303093,1.743526687580256,-0.3799136438074446,0.00974847090067,0.395,0.48,0.5,0.525,0.69,0.0
144.0,1.0434782608695652,138.0,0.9324324324324323,148.0,0.9426751592356688,157.0,0.9631901840490796,164.0,0.9213483146067416,178.0,1.7623762376237624,101.0,0.407258064516129,248.0,1.4850299401197604,282.0,-0.2535850998253799,0.2789329663884348,168.0,114.0,-0.2437136665156448,-0.31116579078004,1.6482401011882255,-0.4077263421376619,0.0908460025563742,0.475,0.55,0.6,0.67,0.62,0.0
143.0,1.0287769784172662,139.0,0.9928571428571428,140.0,0.9523809523809524,147.0,0.9483870967741936,143.0,1.0,143.0,0.9662162162162162,148.0,1.0,148.0,0.9736842105263158,198.0,-0.2244792677891377,0.2509527927099613,98.0,100.0,-0.109841363453375,-0.3183628590014357,1.2236300512367624,-0.4810528353529335,-0.1621105527638191,0.33,0.46,0.495,0.56,0.785,0.0
79.0,0.2872727272727273,275.0,1.608187134502924,171.0,1.0754716981132075,159.0,1.06,171.0,1.71,100.0,0.4901960784313725,204.0,1.3972602739726028,146.0,0.9668874172185432,285.0,-0.0860561456809326,0.3773221871467304,166.0,119.0,-0.0384712551462936,-0.1023670970243783,2.2454563974806505,-0.3149491862694841,0.31104965338015,0.45,0.54,0.585,0.67,0.61,0.0
179.0,0.9835164835164836,182.0,0.978494623655914,186.0,1.1411042944785277,163.0,1.0124223602484472,164.0,2.0759493670886076,79.0,0.3347457627118644,236.0,1.4303030303030304,165.0,0.9821428571428572,237.0,-0.2268706782293048,0.3874897779559577,123.0,114.0,-0.1824136888606118,-0.234661735504865,2.034570739111211,-0.4280707389501269,0.2969372399157838,0.355,0.475,0.52,0.645,0.545,0.0
158.0,0.9813664596273292,161.0,0.936046511627907,172.0,1.0058479532163742,171.0,1.0178571428571428,167.0,0.9881656804733728,169.0,1.0304878048780488,164.0,1.051282051282051,156.0,1.0129870129870129,230.0,-0.3095128623663434,0.1473032710982195,114.0,116.0,-0.2577651521539097,-0.4636891888049763,0.919117640566864,-0.4380847358846722,-0.2315028620010206,0.37,0.48,0.5,0.52,0.83,0.0
171.0,1.0301204819277108,166.0,1.0506329113924051,158.0,0.9575757575757576,165.0,1.0248447204968945,157.0,1.0064102564102564,156.0,0.975,160.0,1.0,160.0,0.9696969696969696,224.0,-0.3081507636163196,0.138291612181902,115.0,109.0,-0.190996459641708,-0.4865839847614499,0.7974852170678033,-0.4127973131614757,-0.2736638870724024,0.355,0.495,0.515,0.535,0.825,0.0
158.0,1.0193548387096774,155.0,1.0402684563758389,149.0,1.0955882352941178,136.0,1.5280898876404494,91.0,0.4666666666666667,195.0,1.3732394366197185,142.0,0.9594594594594594,148.0,0.9866666666666668,168.0,-0.0470710117770085,0.4273450667373376,105.0,63.0,-0.0155973956226067,-0.0580017665749901,2.139458231979093,0.2003522167608427,0.2003522167608427,0.415,0.565,0.635,0.67,0.67,0.0
131.0,1.031496062992126,127.0,0.9071428571428573,140.0,0.8805031446540881,159.0,1.0324675324675323,135.0,0.823170731707317,164.0,0.8770053475935828,187.0,0.949238578680203,197.0,1.0648648648648649,186.0,-0.5144438045140504,0.2799677887240356,92.0,94.0,-0.5038044382403912,-0.7489745897811679,1.3788434848937712,-0.6575566297776978,-0.2702111306022585,0.345,0.44,0.5,0.525,0.755,0.0
179.0,0.988950276243094,181.0,1.0,181.0,1.0647058823529412,170.0,0.9941520467836256,170.0,0.9883720930232558,172.0,1.0058479532163742,171.0,0.9344262295081968,183.0,1.0166666666666666,242.0,-0.2084666403472616,0.2365584146696169,124.0,118.0,-0.2080750994466873,-0.4890502558341421,1.582631072359446,-0.531326576122457,0.0030093407018187,0.385,0.49,0.515,0.535,0.71,0.0
168.0,1.0566037735849056,159.0,0.9352941176470588,170.0,1.0365853658536586,164.0,1.1468531468531469,142.0,1.0,142.0,1.0070921985815602,141.0,1.036764705882353,136.0,1.0381679389312977,204.0,-0.4583134269068088,0.1791279605713225,105.0,99.0,-0.3162655154025133,-0.6466235489396024,0.9046539305174128,-0.5881483538326783,-0.3972222678113335,0.365,0.495,0.52,0.54,0.87,0.0
123.0,0.9919354838709676,124.0,0.9612403100775194,129.0,0.9772727272727272,132.0,0.9496402877697842,121.0,0.9758064516129032,124.0,0.9465648854961832,131.0,0.9924242424242424,132.0,1.0232558139534884,170.0,0.1063320198707063,0.2644399485888634,86.0,84.0,0.134593550203672,-0.1171618737225952,1.3712158538275054,-0.1996042569709143,0.4402280724552949,0.325,0.43,0.505,0.535,0.75,0.0
184.0,1.03954802259887,177.0,0.988826815642458,179.0,0.9470899470899472,189.0,0.9742268041237112,184.0,1.0222222222222221,180.0,1.0588235294117647,170.0,1.0,170.0,0.96045197740113,253.0,-0.2258523169733526,0.2280233965829602,125.0,128.0,-0.2587508298823825,-0.4423987477423561,1.3974417125115917,-0.5672460733251429,-0.0366330583978375,0.345,0.475,0.5,0.52,0.695,0.0
181.0,1.046242774566474,173.0,0.9558011049723756,181.0,0.9731182795698924,186.0,0.9946524064171124,180.0,1.0112359550561798,178.0,0.956989247311828,186.0,1.0449438202247192,178.0,1.072289156626506,250.0,-0.247180501278237,0.2419133396034652,125.0,125.0,-0.2611140861640708,-0.4835876971614907,1.5382444228665595,-0.597846874475089,0.0190098730619951,0.345,0.48,0.505,0.525,0.715,0.0
170.0,0.9659090909090908,176.0,0.946236559139785,186.0,1.0163934426229508,183.0,1.0397727272727273,179.0,1.0346820809248556,173.0,1.0484848484848486,165.0,0.9649122807017544,171.0,1.0426829268292683,248.0,-0.2797371273364154,0.2280099029723825,123.0,125.0,-0.3032847875433631,-0.5024236498145387,1.3844707817420607,-0.6119374179615341,-0.1722808690666028,0.33,0.475,0.5,0.52,0.675,0.0
164.0,1.0789473684210529,152.0,0.9743589743589745,156.0,0.968944099378882,161.0,1.0125786163522013,153.0,0.9161676646706587,167.0,0.9940476190476192,168.0,1.0059880239520955,167.0,1.0121212121212122,219.0,-0.3391634347743948,0.1536215069186817,112.0,107.0,-0.2090906880770291,-0.550167162229988,0.91477084566479,-0.4278511878661601,-0.3555739087115092,0.395,0.49,0.515,0.535,0.83,0.0
110.0,0.990990990990991,111.0,0.9910714285714286,112.0,1.3333333333333333,84.0,0.6461538461538462,109.0,1.028301886792453,106.0,1.0,106.0,0.9724770642201837,109.0,0.9732142857142856,153.0,-0.7314085449903797,0.511237544160744,77.0,76.0,-0.6589996526495707,-1.0849057007756313,1.7400062167160957,-1.7901588188429274,-0.2515513386531569,0.325,0.465,0.505,0.545,0.825,0.0
148.0,0.9801324503311258,151.0,0.9741935483870968,155.0,0.945121951219512,164.0,1.025,154.0,1.2622950819672132,122.0,0.5951219512195122,205.0,1.1714285714285717,175.0,1.0542168674698795,210.0,-0.2517421038373177,0.1591930966792987,103.0,107.0,-0.1089611534415742,-0.455827625643071,1.0226148982367242,-0.3863440062104332,-0.213213098815752,0.365,0.47,0.495,0.515,0.81,0.0
95.0,0.7364341085271318,129.0,0.5944700460829493,217.0,1.9727272727272729,110.0,1.0,110.0,0.5116279069767442,215.0,2.107843137254902,102.0,0.8360655737704918,122.0,1.1296296296296295,153.0,-0.0326473870111766,0.4724027469217158,76.0,77.0,0.0004740103508501,-0.2998998745342742,2.0882520114619867,-0.934523339675888,0.3893185346107115,0.305,0.465,0.5,0.545,0.84,0.0
155.0,0.981012658227848,158.0,2.025641025641025,78.0,0.3209876543209876,243.0,1.3885714285714286,155.0,1.019736842105263,152.0,1.876543209876543,81.0,0.3389121338912134,239.0,1.5031446540880504,213.0,-0.1953093462398718,0.3649970498492696,105.0,108.0,-0.157453371949362,-0.2305087939177538,1.91455778091518,0.2582239417494659,0.2582239417494659,0.305,0.445,0.495,0.53,0.53,0.0
151.0,1.0202702702702702,148.0,1.049645390070922,141.0,1.0444444444444445,135.0,0.9712230215827338,142.0,0.9861111111111112,144.0,1.051094890510949,137.0,0.9927536231884058,138.0,0.9583333333333334,199.0,-0.2204605361602546,0.2280923698958502,100.0,99.0,-0.121195454746721,-0.3476372435018615,1.1739982279564385,-0.4459992649149306,-0.036234183912861,0.35,0.46,0.505,0.58,0.77,0.0
103.0,0.8046875,128.0,0.5688888888888889,225.0,1.0180995475113122,221.0,0.9910313901345292,108.0,0.4778761061946903,226.0,1.0272727272727271,220.0,1.9298245614035088,114.0,1.0363636363636364,152.0,0.4454736983468856,0.5104290096527224,77.0,75.0,0.4422673431103902,0.0685743571882326,2.6526331053090155,-0.4528134411509435,0.7981536146772171,0.315,0.47,0.515,0.56,0.905,0.0
179.0,1.0170454545454546,176.0,0.9832402234636872,179.0,1.0170454545454546,176.0,0.9513513513513514,167.0,0.9766081871345029,171.0,1.0178571428571428,168.0,0.9940828402366864,169.0,1.0368098159509205,237.0,-0.2413139762100274,0.2609697664757521,121.0,116.0,-0.2845360045956535,-0.5439329875704213,1.6554354155420257,-0.5189637195765475,0.0846251296725682,0.41,0.49,0.515,0.535,0.73,0.0
167.0,1.0986842105263157,152.0,1.062937062937063,143.0,1.0,143.0,1.7439024390243902,149.0,0.9933333333333333,150.0,0.974025974025974,154.0,0.9390243902439024,164.0,0.9371428571428572,211.0,-0.2118097100647068,0.3592598831706601,107.0,104.0,0.3825738392300482,-0.2185971033642033,1.825798484907939,-0.4495865814112336,0.2662411847808953,0.485,0.465,0.515,0.625,0.545,0.0
226.0,1.04147465437788,217.0,1.009302325581395,215.0,0.9953703703703703,216.0,1.981651376146789,111.0,0.9823008849557522,113.0,1.036697247706422,109.0,0.9646017699115044,113.0,1.0660377358490567,153.0,-0.4480498555685356,0.5253637664462516,76.0,77.0,-0.4293624526059276,-0.7719561661528535,1.836973856463037,-1.3777977993055726,0.0091206462929744,0.29,0.46,0.505,0.55,0.855,0.0
110.0,0.9821428571428572,112.0,1.018181818181818,110.0,1.0,110.0,0.9821428571428572,112.0,1.0,112.0,1.0275229357798166,109.0,0.9646017699115044,113.0,1.0660377358490567,156.0,-0.0639409452955457,0.4872258833161061,78.0,78.0,0.0128105202387279,-0.2999894990455959,2.2327708412561704,-0.9736547167401344,0.0254549809289734,0.32,0.465,0.505,0.55,0.775,0.0
139.0,0.9788732394366196,142.0,0.9403973509933776,151.0,1.0066666666666666,150.0,1.0273972602739727,147.0,1.013793103448276,145.0,0.9602649006622516,151.0,1.0202702702702702,148.0,1.049645390070922,203.0,-0.2465501552502371,0.2233751493755114,101.0,102.0,-0.12466577830454,-0.2923377530502274,1.1570339197052668,-0.4766646264572695,-0.1661981803533938,0.34,0.46,0.495,0.56,0.76,0.0
165.0,1.0248447204968945,161.0,1.0454545454545454,154.0,1.0405405405405406,148.0,1.0,153.0,0.9745222929936306,157.0,1.0129032258064516,155.0,0.981012658227848,158.0,0.9753086419753086,212.0,-0.4392377964520245,0.1408601189355931,105.0,107.0,-0.3361403384798818,-0.7076886938072777,0.7467115778757425,-0.5710011663622326,-0.4136173086661971,0.375,0.475,0.5,0.52,0.835,0.0
173.0,1.0484848484848486,165.0,0.9593023255813954,172.0,1.0617283950617284,162.0,1.0253164556962024,165.0,1.0784313725490196,153.0,0.9444444444444444,162.0,0.9759036144578314,166.0,2.024390243902439,305.0,-0.2684559848025321,0.3345291637215783,190.0,115.0,-0.2688451229150223,-0.3218368171401869,2.039000201486143,-0.4746885791696286,0.2063594027220135,0.5,0.57,0.625,0.69,0.645,0.0
143.0,1.0070422535211268,142.0,0.9861111111111112,144.0,1.0285714285714285,140.0,1.0218978102189782,139.0,0.9858156028368794,141.0,0.9657534246575342,146.0,1.006896551724138,145.0,1.5263157894736843,196.0,-0.3096857636109088,0.2706378023841669,99.0,97.0,-0.1967918809300835,-0.3895327430259429,1.1667163233498217,-0.566858771232922,-0.304069233212034,0.345,0.47,0.505,0.58,0.835,0.0
112.0,0.9739130434782608,115.0,1.0648148148148149,108.0,0.9818181818181818,110.0,1.0185185185185186,106.0,0.9814814814814815,108.0,0.9557522123893806,113.0,1.0462962962962965,108.0,0.972972972972973,153.0,-0.1469249258604764,0.5070141865689949,79.0,74.0,-0.1127921660078919,-0.419915862811031,2.255693616609583,-1.0640778448256931,0.2391239843996496,0.32,0.48,0.52,0.565,0.83,0.0
112.0,1.037037037037037,108.0,0.9473684210526316,114.0,1.0,114.0,1.0,105.0,0.9210526315789473,114.0,0.991304347826087,115.0,1.0454545454545454,110.0,1.25,152.0,-0.3660377081208767,0.4802056999016621,79.0,73.0,-0.3910033626818655,-0.7103486689436097,1.8434380127460583,-1.3085821076307094,-0.0131685468207323,0.315,0.48,0.52,0.565,0.8,0.0
168.0,1.030674846625767,163.0,1.01875,160.0,0.9195402298850576,174.0,0.9666666666666668,176.0,0.967032967032967,182.0,1.0282485875706215,177.0,1.0,177.0,1.0290697674418603,241.0,-0.1860257149717724,0.2461741143422463,118.0,123.0,-0.1909153500303856,-0.4900030938855161,1.6755733881248884,-0.4518900607668673,0.0098923681074522,0.34,0.47,0.495,0.515,0.685,0.0
157.0,1.0194805194805194,154.0,1.0476190476190477,147.0,0.9607843137254902,153.0,0.9683544303797468,168.0,0.9824561403508771,171.0,0.9344262295081968,183.0,1.0,183.0,0.9682539682539684,236.0,-0.2499075580148789,0.1994067608166058,119.0,117.0,-0.2514541041814299,-0.4714792673819773,1.2236713746452117,-0.7240610360067143,-0.24581847013187,0.41,0.48,0.505,0.525,0.87,0.0
110.0,1.0091743119266054,109.0,0.981981981981982,111.0,1.0277777777777777,108.0,1.0,110.0,1.0,110.0,0.9649122807017544,114.0,1.2258064516129032,93.0,0.7265625,228.0,-0.0197750521280633,0.566846172704836,151.0,77.0,1.8356481552203257,-0.3095661265992226,2.483228511607328,-0.4406214308833373,-0.4406214308833373,0.185,0.165,0.195,0.23,0.23,0.0
167.0,0.9881656804733728,169.0,1.0304878048780488,164.0,1.051282051282051,156.0,1.0129870129870129,162.0,1.0318471337579618,157.0,0.9874213836477987,159.0,0.99375,160.0,0.9411764705882352,225.0,-0.3406370744728748,0.1460837944572487,112.0,113.0,-0.2291953048482278,-0.5415789886602715,0.8910533228911349,-0.4211984858033181,-0.3364011569599936,0.38,0.48,0.5,0.52,0.85,0.0
168.0,0.96,175.0,1.0416666666666667,168.0,1.024390243902439,164.0,1.0123456790123455,163.0,1.0124223602484472,161.0,1.00625,160.0,1.032258064516129,155.0,0.9935897435897436,232.0,-0.2912009330449272,0.2781940421444842,118.0,114.0,-0.3248016104375448,-0.6228465958115773,1.766778528084417,-0.5570269834068564,-0.1401720044905313,0.34,0.485,0.51,0.53,0.705,0.0
113.0,1.036697247706422,109.0,0.9732142857142856,112.0,1.0275229357798166,109.0,1.0186915887850467,108.0,1.0,108.0,0.9818181818181818,110.0,1.0091743119266054,109.0,0.9732142857142856,149.0,0.4145343758858911,0.4859958591860242,74.0,75.0,0.4599047895047033,0.0850315391822249,2.57517083556796,-0.3117967732165414,0.829100486217557,0.305,0.46,0.505,0.545,0.83,0.0
175.0,1.0606060606060606,165.0,0.9649122807017544,171.0,0.9771428571428572,175.0,1.0,170.0,0.9497206703910615,179.0,1.0170454545454546,176.0,1.0173410404624277,173.0,1.0,234.0,-0.2140948426282702,0.2562245644652717,116.0,118.0,-0.2148378440940193,-0.5051992549821405,1.7024120001812153,-0.4662598244207494,-0.1571233944839445,0.355,0.475,0.5,0.52,0.665,0.0
185.0,1.0451977401129944,177.0,1.0535714285714286,168.0,0.9710982658959536,173.0,1.035928143712575,168.0,1.030674846625767,163.0,0.9939024390243902,164.0,0.9371428571428572,175.0,0.9668508287292816,235.0,-0.1866326461950196,0.2570993515145901,118.0,117.0,-0.2204432796725308,-0.4814549074672581,1.7053111834285342,-0.4746203152443023,-0.0822290435927009,0.34,0.48,0.505,0.525,0.69,0.0
132.0,1.0,132.0,0.9777777777777776,135.0,0.9782608695652174,138.0,1.0,130.0,0.9848484848484849,132.0,0.9295774647887324,142.0,1.0070921985815602,141.0,1.0444444444444445,184.0,-0.5020219866380241,0.3068243089272504,93.0,91.0,-0.3282222985794819,-0.6833409971690382,0.953378556511808,-0.8665814510530583,-0.3224448573966947,0.35,0.45,0.51,0.535,0.745,0.0
107.0,0.981651376146789,109.0,0.990909090909091,110.0,1.0,110.0,0.990990990990991,111.0,1.0373831775700935,107.0,0.9385964912280702,114.0,1.0458715596330277,109.0,0.9646017699115044,154.0,-0.1390598816008229,0.4815669200473453,77.0,77.0,-0.1298158001752535,-0.4286000137710603,2.1561736640271363,-1.0363790497923149,0.2657849016872951,0.305,0.465,0.5,0.55,0.86,0.0
131.0,0.9492753623188406,138.0,0.9857142857142858,140.0,1.0294117647058822,136.0,1.0793650793650793,145.0,1.0431654676258992,139.0,1.053030303030303,132.0,1.015384615384615,130.0,0.9774436090225564,202.0,-0.0269264675679478,0.2732859768058552,101.0,101.0,0.0916982909200986,-0.2067279875895124,1.299294166830944,-0.4853724542789955,0.2732745301150871,0.35,0.46,0.505,0.525,0.725,0.0
142.0,1.0070921985815602,141.0,0.9463087248322148,149.0,0.9867549668874172,151.0,1.0272108843537415,146.0,0.9931972789115646,147.0,1.0,147.0,0.9932432432432432,148.0,1.0571428571428572,198.0,-0.2378178341908386,0.266740855571472,96.0,102.0,-0.0777108341622369,-0.3283775434435806,1.2791250495803907,-0.4983517238374626,-0.2079673997843027,0.33,0.395,0.485,0.575,0.745,0.0
149.0,0.9802631578947368,152.0,1.6,95.0,0.472636815920398,201.0,1.4154929577464788,151.0,1.0342465753424657,146.0,1.006896551724138,145.0,1.0357142857142858,140.0,0.9929078014184396,209.0,-0.2391014358580906,0.2630077581860921,104.0,105.0,-0.0714567477539534,-0.337130175970196,1.2221531048598857,-0.512295089558056,-0.2401126434363004,0.35,0.465,0.5,0.57,0.82,0.0
109.0,1.0092592592592593,108.0,0.972972972972973,111.0,0.9910714285714286,112.0,0.9824561403508772,108.0,0.972972972972973,111.0,0.9736842105263158,114.0,0.991304347826087,115.0,1.055045871559633,154.0,-0.5145074964403765,0.4993460825461492,79.0,75.0,-0.4129238677416096,-0.8038564781560398,1.7459026490007643,-1.3979981296940596,-0.1443615990845765,0.34,0.475,0.515,0.565,0.845,0.0
109.0,0.990909090909091,110.0,1.0091743119266054,109.0,0.990909090909091,110.0,0.9649122807017544,110.0,1.0,110.0,0.9821428571428572,112.0,0.9739130434782608,115.0,1.0648148148148149,155.0,-0.0102544639035905,0.4861068683547442,78.0,77.0,-0.0275863807874789,-0.2654771182913677,2.329886868191223,-0.9712991919033012,0.2671507677120454,0.3,0.47,0.51,0.555,0.885,0.0
127.0,1.0241935483870968,124.0,1.0,124.0,1.0,124.0,1.008130081300813,135.0,0.9782608695652174,138.0,1.0454545454545454,132.0,1.0476190476190477,126.0,1.008,191.0,-0.1250514132012172,0.3019902064220419,97.0,94.0,-0.0894744855589743,-0.3396660607241147,1.2081100049825806,-0.6027624786619922,0.254019450985133,0.34,0.455,0.51,0.54,0.74,0.0
141.0,1.0291970802919708,137.0,0.958041958041958,143.0,1.0214285714285714,140.0,0.9655172413793104,139.0,1.0145985401459854,137.0,0.9383561643835616,146.0,0.9605263157894736,152.0,1.0133333333333334,195.0,-0.1695553116116868,0.2648294458808761,98.0,97.0,-0.0341666624339949,-0.2695034919385564,1.307115934257252,-0.4482523212944599,-0.1553548652735321,0.34,0.465,0.5,0.57,0.745,0.0
114.0,1.0363636363636364,110.0,0.9565217391304348,115.0,1.0454545454545454,110.0,1.0091743119266054,111.0,1.009090909090909,110.0,1.0185185185185186,108.0,0.9557522123893806,113.0,0.9576271186440678,157.0,0.1665289326438469,0.5179833821316587,80.0,77.0,0.0638636516489578,-0.1989135513227067,2.461709534487458,-0.8603163291200289,0.5977048439940351,0.31,0.475,0.51,0.555,0.815,0.0
146.0,1.0579710144927537,138.0,0.965034965034965,143.0,1.0070422535211268,142.0,0.993006993006993,138.0,0.9857142857142858,140.0,0.9722222222222222,144.0,0.9536423841059604,151.0,1.0202702702702702,194.0,-0.2153559733682851,0.2493779298063931,98.0,96.0,-0.0746437964501234,-0.2855399776226576,1.2280445239982374,-0.464506673423778,-0.1779158816393644,0.345,0.465,0.505,0.58,0.825,0.0
175.0,1.0355029585798816,169.0,1.005952380952381,168.0,1.030674846625767,163.0,0.9939024390243902,176.0,1.0057142857142858,175.0,0.9668508287292816,181.0,0.9836956521739132,184.0,0.9787234042553192,244.0,-0.1541081743668121,0.2489584889002952,121.0,123.0,-0.1847341429797735,-0.4453461179802639,1.6782505173271614,-0.3710467872946494,0.049857832936605,0.38,0.475,0.495,0.52,0.69,0.0
138.0,0.9517241379310344,145.0,1.0069444444444444,144.0,0.9664429530201344,149.0,1.0275862068965518,141.0,0.9337748344370861,151.0,0.993421052631579,152.0,1.034013605442177,147.0,1.0575539568345325,194.0,-0.2127444936445405,0.2654566995609145,96.0,98.0,-0.0939721708086485,-0.2961596037043255,1.2838804612326298,-0.4500934971915539,-0.1185518351941418,0.33,0.44,0.495,0.57,0.815,0.0
165.0,0.9880239520958084,167.0,0.9766081871345028,171.0,0.9395604395604396,182.0,1.0340909090909092,182.0,1.0,182.0,1.103030303030303,165.0,1.03125,160.0,0.963855421686747,258.0,-0.3287100472057915,0.3715688120977743,131.0,127.0,-0.2765103445626324,-0.3811608093636746,1.867440145946597,0.182912330760713,0.182912330760713,0.355,0.465,0.51,0.535,0.535,0.0
178.0,1.0229885057471264,174.0,1.0,174.0,1.0116279069767442,172.0,0.9608938547486032,176.0,0.9513513513513514,185.0,0.9343434343434344,198.0,1.0879120879120878,182.0,0.978494623655914,248.0,-0.2550689001857366,0.2703502458373794,125.0,123.0,-0.2414006529320563,-0.4585926679315296,1.7815822015963714,-0.3536529724709829,-0.1754185777082247,0.4,0.485,0.505,0.53,0.67,0.0
161.0,1.0320512820512822,156.0,1.0612244897959184,147.0,2.0136986301369864,73.0,0.3303167420814479,139.0,1.5274725274725274,91.0,0.4764397905759162,191.0,1.3263888888888888,144.0,0.96,194.0,-0.2670841382093434,0.4542798828226658,97.0,97.0,-0.1685364725684786,-0.2952451421938258,2.0043337189059254,-0.5221208929213298,0.2227352996279181,0.34,0.45,0.505,0.59,0.535,0.0
150.0,1.0416666666666667,144.0,1.0140845070422535,142.0,0.9726027397260274,146.0,0.935897435897436,157.0,0.9751552795031055,161.0,0.9817073170731708,164.0,1.0061349693251531,163.0,0.9588235294117649,214.0,-0.2752314140813378,0.1673202480125692,105.0,109.0,-0.1350482461373635,-0.5407384700212782,1.0710683423556202,-0.4032735922618056,-0.2341000788341811,0.36,0.465,0.495,0.515,0.805,0.0
162.0,0.9418604651162792,172.0,0.9942196531791908,173.0,1.0297619047619049,168.0,1.0120481927710845,176.0,1.0538922155688624,167.0,0.9709302325581396,172.0,1.036144578313253,166.0,1.01840490797546,252.0,-0.091193062384227,0.2823695038470628,129.0,123.0,-0.1121730189755391,-0.3799726390174631,1.9118547564732216,-0.3432139739769125,0.0212486673420767,0.34,0.49,0.515,0.535,0.695,0.0
141.0,1.014388489208633,139.0,0.9928571428571428,140.0,0.9859154929577464,142.0,0.9594594594594594,145.0,1.0211267605633803,142.0,0.9726027397260274,146.0,0.9798657718120806,149.0,1.0136054421768708,199.0,-0.1604514683878481,0.2473866235899923,98.0,101.0,0.0402583368866312,-0.1957033027985346,1.1899532113965878,-0.4150606324654916,-0.1057288572401487,0.34,0.455,0.495,0.57,0.79,0.0
145.0,1.0211267605633805,142.0,1.0,142.0,0.993006993006993,143.0,1.0141843971631206,139.0,0.9928571428571429,140.0,0.9859154929577464,142.0,0.9793103448275862,145.0,0.9931506849315068,195.0,-0.1638614762218496,0.2520525869218826,98.0,97.0,-0.0014920471772088,-0.2403125710349151,1.2465976459804666,-0.4147334684838523,-0.1424457664425374,0.34,0.47,0.505,0.575,0.81,0.0
111.0,1.009090909090909,110.0,1.0091743119266054,109.0,1.0,109.0,0.9732142857142856,111.0,1.018348623853211,109.0,1.028301886792453,106.0,0.913793103448276,116.0,1.0,151.0,-0.0164169380757783,0.4816926496038177,74.0,77.0,0.0902276180375903,-0.3306805999690305,2.2610349145964403,-0.7246038869522611,0.4653015738461267,0.315,0.455,0.495,0.54,0.845,0.0
177.0,1.023121387283237,173.0,1.0236686390532543,169.0,0.976878612716763,173.0,0.9351351351351352,175.0,0.9308510638297872,188.0,1.0444444444444445,180.0,1.0465116279069768,172.0,0.9942196531791908,241.0,-0.1721230455925489,0.2472880229158201,119.0,122.0,-0.178844647970715,-0.4532364030137817,1.646715386197963,-0.5607818609582855,0.025020317114983,0.335,0.47,0.495,0.515,0.685,0.0
150.0,1.0067114093959733,149.0,1.0205479452054795,146.0,1.020979020979021,143.0,1.0592592592592591,145.0,1.0069444444444444,144.0,1.0,144.0,1.0588235294117647,136.0,0.9927007299270072,205.0,-0.2561478601521172,0.2693438067530104,104.0,101.0,-0.1108234579492139,-0.3491363961933513,1.198331248361893,-0.5413088511640269,-0.2854208484094904,0.345,0.47,0.505,0.575,0.865,0.0
140.0,0.9859154929577464,142.0,0.9659863945578232,147.0,1.0068493150684932,146.0,1.0,142.0,0.9403973509933775,151.0,1.0066666666666666,150.0,1.0273972602739727,146.0,1.0503597122302155,196.0,-0.1817937970763203,0.2254759639960055,97.0,99.0,-0.1073116813605798,-0.3450940460280836,1.057724031429233,-0.4795788340335,-0.1834762881207282,0.34,0.46,0.5,0.56,0.745,0.0
153.0,1.006578947368421,152.0,1.0935251798561152,139.0,0.7808988764044944,178.0,1.065868263473054,151.0,0.9741935483870968,155.0,1.0064935064935066,154.0,0.9935483870967742,155.0,1.054421768707483,209.0,-0.5037125161851935,0.1278537611840532,104.0,105.0,-0.3931734770947429,-0.7419564010508641,0.4934421725839315,-0.6157904976192963,-0.4592959499262197,0.365,0.475,0.5,0.52,0.84,0.0
164.0,1.0123456790123455,162.0,1.0451612903225806,155.0,0.9748427672955976,159.0,0.9814814814814816,153.0,0.9683544303797469,158.0,1.0,158.0,0.9575757575757576,165.0,1.0060975609756098,218.0,-0.2686668628435718,0.1479945060791048,111.0,107.0,-0.1223009149642484,-0.4946659631065601,0.9125792939240992,-0.3790570383639903,-0.2609216161475653,0.39,0.49,0.51,0.53,0.805,0.0
97.0,0.4163090128755364,233.0,1.3546511627906976,172.0,1.0238095238095235,168.0,1.135135135135135,175.0,1.0416666666666667,168.0,1.105263157894737,152.0,2.0,76.0,0.7835051546391752,237.0,-0.2559251933769111,0.3922320446899965,115.0,122.0,0.2416302076217855,-0.2573364768378732,1.90235699795751,-0.4989200547740869,0.3235373114091213,0.46,0.435,0.49,0.605,0.52,0.0
133.0,1.316831683168317,101.0,0.8416666666666667,120.0,0.5607476635514018,214.0,0.9469026548672568,97.0,0.782258064516129,124.0,0.5714285714285714,217.0,1.9908256880733943,109.0,0.981981981981982,144.0,-0.5213530024492792,0.568954864647678,77.0,67.0,-0.4039661615064663,-0.6579998741041878,1.8043301661489812,-1.3506294258899607,0.151081995918452,0.325,0.495,0.535,0.59,0.87,0.0
135.0,1.08,125.0,0.9615384615384616,130.0,0.9558823529411764,136.0,0.9645390070921984,130.0,1.0236220472440944,127.0,0.9844961240310076,129.0,0.9847328244274808,131.0,0.9849624060150376,183.0,-0.2348813400952576,0.2632181177563217,92.0,91.0,-0.0899658093128554,-0.4199069929903267,1.0904148536553475,-0.6018741860417659,0.1425770238468343,0.35,0.455,0.505,0.535,0.77,0.0
160.0,1.0062893081761006,159.0,1.3032786885245902,122.0,0.6815642458100558,179.0,1.084848484848485,156.0,0.9629629629629629,162.0,1.0,162.0,1.0062111801242235,161.0,0.9698795180722892,214.0,-0.2763515594639623,0.1866498610839473,105.0,109.0,-0.1667547172160252,-0.4629568845660466,1.2300465335262214,-0.4384020064734555,-0.2136481023126688,0.375,0.47,0.495,0.515,0.85,0.0
113.0,0.5113122171945701,221.0,1.0184331797235022,217.0,1.8869565217391304,115.0,1.0087719298245614,220.0,1.9469026548672566,113.0,1.0560747663551402,107.0,0.981651376146789,109.0,0.9646017699115044,312.0,-0.1358276130810413,0.6075706212068774,158.0,154.0,-0.1945337748776379,-0.2597313001313537,2.468546794078321,-0.4868680496897322,-0.4868680496897322,0.095,0.125,0.14,0.17,0.17,0.0
155.0,1.0064935064935066,154.0,0.9935483870967742,155.0,1.054421768707483,147.0,1.0575539568345325,150.0,1.0204081632653061,147.0,1.0,147.0,1.0068493150684932,146.0,0.9668874172185432,210.0,-0.27135569304168,0.1416881941634848,105.0,105.0,-0.158532412513087,-0.5440007506018683,0.8902719947646857,-0.3807685511137035,-0.2362020770376826,0.36,0.475,0.5,0.525,0.86,0.0
136.0,0.9577464788732394,142.0,0.9594594594594594,148.0,0.9866666666666668,150.0,1.0273972602739727,142.0,1.4947368421052631,95.0,0.4611650485436893,206.0,1.3825503355704698,149.0,1.0492957746478873,196.0,-0.2546620921629673,0.2560896756399814,97.0,99.0,-0.1866589528722359,-0.4167970928605658,1.1904389622453957,-0.5098072812396692,-0.1557607990743302,0.33,0.46,0.495,0.57,0.825,0.0
153.0,1.006578947368421,152.0,1.034013605442177,147.0,1.0352112676056338,142.0,1.0,151.0,1.0486111111111112,144.0,1.0285714285714285,140.0,0.9859154929577464,142.0,0.9793103448275862,212.0,-0.2782458769564244,0.2592315314509588,107.0,105.0,-0.1608383223916722,-0.3649293937080115,1.190252173955235,-0.5381817174382126,-0.2885544083530008,0.34,0.47,0.505,0.57,0.835,0.0
169.0,0.9602272727272728,176.0,0.9777777777777776,180.0,0.972972972972973,185.0,1.0571428571428572,186.0,1.0108695652173914,184.0,1.03954802259887,177.0,0.9619565217391304,184.0,1.005464480874317,259.0,-0.158986462541208,0.2674221025466252,129.0,130.0,-0.1891879825952246,-0.469153485762618,1.9178597323393145,-0.3376814440598992,-0.0350925688024343,0.39,0.475,0.5,0.52,0.67,0.0
123.0,0.6721311475409836,183.0,1.1730769230769231,156.0,0.912280701754386,171.0,1.0239520958083832,160.0,0.9580838323353293,167.0,1.3801652892561984,121.0,0.6111111111111112,198.0,1.2611464968152866,224.0,-0.3376632887671044,0.1482858345848988,112.0,112.0,-0.2270443255459943,-0.5397854654689138,0.8939038392515462,-0.4155620904939396,-0.3165573293775952,0.38,0.48,0.5,0.525,0.825,0.0
163.0,0.9367816091954024,174.0,0.956043956043956,182.0,1.0224719101123596,178.0,0.9518716577540108,180.0,1.0227272727272727,176.0,1.0232558139534884,172.0,1.0886075949367089,158.0,0.9634146341463414,256.0,-0.1804714978981532,0.2560322669550236,131.0,125.0,-0.1536753620587325,-0.439572562835998,1.7491482407820729,-0.3649932471107993,-0.1595905409252689,0.38,0.49,0.51,0.535,0.78,0.0
115.0,1.055045871559633,109.0,0.990909090909091,110.0,0.9821428571428572,112.0,0.991150442477876,110.0,0.9821428571428571,112.0,1.0666666666666669,105.0,0.9545454545454546,110.0,1.0185185185185186,156.0,-0.0282714255471985,0.4919161281482224,79.0,77.0,0.0490258362214451,-0.3966927142589234,2.1810007902886057,-0.7790563913531525,0.4455856014784923,0.325,0.465,0.51,0.56,0.795,0.0
165.0,1.0060975609756098,164.0,0.993939393939394,165.0,0.9428571428571428,175.0,0.9831460674157304,173.0,0.9558011049723757,181.0,1.0284090909090908,176.0,1.0232558139534884,172.0,0.9942196531791908,242.0,-0.2146464759777236,0.243388929310911,121.0,121.0,-0.2495528020041837,-0.5071185892409017,1.660370956180219,-0.4439969609973677,0.0813251159473829,0.385,0.48,0.505,0.525,0.71,0.0
138.0,0.9857142857142858,140.0,0.9790209790209792,143.0,0.986206896551724,145.0,1.0,140.0,0.9655172413793104,145.0,0.9666666666666668,150.0,1.0,150.0,1.020408163265306,194.0,-0.2672073951850502,0.268190567021537,96.0,98.0,-0.1333298540047895,-0.3455789208817257,1.2014578253890378,-0.5281889415840234,-0.2325153955709326,0.33,0.46,0.495,0.57,0.76,0.0
164.0,0.9371428571428572,175.0,0.9722222222222222,180.0,1.1042944785276074,163.0,2.08974358974359,163.0,1.0516129032258064,155.0,1.054421768707483,147.0,1.0068493150684932,146.0,0.906832298136646,228.0,-0.2195500249195847,0.3218799635432555,114.0,114.0,-0.1582280777849299,-0.258429297321102,1.6670732452302193,-0.3851434194797569,-0.1627406088988643,0.33,0.44,0.5,0.585,0.82,0.0
193.0,1.0432432432432432,185.0,1.0755813953488371,172.0,1.0424242424242425,165.0,0.9649122807017544,171.0,1.0058823529411764,170.0,0.9770114942528736,174.0,0.9886363636363636,176.0,0.9777777777777776,237.0,-0.2462998918929071,0.2473209041143361,118.0,119.0,-0.2851222564964837,-0.5445640288035568,1.5625024065501418,-0.5932786811796348,-0.206547806003054,0.34,0.475,0.5,0.52,0.67,0.0
162.0,0.9878048780487804,164.0,0.9820359281437124,167.0,0.9823529411764704,170.0,1.0559006211180124,170.0,1.0240963855421688,166.0,1.01840490797546,163.0,1.044871794871795,156.0,0.968944099378882,235.0,-0.3959903987737593,0.1523640309552996,117.0,118.0,-0.3267560371228876,-0.5865382782452115,0.8352966144157121,-0.5296287385788555,-0.3141469239349204,0.34,0.48,0.5,0.52,0.82,0.0
163.0,0.9939024390243902,164.0,1.0649350649350648,154.0,0.9746835443037974,158.0,0.9875,167.0,1.0308641975308641,162.0,1.0384615384615383,156.0,1.21875,128.0,0.7272727272727273,234.0,-0.2787132056686101,0.1448147490311343,118.0,116.0,-0.1724788191699092,-0.4907533667492776,0.8704225843263756,-0.4263830827834254,-0.247327101736375,0.335,0.48,0.505,0.525,0.825,0.0
146.0,1.042857142857143,140.0,1.0144927536231885,138.0,0.9857142857142858,140.0,0.9523809523809524,142.0,1.0,142.0,0.993006993006993,143.0,1.0,143.0,0.9794520547945206,193.0,-0.2897547064813514,0.2439012143262531,94.0,99.0,-0.2058430218751328,-0.3973878076771207,1.1034885013361522,-0.5456038583690244,-0.1986467227069123,0.335,0.455,0.49,0.56,0.78,0.0
177.0,1.059880239520958,167.0,0.9823529411764704,170.0,0.9941520467836256,171.0,0.9606741573033708,174.0,0.9508196721311475,183.0,1.0166666666666666,180.0,1.0169491525423728,177.0,1.0,239.0,-0.25941224646581,0.2688034044216903,118.0,121.0,-0.263977405839231,-0.5854597820665626,1.7200096527906583,-0.5653039343724957,-0.1367729188598283,0.38,0.47,0.495,0.515,0.68,0.0
112.0,1.018181818181818,110.0,0.9565217391304348,115.0,1.0849056603773586,106.0,0.9724770642201837,111.0,0.9736842105263158,114.0,1.0363636363636364,110.0,0.990990990990991,111.0,1.0,149.0,0.0655189653384089,0.4974564776393519,72.0,77.0,-0.0416571811199342,-0.2969972674645532,2.1955944397119063,-0.795889633191597,0.6193366300785217,0.28,0.44,0.485,0.53,0.815,0.0
153.0,0.9683544303797468,158.0,0.9813664596273292,161.0,1.00625,160.0,1.0126582278481011,165.0,1.0185185185185186,162.0,1.528301886792453,106.0,0.5921787709497207,179.0,1.2013422818791946,227.0,-0.2970610923652842,0.168791718104272,112.0,115.0,-0.1745755211145494,-0.5053473373469165,1.0028743880439506,-0.5242775008597215,-0.3843004801944,0.33,0.47,0.495,0.52,0.68,0.0
144.0,0.9863013698630136,146.0,1.0138888888888888,144.0,1.0359712230215827,139.0,0.9928571428571428,142.0,1.0142857142857142,140.0,0.9790209790209792,143.0,1.0070422535211268,142.0,0.9659863945578232,201.0,-0.2431077118884183,0.2567511680292216,102.0,99.0,-0.0609579100589397,-0.3016718593006362,1.184885974244002,-0.5097265595293119,-0.2606350584250105,0.35,0.47,0.505,0.58,0.845,0.0
108.0,0.9818181818181818,110.0,0.9649122807017544,114.0,1.0178571428571428,112.0,1.018181818181818,113.0,1.0462962962962963,108.0,0.9908256880733946,109.0,0.990909090909091,110.0,0.9821428571428572,156.0,0.0642097508865407,0.4557666097656544,77.0,79.0,0.1060979665930608,-0.3462657861340404,2.0094372287457896,-0.8093051837141791,0.4436850932654724,0.33,0.46,0.5,0.535,0.755,0.0
158.0,1.0193548387096774,155.0,0.9281437125748504,167.0,1.0121212121212122,165.0,1.03125,,0.9873417721518988,158.0,1.0128205128205128,156.0,1.0758620689655172,145.0,1.0,216.0,-0.3026990443179894,0.178435525629396,107.0,109.0,-0.2047114933091314,-0.4971169744576952,1.0411110506575976,-0.3866330854643868,-0.2430601537361994,0.365,0.47,0.495,0.52,0.815,0.0
148.0,1.0206896551724138,145.0,1.0,145.0,1.0069444444444444,144.0,1.0140845070422535,142.0,1.0142857142857142,140.0,1.0,140.0,0.9523809523809524,147.0,1.013793103448276,203.0,-0.2135641917975222,0.2759231017141789,104.0,99.0,-0.1009530019089122,-0.2863755882547547,1.3047574941428484,-0.4872110552763818,-0.1602587223525322,0.345,0.475,0.515,0.59,0.76,0.0
141.0,1.0071428571428571,140.0,1.0218978102189782,137.0,1.6506024096385543,83.0,0.4256410256410256,141.0,1.0,141.0,1.014388489208633,139.0,0.9586206896551724,145.0,0.9797297297297296,197.0,-0.2392798736740614,0.2592692116738436,99.0,98.0,-0.0960342927032455,-0.3082884159325925,1.1880387337295697,-0.5200521052498761,-0.2167286423254823,0.345,0.47,0.5,0.575,0.81,0.0
156.0,0.951219512195122,164.0,0.9010989010989012,182.0,0.9528795811518324,191.0,1.0380434782608696,189.0,1.05,180.0,1.0227272727272727,176.0,1.0,176.0,1.0057142857142858,268.0,-0.2790520967383499,0.2783330651274598,136.0,132.0,-0.3068292071804754,-0.5796922258580623,1.8725360534124988,-0.5447775733676795,-0.2404571233952782,0.395,0.485,0.51,0.53,0.67,0.0
163.0,1.0316455696202531,158.0,1.0063694267515924,157.0,0.9127906976744186,172.0,1.0424242424242425,164.0,0.9879518072289156,166.0,1.0,166.0,1.031055900621118,161.0,1.018987341772152,230.0,-0.2580040748005381,0.1424164462548188,116.0,114.0,-0.1352928318406168,-0.4376029197106884,0.9542407409077682,-0.3566339280638991,-0.219151028869122,0.385,0.485,0.505,0.525,0.82,0.0
222.0,1.0,222.0,1.009090909090909,220.0,0.9734513274336284,226.0,2.3789473684210525,112.0,0.509090909090909,220.0,2.391304347826087,92.0,0.7022900763358778,131.0,1.190909090909091,158.0,-0.47120879721148,0.5164436540125378,80.0,78.0,-0.3950290820120969,-0.8435859066928407,1.7318770455888903,-1.3473000499605046,-0.1908480206848147,0.32,0.475,0.51,0.56,0.815,0.0
173.0,0.9942528735632185,174.0,1.029585798816568,169.0,1.0696202531645569,158.0,0.9575757575757576,162.0,1.0125,160.0,0.9467455621301776,169.0,0.9941176470588236,170.0,0.9826589595375722,231.0,-0.2280106133856143,0.2661313295990113,118.0,113.0,-0.2641548614715279,-0.5670025282387894,1.6722876667651756,-0.4928021200035791,-0.1716466381408325,0.34,0.485,0.515,0.535,0.69,0.0
139.0,0.9788732394366196,142.0,0.9726027397260274,146.0,0.9605263157894736,152.0,1.034013605442177,144.0,0.9795918367346939,147.0,1.0068493150684932,146.0,0.9864864864864864,148.0,1.0277777777777777,196.0,-0.610741945456038,0.2062880884443191,96.0,100.0,-0.5013652606902292,-0.6723696175129671,0.7125969331589923,-0.8373502929381402,-0.5404466646755605,0.34,0.465,0.495,0.565,0.755,0.0
168.0,1.018181818181818,165.0,0.9649122807017544,171.0,0.9661016949152542,177.0,0.9725274725274724,183.0,0.9945652173913043,184.0,1.0454545454545454,176.0,1.035294117647059,170.0,0.9883720930232558,250.0,-0.2831300964302386,0.2591693651849041,122.0,128.0,-0.3153532157717686,-0.5547680094989228,1.6098391168271051,-0.5300184645119611,-0.1895215407182879,0.375,0.47,0.495,0.515,0.675,0.0
163.0,0.9819277108433736,166.0,0.988095238095238,168.0,1.0120481927710845,166.0,1.064102564102564,161.0,1.0254777070063694,157.0,1.2764227642276422,123.0,0.6721311475409836,183.0,1.1730769230769231,223.0,-0.4219781459152771,0.1434829626406308,111.0,112.0,-0.3123259710133505,-0.649447495708859,0.7244385245865259,-0.5584586667608893,-0.4168181299061096,0.335,0.48,0.5,0.52,0.87,0.0
166.0,1.0375,160.0,1.0526315789473684,152.0,0.9806451612903224,155.0,1.0264900662251657,152.0,0.9559748427672956,159.0,1.0063291139240509,158.0,0.9813664596273292,161.0,0.9757575757575756,218.0,-0.2896655682768177,0.1440569192729389,112.0,106.0,-0.153716446044701,-0.5074924592371651,0.8863680732732442,-0.3736955120447908,-0.279996498800719,0.39,0.495,0.515,0.535,0.81,0.0
166.0,1.070967741935484,155.0,1.0402684563758389,149.0,0.9933333333333332,150.0,0.967741935483871,150.0,1.0067114093959733,149.0,0.93125,160.0,1.0256410256410255,156.0,0.951219512195122,214.0,-0.271298636082853,0.2107236426510966,109.0,105.0,-0.1500736809040031,-0.5121685593300533,1.2627077020078088,-0.3414984729077117,-0.2602951341302176,0.355,0.485,0.515,0.54,0.845,0.0
113.0,1.0462962962962965,108.0,0.9908256880733946,109.0,1.0186915887850467,107.0,0.9727272727272728,110.0,0.990990990990991,111.0,1.009090909090909,110.0,0.990990990990991,111.0,0.9910714285714286,156.0,-0.0847516752915126,0.4865446999932551,79.0,77.0,0.0776820301183681,-0.3807757336520348,2.1412315087528047,-1.0600791270370336,0.3514784480930482,0.33,0.465,0.505,0.55,0.85,0.0
184.0,1.0823529411764703,170.0,1.0240963855421688,166.0,0.976470588235294,170.0,1.011904761904762,163.0,0.9367816091954023,174.0,0.956043956043956,182.0,1.0224719101123596,178.0,0.9518716577540108,225.0,-0.2903644070565267,0.2668552588295705,111.0,114.0,-0.3282141500805632,-0.5557978678118185,1.766916927321398,-0.6021353616007458,-0.2305363660013862,0.38,0.475,0.495,0.515,0.67,0.0
185.0,1.0277777777777777,180.0,1.0344827586206895,174.0,0.9720670391061452,179.0,0.9835164835164836,175.0,0.9562841530054644,183.0,1.0280898876404494,178.0,0.9834254143646408,181.0,1.011173184357542,239.0,-0.2132113021081441,0.2338303489824834,117.0,122.0,-0.2564937742594992,-0.4780813770431068,1.5108613671248592,-0.4932084648765633,-0.0028701392910945,0.395,0.47,0.495,0.515,0.68,0.0
140.0,0.9395973154362416,149.0,0.9933333333333332,150.0,1.0135135135135136,148.0,1.0,150.0,1.0135135135135136,148.0,1.0206896551724138,145.0,1.0211267605633805,142.0,1.0,208.0,-0.16296784055032,0.2550656873177918,103.0,105.0,-0.0387927641897225,-0.2301185400211215,1.2824993660336703,-0.4005700976086965,-0.1365624073690574,0.34,0.46,0.495,0.57,0.825,0.0
180.0,1.1042944785276074,163.0,2.08974358974359,78.0,0.8210526315789474,95.0,0.3356890459363957,147.0,1.0068493150684932,146.0,0.906832298136646,161.0,1.0,161.0,0.9938271604938272,210.0,-0.1721302514230001,0.2481428708050524,108.0,102.0,0.0561333623124914,-0.2146779295259006,1.3828063849689205,-0.3145753581603543,0.1207869114675209,0.48,0.455,0.515,0.6,0.545,0.0
164.0,0.9879518072289156,166.0,1.0246913580246917,162.0,0.9818181818181818,165.0,1.03125,160.0,1.019108280254777,157.0,1.0,157.0,0.9751552795031057,161.0,1.0125786163522013,226.0,-0.3062874492025266,0.1465562715299451,114.0,112.0,-0.1757887505709378,-0.5139988913887907,0.8646598849890104,-0.3948922798813487,-0.2635436989410529,0.345,0.485,0.51,0.53,0.87,0.0
110.0,0.5092592592592593,216.0,0.9773755656108596,221.0,0.9954954954954957,222.0,1.023041474654378,110.0,0.9734513274336283,113.0,0.5067264573991032,223.0,1.0372093023255815,215.0,0.9817351598173516,228.0,-0.3348589733242189,0.523027867119998,151.0,77.0,0.041685095462396,-0.4953243142473499,2.0801185367497665,-1.08131986136448,-0.115529930808397,0.425,0.625,0.66,0.695,0.855,0.0
164.0,1.0061349693251531,163.0,0.9588235294117649,170.0,1.0493827160493827,162.0,1.018867924528302,164.0,1.0186335403726707,161.0,1.0125786163522013,159.0,1.0063291139240509,158.0,1.0193548387096774,230.0,-0.340687824785593,0.1502576490454778,116.0,114.0,-0.2354111606207069,-0.5378620170220273,0.9106078313813394,-0.4528225078115878,-0.3419674092338541,0.395,0.485,0.505,0.525,0.87,0.0
214.0,0.9771689497716894,219.0,1.0186046511627906,215.0,1.936936936936937,111.0,1.0,217.0,0.9954128440366973,218.0,1.963963963963964,111.0,0.9736842105263158,114.0,0.5205479452054794,302.0,-0.3239270765559833,0.6449461826319038,151.0,151.0,1.621122634603486,-0.358186898823317,2.355300852105575,-0.9382252075946907,-0.6605134307106312,0.135,0.12,0.145,0.215,0.17,0.0
108.0,0.972972972972973,111.0,1.1935483870967742,93.0,0.7045454545454546,132.0,1.2222222222222223,112.0,1.0275229357798166,109.0,1.0092592592592593,108.0,1.0,108.0,0.9642857142857144,153.0,-0.1577987579776905,0.4679330431779201,75.0,78.0,-0.1850315241536475,-0.3920674131448086,2.139257931161096,-0.8956637726419576,0.4086859876981191,0.3,0.45,0.495,0.54,0.82,0.0
174.0,1.029585798816568,169.0,1.0242424242424242,165.0,0.9428571428571428,175.0,0.9615384615384616,168.0,0.9180327868852459,183.0,1.0338983050847457,177.0,1.0411764705882354,170.0,0.9826589595375722,231.0,-0.2970923859566268,0.2647085826098824,114.0,117.0,-0.2835032298910975,-0.6062857387944748,1.6546319359952062,-0.5216982857714311,-0.1896061522940078,0.35,0.475,0.5,0.52,0.68,0.0
139.0,0.9858156028368794,141.0,0.9929577464788732,142.0,0.9861111111111112,144.0,0.979591836734694,142.0,1.0,142.0,0.9403973509933776,151.0,1.0066666666666666,150.0,1.0067114093959733,196.0,-0.2042741245269209,0.2557552938471613,97.0,99.0,-0.0875449502996429,-0.270577734912866,1.2561690450456446,-0.4662028115104848,-0.0880041900699479,0.34,0.465,0.495,0.57,0.78,0.0
155.0,1.0472972972972974,148.0,0.961038961038961,154.0,1.2622950819672132,122.0,0.5951219512195122,160.0,0.9815950920245399,163.0,0.9939024390243902,164.0,0.9761904761904762,168.0,1.030674846625767,225.0,-0.2500865747463035,0.153643541198157,113.0,112.0,-0.1462006824723496,-0.4762517833538485,1.0222416943904664,-0.3322069552131918,-0.1912864693717319,0.35,0.48,0.505,0.525,0.81,0.0
150.0,0.9803921568627452,153.0,1.9870129870129871,77.0,0.2927756653992395,263.0,1.5290697674418603,157.0,0.9691358024691358,162.0,0.9204545454545454,176.0,1.1282051282051282,156.0,1.1063829787234043,216.0,-0.3358820923236202,0.3980110662995035,107.0,109.0,-0.2676539435689004,-0.3438331633826946,1.922975487610519,-0.5270314797205409,0.0995031782081168,0.365,0.44,0.5,0.605,0.53,0.0
156.0,0.9629629629629628,162.0,1.0,162.0,1.0062111801242235,161.0,0.9698795180722892,163.0,0.9819277108433735,166.0,1.0375,160.0,1.0,160.0,1.0526315789473684,227.0,-0.2727989396055916,0.2148312224680807,113.0,114.0,-0.1331145293385584,-0.5003410964872494,1.1346333421137154,-0.3730955088921963,-0.2919927307245914,0.37,0.465,0.5,0.525,0.855,0.0
132.0,1.2222222222222223,108.0,1.018867924528302,106.0,0.9814814814814816,108.0,0.9391304347826088,99.0,0.8114754098360656,122.0,1.0608695652173914,115.0,1.036036036036036,111.0,0.5634517766497462,218.0,-0.2531897475144766,0.6248943773780853,149.0,69.0,1.5083844439091696,-0.6248769382690263,2.394339925881514,-0.7878169534141808,-0.7009253816772462,0.18,0.16,0.19,0.225,0.23,0.0
141.0,0.9657534246575342,146.0,0.948051948051948,154.0,1.0,154.0,0.9685534591194968,168.0,0.9710982658959537,173.0,1.0421686746987953,166.0,0.9651162790697676,172.0,1.8494623655913975,285.0,-0.2413395088509122,0.3543587696361421,168.0,117.0,-0.2301248778039207,-0.2920531705276649,2.0192171986840166,-0.4680878867560797,0.3425754538732872,0.455,0.555,0.595,0.665,0.61,0.0
177.0,0.9833333333333332,180.0,1.0227272727272727,176.0,0.9887640449438202,178.0,1.0470588235294118,167.0,0.9940476190476191,168.0,0.9824561403508772,171.0,1.0118343195266273,169.0,0.9825581395348836,240.0,-0.1395360057036814,0.2333294460988231,124.0,116.0,-0.1166126999550732,-0.3930709385007868,1.554708941719378,-0.3804110850573907,0.0166215150176148,0.37,0.495,0.52,0.54,0.7,0.0
145.0,1.0283687943262412,141.0,1.014388489208633,139.0,1.0296296296296297,135.0,0.9507042253521126,140.0,1.0,140.0,1.0144927536231885,138.0,0.9787234042553192,141.0,0.9791666666666666,198.0,-0.2903565490424669,0.2736005577699574,100.0,98.0,-0.0542739287599014,-0.4687517770566183,1.1394042389201853,-0.6579764260181419,-0.1947142454937654,0.35,0.475,0.505,0.58,0.75,0.0
167.0,1.0372670807453417,161.0,1.00625,160.0,0.98159509202454,163.0,1.0061728395061729,156.0,0.9873417721518988,158.0,0.9461077844311376,167.0,1.2748091603053435,131.0,0.6616161616161617,221.0,-0.3543171386537171,0.1523627043051445,112.0,109.0,-0.2585279562070632,-0.6140204913240899,0.8904179291681283,-0.4600029323935892,-0.3126569472109913,0.355,0.485,0.51,0.53,0.86,0.0
166.0,1.0573248407643312,157.0,1.9873417721518989,79.0,0.2958801498127341,267.0,1.5344827586206895,153.0,0.9745222929936306,157.0,0.9874213836477987,159.0,1.0,159.0,0.9636363636363636,209.0,-0.0745405389302487,0.3396661076036908,102.0,107.0,0.3862849526953196,-0.1240100887559979,1.9210341378216944,0.2059204014429909,0.2059204014429909,0.46,0.44,0.49,0.525,0.525,0.0
178.0,1.0289017341040465,173.0,1.0,173.0,1.005813953488372,172.0,1.0,168.0,0.9882352941176471,170.0,1.0493827160493827,162.0,0.9759036144578314,166.0,0.9222222222222224,238.0,-0.2390372403596251,0.2777214819811282,121.0,117.0,-0.2260647506329488,-0.5660731714623248,1.745355757622578,-0.5004779857975977,-0.2125193392213537,0.35,0.485,0.51,0.535,0.69,0.0
173.0,1.035928143712575,167.0,0.9542857142857144,175.0,0.9562841530054644,183.0,0.9945652173913044,179.0,0.9675675675675676,185.0,1.0571428571428572,175.0,1.0416666666666667,168.0,0.9491525423728814,243.0,-0.2541820706665512,0.266296834604936,118.0,125.0,-0.2705048481106519,-0.5017801239402974,1.8077300654324773,-0.5378249585098211,0.0217017091823404,0.355,0.465,0.485,0.505,0.705,0.0
140.0,1.0,140.0,0.9395973154362416,149.0,0.9738562091503268,153.0,1.0337837837837838,145.0,0.9797297297297297,148.0,0.9736842105263158,152.0,1.0066225165562914,151.0,1.0633802816901408,196.0,-0.1939170259443381,0.2652483211601387,95.0,101.0,-0.0651160460428673,-0.286498645671452,1.2534324584900638,-0.4691249874462208,0.8924624349918329,0.325,0.45,0.48,0.565,0.495,0.0
191.0,1.0494505494505495,182.0,1.058139534883721,172.0,0.9662921348314608,178.0,0.9518716577540108,176.0,0.946236559139785,186.0,1.0163934426229508,183.0,1.0397727272727273,176.0,1.0,241.0,-0.2988437375510803,0.2304990792825871,118.0,123.0,-0.3183636956850493,-0.531646581711615,1.4006357355646593,-0.5759219386407713,-0.1750269551292475,0.34,0.47,0.49,0.515,0.665,0.0
158.0,0.9753086419753086,162.0,0.9878048780487804,164.0,1.0123456790123455,162.0,1.051948051948052,161.0,1.0454545454545454,154.0,0.9935483870967742,155.0,1.0064935064935066,154.0,1.013157894736842,226.0,-0.2470920722840442,0.1732519683327319,114.0,112.0,-0.1387559615194248,-0.4540706576248677,1.131226836333604,-0.3324848050245516,-0.204921412407185,0.38,0.485,0.505,0.53,0.815,0.0
163.0,1.0794701986754969,151.0,0.993421052631579,152.0,0.95,160.0,0.9523809523809524,148.0,1.0422535211267605,142.0,0.9793103448275862,145.0,0.9602649006622516,151.0,1.0633802816901408,206.0,-0.2711340251770066,0.1744279987614286,103.0,103.0,-0.0949810647870784,-0.5146702479707382,0.922192939701388,-0.4200246266092974,-0.3277810329309023,0.35,0.475,0.5,0.52,0.87,0.0
154.0,0.9685534591194968,159.0,0.9754601226993864,163.0,0.9588235294117649,170.0,1.0240963855421688,167.0,1.0121212121212122,165.0,1.03125,160.0,1.0596026490066226,151.0,0.9805194805194806,224.0,-0.3662808195225988,0.1448132372739423,108.0,116.0,-0.2743142148179839,-0.587675521240332,0.7872927116345811,-0.5252426489813905,-0.3431331585442969,0.355,0.46,0.48,0.5,0.815,0.0
143.0,0.9662162162162162,148.0,1.0068027210884354,147.0,0.9865771812080536,149.0,1.0642857142857145,145.0,0.9863945578231292,147.0,1.013793103448276,145.0,1.0211267605633805,142.0,1.8205128205128205,206.0,-0.2253170675666261,0.2621499603844417,105.0,101.0,-0.0107643466828635,-0.3350678093675738,1.225692011221828,-0.5131075260354183,-0.2419977664128643,0.365,0.475,0.51,0.585,0.75,0.0
108.0,0.972972972972973,111.0,0.9736842105263158,114.0,0.991304347826087,115.0,1.055045871559633,111.0,1.0,111.0,1.0277777777777777,108.0,0.9818181818181818,110.0,0.990990990990991,157.0,-0.4887610762065629,0.4649432644316905,80.0,77.0,-0.5638461901106951,-0.7824279866535656,1.8436361089008892,-1.4055733636317251,-0.242601517701256,0.32,0.475,0.515,0.555,0.875,0.0
185.0,0.9113300492610836,203.0,1.041025641025641,195.0,1.089385474860335,179.0,1.0112994350282485,170.0,0.9826589595375722,173.0,0.9664804469273744,179.0,0.988950276243094,181.0,1.0,243.0,-0.1431843504529553,0.219255847035579,125.0,118.0,-0.1513741829740614,-0.3316400307407682,1.4490283314587669,-0.3911710031294827,0.1134716815938968,0.365,0.495,0.515,0.54,0.715,0.0
114.0,1.0363636363636364,110.0,0.9821428571428572,112.0,1.037037037037037,108.0,0.9908256880733946,107.0,0.981651376146789,109.0,0.990909090909091,110.0,1.0091743119266054,109.0,0.990909090909091,154.0,-0.0816844621830096,0.4842404111720777,80.0,74.0,-0.1233134177807223,-0.3926511611173102,2.394239343560228,-0.8653441677602185,0.3701362050746696,0.32,0.48,0.52,0.57,0.845,0.0
148.0,1.0136986301369864,146.0,1.0735294117647058,136.0,1.0225563909774436,133.0,1.023076923076923,137.0,1.0458015267175573,131.0,1.048,125.0,0.984251968503937,127.0,0.9477611940298508,191.0,-0.0259247732632343,0.2672906021609829,96.0,95.0,0.0411692545462741,-0.2294436573317665,1.292757804788993,-0.3923263681670175,0.3730311886877387,0.35,0.46,0.51,0.535,0.745,0.0
115.0,1.0087719298245614,114.0,1.0555555555555556,108.0,0.9391304347826088,115.0,0.5275229357798165,109.0,0.9646017699115044,113.0,1.0,113.0,1.036697247706422,109.0,1.1473684210526316,150.0,-0.4076056048989738,0.5709925036451957,74.0,76.0,-0.3305834854518059,-0.5957457563015717,1.9937880544091748,-1.1932731178065203,0.2189761429163641,0.29,0.455,0.495,0.535,0.875,0.0
137.0,0.958041958041958,143.0,0.9930555555555556,144.0,0.9536423841059604,151.0,1.0,141.0,0.9463087248322147,149.0,1.0,149.0,0.9933333333333332,150.0,1.0,196.0,-0.174203338344204,0.3107116830750515,98.0,98.0,-0.1231835385210435,0.0789162211279005,1.5698760848174984,-0.2972370418711138,-0.1931082743541601,0.42,0.47,0.5,0.565,0.825,0.0
169.0,0.9941176470588236,170.0,0.9826589595375722,173.0,1.1019108280254777,157.0,1.097902097902098,158.0,0.9875,160.0,1.0256410256410255,156.0,0.981132075471698,159.0,1.606060606060606,228.0,-0.2292725579304997,0.3704003641499402,118.0,110.0,-0.1478864712862709,-0.2179684102756106,1.7910786413209276,-0.4566719454390259,0.1815032191482215,0.36,0.47,0.525,0.615,0.555,0.0
147.0,0.98,150.0,1.0135135135135136,148.0,0.961038961038961,154.0,1.0335570469798658,154.0,1.0335570469798658,149.0,1.041958041958042,143.0,0.986206896551724,145.0,1.013986013986014,209.0,-0.2345379416915254,0.2558305211589953,102.0,107.0,-0.1043799012704719,-0.351736627175194,1.1906714111296657,-0.37156397309668,-0.2014059361806565,0.335,0.455,0.485,0.54,0.74,0.0
137.0,0.9319727891156464,147.0,0.9932432432432432,148.0,0.9932885906040269,149.0,1.0067567567567568,144.0,0.96,150.0,0.9803921568627452,153.0,1.0551724137931036,145.0,1.013986013986014,198.0,-0.280674739019396,0.274130862884976,98.0,100.0,-0.143213947397871,-0.3387214225907086,1.220706563951748,-0.5729936205114273,-0.2487328761466487,0.33,0.455,0.495,0.575,0.795,0.0
135.0,0.9854014598540146,137.0,0.9647887323943662,142.0,0.9594594594594594,148.0,1.064748201438849,145.0,1.0357142857142858,140.0,1.037037037037037,135.0,0.9782608695652174,138.0,1.0454545454545454,197.0,-0.0462900433731037,0.2734962324649657,96.0,101.0,0.0400324220670559,-0.2416447498450811,1.270060915787289,-0.6189479812221317,0.3255744922678253,0.325,0.45,0.49,0.54,0.725,0.0
115.0,1.055045871559633,109.0,0.990909090909091,110.0,1.02803738317757,107.0,0.9553571428571428,109.0,0.9732142857142857,112.0,1.0275229357798166,109.0,1.0186915887850467,107.0,0.9553571428571428,155.0,-0.2277252695701703,0.4964320119541321,79.0,76.0,-0.2042680234763749,-0.5860716918720106,1.9722227998882975,-1.1684861760189376,0.3366630992750103,0.32,0.47,0.51,0.56,0.86,0.0
169.0,0.9825581395348836,172.0,1.0238095238095235,168.0,0.9491525423728814,177.0,1.0411764705882354,170.0,1.0179640718562875,167.0,1.050314465408805,159.0,1.0127388535031847,157.0,0.9874213836477987,238.0,-0.2272647083785606,0.2623636751551688,120.0,118.0,-0.235013464379857,-0.5016702735329988,1.685734426943606,-0.3874866101035497,-0.1757432401977615,0.365,0.485,0.505,0.53,0.68,0.0
155.0,1.0264900662251657,151.0,0.9741935483870968,155.0,1.0064935064935066,154.0,1.013157894736842,142.0,0.9726027397260274,146.0,1.0,146.0,0.9864864864864864,148.0,0.9367088607594936,197.0,-0.365833917228729,0.1988765751625048,98.0,99.0,-0.3341813129215482,-0.6003162902252728,0.9516588388333316,-0.690986522343236,-0.2480150753768845,0.36,0.47,0.5,0.525,0.795,0.0
172.0,1.0238095238095235,168.0,0.9882352941176472,170.0,0.9497206703910616,179.0,0.9675675675675676,179.0,0.9728260869565217,184.0,1.0337078651685394,178.0,1.0532544378698223,169.0,0.9657142857142856,246.0,-0.2653067479036122,0.2707392067063821,121.0,125.0,-0.2653819414704728,-0.550297841923833,1.7550380437434627,-0.3897523397529072,-0.1170858377890185,0.345,0.47,0.49,0.515,0.67,0.0
119.0,0.5920398009950248,201.0,1.1964285714285714,168.0,1.05,160.0,1.0256410256410255,158.0,0.9937106918238994,159.0,1.0192307692307692,156.0,1.0,156.0,0.9397590361445785,227.0,-0.2997499849682395,0.1788661257248747,117.0,110.0,-0.1910700491887407,-0.544834696004111,1.1232504451782133,-0.383500628273303,-0.223839202673154,0.39,0.495,0.52,0.54,0.885,0.0
179.0,1.0346820809248556,173.0,1.035928143712575,167.0,0.9709302325581396,172.0,0.9148936170212766,180.0,0.9574468085106383,188.0,1.010752688172043,186.0,1.0163934426229508,183.0,1.0338983050847457,245.0,-0.2205728268089716,0.2254639142600214,120.0,125.0,-0.2566371118450358,-0.4596729926399686,1.4399606595842682,-0.5440481686127995,-0.0844811617017869,0.39,0.47,0.495,0.515,0.67,0.0
186.0,0.9738219895287958,191.0,1.0105820105820107,189.0,1.0441988950276244,181.0,1.0342857142857145,178.0,1.04093567251462,171.0,0.9395604395604396,182.0,0.978494623655914,186.0,0.9946524064171124,250.0,-0.2991874012840454,0.2351452063357324,126.0,124.0,-0.3348581523723827,-0.5191088295352069,1.5049287581088362,-0.6291104321407841,-0.216151324397101,0.405,0.485,0.505,0.525,0.68,0.0
175.0,1.0294117647058822,170.0,1.0303030303030305,165.0,0.9482758620689656,174.0,1.0481927710843373,164.0,1.0123456790123457,162.0,1.0318471337579618,157.0,1.0328947368421053,152.0,0.95,231.0,-0.2187412644912004,0.2603700514240344,117.0,114.0,-0.2554204015054543,-0.5275665583775112,1.7034071722028368,-0.4229468257852408,-0.1967133203336727,0.395,0.485,0.51,0.53,0.68,0.0
151.0,0.967948717948718,156.0,0.975,160.0,1.019108280254777,157.0,0.9631901840490796,164.0,1.0379746835443038,158.0,0.9461077844311376,167.0,0.9653179190751444,173.0,1.0880503144654088,227.0,-0.3099089385101556,0.1725210291645861,113.0,114.0,-0.1690866402679251,-0.4862279424256338,0.9549705718351452,-0.4568944627318174,-0.2982989461097455,0.37,0.47,0.5,0.52,0.85,0.0
142.0,0.9726027397260274,146.0,0.9605263157894736,152.0,1.0,152.0,1.0410958904109588,147.0,0.98,150.0,1.851851851851852,81.0,0.3838862559241706,211.0,1.4859154929577465,202.0,-0.2239155746014977,0.253863024114018,100.0,102.0,-0.1012837796681254,-0.3031308426176587,1.2190830171667444,-0.5106302460849209,-0.2344633009945713,0.335,0.465,0.495,0.57,0.815,0.0
145.0,1.686046511627907,86.0,0.4215686274509804,204.0,1.3421052631578947,152.0,1.027027027027027,153.0,1.0408163265306123,147.0,1.0,147.0,1.0208333333333333,144.0,1.0140845070422535,207.0,-0.2374291044594375,0.2660689212427478,100.0,107.0,-0.0411501554756563,-0.3123495087863217,1.2071771087410097,-0.5470785385676483,-0.2559772965589255,0.325,0.45,0.485,0.56,0.74,0.0
160.0,0.9195402298850576,174.0,0.9666666666666668,180.0,1.0285714285714285,175.0,0.9887005649717514,177.0,1.0,177.0,1.0290697674418603,172.0,0.9828571428571428,175.0,1.0294117647058822,250.0,-0.2452284989467759,0.2511987646574843,127.0,123.0,-0.2813545327708577,-0.5153447835307942,1.6093850037540798,-0.4996394248214569,-0.0891513216560685,0.4,0.485,0.51,0.53,0.7,0.0
133.0,1.0390625,128.0,0.962406015037594,133.0,0.93006993006993,143.0,1.0437956204379562,130.0,0.9420289855072463,138.0,1.0,138.0,0.9857142857142858,140.0,0.9722222222222222,180.0,-0.1380952059699272,0.2889204694464711,89.0,91.0,-0.0908056947200201,-0.2968302057735126,1.2976677411622493,-0.5357236801683959,0.3078533015275434,0.34,0.46,0.5,0.53,0.735,0.0
160.0,1.0810810810810811,148.0,0.8457142857142858,175.0,1.0355029585798816,169.0,1.4201680672268908,169.0,1.005952380952381,168.0,1.0120481927710845,166.0,1.0246913580246917,162.0,1.0,234.0,-0.2912411993384126,0.1546878573341558,116.0,118.0,-0.1755849305315461,-0.4669054709162861,1.0075493032133591,-0.3711417818199548,-0.292626339547843,0.38,0.48,0.5,0.52,0.795,0.0
181.0,1.0055555555555555,180.0,0.994475138121547,181.0,1.0168539325842696,178.0,1.04093567251462,171.0,1.0301204819277108,166.0,0.9378531073446328,177.0,0.9833333333333332,180.0,1.0227272727272727,242.0,-0.2252742653959447,0.2515460847093009,123.0,119.0,-0.26233602492438,-0.476374917863946,1.5622769606275535,-0.5246228670414967,-0.0957693000592942,0.405,0.49,0.51,0.535,0.69,0.0
145.0,1.0,145.0,1.0069444444444444,144.0,1.0140845070422535,142.0,1.0070921985815602,140.0,1.0,140.0,0.9523809523809524,147.0,1.013793103448276,145.0,0.9931506849315068,197.0,-0.2493915269639663,0.2699567781664965,99.0,98.0,-0.1489015345975809,-0.305377551333885,1.2622521991001046,-0.4805117223452504,-0.187422257614013,0.34,0.47,0.505,0.575,0.76,0.0
190.0,1.0614525139664803,179.0,1.0170454545454546,176.0,1.011494252873563,174.0,0.9830508474576272,172.0,0.9717514124293786,177.0,1.0,177.0,0.9833333333333332,180.0,0.9523809523809524,238.0,-0.1764976339031171,0.2623013630950577,118.0,120.0,-0.2104518846073981,-0.4855201588289149,1.8185625813422184,-0.4272615918744968,-0.0249148915627416,0.385,0.475,0.5,0.52,0.685,0.0
164.0,1.0379746835443038,158.0,1.0128205128205128,156.0,0.975,160.0,0.963855421686747,157.0,0.9691358024691358,162.0,0.9529411764705882,170.0,1.0059171597633136,169.0,0.9941176470588236,220.0,-0.2830845201560402,0.1708579933976308,111.0,109.0,-0.216955404753103,-0.479943558048482,1.059396415496032,-0.3389698976726751,-0.2142117896376843,0.37,0.485,0.505,0.53,0.855,0.0
157.0,0.9515151515151516,,1.0060975609756098,164.0,0.970414201183432,169.0,1.0696202531645569,163.0,1.0061728395061729,162.0,1.0253164556962024,158.0,1.0193548387096774,155.0,1.0,226.0,-0.3012546865223723,0.1635994516529855,112.0,114.0,-0.1915503909911153,-0.4542962159261504,0.9169991508896184,-0.5050172564185627,-0.2774858627592962,0.375,0.475,0.495,0.52,0.805,0.0
151.0,0.9741935483870968,155.0,1.597938144329897,97.0,0.4163090128755364,233.0,1.3546511627906976,165.0,1.0,165.0,0.9428571428571428,175.0,1.0416666666666667,168.0,1.105263157894737,227.0,-0.2237512846204419,0.4023330300587404,112.0,115.0,-0.1443013081112467,-0.2228609177491314,1.919476099854437,-0.4823957399253757,0.3871270352581849,0.335,0.44,0.5,0.62,0.525,0.0
265.0,1.7320261437908495,153.0,1.02,150.0,0.9036144578313252,166.0,1.006060606060606,153.0,1.9870129870129871,77.0,0.2927756653992395,263.0,1.5290697674418603,172.0,1.011764705882353,212.0,-0.3139422754844478,0.3723214300974439,105.0,107.0,-0.2915893846947257,-0.3398316847104887,1.7691724852654165,-0.4989074688250085,0.1336071164327265,0.32,0.445,0.5,0.6,0.53,0.0
113.0,1.4303797468354431,79.0,1.082191780821918,73.0,0.4124293785310734,177.0,1.5258620689655171,113.0,1.0,113.0,1.0089285714285714,112.0,1.0666666666666669,105.0,0.945945945945946,156.0,0.2485467561954191,0.5181708054484495,77.0,79.0,0.2348520492085627,-0.1333009548462394,2.532181415382432,-0.5991763175220234,0.9148714719590814,0.305,0.455,0.495,0.54,0.86,0.0
110.0,1.0,110.0,1.02803738317757,107.0,0.9907407407407408,108.0,1.0,111.0,1.0471698113207548,106.0,0.9814814814814816,108.0,0.9473684210526316,114.0,0.9743589743589745,154.0,0.0022392735065371,0.5177135816273133,77.0,77.0,0.3727121943565576,-0.2679259297060044,1.8864735693107235,-1.0118797468430143,0.1954378676340784,0.345,0.465,0.5,0.545,0.815,0.0
168.0,1.0,168.0,1.05,160.0,1.019108280254777,157.0,1.0064102564102564,158.0,1.0063694267515924,157.0,1.0328947368421053,152.0,0.9212121212121211,165.0,1.0,228.0,-0.2651077538516685,0.1692468530641917,118.0,110.0,-0.121820653107574,-0.4574238902052903,1.0518613436246962,-0.3872154116674685,-0.2093714656201183,0.395,0.495,0.515,0.535,0.86,0.0
183.0,1.076470588235294,170.0,1.0240963855421688,166.0,0.9707602339181286,171.0,0.9447513812154696,162.0,0.9257142857142857,175.0,0.9562841530054644,183.0,1.0338983050847457,177.0,1.0,227.0,-0.2313640654871532,0.2523938147821506,114.0,113.0,-0.2384467418104287,-0.5222074748962544,1.6001914566734152,-0.4621798383821263,-0.1471264816900658,0.355,0.48,0.505,0.525,0.675,0.0
151.0,0.9741935483870968,155.0,1.0064935064935066,154.0,1.013157894736842,152.0,0.9559748427672956,146.0,1.0,146.0,0.9864864864864864,148.0,0.9367088607594936,158.0,1.025974025974026,201.0,-0.0939133395107682,0.2383127321671173,99.0,102.0,0.1004097901298877,-0.2435765355576062,1.4691915192780396,-0.3893633597011152,0.1249963086425532,0.38,0.465,0.495,0.52,0.755,0.0
152.0,0.9559748427672956,159.0,1.0063291139240509,158.0,0.9813664596273292,161.0,0.9757575757575756,166.0,0.9940119760479041,167.0,1.030864197530864,162.0,0.9759036144578314,166.0,1.01840490797546,225.0,-0.3730040887404772,0.1485470624053894,109.0,116.0,-0.2790121228195917,-0.5294110062134174,0.8506398524737718,-0.4760358336616743,-0.2958412465053154,0.32,0.465,0.485,0.505,0.82,0.0
242.0,1.6133333333333333,150.0,0.9803921568627452,153.0,1.9870129870129871,77.0,0.2927756653992395,154.0,0.9808917197452229,157.0,0.9691358024691358,162.0,0.9204545454545454,176.0,1.1282051282051282,212.0,-0.3322122840936929,0.388541515328404,105.0,107.0,-0.2510079780449739,-0.3592626003761091,1.7578669220416652,-0.5425257473484655,0.1363786926468577,0.335,0.44,0.505,0.6,0.535,0.0
179.0,1.0056179775280898,178.0,1.065868263473054,167.0,0.9940476190476192,168.0,1.0059880239520955,157.0,0.9631901840490797,163.0,0.9819277108433736,166.0,0.988095238095238,168.0,1.0,224.0,-0.1617440201988201,0.2770406433310073,115.0,109.0,-0.1683401856740465,-0.4943210456356171,1.8303513231617887,-0.465471310628168,-0.0698975458749057,0.36,0.49,0.515,0.535,0.7,0.0
174.0,1.029585798816568,169.0,1.0696202531645569,158.0,0.9575757575757576,165.0,1.0248447204968945,160.0,0.9467455621301775,169.0,0.9941176470588236,170.0,0.9826589595375722,173.0,0.9719101123595506,225.0,-0.2718621609926754,0.2692104052642116,113.0,112.0,-0.2999072029786602,-0.550683263719714,1.698874289602265,-0.4532404267486857,-0.149280527254362,0.335,0.485,0.505,0.53,0.69,0.0
142.0,0.9726027397260274,146.0,0.948051948051948,154.0,1.0198675496688745,151.0,1.0272108843537415,149.0,1.0067567567567568,148.0,0.9736842105263158,152.0,1.034013605442177,147.0,1.0425531914893618,207.0,-0.2505310577028561,0.259789723530002,103.0,104.0,-0.1133501547687647,-0.3610131151783281,1.23408996759053,-0.5415906693955173,-0.2206166650911816,0.345,0.465,0.5,0.565,0.79,0.0
143.0,0.959731543624161,149.0,0.9933333333333332,150.0,1.0,150.0,0.967741935483871,173.0,0.9829545454545454,176.0,0.9565217391304348,184.0,1.010989010989011,182.0,1.064327485380117,236.0,-0.2053641345277516,0.2281154236958182,115.0,121.0,-0.1981471675859811,-0.4267631391575785,1.4589705421132488,-0.4649038565909367,-0.190652383169782,0.33,0.465,0.49,0.515,0.68,0.0
114.0,0.991304347826087,115.0,1.0267857142857142,112.0,1.018181818181818,110.0,0.9565217391304348,114.0,1.0961538461538463,104.0,0.9369369369369368,111.0,0.9736842105263158,114.0,1.0363636363636364,156.0,0.1927473810616063,0.4846777640460403,77.0,79.0,0.2908041725470507,-0.1161273556532589,2.191426901769532,-0.8729221774663178,0.4513957637766138,0.32,0.46,0.5,0.54,0.875,0.0
173.0,0.9774011299435028,177.0,0.9619565217391304,184.0,1.005464480874317,183.0,0.963157894736842,177.0,0.9943820224719101,178.0,1.0229885057471264,174.0,1.0,174.0,1.0116279069767442,248.0,-0.259799002738061,0.2651710380317029,125.0,123.0,-0.2655658131622356,-0.5610095272148533,1.776628940659423,-0.3562474890261582,-0.1221313291663197,0.345,0.48,0.505,0.53,0.7,0.0
178.0,1.0595238095238095,168.0,0.9333333333333332,180.0,0.994475138121547,181.0,1.0,179.0,1.022857142857143,175.0,0.9831460674157304,178.0,1.0470588235294118,170.0,1.0365853658536586,246.0,-0.2538793556548774,0.2405223321422845,121.0,125.0,-0.287441750360652,-0.4597400958550893,1.468033444149096,-0.6946237652339671,0.0560280239420849,0.335,0.47,0.495,0.515,0.715,0.0
167.0,0.9823529411764704,170.0,1.0059171597633136,169.0,0.9441340782122905,179.0,0.9944444444444444,182.0,0.9680851063829787,188.0,1.032967032967033,182.0,1.0520231213872833,173.0,1.0116959064327486,248.0,-0.243674214546432,0.2504193395016532,121.0,127.0,-0.3215692985115883,-0.569791906159787,1.519848819924205,-0.4977200552863881,0.1318167351319872,0.34,0.465,0.49,0.51,0.685,0.0
