RR_l_0,RR_l_0/RR_l_1,RR_l_1,RR_l_1/RR_l_2,RR_l_2,RR_l_2/RR_l_3,RR_l_3,RR_l_3/RR_l_4,RR_r_0,RR_r_0/RR_r_1,RR_r_1,RR_r_1/RR_r_2,RR_r_2,RR_r_2/RR_r_3,RR_r_3,RR_r_3/RR_r_4,seq_size,signal_mean,signal_std,wl_side,wr_side,P_val,Q_val,R_val,S_val,T_val,P_pos,Q_pos,R_pos,S_pos,T_pos,tsne_x,tsne_y,label
0.0961015412511332,0.1891259543515261,0.0936329588014981,0.1715976595726761,0.0980926430517711,0.1902848848213253,0.0917347865576748,0.3412547646540271,0.1000901713255184,0.1472642797081122,0.0975609756097561,0.1797800607208627,0.0980926430517711,0.1831071208456429,0.1004524886877828,0.1878468005037924,0.1727053140096618,0.6468957769030381,0.1918884765871544,0.3012048192771084,0.1005154639175257,0.2865212157374857,0.6206118253235923,0.5293410839176118,0.66884995259049,0.6199507675827763,0.5042735042735043,0.5535714285714286,0.5365853658536585,0.4787878787878788,0.6777777777777777,24.72204,10.496815,0
0.0661831368993653,0.1817874498204099,0.0683520599250936,0.1908174274316511,0.0599455040871934,0.1913060246578013,0.0544959128065395,0.3333488307220233,0.0649233543733092,0.146992281367652,0.0609756097560975,0.1924352451012098,0.0544959128065395,0.1788475337923372,0.0597285067873303,0.1674493063542917,0.108695652173913,0.4316305866465968,0.2502119411093976,0.2008032128514056,0.0644329896907216,0.1612747235970631,0.3818665784096514,0.385436414789741,0.5909700916216869,0.4834723117134571,0.4786324786324787,0.5178571428571429,0.5426829268292682,0.496969696969697,0.7166666666666667,-2.892298,-0.83031225,0
0.1767905711695376,0.3700200910435434,0.0646067415730337,0.1773856896392357,0.064486830154405,0.0543560307113957,0.2688465031789282,0.6117962385749349,0.2506762849413886,0.4106990895108507,0.0581613508442776,0.1684923832522079,0.0663033605812897,0.180522918681578,0.0705882352941176,0.0492173364593828,0.2898550724637681,0.7100183110168148,0.0526896178916326,0.2208835341365461,0.2512886597938144,0.3143470838481409,0.7892010927903769,0.1898581021021301,0.7295663253867481,0.6421270299728958,0.3076923076923077,0.2916666666666667,0.2865853658536585,0.2303030303030303,0.3833333333333333,16.924913,-39.167343,1
0.0435176790571169,0.1015962267316828,0.1142322097378277,0.2189930716443644,0.0835603996366939,0.1757210174398735,0.0881017257039055,0.3434128975530249,0.0901713255184851,0.1513814511692656,0.0834896810506566,0.1781178149958079,0.0853769300635785,0.1966901397009392,0.0787330316742081,0.1845876967553873,0.1594202898550724,0.6242255431296373,0.1370478469175563,0.2891566265060241,0.0902061855670103,0.2956061185902456,0.597187579618473,0.368721059452035,0.7341149559133374,0.532380453716816,0.5726495726495727,0.5595238095238095,0.548780487804878,0.4909090909090909,0.8388888888888889,-2.14577,-5.711481,0
0.2257479601087942,0.454130439919428,0.0636704119850187,0.1652182327263077,0.0717529518619436,0.1919675063925805,0.0653950953678474,0.3371288136579123,0.0721370604147881,0.1555801736301168,0.0619136960600375,0.1743006835274788,0.0663033605812897,0.1777352072158791,0.0723981900452488,0.1861688829346935,0.1243961352657004,0.7020789101543123,0.0723722860486841,0.2289156626506024,0.0721649484536082,0.312155206656289,0.7715387841073175,0.1466498789224229,0.6787162138227855,0.6592434470826746,0.5384615384615385,0.5416666666666667,0.548780487804878,0.4909090909090909,0.7722222222222223,13.237814,-29.890972,1
0.1106074342701722,0.4261843872387106,0.0168539325842696,0.0609942436691874,0.1262488646684832,0.4205709496491625,0.0236148955495004,0.2512280920860913,0.0234445446348061,0.0577807083058596,0.1135084427767354,0.383747991453746,0.0245231607629427,0.0840655425713928,0.1076923076923077,0.3739261049960635,0.0531400966183574,0.7338974554675469,0.0631265923766284,0.144578313253012,0.0231958762886597,0.3707142536227367,0.8120062986952554,0.2602758462080509,0.835169021943419,0.6357019719667496,0.4957264957264957,0.636904761904762,0.6219512195121951,0.5757575757575758,0.6666666666666666,13.003269,-25.271944,1
0.0670897552130553,0.1748158705158494,0.0739700374531835,0.1818430445482386,0.0708446866485013,0.1846788350033852,0.0690281562216167,0.3371597074781788,0.0775473399458972,0.1505133750109347,0.0712945590994371,0.1816572227834096,0.0708446866485013,0.1861840707072445,0.0714932126696832,0.1804682479458821,0.1268115942028985,0.6626276189598219,0.1124517584642639,0.2208835341365461,0.0773195876288659,0.2851664178552336,0.7287035932607082,0.232408600056593,0.6616016887889187,0.6427209101178764,0.452991452991453,0.5119047619047619,0.5243902439024389,0.4727272727272728,0.7555555555555555,-19.863052,-8.544939,1
0.0353581142339075,0.1817874498204099,0.0365168539325842,0.1891457893646139,0.030881017257039,0.179935426744161,0.0317892824704813,0.3382873319179051,0.0414788097385031,0.1562623322104468,0.0309568480300187,0.1805392282675845,0.0317892824704813,0.1709397836646693,0.0407239819004524,0.1765095763533577,0.0652173913043478,0.739865623147395,0.5171496847970599,0.1285140562248996,0.0412371134020618,0.4479908195730345,0.6982811272078525,0.631216393540063,0.511320991534222,0.6832148590159417,0.4957264957264957,0.5416666666666667,0.5365853658536585,0.5090909090909091,0.8055555555555555,6.344191,38.364445,0
0.2774252039891206,0.5481770191111808,0.0617977528089887,0.1729961640440654,0.064486830154405,0.1833341953136931,0.0635785649409627,0.2146945967162599,0.0730387736699729,0.040207368983234,0.3058161350844278,0.2641490801994273,0.1970935513169845,0.4187283426605824,0.0606334841628959,0.1702536756397168,0.1135265700483091,0.694300136416578,0.0963800834709041,0.1887550200803212,0.0734536082474226,0.3161144839761762,0.7557300043377176,0.2131703702514326,0.6931625681497576,0.65712004241109,0.4188034188034188,0.5238095238095238,0.5060975609756097,0.4606060606060606,0.788888888888889,15.559078,-31.210094,1
0.0679963735267452,0.1803646785337649,0.0711610486891385,0.1776570068945663,0.0708446866485013,0.1875622755733761,0.067211625794732,0.2198867657466383,0.0739404869251578,0.1448196423158533,0.0722326454033771,0.0572634329807709,0.2742960944595822,0.1245117709657142,0.4054298642533936,0.4034951600156236,0.1243961352657004,0.6785277411738379,0.0825952333983715,0.2248995983935743,0.0734536082474226,0.2856527690461541,0.7233782287931968,0.1678166156885164,0.6713856503966062,0.6602530920338133,0.6923076923076924,0.5238095238095238,0.5426829268292682,0.4848484848484849,0.7722222222222223,-31.080862,-14.708183,1
0.1477787851314596,0.1921041366836608,0.1423220973782771,0.1786178371747221,0.1407811080835604,0.1722467390469915,0.1507720254314259,0.3361905096126288,0.0153291253381424,0.0443915183533249,0.1285178236397748,0.4047012937186236,0.0272479564032697,0.0529054073578644,0.1809954751131221,0.5085063970829812,0.0410628019323671,0.7020683813033711,0.2003324799825831,0.1285140562248996,0.0154639175257731,0.2869461966334642,0.7286393242177296,0.2608913448593563,0.6309393046432207,0.7352991102682882,0.4358974358974359,0.5535714285714286,0.6341463414634146,0.6666666666666667,0.5666666666666667,-8.761793,-5.8860955,1
0.170444242973708,0.2408042845273329,0.1226591760299625,0.1742513048540589,0.1253405994550408,0.1828676142215069,0.1244323342415985,0.3390966317550293,0.1740306582506763,0.1881663429979506,0.1275797373358349,0.4388687610660666,0.0199818346957311,0.0563054946377273,0.1529411764705882,0.2203675753863021,0.178743961352657,0.5699957630841617,0.1525918269731654,0.0923694779116465,0.1739690721649484,0.2422895264885212,0.6246632623763896,0.2337175914140056,0.6557761209452132,0.5051075028778707,0.188034188034188,0.2738095238095238,0.2621951219512195,0.2545454545454546,0.4055555555555555,-7.0691695,-20.472452,1
0.0679963735267452,0.1789611338861285,0.0720973782771535,0.0290324477850767,0.4350590372388737,0.4219189288620062,0.1671207992733878,0.4864423677943599,0.0766456266907123,0.045473135197294,0.2861163227016886,0.5617057702699934,0.0572207084468664,0.1637011803166415,0.0723981900452488,0.1818717769650498,0.1231884057971014,0.7011287736401698,0.079198019348709,0.2088353413654618,0.0773195876288659,0.3108550689259763,0.764633321104382,0.2170461511943545,0.7006845632872439,0.664075664699262,0.3504273504273504,0.4880952380952381,0.5121951219512194,0.4666666666666667,0.7722222222222223,-20.945126,-14.362123,1
0.0589301903898458,0.1897701742149448,0.0561797752808988,0.1725508498532511,0.0590372388737511,0.1704128277126666,0.0663033605812897,0.3348817547509464,0.0748422001803426,0.1493856105643227,0.0694183864915572,0.172234269006469,0.0753860127157129,0.1806135235608183,0.0796380090497737,0.1792412634574272,0.1256038647342995,0.5876935586938341,0.1152946024775201,0.2248995983935743,0.0747422680412371,0.2823117640725836,0.5726600793470386,0.3332563866240249,0.6829019876602337,0.4940469338252387,0.5384615384615385,0.5535714285714286,0.5365853658536585,0.4787878787878788,0.7777777777777778,1.6423599,-9.135122,0
0.070716228467815,0.0577847687474895,0.2762172284644195,0.5233639165499864,0.0608537693006357,0.1719134044004787,0.067211625794732,0.3371444693100744,0.0757439134355275,0.0472241132848669,0.274859287054409,0.5347309690874934,0.0590372388737511,0.166507985696489,0.0723981900452488,0.0556176226690117,0.1159420289855072,0.6721518629986328,0.0855799716736088,0.1887550200803212,0.0760309278350515,0.2913753771614286,0.7379850414642358,0.1774595932463677,0.6612465838411621,0.6534174666799404,0.452991452991453,0.5059523809523809,0.5060975609756097,0.4545454545454546,0.7333333333333334,-30.252525,11.611718,1
0.0661831368993653,0.174769081393,0.0730337078651685,0.1818337422423415,0.069936421435059,0.1832753059842175,0.0690281562216167,0.3360470184614952,0.078449053201082,0.1493549118837938,0.073170731707317,0.1887625663074606,0.0681198910081744,0.1805420125957267,0.0723981900452488,0.1804776048060098,0.1219806763285024,0.743346258809782,0.0981178329943897,0.2008032128514056,0.0786082474226804,0.3325246766891414,0.8098290100286551,0.2751254846498291,0.7240264449238006,0.7032436601750954,0.4615384615384616,0.5119047619047619,0.5121951219512194,0.4606060606060606,0.7611111111111112,-13.002901,-12.693503,1
0.0861287398005439,0.1843380276147612,0.0870786516853932,0.1819614375323829,0.0835603996366939,0.1818717769650498,0.0835603996366939,0.3314035780707385,0.0865644724977457,0.1451104917232864,0.0853658536585365,0.174604606216301,0.0899182561307901,0.1795418865408385,0.0950226244343891,0.1946233515904152,0.1509661835748792,0.6502653350818581,0.2520436162659046,0.2730923694779116,0.086340206185567,0.2709455479192075,0.5810785800695107,0.6389793256652667,0.7047307505727429,0.5957838900148168,0.5641025641025642,0.5595238095238095,0.5426829268292682,0.4909090909090909,0.6833333333333333,23.457607,26.993814,0
0.0815956482320943,0.1754878299668913,0.0889513108614232,0.1911395365041024,0.0790190735694822,0.1928783992732599,0.0717529518619436,0.335013583544506,0.0856627592425608,0.1571927697388363,0.074108818011257,0.1751317453593178,0.0781108083560399,0.1832688773160216,0.0805429864253393,0.1779750224832611,0.1497584541062802,0.6216958825729892,0.0969728207490605,0.2690763052208835,0.086340206185567,0.299931337503007,0.5979997298950913,0.3466251809874256,0.7193085092713039,0.5420347118275682,0.5470085470085471,0.5595238095238095,0.5365853658536585,0.4787878787878788,0.7944444444444445,5.8959928,-9.624898,0
0.2728921124206709,0.5447196665578242,0.0608614232209737,0.1729245400833051,0.0635785649409627,0.0510312746048868,0.2806539509536784,0.6407705301656671,0.0730387736699729,0.1505927722205382,0.0666041275797373,0.03279510715712,0.3932788374205268,0.3415079002156241,0.1972850678733031,0.4140629490404534,0.1231884057971014,0.6951279604271975,0.075578822629574,0.2208835341365461,0.0734536082474226,0.3105185166172463,0.7607328802135015,0.165238851339591,0.6900243716326677,0.6655194335892545,0.6923076923076924,0.5238095238095238,0.5426829268292682,0.4909090909090909,0.7777777777777778,14.606066,-31.7967,1
0.0607434270172257,0.1637813840669092,0.0749063670411985,0.1889716483530183,0.067211625794732,0.1833041456215977,0.0663033605812897,0.3371366947345109,0.2804328223624887,0.4353960074481444,0.0628517823639774,0.0526795851959625,0.2697547683923705,0.537579949490639,0.0615384615384615,0.1624826277333683,0.3200483091787439,0.6295634435591481,0.0344831684532526,0.2289156626506024,0.2809278350515464,0.2710672349181894,0.7194395195051974,0.097413276792639,0.6383590024024249,0.6112322886808899,0.2478632478632479,0.3035714285714286,0.2682926829268293,0.206060606060606,0.3833333333333333,-9.397194,-46.660385,1
0.0689029918404351,0.1876377261599012,0.0674157303370786,0.1707628966359964,0.0717529518619436,0.186082364022553,0.0690281562216167,0.3382873319179051,0.0739404869251578,0.1517757906436294,0.0666041275797373,0.1859477471913523,0.0635785649409627,0.1748809895829936,0.0714932126696832,0.1804682479458821,0.1280193236714976,0.6574957693748639,0.097143497655057,0.2369477911646586,0.0734536082474226,0.2777561358851548,0.7280719171422751,0.1836406173998926,0.6556628069471778,0.6168112201136811,0.7008547008547009,0.5535714285714286,0.548780487804878,0.496969696969697,0.7666666666666667,-28.181273,-11.188867,1
0.0317316409791477,0.1741820905790711,0.0365168539325842,0.1891457893646139,0.030881017257039,0.1656464975279469,0.0390554041780199,0.3508164923593091,0.0261496844003606,0.0991852443807582,0.0553470919324577,0.231576977908622,0.0317892824704813,0.1858908303950588,0.0334841628959276,0.1779990765232721,0.0615942028985507,0.6600343405015708,0.6382931969693967,0.1646586345381526,0.0257731958762886,0.3254431535179025,0.672437073442139,0.7713576378760079,0.5653740354031878,0.8435201166412539,0.5299145299145299,0.6190476190476191,0.6280487804878047,0.6,0.9277777777777778,3.3815491,44.279984,0
0.0698096101541251,0.1861146369749647,0.0692883895131086,0.0512811055305652,0.2861035422343324,0.239656544083153,0.2098092643051771,0.5417500025641815,0.6898106402164111,0.6119275171032941,0.1407129455909943,0.3175473591119417,0.0581289736603088,0.170408477310553,0.0687782805429864,0.1847966136623364,0.7041062801932367,0.7519751552694041,0.014043274731586,0.2289156626506024,0.6907216494845361,0.3365361499299038,0.8389804698293388,0.2515888772279208,0.7679213028220102,0.7082003162229814,0.1196581196581196,0.1547619047619047,0.1097560975609756,0.0424242424242424,0.1611111111111111,-5.5065413,-52.2993,1
0.0698096101541251,0.1953293664551677,0.0636704119850187,0.191100227319668,0.0554041780199818,0.1866609179693855,0.0526793823796548,0.3320688147870613,0.0658250676284941,0.1559701286891344,0.0553470919324577,0.1844652090092028,0.0535876475930971,0.1819454152856504,0.0570135746606334,0.1772245364349166,0.108695652173913,0.6939601163487488,0.2298541205441683,0.1967871485943775,0.065721649484536,0.3105935197661263,0.6792893388600312,0.4051439530114302,0.687259758659805,0.7024399182589135,0.4615384615384616,0.5119047619047619,0.5426829268292682,0.4909090909090909,0.7055555555555556,1.4263089,8.998769,0
0.4215775158658205,0.4558426362755468,0.150749063670412,0.3216965692061656,0.0608537693006357,0.1692400157925401,0.0690281562216167,0.2342661626718309,0.0730387736699729,0.1459246454699622,0.0703564727954971,0.1816385028752376,0.069936421435059,0.0101345501823673,0.6986425339366515,0.6651664958763399,0.1268115942028985,0.6716970333327904,0.1076383540726714,0.2329317269076305,0.0734536082474226,0.2865657933430258,0.7416967021925089,0.2051140146738879,0.6352350435079442,0.6620474550321884,0.7008547008547009,0.5535714285714286,0.548780487804878,0.4909090909090909,0.7722222222222223,9.76258,-35.06768,1
0.0752493200362647,0.163224072973947,0.0917602996254681,0.1748583870238347,0.0935513169845594,0.1905337933377832,0.0871934604904632,0.3372923691769701,0.1064021641118124,0.1560143766509332,0.0956848030018761,0.1959593453973141,0.0844686648501362,0.1939324408091394,0.0796380090497737,0.1636340597683062,0.1847826086956521,0.6844764136666557,0.3355337955535811,0.321285140562249,0.1069587628865979,0.3113155338684331,0.7637879762027932,0.6739127659829274,0.7324960974716669,0.7547963888365341,0.4700854700854701,0.5297619047619048,0.5365853658536585,0.593939393939394,0.4833333333333334,12.550259,33.973923,0
0.0725294650951949,0.1845947971913738,0.0730337078651685,0.177729966156504,0.072661217075386,0.1860542934421696,0.069936421435059,0.3307458945821557,0.0757439134355275,0.1482267353743558,0.0712945590994371,0.1816572227834096,0.0708446866485013,0.1819454152856504,0.07420814479638,0.1791381060649714,0.1219806763285024,0.6642648991943151,0.1227401732293335,0.2088353413654618,0.0760309278350515,0.2760338022656995,0.7110972665597276,0.2543680992073179,0.6419940870641582,0.6382267504250023,0.4700854700854701,0.4761904761904761,0.5182926829268292,0.4666666666666667,0.7333333333333334,-17.888277,-7.0650945,1
0.0625566636446056,0.1773997425657914,0.0674157303370786,0.1803322217628902,0.0653950953678474,0.1818717769650498,0.0653950953678474,0.3337465623619601,0.0721370604147881,0.1425482469435182,0.0722326454033771,0.1844652090092028,0.069936421435059,0.1862129050978676,0.0705882352941176,0.1818717769650498,0.1195652173913043,0.6437125334907619,0.2119838054887781,0.2128514056224899,0.0721649484536082,0.3010750464937317,0.7111188007903019,0.4113771191659076,0.7058236555928841,0.5611777366934316,0.4786324786324787,0.5357142857142857,0.5304878048780487,0.5333333333333333,0.8277777777777777,3.3091671,8.06121,0
0.0679963735267452,0.1892040235486657,0.0655430711610486,0.0645173514253436,0.2270663033605812,0.4657944283315799,0.0581289736603088,0.3236282142014626,0.4553651938683498,0.4056348673273038,0.1444652908067542,0.3162099056100786,0.0608537693006357,0.1719879390571437,0.0705882352941176,0.1862285649620496,0.4879227053140096,0.7106058945205463,0.0447423376217036,0.2409638554216867,0.4561855670103092,0.3323686358542156,0.8054974562224295,0.2268968791153087,0.701481105085464,0.6612524075657373,0.2393162393162393,0.2142857142857142,0.1829268292682926,0.1151515151515151,0.2444444444444444,-5.4732985,-50.646538,1
0.0897552130553037,0.1991053856725028,0.0805243445692883,0.1767353895510623,0.0808356039963669,0.1858175472264836,0.0781108083560399,0.3393578614492909,0.0856627592425608,0.1471686319400383,0.0825515947467167,0.1844652090092028,0.0799273387829246,0.1781202872222607,0.085972850678733,0.1721449944601198,0.1461352657004831,0.5804157125239389,0.0830633146623705,0.2570281124497992,0.086340206185567,0.2709386340071909,0.5669708398087495,0.2860901688011282,0.692767330382484,0.5125370202528353,0.5470085470085471,0.5535714285714286,0.5304878048780487,0.4727272727272728,0.8333333333333333,-1.0462785,-16.3871,0
0.0770625566636446,0.1765587653419895,0.0833333333333333,0.1744067700736511,0.0853769300635785,0.1769799448280675,0.0890099909173478,0.3423386772103351,0.0910730387736699,0.1403943375387177,0.0947467166979362,0.1960290068299693,0.0835603996366939,0.1845111453567994,0.0850678733031674,0.1898638466665526,0.1521739130434782,0.6222566096622849,0.0831806953331743,0.2610441767068273,0.0914948453608247,0.2990235731977786,0.5950474602577924,0.297838157312514,0.7322633468553199,0.5332913671640368,0.5384615384615385,0.5416666666666667,0.5243902439024389,0.4666666666666667,0.8388888888888889,1.0879143,-14.982554,0
0.0689029918404351,0.1817874498204099,0.0711610486891385,0.183238390432796,0.067211625794732,0.1790647189267143,0.0690281562216167,0.3382873319179051,0.0739404869251578,0.1517757906436294,0.0666041275797373,0.1844652090092028,0.064486830154405,0.1834077020045221,0.0669683257918552,0.1804195142993832,0.1195652173913043,0.6519882717607743,0.0977938106253188,0.2088353413654618,0.0734536082474226,0.2800540641551762,0.7150497773873715,0.1883998636804981,0.6622502414055076,0.6341395175023978,0.6752136752136753,0.5416666666666667,0.5243902439024389,0.4727272727272728,0.7666666666666667,-27.551023,-10.974117,1
0.0643699002719855,0.1788826251101763,0.0683520599250936,0.0493523034185911,0.2924613987284287,0.5891989413412743,0.0554041780199818,0.3243851127979912,0.0721370604147881,0.0428758315917104,0.2879924953095685,0.5438177441249856,0.0617620345140781,0.1707181937662603,0.0723981900452488,0.0578818759356771,0.1280193236714976,0.6346228766313384,0.1046882435673159,0.2409638554216867,0.0721649484536082,0.262247393792943,0.6907482331168288,0.1876534063515904,0.6316213837315885,0.6346098963911476,0.6752136752136753,0.5416666666666667,0.5548780487804877,0.503030303030303,0.788888888888889,-28.038105,-8.892665,1
0.0580235720761559,0.1985192401513551,0.0505617977528089,0.1751346508724817,0.0517711171662125,0.1726456376772854,0.0572207084468664,0.3322893295789352,0.0586113615870153,0.1522508610340046,0.0506566604127579,0.1811783414115688,0.0508628519527702,0.1787529419910147,0.0561085972850678,0.1787270277341326,0.1002415458937198,0.6317924481667774,0.2201802322461084,0.1887550200803212,0.0592783505154639,0.312558032854256,0.6219358352838806,0.3645724196704389,0.6452836831149074,0.6651332928921583,0.5042735042735043,0.5297619047619048,0.5426829268292682,0.496969696969697,0.7555555555555555,-1.857483,6.1766753,0
0.085222121486854,0.189679803750101,0.0823970037453183,0.2035815711221366,0.0653950953678474,0.1722409824453659,0.0717529518619436,0.3298301486199575,0.1127141568981064,0.1789117349695654,0.0825515947467167,0.1756317523405617,0.0862851952770208,0.1819454152856504,0.0895927601809954,0.1856740646715223,0.1304347826086956,0.5849254540940932,0.0930470137902872,0.1204819277108433,0.1134020618556701,0.2595463970017355,0.6240505237829683,0.2927579916301381,0.6665689957196059,0.4839402858436161,0.2649572649572649,0.3869047619047619,0.3658536585365853,0.3090909090909091,0.5055555555555556,-3.0357616,-14.672934,1
0.0897552130553037,0.1881252491881922,0.0880149812734082,0.1911892292466892,0.0781108083560399,0.1779990765232721,0.0808356039963669,0.3436740728720119,0.078449053201082,0.1438586673506346,0.0778611632270168,0.1844652090092028,0.0799273387829246,0.184575692025256,0.0814479638009049,0.1742672015521046,0.144927536231884,0.6390486455626915,0.097383842105536,0.2771084337349397,0.0786082474226804,0.308306484821126,0.6375130134680704,0.3667252574460651,0.7528580311326801,0.5471402924096512,0.5726495726495727,0.5833333333333334,0.5609756097560975,0.503030303030303,0.85,7.0210996,-7.5093064,0
0.0235720761559383,0.1275049239375724,0.0561797752808988,0.0946709713444056,0.1389645776566757,0.1895461191249027,0.1316984559491371,0.5013357306350937,0.0396753832281334,0.1466780567114001,0.0347091932457786,0.1806794418654994,0.0354223433242506,0.1819454152856504,0.0389140271493212,0.1782029028623131,0.0628019323671497,0.4742111770099863,0.5995846196015345,0.1244979919678714,0.0399484536082474,0.1562695246071713,0.3914388081959276,0.6174617277050798,0.4126645753075268,0.6980124331890515,0.4102564102564102,0.5357142857142857,0.5365853658536585,0.5090909090909091,0.7944444444444445,8.740448,47.263363,0
0.0797824116047144,0.1729679820254839,0.0889513108614232,0.2436709288593257,0.0508628519527702,0.1096862134005447,0.1126248864668483,0.3674847504465338,0.0937781785392245,0.1523565451422378,0.0863039399624765,0.1870664723226677,0.0817438692098092,0.1885627254375061,0.0805429864253393,0.1818717769650498,0.1594202898550724,0.5989119638123911,0.1068984451495592,0.2771084337349397,0.0940721649484536,0.2841807966365814,0.5603236314107897,0.3494984781451085,0.7119983240247076,0.5226393087763416,0.4700854700854701,0.5476190476190476,0.5243902439024389,0.4666666666666667,0.788888888888889,4.3341193,-8.721557,0
0.0362647325475974,0.1799200625066883,0.0383895131086142,0.1910419914908764,0.0317892824704813,0.1762197276716446,0.0345140781108083,0.3667746861846761,0.042380522993688,0.1561872331745955,0.0318949343339587,0.1732084146704035,0.036330608537693,0.1978773772512611,0.0325791855203619,0.1760627263023833,0.0664251207729468,0.6642709238624454,0.4913545671820955,0.1285140562248996,0.0425257731958762,0.3054469298067271,0.5978184915871719,0.7027241586938213,0.5049405485806424,0.7227273643512533,0.4102564102564102,0.5357142857142857,0.5365853658536585,0.5090909090909091,0.8111111111111111,6.792918,42.47905,0
0.1006346328195829,0.1914034212749761,0.096441947565543,0.1974572218085621,0.0817438692098092,0.173260713629803,0.0881017257039055,0.3280078826054826,0.0721370604147881,0.1506093179327493,0.0656660412757973,0.1759281770609859,0.0690281562216167,0.1805513686136595,0.0733031674208144,0.1818717769650498,0.1268115942028985,0.6088384815365676,0.2227292990110757,0.2369477911646586,0.0721649484536082,0.2431263388512912,0.5657259727502761,0.5359192297816151,0.6360647164382527,0.5603522275461503,0.5811965811965812,0.5654761904761905,0.548780487804878,0.496969696969697,0.6944444444444444,30.164938,14.112448,0
0.0788757932910244,0.1858354636101546,0.0786516853932584,0.1680984698171191,0.0853769300635785,0.1844066354360315,0.0835603996366939,0.3435730714791224,0.0820559062218214,0.1460703473626454,0.0797373358348968,0.1871831956764769,0.0753860127157129,0.1978087050014094,0.0687782805429864,0.1818717769650498,0.1400966183574879,0.6008829692146211,0.1212478599876116,0.2489959839357429,0.0824742268041237,0.2789702512343809,0.5831506179206938,0.3480578564860112,0.7156102345787111,0.5332223428074103,0.5299145299145299,0.5476190476190476,0.5304878048780487,0.4787878787878788,0.8055555555555555,3.9077442,-7.559395,0
0.0970081595648232,0.1942366985785536,0.0908239700374531,0.1691919085282513,0.0971843778383288,0.1807163856730277,0.0980926430517711,0.3382873319179051,0.102795311091073,0.1521205560126445,0.0956848030018761,0.1808921254128985,0.0953678474114441,0.1917857447349983,0.0914027149321266,0.189522721740269,0.1763285024154589,0.6231336654963375,0.1936966363246069,0.3052208835341365,0.1030927835051546,0.2547538649579892,0.6019263038282496,0.4910577147826266,0.6149792568840001,0.6355283650740616,0.4786324786324787,0.5476190476190476,0.5304878048780487,0.4727272727272728,0.6944444444444444,25.864761,6.042507,0
0.1378059836808703,0.3130770454829361,0.0617977528089887,0.1716137157531728,0.0653950953678474,0.1847966136623364,0.0635785649409627,0.3348117771379267,0.0775473399458972,0.1565078643359941,0.0666041275797373,0.1773510157190221,0.0690281562216167,0.1862421344801431,0.069683257918552,0.0070905765994676,0.1292270531400966,0.697037356519645,0.1010147410848473,0.2289156626506024,0.0773195876288659,0.3011956444025143,0.7594982055420396,0.2560063986098492,0.6816876016699047,0.67315039339068,0.4188034188034188,0.5238095238095238,0.5365853658536585,0.4848484848484849,0.7666666666666667,10.490205,-24.553156,1
0.0607434270172257,0.1650556594894647,0.0739700374531835,0.1935522407822869,0.0635785649409627,0.1734506028500434,0.0690281562216167,0.3371597074781788,0.3056807935076646,0.4730035916704648,0.0619136960600375,0.1676172916544436,0.0708446866485013,0.184752220665498,0.0723981900452488,0.1724879258945886,0.3466183574879227,0.6289954884517616,0.0448148424417882,0.2409638554216867,0.3054123711340206,0.2617877020935547,0.6866859500103509,0.1273570025433482,0.6530302868584705,0.6012971925751218,0.1965811965811966,0.2678571428571428,0.2560975609756097,0.1939393939393939,0.35,-8.525908,-47.56127,1
0.0770625566636446,0.1804553009087104,0.0805243445692883,0.1792878173971428,0.0790190735694822,0.1818717769650498,0.0790190735694822,0.3311974776561526,0.1127141568981064,0.1682684592479004,0.0909943714821763,0.1895737140705856,0.0844686648501362,0.1819454152856504,0.0877828054298642,0.1844220918901228,0.1304347826086956,0.6348615982956223,0.1618698607696277,0.1204819277108433,0.1134020618556701,0.2936969125822868,0.625159941953589,0.4504952234372129,0.7473497731703123,0.5246953854647262,0.2820512820512821,0.3869047619047619,0.371951219512195,0.3212121212121212,0.6166666666666667,22.755695,4.545579,1
0.0743427017225748,0.056189806996735,0.2921348314606741,0.5489485800189785,0.0608537693006357,0.1692400157925401,0.0690281562216167,0.2349462931858035,0.0712353471596032,0.1403294998082903,0.073170731707317,0.0244305070253802,0.4931880108991825,0.4345226886517512,0.1900452488687782,0.3751328831492085,0.1243961352657004,0.6843231285368829,0.0864792270146251,0.2329317269076305,0.0708762886597938,0.2924873272201106,0.7497433100531826,0.174813741993943,0.6903345341032423,0.6477981051465743,0.7008547008547009,0.5535714285714286,0.548780487804878,0.503030303030303,0.7666666666666667,-30.30803,11.711198,1
0.0888485947416137,0.1908246822522475,0.0852059925093633,0.1885724974851547,0.0772025431425976,0.1873036165457249,0.0735694822888283,0.3382873319179051,0.0802524797114517,0.1460427013624952,0.0778611632270168,0.1844652090092028,0.0753860127157129,0.1754514090496678,0.0832579185520362,0.1743582743115411,0.144927536231884,0.611254894678795,0.0944096436693536,0.2730923694779116,0.0798969072164948,0.2921961362079179,0.5618015667688948,0.3272477491498316,0.7212832793203442,0.5275561090668963,0.5042735042735043,0.5714285714285714,0.5548780487804877,0.496969696969697,0.8111111111111111,3.908961,-11.877484,0
0.2892112420670897,0.5680231207810974,0.0617977528089887,0.1649779639568878,0.069936421435059,0.0548634232095778,0.2806539509536784,0.6373529441931546,0.4021641118124436,0.1418103642660647,0.4296435272045028,0.4576931618288948,0.1444141689373297,0.3169009973613692,0.0651583710407239,0.1719806907015907,0.4347826086956521,0.6592541407523853,0.0313448572307336,0.2329317269076305,0.4020618556701031,0.2803396365177574,0.728200691572179,0.18916249742992,0.6822804790431802,0.6163576362174683,0.1367521367521368,0.2321428571428571,0.2012195121951219,0.1393939393939394,0.2722222222222222,15.990959,-37.2474,1
0.0698096101541251,0.1846524824113251,0.0702247191011236,0.1789961643542423,0.0690281562216167,0.1832847892884011,0.0681198910081744,0.2141675194875946,0.0721370604147881,0.149409753797447,0.0666041275797373,0.1889759102868067,0.0617620345140781,0.1775890194356787,0.0678733031674208,0.1818717769650498,0.1243961352657004,0.6724267598213274,0.0567927485306713,0.2289156626506024,0.0721649484536082,0.2925659007773876,0.7240735248307587,0.1066372317473249,0.6760262806347112,0.6306707648298568,0.4358974358974359,0.5357142857142857,0.548780487804878,0.496969696969697,0.7777777777777778,-37.56761,-20.36723,1
0.085222121486854,0.1938536447706107,0.0795880149812734,0.1766949982412379,0.0799273387829246,0.1845022904726723,0.0781108083560399,0.3331305128337907,0.0856627592425608,0.1410861211798894,0.0881801125703564,0.1795060754408428,0.0890099909173478,0.1869539662029831,0.0886877828054298,0.178181321249944,0.1461352657004831,0.6070188472331602,0.0946028367574037,0.2570281124497992,0.086340206185567,0.2911867835199185,0.5836454079349078,0.3262403118230636,0.6934270810343249,0.5295153247939204,0.5555555555555556,0.5535714285714286,0.5304878048780487,0.4727272727272728,0.8111111111111111,3.9373574,-11.9171,0
0.1414324569356301,0.4777087415778183,0.0215355805243445,0.0621589875904534,0.1344232515894641,0.4697008678636202,0.0181653042688465,0.3313123353835154,0.0658250676284941,0.2611123487584774,0.0093808630393996,0.1353904497389744,0.0317892824704813,0.1610347152057863,0.0461538461538461,0.1357011405293111,0.0760869565217391,0.646719747716132,0.0633557202029255,0.0883534136546184,0.065721649484536,0.2674087235979073,0.6096969510496258,0.2133921414196259,0.8125633277176383,0.5856126331361117,0.5128205128205129,0.4464285714285714,0.4268292682926828,0.3757575757575758,0.3833333333333333,12.84498,-27.412777,1
0.0979147778785131,0.1841506970422947,0.099250936329588,0.1820546981374692,0.0953678474114441,0.1854567910882953,0.0926430517711171,0.339259421952152,0.0973850315599639,0.1492171694029903,0.0928705440900562,0.1844652090092028,0.0899182561307901,0.1844054976479874,0.0914027149321266,0.1782453175918245,0.1714975845410628,0.6384507369557496,0.2185747459232812,0.3052208835341365,0.0979381443298969,0.2570399760270854,0.5942828072848466,0.5626476018591733,0.6770431899746392,0.5744754798741561,0.5641025641025642,0.5595238095238095,0.5426829268292682,0.4848484848484849,0.6611111111111112,27.93926,16.47807,0
0.0371713508612874,0.1855901294410792,0.0365168539325842,0.1851713925297517,0.0326975476839237,0.1744690929347491,0.036330608537693,0.2556288888248423,0.1379621280432822,0.1459142287735623,0.1388367729831144,0.1797748780347031,0.1389645776566757,0.1876483334892497,0.1366515837104072,0.3798935747755915,0.1594202898550724,0.679889389955747,0.6745801491047345,0.1405622489959839,0.1378865979381443,0.4169464231260279,0.6756100768359711,0.8885866274318048,0.6851302302168516,0.529208472208033,0.8034188034188036,0.9107142857142858,0.9146341463414632,0.8727272727272728,0.9833333333333332,0.23779742,42.593246,0
0.0163191296464188,0.179463590052223,0.0177902621722846,0.166038616672129,0.0227066303360581,0.0694173245141858,0.1262488646684832,0.3629731642470495,0.1505861136158701,0.389562493684955,0.0215759849906191,0.1700572408506425,0.0272479564032697,0.0685629526303872,0.1411764705882353,0.4955605127490388,0.178743961352657,0.6823288069744187,0.0332392784758037,0.1646586345381526,0.1507731958762886,0.336830720779378,0.7296210898403634,0.2413715366055004,0.7680005129352824,0.5918113203127311,0.2735042735042735,0.3869047619047619,0.3536585365853658,0.2909090909090909,0.4277777777777777,-15.802697,-19.737474,1
0.0625566636446056,0.173192352047664,0.0702247191011236,0.1789961643542423,0.0690281562216167,0.1764044351648931,0.072661217075386,0.3451911550182706,0.0775473399458972,0.1449081382394507,0.0759849906191369,0.1930599236057184,0.0681198910081744,0.1819454152856504,0.0714932126696832,0.1790834326469699,0.1280193236714976,0.7257296649261112,0.1012471378377611,0.2248995983935743,0.0773195876288659,0.3225678830910806,0.7922482022334567,0.2496169715512655,0.7047928737788302,0.6642622152339467,0.5213675213675214,0.5119047619047619,0.5304878048780487,0.4787878787878788,0.7444444444444445,-15.762261,-12.456697,1
0.0888485947416137,0.1793412816433711,0.0936329588014981,0.1949437920199166,0.0808356039963669,0.1510532345020614,0.106267029972752,0.3791913557119002,0.0288548241659152,0.1924746971730906,0.0037523452157598,0.1960818095597445,0.0,0.1116094241079257,0.03710407239819,0.1496985732948971,0.0205314009661835,0.6673516109336487,0.1426018506669212,0.0200803212851405,0.0283505154639175,0.3137643296830255,0.7906117947076426,0.28946837543033,0.7810918016830694,0.5951452022706872,0.5384615384615385,0.4523809523809524,0.4573170731707316,0.4666666666666667,0.6555555555555557,-9.741851,-8.462386,1
0.0725294650951949,0.1763900981007501,0.0786516853932584,0.1846065542546673,0.0735694822888283,0.1846234325421023,0.0717529518619436,0.3308407554291462,0.0730387736699729,0.1482267353743558,0.0684803001876172,0.1816003041436975,0.0681198910081744,0.1687107949819389,0.0805429864253393,0.1873036165457249,0.1219806763285024,0.6960418576230964,0.1911182654373576,0.216867469879518,0.0734536082474226,0.3682838243362535,0.7105126616125934,0.491445618021858,0.7147181615912357,0.6591196381395203,0.5555555555555556,0.5416666666666667,0.5304878048780487,0.4787878787878788,0.7388888888888889,6.3581767,18.469206,0
0.0942883046237534,0.189212800558995,0.0917602996254681,0.1844925406028446,0.0862851952770208,0.1882866795373195,0.0817438692098092,0.3372559681010822,0.1000901713255184,0.149200190533928,0.0956848030018761,0.1774374865766927,0.0980926430517711,0.1785360620117596,0.1040723981900452,0.1774222913510925,0.1739130434782608,0.6686066767608732,0.2035407444118553,0.3052208835341365,0.1005154639175257,0.2848179211147399,0.6091568917650171,0.5614710080047147,0.7207028056416908,0.633417791184795,0.5555555555555556,0.5535714285714286,0.5304878048780487,0.4787878787878788,0.6666666666666666,24.578987,14.767326,0
0.2774252039891206,0.5481770191111808,0.0617977528089887,0.1612046933276278,0.072661217075386,0.1964959604514828,0.0635785649409627,0.3314761775839875,0.0712353471596032,0.1361370503280564,0.0769230769230769,0.2158730549421488,0.0563124432334241,0.1661907782391775,0.069683257918552,0.1804491523129682,0.1304347826086956,0.6430260269935097,0.2385823674600961,0.253012048192771,0.0708762886597938,0.4325814826934067,0.945616996512701,0.1093259788903221,0.8514266439036033,0.6810369259652955,0.0,0.0357142857142857,0.0,0.0242424242424242,0.0,17.163439,-31.577824,1
0.0534904805077062,0.1786185501365187,0.0571161048689138,0.188138325980893,0.0508628519527702,0.1920730366653421,0.0454132606721162,0.3410830949916069,0.0522993688007213,0.1455010609275538,0.048780487804878,0.1827826458342235,0.0481380563124432,0.1739642320490611,0.0561085972850678,0.1771898555354381,0.0893719806763285,0.7868228235496406,0.2432595944978592,0.1726907630522088,0.0528350515463917,0.3885859444447059,0.7879336041875353,0.4718935682380915,0.7140755454283606,0.7380580912067619,0.4871794871794873,0.5476190476190476,0.548780487804878,0.496969696969697,0.7,4.202049,19.11922,0
0.0371713508612874,0.0992590245393964,0.1067415730337078,0.3546880960323861,0.0263396911898274,0.0899483379074706,0.0990009082652134,0.4489995496364922,0.1082055906221821,0.2868486588330391,0.0272045028142589,0.0774345884027552,0.1207992733878292,0.4079499515023637,0.0271493212669683,0.0681535870341413,0.1135265700483091,0.6269133712601666,0.1512702724990625,0.0803212851405622,0.1082474226804123,0.3125908778012144,0.6798553064475947,0.2347458885671722,0.7875826721367023,0.5703444181538282,0.2222222222222222,0.369047619047619,0.3353658536585366,0.2787878787878788,0.3,-25.719578,6.945604,1
0.0725294650951949,0.1874785349669899,0.0711610486891385,0.0357503304350763,0.3787465940054496,0.3551028698606855,0.1771117166212534,0.4929329693660904,0.2795311091073039,0.1014368693871831,0.4165103189493433,0.4091376686610147,0.1616712079927338,0.3504345094543397,0.0633484162895927,0.1746104636367167,0.322463768115942,0.6662229924362816,0.0500120335656053,0.2409638554216867,0.2796391752577319,0.2960026575194988,0.7522396410677642,0.1374751464122895,0.6859392984488708,0.6092121052767662,0.2564102564102564,0.3035714285714286,0.274390243902439,0.2121212121212121,0.361111111111111,-8.006096,-46.58296,1
0.4669084315503173,0.2362107463269789,0.3689138576779026,0.1631524678650132,0.4005449591280653,0.1864451051209462,0.3905540417801998,0.3393021939136589,0.0685302073940486,0.1446776801050823,0.0666041275797373,0.1815610588715673,0.0663033605812897,0.1878357533363164,0.0660633484162896,0.1804093586164065,0.1171497584541062,0.6486312821036886,0.079730978815858,0.216867469879518,0.0682989690721649,0.2776268841147096,0.693898325844981,0.1633867055841142,0.6566026652173517,0.6173325800533921,0.5299145299145299,0.5238095238095238,0.548780487804878,0.496969696969697,0.788888888888889,7.171217,-35.553875,1
0.1595648232094288,0.489234097151528,0.0271535580524344,0.0794940697672499,0.1126248864668483,0.4110202860838502,0.0190735694822888,0.2459528669258199,0.1307484220018034,0.3505228857229464,0.0215759849906191,0.0779144985190655,0.108991825613079,0.426295169027883,0.0180995475113122,0.0605393414259597,0.1364734299516908,0.6197354729654462,0.1457864619871965,0.0843373493975903,0.1314432989690721,0.270614082464584,0.6985640340551225,0.1790646109559847,0.7611610517647391,0.6134230146475621,0.2735042735042735,0.3333333333333333,0.298780487804878,0.296969696969697,0.2611111111111111,13.649227,-28.67045,1
0.0825022665457842,0.1805043370649693,0.0861423220973782,0.163339207734691,0.0971843778383288,0.1784434847706892,0.0999091734786557,0.3460196137903144,0.1055004508566276,0.1445631944512348,0.1060037523452157,0.2143797371140487,0.0817438692098092,0.1845430177800435,0.0832579185520362,0.1719723296819259,0.1835748792270531,0.7065756872808499,0.3707840344288961,0.321285140562249,0.1056701030927835,0.325305564201199,0.8012395453105752,0.715218047848969,0.7444852692500431,0.798995511933069,0.4786324786324787,0.5357142857142857,0.5304878048780487,0.5818181818181818,0.4777777777777778,11.3427925,35.62166,0
0.0670897552130553,0.1748158705158494,0.0739700374531835,0.0858192417399858,0.1871026339691189,0.404939322411442,0.0563124432334241,0.3244796857171743,0.2912533814247069,0.4638838863826828,0.0590994371482176,0.1672757798161714,0.0681198910081744,0.1805420125957267,0.0723981900452488,0.1847170262692129,0.3333333333333333,0.6396059230986161,0.0243357225547048,0.2409638554216867,0.2912371134020619,0.2755231825349356,0.6972639200163319,0.0851469053949293,0.6861691300342557,0.6174851540182312,0.3162393162393163,0.2857142857142857,0.2682926829268293,0.206060606060606,0.3777777777777777,-9.603186,-46.985966,1
0.0371713508612874,0.0753791341192232,0.147003745318352,0.4577832640216249,0.0236148955495004,0.1452747577902511,0.0426884650317892,0.347189630126271,0.0414788097385031,0.1482267353743558,0.0356472795497185,0.1863925086459972,0.033605812897366,0.1838638281370141,0.0361990950226244,0.0736075230219031,0.0640096618357488,0.496512131483778,0.5501068875851867,0.1244979919678714,0.0412371134020618,0.1540749521641435,0.3747654533135429,0.6725903364205507,0.4132287803340754,0.6580407546546304,0.4358974358974359,0.5357142857142857,0.5365853658536585,0.5090909090909091,0.7777777777777778,8.2606,47.09539,0
0.0290117860380779,0.0527225244051262,0.1853932584269663,0.5123273950535583,0.0290644868301544,0.0520174747873215,0.1852861035422343,0.5912409224511137,0.1866546438232642,0.399112678773182,0.0347091932457786,0.2568564636595298,0.0081743869209809,0.0537194242298799,0.1294117647058823,0.3909976008210424,0.1932367149758454,0.6349886009076315,0.1657505074961245,0.1004016064257028,0.1868556701030927,0.2725062103635371,0.7405065382319658,0.4450793577421754,0.7655003922724806,0.5595345887237271,0.2564102564102564,0.2738095238095238,0.2560975609756097,0.206060606060606,0.3777777777777777,11.543115,2.4741771,1
0.0670897552130553,0.0578265031971852,0.2668539325842696,0.4934315324914922,0.064486830154405,0.1762197276716446,0.0681198910081744,0.3394379691012994,0.21190261496844,0.3536544050781877,0.0590994371482176,0.1659683064547328,0.0690281562216167,0.1833583004261818,0.0714932126696832,0.1876808276277162,0.2548309178743961,0.6197790079516692,0.062358276479492,0.2248995983935743,0.2126288659793814,0.2577486526551829,0.6795144396983376,0.1189002565583853,0.6351966298794803,0.5717711264188361,0.2307692307692308,0.3333333333333333,0.3292682926829268,0.2666666666666666,0.4388888888888889,-12.983657,-50.6329,1
0.0616500453309156,0.1566368156204131,0.0814606741573033,0.1780359897274091,0.0808356039963669,0.1986018428735292,0.069936421435059,0.4154693930836408,0.0595130748422001,0.139585557327429,0.0609756097560975,0.1756317523405617,0.064486830154405,0.2099361161799567,0.0524886877828054,0.2256886162491625,0.0591787439613526,0.6573316179638872,0.0252240391720764,0.0522088353413654,0.0592783505154639,0.2989582139577621,0.6758392976125445,0.03044851906604,0.6615891755406074,0.5972361220892455,0.2649572649572649,0.3869047619047619,0.4024390243902438,0.3696969696969697,0.6555555555555557,-40.236156,-21.198452,1
0.0689029918404351,0.1789801024494459,0.0730337078651685,0.1890507277726076,0.0653950953678474,0.1804394083085019,0.0663033605812897,0.3316106082616307,0.0730387736699729,0.1459246454699622,0.0703564727954971,0.1830423703511666,0.0690281562216167,0.1833583004261818,0.0714932126696832,0.1804682479458821,0.1195652173913043,0.7144789484560271,0.0911533865108291,0.2088353413654618,0.0734536082474226,0.3129225191836586,0.778490617289434,0.2096404372712247,0.7203594219677156,0.6790583386743704,0.4871794871794873,0.5357142857142857,0.5243902439024389,0.4787878787878788,0.75,-21.601252,-13.849386,1
0.0154125113327289,0.1705429670711187,0.0205992509363295,0.1646474585003103,0.0263396911898274,0.2236969417362483,0.0108991825613079,0.3254177051601588,0.0207394048692515,0.1542392525364192,0.0112570356472795,0.1922214148645949,0.0081743869209809,0.1676881197766521,0.0171945701357466,0.1749775190357314,0.0277777777777777,0.6219176522099915,0.2305791137775835,0.0682730923694779,0.0206185567010309,0.2779353420352525,0.7121500674306533,0.399246481442272,0.7634203949242625,0.5341645846385977,0.358974358974359,0.5238095238095238,0.548780487804878,0.5212121212121213,0.5166666666666667,10.031322,11.139942,1
0.1006346328195829,0.1852927131578984,0.1011235955056179,0.1856191500776341,0.0944595821980018,0.1830599918733224,0.0935513169845594,0.3382873319179051,0.096483318304779,0.1462686359154463,0.0947467166979362,0.1844652090092028,0.0917347865576748,0.1784012288314362,0.0977375565610859,0.1854773946177393,0.1606280193236715,0.6462282390328246,0.2427099139904256,0.2730923694779116,0.0966494845360824,0.2668673690961753,0.5799864216695961,0.6387636477823072,0.7009131398810616,0.5809118924158369,0.5555555555555556,0.5416666666666667,0.5243902439024389,0.4666666666666667,0.638888888888889,23.76224,26.701315,0
0.0879419764279238,0.1843072977618173,0.0889513108614232,0.188440791138183,0.0808356039963669,0.1818717769650498,0.0808356039963669,0.344792857531711,0.0829576194770063,0.1429688757161729,0.0834896810506566,0.1844652090092028,0.0808356039963669,0.1793953299100572,0.085972850678733,0.1781150256382954,0.1461352657004831,0.5975929247081517,0.1175811771842387,0.2690763052208835,0.0824742268041237,0.2793025250851812,0.5864206191814645,0.3494748766103463,0.6855038233321297,0.5385603608323817,0.5726495726495727,0.5654761904761905,0.548780487804878,0.4909090909090909,0.8666666666666667,4.2262297,-7.5980062,0
0.0906618313689936,0.1805714766858935,0.0945692883895131,0.1869785779221718,0.0871934604904632,0.1843762778495526,0.0853769300635785,0.3234988146755923,0.0955816050495942,0.1406131196011657,0.099437148217636,0.1809706547227074,0.0990009082652134,0.1928238141711289,0.0941176470588235,0.1880957598179067,0.1654589371980676,0.6411690959955689,0.2192774226140947,0.2931726907630522,0.095360824742268,0.2745602907632463,0.5659276618540742,0.5745185713953019,0.6852191816568322,0.6235146134904257,0.5128205128205129,0.5535714285714286,0.5365853658536585,0.4787878787878788,0.6777777777777777,25.700497,17.921213,0
0.0335448776065276,0.1725331410090464,0.0393258426966292,0.1929928917553965,0.0317892824704813,0.1691423789912068,0.0381471389645776,0.3492503473041335,0.0477908025247971,0.1589698215948595,0.0356472795497185,0.1883551715788796,0.0326975476839237,0.1781777215775668,0.0380090497737556,0.1763684658109447,0.0712560386473429,0.7338028128168327,0.4562219202133771,0.1285140562248996,0.047680412371134,0.3735657306445225,0.7018351594342391,0.7345331265107191,0.5615552688621145,0.7541254058308101,0.4700854700854701,0.5178571428571429,0.5243902439024389,0.496969696969697,0.7777777777777778,5.116265,39.771862,0
0.0752493200362647,0.1690345608486528,0.0870786516853932,0.1782217897526015,0.0862851952770208,0.1856740646715223,0.0835603996366939,0.3414196220282561,0.0937781785392245,0.1492407511655769,0.0891181988742964,0.1978831178729614,0.0772025431425976,0.1819454152856504,0.0805429864253393,0.1754568743927801,0.1606280193236715,0.5945549357480623,0.1035891263214227,0.2811244979919678,0.0940721649484536,0.2795220321139385,0.5786505938230074,0.3264780394046677,0.7042433456820837,0.530436665311691,0.5384615384615385,0.5535714285714286,0.5304878048780487,0.4727272727272728,0.8277777777777777,2.138755,-10.874364,0
0.0543970988213961,0.1590231092340898,0.0711610486891385,0.0551344754633481,0.2742960944595822,0.5668534072453999,0.0535876475930971,0.3241920264213258,0.0694319206492335,0.0405414107273832,0.2936210131332082,0.5831573428296608,0.0554041780199818,0.1674240957857448,0.0678733031674208,0.186321262579007,0.1171497584541062,0.7030147564877303,0.0639659325185253,0.2128514056224899,0.0695876288659793,0.3103090658009492,0.7752573737414787,0.1557162035993962,0.6874648731775402,0.6541226854142568,0.4273504273504274,0.5357142857142857,0.5365853658536585,0.4848484848484849,0.8,-30.910498,-18.542795,1
0.0870353581142339,0.188242615843151,0.0852059925093633,0.1985871951629276,0.0708446866485013,0.1791381060649714,0.072661217075386,0.4203959076261345,0.0766456266907123,0.1459852267832357,0.074108818011257,0.1790292356746544,0.0753860127157129,0.1592423694846551,0.0959276018099547,0.1905853529590495,0.1292270531400966,0.6156732837052142,0.3280574290770227,0.2289156626506024,0.0773195876288659,0.4014044925209049,0.6987648232923517,0.5761457475024175,0.6940671303107427,0.6854683162687135,0.7008547008547009,0.5119047619047619,0.5304878048780487,0.5575757575757576,0.4833333333333334,9.862129,31.687355,0
0.0616500453309156,0.1759371734809185,0.0674157303370786,0.1817752152344059,0.064486830154405,0.186321262579007,0.0617620345140781,0.3336212997535202,0.0730387736699729,0.1482267353743558,0.0684803001876172,0.1830230120020777,0.067211625794732,0.1805325301451191,0.0714932126696832,0.1832944016171313,0.1183574879227053,0.7966348036952856,0.1126778685093601,0.2048192771084337,0.0734536082474226,0.3669216234145657,0.8659547276795367,0.3567042962964842,0.7274882897761629,0.7268850880241293,0.4786324786324787,0.5178571428571429,0.5243902439024389,0.4727272727272728,0.7333333333333334,-8.797279,-12.55746,1
0.0643699002719855,0.1746735933871849,0.0711610486891385,0.1790244458614326,0.069936421435059,0.1846978016117524,0.0681198910081744,0.3316973189584655,0.0730387736699729,0.1393771430146089,0.0759849906191369,0.1915794022993835,0.0690281562216167,0.1907191355988802,0.0669683257918552,0.1789872828428981,0.1207729468599033,0.6681420726529956,0.2271599901621503,0.2128514056224899,0.0734536082474226,0.334901945323648,0.7264779131558955,0.4544477162458,0.7310006082174049,0.5902566884300295,0.4700854700854701,0.5297619047619048,0.5243902439024389,0.5212121212121213,0.7722222222222223,3.544937,15.94939,0
0.1378059836808703,0.3890674416435034,0.0383895131086142,0.1890373967236631,0.0326975476839237,0.1709608644160414,0.0381471389645776,0.3443825991596692,0.0405770964833183,0.1497896220984396,0.0337711069418386,0.1806453358551958,0.0345140781108083,0.1819454152856504,0.0380090497737556,0.1800045821091927,0.0676328502415458,0.7992636295035449,0.5866891063674073,0.1365461847389558,0.0412371134020618,0.427071938797444,0.7158163003838024,0.7357061046896858,0.507613456629842,0.7668893036525158,0.4957264957264957,0.5476190476190476,0.548780487804878,0.5151515151515152,0.8055555555555555,15.017412,40.49326,0
0.0888485947416137,0.1701032386954481,0.1011235955056179,0.1820678502740839,0.0971843778383288,0.1762197276716446,0.1017257039055404,0.345932243373677,0.1055004508566276,0.1570891161623683,0.0938086303939962,0.1869447757933827,0.0890099909173478,0.1783401221684325,0.0950226244343891,0.1855406510677865,0.1908212560386473,0.6406043247321581,0.1785050604770427,0.3453815261044177,0.1056701030927835,0.2832148762107878,0.6358223041963518,0.426342211186821,0.6637683266733287,0.610918882056573,0.5299145299145299,0.5654761904761905,0.548780487804878,0.4909090909090909,0.6833333333333333,7.19555,-0.71308655,0
0.0589301903898458,0.1688058883567455,0.0692883895131086,0.0531509194962472,0.2779291553133515,0.5512765169150514,0.0581289736603088,0.3257158432317668,0.0793507664562669,0.1504830883932317,0.073170731707317,0.1902339970377031,0.067211625794732,0.1750668955225373,0.0751131221719457,0.1818717769650498,0.1304347826086956,0.6938979283072806,0.0865233761265981,0.2248995983935743,0.0798969072164948,0.3065813924883346,0.7546391419839483,0.1852660442729116,0.6956914592329227,0.6625615978396658,0.4786324786324787,0.5238095238095238,0.5243902439024389,0.4727272727272728,0.7611111111111112,-26.621187,-15.1308975,1
0.0670897552130553,0.1832398621755266,0.0683520599250936,0.1817853060978431,0.0653950953678474,0.0074010896337645,0.7284287011807448,0.804339836405663,0.0712353471596032,0.1518513024578692,0.0637898686679174,0.1786168514906542,0.0653950953678474,0.1777067598640563,0.0714932126696832,0.1861985181482772,0.1207729468599033,0.7704340460878344,0.089690153394285,0.2208835341365461,0.0708762886597938,0.3609756972493357,0.8454278514919737,0.2637570180816547,0.7419726813065025,0.6904000743771371,0.4273504273504274,0.5357142857142857,0.5365853658536585,0.4909090909090909,0.75,-13.304645,-14.405123,1
0.0689029918404351,0.0518788973153263,0.296816479400749,0.5564734810392704,0.0608537693006357,0.0566359684094553,0.2506811989100817,0.6064113653639485,0.0793507664562669,0.0455714640012912,0.2926829268292683,0.5770632831710296,0.0563124432334241,0.1661907782391775,0.069683257918552,0.1776611899075466,0.1268115942028985,0.7094845088583481,0.0665388639362959,0.2128514056224899,0.0798969072164948,0.320776992595134,0.7874106120201061,0.1634879172817301,0.7234223899082401,0.6712129142165574,0.5897435897435899,0.5297619047619048,0.5182926829268292,0.4666666666666667,0.7722222222222223,-30.013527,13.141785,1
0.0861287398005439,0.1676876265078155,0.1001872659176029,0.17974617117476,0.0980926430517711,0.1842083783489156,0.0962761126248864,0.3328015914003175,0.1000901713255184,0.1482267353743558,0.0966228893058161,0.19194766642264,0.0881017257039055,0.18570182847365,0.0886877828054298,0.1806269803944784,0.178743961352657,0.6491142190851747,0.2272362166078476,0.321285140562249,0.1005154639175257,0.2836100249889597,0.5642476817226467,0.6100881742123482,0.6879715181077388,0.6010078309434143,0.5470085470085471,0.5595238095238095,0.5426829268292682,0.4848484848484849,0.6722222222222222,23.412737,23.685928,0
0.0834088848594741,0.1805121609232342,0.0870786516853932,0.1969200286515084,0.0735694822888283,0.1765774523104677,0.0772025431425976,0.3361730360934182,0.0919747520288548,0.1534845950325388,0.0834896810506566,0.1926191690110253,0.0753860127157129,0.2276875717103532,0.053393665158371,0.1248374613679609,0.1618357487922705,0.6118150670109116,0.0820159480750879,0.2931726907630522,0.0914948453608247,0.288405238087986,0.5863472759627545,0.2908848740649862,0.7026225652876481,0.5317627917127958,0.4786324786324787,0.5595238095238095,0.5426829268292682,0.4848484848484849,0.8166666666666667,0.108535685,-15.879723,0
0.070716228467815,0.1736914222409202,0.0786516853932584,0.1805543493045391,0.0762942779291553,0.1818717769650498,0.0762942779291553,0.3244393124826693,0.0901713255184851,0.1432163044059697,0.0909943714821763,0.1807888571008666,0.0908265213442325,0.3934838928377642,0.0153846153846153,0.0470633946446578,0.1582125603864734,0.6721333978770775,0.3445310719021091,0.285140562248996,0.0902061855670103,0.3214991629717908,0.7557364137207823,0.6344928474489493,0.7230398837462114,0.7371505169324812,0.5042735042735043,0.5357142857142857,0.548780487804878,0.5818181818181818,0.4944444444444445,12.276936,33.120644,0
0.1323662737987307,0.440526475556676,0.0243445692883895,0.0848358386289799,0.0990009082652134,0.3820029417304621,0.0181653042688465,0.246633128688916,0.127141568981064,0.2285367860390594,0.0628517823639774,0.1151565489937111,0.1226158038147139,0.4561079274438689,0.0190045248868778,0.0707736830415537,0.1328502415458937,0.6912640033097158,0.0342087692589702,0.0843373493975903,0.1275773195876288,0.3004291547723702,0.6801208751272073,0.2319791021082545,0.8058214725519977,0.6181017573240167,0.3760683760683761,0.3392857142857142,0.3109756097560975,0.303030303030303,0.2722222222222222,12.4362955,-26.487743,1
0.0235720761559383,0.0986481189834151,0.0842696629213483,0.0788805154679966,0.2234332425068119,0.2830303150163207,0.1289736603088101,0.3431431309406502,0.1650135256988277,0.1707851140722039,0.1369606003752345,0.1788117967412725,0.1380563124432334,0.1810201630697273,0.1420814479638009,0.1856398098273199,0.1690821256038647,0.5985763184122999,0.1648818745165121,0.0883534136546184,0.1649484536082474,0.2099224065718221,0.5893478743362686,0.2982836707046787,0.6652681694095873,0.5225227311023061,0.2564102564102564,0.2738095238095238,0.2682926829268293,0.2606060606060607,0.3999999999999999,-1.6643693,-7.078012,1
0.0734360834088848,0.1918842198477044,0.0692883895131086,0.1803717614726848,0.067211625794732,0.1847562710872014,0.0653950953678474,0.3348587440944128,0.0757439134355275,0.1493777803265527,0.0703564727954971,0.1685649870056488,0.0790190735694822,0.1832605536554532,0.0814479638009049,0.1858934274238188,0.1340579710144927,0.5978165479753365,0.1000507011988438,0.2489959839357429,0.0760309278350515,0.2882111385063842,0.5740914448804584,0.3375236803758238,0.7107237818853634,0.5293043413731233,0.5384615384615385,0.5654761904761905,0.548780487804878,0.4909090909090909,0.8666666666666667,4.1534357,-10.315041,0
0.0670897552130553,0.1761727550784819,0.0730337078651685,0.0331471214334619,0.4041780199818346,0.4185368039625723,0.1544050862851952,0.4736022646850672,0.0775473399458972,0.1482267353743558,0.073170731707317,0.1873108863252751,0.0690281562216167,0.1847904084937952,0.0705882352941176,0.0221695802904573,0.1292270531400966,0.6418654639402663,0.1320571179146433,0.2289156626506024,0.0773195876288659,0.2633685111380862,0.7034712216368412,0.2752811120107226,0.6316514749804073,0.6362011293243026,0.6752136752136753,0.5416666666666667,0.5304878048780487,0.4848484848484849,0.75,-16.459873,-6.8903913,1
0.057116953762466,0.1882227537938503,0.0552434456928839,0.1800460081817631,0.0535876475930971,0.1671446062709658,0.0626702997275204,0.3394869323856991,0.054102795311091,0.141674633338774,0.0534709193245778,0.1796831873539986,0.0544959128065395,0.1714900652457184,0.0642533936651583,0.184902586006441,0.0857487922705314,0.7307608326984218,0.2573184743467227,0.1566265060240964,0.0541237113402061,0.3690116188410562,0.7074037916841085,0.3961495406863297,0.6788301040753942,0.7409016595307334,0.4615384615384616,0.5059523809523809,0.5304878048780487,0.4848484848484849,0.7722222222222223,-2.7953255,11.527527,0
0.0716228467815049,0.1920254334145197,0.0674157303370786,0.1789089953252309,0.0663033605812897,0.1697289871927663,0.0744777475022706,0.3499524123288673,0.0703336339044184,0.1494264160287582,0.0647279549718574,0.1758704944126871,0.0681198910081744,0.186271767026312,0.0687782805429864,0.1776327399949958,0.1147342995169082,0.7407960753759864,0.0914654083258658,0.2008032128514056,0.0708762886597938,0.3299045680518922,0.8071856584748732,0.2391968781303692,0.7433902955759515,0.6985136705300138,0.5470085470085471,0.5416666666666667,0.5243902439024389,0.4727272727272728,0.7666666666666667,-16.40376,-13.873695,1
0.0589301903898458,0.1610112201048322,0.0749063670411985,0.0597063166969369,0.2652134423251589,0.5381602176085929,0.0563124432334241,0.3288247492069148,0.0757439134355275,0.1553744830495361,0.0656660412757973,0.1859581876010858,0.0626702997275204,0.1776190635449889,0.0687782805429864,0.1762576608883788,0.1207729468599033,0.6602324730030527,0.0812457158114873,0.2048192771084337,0.0760309278350515,0.2785583365897791,0.7045528808787437,0.152083067609255,0.6650184702437334,0.6506797849211928,0.4444444444444445,0.5059523809523809,0.5182926829268292,0.4666666666666667,0.7555555555555555,-34.268322,-15.373505,1
0.0770625566636446,0.1872913282187471,0.0758426966292134,0.1846337363173534,0.0708446866485013,0.1777978972795434,0.0735694822888283,0.3319444444444444,0.0748422001803426,0.151751314400393,0.0675422138836773,0.1760412503318232,0.0708446866485013,0.1792119904386094,0.0760180995475113,0.183247604753576,0.1292270531400966,0.5879883312283024,0.1014819747126601,0.2369477911646586,0.0747422680412371,0.2658964015722875,0.5537848444770881,0.3218141760546692,0.6961504267526237,0.5198387927486574,0.5470085470085471,0.5595238095238095,0.5426829268292682,0.4848484848484849,0.8388888888888889,0.57706493,-10.965949,0
0.0716228467815049,0.137756422633712,0.1114232209737827,0.393935619000967,0.0199818346957311,0.0655821833255025,0.1280653950953678,0.3321920646761411,0.1145175834084761,0.3333948363799306,0.0178236397748592,0.0653397362206713,0.1244323342415985,0.430259978734037,0.0244343891402714,0.16765934233406,0.1292270531400966,0.6554130853944756,0.0651538444920183,0.1124497991967871,0.1146907216494845,0.2475008489626422,0.6053422425090115,0.1246762204624602,0.7527059216251201,0.5730228356775585,0.4102564102564102,0.3869047619047619,0.3597560975609755,0.296969696969697,0.4944444444444445,-39.354893,-16.038126,1
0.0362647325475974,0.0826654691868482,0.1310861423220973,0.4000134236712027,0.028156221616712,0.0977406984022941,0.0917347865576748,0.3554158044200776,0.0577096483318304,0.0923291148832979,0.1116322701688555,0.2653008700344652,0.0599455040871934,0.288771817867565,0.020814479638009,0.0497042562880624,0.0833333333333333,0.6878144638770394,0.230496660221018,0.1365461847389558,0.0579896907216494,0.2776775204944749,0.7088488356242572,0.3392405433298406,0.6686333644141886,0.697135049370658,0.5470085470085471,0.494047619047619,0.4999999999999999,0.4606060606060606,0.75,-5.286617,3.6530511,1
0.2801450589301903,0.5362996740310396,0.0655430711610486,0.1719257875566526,0.0690281562216167,0.0578818759356771,0.2661217075386012,0.6113335355373571,0.2678088367899008,0.4450568124408682,0.0553470919324577,0.1602769518225882,0.0690281562216167,0.0579666743749806,0.2687782805429864,0.5273840076836463,0.3103864734299517,0.6451668669129672,0.064344609128075,0.2369477911646586,0.268041237113402,0.2777372305145745,0.71858704664705,0.1875698542973711,0.6475993605226533,0.6474878986792544,0.2051282051282051,0.3154761904761905,0.2865853658536585,0.2242424242424242,0.3999999999999999,16.626696,-36.90917,1
0.0870353581142339,0.1805425249445955,0.0908239700374531,0.1795419478263369,0.0890099909173478,0.1843466387858308,0.0871934604904632,0.3353371516976908,0.096483318304779,0.1492229614148537,0.0919324577861163,0.1705633755634725,0.0999091734786557,0.1866181974264022,0.0995475113122171,0.1968987822720672,0.1690821256038647,0.6286275268161725,0.1938149877203226,0.3012048192771084,0.0966494845360824,0.2613679311888396,0.6086967124108253,0.4905704355432731,0.6572900476482508,0.5775867943004516,0.4957264957264957,0.5595238095238095,0.5426829268292682,0.4848484848484849,0.6611111111111112,25.770742,6.3885074,0
0.0679963735267452,0.1939119355674716,0.0627340823970037,0.1758713544688739,0.0635785649409627,0.1833444940344581,0.0626702997275204,0.3371045090790313,0.0658250676284941,0.1457930974754255,0.0628517823639774,0.1785762378967754,0.064486830154405,0.1722517132618724,0.07420814479638,0.1861108139351036,0.1135265700483091,0.640691583264279,0.2040301878556273,0.2128514056224899,0.065721649484536,0.317043015679641,0.689432987833778,0.4106721878167895,0.6901662980972195,0.5555055751418306,0.4957264957264957,0.5416666666666667,0.5426829268292682,0.5515151515151515,0.8166666666666667,1.090498,10.370479,0
0.0870353581142339,0.1923105883933314,0.0823970037453183,0.1929415522747512,0.0717529518619436,0.1875238262584549,0.0681198910081744,0.3138446056232588,0.1866546438232642,0.2930861341202136,0.0694183864915572,0.0991469445998887,0.1571298819255222,0.4977396613897209,0.0262443438914027,0.1201871814391814,0.2282608695652173,0.6408362877192844,0.0370084393252406,0.216867469879518,0.1868556701030927,0.2752772611283196,0.6903577322543786,0.2045273611633802,0.7147563037102048,0.5737940553747731,0.4615384615384616,0.3869047619047619,0.347560975609756,0.2848484848484848,0.4333333333333333,-17.056885,-22.85988,1
0.0698096101541251,0.1875970992408769,0.0683520599250936,0.0272085508985289,0.4377838328792007,0.4818022348637761,0.1407811080835604,0.4591042361742999,0.3011722272317403,0.2277673269974858,0.1866791744840525,0.4093168333018854,0.0535876475930971,0.1631978910761171,0.0687782805429864,0.1818717769650498,0.3393719806763285,0.6514970512998349,0.0203826093525248,0.2289156626506024,0.3015463917525773,0.288675737140168,0.7347819537664418,0.111771019620423,0.7000525964128332,0.6076461119327252,0.3247863247863248,0.2916666666666667,0.2560975609756097,0.1939393939393939,0.3833333333333333,-8.971902,-47.36809,1
0.0806890299184043,0.1885341394699845,0.0786516853932584,0.1818877671727436,0.0753860127157129,0.1716705172647575,0.0826521344232515,0.3332830814457468,0.084761045987376,0.1391005932533668,0.0891181988742964,0.1819710565380571,0.0881017257039055,0.18570182847365,0.0886877828054298,0.19239383099554,0.143719806763285,0.630687092313457,0.230812185920939,0.253012048192771,0.0850515463917525,0.2624122938268969,0.572751221394983,0.5887851337119527,0.7012058784625559,0.5524880488504312,0.4700854700854701,0.5535714285714286,0.5304878048780487,0.4787878787878788,0.65,26.791199,22.231464,0
0.0154125113327289,0.1022525309937337,0.0664794007490636,0.0825375091318319,0.1807447774750227,0.3596998584752476,0.067211625794732,0.270217320007595,0.0477908025247971,0.2063021852351952,0.0140712945590994,0.1361136567176936,0.0372388737511353,0.1605407616605927,0.0524886877828054,0.1262660665755951,0.0507246376811594,0.6507210044363049,0.1313598742958022,0.0602409638554216,0.047680412371134,0.289012737883466,0.6878359018713064,0.3173567772030076,0.7718764489621146,0.5784877122196879,0.5213675213675214,0.4523809523809524,0.4451219512195121,0.4727272727272728,0.4277777777777777,-3.3537884,-6.066936,1
0.0670897552130553,0.1908153942435817,0.0636704119850187,0.1745198844230786,0.0653950953678474,0.1818717769650498,0.0653950953678474,0.3455884973549822,0.0694319206492335,0.0432514357340062,0.2786116322701688,0.55350739872132,0.0563124432334241,0.1610347152057863,0.0733031674208144,0.1876012515912413,0.1135265700483091,0.6485850348232185,0.0615309974398335,0.2008032128514056,0.0695876288659793,0.2910786836307637,0.7097616394051398,0.1007962400518324,0.6722476448665377,0.6145238714716859,0.3846153846153847,0.5416666666666667,0.5304878048780487,0.4787878787878788,0.7777777777777778,-37.902103,-20.411644,1
0.0879419764279238,0.1769235572823444,0.0945692883895131,0.1935163040214873,0.0826521344232515,0.1870999225614495,0.0790190735694822,0.3372367501417626,0.0910730387736699,0.1615011239139763,0.0759849906191369,0.1790980454636993,0.0772025431425976,0.1819454152856504,0.0805429864253393,0.1818717769650498,0.1618357487922705,0.6145733347323293,0.1109613547355545,0.2931726907630522,0.0914948453608247,0.2960821502881147,0.5687354755721018,0.335382813452462,0.7081207078404365,0.5280440238445644,0.5470085470085471,0.5595238095238095,0.5426829268292682,0.4848484848484849,0.8444444444444444,4.833042,-9.568415,0
0.0634632819582955,0.1666517842249824,0.0758426966292134,0.0595682780123478,0.2679382379654859,0.5264028105119729,0.0599455040871934,0.3258834630809153,0.3038773669972948,0.4814203947720343,0.0590994371482176,0.1659683064547328,0.0690281562216167,0.1805513686136595,0.0733031674208144,0.1846978016117524,0.3417874396135266,0.6651788608968688,0.0422811729388449,0.2289156626506024,0.3041237113402061,0.2946017535092329,0.7492547321879315,0.1433898086665482,0.6770455100635406,0.6071498057755156,0.2820512820512821,0.2797619047619047,0.25,0.1878787878787879,0.3333333333333333,-7.8374577,-47.5589,1
0.0725294650951949,0.1831817656813219,0.0739700374531835,0.183238390432796,0.069936421435059,0.1751257826471145,0.0744777475022706,0.2321659453426969,0.2867448151487827,0.4576208476722002,0.0590994371482176,0.1713064045924684,0.0653950953678474,0.0528397736316081,0.2805429864253393,0.5512765169150514,0.3285024154589372,0.6744319833935771,0.0702339980318638,0.2369477911646586,0.2873711340206185,0.3014746588024283,0.7507214130112722,0.2146890652986897,0.6694892365828368,0.6114534747852678,0.1965811965811966,0.2797619047619047,0.2682926829268293,0.206060606060606,0.3555555555555555,-5.6443763,-46.771976,1
0.0698096101541251,0.1817874498204099,0.0720973782771535,0.1890910912263563,0.064486830154405,0.0270056263257471,0.4377838328792007,0.5808749580958766,0.0730387736699729,0.040207368983234,0.3058161350844278,0.2834518852077986,0.1807447774750227,0.4037255676478458,0.0570135746606334,0.1631225651710642,0.1231884057971014,0.6618927392138314,0.0438336906331919,0.2208835341365461,0.0734536082474226,0.2928278313860706,0.7439494178996211,0.0878414964521955,0.6848475123591817,0.620679583677987,0.4444444444444445,0.5476190476190476,0.5365853658536585,0.4909090909090909,0.7555555555555555,-38.494877,-20.93896,1
0.0915684496826835,0.1713878563826677,0.1029962546816479,0.179803109532228,0.1008174386920981,0.1913774962312312,0.0935513169845594,0.3300587211415237,0.0982867448151487,0.1482267353743558,0.0947467166979362,0.1751463975785484,0.0990009082652134,0.1941027990530133,0.0932126696832579,0.1830947349992953,0.1739130434782608,0.6311223801345768,0.1705490428653786,0.3132530120481928,0.0979381443298969,0.2617504300523532,0.598218412926925,0.44933238299613,0.6714565078486374,0.6253031315020965,0.5897435897435899,0.5654761904761905,0.548780487804878,0.4909090909090909,0.7055555555555556,23.991667,4.0014033,0
0.0761559383499546,0.1817874498204099,0.0786516853932584,0.1805543493045391,0.0762942779291553,0.1779506677677499,0.0790190735694822,0.3351742583112987,0.078449053201082,0.1357617607700781,0.0853658536585365,0.1757867252645729,0.0890099909173478,0.1856794688713405,0.0895927601809954,0.2008832154974127,0.1364734299516908,0.5956714690607237,0.1182640491260509,0.2489959839357429,0.0786082474226804,0.2782331560410787,0.5769450103765742,0.3567832845732192,0.7058960785341551,0.5250460190575702,0.5641025641025642,0.5535714285714286,0.5426829268292682,0.4909090909090909,0.8666666666666667,4.204607,-7.1153364,0
0.0806890299184043,0.1844348849993569,0.0814606741573033,0.1859396369529007,0.0753860127157129,0.1873750881191548,0.0717529518619436,0.3394074886461101,0.102795311091073,0.1825263299230395,0.0712945590994371,0.1858976614419554,0.0681198910081744,0.186271767026312,0.0687782805429864,0.1735621415800434,0.1195652173913043,0.6188912371074982,0.1137450089231949,0.1164658634538152,0.1030927835051546,0.2993758502261345,0.6565745461212438,0.3505672772452211,0.7081037924362972,0.5065962928056509,0.2649572649572649,0.3988095238095238,0.3841463414634146,0.3272727272727273,0.5333333333333333,5.9522686,-8.903266,1
0.0761559383499546,0.1946800964795286,0.0702247191011236,0.1970798142073474,0.0581289736603088,0.1881612754268841,0.0544959128065395,0.4010623007274133,0.0694319206492335,0.1544440584738131,0.0600375234521576,0.1713965333898433,0.0663033605812897,0.1723784283210067,0.0760180995475113,0.1702536756397168,0.1171497584541062,0.6043125259462301,0.3193728664529145,0.2128514056224899,0.0695876288659793,0.3893991810418864,0.6697975028992574,0.5819436876020255,0.6890546770269502,0.5997466867909337,0.7094017094017094,0.5059523809523809,0.5426829268292682,0.5878787878787879,0.5000000000000001,10.114993,31.691456,0
0.4170444242973708,0.4513351496562189,0.150749063670412,0.3192202897214737,0.0617620345140781,0.1719806907015907,0.0681198910081744,0.3442014461122741,0.0739404869251578,0.147075690422159,0.0703564727954971,0.1859074060163278,0.067211625794732,0.1877945621611369,0.0669683257918552,0.1694893268683133,0.1268115942028985,0.750016094573193,0.0853580215147542,0.2329317269076305,0.0734536082474226,0.3420050681999611,0.8242523865556983,0.2291216331834449,0.7221661653423043,0.6817525210049383,0.4358974358974359,0.5416666666666667,0.548780487804878,0.496969696969697,0.7833333333333334,9.782948,-35.174942,1
0.0843155031731641,0.4239580993472483,0.0046816479400749,0.0398226298107636,0.1498637602179836,0.289764717935339,0.0762942779291553,0.3208896977049843,0.0829576194770063,0.1370725616709248,0.0891181988742964,0.1759850906073073,0.0926430517711171,0.1772726331448987,0.0995475113122171,0.1929431441103671,0.1425120772946859,0.6257158445110457,0.3592983561597052,0.2570281124497992,0.0824742268041237,0.2889545668137471,0.7007932705714884,0.6820895885766145,0.6907391536183848,0.7382372513686698,0.4700854700854701,0.5357142857142857,0.5426829268292682,0.5575757575757576,0.4833333333333334,16.803558,38.377647,0
0.0716228467815049,0.1817874498204099,0.0739700374531835,0.183238390432796,0.069936421435059,0.1905853529590495,0.064486830154405,0.3406696370722566,0.0829576194770063,0.1549957944309835,0.073170731707317,0.1763631850583473,0.0762942779291553,0.1767502102968643,0.0832579185520362,0.1780463045774402,0.1461352657004831,0.565249375326219,0.0946526935803931,0.2690763052208835,0.0824742268041237,0.2718432030584807,0.5450754261724625,0.2774241522649858,0.6758009944727633,0.4967026887831667,0.5641025641025642,0.5714285714285714,0.548780487804878,0.496969696969697,0.8222222222222222,-2.3736954,-16.327393,0
0.0670897552130553,0.1803549335249522,0.0702247191011236,0.0273750217058959,0.4432334241598546,0.4171383288030415,0.1734786557674841,0.4974813704675076,0.0757439134355275,0.1517271734481599,0.0684803001876172,0.0494583488795238,0.298819255222525,0.5690158210193055,0.0651583710407239,0.1733360290525603,0.1280193236714976,0.6997885732314039,0.0769193148439765,0.2289156626506024,0.0760309278350515,0.3068853849638895,0.7623412948085306,0.1445579250583153,0.6704069556739909,0.6544225420420796,0.6666666666666667,0.5357142857142857,0.5426829268292682,0.4848484848484849,0.7833333333333334,-31.96628,-18.251625,1
0.0507706255666364,0.1817874498204099,0.0524344569288389,0.1783761466966074,0.0517711171662125,0.1711865158921158,0.0581289736603088,0.3420741304095235,0.0577096483318304,0.1469163149672395,0.0534709193245778,0.1707383986464223,0.0599455040871934,0.1732927118043274,0.0687782805429864,0.1878044244503262,0.0942028985507246,0.6562377434164802,0.2566183914708769,0.1726907630522088,0.0579896907216494,0.2915891911614299,0.6398840177987436,0.4206618734575159,0.6476594180764098,0.7234161471644664,0.4786324786324787,0.5178571428571429,0.5365853658536585,0.4848484848484849,0.7222222222222222,6.3347273,11.0955105,0
0.0661831368993653,0.1817874498204099,0.0683520599250936,0.1761680136352064,0.0690281562216167,0.1891330902933829,0.064486830154405,0.3326113699729739,0.0748422001803426,0.151751314400393,0.0675422138836773,0.1889441447848518,0.0626702997275204,0.1762164563596603,0.069683257918552,0.1790457523183471,0.1159420289855072,0.6985552242682658,0.0832842109651181,0.1927710843373494,0.0747422680412371,0.3156922886370464,0.7901596838610158,0.2470095444484771,0.7029193535390695,0.6783742072747101,0.5982905982905984,0.5059523809523809,0.5121951219512194,0.4606060606060606,0.7666666666666667,-16.55285,-12.738083,1
0.0507706255666364,0.1868474670575909,0.049625468164794,0.2190171650953156,0.0299727520435967,0.1472919163274447,0.0490463215258855,0.2962516279517749,0.1172227231740306,0.3641413536166704,0.0121951219512195,0.0790836206815545,0.0890099909173478,0.3492310159245634,0.0235294117647058,0.1069821238274308,0.1026570048309178,0.839913270793871,0.08335734877844,0.0160642570281124,0.1172680412371134,0.3916718322526246,0.8319531755629215,0.1646191604517096,0.8282202862368618,0.7377939192076617,0.2136752136752137,0.2619047619047619,0.2560975609756097,0.2303030303030303,0.3944444444444444,-21.728167,-18.769115,1
0.0625566636446056,0.1817874498204099,0.0646067415730337,0.1732051890724069,0.067211625794732,0.1847562710872014,0.0653950953678474,0.3371288136579123,0.0694319206492335,0.1494349244021936,0.0637898686679174,0.1678375258682313,0.072661217075386,0.1833211192382731,0.0751131221719457,0.1846601212831297,0.1171497584541062,0.6238350144742691,0.1785250366030963,0.2128514056224899,0.0695876288659793,0.2856314257175312,0.6716718272332863,0.3855029760530289,0.6862732727078756,0.5557379072218632,0.4957264957264957,0.5059523809523809,0.5365853658536585,0.5333333333333333,0.7388888888888889,3.4426599,1.6572126,0
0.0589301903898458,0.1688058883567455,0.0692883895131086,0.1803717614726848,0.067211625794732,0.1907707481929643,0.0617620345140781,0.3419643681344042,0.0532010820559062,0.1482267353743558,0.047842401500938,0.1844652090092028,0.0463215258855585,0.1836454722027125,0.0488687782805429,0.1768925906827642,0.0893719806763285,0.6312956565857551,0.2617946016855554,0.1726907630522088,0.0528350515463917,0.2784570290437616,0.5897878791527081,0.3394800251599629,0.5573414602665392,0.6788893197682481,0.4871794871794873,0.5416666666666667,0.548780487804878,0.5333333333333333,0.7666666666666667,-4.195419,5.1549206,0
0.0897552130553037,0.169076835618725,0.1029962546816479,0.1995423426434283,0.0862851952770208,0.1909642040892233,0.0799273387829246,0.3322103139792601,0.0766456266907123,0.1482267353743558,0.0722326454033771,0.1776264038463839,0.0744777475022706,0.1741526078024713,0.0832579185520362,0.1957211692733936,0.1316425120772947,0.7053762800122889,0.2485545074409259,0.2369477911646586,0.0773195876288659,0.2747224774607001,0.6253670729413846,0.5241931239195115,0.7547752315604549,0.6760641541313316,0.5128205128205129,0.5476190476190476,0.5365853658536585,0.4848484848484849,0.6944444444444444,28.82425,13.953478,0
0.0353581142339075,0.1762348645335918,0.0393258426966292,0.2106290301466582,0.0245231607629427,0.1928783992732599,0.0199818346957311,0.2366589948081143,0.0288548241659152,0.1040125506456964,0.0544090056285178,0.0953489204937085,0.1389645776566757,0.1896190666911052,0.134841628959276,0.3834615350965021,0.143719806763285,0.769858584776092,0.8772338401958414,0.429718875502008,0.0283505154639175,0.8618088563426058,0.6513444057542324,0.9673527489367788,0.5792797038649758,0.3413865255061379,0.2051282051282051,0.1547619047619047,0.1768292682926829,0.1393939393939394,0.1666666666666666,-2.7210205,38.554756,0
0.0752493200362647,0.0335260751960136,0.4288389513108614,0.3503677175004299,0.2016348773841962,0.4041593659588322,0.0635785649409627,0.3282722464334934,0.0775473399458972,0.1516798702309463,0.0703564727954971,0.1859074060163278,0.067211625794732,0.1791386099058029,0.0723981900452488,0.1724879258945886,0.1340579710144927,0.7509583957149207,0.0890982544900697,0.2449799196787148,0.0773195876288659,0.3406897839612791,0.8090916728311349,0.2276911117401373,0.7260358535547398,0.7073923157846982,0.5213675213675214,0.5297619047619048,0.548780487804878,0.496969696969697,0.788888888888889,-27.079603,10.823858,1
0.041704442429737,0.1992163980818111,0.0346441947565543,0.168707547083267,0.0390554041780199,0.1973625787321603,0.0317892824704813,0.3293850337095392,0.042380522993688,0.0601122597234271,0.149155722326454,0.4195957646981222,0.033605812897366,0.1782113616999604,0.0389140271493212,0.1818717769650498,0.0628019323671497,0.6937054190360673,0.510904306914515,0.1164658634538152,0.0425257731958762,0.306093840882832,0.6073287817252724,0.7627166441970933,0.5582789057400708,0.7509296033356312,0.4188034188034188,0.5238095238095238,0.5243902439024389,0.496969696969697,0.85,4.5044274,42.588688,0
0.0643699002719855,0.173308502017566,0.0720973782771535,0.183238390432796,0.0681198910081744,0.1861985181482772,0.0653950953678474,0.3371288136579123,0.3733092876465284,0.0799995902729275,0.6810506566604128,0.7154024466717365,0.1407811080835604,0.3133841015019392,0.0642533936651583,0.1705676783782394,0.4106280193236715,0.6889495227191527,0.0568309869389444,0.2409638554216867,0.3737113402061855,0.3051296210988383,0.7647167577249809,0.2200081939504976,0.6932407949392607,0.6578916772291254,0.1538461538461538,0.244047619047619,0.2195121951219512,0.1575757575757576,0.2944444444444444,-5.74511,-49.360287,1
0.5077062556663645,0.5069396505837175,0.1647940074906367,0.3364727384823749,0.0635785649409627,0.1694893268683133,0.0717529518619436,0.3452384414778621,0.0757439134355275,0.0434608247899097,0.2945590994371482,0.5502449640205386,0.0626702997275204,0.1707930419097229,0.0733031674208144,0.1861396509212945,0.1171497584541062,0.6717636486640397,0.0970931716320313,0.1927710843373494,0.0760309278350515,0.2928778217946274,0.7439739916050098,0.2131363429632735,0.6603719780270858,0.6420439244498984,0.452991452991453,0.5119047619047619,0.5060975609756097,0.4606060606060606,0.7388888888888889,10.346573,-35.46533,1
0.0435176790571169,0.2917238927000177,0.0065543071161048,0.0327403700269596,0.181653042688465,0.355909375341849,0.0690281562216167,0.3327956544517054,0.0730387736699729,0.1568057466727436,0.0619136960600375,0.1729276329522022,0.067211625794732,0.1791386099058029,0.0723981900452488,0.1639100497626946,0.1280193236714976,0.665703150141795,0.3500857272257836,0.2369477911646586,0.0734536082474226,0.418507739281218,0.7420455396196632,0.6373990843792088,0.7189432218714784,0.5633222274142319,0.717948717948718,0.5178571428571429,0.5426829268292682,0.5878787878787879,0.7944444444444445,8.889988,33.877697,0
0.0698096101541251,0.1817874498204099,0.0720973782771535,0.1936985365319251,0.0617620345140781,0.3459958412570946,0.0054495912806539,0.2366302801546962,0.0694319206492335,0.1482267353743558,0.0647279549718574,0.1829826708270532,0.0635785649409627,0.1849114720345673,0.0651583710407239,0.1761027887207465,0.1207729468599033,0.6547983484351934,0.2184020295712706,0.2248995983935743,0.0695876288659793,0.324199100367546,0.6920098406673757,0.4417592666788783,0.6901336205933638,0.5664900203732501,0.4871794871794873,0.5535714285714286,0.548780487804878,0.5636363636363636,0.7833333333333334,3.4926324,14.515964,0
0.0924750679963735,0.17706095537664,0.099250936329588,0.1752227349981373,0.1008174386920981,0.1830145410298366,0.0999091734786557,0.332055723172049,0.1009918845807033,0.1472696867624169,0.098499061913696,0.1893388402746599,0.0917347865576748,0.1819454152856504,0.0950226244343891,0.1843034725912822,0.178743961352657,0.6204356501474115,0.2224590849071114,0.321285140562249,0.1005154639175257,0.261157279672693,0.5510552009878119,0.5944233684581094,0.7255382372043213,0.5745872242786993,0.4957264957264957,0.5595238095238095,0.5426829268292682,0.4909090909090909,0.6777777777777777,26.40587,21.349144,0
0.0353581142339075,0.189679803750101,0.0327715355805243,0.1774393841419289,0.0326975476839237,0.1762701923974785,0.0354223433242506,0.3382873319179051,0.0378719567177637,0.1350095640267166,0.0403377110694183,0.2001691319756759,0.0317892824704813,0.0754909421517967,0.1366515837104072,0.4238016516219824,0.0615942028985507,0.6389263316064977,0.4868673351732488,0.1285140562248996,0.0373711340206185,0.2733955768371794,0.5453099701012587,0.6827977559051923,0.5280580286235654,0.7049145218460805,0.4358974358974359,0.5476190476190476,0.5548780487804877,0.5272727272727273,0.8666666666666667,7.8951163,43.741356,0
0.0126926563916591,0.1723875676120136,0.0168539325842696,0.1905882937549415,0.0118074477747502,0.0640394599700488,0.1126248864668483,0.3382873319179051,0.1550946798917944,0.3736961289517323,0.0272045028142589,0.0974582138452465,0.0908265213442325,0.3747885382443974,0.0190045248868778,0.125764848613442,0.1545893719806763,0.6788898584516333,0.0842945704144417,0.072289156626506,0.1546391752577319,0.2899081484061531,0.7115306384080955,0.3163523560117212,0.8321343323059935,0.6061016421547692,0.3076923076923077,0.2976190476190476,0.2682926829268293,0.2303030303030303,0.25,-2.193515,-12.311105,1
0.0716228467815049,0.1875175150022404,0.0702247191011236,0.1749213945682629,0.0717529518619436,0.1818717769650498,0.0717529518619436,0.3464528882055788,0.0739404869251578,0.1459400957377769,0.0712945590994371,0.1903135665277514,0.0653950953678474,0.1805131755541529,0.069683257918552,0.1736168102338922,0.1219806763285024,0.6940672665725849,0.0670781221139181,0.216867469879518,0.0734536082474226,0.3048950438757595,0.7465477245749189,0.1715878388841076,0.6915542128196255,0.6416334406643911,0.6837606837606839,0.5119047619047619,0.5304878048780487,0.4787878787878788,0.8055555555555555,-29.741055,-17.231098,1
0.2792384406165004,0.5554846051898661,0.0608614232209737,0.1623082021644347,0.0708446866485013,0.0569539515150702,0.2742960944595822,0.6321281530728738,0.2777276825969342,0.4485556790497682,0.0581613508442776,0.1671588449237019,0.067211625794732,0.0512535397864997,0.2923076923076923,0.5755203865763301,0.3188405797101449,0.6012979252058994,0.0579260430149751,0.2329317269076305,0.2783505154639175,0.2601973231125263,0.7044954058627668,0.1228619161889771,0.6274428650168489,0.5957800896915688,0.2564102564102564,0.3095238095238095,0.274390243902439,0.2121212121212121,0.4055555555555555,17.260645,-36.872078,1
0.0779691749773345,0.3882873937782779,0.0074906367041198,0.0348822894185033,0.176203451407811,0.2936459241984251,0.0917347865576748,0.3216358829374901,0.0829576194770063,0.1460839095513982,0.0806754221388367,0.1844652090092028,0.0781108083560399,0.174341524347518,0.0868778280542986,0.2090867814394598,0.1400966183574879,0.6867774892673661,0.3673241552258925,0.2489959839357429,0.0824742268041237,0.3354354266610308,0.7526390656732289,0.6626569056358501,0.7209112650155082,0.7183663789988134,0.4786324786324787,0.5119047619047619,0.5365853658536585,0.6060606060606061,0.4888888888888889,16.61588,38.372257,0
0.0689029918404351,0.1861446868857602,0.0683520599250936,0.183238390432796,0.064486830154405,0.1833341953136931,0.0635785649409627,0.2503099217714701,0.0730387736699729,0.0429814524153757,0.2898686679174484,0.581373006391152,0.0544959128065395,0.1546111668152398,0.0760180995475113,0.0541613501827642,0.1292270531400966,0.6505323880472252,0.0677450187876425,0.2409638554216867,0.0734536082474226,0.2737390125689149,0.7046752811919379,0.0919175016380982,0.675928553664189,0.6231180420811285,0.4358974358974359,0.5357142857142857,0.548780487804878,0.496969696969697,0.7833333333333334,-39.0333,-19.61613,1
0.1305530371713508,0.4092098426682087,0.0299625468164794,0.2009813149437999,0.0199818346957311,0.0634626346904238,0.1326067211625794,0.5359007238303448,0.1361587015329125,0.3421949045465323,0.0262664165103189,0.2130498777796369,0.0145322434150772,0.0636214538581266,0.123076923076923,0.4102030336241437,0.1316425120772947,0.634784454534044,0.2721029756666616,0.0522088353413654,0.1365979381443298,0.2554175594158184,0.6827605882732498,0.547441509709992,0.7216893763672727,0.5125424976715337,0.2820512820512821,0.2619047619047619,0.2682926829268293,0.2242424242424242,0.4388888888888889,18.472847,36.85605,1
0.0308250226654578,0.1722807507687365,0.0365168539325842,0.1758455052198777,0.0372388737511353,0.1856061666767639,0.0354223433242506,0.3461912415421553,0.042380522993688,0.1513240927002672,0.0347091932457786,0.1904092172348304,0.030881017257039,0.1762424970820511,0.03710407239819,0.1897633174879174,0.0676328502415458,0.7459855726513143,0.464723561999287,0.1325301204819277,0.0425257731958762,0.3984905661341319,0.7204171166061174,0.6986154935909676,0.5258495380470662,0.7622664317265512,0.4615384615384616,0.5416666666666667,0.5426829268292682,0.5151515151515152,0.8111111111111111,5.7154675,38.99645,0
0.0543970988213961,0.2263280953773242,0.0346441947565543,0.1739155042129655,0.036330608537693,0.1895461191249027,0.0326975476839237,0.3352396982970231,0.145175834084761,0.327873460277219,0.0347091932457786,0.2500851728333938,0.0099909173478655,0.1069222928617104,0.0561085972850678,0.2195521055877511,0.1618357487922705,0.553357959401758,0.8560876869848705,0.1244979919678714,0.1456185567010309,0.3866510775665909,0.5679090525717949,0.8672802284353637,0.3015746663172098,0.3139878957048003,0.7863247863247864,0.8392857142857143,0.8597560975609756,0.9454545454545455,0.9722222222222222,0.4050999,43.746662,0
0.085222121486854,0.1744489452892935,0.0936329588014981,0.1760961114982817,0.0944595821980018,0.176126562023951,0.0990009082652134,0.3420883131754097,0.1073038773669973,0.1559701286891344,0.0966228893058161,0.19194766642264,0.0881017257039055,0.1795139385321779,0.0932126696832579,0.1868509632473352,0.1884057971014492,0.6430099592859887,0.2320647931542528,0.3333333333333333,0.1069587628865979,0.2617390103895773,0.5656020357131069,0.6166458123525816,0.6928030689122867,0.5762949295226364,0.5555555555555556,0.5535714285714286,0.5365853658536585,0.4787878787878788,0.6444444444444445,24.794138,24.662415,0
0.0970081595648232,0.1817874498204099,0.1001872659176029,0.188082004882639,0.0917347865576748,0.1806767722573013,0.0926430517711171,0.3422439088994011,0.096483318304779,0.1462686359154463,0.0947467166979362,0.1856906596453148,0.0908265213442325,0.1749362420745228,0.0995475113122171,0.1761890100124413,0.1727053140096618,0.6226122207991995,0.2123966441038851,0.3132530120481928,0.0966494845360824,0.2546009748959097,0.5502156219374295,0.571329977651009,0.6600012914390028,0.5526629588440457,0.5897435897435899,0.5654761904761905,0.548780487804878,0.4909090909090909,0.65,27.724453,17.552593,0
0.0589301903898458,0.1787563283836444,0.0627340823970037,0.1802284300246793,0.0608537693006357,0.1746605416596707,0.0653950953678474,0.3326492097192734,0.0667267808836789,0.143461570257569,0.0656660412757973,0.1745717375403248,0.069936421435059,0.1819454152856504,0.0733031674208144,0.1791201213879972,0.1135265700483091,0.626260966043653,0.2256281821995201,0.2088353413654618,0.0670103092783505,0.2995538310734508,0.6690397295507186,0.4092629923149081,0.6718392268666511,0.5475986872992771,0.4786324786324787,0.5416666666666667,0.5365853658536585,0.5515151515151515,0.7388888888888889,3.6327567,8.104446,0
0.0689029918404351,0.1832199661158675,0.0702247191011236,0.1818050759527404,0.067211625794732,0.1847562710872014,0.0653950953678474,0.3326492097192734,0.2750225428313796,0.4379539918090641,0.0600375234521576,0.1648093054286503,0.0708446866485013,0.0542176854163773,0.2886877828054298,0.5693696270511538,0.3103864734299517,0.6382762025554682,0.0493105813674259,0.2128514056224899,0.2757731958762887,0.2843952226972095,0.7190449947861333,0.1674115216952162,0.6536670256070242,0.5784963520722196,0.2307692307692308,0.2916666666666667,0.2621951219512195,0.1999999999999999,0.35,-7.2343726,-46.385162,1
0.0643699002719855,0.1847752695223644,0.0646067415730337,0.0481760644275582,0.287920072661217,0.2629917584607907,0.1889191643960036,0.516073374969651,0.0712353471596032,0.1425101362829086,0.0712945590994371,0.1918264228997371,0.064486830154405,0.1749284018360316,0.0723981900452488,0.1804776048060098,0.1207729468599033,0.646785308692522,0.0787739220619768,0.2208835341365461,0.0708762886597938,0.275846683541869,0.7078843363077677,0.1589977516080676,0.6310056041910628,0.603445796423429,0.6324786324786326,0.5297619047619048,0.5426829268292682,0.4848484848484849,0.75,-33.05115,-15.008195,1
0.0734360834088848,0.1713300808635691,0.0833333333333333,0.1732051890724069,0.0862851952770208,0.1818717769650498,0.0862851952770208,0.3911447275300778,0.0928764652840396,0.1442649992598179,0.0928705440900562,0.1948068168163924,0.0826521344232515,0.1871730903056165,0.0823529411764705,0.1805728588044536,0.1521739130434782,0.618507762436483,0.1070328901615666,0.2570281124497992,0.0927835051546391,0.2923345939208093,0.5906637579440132,0.3678518766394161,0.6952490550634366,0.5465774458847229,0.5384615384615385,0.5416666666666667,0.5182926829268292,0.4666666666666667,0.8333333333333333,5.538058,-6.4416375,0
0.0716228467815049,0.1831911235058919,0.0730337078651685,0.0590256992107889,0.2633969118982743,0.5073422493043059,0.0626702997275204,0.3251073059990257,0.0757439134355275,0.14597038235548,0.073170731707317,0.1887625663074606,0.0681198910081744,0.1791573219416686,0.0733031674208144,0.1777712706149323,0.1340579710144927,0.6406664491113145,0.0930650227784316,0.2489959839357429,0.0760309278350515,0.2625279503000278,0.6902674872409515,0.1401430840929265,0.6501889246510525,0.6233170808437092,0.6581196581196582,0.5357142857142857,0.548780487804878,0.496969696969697,0.7666666666666667,-36.54595,-14.820211,1
0.0380779691749773,0.1781501040962914,0.0411985018726591,0.1908310833541715,0.0345140781108083,0.1818717769650498,0.0345140781108083,0.3429857670834316,0.0405770964833183,0.1513814511692656,0.0328330206378986,0.1825202277243644,0.0326975476839237,0.1838815912189712,0.0352941176470588,0.1818717769650498,0.0676328502415458,0.6680720577847445,0.4601540107832935,0.1365461847389558,0.0412371134020618,0.3226052241959302,0.5498233977078758,0.7297360760619116,0.5795921838786082,0.6868137479742455,0.4786324786324787,0.5119047619047619,0.5426829268292682,0.5151515151515152,0.8555555555555555,6.1963034,41.47565,0
0.0725294650951949,0.1845947971913738,0.0730337078651685,0.1804476986636811,0.0708446866485013,0.1738797072635469,0.0762942779291553,0.3461807029959896,0.0820559062218214,0.1504391334642926,0.0759849906191369,0.1872547216414052,0.0717529518619436,0.1833302298604759,0.07420814479638,0.1846788350033852,0.1292270531400966,0.6584288789319712,0.1105043727847748,0.2128514056224899,0.0824742268041237,0.2754482075129981,0.7127325336446054,0.2083659187379014,0.660467830262156,0.6468716968569408,0.4700854700854701,0.5059523809523809,0.5060975609756097,0.4606060606060606,0.7555555555555555,-24.173517,-8.173633,1
0.0806890299184043,0.183102842142025,0.0823970037453183,0.2471383695887167,0.0445049954586739,0.1152786375248733,0.0962761126248864,0.3526389156962405,0.0820559062218214,0.1419173037845362,0.0834896810506566,0.1844652090092028,0.0808356039963669,0.1832442165328469,0.0832579185520362,0.1755728063669777,0.1376811594202898,0.6128914416020547,0.1308331259326446,0.2409638554216867,0.0824742268041237,0.2900807685280084,0.6003104007157919,0.4113427712370427,0.6986955761895667,0.543283021270871,0.5470085470085471,0.5476190476190476,0.5304878048780487,0.4727272727272728,0.8444444444444444,6.059888,-2.7559075,0
0.0942883046237534,0.1879388433244338,0.0926966292134831,0.1896231549348618,0.0835603996366939,0.1710549240069812,0.0917347865576748,0.3464388338918305,0.0892696122633002,0.150329879237629,0.0834896810506566,0.1912168956349157,0.0762942779291553,0.1888239350487636,0.0751131221719457,0.1714154857722501,0.1582125603864734,0.6391486589510788,0.2168568382387523,0.2891566265060241,0.0889175257731958,0.264126993733422,0.5678547493230851,0.5698973593446336,0.7037453067342281,0.5490757282767884,0.5811965811965812,0.5654761904761905,0.548780487804878,0.4909090909090909,0.6555555555555557,27.0349,17.27772,0
0.0870353581142339,0.175707584147828,0.0945692883895131,0.1784498170562467,0.0935513169845594,0.1772245364349166,0.0971843778383288,0.3328310846289067,0.1064021641118124,0.1463850634508409,0.1050656660412758,0.1953062694661714,0.0935513169845594,0.1819454152856504,0.0968325791855203,0.1918301495296208,0.1871980676328502,0.6710819489038333,0.1855404686732646,0.3293172690763052,0.1069587628865979,0.2923329838294302,0.6367840857335988,0.5540684157480616,0.6872105110540047,0.6027311305147243,0.5897435897435899,0.5535714285714286,0.5365853658536585,0.4787878787878788,0.6555555555555557,23.712057,13.436092,0
0.0652765185856754,0.1747216599847066,0.0720973782771535,0.1790523527791238,0.0708446866485013,0.1905252593315047,0.0653950953678474,0.3337465623619601,0.0757439134355275,0.1493777803265527,0.0703564727954971,0.0527088936856352,0.2888283378746594,0.1322162649982543,0.4018099547511312,0.3572676292313662,0.1304347826086956,0.6272935546176613,0.0791365908213557,0.2369477911646586,0.0760309278350515,0.2594653757716295,0.6883396340839314,0.1338421298160414,0.6447171048257814,0.6124092182988994,0.4188034188034188,0.5476190476190476,0.548780487804878,0.496969696969697,0.788888888888889,-37.036846,-16.019861,1
0.0652765185856754,0.0521828239191388,0.2855805243445692,0.5550570290825095,0.0572207084468664,0.1623533667384905,0.069936421435059,0.3405730571335667,0.0730387736699729,0.1447967759194875,0.0712945590994371,0.0382715011431925,0.3696639418710263,0.3365027637020374,0.1873303167420814,0.3909976008210424,0.1256038647342995,0.736266382549322,0.0785716351299029,0.2289156626506024,0.0734536082474226,0.3298603786158335,0.8125737077272177,0.1730463149307862,0.7032143473049322,0.6890592929188106,0.6581196581196582,0.5535714285714286,0.5426829268292682,0.4909090909090909,0.788888888888889,-29.494772,12.868797,1
0.0797824116047144,0.1804802787008048,0.0833333333333333,0.200321949505891,0.0681198910081744,0.1938218240425351,0.0608537693006357,0.3370877314501111,0.0802524797114517,0.1551330050875367,0.0703564727954971,0.180253229670513,0.0708446866485013,0.176549105587621,0.0778280542986425,0.1716079328494182,0.1413043478260869,0.5954276078972849,0.2169203654662639,0.2610441767068273,0.0798969072164948,0.255468601887759,0.5118594915106633,0.4530206879846743,0.5988587697128747,0.555564763550153,0.5042735042735043,0.5595238095238095,0.548780487804878,0.496969696969697,0.7444444444444445,24.637398,2.3014414,0
0.2058023572076155,0.4210279770344645,0.0636704119850187,0.1639589054657738,0.072661217075386,0.1860542934421696,0.069936421435059,0.3394225243068914,0.2614968440036068,0.3949472671969562,0.0675422138836773,0.1720754256298101,0.0735694822888283,0.1889624287352693,0.0723981900452488,0.179101898503381,0.3019323671497584,0.6441330531155772,0.0478600234982262,0.2289156626506024,0.2615979381443299,0.2792659120906975,0.7105245051897563,0.1362089932630989,0.6695060395228345,0.6148324854052848,0.3418803418803419,0.3035714285714286,0.2865853658536585,0.2242424242424242,0.3888888888888888,16.987799,-38.621544,1
0.3916591115140526,0.1904477967825968,0.3857677902621723,0.1895278599422936,0.3596730245231607,0.1832180805521055,0.3569482288828338,0.3393832951962569,0.0667267808836789,0.1400590465354798,0.0684803001876172,0.1830230120020777,0.067211625794732,0.1924007653255825,0.0642533936651583,0.1760627263023833,0.1171497584541062,0.6613405135597091,0.0859359325752699,0.2208835341365461,0.0670103092783505,0.2812301710230501,0.724456841745037,0.1844877431718837,0.6557294531839681,0.6390337676347697,0.6923076923076924,0.5238095238095238,0.548780487804878,0.496969696969697,0.7944444444444445,6.1735716,-35.38458,1
0.0897552130553037,0.1962567653581769,0.0823970037453183,0.183238390432796,0.0781108083560399,0.1831953581286953,0.0772025431425976,0.3311115400287375,0.0829576194770063,0.1493187523802862,0.0778611632270168,0.1705009421797342,0.0853769300635785,0.175866723401969,0.0932126696832579,0.1855840696962213,0.143719806763285,0.610829633762741,0.1005965388595297,0.2610441767068273,0.0824742268041237,0.2861608427531277,0.577922388154832,0.3625870443482317,0.7400662090987323,0.5349581694719725,0.5726495726495727,0.5595238095238095,0.5426829268292682,0.4848484848484849,0.85,5.8617125,-7.4409547,0
0.0661831368993653,0.1832500189052827,0.0674157303370786,0.1817752152344059,0.064486830154405,0.0285128394706552,0.4241598546775658,0.5112319791343624,0.0685302073940486,0.0522374262958003,0.2345215759849906,0.4722940452779172,0.0581289736603088,0.1638228085497682,0.0733031674208144,0.1818717769650498,0.1207729468599033,0.7210272454921322,0.073579964683753,0.2289156626506024,0.0682989690721649,0.3359236281281494,0.7814524155444027,0.1333144024201462,0.7049423197365532,0.6661090033281546,0.4615384615384616,0.5654761904761905,0.5548780487804877,0.503030303030303,0.7944444444444445,-32.097294,-20.177063,1
0.0834088848594741,0.1685654890703813,0.096441947565543,0.1739769737924368,0.0990009082652134,0.1865712336809148,0.0953678474114441,0.3301467276738914,0.1036970243462579,0.1520984320317451,0.0966228893058161,0.1893955104056536,0.0899182561307901,0.2004738837108465,0.0805429864253393,0.1742208321898305,0.1884057971014492,0.6565909855318601,0.2117950997721714,0.3453815261044177,0.1030927835051546,0.2939092918279888,0.6120571462006867,0.5852185662545654,0.7226807020756699,0.5617739362977064,0.5555555555555556,0.5714285714285714,0.548780487804878,0.496969696969697,0.7666666666666667,22.80061,19.133793,0
0.0679963735267452,0.1939119355674716,0.0627340823970037,0.183238390432796,0.0590372388737511,0.1774222913510925,0.0617620345140781,0.3458048281827475,0.0793507664562669,0.1576256127771216,0.0675422138836773,0.1984948166593975,0.0572207084468664,0.1882819910674275,0.0570135746606334,0.185089097332065,0.1304347826086956,0.6489322010337477,0.2335149136608477,0.2248995983935743,0.0798969072164948,0.3031596099725532,0.634942739988166,0.405564944039363,0.5862700183227646,0.6676447699455018,0.4871794871794873,0.5119047619047619,0.5243902439024389,0.5212121212121213,0.6777777777777777,2.0113986,8.262401,0
0.0761559383499546,0.1752515942223844,0.0833333333333333,0.183238390432796,0.0790190735694822,0.1767711471149036,0.0826521344232515,0.3332830814457468,0.0883678990081154,0.1482267353743558,0.0844277673545966,0.1818954761601436,0.0835603996366939,0.1871406202744366,0.0832579185520362,0.1858425204559864,0.1461352657004831,0.5831824571224445,0.0800870057994319,0.2489959839357429,0.0889175257731958,0.2685796276026995,0.5472663691264589,0.2816720420526077,0.692530661860585,0.5134477787615378,0.5299145299145299,0.5416666666666667,0.5182926829268292,0.4606060606060606,0.8055555555555555,-2.1023748,-16.22657,0
0.0879419764279238,0.1769235572823444,0.0945692883895131,0.183238390432796,0.0899182561307901,0.1934186015951353,0.0817438692098092,0.3403884954701902,0.1064021641118124,0.1668108793298245,0.0863039399624765,0.1712150240062411,0.0935513169845594,0.1831403124330713,0.0959276018099547,0.1806835620567771,0.1847826086956521,0.6415826137467145,0.2324654259746197,0.321285140562249,0.1069587628865979,0.2734821576736834,0.565126632877172,0.6102205409986549,0.710369176828888,0.5903924015237576,0.5384615384615385,0.5476190476190476,0.5304878048780487,0.4787878787878788,0.6611111111111112,24.159641,23.973072,0
0.0698096101541251,0.1817874498204099,0.0720973782771535,0.1846717049128516,0.067211625794732,0.1818717769650498,0.067211625794732,0.3480222191673413,0.0775473399458972,0.1540607988306959,0.0684803001876172,0.191983044471876,0.0617620345140781,0.1864912196508383,0.0624434389140271,0.1818717769650498,0.1364734299516908,0.5988744946488674,0.2070083612588213,0.253012048192771,0.0773195876288659,0.305079258692094,0.658851105252115,0.3666027980450323,0.652430719932079,0.5263247201140888,0.4957264957264957,0.5476190476190476,0.5426829268292682,0.5575757575757576,0.8,1.8174605,3.41726,0
0.0670897552130553,0.1761727550784819,0.0730337078651685,0.1875677855403612,0.0663033605812897,0.1710080978036995,0.0735694822888283,0.2183839770320692,0.0775473399458972,0.1493624330605233,0.0722326454033771,0.1816756963770003,0.0717529518619436,0.1833302298604759,0.07420814479638,0.1861108139351036,0.1316425120772947,0.7637707949443416,0.0969026359815275,0.2369477911646586,0.0773195876288659,0.3440175268574842,0.8281995540637888,0.2729942223010732,0.7276646309867398,0.7118983227936877,0.4102564102564102,0.5238095238095238,0.5365853658536585,0.4848484848484849,0.7555555555555555,-12.976239,-13.300055,1
0.0371713508612874,0.1763314312342321,0.0411985018726591,0.1968946922844367,0.0317892824704813,0.1780694892585772,0.033605812897366,0.3414196220282561,0.0369702434625789,0.1450720195794461,0.0328330206378986,0.1750845470602034,0.036330608537693,0.1916262949522542,0.0352941176470588,0.1762197276716446,0.0640096618357488,0.6718806075295333,0.5046646155358417,0.1365461847389558,0.0373711340206185,0.3058764161071273,0.6219313796692378,0.754888553278992,0.4942661065041585,0.698158120462302,0.452991452991453,0.5595238095238095,0.5609756097560975,0.5333333333333333,0.8222222222222222,4.8684974,42.5188,0
0.0643699002719855,0.183270764566061,0.0655430711610486,0.1788488648376258,0.064486830154405,0.0559341261346453,0.2624886466848319,0.3273607385097041,0.2795311091073039,0.4618341646228885,0.0553470919324577,0.1667982956719206,0.064486830154405,0.0540012395948376,0.2733031674208144,0.5349610302871243,0.3188405797101449,0.7141491259658749,0.0381368554943643,0.2289156626506024,0.2796391752577319,0.3263363244136088,0.8033116463187464,0.17390997735798,0.7079543829662363,0.6589405710356668,0.358974358974359,0.2976190476190476,0.2682926829268293,0.206060606060606,0.3722222222222222,-6.440857,-46.238186,1
0.0516772438803263,0.2095503762545003,0.0393258426966292,0.119508981791806,0.0808356039963669,0.3962257464174422,0.0063578564940962,0.2439032973220255,0.0387736699729486,0.1021849372864832,0.0703564727954971,0.2031713525427957,0.0572207084468664,0.1850664152975705,0.0588235294117647,0.1899774290524913,0.0277777777777777,0.6662148709571684,0.0238410234155312,0.0120481927710843,0.0386597938144329,0.3058205098171443,0.7272019883290246,0.0817291667792818,0.6947904715841162,0.5942231412535153,0.5042735042735043,0.3869047619047619,0.4024390243902438,0.393939393939394,0.6444444444444445,-38.416927,-22.000803,1
0.0879419764279238,0.1830398293361991,0.0898876404494382,0.1783098002908505,0.0890099909173478,0.183101928870085,0.0881017257039055,0.3334546557476494,0.0919747520288548,0.1432745652311835,0.0928705440900562,0.1796469599172167,0.0935513169845594,0.1880596550750844,0.0923076923076923,0.1921356210806813,0.1618357487922705,0.6234781692901654,0.2309887238404016,0.2931726907630522,0.0914948453608247,0.2570847186030549,0.5443068619584734,0.5653948640966489,0.6652009350741837,0.5886880303355346,0.4615384615384616,0.5595238095238095,0.5426829268292682,0.4848484848484849,0.6833333333333333,28.833464,16.848429,0
0.0634632819582955,0.1718953440504254,0.0720973782771535,0.1906054263967181,0.0635785649409627,0.0535702580047516,0.2697547683923705,0.6259550265780217,0.0712353471596032,0.1506260966831605,0.0647279549718574,0.1829826708270532,0.0635785649409627,0.0659920005125721,0.2280542986425339,0.4737115460775171,0.1123188405797101,0.6700868931436856,0.0475020535185896,0.1927710843373494,0.0708762886597938,0.310751694727806,0.7531856378675694,0.0906395948459968,0.681351887827273,0.6149291657718238,0.6923076923076924,0.5238095238095238,0.5182926829268292,0.4666666666666667,0.8,-38.212654,-21.25772,1
0.0843155031731641,0.1768077503171523,0.0908239700374531,0.1870692491340355,0.0835603996366939,0.1857444774068274,0.0808356039963669,0.3332231503023676,0.0928764652840396,0.1590086754329083,0.0797373358348968,0.1844652090092028,0.0772025431425976,0.175531090107778,0.0850678733031674,0.1884896827832774,0.1630434782608695,0.603599417860167,0.0980793787661906,0.2931726907630522,0.0927835051546391,0.2831095624897545,0.5851541086332626,0.3339501731226157,0.7113713058474123,0.5283581662716363,0.5555555555555556,0.5654761904761905,0.5426829268292682,0.4848484848484849,0.8388888888888889,3.3190045,-10.667373,0
0.0543970988213961,0.1711785247917308,0.0627340823970037,0.1716933368126222,0.0663033605812897,0.1776611899075466,0.0690281562216167,0.3466253999581352,0.0739404869251578,0.138398582320983,0.0778611632270168,0.1831148716840602,0.0762942779291553,0.1793151385460449,0.0814479638009049,0.1900727896652848,0.1268115942028985,0.5454109581072432,0.0866427508942668,0.2329317269076305,0.0734536082474226,0.2533418535881982,0.5050762567178679,0.2473853479088409,0.6608787190752664,0.4779718436005148,0.5213675213675214,0.5535714285714286,0.5365853658536585,0.4848484848484849,0.8333333333333333,-5.6585083,-16.622257,0
0.2783318223028105,0.5539467568138601,0.0608614232209737,0.1661548313597011,0.0681198910081744,0.0561708100650865,0.2706630336058129,0.6238704780659917,0.0766456266907123,0.1505288252787495,0.0703564727954971,0.1888514771481142,0.0653950953678474,0.1791004220775056,0.0705882352941176,0.1763320200417122,0.1316425120772947,0.640793715370889,0.1251903641663785,0.2369477911646586,0.0773195876288659,0.265833740454861,0.692080610806641,0.2151815735514879,0.6506810243487381,0.6340455611959317,0.6410256410256411,0.5238095238095238,0.5365853658536585,0.4909090909090909,0.7944444444444445,15.815617,-31.383165,1
0.0961015412511332,0.1727432388307097,0.1067415730337078,0.1843834840663187,0.1008174386920981,0.1785168172240446,0.103542234332425,0.3373876315670597,0.1045987376014427,0.1530663561960925,0.0966228893058161,0.1869020246419313,0.0917347865576748,0.1920228611072717,0.0877828054298642,0.1722567965578777,0.1835748792270531,0.6198945954672157,0.1884041642413095,0.3253012048192771,0.104381443298969,0.2541901909913157,0.5706459684715207,0.493745528297017,0.6172678279340341,0.6144261010617457,0.4871794871794873,0.5595238095238095,0.5365853658536585,0.4787878787878788,0.6833333333333333,26.00778,6.265231,0
0.0616500453309156,0.1704052795272499,0.0711610486891385,0.1876279160279662,0.064486830154405,0.1818717769650498,0.064486830154405,0.339470154756779,0.0766456266907123,0.1528939861394279,0.0684803001876172,0.0534895582992991,0.2806539509536784,0.5734314543748361,0.0579185520361991,0.1545350679642664,0.1183574879227053,0.6658232350764741,0.0811157441789457,0.1927710843373494,0.0773195876288659,0.2919570970431704,0.7241625419534817,0.1636906927810604,0.6744529799360364,0.6419928529591711,0.4615384615384616,0.5119047619047619,0.4999999999999999,0.4484848484848485,0.7722222222222223,-31.327765,-15.554999,1
0.0906618313689936,0.175845762913114,0.098314606741573,0.2556153010096486,0.0526793823796548,0.1118093182112654,0.1126248864668483,0.3912856805850436,0.084761045987376,0.1549073099988707,0.075046904315197,0.187273195234996,0.0708446866485013,0.1677467917746316,0.0841628959276018,0.1708651546568396,0.1594202898550724,0.6356778028657114,0.4234311129442186,0.3052208835341365,0.0850515463917525,0.4215146150565045,0.7138084020449004,0.6142963382041211,0.6808122949983928,0.6814462971453593,0.7435897435897436,0.5535714285714286,0.5670731707317073,0.6181818181818183,0.5277777777777778,7.767197,33.0467,0
0.2112420670897552,0.4300559214576364,0.0636704119850187,0.1664942398181069,0.0708446866485013,0.056729994072501,0.2752043596730245,0.6299988717601568,0.0757439134355275,0.1541418274898117,0.0666041275797373,0.0755988241200043,0.2025431425976385,0.434746416251172,0.0588235294117647,0.1633776564879892,0.1280193236714976,0.6632289584716285,0.1075771945746068,0.2289156626506024,0.0760309278350515,0.2768719392600247,0.7144244751058018,0.2200445654924354,0.6545425973539932,0.6539457855683597,0.4615384615384616,0.5178571428571429,0.5365853658536585,0.4848484848484849,0.7611111111111112,13.242213,-28.098108,1
0.0054397098821396,0.0338733337768829,0.1797752808988764,0.2947119241520027,0.0899182561307901,0.1843320807751202,0.0881017257039055,0.5241365451320629,0.1000901713255184,0.1700670754929621,0.0778611632270168,0.2070187153972226,0.0617620345140781,0.1896331726679535,0.0606334841628959,0.1675480903995708,0.1642512077294686,0.6018959563768642,0.3938420497424912,0.2730923694779116,0.1005154639175257,0.2679177350500506,0.6796468990567418,0.6501932134477906,0.6597106550892124,0.5782877330451359,0.4358974358974359,0.5,0.5121951219512194,0.5575757575757576,0.4888888888888889,12.6677065,28.525776,0
0.0670897552130553,0.2434112311732214,0.0383895131086142,0.0661843745615899,0.1625794732061762,0.1802251169346876,0.1643960036330608,0.5706622748708587,0.1677186654643823,0.4186866998121893,0.0225140712945591,0.057791241180059,0.1525885558583106,0.1909976664024747,0.1466063348416289,0.2038850215814701,0.1678743961352657,0.6224692650269456,0.1135840363655069,0.0763052208835341,0.1675257731958762,0.3281157318453948,0.7172642373846724,0.2456531487049917,0.8083707863049034,0.5999125920772848,0.3076923076923077,0.2916666666666667,0.2560975609756097,0.1939393939393939,0.25,-14.587685,-19.38177,1
0.0915684496826835,0.1830105339089292,0.0936329588014981,0.1857318487590465,0.0871934604904632,0.1712979993543535,0.0953678474114441,0.3382873319179051,0.1055004508566276,0.1463750543643001,0.1041275797373358,0.1867949118668664,0.0990009082652134,0.1854500018912142,0.0995475113122171,0.2023994651963129,0.1835748792270531,0.3932470969115113,0.1707259336494744,0.321285140562249,0.1056701030927835,0.1015279585712173,0.3588539061564817,0.2805576930048546,0.447347760754485,0.3773934830289015,0.5726495726495727,0.5535714285714286,0.5365853658536585,0.4787878787878788,0.6444444444444445,-3.074733,-2.1711094,0
0.0634632819582955,0.1774302127550595,0.0683520599250936,0.1775438707417644,0.0681198910081744,0.1891838687082663,0.0635785649409627,0.3314761775839875,0.0757439134355275,0.1505444857542896,0.0694183864915572,0.190395361737801,0.0635785649409627,0.066283105468902,0.2271493212669683,0.45418669867681,0.1280193236714976,0.6237652708743036,0.0729317644591648,0.2289156626506024,0.0760309278350515,0.2581305586839772,0.6852291940176842,0.0939114362014141,0.6388265110449833,0.6159643156590933,0.6666666666666667,0.5357142857142857,0.5365853658536585,0.4848484848484849,0.7777777777777778,-39.398285,-18.785627,1
0.1087941976427923,0.2062491315907976,0.0936329588014981,0.1857318487590465,0.0871934604904632,0.1818717769650498,0.0871934604904632,0.3382873319179051,0.0955816050495942,0.1533578996190886,0.0872420262664165,0.1980551423455737,0.0753860127157129,0.1767177402656844,0.0823529411764705,0.183187033718861,0.1642512077294686,0.6016471300166059,0.0945041629307099,0.2891566265060241,0.095360824742268,0.2738718370903613,0.5579694707847483,0.3240069941296885,0.7216444750152743,0.537703416153245,0.5470085470085471,0.5535714285714286,0.5365853658536585,0.4787878787878788,0.8333333333333333,5.3029695,-13.3459015,0
0.0208522212148685,0.1110897441966977,0.0664794007490636,0.3125298715996282,0.0136239782016348,0.2086827800235104,0.0045413260672116,0.2338162441197285,0.1325518485121731,0.3061919589958389,0.0347091932457786,0.0845791989868765,0.1226158038147139,0.2974224157266911,0.0588235294117647,0.3320133940924291,0.1509661835748792,0.6700423460914794,0.1340240691867447,0.1285140562248996,0.1327319587628866,0.345633714286211,0.8188101491858567,0.2817072979736798,0.8331714067202515,0.6373221682237321,0.4358974358974359,0.375,0.347560975609756,0.2848484848484848,0.3388888888888889,-25.075323,6.616505,1
0.0652765185856754,0.1803350374652931,0.0683520599250936,0.0633806855586868,0.2370572207084468,0.4752497312953992,0.0599455040871934,0.3258834630809153,0.0703336339044184,0.1470437169512647,0.0666041275797373,0.0289963716411193,0.4241598546775658,0.3957514498101039,0.1791855203619909,0.3863503602909092,0.1207729468599033,0.7280363559260362,0.0561690072715201,0.2208835341365461,0.0708762886597938,0.3306489609476818,0.8129866380055278,0.1461128894288043,0.7268731924744329,0.6752694410555631,0.6752136752136753,0.5476190476190476,0.5426829268292682,0.4909090909090909,0.7722222222222223,-31.739288,-19.955645,1
0.2456935630099728,0.4909618363704842,0.0627340823970037,0.1703385601122957,0.067211625794732,0.1907707481929643,0.0617620345140781,0.332494740617941,0.2741208295761947,0.4333856109229411,0.0609756097560975,0.1688139837708051,0.0690281562216167,0.0525236910061845,0.2914027149321267,0.5610063640996551,0.3140096618357488,0.6517963722998932,0.0470388583154982,0.2289156626506024,0.2744845360824742,0.2793059530084235,0.7332239349540861,0.1458841378657736,0.6680303448057606,0.5857489326397373,0.2820512820512821,0.3035714285714286,0.274390243902439,0.2121212121212121,0.361111111111111,17.045517,-37.580673,1
0.0679963735267452,0.0551684959646083,0.2799625468164794,0.5333898997799004,0.0599455040871934,0.1665358832156103,0.069936421435059,0.2380880950183082,0.0721370604147881,0.0613228414834962,0.2091932457786116,0.4206970787762905,0.0608537693006357,0.1667124549625706,0.07420814479638,0.1890336202477892,0.1219806763285024,0.7737116499261341,0.080385667620787,0.2208835341365461,0.0721649484536082,0.3594819173740871,0.8549305027839961,0.2401790631527073,0.7511495264410681,0.7009701501528464,0.4188034188034188,0.5535714285714286,0.5426829268292682,0.4909090909090909,0.7333333333333334,-26.346125,10.695845,1
0.0598368087035358,0.1623963020858707,0.0749063670411985,0.1860665411518318,0.0690281562216167,0.1861688829346935,0.0663033605812897,0.3348817547509464,0.0739404869251578,0.1437140293366041,0.073170731707317,0.1902339970377031,0.067211625794732,0.0355705147266016,0.3809954751131221,0.3551028698606855,0.1256038647342995,0.6590613134301764,0.0735332771074467,0.2289156626506024,0.0734536082474226,0.2841932300529568,0.723338896674159,0.117122425905247,0.6748123412710718,0.6431573298827761,0.7008547008547009,0.5178571428571429,0.5426829268292682,0.4909090909090909,0.7666666666666667,-37.315586,-19.022038,1
0.0752493200362647,0.1963115733715776,0.0683520599250936,0.183238390432796,0.064486830154405,0.1893942886145459,0.0599455040871934,0.4705663527319578,0.0072137060414788,0.0391326226636822,0.1219512195121951,0.2652282414082071,0.067211625794732,0.3477009646992075,0.0117647058823529,0.0466611149891924,0.0567632850241545,0.6691396634065887,0.3066098841063965,0.2048192771084337,0.0077319587628865,0.3108665058189401,0.7246762597426056,0.5069058539670342,0.7367976524377975,0.6833733938739242,0.6495726495726496,0.6845238095238095,0.7317073170731708,0.8060606060606061,0.6777777777777777,10.8435,17.446556,0
0.0698096101541251,0.1846524824113251,0.0702247191011236,0.1803911305872801,0.0681198910081744,0.0471464865962853,0.3115349682107175,0.2567697743511372,0.0757439134355275,0.1448644724876757,0.074108818011257,0.1887337249833112,0.0690281562216167,0.1791757861359995,0.0714932126696832,0.1832659491240897,0.1280193236714976,0.6687193815612041,0.0892379384843303,0.2289156626506024,0.0760309278350515,0.2894567543543988,0.7472656987793727,0.1847411179699253,0.6533909739097423,0.6344212982892468,0.6837606837606839,0.5416666666666667,0.5365853658536585,0.4787878787878788,0.7555555555555555,-27.600939,-12.680307,1
0.0380779691749773,0.1799528236876308,0.0402621722846441,0.183238390432796,0.0372388737511353,0.191464704664866,0.0326975476839237,0.3294624449983076,0.042380522993688,0.1497614619772849,0.0356472795497185,0.1825723254373511,0.0354223433242506,0.1838292621396922,0.0380090497737556,0.1818717769650498,0.072463768115942,0.6952436039746337,0.5579759297335468,0.1485943775100401,0.0425257731958762,0.3402740345679755,0.5846889028315645,0.7593880288947437,0.4710532925775548,0.6948487382687837,0.4871794871794873,0.5535714285714286,0.5548780487804877,0.5272727272727273,0.8,3.7838292,43.122486,0
0.0725294650951949,0.188950031297698,0.0702247191011236,0.1818050759527404,0.067211625794732,0.1776892604879299,0.069936421435059,0.3429214049578765,0.0802524797114517,0.1588004724524673,0.0675422138836773,0.1787738543770582,0.0690281562216167,0.1892060750356033,0.0678733031674208,0.1721772023492091,0.1292270531400966,0.7803240316350748,0.0897061233655351,0.2208835341365461,0.0798969072164948,0.3644243450623678,0.8549373429124427,0.271107903153895,0.7531884882823976,0.7248213440252281,0.4786324786324787,0.5297619047619048,0.5243902439024389,0.4727272727272728,0.7666666666666667,-12.71308,-14.349829,1
0.0616500453309156,0.1802935399694326,0.0646067415730337,0.1878521983576465,0.0581289736603088,0.1745081916180078,0.0626702997275204,0.3347878077946165,0.0631199278629395,0.1433244432038485,0.0619136960600375,0.1799862732335538,0.0626702997275204,0.1762164563596603,0.069683257918552,0.1736168102338922,0.1111111111111111,0.6316831912170059,0.1682701263951669,0.2128514056224899,0.0631443298969072,0.3039362898280586,0.6804662657169924,0.3754830288416728,0.693549131824505,0.5347543508232437,0.5042735042735043,0.5535714285714286,0.5548780487804877,0.5575757575757576,0.8777777777777778,2.962705,1.3470712,0
0.0888485947416137,0.1781395304168607,0.0945692883895131,0.1882549911129905,0.0862851952770208,0.1712382604977959,0.0944595821980018,0.3452520711044502,0.0946798917944093,0.1512869986005558,0.0881801125703564,0.1951320246090713,0.0781108083560399,0.1846091987353147,0.0796380090497737,0.1792412634574272,0.1666666666666666,0.6352639033042201,0.2191831875536763,0.3012048192771084,0.0940721649484536,0.2701004101080834,0.5808633398900691,0.563977782142056,0.7153313591952426,0.5562487482937336,0.5299145299145299,0.5654761904761905,0.5426829268292682,0.4909090909090909,0.6555555555555557,26.548199,16.426332,0
0.0734360834088848,0.1918842198477044,0.0692883895131086,0.1775820889947243,0.0690281562216167,0.179101898503381,0.0708446866485013,0.3394149563576315,0.0820559062218214,0.0214381904104075,0.5037523452157598,0.4939211426267588,0.1589464123524069,0.3406294513527044,0.0651583710407239,0.1680223846567058,0.1364734299516908,0.7334642704618148,0.0525456429716163,0.2369477911646586,0.0824742268041237,0.3356979283322839,0.8226484723136771,0.1411667145974419,0.7357077556560311,0.6574773737468804,0.6581196581196582,0.5297619047619048,0.5304878048780487,0.4787878787878788,0.7333333333333334,-31.768711,-20.25599,1
0.0698096101541251,0.0709061408812095,0.2284644194756554,0.4569909939739233,0.0581289736603088,0.1612343601371558,0.0717529518619436,0.3405425807973579,0.0775473399458972,0.0457442528758614,0.2870544090056285,0.5383011352854746,0.0626702997275204,0.1669115786269246,0.0760180995475113,0.1846416554267186,0.1328502415458937,0.6305959260455894,0.0852749055682984,0.2409638554216867,0.0773195876288659,0.2602329654085215,0.6831017848621669,0.1459283619276943,0.6482797307634703,0.6196381118267165,0.6495726495726496,0.5238095238095238,0.5365853658536585,0.4848484848484849,0.7611111111111112,-32.11642,12.0754175,1
0.1214868540344515,0.2176412862438639,0.097378277153558,0.1946617341503475,0.0844686648501362,0.1938598815173041,0.0762942779291553,0.3382873319179051,0.0883678990081154,0.1570192335898463,0.0769230769230769,0.1858418516069131,0.0735694822888283,0.1741039027557014,0.0823529411764705,0.1845189392923408,0.1582125603864734,0.6087199867189723,0.1040632999361793,0.2891566265060241,0.0889175257731958,0.2894365849635898,0.5860993541098766,0.3492443949907973,0.7237225953546851,0.5315235716080897,0.5641025641025642,0.5654761904761905,0.548780487804878,0.4909090909090909,0.8055555555555555,8.656372,-7.8914933,0
0.0389845874886672,0.1893928090617486,0.0365168539325842,0.1813402172024521,0.0345140781108083,0.183772920818286,0.033605812897366,0.3367635151074641,0.042380522993688,0.1482267353743558,0.0365853658536585,0.1863751455862062,0.0345140781108083,0.1782444064219577,0.0398190045248868,0.1956819728800682,0.0652173913043478,0.5966511632420646,0.494896949235746,0.1244979919678714,0.0425257731958762,0.247178280263369,0.5250568620306063,0.6696125869945412,0.4015055006262055,0.6436084514956015,0.4188034188034188,0.5297619047619048,0.5304878048780487,0.503030303030303,0.8444444444444444,8.425253,44.589973,0
0.0870353581142339,0.1768951134663323,0.0936329588014981,0.1870008409429419,0.0862851952770208,0.1806343460546593,0.0871934604904632,0.3445134791311182,0.109107303877367,0.1589347421296497,0.0956848030018761,0.1907005901870671,0.0881017257039055,0.1736756468924838,0.0977375565610859,0.1728284980956014,0.1932367149758454,0.6554803382428648,0.2094845130584115,0.3413654618473896,0.1095360824742268,0.2715403466388355,0.5905309201983852,0.5625662846885382,0.6387512525970929,0.5934067541000582,0.5897435897435899,0.5595238095238095,0.5365853658536585,0.4787878787878788,0.65,25.461748,15.5689535,0
0.0670897552130553,0.1789419072471199,0.0711610486891385,0.1906573069316753,0.0626702997275204,0.1879333950478321,0.0590372388737511,0.3529375707017514,0.0874661857529305,0.1482267353743558,0.0834896810506566,0.2231518805506966,0.0581289736603088,0.1677204492449266,0.0705882352941176,0.2074138623215069,0.1171497584541062,0.616007752902827,0.1325928573567906,0.1566265060240964,0.0876288659793814,0.2694650863333905,0.6907996155175579,0.2902908246643408,0.6683068265565844,0.5363703442504199,0.3675213675213676,0.4464285714285714,0.4512195121951219,0.4060606060606061,0.65,-3.8182178,-10.239093,1
0.2538531278331822,0.5007748194391494,0.0636704119850187,0.1745198844230786,0.0653950953678474,0.1776327399949958,0.0681198910081744,0.3338361828137222,0.0757439134355275,0.0245317208423229,0.4418386491557223,0.4060322123669976,0.1752951861943687,0.3701417160044275,0.0642533936651583,0.1760627263023833,0.1328502415458937,0.763642289616524,0.0933890858479934,0.2449799196787148,0.0760309278350515,0.3457428551184335,0.8383365458467734,0.2343915398805727,0.7451226510668618,0.7241855333283864,0.6495726495726496,0.5595238095238095,0.548780487804878,0.503030303030303,0.7722222222222223,15.396722,-30.089525,1
0.0734360834088848,0.1831725318014484,0.0749063670411985,0.1860665411518318,0.0690281562216167,0.0442132644726876,0.329700272479564,0.2590785907859078,0.0730387736699729,0.1447967759194875,0.0712945590994371,0.1844652090092028,0.0690281562216167,0.1819454152856504,0.0723981900452488,0.1847170262692129,0.1280193236714976,0.7416721829713074,0.1111273826317424,0.2369477911646586,0.0734536082474226,0.3415423934679096,0.8001016442199904,0.3044525488401058,0.6984870286085847,0.6979620021583378,0.7264957264957265,0.5357142857142857,0.548780487804878,0.496969696969697,0.7833333333333334,-10.889025,-12.252148,1
0.0806890299184043,0.1779381115540881,0.0861423220973782,0.1819536512342096,0.0826521344232515,0.1768925906827642,0.0862851952770208,0.343475787928916,0.054102795311091,0.0843437405274325,0.1191369606003752,0.2325885803083027,0.0817438692098092,0.1845430177800435,0.0832579185520362,0.1871998234327184,0.1219806763285024,0.6112125907697405,0.0996229467832912,0.2771084337349397,0.0541237113402061,0.3009832622649063,0.5929218034436969,0.3062717649844972,0.7050468024838228,0.5268415032770805,0.6324786324786326,0.636904761904762,0.6219512195121951,0.5636363636363636,0.9944444444444444,-0.6862866,-12.157414,0
0.0652765185856754,0.1668483513106374,0.0777153558052434,0.1963161494473721,0.0653950953678474,0.1762576608883788,0.0690281562216167,0.3441603758748132,0.0757439134355275,0.0236894891023753,0.4512195121951219,0.365270409049616,0.2052679382379655,0.4131411837742889,0.0660633484162896,0.1694073238875403,0.1304347826086956,0.6568029810312931,0.0804604401695692,0.2369477911646586,0.0760309278350515,0.2772592041405806,0.7139259817419905,0.1783009960589914,0.6473526760283121,0.6364198035698707,0.6581196581196582,0.5416666666666667,0.5426829268292682,0.4909090909090909,0.7555555555555555,-30.317104,-11.817285,1
0.0625566636446056,0.1863673194365445,0.0617977528089887,0.1928886451763763,0.0526793823796548,0.1818717769650498,0.0526793823796548,0.3370059405091252,0.0622182146077547,0.1457215198901628,0.0590994371482176,0.1876294322934921,0.0554041780199818,0.1744235807245482,0.0633484162895927,0.1760221035704766,0.1062801932367149,0.6683923277077632,0.2518110911036081,0.2008032128514056,0.0618556701030927,0.3076275174588409,0.6590375792982216,0.403397574386282,0.6601877574716631,0.7379388363109037,0.5042735042735043,0.5416666666666667,0.548780487804878,0.496969696969697,0.7555555555555555,-2.4892552,9.29478,0
0.0861287398005439,0.1869515826386029,0.0852059925093633,0.1941837010077659,0.0735694822888283,0.1791906766592037,0.0753860127157129,0.3382873319179051,0.1045987376014427,0.1742682109807449,0.0787992495309568,0.2521636332260152,0.0417801998183469,0.1017696740467932,0.1122171945701357,0.217359795558794,0.1376811594202898,0.6251815512878992,0.1026619292727888,0.1726907630522088,0.104381443298969,0.3012094172364118,0.6145148013510009,0.3440656349164982,0.7475263020924235,0.5372869494355865,0.358974358974359,0.4523809523809524,0.4329268292682926,0.3757575757575758,0.7,6.32058,-10.376704,1
0.0698096101541251,0.1832102211070549,0.0711610486891385,0.0555773350536897,0.2724795640326976,0.5339253221614692,0.0599455040871934,0.3248454511794453,0.078449053201082,0.0456571799482311,0.2898686679174484,0.5593110224263209,0.0590372388737511,0.1678165638803368,0.0714932126696832,0.0548430935087572,0.1231884057971014,0.5973202936685271,0.082029180680977,0.2048192771084337,0.0786082474226804,0.2471901259568673,0.6594308443556097,0.1305630562716782,0.6116971032817405,0.5830620103766972,0.4615384615384616,0.5238095238095238,0.5121951219512194,0.4606060606060606,0.7277777777777777,-37.562412,-15.77822,1
0.0779691749773345,0.1930168393042657,0.0730337078651685,0.3137790646543802,0.0172570390554041,0.0689438320828138,0.1153496821071752,0.3902464972778448,0.0703336339044184,0.1447262973005518,0.0684803001876172,0.1874096945654165,0.064486830154405,0.1696450034739656,0.0760180995475113,0.1818717769650498,0.1642512077294686,0.594703878709942,0.3173323852914252,0.3654618473895582,0.0708762886597938,0.3673102978557671,0.6574413558401684,0.5871055739462054,0.6672800890698231,0.5461192207135772,0.8461538461538463,0.6130952380952381,0.6341463414634146,0.6606060606060606,0.5944444444444444,10.567243,31.75401,0
0.0942883046237534,0.1931267655567432,0.0889513108614232,0.183238390432796,0.0844686648501362,0.1666838679699218,0.0962761126248864,0.3401985597818481,0.0946798917944093,0.1405703464788444,0.098499061913696,0.1905924621897631,0.0908265213442325,0.1819454152856504,0.0941176470588235,0.183087624778166,0.1570048309178744,0.656936870537934,0.2071455099234052,0.2690763052208835,0.0940721649484536,0.2781075270832426,0.5853084931576383,0.5724163060936457,0.6969155978712486,0.5619707044625736,0.4871794871794873,0.5416666666666667,0.5243902439024389,0.4666666666666667,0.8555555555555555,24.782907,16.814812,0
0.1296464188576609,0.1770123955022177,0.1385767790262172,0.1871583388712736,0.1289736603088101,0.3778094858030969,0.0345140781108083,0.3382873319179051,0.1370604147880973,0.147445292012314,0.1360225140712945,0.3888284227485753,0.0345140781108083,0.1764425994751599,0.0407239819004524,0.0816059710066971,0.2439613526570048,0.5912078051379812,0.6656167548668054,0.4257028112449799,0.1365979381443298,0.8134192677606523,0.6529399518818823,0.7882525107063696,0.535386422026331,0.3904283862526588,0.1367521367521368,0.1309523809523809,0.1036585365853658,0.1090909090909091,0.0888888888888889,-2.2727346,37.607506,0
0.0580235720761559,0.1660297705703758,0.0702247191011236,0.1818050759527404,0.067211625794732,0.187721450359623,0.0635785649409627,0.3359543158357127,0.0775473399458972,0.1528622361342233,0.0694183864915572,0.1873893877684771,0.0653950953678474,0.1819454152856504,0.0687782805429864,0.1762576608883788,0.1340579710144927,0.6683517867180987,0.1060616633625379,0.2449799196787148,0.0773195876288659,0.2944826763022854,0.7191968596037221,0.1884738631313503,0.6507903408968401,0.6438485353284731,0.5384615384615385,0.5476190476190476,0.548780487804878,0.496969696969697,0.7722222222222223,-24.650415,-11.402467,1
0.2846781504986401,0.5690974111848822,0.0599250936329588,0.1673639417050571,0.0663033605812897,0.1776611899075466,0.0690281562216167,0.339430194525736,0.0757439134355275,0.1541418274898117,0.0666041275797373,0.1773510157190221,0.0690281562216167,0.0626278759250424,0.2515837104072398,0.502429609153068,0.1195652173913043,0.6599502696158657,0.0499588314424521,0.2008032128514056,0.0760309278350515,0.2813529183542135,0.7236289609420682,0.1059624268178332,0.6824596287305075,0.6300443465434455,0.5897435897435899,0.494047619047619,0.5121951219512194,0.4606060606060606,0.7444444444444445,14.251081,-32.845726,1
0.1758839528558476,0.3348887992538953,0.0767790262172284,0.1874523350041594,0.069936421435059,0.1617150710512191,0.0844686648501362,0.3393124450449291,0.0793507664562669,0.3163689902095479,0.0037523452157598,0.0345315566562983,0.1725703905540417,0.2925776075686525,0.0932126696832579,0.1843320807751202,0.1352657004830917,0.5957586079423416,0.3474923282835562,0.2409638554216867,0.0798969072164948,0.2535397902198362,0.6621604044138486,0.591925790254217,0.678926394093334,0.6620650487550577,0.452991452991453,0.5178571428571429,0.5365853658536585,0.5757575757575758,0.4888888888888889,17.636444,36.345844,0
0.0507706255666364,0.1708618404625166,0.0589887640449438,0.1646053021920734,0.067211625794732,0.187721450359623,0.0635785649409627,0.3348117771379267,0.0757439134355275,0.2450599065107448,0.0206378986866791,0.0570852792328319,0.1498637602179836,0.291860633654167,0.0787330316742081,0.1646496502945563,0.1268115942028985,0.7075334301652083,0.3963249950652344,0.2248995983935743,0.0760309278350515,0.3423031294171301,0.7768046179064324,0.7748787090818786,0.7339384470411006,0.76042848990267,0.4871794871794873,0.5238095238095238,0.5365853658536585,0.5757575757575758,0.4833333333333334,10.100679,36.710194,0
0.1813236627379873,0.3804022271301911,0.0636704119850187,0.1704257211279748,0.0681198910081744,0.1876808276277162,0.064486830154405,0.3348354203677225,0.5103697024346258,0.4130695966020866,0.1632270168855534,0.3386491799527565,0.0635785649409627,0.1695640797120466,0.0751131221719457,0.1904659889043371,0.538647342995169,0.6748456232567054,0.0389172655269237,0.2409638554216867,0.5103092783505154,0.2887188039420644,0.7606470140963129,0.1738611406937489,0.6780631695933657,0.6234570465332713,0.1367521367521368,0.2023809523809523,0.1646341463414634,0.0969696969696969,0.2166666666666666,15.999094,-40.264587,1
0.0689029918404351,0.0535470831391522,0.2893258426966292,0.5612540063933382,0.0572207084468664,0.161097688502534,0.0708446866485013,0.2391181688625192,0.2759242560865644,0.4358545189363487,0.0609756097560975,0.1688139837708051,0.0690281562216167,0.1907191355988802,0.0669683257918552,0.1833444940344581,0.3164251207729469,0.6559516267477212,0.0654975369050272,0.2329317269076305,0.2757731958762887,0.2941459671289917,0.7399368581388666,0.1521665065375802,0.6837174111918101,0.6414266940837803,0.3418803418803419,0.3035714285714286,0.274390243902439,0.2181818181818182,0.3833333333333333,-11.866239,-51.089394,1
0.0670897552130553,0.1789419072471199,0.0711610486891385,0.1790244458614326,0.069936421435059,0.0382342069261738,0.368755676657584,0.2705451878542445,0.0730387736699729,0.1482267353743558,0.0684803001876172,0.1844652090092028,0.0663033605812897,0.1777352072158791,0.0723981900452488,0.1891330902933829,0.1243961352657004,0.6696339822315237,0.0626652472800796,0.2248995983935743,0.0734536082474226,0.2899011602370736,0.738866472445776,0.1545997387385712,0.6841193074814501,0.6267325453108449,0.5213675213675214,0.5476190476190476,0.5365853658536585,0.4848484848484849,0.7611111111111112,-32.40365,-17.313852,1
0.0589301903898458,0.1729502366174458,0.0664794007490636,0.1746966108962485,0.0681198910081744,0.1790834326469699,0.069936421435059,0.3429214049578765,0.0694319206492335,0.2325074584004722,0.0206378986866791,0.0702306043234751,0.1207992733878292,0.2619393686113051,0.0723981900452488,0.1921807964509085,0.1159420289855072,0.6227769153246947,0.2118620896724402,0.2088353413654618,0.0695876288659793,0.2842545004083898,0.6234980446021351,0.3980760108914204,0.675365056520402,0.5630839367735497,0.4700854700854701,0.5357142857142857,0.5304878048780487,0.5393939393939393,0.8166666666666667,2.1806626,5.3061404,0
0.0661831368993653,0.1817874498204099,0.0683520599250936,0.1748105012900692,0.069936421435059,0.0572981729969248,0.2706630336058129,0.6339755183350371,0.0757439134355275,0.1578922475970582,0.0637898686679174,0.1744380419799345,0.0681198910081744,0.1892568488800085,0.0669683257918552,0.0535702580047516,0.1183574879227053,0.6122798563736763,0.0518058119346764,0.1967871485943775,0.0760309278350515,0.2550044105680406,0.6746362715807479,0.0408668767445048,0.6526386846888209,0.5788179684340289,0.358974358974359,0.5178571428571429,0.5121951219512194,0.4606060606060606,0.7444444444444445,-40.567154,-20.23591,1
0.0779691749773345,0.1886672978183314,0.0758426966292134,0.166638002727425,0.0835603996366939,0.1818717769650498,0.0835603996366939,0.3424896590224754,0.0856627592425608,0.1410861211798894,0.0881801125703564,0.1857423352745485,0.0844686648501362,0.1925331115286196,0.0805429864253393,0.1805565202112385,0.144927536231884,0.5821818388439103,0.0900904367589823,0.253012048192771,0.086340206185567,0.2621843632638383,0.5667703427679738,0.289093201879594,0.6723796131249076,0.508160903246794,0.5213675213675214,0.5476190476190476,0.5243902439024389,0.4666666666666667,0.8666666666666667,-1.9874825,-15.517236,0
0.0634632819582955,0.1847967646281338,0.0636704119850187,0.1817334102287376,0.0608537693006357,0.178926342826233,0.0626702997275204,0.3314301562709206,0.0721370604147881,0.1518257773375628,0.0647279549718574,0.1786569087339319,0.0663033605812897,0.1777352072158791,0.0723981900452488,0.1847170262692129,0.1195652173913043,0.6657155745733586,0.2017065428367691,0.2128514056224899,0.0721649484536082,0.3506765923664812,0.7345610256084295,0.3979133061385052,0.7063219929659335,0.5801978494499558,0.4871794871794873,0.5297619047619048,0.5304878048780487,0.5393939393939393,0.7777777777777778,-0.8877327,12.894044,0
0.28558476881233,0.5751093867045693,0.0589887640449438,0.1686066384488952,0.064486830154405,0.186321262579007,0.0617620345140781,0.3347635055437603,0.0730387736699729,0.1459246454699622,0.0703564727954971,0.1873693591468382,0.0663033605812897,0.1777352072158791,0.0723981900452488,0.1847170262692129,0.1256038647342995,0.6538196030020537,0.0711431883214016,0.2289156626506024,0.0734536082474226,0.2752002458698561,0.7235649230699508,0.1140920883842546,0.6587723434162537,0.626039045681443,0.6666666666666667,0.5297619047619048,0.5426829268292682,0.4909090909090909,0.7944444444444445,14.529487,-32.80871,1
0.0888485947416137,0.1868576893146357,0.0880149812734082,0.1858236325011172,0.0817438692098092,0.1884896827832774,0.0772025431425976,0.3382873319179051,0.0865644724977457,0.1503695611973134,0.0806754221388367,0.1871658836594879,0.0762942779291553,0.1780246590206759,0.0823529411764705,0.1755346307875954,0.1582125603864734,0.6301003806786623,0.0937953042394952,0.2971887550200803,0.086340206185567,0.2948956112994062,0.5831460915633908,0.3388198690741393,0.7192448301924628,0.5458320211037629,0.5726495726495727,0.5714285714285714,0.5548780487804877,0.496969696969697,0.8166666666666667,4.94478,-10.768083,0
0.0716228467815049,0.1831911235058919,0.0730337078651685,0.1804476986636811,0.0708446866485013,0.0237604917233623,0.4959128065395095,0.5913207999452093,0.0757439134355275,0.1437730189580126,0.075046904315197,0.1887052682101505,0.069936421435059,0.1726221732118257,0.0796380090497737,0.1845701746922239,0.1316425120772947,0.6323201343981429,0.1000539300966581,0.2409638554216867,0.0760309278350515,0.263333421513566,0.6892509851313556,0.1872333153221445,0.6311029596932837,0.6240651982456672,0.6752136752136753,0.5476190476190476,0.5426829268292682,0.4909090909090909,0.7555555555555555,-28.08685,-9.265122,1
0.0906618313689936,0.1842625667332716,0.0917602996254681,0.1725851597748548,0.0953678474114441,0.1818717769650498,0.0953678474114441,0.3431758771768344,0.1073038773669973,0.1500987645273792,0.1022514071294559,0.1880183312446338,0.0962761126248864,0.2024712558548422,0.0850678733031674,0.183162677112309,0.1871980676328502,0.4436961208666783,0.1853565216251514,0.3293172690763052,0.1069587628865979,0.1418628666476505,0.4051125451025684,0.3732931519526579,0.5186380409982033,0.441819611164462,0.5726495726495727,0.5535714285714286,0.5365853658536585,0.4787878787878788,0.65,-2.525995,-1.6208326,0
0.0371713508612874,0.2272542713718914,0.0196629213483146,0.1410989447191618,0.0381471389645776,0.2934055496882459,0.0018165304268846,0.3149571710959806,0.0685302073940486,0.2672697458521567,0.0093808630393996,0.1432995856990306,0.0272479564032697,0.0596852736896707,0.1619909502262443,0.1943835783923314,0.073671497584541,0.6417387842694713,0.1098470853231657,0.072289156626506,0.0682989690721649,0.2609755419184792,0.6638849619442208,0.2616921480269286,0.7802352698736804,0.6356150654065079,0.4871794871794873,0.4226190476190476,0.4024390243902438,0.4121212121212121,0.3666666666666666,-17.137466,-5.7502384,1
0.0607434270172257,0.1716906797931153,0.0692883895131086,0.1789675006645222,0.0681198910081744,0.1891838687082663,0.0635785649409627,0.3314761775839875,0.4084761045987376,0.3410149228410654,0.1594746716697936,0.3540675770471119,0.0563124432334241,0.1622977776267177,0.0723981900452488,0.1861688829346935,0.4420289855072464,0.6725121482962074,0.035138811931482,0.2369477911646586,0.4085051546391752,0.2967766715745827,0.7540282688705119,0.1841016585705595,0.6745183111871391,0.6128878156120775,0.1367521367521368,0.238095238095238,0.2012195121951219,0.1333333333333333,0.2666666666666666,-6.1265063,-50.048622,1
0.070716228467815,0.1686335266042579,0.0823970037453183,0.1673135999014808,0.0899182561307901,0.3959182084411834,0.0108991825613079,0.2313826772425498,0.018034265103697,0.0325141409346457,0.1801125703564728,0.3396569183249366,0.072661217075386,0.1861275553016233,0.0733031674208144,0.1617150710512191,0.0942028985507246,0.6869918539697855,0.3784885948213127,0.2971887550200803,0.018041237113402,0.432067619785941,0.7619707702717037,0.6335802421071983,0.7224968181384804,0.7558891436420927,0.9914529914529916,0.6904761904761905,0.7499999999999999,0.8121212121212122,0.6833333333333333,7.467499,33.120213,0
0.0861287398005439,0.1896304765380404,0.0833333333333333,0.1943277182521734,0.0717529518619436,0.1778241803742886,0.0744777475022706,0.3427679588307251,0.078449053201082,0.1407268449940042,0.0806754221388367,0.1858069998955787,0.0772025431425976,0.1780490115440609,0.0832579185520362,0.1768020600230863,0.1425120772946859,0.6068232757759423,0.0811316404139808,0.2690763052208835,0.0786082474226804,0.2938972659294913,0.5779386566590496,0.296225897854402,0.7198373776311733,0.5205879064684249,0.5726495726495727,0.5773809523809524,0.5548780487804877,0.496969696969697,0.8,1.0297781,-15.769252,0
0.099728014505893,0.1914590049250024,0.095505617977528,0.1739258057447,0.0980926430517711,0.1762501150334371,0.1026339691189827,0.337382820335237,0.1036970243462579,0.1501408325982337,0.098499061913696,0.1753468021254442,0.1026339691189827,0.1913434827372748,0.0986425339366515,0.1969893064004227,0.181159420289855,0.6261868224961423,0.1953197958024141,0.321285140562249,0.1030927835051546,0.2624603668916468,0.5899468371494457,0.5145752443395856,0.6465995420907021,0.6228659462596262,0.4957264957264957,0.5595238095238095,0.5426829268292682,0.4848484848484849,0.6944444444444444,25.92921,8.501413,0
0.0616500453309156,0.1864009949484278,0.0608614232209737,0.1715329888456754,0.064486830154405,0.1735067440108101,0.069936421435059,0.3371671751897002,0.0775473399458972,0.1449081382394507,0.0759849906191369,0.1727595240986109,0.0817438692098092,0.1819454152856504,0.0850678733031674,0.1955401314654414,0.1292270531400966,0.6022033194095416,0.0741438899109687,0.2289156626506024,0.0773195876288659,0.2916549029290871,0.5808401875690198,0.2724188840754583,0.6903794709876527,0.5233890745465599,0.5470085470085471,0.5535714285714286,0.5304878048780487,0.4727272727272728,0.8,-1.0140294,-17.941456,0
0.0933816863100634,0.1879752421025641,0.0917602996254681,0.1883462020344486,0.0835603996366939,0.1699217298875645,0.0926430517711171,0.3317818063040993,0.0928764652840396,0.1342632392329519,0.1031894934333958,0.1916517500277582,0.0944595821980018,0.1905557035538298,0.0914027149321266,0.1782453175918245,0.1582125603864734,0.6034383327527808,0.2219194480453838,0.2771084337349397,0.0927835051546391,0.2559067289336059,0.5283114096524985,0.5535598423335611,0.671479862940198,0.551506804280404,0.5042735042735043,0.5535714285714286,0.5365853658536585,0.4787878787878788,0.6555555555555557,28.60355,15.356643,0
0.0652765185856754,0.1747216599847066,0.0720973782771535,0.1890910912263563,0.064486830154405,0.179007039651954,0.0663033605812897,0.235886842256269,0.0721370604147881,0.1470599226830878,0.0684803001876172,0.1874096945654165,0.064486830154405,0.1805032980387632,0.0687782805429864,0.0751893465520265,0.1256038647342995,0.7923063922027951,0.0831770966462484,0.2329317269076305,0.0721649484536082,0.3755925344613794,0.8519078644629865,0.243558762094096,0.7583759632207202,0.7350024974472678,0.6666666666666667,0.5476190476190476,0.548780487804878,0.496969696969697,0.8,-14.211084,-15.323164,1
0.0652765185856754,0.1862691793733416,0.0646067415730337,0.1759729687580315,0.0653950953678474,0.1818717769650498,0.0653950953678474,0.3326492097192734,0.0730387736699729,0.1415022096009955,0.074108818011257,0.1872919151431679,0.069936421435059,0.1906582069855938,0.0678733031674208,0.179007039651954,0.1171497584541062,0.6615064651064434,0.2198967182082855,0.2008032128514056,0.0734536082474226,0.3295856900674959,0.7141784785350951,0.4251065159606546,0.6963583708896045,0.5771111467432914,0.4615384615384616,0.5238095238095238,0.5182926829268292,0.5212121212121213,0.7611111111111112,2.2273135,13.719437,0
0.0625566636446056,0.1678442912112888,0.0739700374531835,0.2233711958743524,0.0481380563124432,0.1427450099210253,0.0744777475022706,0.3427679588307251,0.1154192966636609,0.3133664499446338,0.023452157598499,0.0648013160046779,0.1380563124432334,0.3616737465505983,0.0470588235294117,0.0808836654448482,0.1376811594202898,0.6765141484163036,0.1161805744319272,0.1365461847389558,0.1159793814432989,0.350676487518591,0.732724976453297,0.2829179375042862,0.7439521462305663,0.5563092165265088,0.2393162393162393,0.3928571428571429,0.3780487804878048,0.3333333333333333,0.6166666666666667,-11.373464,-13.993236,1
0.057116953762466,0.2121763852505453,0.0430711610486891,0.1305640832907532,0.0753860127157129,0.2057718711200203,0.0608537693006357,0.3805732484076433,0.1073038773669973,0.2017667691508249,0.0628517823639774,0.1480860028472252,0.0871934604904632,0.2446775155252428,0.0552036199095022,0.1683312559959567,0.0881642512077294,0.6992089133124999,0.0508044893412838,0.0,0.1069587628865979,0.2895942360734542,0.7278481486297015,0.1253380839020723,0.7362089053936073,0.613647373729174,0.1452991452991453,0.2559523809523809,0.25,0.2242424242424242,0.2166666666666666,-35.62869,-21.072777,1
0.1024478694469628,0.1990113516316769,0.0926966292134831,0.1883154320850411,0.0844686648501362,0.1769511693449087,0.0881017257039055,0.340300946988845,0.0883678990081154,0.1374571883503535,0.0947467166979362,0.1751463975785484,0.0990009082652134,0.1866444490114626,0.0986425339366515,0.1718068977420341,0.1509661835748792,0.6065047639242077,0.2244243935248367,0.2650602409638554,0.0889175257731958,0.2428191724256314,0.5536731959533338,0.5911702794838951,0.6451983482214302,0.5375062262989163,0.5555555555555556,0.5535714285714286,0.5304878048780487,0.4727272727272728,0.6444444444444445,29.18521,20.731485,0
0.0689029918404351,0.1876377261599012,0.0674157303370786,0.0666964858810264,0.2243415077202543,0.45418669867681,0.0599455040871934,0.3238210973293106,0.0757439134355275,0.1517271734481599,0.0684803001876172,0.1859272983888399,0.0653950953678474,0.1909716167589731,0.0633484162895927,0.1718451963692145,0.1195652173913043,0.7359506064139077,0.0778944997523632,0.2008032128514056,0.0760309278350515,0.3303401566299553,0.8089114782179458,0.1895430501094678,0.7266345805614663,0.6983820679219014,0.6239316239316239,0.5119047619047619,0.5182926829268292,0.4666666666666667,0.7611111111111112,-22.691055,-16.872246,1
0.2837715321849501,0.5504285137665946,0.0636704119850187,0.1677872603377968,0.069936421435059,0.0594003000107115,0.2624886466848319,0.6260840172808991,0.0721370604147881,0.1447736005177654,0.0703564727954971,0.180253229670513,0.0708446866485013,0.18763540170194,0.0705882352941176,0.0530109559989551,0.1243961352657004,0.6940580116983668,0.065782281915788,0.2289156626506024,0.0721649484536082,0.3274999392291337,0.7305623553955441,0.1429937111291928,0.7179215390207249,0.638589147723836,0.6666666666666667,0.5416666666666667,0.548780487804878,0.496969696969697,0.788888888888889,14.414925,-32.27792,1
0.0698096101541251,0.1776322038772943,0.0749063670411985,0.183238390432796,0.0708446866485013,0.0237604917233623,0.4959128065395095,0.5879433828733192,0.0748422001803426,0.1470834155560664,0.0712945590994371,0.1816572227834096,0.0708446866485013,0.1805697113330278,0.0751131221719457,0.1832567161958841,0.1304347826086956,0.6689810937272567,0.0829149475030295,0.2409638554216867,0.0747422680412371,0.2874698990310873,0.7275459385570422,0.1598007059877415,0.6645639225437248,0.6333896908751394,0.5470085470085471,0.5535714285714286,0.548780487804878,0.496969696969697,0.7944444444444445,-31.89283,-15.295823,1
0.1124206708975521,0.3974706845552503,0.0234082397003745,0.064901590826015,0.1326067211625794,0.4548360102086612,0.0199818346957311,0.2456610386546692,0.1253381424706943,0.3398757199151258,0.0215759849906191,0.1178357072800242,0.0608537693006357,0.0995699301225493,0.1466063348416289,0.1953637656009202,0.1340579710144927,0.6657634373646804,0.0923256292448741,0.0963855421686747,0.125,0.3011881217087152,0.7139431325690134,0.2109369508078588,0.8128753621047708,0.6490435315209441,0.3675213675213676,0.3511904761904761,0.3231707317073171,0.303030303030303,0.2833333333333333,11.120718,-26.613064,1
0.0661831368993653,0.1775191359604749,0.0711610486891385,0.1790244458614326,0.069936421435059,0.3600159972868213,0.0072661217075386,0.2340755945972235,0.0775473399458972,0.1565078643359941,0.0666041275797373,0.1844652090092028,0.064486830154405,0.1879199010227545,0.0642533936651583,0.183376279294949,0.1328502415458937,0.6171548489594082,0.2136016298527355,0.2409638554216867,0.0773195876288659,0.2964935335650729,0.6605769276515572,0.4052364016117883,0.6738828322953109,0.5354320454474824,0.4871794871794873,0.5476190476190476,0.5365853658536585,0.5575757575757576,0.8,2.9669304,6.823504,0
0.0734360834088848,0.1874400816889724,0.0720973782771535,0.1846717049128516,0.067211625794732,0.1971364356406696,0.0581289736603088,0.3346628247902133,0.0766456266907123,0.1541010337510844,0.0675422138836773,0.1920367432966094,0.0608537693006357,0.184975951529109,0.0624434389140271,0.1788842651956785,0.1304347826086956,0.6445693008384341,0.2096036417750742,0.2329317269076305,0.0773195876288659,0.3222030952528777,0.6843717681463243,0.4186556300846119,0.689432044210927,0.5591746826489175,0.4871794871794873,0.5357142857142857,0.5304878048780487,0.5454545454545454,0.788888888888889,1.6682439,12.5247135,0
0.0716228467815049,0.1639334052599501,0.0870786516853932,0.1722772629350299,0.0908265213442325,0.183087624778166,0.0899182561307901,0.5074309978768577,0.1036970243462579,0.1541010337510844,0.0947467166979362,0.2015834604416004,0.0799273387829246,0.3989931882665186,0.0090497737556561,0.0415832034616547,0.2439613526570048,0.698513379515676,0.2431391896071661,0.5301204819277109,0.1030927835051546,0.3230206364996558,0.80670155904783,0.5756535774862904,0.7507351421605887,0.7496687346928019,0.6752136752136753,0.6488095238095238,0.6463414634146342,0.6666666666666667,0.5777777777777778,12.209763,20.446108,0
0.0217588395285584,0.1266633343890013,0.0543071161048689,0.0977943530410953,0.1307901907356948,0.3852941692613336,0.033605812897366,0.3382873319179051,0.0405770964833183,0.0650302769690604,0.1332082551594746,0.419331233375425,0.0263396911898274,0.1476655790891519,0.0479638009049773,0.2089806800574932,0.0640096618357488,0.723965224994108,0.4642767039883764,0.1244979919678714,0.0412371134020618,0.3390311236652708,0.6822195199317633,0.6988031237627703,0.5365959475491311,0.7495336282389781,0.4273504273504274,0.5416666666666667,0.5365853658536585,0.5090909090909091,0.8333333333333333,7.476865,40.80546,0
0.0489573889392565,0.1817874498204099,0.0505617977528089,0.0911769887611177,0.1353315168029064,0.3764497174223647,0.0381471389645776,0.34281796582752,0.0315599639314697,0.1571927697388363,0.0206378986866791,0.0570852792328319,0.1498637602179836,0.1960109086129133,0.139366515837104,0.1800128807529965,0.0591787439613526,0.5851030327223979,0.5870289527153856,0.1365461847389558,0.0322164948453608,0.2378909365557409,0.575889713879837,0.7026957453401046,0.4922669753518479,0.7219774520677014,0.4444444444444445,0.5714285714285714,0.573170731707317,0.5515151515151515,0.8111111111111111,6.459164,45.591274,0
0.0598368087035358,0.1662427121818628,0.0720973782771535,0.056142206980146,0.2724795640326976,0.5505528590222813,0.0563124432334241,0.3244796857171743,0.2714156898106402,0.4296822489028296,0.0609756097560975,0.166213298541547,0.0708446866485013,0.18763540170194,0.0705882352941176,0.1833041456215977,0.3103864734299517,0.633233049544759,0.054283673141728,0.2248995983935743,0.2719072164948453,0.2657799476196679,0.7073423645682559,0.1443361766135421,0.6626823576619988,0.613780616852156,0.3247863247863248,0.2976190476190476,0.274390243902439,0.2181818181818182,0.3833333333333333,-8.132941,-46.352478,1
0.0616500453309156,0.1773688432189278,0.0664794007490636,0.1706802774717792,0.0708446866485013,0.1832659491240897,0.069936421435059,0.3429214049578765,0.0739404869251578,0.1505764547250473,0.0675422138836773,0.1760412503318232,0.0708446866485013,0.1861840707072445,0.0714932126696832,0.1922539100642834,0.1243961352657004,0.6264741172005023,0.17368767663006,0.2248995983935743,0.0734536082474226,0.3024008318152438,0.6860182324804711,0.3868868195478513,0.6861938834077816,0.5595137289176912,0.4871794871794873,0.5357142857142857,0.5304878048780487,0.5272727272727273,0.7444444444444445,3.5266116,1.7065265,0
0.2184950135992747,0.4632715164782285,0.0580524344569288,0.1581221645107624,0.0708446866485013,0.1875622755733761,0.067211625794732,0.2340630364445035,0.0748422001803426,0.1437437181921156,0.074108818011257,0.1872919151431679,0.069936421435059,0.180560600710825,0.07420814479638,0.1832659491240897,0.1304347826086956,0.6296689836368009,0.0774794395972408,0.2409638554216867,0.0747422680412371,0.2602270988959702,0.6931847489206966,0.1136906630848859,0.6528074780572342,0.6061081524010342,0.4786324786324787,0.5416666666666667,0.548780487804878,0.496969696969697,0.7666666666666667,12.812983,-30.126287,1
0.2765185856754306,0.5508710600618482,0.0608614232209737,0.1635733157664334,0.069936421435059,0.1846978016117524,0.0681198910081744,0.3394379691012994,0.0757439134355275,0.0307530059614024,0.3818011257035647,0.3411630490442275,0.184377838328792,0.3910524160842917,0.0624434389140271,0.1704128277126666,0.1280193236714976,0.742751621125169,0.0695896362933242,0.2289156626506024,0.0760309278350515,0.3365041100389094,0.8184317057690391,0.182117279663781,0.7115818999166178,0.7055754419220417,0.5982905982905984,0.5238095238095238,0.5365853658536585,0.4848484848484849,0.7777777777777778,15.088724,-31.768703,1
0.0616500453309156,0.1802935399694326,0.0646067415730337,0.1817440838472061,0.0617620345140781,0.1733360290525603,0.067211625794732,0.3360169471399326,0.0694319206492335,0.1470354440951591,0.0656660412757973,0.1745717375403248,0.069936421435059,0.1778452780150889,0.0760180995475113,0.191898357560885,0.1123188405797101,0.6493790610934389,0.2103508936812179,0.1967871485943775,0.0695876288659793,0.3276443414183773,0.7011946031931715,0.4125436204230774,0.6911761824478173,0.5535240948339549,0.4700854700854701,0.5238095238095238,0.5243902439024389,0.5393939393939393,0.7277777777777777,0.7516915,12.058985,0
0.070716228467815,0.1776595410216569,0.0758426966292134,0.1874806165113498,0.0690281562216167,0.179101898503381,0.0708446866485013,0.3394149563576315,0.0775473399458972,0.1528622361342233,0.0694183864915572,0.1859172840780205,0.0663033605812897,0.1750213424115233,0.07420814479638,0.1751690262004346,0.1268115942028985,0.6505949052983996,0.1002227132385074,0.2208835341365461,0.0773195876288659,0.272301567356992,0.6991077907459857,0.2030132250439811,0.6618148001620527,0.621866197352336,0.4957264957264957,0.5,0.5304878048780487,0.4787878787878788,0.75,-25.499632,-8.843689,1
0.0752493200362647,0.1739444231027793,0.0833333333333333,0.1859054439589753,0.0772025431425976,0.1742208321898305,0.0826521344232515,0.3910601556970984,0.1226330027051397,0.1713256713642038,0.0975609756097561,0.1971599970359923,0.0853769300635785,0.191093846570591,0.0823529411764705,0.1780228354216879,0.1473429951690821,0.5834662301783345,0.0986829948324867,0.1485943775100401,0.1224226804123711,0.3034638362987756,0.557640175373389,0.312671113458574,0.6843837576431347,0.4970749236254143,0.2393162393162393,0.3988095238095238,0.3780487804878048,0.3212121212121212,0.6111111111111112,3.6376936,-13.719983,1
0.0689029918404351,0.1832199661158675,0.0702247191011236,0.1762616610100089,0.0708446866485013,0.1751690262004346,0.0753860127157129,0.34388811555893,0.0757439134355275,0.1437730189580126,0.075046904315197,0.1931183910519532,0.067211625794732,0.1791386099058029,0.0723981900452488,0.0210556395502089,0.1280193236714976,0.666613387697475,0.0892667977362514,0.2289156626506024,0.0760309278350515,0.283907818465256,0.7384841527746976,0.1818017532363984,0.6667950345720834,0.6390256881073996,0.6752136752136753,0.5416666666666667,0.5365853658536585,0.4848484848484849,0.7611111111111112,-28.51602,-12.388284,1
0.0625566636446056,0.1759778003999428,0.0683520599250936,0.1748105012900692,0.069936421435059,0.1777712706149323,0.072661217075386,0.347619396246675,0.0721370604147881,0.1447736005177654,0.0703564727954971,0.1873693591468382,0.0663033605812897,0.1833875325325376,0.0687782805429864,0.1878044244503262,0.1195652173913043,0.6802971931493443,0.187633817402029,0.2128514056224899,0.0721649484536082,0.3231553873872644,0.7178626139173055,0.4164556795691561,0.7296592320377551,0.5928670811284634,0.4786324786324787,0.5297619047619048,0.5304878048780487,0.5272727272727273,0.7444444444444445,5.2066903,4.6459107,0
0.070716228467815,0.1832006077875505,0.0720973782771535,0.1846717049128516,0.067211625794732,0.0503759937828726,0.293369663941871,0.6510205848060406,0.254283137962128,0.4093543055515607,0.0600375234521576,0.1713965333898433,0.0663033605812897,0.0538188445045201,0.2787330316742081,0.5482235851799274,0.2971014492753623,0.6787394890821682,0.0446191822656375,0.2369477911646586,0.2538659793814433,0.3287063158548156,0.7282891702279934,0.1066172205075356,0.6917318705846494,0.6424377876260428,0.2564102564102564,0.3273809523809523,0.298780487804878,0.2424242424242424,0.4388888888888889,-8.877811,-45.412186,1
0.0761559383499546,0.0505675797369754,0.3230337078651685,0.577024245205033,0.0653950953678474,0.1709370933647364,0.072661217075386,0.2367128066684035,0.2831379621280432,0.449145173388087,0.0600375234521576,0.168708232248924,0.0681198910081744,0.1877539430856127,0.0678733031674208,0.1721772023492091,0.321256038647343,0.6581502913877295,0.0386936401628088,0.2248995983935743,0.2835051546391752,0.2823838833540339,0.7260308264494233,0.1113707169816946,0.688103612037899,0.6240351173894418,0.1965811965811966,0.2916666666666667,0.2621951219512195,0.206060606060606,0.3666666666666666,-11.46104,-50.479065,1
0.0616500453309156,0.1638998450258139,0.0758426966292134,0.1934099807774663,0.0653950953678474,0.1804394083085019,0.0663033605812897,0.2131632296488047,0.0667267808836789,0.1400590465354798,0.0684803001876172,0.1801966930350943,0.0690281562216167,0.1862421344801431,0.069683257918552,0.0486971229672037,0.1183574879227053,0.6995154180447201,0.0707389741299115,0.2248995983935743,0.0670103092783505,0.3060460517097376,0.7629499396776923,0.1533797863282993,0.6784364323875189,0.6558347261024048,0.4358974358974359,0.5476190476190476,0.5548780487804877,0.503030303030303,0.8055555555555555,-31.181652,-18.316761,1
0.0725294650951949,0.1790534971519548,0.0767790262172284,0.1903565400465856,0.0681198910081744,0.1804682479458821,0.0690281562216167,0.3338652752915273,0.0838593327321911,0.0324685026564691,0.3939962476547842,0.3129099991356324,0.2125340599455041,0.4249218598756209,0.0660633484162896,0.1643321917384181,0.1400966183574879,0.7003276372855864,0.0943805428720552,0.2449799196787148,0.0837628865979381,0.3065215944636301,0.7528320624854825,0.228832161802365,0.7009008785000777,0.6778490542234097,0.4957264957264957,0.5119047619047619,0.5304878048780487,0.4787878787878788,0.75,-19.352215,-12.090377,1
0.0743427017225748,0.1738950958907187,0.0823970037453183,0.1707710988015433,0.0871934604904632,0.185651159323893,0.0844686648501362,0.3588588588588588,0.0856627592425608,0.1440717438395966,0.0853658536585365,0.1967750583022768,0.0744777475022706,0.19183561126937,0.0714932126696832,0.1737240175940371,0.1473429951690821,0.5943634811032581,0.1065393982525579,0.2610441767068273,0.086340206185567,0.2876999989353146,0.5695283937149991,0.3136186072350713,0.6735685912379279,0.5238216496485611,0.5299145299145299,0.5476190476190476,0.5304878048780487,0.4787878787878788,0.8166666666666667,1.1864482,-11.841055,0
0.1178603807796917,0.1797268845087171,0.1235955056179775,0.1714785451173632,0.1289736603088101,0.4179147860698335,0.0254314259763851,0.2340999787416682,0.0865644724977457,0.0638504495995271,0.2307692307692307,0.2870154780553804,0.1289736603088101,0.1879484870789128,0.1266968325791855,0.437717199767594,0.0954106280193236,0.7107149291881079,0.1403904358281826,0.0883534136546184,0.086340206185567,0.3556918022119615,0.7227383427168427,0.1376740335574119,0.8910282289538056,0.6677580366496585,0.5128205128205129,0.380952380952381,0.3902439024390243,0.3454545454545454,0.3555555555555555,-30.531025,-22.802454,1
0.0679963735267452,0.1696434084511754,0.0786516853932584,0.197769233782325,0.0653950953678474,0.1776327399949958,0.0681198910081744,0.2280454602223054,0.0748422001803426,0.151751314400393,0.0675422138836773,0.1801678517109449,0.0681198910081744,0.1777909715611741,0.07420814479638,0.1905252593315047,0.1231884057971014,0.7443777522092315,0.0761695021757046,0.216867469879518,0.0747422680412371,0.3411813769562121,0.816671712121681,0.2117563329822961,0.740951528128805,0.6769568542683865,0.4102564102564102,0.5119047619047619,0.5304878048780487,0.4787878787878788,0.7611111111111112,-20.317234,-16.709208,1
0.0806890299184043,0.1987453454260976,0.0720973782771535,0.1507308180251354,0.0926430517711171,0.1892963624273927,0.0871934604904632,0.4093560991275491,0.0937781785392245,0.1492407511655769,0.0891181988742964,0.1870194615398942,0.0844686648501362,0.1871085511078392,0.0841628959276018,0.1818717769650498,0.1618357487922705,0.6061051456697567,0.0935368275561101,0.285140562248996,0.0940721649484536,0.2874960327351724,0.5983268905923491,0.3368161760263318,0.7206717677155942,0.5162677465118204,0.5555555555555556,0.5595238095238095,0.5365853658536585,0.4787878787878788,0.7833333333333334,4.801347,-11.37296,0
0.0362647325475974,0.1836887896307445,0.0365168539325842,0.1851713925297517,0.0326975476839237,0.1818717769650498,0.0326975476839237,0.3337566980082903,0.0414788097385031,0.1513525088225233,0.0337711069418386,0.1904652927841288,0.0299727520435967,0.1639189496995607,0.0425339366515837,0.1818717769650498,0.0615942028985507,0.7313626255033482,0.4751170438191637,0.1164658634538152,0.0412371134020618,0.3653033499450497,0.6667573076129046,0.7566776485967475,0.6051837365709327,0.7755243663692823,0.4444444444444445,0.5297619047619048,0.5304878048780487,0.503030303030303,0.8388888888888889,4.3815737,40.465668,0
0.070716228467815,0.1724026315258092,0.0795880149812734,0.0618584652793932,0.2679382379654859,0.5034928715849558,0.0653950953678474,0.3273748373399082,0.078449053201082,0.061943209866823,0.2204502814258911,0.452586599657368,0.0572207084468664,0.1575043372702248,0.0769230769230769,0.1874484656012096,0.1340579710144927,0.6602798498136517,0.0893075099446358,0.2409638554216867,0.0786082474226804,0.2784401429116068,0.7259841451297203,0.1745843102528012,0.6748381175705099,0.647864065863508,0.6923076923076924,0.5476190476190476,0.5426829268292682,0.4909090909090909,0.7555555555555555,-30.400686,-12.452682,1
0.0979147778785131,0.1853524619647874,0.098314606741573,0.172988254988939,0.1017257039055404,0.1681412935805654,0.1135331516802906,0.3531571047494614,0.1118124436429215,0.155756222796461,0.1013133208255159,0.2008701999652505,0.0862851952770208,0.1980305691932382,0.0787330316742081,0.1887964731192217,0.1932367149758454,0.5612246349366979,0.2387024345652798,0.3333333333333333,0.1121134020618556,0.2148590210676369,0.4829354248594459,0.5278048093066309,0.6412642452913669,0.6143319988614376,0.5213675213675214,0.5476190476190476,0.5304878048780487,0.4727272727272728,0.6888888888888889,30.499573,11.908462,0
0.0698096101541251,0.1789988180985857,0.0739700374531835,0.1846524657923139,0.0690281562216167,0.1818717769650498,0.0690281562216167,0.2093388912027866,0.0766456266907123,0.1493700551926453,0.0712945590994371,0.1816572227834096,0.0708446866485013,0.1778719022830795,0.0769230769230769,0.1888894220608885,0.1316425120772947,0.7571562908430016,0.0941481911375449,0.2369477911646586,0.0773195876288659,0.3354219297350371,0.8222614310102772,0.2660314309225768,0.7178839477847034,0.7145490214513657,0.6666666666666667,0.5357142857142857,0.5365853658536585,0.4848484848484849,0.7722222222222223,-13.712395,-13.071081,1
0.0689029918404351,0.1776045022376736,0.0739700374531835,0.0279878009615121,0.4514078110808356,0.4978636605888625,0.139872842870118,0.4433980386209685,0.2678088367899008,0.4380839060230825,0.0572232645403377,0.1670403081833902,0.0663033605812897,0.1777352072158791,0.0723981900452488,0.1764044351648931,0.3115942028985507,0.6507424876466097,0.0386096613460948,0.2409638554216867,0.268041237113402,0.2660179187942044,0.7094931715472012,0.1509971073514364,0.6607268886015599,0.5986920888701234,0.3333333333333333,0.3035714285714286,0.2865853658536585,0.2242424242424242,0.3833333333333333,-7.9689755,-46.231922,1
0.070716228467815,0.1817874498204099,0.0730337078651685,0.1861050193929072,0.067211625794732,0.0507700549030442,0.2915531335149863,0.6591628158694476,0.0748422001803426,0.0452851536602405,0.2823639774859287,0.5428874795929137,0.0599455040871934,0.1666109018937501,0.0733031674208144,0.1846978016117524,0.1256038647342995,0.6478002970447156,0.0913132279472166,0.2248995983935743,0.0747422680412371,0.2712941477153282,0.7065292687073541,0.1601079811819466,0.6409793692992206,0.6357655408007206,0.4102564102564102,0.5238095238095238,0.5365853658536585,0.4848484848484849,0.7666666666666667,-33.39366,-13.325301,1
0.0825022665457842,0.3491053531298619,0.0177902621722846,0.0546309911768994,0.1435059037238873,0.4866615415211242,0.0190735694822888,0.2811120082134705,0.1307484220018034,0.3584516262181318,0.0196998123827392,0.1519962872001436,0.0345140781108083,0.0823236837730902,0.1294117647058823,0.375788449995152,0.1413043478260869,0.6514582605399961,0.0853453971285513,0.1004016064257028,0.1314432989690721,0.3213561027460369,0.7807320181347245,0.216303931571238,0.7720164110978148,0.5657829966656953,0.4188034188034188,0.3571428571428571,0.3292682926829268,0.2727272727272727,0.3277777777777778,9.83871,-25.828125,1
0.1405258386219401,0.312692643956402,0.0636704119850187,0.1677872603377968,0.069936421435059,0.1876012515912413,0.0663033605812897,0.3382873319179051,0.0703336339044184,0.1413668164646191,0.0712945590994371,0.1816572227834096,0.0708446866485013,0.1905981187669735,0.0687782805429864,0.1818717769650498,0.1243961352657004,0.8471354122944124,0.1078995297444651,0.2329317269076305,0.0708762886597938,0.4117508792413606,0.9462236899554308,0.3457020776910421,0.7819817439992252,0.7540240774304239,0.4188034188034188,0.5535714285714286,0.548780487804878,0.496969696969697,0.7722222222222223,11.777518,-21.73246,1
0.070716228467815,0.1890495115959937,0.0683520599250936,0.1789384469926293,0.067211625794732,0.1790647189267143,0.0690281562216167,0.1912704493021342,0.0721370604147881,0.1447736005177654,0.0703564727954971,0.1844652090092028,0.0681198910081744,0.1892568488800085,0.0669683257918552,0.0237783640500246,0.1231884057971014,0.7065468099218962,0.0761688080392153,0.2248995983935743,0.0721649484536082,0.3157786594722778,0.7775023919187943,0.1994526483029418,0.7053541146476451,0.6450362110808466,0.4017094017094017,0.5416666666666667,0.5426829268292682,0.4909090909090909,0.7833333333333334,-22.666952,-16.074266,1
0.0815956482320943,0.1684117453407298,0.0945692883895131,0.1796264379430559,0.0926430517711171,0.1892963624273927,0.0871934604904632,0.3297351240885199,0.0955816050495942,0.1554979705601845,0.0853658536585365,0.1997072518884266,0.072661217075386,0.1919710934061332,0.069683257918552,0.1892875863216452,0.1606280193236715,0.6407706944633202,0.2556755420915625,0.2771084337349397,0.095360824742268,0.4159487302650725,0.6895521261345444,0.5296596943023636,0.8744289794757931,0.6503801769326204,0.7094017094017094,0.5178571428571429,0.5304878048780487,0.4787878787878788,0.4777777777777778,5.729655,20.328226,0
0.0670897552130553,0.1877207088030145,0.0655430711610486,0.186270005232338,0.0599455040871934,0.188068097671894,0.0563124432334241,0.3299492638776751,0.0676284941388638,0.1482267353743558,0.0628517823639774,0.1875377156765562,0.0590372388737511,0.1774963301622751,0.0651583710407239,0.1775149889680499,0.1183574879227053,0.6065083453949014,0.2322954482900197,0.2208835341365461,0.0682989690721649,0.3230055812749372,0.5973994278004815,0.38098166701307,0.6269531827766838,0.549759531283219,0.5042735042735043,0.5535714285714286,0.5426829268292682,0.5515151515151515,0.7333333333333334,-1.6022419,7.4786386,0
0.1223934723481414,0.421435488414677,0.0234082397003745,0.0716927988378819,0.1189827429609445,0.3951387062439334,0.0254314259763851,0.2541362543263865,0.1641118124436429,0.3986480751742953,0.0253283302063789,0.0800779647219109,0.1126248864668483,0.4110732991394807,0.0226244343891402,0.067711303072648,0.216183574879227,0.6101955975377958,0.0377554473330729,0.2489959839357429,0.163659793814433,0.2814274739642987,0.6544238654580756,0.0285266350328023,0.7358041148984217,0.5114140618542283,0.3760683760683761,0.4285714285714285,0.3963414634146341,0.3333333333333333,0.3722222222222222,10.694986,-29.597427,1
0.1015412511332728,0.1806507792816228,0.1058052434456928,0.1879205510676442,0.0971843778383288,0.1890830122704288,0.0917347865576748,0.339265040969691,0.0973850315599639,0.1512329939553875,0.0909943714821763,0.1807888571008666,0.0908265213442325,0.184391111201424,0.0923076923076923,0.1725253714295864,0.1763285024154589,0.6411241527929763,0.2470825851298984,0.321285140562249,0.0979381443298969,0.2626745152316111,0.5904949233145108,0.6056120090653789,0.7284084572198908,0.6349157781484682,0.5726495726495727,0.5714285714285714,0.548780487804878,0.496969696969697,0.6722222222222222,26.46381,24.531311,0
0.0698096101541251,0.1846524824113251,0.0702247191011236,0.1789961643542423,0.0690281562216167,0.1847170262692129,0.067211625794732,0.3430186232734003,0.4472497745716862,0.3398757199151258,0.1791744840525328,0.3839974067008606,0.0572207084468664,0.1637011803166415,0.0723981900452488,0.1861688829346935,0.4758454106280193,0.6793126906362549,0.0289476379827292,0.2289156626506024,0.4471649484536082,0.2864590812830652,0.7535089093089978,0.144288375237104,0.6747285448136475,0.6385806270859824,0.1709401709401709,0.2202380952380952,0.1829268292682926,0.1151515151515151,0.25,-6.4288483,-50.603573,1
0.1514052583862194,0.2166453463432124,0.1245318352059925,0.1929628779051731,0.1108083560399636,0.2044478602222308,0.0935513169845594,0.3402315119863988,0.1334535617673579,0.3766142920432099,0.0168855534709193,0.0767447860662064,0.1017257039055404,0.3888039537101127,0.0217194570135746,0.1545095196380974,0.1485507246376811,0.6281279798189296,0.0121180932879682,0.1164658634538152,0.134020618556701,0.2595905705924701,0.5966554250238087,0.0918233135899725,0.7284395949242031,0.5617076614199584,0.4188034188034188,0.369047619047619,0.3353658536585366,0.2727272727272727,0.4277777777777777,-35.63701,-22.214825,1
0.0090661831368993,0.0482692568893181,0.1432584269662921,0.287182356526427,0.069936421435059,0.1764399373843746,0.0735694822888283,0.335055287345441,0.0730387736699729,0.1425858528271662,0.073170731707317,0.1688576291284136,0.0817438692098092,0.1769368643683177,0.0886877828054298,0.1856972493526594,0.1171497584541062,0.6230062433553873,0.3203210150919496,0.2008032128514056,0.0734536082474226,0.3947963505215947,0.7081063305991879,0.5845987279811048,0.703870540608127,0.7085963072199807,0.6837606837606839,0.5119047619047619,0.5243902439024389,0.5575757575757576,0.4722222222222222,12.064712,27.033554,0
0.0716228467815049,0.1776865208177272,0.0767790262172284,0.1918382773131295,0.067211625794732,0.1923280681578494,0.0608537693006357,0.3395041928240846,0.0730387736699729,0.1459246454699622,0.0703564727954971,0.1998277423459699,0.0590372388737511,0.18044104837343,0.0633484162895927,0.1864848466089319,0.1268115942028985,0.6413619527613578,0.215692806081461,0.2329317269076305,0.0734536082474226,0.2962987653643091,0.6865611671059734,0.4208152945788843,0.6848918975194441,0.5330224168973975,0.4700854700854701,0.5476190476190476,0.5426829268292682,0.5515151515151515,0.7277777777777777,4.140959,9.075956,0
0.070716228467815,0.1860849987067828,0.0702247191011236,0.1846914747677489,0.0653950953678474,0.0724934677772115,0.2098092643051771,0.5390693814375251,0.0739404869251578,0.1554758695413826,0.0637898686679174,0.1772048336651142,0.0663033605812897,0.1777352072158791,0.0723981900452488,0.1891330902933829,0.1183574879227053,0.7138836762925211,0.1010304150013248,0.2048192771084337,0.0734536082474226,0.3232927538713861,0.7837373489408306,0.2613162560048619,0.6999884686392521,0.6821790763086083,0.4957264957264957,0.5178571428571429,0.5243902439024389,0.4727272727272728,0.7666666666666667,-14.398298,-12.288115,1
0.0879419764279238,0.2038029634137588,0.0758426966292134,0.1949437920199166,0.064486830154405,0.1645556259451268,0.0762942779291553,0.4062468405621272,0.0739404869251578,0.141546160749841,0.075046904315197,0.1666925057716973,0.0853769300635785,0.1746931493619981,0.0941176470588235,0.1920112108489767,0.1280193236714976,0.6086443808848059,0.3963451282702646,0.2369477911646586,0.0734536082474226,0.274451322233357,0.6696600947916606,0.6804895936493895,0.6805097793751671,0.6766016156959436,0.5213675213675214,0.5238095238095238,0.548780487804878,0.593939393939394,0.5000000000000001,12.926148,35.84148,0
0.0734360834088848,0.1845760815422341,0.0739700374531835,0.1860856502783118,0.0681198910081744,0.1804682479458821,0.0690281562216167,0.3327956544517054,0.2263300270513976,0.367959548567638,0.0609756097560975,0.1701406846816766,0.0681198910081744,0.1819454152856504,0.0714932126696832,0.1777169592725466,0.2620772946859903,0.6625350471964329,0.051011600811513,0.2048192771084337,0.2268041237113402,0.3170863292039592,0.7730772662167552,0.1555139667894189,0.715846441287335,0.5968508161318967,0.2991452991452992,0.3154761904761905,0.298780487804878,0.2424242424242424,0.4111111111111111,-7.2526226,-44.974083,1
0.1078875793291024,0.2983613988474871,0.047752808988764,0.1004270418910771,0.1162579473206176,0.4152121698991047,0.0199818346957311,0.2490871896708953,0.0919747520288548,0.2169412172265086,0.0431519699812382,0.1208643209949868,0.0881017257039055,0.290232969270661,0.0389140271493212,0.1182247870958346,0.1268115942028985,0.6970930814682169,0.0941102194724353,0.1767068273092369,0.0914948453608247,0.3172696443812401,0.7577141004609745,0.28530346152931,0.6790099751041884,0.6356377223319043,0.4017094017094017,0.4583333333333333,0.4634146341463414,0.4121212121212121,0.6833333333333333,9.875171,-23.069246,1
0.0326382592928377,0.0762454853485911,0.1357677902621722,0.4143916606095272,0.0272479564032697,0.1568481741104865,0.0399636693914623,0.3474302327805512,0.1406672678088368,0.1505710654604815,0.1360225140712945,0.4084683366064413,0.0299727520435967,0.167271239791009,0.0407239819004524,0.1934898782903827,0.2584541062801932,0.6032655283533176,0.661017006510903,0.4618473895582329,0.1404639175257732,0.2458730344566038,0.6290764153545704,0.8170787717338742,0.5577273898753822,0.3996515763527574,0.0683760683760683,0.119047619047619,0.0975609756097561,0.0848484848484848,0.0888888888888889,1.7915847,44.857643,0
0.042611060743427,0.0772137602520023,0.1544943820224719,0.1955211885107611,0.1362397820163488,0.193765188748329,0.1253405994550408,0.3440912812400261,0.1145175834084761,0.1749087894469664,0.0872420262664165,0.401638972960184,0.0081743869209809,0.2077257304526062,0.0036199095022624,0.1684662754358195,0.107487922705314,0.5985194929595483,0.1539944052753384,0.0401606425702811,0.1146907216494845,0.2130508116465361,0.5752428417521368,0.1931212286243145,0.7266015922877227,0.5326482271652675,0.3076923076923077,0.3154761904761905,0.2865853658536585,0.2303030303030303,0.3944444444444444,-28.008255,3.626643,1
0.0371713508612874,0.1895336490476993,0.0346441947565543,0.1721490626134186,0.0372388737511353,0.1818717769650498,0.0372388737511353,0.3382873319179051,0.036068530207394,0.1347776838276351,0.0384615384615384,0.1826217050087907,0.0381471389645776,0.1914502789583159,0.03710407239819,0.2341532329290479,0.0628019323671497,0.5720149159811584,0.4733819298320485,0.1365461847389558,0.0360824742268041,0.2244398287545885,0.4760370367206757,0.6168014118378073,0.4143782896552814,0.6118590045390173,0.4444444444444445,0.5595238095238095,0.5609756097560975,0.5333333333333333,0.788888888888889,9.789701,45.374466,0
0.0698096101541251,0.1803837761349279,0.0730337078651685,0.177729966156504,0.072661217075386,0.0571687790984156,0.2779291553133515,0.6237922432528747,0.0775473399458972,0.0412305863696567,0.3123827392120075,0.600733794795677,0.0581289736603088,0.1588621749377485,0.0769230769230769,0.0538678092144044,0.1231884057971014,0.6461196696606982,0.091260258748699,0.2088353413654618,0.0773195876288659,0.2775917830847276,0.7057903351585325,0.1783426918911435,0.6279269205274622,0.6308582201478282,0.4615384615384616,0.5119047619047619,0.5182926829268292,0.4666666666666667,0.7611111111111112,-29.535303,-12.203728,1
0.0598368087035358,0.1730120353111729,0.0674157303370786,0.0578944300947906,0.254314259763851,0.5115884043584397,0.0581289736603088,0.3278606675779697,0.2633002705139765,0.4283654979623455,0.0581613508442776,0.1658433273834188,0.0681198910081744,0.1877539430856127,0.0678733031674208,0.0563962826514542,0.2995169082125604,0.5860550054586309,0.041123939597235,0.216867469879518,0.2628865979381443,0.2345340313826315,0.6538338345658561,0.0797315665267969,0.6347354156556612,0.5688362554481917,0.2905982905982906,0.3035714285714286,0.274390243902439,0.2181818181818182,0.3944444444444444,-9.971329,-46.199333,1
0.0734360834088848,0.1751267052619126,0.0805243445692883,0.1901692203199069,0.0717529518619436,0.186082364022553,0.0690281562216167,0.3417628866978837,0.0793507664562669,0.1482267353743558,0.075046904315197,0.1961619240463,0.0653950953678474,0.1909716167589731,0.0633484162895927,0.1760221035704766,0.1376811594202898,0.6287476589276386,0.2161586977403586,0.2489959839357429,0.0798969072164948,0.3027008895416454,0.6625238098722761,0.4155321252144058,0.6736535215164116,0.5373688785926318,0.4957264957264957,0.5416666666666667,0.5365853658536585,0.5515151515151515,0.8055555555555555,3.7149394,9.0545635,0
0.1060743427017225,0.1947853095407769,0.099250936329588,0.1958549909458601,0.0853769300635785,0.178181321249944,0.0881017257039055,0.3372981876725311,0.0937781785392245,0.143331486727082,0.0947467166979362,0.1740388339249051,0.0999091734786557,0.1854305319656278,0.1004524886877828,0.1854162824541344,0.1606280193236715,0.6566101532608128,0.2353661846110191,0.2811244979919678,0.0940721649484536,0.278716523160802,0.56982800432115,0.5825481644084234,0.6944932481190811,0.560299989019085,0.4871794871794873,0.5535714285714286,0.5365853658536585,0.4787878787878788,0.6444444444444445,25.27846,20.204102,0
0.0843155031731641,0.1830705625758504,0.0861423220973782,0.174562622197636,0.0881017257039055,0.1921989781431235,0.0808356039963669,0.341478721841659,0.0892696122633002,0.1514010456773085,0.0825515947467167,0.1871319129091699,0.0781108083560399,0.1832688773160216,0.0805429864253393,0.1859193735558109,0.1570048309178744,0.5835687085250371,0.0883672402080138,0.285140562248996,0.0889175257731958,0.2699839984573485,0.5626829879291256,0.304345129891526,0.6939839104028298,0.4993901533781084,0.5811965811965812,0.5654761904761905,0.5426829268292682,0.4848484848484849,0.8666666666666667,-0.681922,-14.449484,0
0.057116953762466,0.1620032382804409,0.0720973782771535,0.1818243150732781,0.0690281562216167,0.1861688829346935,0.0663033605812897,0.3382873319179051,0.0766456266907123,0.0384246841998652,0.3273921200750469,0.2778043961973013,0.1998183469573115,0.4266780532573936,0.0597285067873303,0.1597127492716996,0.1316425120772947,0.7039892061073341,0.078624522298046,0.2369477911646586,0.0773195876288659,0.3051038414906307,0.7613685588672954,0.207577712043681,0.6957346087702202,0.6530095695330214,0.4358974358974359,0.5357142857142857,0.5426829268292682,0.4909090909090909,0.7388888888888889,-21.83333,-14.872815,1
0.0344514959202175,0.1837239996272322,0.0346441947565543,0.1757134894125042,0.0354223433242506,0.189617177848605,0.0317892824704813,0.3337158814865821,0.0405770964833183,0.1437040454736887,0.0375234521575985,0.1844652090092028,0.036330608537693,0.1876483334892497,0.03710407239819,0.1877351178208252,0.0640096618357488,0.7133514977898137,0.4922364146299889,0.1244979919678714,0.0412371134020618,0.3598658356352064,0.6616571764155053,0.7865933728512883,0.550347790494587,0.7414854520416151,0.4444444444444445,0.5357142857142857,0.5426829268292682,0.5090909090909091,0.8388888888888889,3.495964,40.91244,0
0.0689029918404351,0.2354149829324137,0.0430711610486891,0.183238390432796,0.0399636693914623,0.1818717769650498,0.0399636693914623,0.3354445812295194,0.0595130748422001,0.1623056323103169,0.0450281425891182,0.186231900342931,0.0426884650317892,0.271562701342211,0.0135746606334841,0.0930649202590803,0.0579710144927536,0.6776346067110478,0.4170331684341539,0.0481927710843373,0.0592783505154639,0.7080516827052749,0.7781175876205375,0.6575950623464847,0.7601363549695329,0.5697719697064718,0.5384615384615385,0.3571428571428571,0.4024390243902438,0.4121212121212121,0.3833333333333333,4.4681616,32.620934,1
0.0716228467815049,0.0593033493314464,0.2724719101123595,0.5417381524741616,0.0554041780199818,0.164683353086475,0.0663033605812897,0.3348817547509464,0.0775473399458972,0.1528622361342233,0.0694183864915572,0.0538315312776539,0.2815622161671208,0.557422219639415,0.0615384615384615,0.167645530444234,0.1304347826086956,0.6605888822509244,0.0785582144063015,0.2329317269076305,0.0773195876288659,0.2855292015061068,0.7166184117469107,0.1552484705124222,0.664419227067653,0.6401062016344661,0.6153846153846154,0.5476190476190476,0.5365853658536585,0.4848484848484849,0.7777777777777778,-31.193192,12.368027,1
0.0725294650951949,0.1750840081814094,0.0795880149812734,0.1779709597185917,0.0790190735694822,0.1858678118158012,0.0762942779291553,0.3320611847046921,0.0892696122633002,0.1546958994094873,0.0797373358348968,0.1730398997850921,0.0853769300635785,0.1746931493619981,0.0941176470588235,0.2002853715184076,0.1533816425120772,0.597596894061618,0.1143462643734772,0.2730923694779116,0.0889175257731958,0.2893981796977035,0.5886205515511881,0.3192046586847143,0.692653464932668,0.5143273762245796,0.5384615384615385,0.5476190476190476,0.5365853658536585,0.4787878787878788,0.8444444444444444,1.5335371,-11.275317,0
0.1006346328195829,0.1751125334649796,0.1095505617977528,0.1901844529130654,0.0990009082652134,0.1818717769650498,0.0990009082652134,0.3557142550773124,0.0874661857529305,0.1582475973111281,0.075046904315197,0.1844652090092028,0.072661217075386,0.1753281051337947,0.0805429864253393,0.1767081763760129,0.1630434782608695,0.6541324517090458,0.3510905973723831,0.3092369477911647,0.0876288659793814,0.4476672892388309,0.7223922287306798,0.6655838918986305,0.7169859713063844,0.711112996868659,0.7521367521367522,0.5535714285714286,0.5670731707317073,0.6,0.5111111111111112,6.7555847,33.69662,0
0.0734360834088848,0.1874400816889724,0.0720973782771535,0.3229140812813588,0.0145322434150772,0.0662745878989232,0.1144414168937329,0.3996887996975249,0.0748422001803426,0.1482267353743558,0.0703564727954971,0.1965796638690534,0.0608537693006357,0.1896901190189334,0.0597285067873303,0.171562757479191,0.1256038647342995,0.6481529951113554,0.2173248425809685,0.2248995983935743,0.0747422680412371,0.3293692140145531,0.6948699007935982,0.4192936514258283,0.6865310809434594,0.5578127001631744,0.4700854700854701,0.5416666666666667,0.5304878048780487,0.5393939393939393,0.8,1.6689693,13.101608,0
0.0906618313689936,0.1793695610442617,0.095505617977528,0.1908083507406345,0.0853769300635785,0.1723117393030616,0.0926430517711171,0.3308930732967488,0.0946798917944093,0.139661417629517,0.099437148217636,0.1775894373319902,0.1017257039055404,0.1938943867598585,0.0959276018099547,0.1905853529590495,0.1630434782608695,0.6127109547081377,0.2240151354057662,0.2891566265060241,0.0940721649484536,0.2462566239581072,0.54151760028309,0.5896772511189142,0.6639005766015112,0.5241135922308083,0.5726495726495727,0.5595238095238095,0.5365853658536585,0.4787878787878788,0.8777777777777778,27.88235,21.3848,0
0.1441523118766999,0.1974246370455923,0.1338951310861423,0.183238390432796,0.1280653950953678,0.4389222687880407,0.0208900999091734,0.2464664846830452,0.0144274120829576,0.0475626222822342,0.1172607879924953,0.4143210499026848,0.0199818346957311,0.2211529779353956,0.0099547511312217,0.215210676420353,0.0398550724637681,0.6354669686403009,0.0561887351059545,0.1285140562248996,0.0141752577319587,0.3089378854149381,0.6659445916421667,0.1438413419813475,0.728167924945078,0.5414625460297803,0.4700854700854701,0.6428571428571429,0.6341463414634146,0.5878787878787879,0.7111111111111111,-34.76342,-23.960873,1
0.0679963735267452,0.1789611338861285,0.0720973782771535,0.0606292687236344,0.2552225249772933,0.5293665669813985,0.0544959128065395,0.3181245108102154,0.0802524797114517,0.1527695261190259,0.0722326454033771,0.1844652090092028,0.069936421435059,0.1862129050978676,0.0705882352941176,0.1736707642648148,0.1352657004830917,0.6713459583888333,0.090073366082786,0.2409638554216867,0.0798969072164948,0.314566532628019,0.7170256928080078,0.1510729515446764,0.6655423302077595,0.6654942836311559,0.4615384615384616,0.5238095238095238,0.5304878048780487,0.4848484848484849,0.7333333333333334,-31.31226,-17.616934,1
0.0625566636446056,0.1704821860832847,0.0720973782771535,0.1875976434376547,0.0653950953678474,0.1776327399949958,0.0681198910081744,0.236077523076399,0.0775473399458972,0.1528622361342233,0.0694183864915572,0.0538315312776539,0.2815622161671208,0.5531861051093252,0.0624434389140271,0.1651417110565704,0.1183574879227053,0.6848358747865895,0.1001619863658051,0.1927710843373494,0.0773195876288659,0.2963235337036006,0.747637462600606,0.1976963549050701,0.6809518421529078,0.6648289156796798,0.5042735042735043,0.5059523809523809,0.5060975609756097,0.4545454545454546,0.7277777777777777,-24.447884,-11.575867,1
0.0398912058023572,0.1836220759531889,0.0402621722846441,0.1949437920199166,0.0317892824704813,0.1691423789912068,0.0381471389645776,0.2583708291941798,0.0396753832281334,0.1421964821734663,0.0375234521575985,0.1844652090092028,0.036330608537693,0.1896190666911052,0.0361990950226244,0.2126903194280381,0.0603864734299516,0.553069390689883,0.5793205858555398,0.1164658634538152,0.0399484536082474,0.2421256324486844,0.5336060037480067,0.6671619339853626,0.4520536387654518,0.6912663551795192,0.4017094017094017,0.5297619047619048,0.5304878048780487,0.496969696969697,0.8722222222222222,7.144636,45.68089,0
0.2493200362647325,0.4932515324198394,0.0636704119850187,0.0548077763898379,0.257039055404178,0.5122299624766904,0.0590372388737511,0.3258002156390562,0.078449053201082,0.160223541918379,0.0647279549718574,0.1815207234529891,0.064486830154405,0.0490698274363872,0.2950226244343891,0.5891989413412743,0.1231884057971014,0.6650408328239433,0.089670091855494,0.2048192771084337,0.0786082474226804,0.2911974816914154,0.723553758605613,0.2174735609243585,0.6606040103265484,0.6378188102475086,0.4188034188034188,0.5297619047619048,0.5121951219512194,0.4545454545454546,0.7388888888888889,14.695929,-30.177536,1
0.0897552130553037,0.1817874498204099,0.0926966292134831,0.1820062428973096,0.0890099909173478,0.1747827659868805,0.0944595821980018,0.3336405279080438,0.1136158701532912,0.154707618909551,0.1041275797373358,0.1833192470630007,0.1017257039055404,0.1926383869173991,0.0968325791855203,0.178366874889251,0.1932367149758454,0.6701871182834795,0.2102104998605797,0.3293172690763052,0.1134020618556701,0.2988982639769856,0.6275194551610221,0.6040152106123191,0.6821502401613109,0.6419015438154905,0.4700854700854701,0.5416666666666667,0.5243902439024389,0.4666666666666667,0.65,22.371052,20.732506,0
0.0353581142339075,0.0735445079864442,0.147003745318352,0.1918971806479263,0.1326067211625794,0.4007698355806682,0.030881017257039,0.3265208160251084,0.0378719567177637,0.0603514845441989,0.1388367729831144,0.3798766330528806,0.0381471389645776,0.1875464956641855,0.0389140271493212,0.0792100088902897,0.0628019323671497,0.5739621994038705,0.5082285590928649,0.1325301204819277,0.0373711340206185,0.2569764364318866,0.5186888736297027,0.782809891561954,0.4568262997566373,0.6258880240759573,0.4700854700854701,0.5535714285714286,0.5548780487804877,0.5272727272727273,0.8444444444444444,5.023792,44.01153,0
0.0752493200362647,0.1831544261546374,0.0767790262172284,0.183238390432796,0.072661217075386,0.1555816733945821,0.0926430517711171,0.4874247578171967,0.060414788097385,0.2277255734060826,0.0159474671669793,0.2109655790151261,0.0063578564940962,0.1845923393463927,0.0090497737556561,0.0866834709340462,0.0628019323671497,0.6523232875535178,0.0908317968387798,0.0602409638554216,0.0605670103092783,0.2716526882036962,0.6947485307527554,0.2670469175843982,0.7903799624543693,0.5782648118201477,0.4871794871794873,0.4166666666666666,0.4085365853658536,0.4121212121212121,0.3888888888888888,-2.4374125,-17.187328,1
0.0752493200362647,0.1859426957635254,0.0749063670411985,0.1653610498270118,0.0835603996366939,0.1793672760805469,0.0853769300635785,0.3343307549364092,0.1055004508566276,0.1427898847490858,0.1078799249530956,0.1914543175821935,0.0990009082652134,0.1819454152856504,0.102262443438914,0.2034180739683944,0.2524154589371981,0.5654892208098055,0.3033487375690855,0.5502008032128514,0.1056701030927835,0.2323566235667175,0.651074264091993,0.6381240874927595,0.6412336954347846,0.6627035335796284,0.6923076923076924,0.6488095238095238,0.6463414634146342,0.6606060606060606,0.5777777777777778,14.866757,32.43635,0
0.099728014505893,0.1772653443255598,0.1067415730337078,0.1927614290121484,0.0944595821980018,0.1917712242481737,0.0871934604904632,0.3334268817466709,0.0919747520288548,0.1452204767933241,0.0909943714821763,0.1832254256171127,0.0890099909173478,0.1831754564668189,0.0914027149321266,0.1713570707376535,0.1702898550724637,0.657165896131614,0.2189645029392516,0.321285140562249,0.0914948453608247,0.2779207082183739,0.6206674382503007,0.6062404991736038,0.6869831632403709,0.620822460948612,0.6068376068376068,0.5833333333333334,0.5609756097560975,0.503030303030303,0.6888888888888889,23.199392,22.703428,0
0.0679963735267452,0.1817874498204099,0.0702247191011236,0.1789961643542423,0.0690281562216167,0.1891330902933829,0.064486830154405,0.3348354203677225,0.0703336339044184,0.1458770160236644,0.0675422138836773,0.1844652090092028,0.0653950953678474,0.1777067598640563,0.0714932126696832,0.1818717769650498,0.1207729468599033,0.7322298399180772,0.0911973361925329,0.2208835341365461,0.0708762886597938,0.3286473491183849,0.8111635652477712,0.2436384672094424,0.7157319350428349,0.6881959781281802,0.6837606837606839,0.5476190476190476,0.5426829268292682,0.4909090909090909,0.8055555555555555,-16.092386,-13.429889,1
0.0616500453309156,0.1664499753503767,0.0739700374531835,0.1920174416231365,0.064486830154405,0.1804295299039739,0.0653950953678474,0.3382873319179051,0.2885482416591524,0.1052245899757796,0.4146341463414634,0.3476564909700775,0.1980018165304269,0.4269439162213719,0.0588235294117647,0.1620896044381315,0.3272946859903382,0.699847411762303,0.0372670592979322,0.2289156626506024,0.2886597938144329,0.3047753762986808,0.7717740055061182,0.1712929045920316,0.7131379434328132,0.6223116532880321,0.3247863247863248,0.2916666666666667,0.2682926829268293,0.206060606060606,0.35,-6.79735,-46.982887,1
0.0788757932910244,0.1858354636101546,0.0786516853932584,0.1917228425899035,0.0690281562216167,0.2018617454218726,0.0572207084468664,0.4276103914692621,0.0234445446348061,0.0573709204809538,0.1144465290806754,0.263593074379002,0.0626702997275204,0.1734681044424623,0.0714932126696832,0.1790834326469699,0.0821256038647343,0.7173913261689713,0.4116991278931356,0.2409638554216867,0.0231958762886597,0.3343267822437813,0.8037332221583292,0.715954911510342,0.9073981967973797,0.6848958599672051,0.6153846153846154,0.6607142857142857,0.7012195121951218,0.6606060606060606,0.6444444444444445,9.474719,38.49143,0
0.0843155031731641,0.1897297553572509,0.0814606741573033,0.187316401308309,0.0744777475022706,0.1779010334741132,0.0772025431425976,0.3361730360934182,0.0856627592425608,0.1391545940943194,0.0900562851782364,0.1819856422250228,0.0890099909173478,0.1725998510041469,0.0995475113122171,0.1916554412390143,0.1521739130434782,0.6120833958979783,0.2403807695762828,0.2771084337349397,0.086340206185567,0.2502605131198507,0.5124650531106403,0.5954848311232994,0.6937307555308455,0.5353607285494673,0.5128205128205129,0.5595238095238095,0.5426829268292682,0.4909090909090909,0.6611111111111112,27.621838,23.238203,0
0.0870353581142339,0.1733734747976645,0.096441947565543,0.1785036212514888,0.0953678474114441,0.1739589079542825,0.1017257039055404,0.345932243373677,0.1055004508566276,0.155040921491361,0.0956848030018761,0.1919919413185774,0.0871934604904632,0.1831900998142138,0.0895927601809954,0.1882866795373195,0.179951690821256,0.6455522978002562,0.2131639160045014,0.3092369477911647,0.1056701030927835,0.2802719854103784,0.5885358264337357,0.5664119971698542,0.6689288341334473,0.6047517679049516,0.4957264957264957,0.5476190476190476,0.5304878048780487,0.4727272727272728,0.6666666666666666,24.81366,15.937758,0
0.0335448776065276,0.1761348179518473,0.0374531835205992,0.2240184991879259,0.0181653042688465,0.1200846017348701,0.0535876475930971,0.3758748132421168,0.042380522993688,0.1529153955466071,0.0337711069418386,0.1864281993800119,0.0317892824704813,0.1819454152856504,0.0352941176470588,0.1744029975416215,0.0640096618357488,0.6669246083725513,0.4590610295961098,0.1204819277108433,0.0425257731958762,0.2847308731877236,0.63592060946835,0.7158878197179531,0.5492926831332829,0.7561584540752568,0.4188034188034188,0.5238095238095238,0.5304878048780487,0.503030303030303,0.8111111111111111,7.127317,42.605335,0
0.300090661831369,0.590855117838004,0.0608614232209737,0.164855410759063,0.0690281562216167,0.1804776048060098,0.069936421435059,0.3405730571335667,0.0721370604147881,0.1470599226830878,0.0684803001876172,0.1889128235556514,0.0635785649409627,0.0543160741987413,0.269683257918552,0.5455010079982309,0.1243961352657004,0.6314060696865096,0.0849096021287056,0.2289156626506024,0.0721649484536082,0.2596428936629016,0.687628741419664,0.1477035886755583,0.6357211318666933,0.614092952616256,0.4017094017094017,0.5178571428571429,0.5426829268292682,0.4909090909090909,0.7944444444444445,15.089467,-32.794407,1
0.0689029918404351,0.0502781129389277,0.3043071161048689,0.5728008921739468,0.0599455040871934,0.0523856504131201,0.2652134423251589,0.6197819000831694,0.0730387736699729,0.043844971910948,0.2851782363977486,0.5558572558075441,0.0581289736603088,0.1717804916357165,0.0678733031674208,0.1833341953136931,0.1171497584541062,0.7330712834341678,0.0851741426232352,0.2008032128514056,0.0734536082474226,0.3425535771040576,0.7888684008722546,0.2139618843559167,0.7210348258018927,0.7006322368861212,0.4188034188034188,0.5357142857142857,0.5243902439024389,0.4727272727272728,0.7555555555555555,-27.183277,11.147625,1
0.0734360834088848,0.1859984708768558,0.0730337078651685,0.1905542664247464,0.064486830154405,0.1893942886145459,0.0599455040871934,0.3312882836713278,0.0730387736699729,0.151800609211946,0.0656660412757973,0.1905660136148829,0.0599455040871934,0.1865580697150322,0.0606334841628959,0.1702536756397168,0.1268115942028985,0.6209447484372391,0.1985873979714859,0.2329317269076305,0.0734536082474226,0.3130394982310182,0.6826945048845999,0.3755562183948694,0.6825847771937648,0.5477903040108801,0.5042735042735043,0.5476190476190476,0.5365853658536585,0.5393939393939393,0.75,2.464121,3.0788276,0
0.127833182230281,0.1808055372423027,0.1329588014981273,0.1784058851904068,0.1316984559491371,0.172699591708208,0.1407811080835604,0.3493528053918553,0.0126239855725879,0.0948983222847503,0.0393996247654784,0.066594837399845,0.1689373297002724,0.240950856105069,0.1203619909502262,0.1729517181275904,0.0289855072463768,0.6174502516428318,0.4479703714447259,0.0963855421686747,0.0128865979381443,0.2262612663422368,0.6302492482076625,0.3754422009390079,0.726311738932112,0.5213441515686579,0.6324786324786326,0.5238095238095238,0.6158536585365851,0.6484848484848486,0.5944444444444444,-5.51401,9.650305,1
0.0698096101541251,0.1789988180985857,0.0739700374531835,0.1920174416231365,0.064486830154405,0.1833341953136931,0.0635785649409627,0.3394784844950809,0.0739404869251578,0.1505764547250473,0.0675422138836773,0.1815808149949526,0.067211625794732,0.1777632752696776,0.0733031674208144,0.0382342069261738,0.1231884057971014,0.6877066251556322,0.1083299035713398,0.2208835341365461,0.0734536082474226,0.2941915012983654,0.747083467702388,0.252673152874997,0.673017017176095,0.6334822115375878,0.6495726495726496,0.5297619047619048,0.5426829268292682,0.4909090909090909,0.8111111111111111,-18.03812,-9.033691,1
0.0725294650951949,0.1860269237218318,0.0720973782771535,0.1818243150732781,0.0690281562216167,0.1804776048060098,0.069936421435059,0.3429214049578765,0.0739404869251578,0.0446511063958775,0.2833020637898686,0.5444126807443338,0.0599455040871934,0.1719197371651676,0.069683257918552,0.1790457523183471,0.1231884057971014,0.7536126395619717,0.1129251046667496,0.2208835341365461,0.0734536082474226,0.3417179748097166,0.8336692456534802,0.3198413992590236,0.707355417414687,0.7023624163662873,0.4871794871794873,0.5416666666666667,0.5365853658536585,0.4848484848484849,0.7444444444444445,-10.260801,-12.19213,1
0.0625566636446056,0.1652758146253981,0.0758426966292134,0.1949437920199166,0.064486830154405,0.0519936337281701,0.2788374205267938,0.6249918437206688,0.0775473399458972,0.1459998771661842,0.075046904315197,9.125482829856962e-05,1.0,1.0,0.1538461538461538,0.322263938434807,0.1292270531400966,0.6609203017789061,0.092443248385764,0.2289156626506024,0.0773195876288659,0.2843833870645957,0.7193611539995752,0.1653486314857643,0.6338337370160764,0.640745051314219,0.6495726495726496,0.5357142857142857,0.5365853658536585,0.4787878787878788,0.7722222222222223,-31.789497,-14.056701,1
0.0679963735267452,0.173531632222904,0.0758426966292134,0.1874806165113498,0.0690281562216167,0.1750819774892059,0.0735694822888283,0.3361188233799699,0.0730387736699729,0.1425858528271662,0.073170731707317,0.1789941648789476,0.0744777475022706,0.1889156486456052,0.0733031674208144,0.1804868377342154,0.1292270531400966,0.6568393781130998,0.0992077936941459,0.2409638554216867,0.0734536082474226,0.274482590999617,0.7118943624156624,0.1947400035974889,0.6557390618371595,0.6405933178009502,0.4358974358974359,0.5238095238095238,0.548780487804878,0.496969696969697,0.7722222222222223,-26.666082,-9.566948,1
0.1514052583862194,0.289691511668066,0.0805243445692883,0.1615666754943556,0.0926430517711171,0.188022536490226,0.0881017257039055,0.3353542047625476,0.0991884580703336,0.1444199274877608,0.099437148217636,0.1956888951293586,0.0881017257039055,0.2007114281778362,0.0787330316742081,0.1753771861620686,0.1678743961352657,0.6383462868180444,0.3603081822259618,0.2891566265060241,0.0992268041237113,0.4248724137989312,0.7198442914843249,0.7042594337934088,0.6936624516653194,0.7190902197616174,0.7008547008547009,0.5178571428571429,0.5243902439024389,0.5757575757575758,0.4722222222222222,9.103371,34.60643,0
0.0698096101541251,0.1861146369749647,0.0692883895131086,0.183238390432796,0.0653950953678474,0.1833240396307164,0.064486830154405,0.3406696370722566,0.0694319206492335,0.1506603732732862,0.0628517823639774,0.1844652090092028,0.0608537693006357,0.1719879390571437,0.0705882352941176,0.1847562710872014,0.1243961352657004,0.6415082289378993,0.2350056129159425,0.2369477911646586,0.0695876288659793,0.3093419168952118,0.689013232001942,0.4363675929476294,0.6827480082142565,0.5615453783369525,0.4957264957264957,0.5535714285714286,0.5548780487804877,0.5636363636363636,0.7444444444444445,4.8716283,12.573342,0
0.0616500453309156,0.16775071296559,0.0730337078651685,0.0542960760746705,0.2824704813805631,0.567592740966103,0.0563124432334241,0.3213729653220099,0.078449053201082,0.1564507531017759,0.0675422138836773,0.183013133940385,0.0663033605812897,0.1750213424115233,0.07420814479638,0.1861108139351036,0.1268115942028985,0.6658113247579394,0.0779779691423366,0.216867469879518,0.0786082474226804,0.286520973373489,0.7274410142613621,0.1765718981034137,0.6735822131183121,0.6511361116083942,0.4786324786324787,0.5,0.5182926829268292,0.4666666666666667,0.7444444444444445,-29.710361,-13.745946,1
0.0679963735267452,0.1762101863767615,0.0739700374531835,0.177765735145311,0.0735694822888283,0.1888894220608885,0.0690281562216167,0.3349489700897679,0.0793507664562669,0.1576256127771216,0.0675422138836773,0.183013133940385,0.0663033605812897,0.1833875325325376,0.0687782805429864,0.1762576608883788,0.1316425120772947,0.7363275213633423,0.0746039630429179,0.2289156626506024,0.0798969072164948,0.3369547358986432,0.806360089520807,0.2056041360919209,0.7221957588373946,0.6885264465916372,0.7008547008547009,0.5297619047619048,0.5304878048780487,0.4787878787878788,0.7555555555555555,-20.789595,-16.721096,1
0.0825022665457842,0.1817874498204099,0.0852059925093633,0.1806689120356232,0.0826521344232515,0.1781150256382954,0.0853769300635785,0.3353024436951001,0.0928764652840396,0.1462225629870014,0.0909943714821763,0.1895737140705856,0.0844686648501362,0.1857940103923739,0.0850678733031674,0.191255628035511,0.1606280193236715,0.570148478595881,0.0847091929039997,0.285140562248996,0.0927835051546391,0.2710748047610567,0.5301063367403875,0.254139979417497,0.689556660659953,0.4873230808168961,0.4957264957264957,0.5595238095238095,0.5365853658536585,0.4848484848484849,0.8166666666666667,-3.7194035,-17.688665,0
0.0072529465095194,0.1163152267862765,0.0411985018726591,0.0873761442595997,0.1253405994550408,0.1110705576031463,0.2234332425068119,0.3639336639405622,0.2236248872858431,0.5512162369176714,0.0187617260787992,0.1939934319326808,0.0145322434150772,0.0773919148863298,0.0986425339366515,0.2658514385135193,0.2246376811594203,0.6770404590554352,0.2056550900952248,0.0883534136546184,0.2242268041237113,0.2989490424350352,0.7699636928302381,0.5787241878142664,0.7403580694320396,0.5825395881450143,0.2307692307692308,0.2321428571428571,0.2134146341463414,0.1999999999999999,0.3222222222222222,21.673443,17.266205,1
0.0806890299184043,0.1857838965555082,0.0805243445692883,0.1960510597376172,0.0681198910081744,0.1922539100642834,0.0617620345140781,0.332494740617941,0.0901713255184851,0.3429177672887888,0.0037523452157598,0.0401976345371223,0.1525885558583106,0.2728073858707743,0.0895927601809954,0.1758276780096742,0.1570048309178744,0.6134958652309604,0.3717531922998403,0.2811244979919678,0.0902061855670103,0.2738005711339834,0.6857690751529765,0.6721945307860453,0.6848465552244666,0.7075721371124828,0.4700854700854701,0.5416666666666667,0.5426829268292682,0.6,0.4888888888888889,12.9699135,34.973255,0
0.1087941976427923,0.1921299026348678,0.1039325842696629,0.1954882293030385,0.0899182561307901,0.1748225918912523,0.0953678474114441,0.3301467276738914,0.1000901713255184,0.1390678830665532,0.1060037523452157,0.1879406673706353,0.0999091734786557,0.1902621709992328,0.0968325791855203,0.1818717769650498,0.1702898550724637,0.6026401139710185,0.1820005539298614,0.2931726907630522,0.1005154639175257,0.2457025480748959,0.5658052139022409,0.468482504571071,0.6537631605825078,0.5564937605731808,0.4871794871794873,0.5476190476190476,0.5243902439024389,0.4727272727272728,0.638888888888889,25.531187,4.451493,0
0.1332728921124206,0.178948345126245,0.1404494382022472,0.1785769473228807,0.1389645776566757,0.1875752085247586,0.1335149863760218,0.4984499182684178,0.0270513976555455,0.1063140826705543,0.049718574108818,0.0938821260798649,0.1335149863760218,0.1800615684316086,0.1384615384615384,0.1790834326469699,0.0507246376811594,0.5876905950806584,0.5654809518359256,0.1244979919678714,0.027061855670103,0.274681606823115,0.5874920247311699,0.712391898923506,0.4800336081244407,0.7169186365450817,0.5042735042735043,0.5714285714285714,0.5792682926829268,0.5575757575757576,0.8555555555555555,5.435121,45.30189,0
0.1015412511332728,0.1795263970729848,0.1067415730337078,0.1927614290121484,0.0944595821980018,0.1879510160306309,0.0899182561307901,0.342314562059785,0.0946798917944093,0.1502547669567979,0.0891181988742964,0.177154762111017,0.0917347865576748,0.1868655800103243,0.0914027149321266,0.1758967534263071,0.1690821256038647,0.6193249663014958,0.1966799262850026,0.3092369477911647,0.0940721649484536,0.2533847610815393,0.5864443047630132,0.5413362440530456,0.65402032643082,0.5758603918193789,0.5982905982905984,0.5714285714285714,0.548780487804878,0.4909090909090909,0.6666666666666666,26.87044,11.492814,0
0.0806890299184043,0.1913562841600027,0.0767790262172284,0.1655751497145063,0.0853769300635785,0.1806269803944784,0.0862851952770208,0.3393001682410126,0.0856627592425608,0.1363415270307422,0.0928705440900562,0.1857049924012927,0.0890099909173478,0.1949334277576157,0.0832579185520362,0.1858425204559864,0.144927536231884,0.5799677429571352,0.0905306099231978,0.253012048192771,0.086340206185567,0.2692906896831028,0.5508260239707237,0.2941763614601275,0.6770428862071537,0.5011373825831918,0.5384615384615385,0.5476190476190476,0.5243902439024389,0.4666666666666667,0.85,-1.1540499,-15.42974,0
0.0652765185856754,0.177489900934037,0.0702247191011236,0.0074184808793109,0.734786557674841,0.731795239697475,0.1544050862851952,0.4487485015237517,0.078449053201082,0.1516566948292242,0.0712945590994371,0.1844652090092028,0.0690281562216167,0.0436496488483672,0.3357466063348416,0.1379440904459274,0.1280193236714976,0.6220211227964065,0.0935300358542997,0.2208835341365461,0.0786082474226804,0.2559820762388755,0.6836259181696533,0.1369159988012387,0.6094390038153958,0.5908432552432102,0.4102564102564102,0.5297619047619048,0.5243902439024389,0.4727272727272728,0.7444444444444445,-36.77569,-14.995525,1
0.070716228467815,0.1905628643296469,0.0674157303370786,0.1775051325125737,0.067211625794732,0.1818717769650498,0.067211625794732,0.3406203480000976,0.0532010820559062,0.1391238149890436,0.0544090056285178,0.1766709825368724,0.0572207084468664,0.1866621145517852,0.0579185520361991,0.1934898782903827,0.0905797101449275,0.5907492726938964,0.1910467293849927,0.1767068273092369,0.0528350515463917,0.266241328046338,0.5538692476174127,0.4392822084303284,0.6686910397020865,0.557660368244926,0.4700854700854701,0.5297619047619048,0.5548780487804877,0.5090909090909091,0.7666666666666667,8.072976,9.793359,0
0.070716228467815,0.1538200677265334,0.0945692883895131,0.2063471187273696,0.0744777475022706,0.2026360431635171,0.0617620345140781,0.3111035284602164,0.1244364292155094,0.2501712520854565,0.0506566604127579,0.1134275679462042,0.1071752951861943,0.4022947279551863,0.0217194570135746,0.0699894612020937,0.1292270531400966,0.7138857692461225,0.0413154193492435,0.0803212851405622,0.125,0.3107740940096323,0.7239890609431998,0.2570189918407353,0.8260410786344572,0.6005046697719612,0.3333333333333333,0.3392857142857142,0.3109756097560975,0.2848484848484848,0.4444444444444445,-16.15898,-20.89356,1
0.2221214868540344,0.4515572576925336,0.0627340823970037,0.1638320667488855,0.0717529518619436,0.1832567161958841,0.0708446866485013,0.3394149563576315,0.2867448151487827,0.4439137400944009,0.0628517823639774,0.1716596610868774,0.0690281562216167,0.0541881354243396,0.2841628959276018,0.5616811776446835,0.3321256038647343,0.6914233052055715,0.0570152980371542,0.2489959839357429,0.2873711340206185,0.3083290718843464,0.773460032535925,0.1936843161418208,0.7002146902704917,0.6256226052393148,0.3504273504273504,0.3095238095238095,0.2804878048780487,0.2181818181818182,0.361111111111111,16.812578,-38.178192,1
0.0788757932910244,0.2814745183809479,0.0337078651685393,0.0819809844704226,0.1207992733878292,0.2291740466467624,0.0862851952770208,0.341362671298977,0.1226330027051397,0.1781135165892907,0.0919324577861163,0.1908508403359313,0.0844686648501362,0.1939324408091394,0.0796380090497737,0.1832123271179728,0.1413043478260869,0.6005243467326911,0.1096283624102762,0.1285140562248996,0.1224226804123711,0.2812613401956454,0.6324546066980277,0.3411142634181817,0.6958599687027934,0.4951506013418116,0.2649572649572649,0.380952380952381,0.3597560975609755,0.3090909090909091,0.5222222222222223,9.593098,-20.562948,1
0.0235720761559383,0.0597100096375478,0.1516853932584269,0.2579624075412752,0.0899182561307901,0.1868509632473352,0.0862851952770208,0.3611445840745204,0.0991884580703336,0.1553248459129029,0.0891181988742964,0.2067813100668224,0.0717529518619436,0.3910524160842917,0.0063348416289592,0.1365971140683916,0.1654589371980676,0.6222012278868153,0.3707259224135509,0.2811244979919678,0.0992268041237113,0.4096211572780258,0.703600571966705,0.6365366299117821,0.678922281837853,0.7270325205795892,0.6923076923076924,0.5059523809523809,0.5243902439024389,0.5818181818181818,0.4777777777777778,11.50437,27.64378,0
0.1033544877606527,0.1975951005691226,0.0945692883895131,0.1844705379682824,0.0890099909173478,0.1843466387858308,0.0871934604904632,0.3297351240885199,0.1036970243462579,0.1463547062213324,0.1022514071294559,0.1821608290086877,0.1008174386920981,0.1842432944153058,0.102262443438914,0.1853766790408485,0.1751207729468599,0.3928291530184218,0.1732820760236112,0.3012048192771084,0.1030927835051546,0.1273747666813127,0.3691434033874585,0.2938388326906391,0.4602386359298919,0.3766647922407129,0.5213675213675214,0.5476190476190476,0.5304878048780487,0.4727272727272728,0.6444444444444445,-3.028988,-2.1190765,0
0.0752493200362647,0.1859426957635254,0.0749063670411985,0.1860665411518318,0.0690281562216167,0.0235775155145105,0.4904632152588556,0.6011647794291106,0.0721370604147881,0.0229476749202921,0.4455909943714822,0.3389531704317461,0.2216167120799273,0.463852631177152,0.0597285067873303,0.166115721743023,0.1292270531400966,0.6697177427014221,0.0822794336191448,0.2449799196787148,0.0721649484536082,0.2870950068946274,0.7287042756238727,0.1712143885361799,0.6748476599543844,0.6553756646208909,0.7094017094017094,0.5357142857142857,0.5548780487804877,0.503030303030303,0.7777777777777778,-30.37139,-14.60419,1
0.0679963735267452,0.1817874498204099,0.0702247191011236,0.1803911305872801,0.0681198910081744,0.1847365142781456,0.0663033605812897,0.3348817547509464,0.0721370604147881,0.1470599226830878,0.0684803001876172,0.0276359248386762,0.4432334241598546,0.4171907911841218,0.1764705882352941,0.37869608177069,0.1292270531400966,0.6573202039921582,0.0955165457695001,0.2449799196787148,0.0721649484536082,0.2833290276849191,0.7107969397224165,0.1854391499808316,0.6560762146101471,0.6268124806887209,0.7264957264957265,0.5416666666666667,0.5548780487804877,0.503030303030303,0.75,-27.9018,-11.636019,1
0.2230281051677244,0.4637491016937456,0.0599250936329588,0.1673639417050571,0.0663033605812897,0.1877626452426833,0.0626702997275204,0.332534146000934,0.3101893597835888,0.1050163398331279,0.4455909943714822,0.4027497382431784,0.178928247048138,0.3790174807865281,0.0633484162895927,0.1718451963692145,0.3526570048309179,0.6966671133390353,0.0448028504602691,0.2449799196787148,0.3105670103092783,0.3134911363166907,0.7533668980552108,0.2184403996079527,0.6884295237186373,0.6226427305571525,0.2393162393162393,0.2678571428571428,0.2560975609756097,0.1939393939393939,0.3333333333333333,16.643991,-38.04637,1
0.2638259292837715,0.5293411827977642,0.0608614232209737,0.1635733157664334,0.069936421435059,0.0525649698479856,0.290644868301544,0.6579191124432788,0.0730387736699729,0.1494015950497016,0.0675422138836773,0.0735820818791552,0.2098092643051771,0.4301659558020232,0.0633484162895927,0.1652525061950371,0.1280193236714976,0.6690529019501431,0.1225210668537295,0.2369477911646586,0.0734536082474226,0.2824565569769972,0.7182049064534193,0.2596232630905798,0.6509738997647581,0.6631341938474585,0.4273504273504274,0.5357142857142857,0.548780487804878,0.496969696969697,0.7722222222222223,15.639455,-30.406294,1
0.0716228467815049,0.1889994284113345,0.0692883895131086,0.1803717614726848,0.067211625794732,0.1847562710872014,0.0653950953678474,0.3418607896494323,0.0757439134355275,0.156624499955172,0.0647279549718574,0.1890408124634629,0.0599455040871934,0.1804517938513744,0.0642533936651583,0.1818717769650498,0.1340579710144927,0.6554537042044577,0.2068247061176757,0.2489959839357429,0.0760309278350515,0.3230287035348581,0.7037404327088286,0.4254049962675938,0.7067848337413501,0.5666888301553562,0.4957264957264957,0.5535714285714286,0.548780487804878,0.5454545454545454,0.8,1.9402779,12.97659,0
0.0344514959202175,0.0895480928677632,0.1161048689138576,0.3038795455000552,0.0463215258855585,0.2928891896293421,0.0072661217075386,0.2487985319047383,0.1145175834084761,0.2598384045321988,0.0403377110694183,0.1025804678268789,0.1053587647593097,0.3257064783347163,0.0389140271493212,0.0993518572813338,0.1340579710144927,0.6210247671243824,0.0931768615695043,0.1285140562248996,0.1146907216494845,0.2665033531769298,0.6096124787733244,0.239028976011212,0.7529445395396153,0.5593490934600526,0.2735042735042735,0.3988095238095238,0.371951219512195,0.3151515151515152,0.3944444444444444,-26.558315,7.849655,1
0.1060743427017225,0.3909348289572249,0.0215355805243445,0.0597902344875681,0.139872842870118,0.4777625702932096,0.0190735694822888,0.2410871256880998,0.1596032461677186,0.4073077700313226,0.0215759849906191,0.1199425689947808,0.0590372388737511,0.3205102953329428,0.0126696832579185,0.1334630214428293,0.1642512077294686,0.6902925153761387,0.0897754085283359,0.0883534136546184,0.1597938144329896,0.2955155702142242,0.7296770335500393,0.3625758591073951,0.7961188107626687,0.5700823176653154,0.3076923076923077,0.3035714285714286,0.274390243902439,0.2484848484848485,0.3,12.533509,-22.83602,1
0.0290117860380779,0.0688105173402553,0.1432584269662921,0.2770326405695947,0.0744777475022706,0.3139512446635714,0.0199818346957311,0.2479115496163079,0.0829576194770063,0.1649048132831097,0.0656660412757973,0.1829929662310959,0.064486830154405,0.176293874723525,0.0714932126696832,0.1832944016171313,0.143719806763285,0.5382033694775131,0.3357254106293534,0.2610441767068273,0.0824742268041237,0.2249577359638809,0.5873273541844077,0.549624200996459,0.6301397178690491,0.596834425169135,0.4700854700854701,0.5178571428571429,0.548780487804878,0.593939393939394,0.5000000000000001,13.271732,26.142092,0
0.0018132366273798,0.041724951574941,0.1404494382022472,0.2729546296940817,0.0744777475022706,0.17533659496955,0.0790190735694822,0.3382873319179051,0.0712353471596032,0.1414125492573507,0.0722326454033771,0.1844652090092028,0.069936421435059,0.1862129050978676,0.0705882352941176,0.2896685933856645,0.1606280193236715,0.686421210611278,0.2750465639121685,0.3534136546184739,0.0708762886597938,0.3115301234739078,0.7132908206189207,0.6172626532282719,0.920437717498997,0.6985470170168222,0.6666666666666667,0.6190476190476191,0.6280487804878047,0.5757575757575758,0.5666666666666667,12.711042,27.144775,0
0.0743427017225748,0.1777653848370096,0.0795880149812734,0.1805713369066167,0.0772025431425976,0.1845528772708958,0.0753860127157129,0.3511189203699636,0.0766456266907123,0.1541010337510844,0.0675422138836773,0.1815808149949526,0.067211625794732,0.1877945621611369,0.0669683257918552,0.1863530446191067,0.1376811594202898,0.5923804171854857,0.0905572305015108,0.2570281124497992,0.0773195876288659,0.2753713949033017,0.5641139005598419,0.3028317040400792,0.7037865392292917,0.5287928564856379,0.5641025641025642,0.5714285714285714,0.5548780487804877,0.496969696969697,0.8388888888888889,-0.37195715,-13.87053,0
0.0897552130553037,0.1881252491881922,0.0880149812734082,0.2012585481392843,0.0717529518619436,0.1791558571747122,0.0735694822888283,0.3382873319179051,0.0820559062218214,0.1504391334642926,0.0759849906191369,0.1765150980074258,0.0790190735694822,0.1756088395038734,0.0868778280542986,0.1769220533234878,0.1509661835748792,0.5883563175547752,0.1090930245217147,0.285140562248996,0.0824742268041237,0.2800976699008095,0.567438277278721,0.3582729682169251,0.6850231488019355,0.5175294932579655,0.5811965811965812,0.5773809523809524,0.5609756097560975,0.503030303030303,0.8222222222222222,4.9275885,-7.416049,0
0.0861287398005439,0.1756720293778129,0.0936329588014981,0.1935793587060804,0.0817438692098092,0.1926653678737461,0.0744777475022706,0.3330015923566879,0.1217312894499549,0.1935108836202762,0.0797373358348968,0.1831318570592192,0.0781108083560399,0.174341524347518,0.0868778280542986,0.1793672760805469,0.1485507246376811,0.625775851594411,0.1019138060792065,0.1526104417670682,0.1224226804123711,0.3123049032568067,0.5680752203818648,0.3576511037883265,0.7482288018047132,0.5190251394853133,0.2905982905982906,0.4047619047619047,0.3841463414634146,0.3272727272727273,0.6222222222222222,7.369015,-11.028981,1
0.1350861287398005,0.3762578198949923,0.0402621722846441,0.1909001078352749,0.033605812897366,0.183790362505013,0.0326975476839237,0.3352396982970231,0.042380522993688,0.0634313700170047,0.1407129455909943,0.4314589488702355,0.0272479564032697,0.1465321328923322,0.0497737556561085,0.2428668089230476,0.0664251207729468,0.4684774035349971,0.5449880923498236,0.1285140562248996,0.0425257731958762,0.1837800197444981,0.330849150814218,0.5865001958812857,0.332917208938939,0.5504678044704857,0.4786324786324787,0.5416666666666667,0.5426829268292682,0.5151515151515152,0.8944444444444445,16.189379,41.04797,0
0.2846781504986401,0.5647116954459022,0.0608614232209737,0.1715329888456754,0.064486830154405,0.179007039651954,0.0663033605812897,0.2310358344552109,0.0721370604147881,0.0241294320262751,0.4324577861163227,0.4441688350672512,0.1516802906448683,0.3418507688375525,0.0606334841628959,0.1688915534153675,0.1195652173913043,0.678161691670824,0.0846734188955066,0.2128514056224899,0.0721649484536082,0.3041295260438587,0.7367049636587114,0.1763939550797023,0.6566746696533143,0.6410127800900124,0.5042735042735043,0.5357142857142857,0.5365853658536585,0.4848484848484849,0.7777777777777778,15.148092,-32.042137,1
0.085222121486854,0.1732756378787953,0.0945692883895131,0.1784498170562467,0.0935513169845594,0.1879865671362776,0.0890099909173478,0.3455068786356653,0.0982867448151487,0.158614214211254,0.0853658536585365,0.1806567726011659,0.0853769300635785,0.1794707762229446,0.090497737556561,0.1758624142105672,0.1702898550724637,0.6338520790803662,0.2402314621762541,0.3012048192771084,0.0979381443298969,0.2619382712859427,0.5476582434880927,0.5946211053505663,0.6814012359841475,0.6259634530063943,0.452991452991453,0.5535714285714286,0.5365853658536585,0.4848484848484849,0.7055555555555556,27.218594,22.680065,0
0.0308250226654578,0.1798143613379871,0.0327715355805243,0.1684526200069594,0.0372388737511353,0.1894763523779949,0.033605812897366,0.3463417922016648,0.0252479711451758,0.1331954424691974,0.0272045028142589,0.22686580101868,0.0108991825613079,0.1660351000074929,0.020814479638009,0.1841698629414892,0.0314009661835748,0.6355526390427683,0.2476672237852303,0.0642570281124498,0.0257731958762886,0.2723270319733837,0.7142046564213917,0.4263808657606957,0.78436706360652,0.5560937851353862,0.5555555555555556,0.5,0.5304878048780487,0.503030303030303,0.5000000000000001,9.742384,11.679848,1
0.0897552130553037,0.1723875676120136,0.1001872659176029,0.1844287702552151,0.0944595821980018,0.1842617863805468,0.0926430517711171,0.3354365959747767,0.0919747520288548,0.1423184815156808,0.0938086303939962,0.1934050928666227,0.0844686648501362,0.1782334566915917,0.090497737556561,0.173554272607141,0.1678743961352657,0.6272051114281044,0.2007772189755045,0.3132530120481928,0.0914948453608247,0.2564374151418055,0.6033674665859871,0.4969128656265867,0.6640478663799063,0.5369542941034768,0.5982905982905984,0.5773809523809524,0.5548780487804877,0.503030303030303,0.6722222222222222,26.54026,6.9139977,0
0.0625566636446056,0.1718280508138949,0.0711610486891385,0.1876279160279662,0.064486830154405,0.0511681370550544,0.2824704813805631,0.6364182539318863,0.0793507664562669,0.1576256127771216,0.0675422138836773,0.183013133940385,0.0663033605812897,0.1833875325325376,0.0687782805429864,0.1776327399949958,0.1340579710144927,0.646533922048946,0.0710521201862533,0.2369477911646586,0.0798969072164948,0.288723412564992,0.7270177435411928,0.1284195079051128,0.6513448888470021,0.5825332390014257,0.4273504273504274,0.5535714285714286,0.5365853658536585,0.4787878787878788,0.7611111111111112,-36.462143,-18.967234,1
0.0834088848594741,0.1884060377677774,0.0814606741573033,0.1845804109969245,0.0762942779291553,0.1636340597683062,0.0899182561307901,0.3454631238070728,0.0892696122633002,0.1461742696764627,0.0872420262664165,0.1844652090092028,0.0844686648501362,0.1884394215216331,0.0832579185520362,0.1858425204559864,0.1570048309178744,0.6212537298500698,0.0792173808562439,0.285140562248996,0.0889175257731958,0.2992901339571522,0.6130465653831706,0.3189601980502138,0.7254119744933317,0.5414006916810273,0.5641025641025642,0.5654761904761905,0.5426829268292682,0.4848484848484849,0.8111111111111111,2.418481,-14.050966,0
0.0670897552130553,0.1775479759189879,0.0720973782771535,0.1790523527791238,0.0708446866485013,0.1890336202477892,0.0663033605812897,0.2046249522089627,0.0703336339044184,0.1435912346144884,0.0694183864915572,0.1888819373435233,0.064486830154405,0.1805032980387632,0.0687782805429864,0.1735621415800434,0.1231884057971014,0.6678552825342217,0.0846660361826393,0.2289156626506024,0.0708762886597938,0.2923534390873552,0.732177287829116,0.1932141513109711,0.6471104744397151,0.6379254053408692,0.717948717948718,0.5357142857142857,0.5426829268292682,0.4909090909090909,0.7833333333333334,-26.118343,-12.7102375,1
0.0353581142339075,0.183706233115243,0.0355805243445692,0.1757800814569315,0.036330608537693,0.2090581340663288,0.0245231607629427,0.3124857557546751,0.1415689810640216,0.3313181847798682,0.0318949343339587,0.1786833100988195,0.033605812897366,0.0788373549840163,0.1339366515837104,0.1771617358872121,0.2524154589371981,0.6156787750923292,0.7259719521798847,0.4377510040160642,0.1417525773195876,0.903054486297184,0.6634698992602209,0.8289753468429287,0.4849344852433741,0.2727878848358848,0.1282051282051282,0.1130952380952381,0.0975609756097561,0.1212121212121212,0.1222222222222222,-2.5891979,37.844746,0
0.0661831368993653,0.1734215546549372,0.0739700374531835,0.0577287205849098,0.2706630336058129,0.5474546986688591,0.0563124432334241,0.2341989220970112,0.0685302073940486,0.1401694207089782,0.0703564727954971,0.1918778999199505,0.0635785649409627,0.053655444525403,0.2723981900452488,0.5375383241069936,0.1231884057971014,0.598269260051249,0.053715238673482,0.2369477911646586,0.0682989690721649,0.2616302147120823,0.6596833301388041,0.0179533957316926,0.6332219609273166,0.5805212462709468,0.7521367521367522,0.5416666666666667,0.5670731707317073,0.5090909090909091,0.8,-40.66606,-20.469238,1
0.0679963735267452,0.1817874498204099,0.0702247191011236,0.183238390432796,0.0663033605812897,0.1710080978036995,0.0735694822888283,0.3416478021025201,0.0730387736699729,0.1415022096009955,0.074108818011257,0.1844652090092028,0.0717529518619436,0.1920402360138607,0.0687782805429864,0.0280803408081793,0.1292270531400966,0.6925107713537582,0.1005019021144283,0.2409638554216867,0.0734536082474226,0.2992967642421925,0.7547620875795379,0.2113581804378353,0.6694836572527701,0.6590132176911079,0.6837606837606839,0.5535714285714286,0.548780487804878,0.496969696969697,0.7611111111111112,-22.020123,-11.7577915,1
0.0861287398005439,0.241775457789884,0.0543071161048689,0.1105104130590111,0.1126248864668483,0.2179708775116199,0.0862851952770208,0.3424127871851967,0.0901713255184851,0.1503169765145415,0.0844277673545966,0.1911741634410821,0.0772025431425976,0.1819454152856504,0.0805429864253393,0.1818717769650498,0.1606280193236715,0.6036516511595037,0.1371413741224375,0.2931726907630522,0.0902061855670103,0.2812677352856864,0.5703836409383063,0.38400875440908,0.7136457551479256,0.5280936181842691,0.5555555555555556,0.5595238095238095,0.548780487804878,0.4909090909090909,0.8388888888888889,7.711152,-4.6405225,0
0.1559383499546691,0.3491053531298619,0.0599250936329588,0.1634413353995451,0.0690281562216167,0.1861688829346935,0.0663033605812897,0.3418358004345265,0.0739404869251578,0.0181327480119182,0.5150093808630394,0.2610089473195283,0.3487738419618528,0.1566112978811997,0.4081447963800905,0.1898026964326423,0.1280193236714976,0.6984141484305029,0.1116902985603507,0.2369477911646586,0.0734536082474226,0.299043325966562,0.7528701506365592,0.2657875994971978,0.6829634153513118,0.667607782191404,0.6666666666666667,0.5357142857142857,0.548780487804878,0.496969696969697,0.7444444444444445,11.264151,-24.857365,1
0.3245693563009972,0.3696499186910889,0.1451310861423221,0.3151136342128743,0.0599455040871934,0.1665358832156103,0.069936421435059,0.3429214049578765,0.0748422001803426,0.1541831917703394,0.0656660412757973,0.1759281770609859,0.0690281562216167,0.1791757861359995,0.07420814479638,0.1905252593315047,0.1256038647342995,0.8684136604132653,0.1067745264555749,0.2248995983935743,0.0747422680412371,0.4129888941873652,0.9480228764038358,0.3969400240489611,0.7950547907182433,0.78971937618203,0.5213675213675214,0.5119047619047619,0.5365853658536585,0.4848484848484849,0.8,14.345997,-23.721294,1
0.070716228467815,0.1846329923936999,0.0711610486891385,0.1876279160279662,0.064486830154405,0.1833341953136931,0.0635785649409627,0.3325730188787513,0.0748422001803426,0.144842205846042,0.073170731707317,0.1917255843532913,0.0663033605812897,0.0167028140798276,0.567420814479638,0.5059018996430165,0.1256038647342995,0.6372602063307529,0.0517029912391206,0.2248995983935743,0.0747422680412371,0.2722783975813498,0.698653910292245,0.09272588970387,0.6656916916641615,0.5913385837653652,0.4273504273504274,0.5238095238095238,0.5365853658536585,0.4848484848484849,0.7722222222222223,-38.96681,-19.938349,1
0.0689029918404351,0.1846722412567797,0.0692883895131086,0.183238390432796,0.0653950953678474,0.1762576608883788,0.0690281562216167,0.3417628866978837,0.0802524797114517,0.1516112649026697,0.073170731707317,0.1858785620761853,0.069936421435059,0.1833488179755742,0.0723981900452488,0.0680357015938978,0.1340579710144927,0.6477438614143353,0.0996432393641949,0.2369477911646586,0.0798969072164948,0.2774318403114523,0.7182907226596335,0.1883950811559959,0.6414275091843631,0.6407338339861663,0.6923076923076924,0.5535714285714286,0.5365853658536585,0.4848484848484849,0.7555555555555555,-27.693523,-10.609807,1
0.0970081595648232,0.1878321717607803,0.095505617977528,0.183238390432796,0.0908265213442325,0.183087624778166,0.0899182561307901,0.3382873319179051,0.0928764652840396,0.1462225629870014,0.0909943714821763,0.1949344909868515,0.0808356039963669,0.1769066923748398,0.0877828054298642,0.1656064351095837,0.1666666666666666,0.6298983010082886,0.2371041336330941,0.3052208835341365,0.0927835051546391,0.2727198327533803,0.5485115591029731,0.5839482544539479,0.678413253051027,0.5436691256727577,0.5042735042735043,0.5654761904761905,0.548780487804878,0.496969696969697,0.6666666666666666,25.580173,20.463144,0
0.0834088848594741,0.1940103486011328,0.0777153558052434,0.1860107223876403,0.0717529518619436,0.1714154857722501,0.0790190735694822,0.3321737054374611,0.0838593327321911,0.1409995682805625,0.0863039399624765,0.1770265086566629,0.0890099909173478,0.1831754564668189,0.0914027149321266,0.1882089231425041,0.1473429951690821,0.5975685515151057,0.0819506022382505,0.2690763052208835,0.0837628865979381,0.2858383609381859,0.5706941987832753,0.2854305235357069,0.7040161062396874,0.5097034371035847,0.5641025641025642,0.5654761904761905,0.5426829268292682,0.4848484848484849,0.8055555555555555,-0.28572804,-16.579266,0
0.0843155031731641,0.1768077503171523,0.0908239700374531,0.178338454884699,0.0899182561307901,0.1818717769650498,0.0899182561307901,0.3476265527377246,0.1036970243462579,0.145434036146075,0.1031894934333958,0.2075928046507358,0.0835603996366939,0.1688762277357354,0.0968325791855203,0.1830667816727983,0.1835748792270531,0.651378067718448,0.216972353155932,0.3293172690763052,0.1030927835051546,0.2769551380187787,0.570004487861788,0.6064259974539162,0.7058291579919748,0.6254060355858921,0.5555555555555556,0.5595238095238095,0.5426829268292682,0.4848484848484849,0.6722222222222222,23.93057,23.042265,0
0.0698096101541251,0.1906246630233738,0.0664794007490636,0.1788791374279373,0.0653950953678474,0.1804394083085019,0.0663033605812897,0.3382873319179051,0.9684400360685302,0.8035484640735748,0.1519699812382739,0.3361169614518588,0.0581289736603088,0.1717804916357165,0.0678733031674208,0.1833341953136931,0.967391304347826,0.6392836812046911,0.0209347175326295,0.2369477911646586,0.9690721649484536,0.2580552835379369,0.7221345051471911,0.1441333889947454,0.7411491700303665,0.589475307770649,0.0427350427350427,0.1130952380952381,0.0670731707317073,0.0121212121212121,0.0888888888888889,-5.4492936,-53.066856,1
0.0652765185856754,0.173365407707518,0.0730337078651685,0.1818337422423415,0.069936421435059,0.1818717769650498,0.069936421435059,0.3328310846289067,0.0973850315599639,0.1453229628813139,0.0966228893058161,0.1752476890071425,0.1008174386920981,0.1842432944153058,0.102262443438914,0.1953243153417511,0.1642512077294686,0.6452455936937752,0.1792190784414354,0.2811244979919678,0.0979381443298969,0.2808917277657166,0.6184917583094155,0.488022048988,0.6900365249155603,0.5511489308261475,0.4700854700854701,0.5416666666666667,0.5243902439024389,0.4727272727272728,0.6555555555555557,23.688627,6.4247236,0
0.0362647325475974,0.0811230570582979,0.1338951310861423,0.1729376370361299,0.1380563124432334,0.1866246365981405,0.1335149863760218,0.5269475747182754,0.1433724075743913,0.155357860380524,0.1332082551594746,0.3984495051317984,0.030881017257039,0.1800092393523297,0.0352941176470588,0.1674493063542917,0.1606280193236715,0.7342398822834042,0.7640706072640729,0.1285140562248996,0.143041237113402,0.4494936708886138,0.7462204597907259,0.9696212262727324,0.7056270335255546,0.4736603474866005,0.7692307692307693,0.886904761904762,0.9085365853658536,0.8727272727272728,0.8388888888888889,0.0039639166,42.866436,0
0.271985494106981,0.5349130972035829,0.0627340823970037,0.1703385601122957,0.067211625794732,0.1955104176513102,0.0590372388737511,0.3358709938327773,0.0712353471596032,0.1436225555655686,0.0703564727954971,0.1918778999199505,0.0635785649409627,0.1735249991461078,0.0723981900452488,0.1891330902933829,0.1183574879227053,0.7031833330832581,0.0644198707775158,0.2128514056224899,0.0708762886597938,0.3179951201143954,0.7436604684878415,0.1280818603924657,0.6959121670982625,0.6596977203241534,0.6581196581196582,0.5357142857142857,0.5365853658536585,0.4848484848484849,0.788888888888889,13.961805,-32.07925,1
0.085222121486854,0.1768372159946864,0.0917602996254681,0.1725851597748548,0.0953678474114441,0.1818717769650498,0.0953678474114441,0.3472949827677901,0.1055004508566276,0.155040921491361,0.0956848030018761,0.1946210394306344,0.0853769300635785,0.178255291742145,0.0914027149321266,0.1856285282918042,0.1835748792270531,0.6240426712457896,0.1921821510531793,0.321285140562249,0.1056701030927835,0.2580095964552452,0.5564886214633973,0.5086625306033739,0.6304880822251346,0.594858762073687,0.4871794871794873,0.5535714285714286,0.5365853658536585,0.4727272727272728,0.6666666666666666,26.295078,7.6934757,0
0.0888485947416137,0.185567221732521,0.0889513108614232,0.1819767303814896,0.0853769300635785,0.1746188582185991,0.0908265213442325,0.3354042012481503,0.0955816050495942,0.1472363013457214,0.0928705440900562,0.1869593614803485,0.0881017257039055,0.18959567141243,0.085972850678733,0.1857685314468384,0.1630434782608695,0.6419752370426144,0.2272875232207173,0.285140562248996,0.095360824742268,0.2805398009227437,0.5548366656844027,0.599683763618775,0.6880254906420795,0.6380752119769199,0.5213675213675214,0.5476190476190476,0.5304878048780487,0.4727272727272728,0.6888888888888889,23.645824,22.42739,0
0.0970081595648232,0.1817874498204099,0.1001872659176029,0.1856326771210707,0.0935513169845594,0.178366874889251,0.0962761126248864,0.3441535862286202,0.0982867448151487,0.1543108301216819,0.0891181988742964,0.1819710565380571,0.0881017257039055,0.1936346265104192,0.0832579185520362,0.1793058159361419,0.1751207729468599,0.642312862284088,0.190691509515652,0.3172690763052209,0.0979381443298969,0.2709578260188683,0.6092495033963734,0.5027210630900965,0.6751396937687099,0.6105724880410508,0.5897435897435899,0.5595238095238095,0.548780487804878,0.4909090909090909,0.6722222222222222,25.346786,7.568186,0
0.1405258386219401,0.1836548371341314,0.1432584269662921,0.1870692491340355,0.1335149863760218,0.1772245364349166,0.1380563124432334,0.3405730571335667,0.042380522993688,0.1409466220014871,0.0412757973733583,0.1959248284712236,0.0345140781108083,0.1838463880201835,0.03710407239819,0.1818717769650498,0.0688405797101449,0.5144182007358393,0.5217786617258137,0.1365461847389558,0.0425257731958762,0.1478129476651073,0.3944696973681819,0.6184146451706941,0.4357685496401546,0.6740494060670271,0.3931623931623931,0.5357142857142857,0.5426829268292682,0.5151515151515152,0.8277777777777777,11.230891,46.645428,0
0.0607434270172257,0.1625238754262295,0.0758426966292134,0.1980762234305545,0.0626702997275204,0.1789672516337165,0.064486830154405,0.2308061669667732,0.0757439134355275,0.1470910376881883,0.0722326454033771,0.1917756559073885,0.0653950953678474,0.0526292437391223,0.281447963800905,0.536347464210314,0.1256038647342995,0.6215601793546468,0.0902290475864847,0.2208835341365461,0.0760309278350515,0.2660977596098032,0.6782011040044461,0.1594879010646447,0.6156490949149934,0.6146510626899526,0.7094017094017094,0.5297619047619048,0.5304878048780487,0.4787878787878788,0.7611111111111112,-34.314064,-14.274576,1
0.0698096101541251,0.1832102211070549,0.0711610486891385,0.0581005336865066,0.2624886466848319,0.5253265971664977,0.0581289736603088,0.3257158432317668,0.2714156898106402,0.4397224748240208,0.0581613508442776,0.1698443152128313,0.0653950953678474,0.0550078321450118,0.2714932126696832,0.5319302212457331,0.3140096618357488,0.6502915865045422,0.0645067339139536,0.2369477911646586,0.2719072164948453,0.2726678166909567,0.7021794265349887,0.1821694038818084,0.6607269326366327,0.602835939198907,0.1965811965811966,0.2916666666666667,0.2804878048780487,0.2181818181818182,0.3722222222222222,-6.8941603,-46.325428,1
0.0734360834088848,0.1845760815422341,0.0739700374531835,0.1920174416231365,0.064486830154405,0.186321262579007,0.0617620345140781,0.3407210537302642,0.0775473399458972,0.1616117438184731,0.0628517823639774,0.1923171704924393,0.0563124432334241,0.1744773081142704,0.0642533936651583,0.1818717769650498,0.1328502415458937,0.6179382959968852,0.1843228249454527,0.2409638554216867,0.0773195876288659,0.2987739245789978,0.6510522849248008,0.3837603686692026,0.668619634003519,0.5260403560202428,0.4957264957264957,0.5476190476190476,0.5426829268292682,0.5454545454545454,0.8166666666666667,3.3562179,2.1846554,0
0.0553037171350861,0.2282646451841465,0.0346441947565543,0.1872138098397427,0.0299727520435967,0.1779990765232721,0.0317892824704813,0.3279916305117081,0.0306582506762849,0.1161106942491266,0.0459662288930581,0.1973697370120872,0.0381471389645776,0.1894808027018177,0.0380090497737556,0.0905782701040581,0.1425120772946859,0.623447970271842,0.6422184060777544,0.4176706827309236,0.0309278350515463,0.7804191095204224,0.5189724135931922,0.801328849879713,0.5845298885846794,0.3766050850860159,0.2136752136752137,0.1785714285714285,0.1585365853658536,0.1212121212121212,0.1555555555555555,-2.1441653,37.591682,0
0.128739800543971,0.4676222013073904,0.0177902621722846,0.1206876507016202,0.0499545867393278,0.2205987813828262,0.0317892824704813,0.3337158814865821,0.145175834084761,0.1552921357260892,0.1350844277673546,0.1815742595540111,0.1335149863760218,0.185817767152292,0.1330316742081448,0.379693502234232,0.2548309178743961,0.6604838958428151,0.6248953171403847,0.4337349397590361,0.1456185567010309,0.2396967987523963,0.5798469369382901,0.8309117229432603,0.6061637225229795,0.3695315754066085,0.0598290598290598,0.1309523809523809,0.0975609756097561,0.0484848484848485,0.0833333333333333,15.550231,40.73591,0
0.0625566636446056,0.1704821860832847,0.0720973782771535,0.1921410902314511,0.0626702997275204,0.1775450357818223,0.0653950953678474,0.3371288136579123,0.0757439134355275,0.0001572828757803,1.0,1.0,0.1471389645776566,0.3315256056379632,0.0615384615384615,0.1717059383053834,0.1280193236714976,0.6614457455316094,0.1025829753569522,0.2289156626506024,0.0760309278350515,0.282285187656946,0.7191760774996804,0.2010172156403135,0.6354450447731187,0.6424507879360043,0.4188034188034188,0.5238095238095238,0.5304878048780487,0.4787878787878788,0.7722222222222223,-24.481394,-9.863395,1
0.0190389845874886,0.1864351693567835,0.0177902621722846,0.1449298034204013,0.033605812897366,0.0666391801464416,0.1562216167120799,0.3732825731507919,0.1136158701532912,0.2877553082463661,0.0300187617260788,0.1314644689973562,0.0608537693006357,0.1269172571807448,0.1095022624434389,0.1744409101275272,0.1183574879227053,0.6673171405331381,0.0819646536901205,0.0803212851405622,0.1134020618556701,0.2722535797305926,0.6678212079379293,0.2861791139442889,0.7777880985465108,0.5568274808868117,0.3846153846153847,0.3511904761904761,0.3231707317073171,0.303030303030303,0.3777777777777777,-2.3176806,-12.56977,1
0.070716228467815,0.0441147484161302,0.3417602996254681,0.0845704199813598,0.6784741144414169,0.66421037069742,0.1589464123524069,0.4687695885148114,0.0757439134355275,0.1482267353743558,0.0712945590994371,0.1873496030234529,0.067211625794732,0.1848296497794248,0.0687782805429864,0.0189000542644893,0.1304347826086956,0.7107736914920393,0.1098749483024074,0.2369477911646586,0.0760309278350515,0.3205865769261096,0.7887213916922365,0.2695101464633502,0.6838291806392988,0.672322213399981,0.5213675213675214,0.5535714285714286,0.5426829268292682,0.4909090909090909,0.7666666666666667,-26.819866,9.34543,1
0.0870353581142339,0.1805425249445955,0.0908239700374531,0.1759729687580315,0.0917347865576748,0.17490091616985,0.0971843778383288,0.342131506144245,0.1009918845807033,0.1482267353743558,0.0975609756097561,0.1958225104403128,0.0862851952770208,0.1831975530149835,0.0886877828054298,0.1883262777013458,0.1702898550724637,0.6682400430706379,0.2036991698446588,0.2931726907630522,0.1005154639175257,0.2846305463809627,0.6017044583971533,0.5667760136588615,0.7245220507961971,0.6419349014880915,0.5555555555555556,0.5416666666666667,0.5243902439024389,0.4727272727272728,0.6888888888888889,24.38741,15.370316,0
0.0725294650951949,0.1860269237218318,0.0720973782771535,0.1861246538378395,0.0663033605812897,0.1790457523183471,0.0681198910081744,0.3360320830384525,0.0739404869251578,0.147075690422159,0.0703564727954971,0.180253229670513,0.0708446866485013,0.1819454152856504,0.07420814479638,0.0237604917233623,0.1243961352657004,0.7222736952955577,0.1112259004205607,0.2248995983935743,0.0734536082474226,0.3227298857141966,0.7942901538577054,0.2670590336554161,0.6795284961468516,0.6812563684056144,0.4102564102564102,0.5357142857142857,0.5426829268292682,0.4909090909090909,0.75,-13.740825,-11.814318,1
0.1042611060743427,0.1763123875393414,0.1123595505617977,0.1854679907351047,0.1053587647593097,0.1911149073012263,0.0980926430517711,0.3440865433222121,0.1018935978358882,0.1552003176578407,0.0919324577861163,0.171651843292053,0.0990009082652134,0.1774484905372926,0.1058823529411764,0.1807534570513814,0.181159420289855,0.6024834813181965,0.1874220957776728,0.3253012048192771,0.1018041237113402,0.2408743733683804,0.5721033561134689,0.503415990545355,0.6363846798212737,0.5424267697924734,0.5982905982905984,0.5654761904761905,0.5426829268292682,0.4848484848484849,0.6555555555555557,26.677618,6.4675274,0
0.0371713508612874,0.1799365880581371,0.0393258426966292,0.2285496223829403,0.0181653042688465,0.1308654784635881,0.0454132606721162,0.3565731336431973,0.0405770964833183,0.1513814511692656,0.0328330206378986,0.1750845470602034,0.036330608537693,0.1916262949522542,0.0352941176470588,0.1780694892585772,0.0603864734299516,0.6301530391482958,0.5238319696461148,0.1124497991967871,0.0412371134020618,0.3047004023155253,0.5609624677104935,0.742240331329236,0.5085758562147508,0.6728078314713813,0.4358974358974359,0.5238095238095238,0.5304878048780487,0.503030303030303,0.8722222222222222,5.0783596,42.940857,0
0.1151405258386219,0.2134027513178354,0.0945692883895131,0.1962443921962633,0.0808356039963669,0.1818717769650498,0.0808356039963669,0.344792857531711,0.084761045987376,0.1493049293802111,0.0797373358348968,0.1844652090092028,0.0772025431425976,0.1780490115440609,0.0832579185520362,0.1743582743115411,0.1509661835748792,0.5899596253779871,0.1003638228295253,0.2771084337349397,0.0850515463917525,0.2707479832044995,0.5872823526117122,0.336720590730421,0.7028067298730933,0.5290446369086086,0.5641025641025642,0.5714285714285714,0.548780487804878,0.4909090909090909,0.788888888888889,5.5732055,-13.1071615,0
0.0181323662737987,0.1225015785690292,0.0524344569288389,0.2158006893933315,0.033605812897366,0.1877351178208252,0.030881017257039,0.3265208160251084,0.0432822362488728,0.1467323963136091,0.0384615384615384,0.1882509761529061,0.0354223433242506,0.0812642667529713,0.1330316742081448,0.3760600419741858,0.0676328502415458,0.7049680901410259,0.4798785648660692,0.1285140562248996,0.0438144329896907,0.3635309297658782,0.6590214797154318,0.7338402125330444,0.5531493857585565,0.7329250646263004,0.452991452991453,0.5357142857142857,0.5304878048780487,0.503030303030303,0.85,5.1295977,39.87339,0
0.070716228467815,0.1832006077875505,0.0720973782771535,0.1818243150732781,0.0690281562216167,0.179101898503381,0.0708446866485013,0.3405577166958777,0.5166816952209198,0.4074620767821607,0.1688555347091932,0.3555818839045931,0.0608537693006357,0.1719879390571437,0.0705882352941176,0.1818717769650498,0.5458937198067633,0.7245840128541413,0.0493550403628763,0.2449799196787148,0.5167525773195877,0.334501648896835,0.8277282059109341,0.2464444207763325,0.7657444324042992,0.7017419464068139,0.1452991452991453,0.1845238095238095,0.1646341463414634,0.0969696969696969,0.2166666666666666,-5.3817797,-51.193485,1
0.085222121486854,0.186983657997722,0.0842696629213483,0.1928155371858947,0.0735694822888283,0.1903498509051576,0.0681198910081744,0.3382873319179051,0.0793507664562669,0.1438864894399577,0.0787992495309568,0.1872007310743303,0.0744777475022706,0.177975029194537,0.0805429864253393,0.1767081763760129,0.1352657004830917,0.5386522916414037,0.0774013104833164,0.2409638554216867,0.0798969072164948,0.2404990582761272,0.4773732333092853,0.2494472341991249,0.6553709434081857,0.4748816078928589,0.5470085470085471,0.5535714285714286,0.5365853658536585,0.4787878787878788,0.8277777777777777,-5.046523,-17.258848,0
0.0398912058023572,0.1933001495894088,0.0355805243445692,0.1813229610821763,0.033605812897366,0.1781373872533356,0.0354223433242506,0.3367904853164984,0.0405770964833183,0.1451846880006928,0.0365853658536585,0.1985987396790286,0.0290644868301544,0.1724405516129849,0.03710407239819,0.1857444774068274,0.0676328502415458,0.7259596701071723,0.4870467685392762,0.1365461847389558,0.0412371134020618,0.3532429708371493,0.6335971623482785,0.7298698057442925,0.5873922606733932,0.7687803261209862,0.4615384615384616,0.5416666666666667,0.548780487804878,0.5272727272727273,0.7833333333333334,5.360658,40.85933,0
0.1368993653671804,0.3729048824799132,0.0421348314606741,0.2009605872282496,0.030881017257039,0.072196900453907,0.1380563124432334,0.5215263033734371,0.0405770964833183,0.1422493791313689,0.0384615384615384,0.1826217050087907,0.0381471389645776,0.1856464241493432,0.0398190045248868,0.0787155409822731,0.0652173913043478,0.6191566387632076,0.5226550535376121,0.1285140562248996,0.0412371134020618,0.2626116639093244,0.5109443875890372,0.6976270992676935,0.5249719243819699,0.7395849081189334,0.4700854700854701,0.5416666666666667,0.5426829268292682,0.5151515151515152,0.8055555555555555,15.895984,40.317467,0
0.0698096101541251,0.1789988180985857,0.0739700374531835,0.1905038121075605,0.0653950953678474,0.1776327399949958,0.0681198910081744,0.3394379691012994,0.2623985572587917,0.4173377088357913,0.0609756097560975,0.1688139837708051,0.0690281562216167,0.0579666743749806,0.2687782805429864,0.539709297785304,0.2971014492753623,0.6874949491917306,0.0560137438026021,0.2088353413654618,0.2628865979381443,0.3173641450017175,0.7731289841194652,0.1792205926097276,0.6887202849675731,0.6362694840185439,0.358974358974359,0.2916666666666667,0.2682926829268293,0.206060606060606,0.3666666666666666,-6.4643087,-45.87072,1
0.0752493200362647,0.1873647132640583,0.0739700374531835,0.1818430445482386,0.0708446866485013,0.0560652127456136,0.2779291553133515,0.6205904927085514,0.0775473399458972,0.1493624330605233,0.0722326454033771,0.1844652090092028,0.069936421435059,0.1752000281631136,0.0778280542986425,0.0506654307477082,0.1340579710144927,0.6947115609131923,0.0872089361406714,0.2449799196787148,0.0773195876288659,0.2989258773439631,0.7625238356634264,0.1915532056299392,0.6948947894667501,0.664800339440186,0.6837606837606839,0.5535714285714286,0.5426829268292682,0.4909090909090909,0.75,-25.794292,-13.481818,1
0.0879419764279238,0.1636007211998173,0.1058052434456928,0.1891237878788343,0.0962761126248864,0.1866517957960439,0.0926430517711171,0.3402427500214769,0.1018935978358882,0.1521429342921749,0.0947467166979362,0.1920367432966094,0.0862851952770208,0.1794853329233135,0.0914027149321266,0.1831092078754403,0.1835748792270531,0.5762799405320383,0.2504357749240823,0.3333333333333333,0.1018041237113402,0.2245614191743351,0.5036061987165055,0.5939714648886019,0.6407406732027243,0.5132764916618254,0.5726495726495727,0.5654761904761905,0.548780487804878,0.4909090909090909,0.6611111111111112,29.0603,23.732996,0
0.0353581142339075,0.1676079664891004,0.0440074906367041,0.2006354093053973,0.0326975476839237,0.1799706331118135,0.033605812897366,0.3382873319179051,0.0378719567177637,0.0588851840625105,0.1425891181988743,0.547169068367382,0.0090826521344232,0.0986056685905398,0.0624434389140271,0.0993221096534737,0.0640096618357488,0.6150366195974375,0.5134697799129975,0.1365461847389558,0.0373711340206185,0.2557990251365595,0.5239393034911608,0.7345092178521707,0.4811798479754005,0.6984598388503938,0.4786324786324787,0.5654761904761905,0.5670731707317073,0.5393939393939393,0.8388888888888889,6.1884255,43.99377,0
0.1368993653671804,0.1875970992408769,0.1357677902621722,0.1822674354624358,0.1307901907356948,0.3852941692613336,0.033605812897366,0.3337967921136852,0.042380522993688,0.1595837122360311,0.0300187617260788,0.0736454798935235,0.1335149863760218,0.1819454152856504,0.1366515837104072,0.1867351682175147,0.1714975845410628,0.6490145298860868,0.5550157829668088,0.4779116465863454,0.0425257731958762,0.2161787623398721,0.6139887930556128,0.8100139781717629,0.6178236411063622,0.512534768528794,0.2051282051282051,0.2261904761904762,0.2012195121951219,0.1636363636363636,0.3222222222222222,4.4934278,45.482048,0
0.0815956482320943,0.1844182344636402,0.0823970037453183,0.1845719171958857,0.0772025431425976,0.1859193735558109,0.0744777475022706,0.3261332960406152,0.0802524797114517,0.1493401644784417,0.075046904315197,0.1803882290082915,0.0753860127157129,0.1792984912249081,0.0805429864253393,0.1845528772708958,0.1364734299516908,0.6407462473891873,0.1419734953897172,0.2449799196787148,0.0798969072164948,0.3150884852997851,0.6327957616950011,0.4031821188886646,0.7597988508244544,0.5303731671164444,0.5555555555555556,0.5535714285714286,0.5365853658536585,0.4848484848484849,0.4833333333333334,5.994216,-2.832939,0
0.070716228467815,0.1776595410216569,0.0758426966292134,0.3096567275736986,0.0199818346957311,0.0715865166230835,0.1162579473206176,0.4085653339712728,0.0775473399458972,0.1540607988306959,0.0684803001876172,0.1859272983888399,0.0653950953678474,0.1894135224570305,0.0642533936651583,0.1803886150937306,0.1316425120772947,0.6298690424329447,0.2199347647416596,0.2369477911646586,0.0773195876288659,0.3179759126034359,0.6635174647538397,0.408698826581132,0.6745522053536602,0.5342305673942646,0.5042735042735043,0.5416666666666667,0.5365853658536585,0.5393939393939393,0.8111111111111111,1.660862,10.106175,0
0.2674524025385312,0.5194110761412685,0.0646067415730337,0.1732051890724069,0.067211625794732,0.1804587646416985,0.0681198910081744,0.227496259343393,0.2714156898106402,0.4296822489028296,0.0609756097560975,0.1688139837708051,0.0690281562216167,0.055702624909875,0.2778280542986425,0.5384388291511668,0.3140096618357488,0.6487321942412835,0.0649377168825832,0.2369477911646586,0.2719072164948453,0.2869718474425374,0.744310238256416,0.1675345546265295,0.6644016565236588,0.6400209704562171,0.2136752136752137,0.3095238095238095,0.2804878048780487,0.2181818181818182,0.3833333333333333,16.826431,-37.17223,1
0.2810516772438803,0.5585603019418781,0.0608614232209737,0.1688070734075788,0.0663033605812897,0.054383306806851,0.2733878292461398,0.6308935277739034,0.0721370604147881,0.1506093179327493,0.0656660412757973,0.0530910342989872,0.2752043596730245,0.5509577696361938,0.0606334841628959,0.1623533667384905,0.1195652173913043,0.7244506974133298,0.0487608588387623,0.2128514056224899,0.0721649484536082,0.3313447454598865,0.7967366616692483,0.1382165174025485,0.7229025288262622,0.671113821641873,0.4786324786324787,0.5357142857142857,0.5365853658536585,0.4848484848484849,0.7833333333333334,14.271547,-32.449512,1
0.0915684496826835,0.1713878563826677,0.1029962546816479,0.1917147157200212,0.0917347865576748,0.1932786400844675,0.0835603996366939,0.3382873319179051,0.0901713255184851,0.1492654832580457,0.0853658536585365,0.1806567726011659,0.0853769300635785,0.1735330646788086,0.0950226244343891,0.1806767722573013,0.1690821256038647,0.6447823205829305,0.2186734409720203,0.321285140562249,0.0902061855670103,0.261188493061729,0.5754829428003124,0.5919499141178542,0.6845241244389396,0.6059757835260178,0.6068376068376068,0.5833333333333334,0.5670731707317073,0.5090909090909091,0.7,26.754211,21.105148,0
0.0888485947416137,0.1793412816433711,0.0936329588014981,0.1784224537798093,0.0926430517711171,0.1674109487196886,0.1044504995458674,0.3458048281827475,0.1145175834084761,0.1566048330591982,0.1031894934333958,0.1868077831533728,0.0980926430517711,0.1916151031838535,0.0941176470588235,0.1726286466288733,0.1920289855072463,0.6788082243730219,0.1978272643611658,0.321285140562249,0.1146907216494845,0.3003043318884663,0.6604217956491938,0.555416424851177,0.6754453232739568,0.6188611909430436,0.5213675213675214,0.5416666666666667,0.5182926829268292,0.4606060606060606,0.638888888888889,23.576017,13.802421,0
0.0353581142339075,0.1709694819340229,0.0421348314606741,0.1988455925489568,0.0317892824704813,0.1780694892585772,0.033605812897366,0.3352669093114953,0.1505861136158701,0.3507237756438486,0.0309568480300187,0.1613052217771353,0.0417801998183469,0.216796582085424,0.0298642533936651,0.1490338376818774,0.2620772946859903,0.6424038897437315,0.8290336689529966,0.4417670682730923,0.1507731958762886,0.8567799476124441,0.5859398871807215,0.912850839822226,0.5404053433009948,0.4783549457430758,0.7350427350427351,0.9702380952380952,0.9695121951219512,0.9757575757575758,1.0,-2.6288235,38.361237,0
0.0607434270172257,0.1716906797931153,0.0692883895131086,0.1789675006645222,0.0681198910081744,0.1777169592725466,0.0708446866485013,0.3440799232178693,0.0730387736699729,0.151800609211946,0.0656660412757973,0.1786964209807024,0.067211625794732,0.1863018111356221,0.0678733031674208,0.1804295299039739,0.1256038647342995,0.649436697128677,0.0907200322555768,0.2289156626506024,0.0734536082474226,0.2764846157641002,0.7083587846464199,0.2006522855906028,0.6517948054857219,0.6229415751347392,0.6923076923076924,0.5238095238095238,0.5426829268292682,0.4909090909090909,0.7666666666666667,-26.238949,-9.5056715,1
0.0353581142339075,0.1799032391975557,0.0374531835205992,0.181357165177723,0.0354223433242506,0.1800211059574746,0.036330608537693,0.3444944389255731,0.0432822362488728,0.1594765709448832,0.0309568480300187,0.1767560104620251,0.033605812897366,0.1819454152856504,0.03710407239819,0.183790362505013,0.0676328502415458,0.6095573827714187,0.4963008319664569,0.1285140562248996,0.0438144329896907,0.2939732711615325,0.5352630965262084,0.6646960576437012,0.4144554076550943,0.6657545544182156,0.452991452991453,0.5297619047619048,0.5304878048780487,0.503030303030303,0.8222222222222222,8.227672,43.490868,0
0.1051677243880326,0.1923623173048556,0.1001872659176029,0.183238390432796,0.0953678474114441,0.1879158759204253,0.0908265213442325,0.3363542614498028,0.0937781785392245,0.1423860044169228,0.0956848030018761,0.1730055895471819,0.1017257039055404,0.1830818663769474,0.1040723981900452,0.1865190174951829,0.1702898550724637,0.6549593956573934,0.1969741386820188,0.3132530120481928,0.0940721649484536,0.2869596319093654,0.6163753868832008,0.5507823579845185,0.65745525593373,0.5630756532082131,0.5299145299145299,0.5714285714285714,0.548780487804878,0.4909090909090909,0.638888888888889,24.612677,13.576277,0
0.1486854034451496,0.1960474983979199,0.1395131086142322,0.1943277182521734,0.1235240690281562,0.1779445314466274,0.1271571298819255,0.3398905894151465,0.1036970243462579,0.1392607010098754,0.1097560975609756,0.3081336023701782,0.0426884650317892,0.271562701342211,0.0135746606334841,0.2008832154974127,0.1243961352657004,0.6563981102979043,0.0802245847563408,0.1325301204819277,0.1030927835051546,0.3284306985023328,0.8097197953700048,0.1574254111080905,0.8583610839026837,0.6335585949937876,0.4957264957264957,0.4285714285714285,0.4024390243902438,0.3454545454545454,0.3555555555555555,-28.658003,-21.175707,1
0.0199456029011786,0.0428592268558829,0.1928838951310861,0.4983351466698807,0.0345140781108083,0.0838127782191776,0.1235240690281562,0.4048171738617598,0.0793507664562669,0.3163689902095479,0.0037523452157598,0.0491018166784771,0.1271571298819255,0.2658633563956314,0.0751131221719457,0.1726649796883708,0.1461352657004831,0.6035423228318549,0.3090417503989948,0.2771084337349397,0.0798969072164948,0.3504738595546964,0.669251889676123,0.5496242983214408,0.6992572404505167,0.5466473072896177,0.7350427350427351,0.5357142857142857,0.5609756097560975,0.5878787878787879,0.8833333333333333,12.39931,26.745712,0
0.0208522212148685,0.1497558692318887,0.0374531835205992,0.0828590504073938,0.1262488646684832,0.375788449995152,0.033605812897366,0.2585946431487833,0.0333633904418394,0.1533889975842083,0.024390243902439,0.0944872085239748,0.0899182561307901,0.1844054976479874,0.0914027149321266,0.2035991352877503,0.0289855072463768,0.5403811653456142,0.1894342535060072,0.0321285140562249,0.0335051546391752,0.1766100591669229,0.5411424037795315,0.2984754695967475,0.6696446751235514,0.4913517014834428,0.5213675213675214,0.4523809523809524,0.4573170731707316,0.4484848484848485,0.7555555555555555,-4.0352945,-1.323899,1
0.0861287398005439,0.1756720293778129,0.0936329588014981,0.1882850306380216,0.0853769300635785,0.1844066354360315,0.0835603996366939,0.3491998264959021,0.0946798917944093,0.1600122774006226,0.0806754221388367,0.1844652090092028,0.0781108083560399,0.1832688773160216,0.0805429864253393,0.1729997723166138,0.1642512077294686,0.6149729020929402,0.1509612010324959,0.2931726907630522,0.0940721649484536,0.2760806168092146,0.5756773983945598,0.4024519230444773,0.702782517697668,0.5374707552514804,0.5641025641025642,0.5535714285714286,0.5426829268292682,0.4848484848484849,0.8388888888888889,5.9726667,-1.4280677,0
0.0625566636446056,0.1803041350747587,0.0655430711610486,0.1788488648376258,0.064486830154405,0.1748541318692111,0.0690281562216167,0.3338652752915273,0.0721370604147881,0.2719366619033185,0.0103189493433395,0.0560690501072645,0.1271571298819255,0.2779054772959858,0.069683257918552,0.1818717769650498,0.1195652173913043,0.6428694649578013,0.2210077033879434,0.2128514056224899,0.0721649484536082,0.3106750391048419,0.6752695305944377,0.4156332976888698,0.6846834623112956,0.5574258525564443,0.4700854700854701,0.5297619047619048,0.5243902439024389,0.5393939393939393,0.7833333333333334,2.9158654,10.109836,0
0.0652765185856754,0.1747216599847066,0.0720973782771535,0.1875976434376547,0.0653950953678474,0.1804394083085019,0.0663033605812897,0.3371366947345109,0.0793507664562669,0.1493474896699159,0.074108818011257,0.0086694960710329,0.7420526793823796,0.7515213881723259,0.1538461538461538,0.3247253326976644,0.1376811594202898,0.6579241739371549,0.1260318580769532,0.2489959839357429,0.0798969072164948,0.2808596621107431,0.6976776039593806,0.2522201470835722,0.6364056477358307,0.6204539784250186,0.4444444444444445,0.5416666666666667,0.5426829268292682,0.4909090909090909,0.7388888888888889,-18.045204,-7.4165816,1
0.0734360834088848,0.1889013062536349,0.0711610486891385,0.0540477213370491,0.2788374205267938,0.5570681080008014,0.0572207084468664,0.3214849809948304,0.0748422001803426,0.0458302728344536,0.2795497185741088,0.5424122357558769,0.0590372388737511,0.166507985696489,0.0723981900452488,0.1906462870569096,0.1183574879227053,0.6816762318050225,0.0984863560353146,0.2008032128514056,0.0747422680412371,0.2972072634419098,0.7413192236893789,0.2061503599732625,0.6669780977085222,0.6606626995008166,0.4700854700854701,0.5297619047619048,0.5243902439024389,0.4727272727272728,0.7388888888888889,-22.806618,-12.211537,1
0.0507706255666364,0.1801534859209035,0.0533707865168539,0.215507335348642,0.0345140781108083,0.1896895647727505,0.030881017257039,0.3174909795459028,0.0441839495040577,0.1320024827148198,0.049718574108818,0.22686580101868,0.0290644868301544,0.1799727077309463,0.0334841628959276,0.1671962805541029,0.0640096618357488,0.6443779463259961,0.2185504971806391,0.1164658634538152,0.0438144329896907,0.2803779604392071,0.7007710724668379,0.4795937353970526,0.7786839891383103,0.550144138375703,0.3504273504273504,0.5238095238095238,0.5243902439024389,0.4909090909090909,0.4888888888888889,8.03922,14.289861,1
0.0679963735267452,0.1748620399152173,0.0749063670411985,0.18048417829465,0.072661217075386,0.0,1.0,1.0,0.0775473399458972,0.1449081382394507,0.0759849906191369,0.1945605880590783,0.067211625794732,0.1819454152856504,0.0705882352941176,0.1790647189267143,0.1268115942028985,0.6193455895888664,0.0898596080299964,0.2208835341365461,0.0773195876288659,0.2590269860358148,0.6764374057858518,0.1415280470103496,0.6363539338867337,0.6001671809316919,0.3846153846153847,0.5119047619047619,0.5243902439024389,0.4787878787878788,0.7833333333333334,-36.334988,-14.97384,1
0.0698096101541251,0.1832102211070549,0.0711610486891385,0.1876279160279662,0.064486830154405,0.179007039651954,0.0663033605812897,0.3418358004345265,0.078449053201082,0.289846868528981,0.0093808630393996,0.0587183552556059,0.1189827429609445,0.277537187079315,0.0642533936651583,0.183376279294949,0.1280193236714976,0.6241938809134474,0.2360464435475025,0.2208835341365461,0.0786082474226804,0.3049242328735994,0.6764264576726353,0.4138495656043904,0.6682134212644694,0.5386461051161215,0.452991452991453,0.5238095238095238,0.5243902439024389,0.5333333333333333,0.7333333333333334,4.4658885,10.329453,0
0.0716228467815049,0.1831911235058919,0.0730337078651685,0.1875677855403612,0.0663033605812897,0.1862590320109797,0.0635785649409627,0.3483106602710283,0.0721370604147881,0.149409753797447,0.0666041275797373,0.1844652090092028,0.064486830154405,0.1942458270973352,0.0606334841628959,0.1803453110974877,0.1268115942028985,0.6220997423812168,0.2273282673433712,0.2369477911646586,0.0721649484536082,0.3064526864647148,0.6574863292424009,0.400719572844368,0.665072427591572,0.5187324548883427,0.4957264957264957,0.5476190476190476,0.5426829268292682,0.5454545454545454,0.8611111111111112,1.6520215,7.9158926,0
0.0679963735267452,0.0596358466208455,0.2621722846441947,0.5045895591842512,0.0599455040871934,0.1732182945985949,0.0653950953678474,0.3348587440944128,0.078449053201082,0.1516566948292242,0.0712945590994371,0.0305292361806777,0.4277929155313351,0.4004858146165612,0.1782805429864253,0.3700850184354431,0.1219806763285024,0.7610540183780647,0.0940403410311759,0.2008032128514056,0.0786082474226804,0.3431316988375014,0.8318700070569899,0.2366928648842651,0.7368246821833017,0.7340201890855141,0.5726495726495727,0.5059523809523809,0.5060975609756097,0.4606060606060606,0.7611111111111112,-26.611532,10.390762,1
0.1468721668177697,0.1911662560597289,0.1423220973782771,0.4471419898515152,0.0236148955495004,0.0438918519466629,0.1980018165304269,0.6125743577972876,0.1911632100991884,0.4029913514605847,0.0356472795497185,0.0559102225974897,0.1898274296094459,0.5089127256253441,0.03710407239819,0.2639338091110721,0.2004830917874396,0.6615368671396666,0.1571528279923852,0.1124497991967871,0.190721649484536,0.2987594972397989,0.7530872541638017,0.2776215349313081,0.6542616135325192,0.6683822568568785,0.1794871794871795,0.2619047619047619,0.2621951219512195,0.2363636363636364,0.3888888888888888,-7.3641157,-20.419983,1
0.0217588395285584,0.0568307529632449,0.1544943820224719,0.2487886393206714,0.0971843778383288,0.154594495592529,0.1217075386012715,0.3075339381071865,0.0775473399458972,0.2605484845557595,0.0168855534709193,0.1028154203423039,0.0681198910081744,0.256763516488834,0.0361990950226244,0.1940538637916124,0.0845410628019323,0.6816487428172237,0.054321615005846,0.0803212851405622,0.0773195876288659,0.3095506466072716,0.7724276695643253,0.2076755635205283,0.8163872454454487,0.6028665606968903,0.4957264957264957,0.4166666666666666,0.3963414634146341,0.3818181818181818,0.3666666666666666,-27.494312,12.473215,1
0.070716228467815,0.1776595410216569,0.0758426966292134,0.1904049628330739,0.067211625794732,0.0366575874267929,0.3705722070844686,0.3195283301479659,0.0721370604147881,0.143653456101198,0.0712945590994371,0.0784637289855095,0.2043596730245231,0.4310287544722673,0.0606334841628959,0.1662229057921523,0.1256038647342995,0.7307256317112601,0.0925901580684154,0.2329317269076305,0.0721649484536082,0.3199252871877127,0.7885202704144212,0.2389266555430033,0.6958400891868123,0.6910397664839916,0.5726495726495727,0.5476190476190476,0.548780487804878,0.496969696969697,0.7944444444444445,-16.901804,-13.04594,1
0.0317316409791477,0.1779143502067652,0.0346441947565543,0.1721490626134186,0.0372388737511353,0.1765095763533577,0.0399636693914623,0.3523826374144845,0.0405770964833183,0.1466920087714268,0.0356472795497185,0.1825723254373511,0.0354223433242506,0.2516477488851975,0.0135746606334841,0.1078734085236985,0.0615942028985507,0.7343356752452972,0.4302997627563819,0.1164658634538152,0.0412371134020618,0.3394634526101284,0.6617463992995316,0.6389505883599801,0.5828578291235132,0.7718228473605768,0.4273504273504274,0.5297619047619048,0.5304878048780487,0.496969696969697,0.7833333333333334,8.289155,39.39531,0
0.0689029918404351,0.1922448187772506,0.0646067415730337,0.184754197832567,0.0599455040871934,0.1774536257568246,0.0626702997275204,0.3382873319179051,0.0694319206492335,0.1494349244021936,0.0637898686679174,0.1829722304173198,0.0626702997275204,0.1762164563596603,0.069683257918552,0.3082665056692212,0.1231884057971014,0.6230184696870742,0.2144120941784725,0.2329317269076305,0.0695876288659793,0.3133706072681126,0.648303247022171,0.3996350832948428,0.6711465374099439,0.542640069483013,0.5042735042735043,0.5535714285714286,0.548780487804878,0.5515151515151515,0.75,0.7755825,7.974318,0
0.0797824116047144,0.1729679820254839,0.0889513108614232,0.1747130690456446,0.0908265213442325,0.1771457696462703,0.0944595821980018,0.3412036020206457,0.1055004508566276,0.155040921491361,0.0956848030018761,0.1894243425775627,0.0890099909173478,0.1795279933110997,0.0941176470588235,0.1947015821095892,0.1751207729468599,0.6504641674463776,0.2248724840756257,0.2931726907630522,0.1056701030927835,0.2716245371145345,0.5938734365982858,0.6049821909009103,0.6912004173562495,0.6456038248302955,0.4273504273504274,0.5357142857142857,0.5182926829268292,0.4606060606060606,0.6833333333333333,24.421818,23.448006,0
0.0806890299184043,0.164959499774919,0.096441947565543,0.1762151494805237,0.0971843778383288,0.1878468005037924,0.0926430517711171,0.3363761040539622,0.1009918845807033,0.1482267353743558,0.0975609756097561,0.1906280857547663,0.0899182561307901,0.178360723843388,0.0959276018099547,0.188022536490226,0.181159420289855,0.6270764924675808,0.2061549107119387,0.3293172690763052,0.1005154639175257,0.2565356847873546,0.5739941653025357,0.5384041489394491,0.6786872392994058,0.5858683568493335,0.5897435897435899,0.5654761904761905,0.548780487804878,0.4909090909090909,0.6777777777777777,27.893871,12.508878,0
0.0598368087035358,0.1787781350126859,0.0636704119850187,0.1690976368376168,0.0690281562216167,0.1832847892884011,0.0681198910081744,0.3406043684378908,0.0658250676284941,0.1411286248358088,0.0666041275797373,0.1801386179878276,0.067211625794732,0.1791386099058029,0.0723981900452488,0.3350686014176955,0.1135265700483091,0.6204594345343832,0.207635110617072,0.2128514056224899,0.065721649484536,0.3121800005354641,0.6506155149280295,0.3955498674010296,0.667610229697967,0.5338271969486963,0.5128205128205129,0.5476190476190476,0.5426829268292682,0.5515151515151515,0.8277777777777777,0.51660466,7.231638,0
0.0199456029011786,0.1633332693083379,0.0290262172284644,0.2253778361464302,0.0108991825613079,0.165960029497746,0.0172570390554041,0.3401460535218497,0.018034265103697,0.1544592226764947,0.0084427767354596,0.1700104617332446,0.0136239782016348,0.1750517778966842,0.0199095022624434,0.2020284828788804,0.0241545893719806,0.634432580716534,0.2552397749981838,0.0642570281124498,0.018041237113402,0.2780593167467747,0.7238604670041765,0.4117308598046116,0.7638679877224056,0.554811042946563,0.5897435897435899,0.5059523809523809,0.5548780487804877,0.5272727272727273,0.5333333333333333,10.029687,11.496318,1
0.085222121486854,0.1756360563163859,0.0926966292134831,0.2066491936070372,0.072661217075386,0.1934097534536563,0.0653950953678474,0.3382873319179051,0.0793507664562669,0.1601396481663229,0.0656660412757973,0.1890081295816467,0.0608537693006357,0.1693147910763365,0.0723981900452488,0.1737765837835275,0.1400966183574879,0.6594355922023942,0.3588170111487787,0.2570281124497992,0.0798969072164948,0.4534783013376256,0.7403261684403343,0.6424129693284574,0.7073144686593164,0.7251316222736042,0.7264957264957265,0.5178571428571429,0.548780487804878,0.6242424242424243,0.5000000000000001,6.879851,33.38099,0
0.099728014505893,0.1829493797045033,0.1020599250936329,0.182074317346784,0.0980926430517711,0.1853963695019485,0.0953678474114441,0.3452113416355231,0.0955816050495942,0.1533578996190886,0.0872420262664165,0.1712898838085177,0.0944595821980018,0.178460298605673,0.1004524886877828,0.1866246365981405,0.1714975845410628,0.6361710934868098,0.2065601967004552,0.3132530120481928,0.095360824742268,0.2621026871009589,0.5935700631563863,0.5226250668523478,0.6705243032694491,0.5836046129222535,0.5982905982905984,0.5714285714285714,0.548780487804878,0.496969696969697,0.6666666666666666,26.695135,9.906075,0
0.013599274705349,0.1770341002945731,0.0159176029962546,0.1719105824452599,0.0181653042688465,0.163419498389521,0.0263396911898274,0.3721160651096957,0.0225428313796212,0.1520984320317451,0.0140712945590994,0.19194766642264,0.0108991825613079,0.18959567141243,0.0117647058823529,0.1676131980657776,0.0241545893719806,0.6209252682525848,0.2702865700972912,0.0522088353413654,0.0219072164948453,0.2671323839599883,0.6994903513394558,0.4312586813402525,0.766587626232282,0.5489692618468219,0.5384615384615385,0.4702380952380953,0.5243902439024389,0.496969696969697,0.5000000000000001,9.985451,12.115606,1
0.0335448776065276,0.1837420982235576,0.0337078651685393,0.1793723862388846,0.0326975476839237,0.1781037441027797,0.0345140781108083,0.3382873319179051,0.0613165013525698,0.1896213239356021,0.0318949343339587,0.1750007911499444,0.0354223433242506,0.180094910853804,0.0398190045248868,0.1895461191249027,0.0615942028985507,0.6056200536339917,0.5615140341029682,0.0522088353413654,0.0618556701030927,0.3163458223401142,0.57326850241088,0.801199999696209,0.5372296122001223,0.562819417603255,0.2905982905982906,0.3511904761904761,0.3963414634146341,0.3757575757575758,0.6333333333333334,3.234032,43.355133,1
0.0879419764279238,0.1781181975548517,0.0936329588014981,0.1749525443655084,0.0953678474114441,0.1807034762731168,0.0962761126248864,0.3421534728541098,0.1018935978358882,0.1511471008530723,0.0956848030018761,0.1856836168255671,0.0917347865576748,0.1907103793909828,0.0886877828054298,0.1910210317587494,0.1775362318840579,0.6039755022013994,0.2163416150109672,0.3132530120481928,0.1018041237113402,0.2413016321602099,0.5274314808972608,0.5617852248820921,0.662431917376963,0.5866279170845671,0.5726495726495727,0.5535714285714286,0.5365853658536585,0.4787878787878788,0.6722222222222222,29.250145,15.563278,0
0.0861287398005439,0.1710312988933737,0.097378277153558,0.1933316708432473,0.0853769300635785,0.1831315710846642,0.0844686648501362,0.3295885148114447,0.0892696122633002,0.1403032631452801,0.0928705440900562,0.1796469599172167,0.0935513169845594,0.1819454152856504,0.0968325791855203,0.198550523652951,0.1570048309178744,0.616598785888688,0.2149001933183774,0.285140562248996,0.0889175257731958,0.2490043363721323,0.5564895030519141,0.5634559808123477,0.6583666460047064,0.607180258340759,0.4786324786324787,0.5595238095238095,0.5426829268292682,0.4848484848484849,0.7055555555555556,28.948774,15.845569,0
0.1024478694469628,0.1840857726680672,0.1039325842696629,0.1867696289004189,0.0962761126248864,0.1891246957115004,0.0908265213442325,0.3354042012481503,0.0919747520288548,0.1524072176547271,0.0844277673545966,0.1665997910276814,0.0953678474114441,0.1819454152856504,0.0986425339366515,0.1842482067815952,0.1642512077294686,0.6414592017366673,0.2002887958803869,0.3012048192771084,0.0914948453608247,0.2564722721579647,0.6138643687224252,0.4831514395430351,0.6463002581102731,0.5674861136141691,0.5042735042735043,0.5714285714285714,0.5548780487804877,0.496969696969697,0.8777777777777778,26.069118,5.549357,0
0.085222121486854,0.1981911658311404,0.0767790262172284,0.1791865206526389,0.0753860127157129,0.1792246146377588,0.0772025431425976,0.3330988759068943,0.1415689810640216,0.3759640082321597,0.0206378986866791,0.0991306842102548,0.0781108083560399,0.1007153880523321,0.1728506787330316,0.4905813264667533,0.1400966183574879,0.733293515897216,0.0885192949893526,0.0642570281124498,0.1417525773195876,0.3352867269709607,0.7671229321545504,0.339701916141961,0.820154593335283,0.5943341003030417,0.3247863247863248,0.2976190476190476,0.2682926829268293,0.2545454545454546,0.3055555555555556,7.958807,-12.447217,1
0.0951949229374433,0.1760098979105531,0.1029962546816479,0.1732579953953563,0.106267029972752,0.1947230845763118,0.0962761126248864,0.34117046258766,0.1036970243462579,0.1582475973111281,0.0909943714821763,0.1820000583109773,0.0899182561307901,0.17603843786196,0.0977375565610859,0.1818717769650498,0.1884057971014492,0.6311783015701539,0.207984347677849,0.3453815261044177,0.1030927835051546,0.2694618021788154,0.5760469469728164,0.5761982961408847,0.6751488810296092,0.6404133933712906,0.5555555555555556,0.5714285714285714,0.5548780487804877,0.496969696969697,0.7055555555555556,25.358873,17.712084,0
0.0888485947416137,0.1963483433046185,0.0814606741573033,0.1742997201299039,0.0835603996366939,0.1870674496074347,0.0799273387829246,0.3425967246811905,0.0937781785392245,0.1472246491806786,0.0909943714821763,0.1807888571008666,0.0908265213442325,0.1760716231283852,0.0986425339366515,0.1761579566411155,0.1570048309178744,0.5902498219408084,0.2279128495183976,0.2690763052208835,0.0940721649484536,0.2473906443762675,0.5119959836024454,0.5462501364973092,0.6620204970492819,0.540995672985736,0.5042735042735043,0.5476190476190476,0.5304878048780487,0.4727272727272728,0.6555555555555557,29.68457,14.575623,0
0.0752493200362647,0.1932475801840709,0.0702247191011236,0.183238390432796,0.0663033605812897,0.0587526299625076,0.2561307901907357,0.5832540205481123,0.0793507664562669,0.0470080556522633,0.2851782363977486,0.5558572558075441,0.0581289736603088,0.160078016509322,0.0760180995475113,0.1964959604514828,0.1352657004830917,0.6826355962655387,0.0874209220473943,0.2409638554216867,0.0798969072164948,0.2947929524010075,0.7429893046100987,0.1861703057406824,0.6652652993014192,0.6642612988838353,0.5982905982905984,0.5357142857142857,0.5365853658536585,0.4848484848484849,0.75,-26.701595,-13.453806,1
0.2910244786944696,0.575476634077944,0.0608614232209737,0.1661548313597011,0.0681198910081744,0.1832944016171313,0.067211625794732,0.3406203480000976,0.0739404869251578,0.1505764547250473,0.0675422138836773,0.1773984436742899,0.069936421435059,0.0852615331959561,0.1900452488687782,0.404939322411442,0.1256038647342995,0.6561070739883267,0.0921176228660462,0.2289156626506024,0.0734536082474226,0.2769235634870062,0.7180091872839294,0.172930099650376,0.6507460941851632,0.6368520060818086,0.4188034188034188,0.5357142857142857,0.5426829268292682,0.4909090909090909,0.7611111111111112,15.274227,-32.334854,1
0.0725294650951949,0.1790534971519548,0.0767790262172284,0.1805197165157873,0.0744777475022706,0.1846054478651281,0.072661217075386,0.330887296532201,0.1009918845807033,0.1617304578623234,0.0853658536585365,0.1757867252645729,0.0890099909173478,0.1949334277576157,0.0832579185520362,0.1871998234327184,0.1292270531400966,0.5963601767344856,0.0859251475933806,0.1566265060240964,0.1005154639175257,0.2574536113952795,0.5886773938719463,0.3027423858668051,0.7188831554981271,0.5199697366661197,0.2735042735042735,0.4464285714285714,0.4207317073170731,0.3636363636363636,0.4388888888888889,-2.0838885,-14.042076,1
0.0734360834088848,0.1804204734861823,0.0767790262172284,0.0307301076605278,0.4368755676657584,0.4456263874609752,0.1562216167120799,0.4569228198474482,0.0775473399458972,0.1505133750109347,0.0712945590994371,0.0254629889736629,0.4750227066303361,0.4878292098423406,0.1565610859728506,0.3342348772029873,0.1376811594202898,0.6396610870530818,0.0900758673984003,0.2570281124497992,0.0773195876288659,0.2647083668309708,0.70265303795349,0.1932690026260413,0.6374482710400032,0.6216490305316432,0.6324786324786326,0.5476190476190476,0.548780487804878,0.496969696969697,0.7722222222222223,-27.52175,-9.230132,1
0.0362647325475974,0.0767448199400364,0.1423220973782771,0.183238390432796,0.1362397820163488,0.3967010323807514,0.033605812897366,0.3309332594849072,0.0622182146077547,0.1973675006412199,0.0290806754221388,0.1561981476695512,0.0426884650317892,0.1968816296284105,0.0389140271493212,0.2692281337656543,0.0664251207729468,0.6031452312274657,0.494446005355857,0.0682730923694779,0.0618556701030927,0.3205178227978457,0.5452965645301778,0.6942359361181246,0.5619708820809411,0.5890266107182336,0.2735042735042735,0.4166666666666666,0.4207317073170731,0.4,0.6444444444444445,8.479371,41.58465,1
0.0698096101541251,0.1846524824113251,0.0702247191011236,0.183238390432796,0.0663033605812897,0.1790457523183471,0.0681198910081744,0.2353692282920874,0.2831379621280432,0.4596960634837332,0.0572232645403377,0.1644108749506662,0.0681198910081744,0.1848098947486455,0.069683257918552,0.1776611899075466,0.323671497584541,0.6449931579639961,0.0482680122027988,0.2329317269076305,0.2835051546391752,0.2846354587735984,0.7312263288934678,0.1397225579459264,0.6528287037954886,0.609363608690829,0.2393162393162393,0.2976190476190476,0.2682926829268293,0.206060606060606,0.3666666666666666,-8.059382,-46.740692,1
0.0652765185856754,0.1747216599847066,0.0720973782771535,0.183238390432796,0.0681198910081744,0.1763684658109447,0.0717529518619436,0.351482937063639,0.0757439134355275,0.1505444857542896,0.0694183864915572,0.1919301019686178,0.0626702997275204,0.1819454152856504,0.0660633484162896,0.1833549388363688,0.1340579710144927,0.6288594576015899,0.2196994013373015,0.2489959839357429,0.0760309278350515,0.3168542418129766,0.6569647603803817,0.3967409934554508,0.6703553733392061,0.546272496399736,0.5128205128205129,0.5535714285714286,0.5426829268292682,0.5454545454545454,0.7944444444444445,0.53074384,8.432946,0
0.0770625566636446,0.1845036495494594,0.0777153558052434,0.1860107223876403,0.0717529518619436,0.1832567161958841,0.0708446866485013,0.3405577166958777,0.4256086564472497,0.3955910259231731,0.1369606003752345,0.3064813011228064,0.0599455040871934,0.1679113883864128,0.0723981900452488,0.1818717769650498,0.4589371980676328,0.6417632133160566,0.0540527070076751,0.2409638554216867,0.4252577319587629,0.2709574904975779,0.7271533668375146,0.2351691337469575,0.6805122463244164,0.580888449231809,0.1282051282051282,0.2321428571428571,0.1951219512195121,0.1333333333333333,0.25,-5.401839,-50.24882,1
0.0380779691749773,0.1914701988545217,0.0346441947565543,0.1794075317315565,0.033605812897366,0.1745340287595763,0.0372388737511353,0.3428587823492282,0.0405770964833183,0.1466920087714268,0.0356472795497185,0.1903541801216302,0.0317892824704813,0.1726928931264185,0.0398190045248868,0.1875752085247586,0.0664251207729468,0.524339645897978,0.5126210974127451,0.1325301204819277,0.0412371134020618,0.2209617169318586,0.4470743733350566,0.6654446575402678,0.4885677937436247,0.611887478343449,0.4273504273504274,0.5297619047619048,0.5365853658536585,0.5151515151515152,0.8333333333333333,8.467376,45.338257,0
0.0942883046237534,0.1879388433244338,0.0926966292134831,0.1749057316758627,0.0944595821980018,0.166543182546286,0.1071752951861943,0.3476322858382893,0.1118124436429215,0.155756222796461,0.1013133208255159,0.2036221029893883,0.0844686648501362,0.1782334566915917,0.090497737556561,0.1806416250600145,0.1871980676328502,0.6117452097049102,0.2270184939182676,0.3132530120481928,0.1121134020618556,0.2617053625457328,0.5447166129201345,0.5606411984684383,0.68152905329401,0.5270502455883121,0.4957264957264957,0.5357142857142857,0.5182926829268292,0.4606060606060606,0.6222222222222222,27.834503,16.720224,0
0.0679963735267452,0.1789611338861285,0.0720973782771535,0.047500752797532,0.3115349682107175,0.0810851096770434,0.6630336058128974,0.7327219388429316,0.078449053201082,0.1516566948292242,0.0712945590994371,0.1816572227834096,0.0708446866485013,0.1833394619576414,0.0733031674208144,0.1791201213879972,0.1328502415458937,0.6613608207214029,0.0854429912942212,0.2369477911646586,0.0786082474226804,0.2818019942043984,0.7248676338846308,0.1672736384392334,0.6511072525513448,0.6278845293416353,0.6581196581196582,0.5357142857142857,0.5365853658536585,0.4848484848484849,0.7722222222222223,-31.50537,-14.138376,1
0.0661831368993653,0.1803450541022249,0.0692883895131086,0.0648405520228872,0.2343324250681198,0.4707362243057015,0.0599455040871934,0.3290822344507513,0.2957619477006312,0.4701469250931655,0.0590994371482176,0.0536802843602517,0.2561307901907357,0.4993134874197585,0.0651583710407239,0.1761027887207465,0.3381642512077294,0.6576196384824733,0.0611487780913436,0.2409638554216867,0.2963917525773196,0.2909507595263244,0.7450566517604297,0.1714870202839312,0.6566595944523341,0.6224004767531458,0.1965811965811966,0.2857142857142857,0.2621951219512195,0.1999999999999999,0.35,-6.8660583,-47.098133,1
0.0652765185856754,0.1817874498204099,0.0674157303370786,0.1789089953252309,0.0663033605812897,0.184776302296383,0.064486830154405,0.2172794127931209,0.0739404869251578,0.1493935480656238,0.0684803001876172,0.1830230120020777,0.067211625794732,0.1863018111356221,0.0678733031674208,0.0519936337281701,0.1207729468599033,0.7139382373033611,0.0743621699715818,0.2128514056224899,0.0734536082474226,0.3242840183629651,0.7962461464631475,0.2057486422797497,0.7182879002696361,0.6660262901017449,0.4615384615384616,0.5416666666666667,0.5304878048780487,0.4787878787878788,0.7611111111111112,-21.456987,-16.254251,1
0.0643699002719855,0.173308502017566,0.0720973782771535,0.1846717049128516,0.067211625794732,0.1862285649620496,0.064486830154405,0.3359702953979195,0.0712353471596032,0.1392607010098754,0.074108818011257,0.3607086336269096,0.0090826521344232,0.0579162628511622,0.1221719457013574,0.2774721535849321,0.1183574879227053,0.6378825213879921,0.2230426340723307,0.2128514056224899,0.0708762886597938,0.3204553431884141,0.6803243442542937,0.4184427764383568,0.6759736384998383,0.5367664794281994,0.4786324786324787,0.5357142857142857,0.5304878048780487,0.5454545454545454,0.7277777777777777,2.4183092,11.585878,0
0.0725294650951949,0.1904418241295195,0.0692883895131086,0.1775820889947243,0.0690281562216167,0.1832847892884011,0.0681198910081744,0.3394379691012994,0.2939585211902615,0.1077135430607774,0.4127579737335834,0.3622741432424946,0.1871026339691189,0.3925567829965121,0.0633484162895927,0.1704907797483971,0.3333333333333333,0.6246059582304663,0.0316402147993436,0.2329317269076305,0.2938144329896907,0.2690489001349749,0.7020269022824267,0.1176104839513026,0.6563393994818779,0.5496116350312508,0.3162393162393163,0.2916666666666667,0.2621951219512195,0.1999999999999999,0.3388888888888889,-8.846943,-46.99024,1
0.0924750679963735,0.1867376836461333,0.0917602996254681,0.2022691078518566,0.0744777475022706,0.154849900848826,0.0953678474114441,0.5112751721031976,0.0667267808836789,0.0773649259643233,0.1547842401500938,0.2285876524708416,0.1126248864668483,0.4463335772149669,0.0162895927601809,0.1269319418842381,0.0785024154589372,0.612676406431292,0.0881562127937549,0.0923694779116465,0.0670103092783505,0.2674814230663119,0.6803131527725141,0.2320839198339399,0.7569855489496292,0.5831749610158828,0.5299145299145299,0.4464285714285714,0.4329268292682926,0.4303030303030303,0.3888888888888888,-21.396673,-6.7103844,1
0.0661831368993653,0.1817874498204099,0.0683520599250936,0.1956323450544531,0.0572207084468664,0.1803453110974877,0.0581289736603088,0.3311903948846624,0.0667267808836789,0.1446276934111489,0.0647279549718574,0.1844652090092028,0.0626702997275204,0.1776190635449889,0.0687782805429864,0.1804394083085019,0.1147342995169082,0.6203940404667909,0.2118318213351259,0.2128514056224899,0.0670103092783505,0.3022695025779466,0.6594980238315191,0.4086704533357742,0.6674765041921716,0.543906045191712,0.5042735042735043,0.5535714285714286,0.5426829268292682,0.5515151515151515,0.7944444444444445,3.1242685,7.7049007,0
0.0679963735267452,0.1832298455385948,0.0692883895131086,0.1892156167751555,0.0617620345140781,0.1818717769650498,0.0617620345140781,0.3336212997535202,0.0712353471596032,0.0636450545513898,0.199812382739212,0.4249461786151934,0.0554041780199818,0.1674240957857448,0.0678733031674208,0.0519936337281701,0.1231884057971014,0.6246890405114003,0.0984358723687403,0.2289156626506024,0.0708762886597938,0.264211116123142,0.6722207121154744,0.1397803817687493,0.6227178606805086,0.6243697728790323,0.5384615384615385,0.5238095238095238,0.548780487804878,0.496969696969697,0.7611111111111112,-36.494034,-14.389542,1
0.0670897552130553,0.1832398621755266,0.0683520599250936,0.1847117976255804,0.0635785649409627,0.1748067153482932,0.0681198910081744,0.3382873319179051,0.0748422001803426,0.1459553400020208,0.0722326454033771,0.1932986656778439,0.064486830154405,0.1834077020045221,0.0669683257918552,0.1833444940344581,0.1159420289855072,0.7103709325265185,0.0985130651729998,0.1927710843373494,0.0747422680412371,0.3176446719973704,0.7859302595382236,0.2335633048105353,0.7134106891712023,0.6698388349664216,0.4700854700854701,0.5238095238095238,0.5121951219512194,0.4606060606060606,0.788888888888889,-17.561659,-12.810097,1
0.0734360834088848,0.1903825475931557,0.0702247191011236,0.183238390432796,0.0663033605812897,0.1818717769650498,0.0663033605812897,0.3337768341589998,0.0766456266907123,0.1517033609442564,0.0694183864915572,0.0303887083056189,0.4223433242506812,0.3621102706450334,0.1990950226244343,0.4106978595900852,0.1256038647342995,0.6874256366313215,0.0949770006163584,0.216867469879518,0.0773195876288659,0.3040947168079599,0.7505924532675579,0.2136307352291455,0.6689031542248841,0.6553254346290199,0.452991452991453,0.5416666666666667,0.5243902439024389,0.4727272727272728,0.7333333333333334,-21.424345,-12.603304,1
0.0743427017225748,0.0304009894704769,0.4522471910112359,0.4489748950351015,0.1562216167120799,0.3285503061973779,0.064486830154405,0.3304462348204702,0.0757439134355275,0.0204607456805092,0.4906191369606004,0.4945852414752144,0.1534968210717529,0.3342948015818033,0.0642533936651583,0.1732775650257624,0.1316425120772947,0.6559786798988583,0.095618553233413,0.2409638554216867,0.0760309278350515,0.2772250423423304,0.733030693479508,0.2025820022825659,0.657327275577771,0.6437334103864752,0.6581196581196582,0.5535714285714286,0.548780487804878,0.496969696969697,0.788888888888889,-29.50565,10.242041,1
0.0806890299184043,0.2714220408790449,0.0383895131086142,0.0876537940579672,0.1198910081743869,0.2264192897391073,0.0871934604904632,0.3489252983304179,0.0883678990081154,0.1461618304904149,0.0863039399624765,0.1981428193348406,0.0744777475022706,0.1833032529531741,0.0769230769230769,0.1752954931959934,0.1545893719806763,0.5676321105858116,0.0995674585330421,0.2771084337349397,0.0889175257731958,0.2572745719265434,0.5501282494693749,0.2994097164144378,0.6803776746919507,0.5085105935477355,0.5213675213675214,0.5535714285714286,0.5365853658536585,0.4787878787878788,0.8166666666666667,9.334319,-20.523514,0
0.2883046237533998,0.1312333074949419,0.4138576779026217,0.3627493866136204,0.1852861035422343,0.392513005341738,0.0590372388737511,0.3237252944512404,0.4391343552750225,0.3437700140238227,0.1726078799249531,0.3701612324083733,0.0581289736603088,0.1664036787398055,0.0714932126696832,0.1891838687082663,0.4698067632850241,0.7011355859792647,0.0161139698889217,0.2329317269076305,0.4394329896907216,0.3106944244579294,0.7684453315727073,0.1352133216289238,0.7099849068039901,0.6768969764913939,0.2051282051282051,0.2083333333333333,0.1829268292682926,0.1212121212121212,0.2611111111111111,-3.6901596,-48.930393,1
0.0679963735267452,0.1892040235486657,0.0655430711610486,0.1878187649668867,0.0590372388737511,0.1788842651956785,0.0608537693006357,0.3335888967523787,0.0685302073940486,0.1494435543238211,0.0628517823639774,0.3175833467133757,0.0118074477747502,0.062307081495383,0.1194570135746606,0.2511187385067692,0.1207729468599033,0.6192826951817589,0.2012544136864234,0.2289156626506024,0.0682989690721649,0.2967479519687786,0.6495401585709918,0.3922751379752422,0.6811882489867156,0.5414707328716948,0.4871794871794873,0.5535714285714286,0.548780487804878,0.5515151515151515,0.7444444444444445,2.646978,4.5774164,0
0.042611060743427,0.17493015870117,0.047752808988764,0.2550143693955795,0.0163487738419618,0.1049018556847191,0.064486830154405,0.3738217155227271,0.0631199278629395,0.1761296526638166,0.0403377110694183,0.180871938499925,0.0408719346049046,0.178460298605673,0.0461538461538461,0.1948264740180759,0.0567632850241545,0.6479075673053997,0.3260289961434137,0.0321285140562249,0.0631443298969072,0.6046377262310024,0.7113940348188716,0.4696889189341905,0.7654757903051147,0.5363163911186924,0.4957264957264957,0.3214285714285714,0.371951219512195,0.3515151515151515,0.361111111111111,3.2398436,21.87591,1
0.2112420670897552,0.433370529071941,0.0627340823970037,0.1716933368126222,0.0663033605812897,0.1818717769650498,0.0663033605812897,0.3371366947345109,0.0721370604147881,0.1506093179327493,0.0656660412757973,0.1801089838027496,0.0663033605812897,0.1833875325325376,0.0687782805429864,0.1818717769650498,0.1159420289855072,0.8069096178236472,0.1138434269451738,0.2008032128514056,0.0721649484536082,0.3686667574794075,0.8745244359533191,0.3495305269144823,0.7674307562235894,0.7524607339620867,0.6581196581196582,0.5357142857142857,0.5243902439024389,0.4727272727272728,0.7611111111111112,13.7590065,-23.74402,1
0.0670897552130553,0.1817874498204099,0.0692883895131086,0.183238390432796,0.0653950953678474,0.1762576608883788,0.0690281562216167,0.2177969598351763,0.0739404869251578,0.1493935480656238,0.0684803001876172,0.1774452434447198,0.0708446866485013,0.1819454152856504,0.07420814479638,0.1846788350033852,0.1231884057971014,0.585228975886868,0.1177678714348613,0.2208835341365461,0.0734536082474226,0.2288457492212952,0.633722593887469,0.1824249031149519,0.594429015124056,0.5804117277441879,0.4017094017094017,0.5416666666666667,0.5365853658536585,0.4848484848484849,0.7611111111111112,-26.762169,-6.43186,1
0.0933816863100634,0.1715015131415501,0.1048689138576779,0.177634740736834,0.1044504995458674,0.1911662580253161,0.0971843778383288,0.3482369593272553,0.1000901713255184,0.1542392525364192,0.0909943714821763,0.1844652090092028,0.0881017257039055,0.1736756468924838,0.0977375565610859,0.1772502117969615,0.1871980676328502,0.6718341313225481,0.2234821156638509,0.3493975903614458,0.1005154639175257,0.287976935318238,0.5950338375663732,0.6413638340023617,0.7188982502955641,0.6054041854550497,0.5042735042735043,0.5773809523809524,0.5609756097560975,0.503030303030303,0.6611111111111112,22.285963,25.814821,0
0.2701722574796011,0.5318819757668176,0.0627340823970037,0.1676835614780988,0.0690281562216167,0.0524384026091668,0.2888283378746594,0.6449362802751429,0.0748422001803426,0.1493856105643227,0.0694183864915572,0.1859172840780205,0.0663033605812897,0.0557993441516875,0.2705882352941176,0.5185495217544849,0.1243961352657004,0.6745299020850114,0.1015945852300372,0.2208835341365461,0.0747422680412371,0.2890025320570579,0.7282574772345092,0.2176581114523987,0.6680600383510984,0.6700287324330177,0.4786324786324787,0.5238095238095238,0.5304878048780487,0.4787878787878788,0.7611111111111112,15.285088,-30.882915,1
0.098821396192203,0.1841374203725089,0.1001872659176029,0.1741761440427671,0.1026339691189827,0.1912706903967798,0.0953678474114441,0.3505145848787933,0.0991884580703336,0.153237166342742,0.0909943714821763,0.1820000583109773,0.0899182561307901,0.1715478296105799,0.1013574660633484,0.1784621167934847,0.1835748792270531,0.6194929587324894,0.1827019677198337,0.3413654618473896,0.0992268041237113,0.2564861575995752,0.603358838220495,0.4923072701439392,0.621186051231483,0.5418336727884461,0.6068376068376068,0.5773809523809524,0.5548780487804877,0.496969696969697,0.6555555555555557,25.503317,6.136737,0
0.0435176790571169,0.0964636434063858,0.1217228464419475,0.224625346044401,0.0862851952770208,0.1923280681578494,0.0790190735694822,0.3426243489937757,0.0838593327321911,0.147155322462877,0.0806754221388367,0.188542189010114,0.0753860127157129,0.1819454152856504,0.0787330316742081,0.1692738357689057,0.1533816425120772,0.602227070861005,0.1217503250322834,0.2891566265060241,0.0837628865979381,0.282963306398968,0.5591803725316833,0.3755708704578391,0.7166337143475192,0.5397970562003193,0.5726495726495727,0.5773809523809524,0.5609756097560975,0.503030303030303,0.8833333333333333,-2.1024709,-5.74299,0
0.0725294650951949,0.1831817656813219,0.0739700374531835,0.1804660584779517,0.0717529518619436,0.1805049415150106,0.072661217075386,0.2158566278573636,0.0775473399458972,0.1427666503447043,0.0778611632270168,0.1914851745736857,0.0708446866485013,0.184752220665498,0.0723981900452488,0.0250274090730553,0.1292270531400966,0.6376723909846175,0.0810598790190144,0.2289156626506024,0.0773195876288659,0.2657439711260624,0.6913222016505199,0.1344840362021537,0.64491362381865,0.6216900908578448,0.4188034188034188,0.5297619047619048,0.5365853658536585,0.4848484848484849,0.7722222222222223,-36.82524,-16.386858,1
0.0607434270172257,0.1802827924165479,0.0636704119850187,0.1773447616616583,0.0635785649409627,0.1707922631183746,0.0708446866485013,0.3417159197413974,0.0685302073940486,0.143527296672973,0.0675422138836773,0.183013133940385,0.0663033605812897,0.1750213424115233,0.07420814479638,0.1846788350033852,0.1171497584541062,0.6300910082106647,0.2290619941688021,0.216867469879518,0.0682989690721649,0.3228846264189772,0.6685401687952134,0.4077301528747783,0.6630974349795635,0.5258397177028584,0.5042735042735043,0.5416666666666667,0.5426829268292682,0.5515151515151515,0.8222222222222222,0.3536937,10.532492,0
0.2529465095194922,0.5230279105173186,0.0580524344569288,0.1606131846805092,0.0690281562216167,0.0532620971776434,0.2851952770208901,0.6301197133259572,0.0748422001803426,0.1493856105643227,0.0694183864915572,0.1859172840780205,0.0663033605812897,0.180522918681578,0.0705882352941176,0.1833041456215977,0.1195652173913043,0.6893218645594842,0.1229071086058628,0.2048192771084337,0.0747422680412371,0.3006770009565618,0.743353446956371,0.2716623234066824,0.674043665750492,0.650479499867833,0.5384615384615385,0.494047619047619,0.5182926829268292,0.4727272727272728,0.7444444444444445,15.656825,-30.01261,1
0.0843155031731641,0.1744057776155811,0.0926966292134831,0.1883154320850411,0.0844686648501362,0.1952772784942801,0.0753860127157129,0.3416038743876885,0.1235347159603246,0.1956672716319866,0.0797373358348968,0.2018901098350154,0.0663033605812897,0.1750213424115233,0.07420814479638,0.1846788350033852,0.1920289855072463,0.6186551646795383,0.3977899187520369,0.2931726907630522,0.1237113402061855,0.2863018739847828,0.6958195104165792,0.713302374051066,0.6752437287528225,0.6262556716218145,0.3846153846153847,0.4523809523809524,0.4878048780487805,0.5212121212121213,0.4611111111111111,11.991825,35.803295,0
0.041704442429737,0.2415438438594999,0.0187265917602996,0.0713733670177362,0.1099000908265213,0.3784500513896828,0.0245231607629427,0.2591137010435018,0.1226330027051397,0.256256515278096,0.0469043151969981,0.1034992544182411,0.1144414168937329,0.3030947093991489,0.0515837104072398,0.1121631690130522,0.1292270531400966,0.6965297556248752,0.1511254917369789,0.0883534136546184,0.1224226804123711,0.2891308256138469,0.7397871179680885,0.4339048339372705,0.8083694514041466,0.5817450590914679,0.3418803418803419,0.3511904761904761,0.3231707317073171,0.3212121212121212,0.3833333333333333,6.937187,0.24214579,1
0.0362647325475974,0.1916528922325238,0.0327715355805243,0.1793365899037558,0.0317892824704813,0.1708651546568396,0.0372388737511353,0.3339503148420346,0.0378719567177637,0.1435806993854887,0.0347091932457786,0.1825552724321993,0.0345140781108083,0.1800783884928054,0.0389140271493212,0.2515803849170473,0.0579710144927536,0.7172568516850499,0.4991027410668907,0.1164658634538152,0.0373711340206185,0.3350523789551266,0.589948456185418,0.7170380417754507,0.5750463590781292,0.8020959102213706,0.4444444444444445,0.5357142857142857,0.5365853658536585,0.5151515151515152,0.85,5.745122,41.520554,0
0.0335448776065276,0.1779847701997405,0.0365168539325842,0.1758455052198777,0.0372388737511353,0.1856061666767639,0.0354223433242506,0.341362671298977,0.0432822362488728,0.1561135248616304,0.0328330206378986,0.1825202277243644,0.0326975476839237,0.1800444425511173,0.03710407239819,0.1781373872533356,0.0676328502415458,0.768110093941354,0.4448640807979588,0.1285140562248996,0.0438144329896907,0.3699488388466606,0.658928334964969,0.6724037056673146,0.5775089565693479,0.7681302387886535,0.4700854700854701,0.5357142857142857,0.5365853658536585,0.496969696969697,0.7388888888888889,7.2759814,39.330284,0
0.0734360834088848,0.0224682864027106,0.5308988764044944,0.5038646078191432,0.1634877384196185,0.3506661919345294,0.0608537693006357,0.3302328716341455,0.0757439134355275,0.1517271734481599,0.0684803001876172,0.1734520682275203,0.0735694822888283,0.0337126642469161,0.416289592760181,0.34775463385421,0.1268115942028985,0.739283275645057,0.0572278016679083,0.2248995983935743,0.0760309278350515,0.3362304834724742,0.8131541547784611,0.1661236081879603,0.7230357716728596,0.6962215015178477,0.7008547008547009,0.5297619047619048,0.5304878048780487,0.4787878787878788,0.7666666666666667,-29.299356,13.453266,1
0.0734360834088848,0.1889013062536349,0.0711610486891385,0.036933038370906,0.3705722070844686,0.1586785247813907,0.4250681198910082,0.5279935611895147,0.0757439134355275,0.0630494089117914,0.2110694183864915,0.4369981467127073,0.0572207084468664,0.1662979526408541,0.0705882352941176,0.0574332702077649,0.1268115942028985,0.7197663726834289,0.0847399580479987,0.2248995983935743,0.0760309278350515,0.3192450903680386,0.7789172757783525,0.1857549115165296,0.7022448039693685,0.6829566328209152,0.3931623931623931,0.5119047619047619,0.5365853658536585,0.4848484848484849,0.788888888888889,-23.568855,-16.536615,1
0.0616500453309156,0.1664499753503767,0.0739700374531835,0.1846524657923139,0.0690281562216167,0.1804776048060098,0.069936421435059,0.2292658221054997,0.0757439134355275,0.1493777803265527,0.0703564727954971,0.0266529883176249,0.4595821980018165,0.5015412680346655,0.1447963800904977,0.3123900216411303,0.1280193236714976,0.6600541372813317,0.0876642330419459,0.2289156626506024,0.0760309278350515,0.2775230394044476,0.7187000884880155,0.1863471745797734,0.6479223670396684,0.6304599282555291,0.6410256410256411,0.5297619047619048,0.5365853658536585,0.4787878787878788,0.75,-29.760729,-11.0463,1
0.0725294650951949,0.1845947971913738,0.0730337078651685,0.1804476986636811,0.0708446866485013,0.1764749815107016,0.0744777475022706,0.3393856674111451,0.0766456266907123,0.1470985588649179,0.073170731707317,0.1844652090092028,0.0708446866485013,0.1833394619576414,0.0733031674208144,0.1861396509212945,0.1268115942028985,0.6214545721723022,0.0729950026546023,0.2208835341365461,0.0773195876288659,0.3000303801471469,0.5955346194666503,0.2740750916786245,0.7248127818546208,0.5449546368089883,0.5213675213675214,0.5476190476190476,0.5243902439024389,0.4727272727272728,0.8388888888888889,-0.87380284,-17.957045,0
0.0643699002719855,0.1847752695223644,0.0646067415730337,0.1802708238332443,0.0626702997275204,0.1818717769650498,0.0626702997275204,0.3336532588779338,0.0676284941388638,0.1519571292340302,0.0600375234521576,0.170043238937952,0.067211625794732,0.1791386099058029,0.0723981900452488,0.1832847892884011,0.1135265700483091,0.6443858133183863,0.2130371952694841,0.2048192771084337,0.0682989690721649,0.3241689514453597,0.6809525748638185,0.4034627123198646,0.677492198537526,0.5405427516831479,0.4786324786324787,0.5416666666666667,0.5365853658536585,0.5393939393939393,0.7277777777777777,0.24751496,9.68859,0
0.0371713508612874,0.1799365880581371,0.0393258426966292,0.1889846784846552,0.033605812897366,0.1818717769650498,0.033605812897366,0.3430296776924552,0.0441839495040577,0.1544214500261787,0.0347091932457786,0.1825552724321993,0.0345140781108083,0.1918089530591713,0.0334841628959276,0.1779990765232721,0.0688405797101449,0.9776359505526424,0.4325431834211491,0.1325301204819277,0.0438144329896907,0.5614879043911339,0.9502044611994832,0.77761005960486,0.7351236164394488,0.9348743743090596,0.4786324786324787,0.5297619047619048,0.5365853658536585,0.5090909090909091,0.8277777777777777,2.5828145,37.22932,0
0.0625566636446056,0.3131125483481775,0.0140449438202247,0.0626902248340912,0.1162579473206176,0.2511187385067692,0.0708446866485013,0.3371745446418594,0.0189359783588818,0.0496882596627617,0.122889305816135,0.2569925374464665,0.0717529518619436,0.1875969558477759,0.0714932126696832,0.1847365142781456,0.073671497584541,0.6367777597302096,0.2408717545922045,0.2248995983935743,0.0193298969072164,0.3223244015366535,0.6902379438852809,0.4029373804034988,0.6840296187643864,0.5518846566518972,0.6410256410256411,0.6845238095238095,0.6890243902439023,0.7212121212121212,0.95,8.552585,6.5701356,0
0.070716228467815,0.1711302585268142,0.0805243445692883,0.1767353895510623,0.0808356039963669,0.1756105247537925,0.0853769300635785,0.3456873673036094,0.0910730387736699,0.1492591878163263,0.0863039399624765,0.3699677990506659,0.0136239782016348,0.1972459275392096,0.0117647058823529,0.0405258643983512,0.213768115942029,0.7610552488745614,0.4922915137941283,0.465863453815261,0.0914948453608247,0.3322216382723097,0.8047692761053435,0.6823081507774627,0.72886518933361,0.7968871967176661,0.6495726495726496,0.6130952380952381,0.6402439024390242,0.6606060606060606,0.5777777777777778,7.512739,41.14414,0
0.0861287398005439,0.193776790025705,0.0805243445692883,0.3912685654747876,0.0054495912806539,0.0346221332012797,0.176203451407811,0.4286917051028625,0.0793507664562669,0.1438864894399577,0.0787992495309568,0.1817985051092356,0.0781108083560399,0.1819454152856504,0.0814479638009049,0.1742672015521046,0.1316425120772947,0.7048714571893285,0.3093869998178177,0.2289156626506024,0.0798969072164948,0.451963769379813,0.7705749817998381,0.6427926342692055,0.9092175111641926,0.6868005117341145,0.6923076923076924,0.5119047619047619,0.5243902439024389,0.4848484848484849,0.4833333333333334,6.7029934,32.9424,0
0.0344514959202175,0.1674867743238755,0.0430711610486891,0.1729604768441048,0.0454132606721162,0.1907330406877613,0.0408719346049046,0.32630077291294,0.0631199278629395,0.1520984320317451,0.0553470919324577,0.1877267930099317,0.0517711171662125,0.2268936491021808,0.0343891402714932,0.1690307176054713,0.1026570048309178,0.6621064055503398,0.1933418370207428,0.1847389558232931,0.0631443298969072,0.3017142113104669,0.7223180167522638,0.4709348280412183,0.7773262447323194,0.560108658741,0.3504273504273504,0.5416666666666667,0.5365853658536585,0.4909090909090909,0.4944444444444445,7.43046,15.186188,1
0.0652765185856754,0.0552590629945466,0.2724719101123595,0.5292739847965805,0.0581289736603088,0.1663286414081854,0.0681198910081744,0.2362569704145155,0.0739404869251578,0.1505764547250473,0.0675422138836773,0.0564524926964366,0.2661217075386012,0.5274265470399273,0.0624434389140271,0.1638675669642028,0.1268115942028985,0.6168771403294457,0.0840834583503799,0.2329317269076305,0.0734536082474226,0.2637632588547163,0.6875225747638327,0.1344796850670488,0.6213925535059275,0.5842278728210077,0.4188034188034188,0.5595238095238095,0.548780487804878,0.496969696969697,0.7777777777777778,-32.32412,12.470811,1
0.0589301903898458,0.1701681509794757,0.0683520599250936,0.0530196788774012,0.2761126248864669,0.5318979785963567,0.0617620345140781,0.3313835088175397,0.2533814247069432,0.4244077636014587,0.0553470919324577,0.0567525824746326,0.2352406902815622,0.4833055046719276,0.0606334841628959,0.0586707629109151,0.286231884057971,0.7002895011154061,0.0436925077770782,0.2008032128514056,0.2538659793814433,0.3218370344331789,0.7869768796803838,0.1952726604375345,0.7049974547364644,0.6414220579976433,0.2905982905982906,0.2916666666666667,0.274390243902439,0.2121212121212121,0.3833333333333333,-6.0203485,-45.670567,1
0.0607434270172257,0.1703273194567487,0.0702247191011236,0.1789961643542423,0.0690281562216167,0.1921807964509085,0.0626702997275204,0.3271594591574477,0.0820559062218214,0.1471416738907563,0.0787992495309568,0.1817985051092356,0.0781108083560399,0.1901456898267737,0.0760180995475113,0.1874858930417207,0.1340579710144927,0.5735418723721274,0.1032011457989772,0.2289156626506024,0.0824742268041237,0.264223689927325,0.5536148137991681,0.2811904495336111,0.6942556165290187,0.5287332422466423,0.5042735042735043,0.5416666666666667,0.5182926829268292,0.4666666666666667,0.8,-3.5966978,-13.897478,0
0.0498640072529465,0.0924244787346798,0.1395131086142322,0.3827481555371703,0.036330608537693,0.1915535280694939,0.0317892824704813,0.3293850337095392,0.0261496844003606,0.0973746001728248,0.0572232645403377,0.2261086475899394,0.0354223433242506,0.1819454152856504,0.0389140271493212,0.1818717769650498,0.0471014492753623,0.9533897115523084,0.4921533203895629,0.1164658634538152,0.0257731958762886,0.4474286931108504,0.8733388731818122,0.8904654130925213,0.7153570742944173,0.977541206264313,0.4273504273504274,0.5654761904761905,0.5792682926829268,0.5575757575757576,0.8666666666666667,1.1786752,39.454258,0
0.0652765185856754,0.1817874498204099,0.0674157303370786,0.1817752152344059,0.064486830154405,0.179007039651954,0.0663033605812897,0.3382873319179051,0.0685302073940486,0.1412734842345546,0.0694183864915572,0.064664719751656,0.2406902815622161,0.4741020050539649,0.0651583710407239,0.1733360290525603,0.1207729468599033,0.7657217795069651,0.0831791743661685,0.2289156626506024,0.0682989690721649,0.3470654876099379,0.8520368232283279,0.2091132390318102,0.7166496165777475,0.7125090488872255,0.7094017094017094,0.5654761904761905,0.5609756097560975,0.503030303030303,0.788888888888889,-20.14266,-16.977238,1
0.0580235720761559,0.1660297705703758,0.0702247191011236,0.1789961643542423,0.0690281562216167,0.1832847892884011,0.0681198910081744,0.3394379691012994,0.0712353471596032,0.1425101362829086,0.0712945590994371,0.0634952202789937,0.2488646684831971,0.502474394612035,0.0615384615384615,0.1689804590561187,0.1256038647342995,0.6706260402761075,0.0599561483522651,0.2369477911646586,0.0708762886597938,0.2873991569677955,0.7326614432835735,0.1208319847931509,0.672991065325957,0.6240402241217544,0.4188034188034188,0.5535714285714286,0.5548780487804877,0.503030303030303,0.7666666666666667,-37.09811,-19.476202,1
0.1242067089755213,0.1577577509408609,0.1535580524344569,0.4146290968067694,0.0354223433242506,0.1958134985554493,0.0290644868301544,0.249871324712089,0.1379621280432822,0.1466780567114001,0.1378986866791745,0.1835059195972236,0.1344232515894641,0.1791448750963829,0.1402714932126696,0.4105420703402939,0.2536231884057971,0.5656813976919516,0.750839675879394,0.4538152610441767,0.1378865979381443,0.2213254314234113,0.5517227158678853,0.8982764599648201,0.5766267995263621,0.3386091831027829,0.0598290598290598,0.119047619047619,0.1036585365853658,0.0606060606060605,0.0944444444444444,1.025961,44.57474,0
0.0961015412511332,0.1866232273727062,0.095505617977528,0.1882253070852971,0.0871934604904632,0.1770364978007494,0.0908265213442325,0.3273158508827299,0.0991884580703336,0.1364468923529374,0.1078799249530956,0.1938875627890866,0.0971843778383288,0.1916713222995408,0.0932126696832579,0.1806629571739747,0.1702898550724637,0.6603959847393778,0.2015914862153869,0.2971887550200803,0.0992268041237113,0.2865418645810756,0.6051933314290803,0.5509081531355655,0.6587099363118977,0.6249218771489402,0.4786324786324787,0.5476190476190476,0.5304878048780487,0.4727272727272728,0.6611111111111112,24.62689,13.756582,0
0.6881233000906618,0.7510809885470768,0.1423220973782771,0.3155008842785092,0.0581289736603088,0.1703338004764433,0.0653950953678474,0.3406529775956528,0.0730387736699729,0.1425858528271662,0.073170731707317,0.1947709084559507,0.064486830154405,0.1749284018360316,0.0723981900452488,0.1861688829346935,0.1231884057971014,0.6886951652827271,0.0961467559039701,0.2208835341365461,0.0734536082474226,0.2963759818257,0.7436538296116334,0.2355082405248623,0.6630900630282318,0.6571002362341188,0.6410256410256411,0.5297619047619048,0.5304878048780487,0.4787878787878788,0.7722222222222223,12.126924,-35.797134,1
0.0834088848594741,0.1780076779082988,0.0889513108614232,0.1807300900926987,0.0862851952770208,0.1843913652042786,0.0844686648501362,0.3491298746075815,0.0865644724977457,0.152566981308754,0.0787992495309568,0.2430676532499437,0.0454132606721162,0.1133857428926533,0.1031674208144796,0.2180666310939716,0.1485507246376811,0.5465187744588558,0.0804618933611574,0.2650602409638554,0.086340206185567,0.2474698805852893,0.5066297812945258,0.2419867600877935,0.659469002474658,0.4737867358334414,0.4786324786324787,0.5595238095238095,0.5365853658536585,0.4787878787878788,0.8666666666666667,-5.2561216,-17.372295,0
0.3608340888485947,0.1831338921753679,0.3698501872659176,0.1846035992572118,0.3542234332425068,0.6846963681482086,0.0572207084468664,0.3300075720457886,0.0739404869251578,0.1567444680206123,0.0628517823639774,0.1785762378967754,0.064486830154405,0.1834077020045221,0.0669683257918552,0.1734506028500434,0.1256038647342995,0.6533323627678456,0.1076740633920143,0.2289156626506024,0.0734536082474226,0.2766665228677135,0.7239651554454162,0.2306144926988646,0.6392627898210083,0.619802947228827,0.6837606837606839,0.5476190476190476,0.5426829268292682,0.4909090909090909,0.7722222222222223,5.7302766,-35.451378,1
0.0915684496826835,0.2909882937944991,0.0393258426966292,0.1101642071143552,0.0908265213442325,0.2793456779148769,0.0408719346049046,0.280026735865377,0.1082055906221821,0.2868486588330391,0.0272045028142589,0.0912770947026593,0.0990009082652134,0.3188154521720338,0.03710407239819,0.260293960911047,0.1292270531400966,0.6359081907537979,0.0991775285874631,0.1325301204819277,0.1082474226804123,0.323805767873254,0.7254451323019968,0.2273397429988702,0.7866089354103425,0.5677364529194232,0.2905982905982906,0.4166666666666666,0.3902439024390243,0.3333333333333333,0.3777777777777777,9.527598,-23.990997,1
0.1323662737987307,0.1808280581729933,0.1376404494382022,0.3863429260795915,0.0345140781108083,0.1763684658109447,0.0372388737511353,0.2571910537184073,0.0387736699729486,0.1482267353743558,0.0328330206378986,0.0770116539166918,0.1326067211625794,0.1838726687492324,0.1339366515837104,0.4504333612853771,0.0628019323671497,0.6684226151085583,0.4597518008184733,0.1285140562248996,0.0386597938144329,0.2759578473803695,0.6155989796348054,0.6388768958002822,0.468707370467281,0.7012882280398819,0.4102564102564102,0.5416666666666667,0.548780487804878,0.5151515151515152,0.8055555555555555,10.961815,40.861954,0
0.0752493200362647,0.1888058182478198,0.0730337078651685,0.0248643069590541,0.4786557674841054,0.3882277223593735,0.2079927338782924,0.5420005062480305,0.0730387736699729,0.1436839446296857,0.0722326454033771,0.1750128477332047,0.0762942779291553,0.1946613815504327,0.0714932126696832,0.0601770885064778,0.1292270531400966,0.7448015147385708,0.1135744423557925,0.2409638554216867,0.0734536082474226,0.3342368815701714,0.8078464049119944,0.2994717736318919,0.7135098623927428,0.688740026361326,0.4358974358974359,0.5357142857142857,0.548780487804878,0.503030303030303,0.7444444444444445,-11.066165,-12.046847,1
0.0625566636446056,0.1665515480289863,0.0749063670411985,0.1904540489454046,0.0663033605812897,0.1833140240261256,0.0653950953678474,0.3359860575511167,0.2578899909828674,0.4080482204112431,0.0619136960600375,0.1756926727313799,0.0653950953678474,0.1777067598640563,0.0714932126696832,0.1763684658109447,0.2983091787439613,0.7255449717791577,0.0461709163532635,0.2289156626506024,0.2577319587628865,0.3212332499558201,0.8002210690902931,0.1964093657732097,0.7397632851779924,0.688560871102194,0.3076923076923077,0.3095238095238095,0.2865853658536585,0.2303030303030303,0.4166666666666666,-5.993642,-45.79134,1
0.128739800543971,0.176990491583327,0.1376404494382022,0.1739972839166482,0.1407811080835604,0.1955529056285259,0.1280653950953678,0.3457131513990299,0.0450856627592425,0.0535121793078749,0.174484052532833,0.2442878264483167,0.1171662125340599,0.1730261593274145,0.1285067873303167,0.1828676142215069,0.0422705314009661,0.0,1.0,0.0401606425702811,0.0451030927835051,0.1778680896531639,0.3596844373505075,0.1920287982513998,0.0,0.0,0.3162393162393163,0.4166666666666666,0.4329268292682926,0.7090909090909091,0.4666666666666667,12.669071,45.09449,1
0.2665457842248413,0.5423325586308895,0.0589887640449438,0.1633075715141853,0.0681198910081744,0.1790834326469699,0.069936421435059,0.3441198721233862,0.2533814247069432,0.4019203551981088,0.0619136960600375,0.0552386856095318,0.257039055404178,0.5122738658226345,0.0624434389140271,0.1664329577542047,0.2958937198067632,0.6716171325809678,0.0479829538785005,0.2329317269076305,0.2538659793814433,0.2896580559353037,0.731119020923062,0.1275075414673556,0.655254936716159,0.6344443157138677,0.3504273504273504,0.3095238095238095,0.2926829268292683,0.2303030303030303,0.3944444444444444,17.224236,-36.74674,1
0.0625566636446056,0.1788417120860885,0.0664794007490636,0.1760718180325181,0.067211625794732,0.1833041456215977,0.0663033605812897,0.3382873319179051,0.0694319206492335,0.1380731467894144,0.073170731707317,0.1858785620761853,0.069936421435059,0.1876743742116406,0.069683257918552,0.1924032932743443,0.1159420289855072,0.6559883172598441,0.1761391064444453,0.2088353413654618,0.0695876288659793,0.3074806361099551,0.6595169401406082,0.3536224601058856,0.6852417131738616,0.5536035839842065,0.4871794871794873,0.5357142857142857,0.5365853658536585,0.5272727272727273,0.7277777777777777,2.394255,1.204615,0
0.0834088848594741,0.179252330073297,0.0880149812734082,0.1939745549458238,0.0762942779291553,0.1754172762287537,0.0808356039963669,0.341478721841659,0.0613165013525698,0.145702962738428,0.0581613508442776,0.1726049035520063,0.0635785649409627,0.1849114720345673,0.0651583710407239,0.1879776404352977,0.1062801932367149,0.5296234451618389,0.0464407259600008,0.2008032128514056,0.0618556701030927,0.1987499832364674,0.5936827648117645,0.0916689864124045,0.6984201859522348,0.4890152393106957,0.6581196581196582,0.5476190476190476,0.5426829268292682,0.503030303030303,0.7777777777777778,-40.46604,-17.674429,0
0.0643699002719855,0.0558303447380142,0.2677902621722846,0.5297182774115661,0.0563124432334241,0.1635026167614829,0.0681198910081744,0.3429857670834316,0.0685302073940486,0.1446776801050823,0.0666041275797373,0.0567949181519369,0.2624886466848319,0.1684372110996917,0.2877828054298642,0.5678319371698598,0.1171497584541062,0.7223907721383142,0.021625528359476,0.216867469879518,0.0682989690721649,0.3268873879770068,0.7925012986237456,0.0642166630556208,0.7459492441025463,0.6541851479736587,0.7008547008547009,0.5178571428571429,0.5426829268292682,0.503030303030303,0.8166666666666667,-32.658936,14.860954,1
0.0906618313689936,0.1947779702636903,0.0842696629213483,0.1872389707220651,0.0772025431425976,0.1818717769650498,0.0772025431425976,0.3361730360934182,0.078449053201082,0.1428014279563581,0.0787992495309568,0.1817985051092356,0.0781108083560399,0.1707432545285804,0.0895927601809954,0.1794114731549793,0.143719806763285,0.609208204267585,0.0915827352606424,0.2730923694779116,0.0786082474226804,0.2902967836614787,0.5920043915173285,0.3377553720033837,0.7152890066786389,0.518035148724037,0.5726495726495727,0.5773809523809524,0.5548780487804877,0.496969696969697,0.8388888888888889,4.6402,-11.381224,0
0.1033544877606527,0.1700495867055886,0.1170411985018726,0.1910419914908764,0.1053587647593097,0.1818717769650498,0.1053587647593097,0.344792857531711,0.1045987376014427,0.1540674663317889,0.0956848030018761,0.1832606467362063,0.0935513169845594,0.1831403124330713,0.0959276018099547,0.172729664446755,0.1859903381642512,0.6278687352210498,0.177804908078501,0.3333333333333333,0.104381443298969,0.2618249999598492,0.59608110592406,0.4783923500615047,0.6703117649235106,0.6265944069667791,0.5042735042735043,0.5595238095238095,0.5426829268292682,0.4909090909090909,0.6944444444444444,24.688047,5.2691927,0
0.0625566636446056,0.1863673194365445,0.0617977528089887,0.180206775633254,0.0599455040871934,0.1718451963692145,0.0663033605812897,0.3316106082616307,0.0676284941388638,0.1446528615367658,0.0656660412757973,0.1801089838027496,0.0663033605812897,0.180522918681578,0.0705882352941176,0.1749926380224185,0.1159420289855072,0.6349674835796572,0.223166017891887,0.2128514056224899,0.0682989690721649,0.3350037001839976,0.6834331142558867,0.4214503267027248,0.6444197841279999,0.5455205898374513,0.4871794871794873,0.5416666666666667,0.5365853658536585,0.5515151515151515,0.8,1.7252055,14.153389,0
0.128739800543971,0.143323564002145,0.1779026217228464,0.1933924737372861,0.1598546775658492,0.2305297656840184,0.1171662125340599,0.3558486961431515,0.0613165013525698,0.2610866929372537,0.0065666041275797,0.1266462199053701,0.033605812897366,0.2434474743440743,0.0144796380090497,0.0487104617746955,0.0652173913043478,0.5747966436952068,0.1546086571261402,0.0642570281124498,0.0618556701030927,0.2020976508782246,0.5816499875826727,0.2096726452683117,0.7221276795347923,0.4909349786058485,0.5128205128205129,0.4226190476190476,0.4085365853658536,0.4,0.4055555555555555,-24.987421,-4.3919716,1
0.2692656391659112,0.542760333812098,0.0599250936329588,0.1647312014369432,0.0681198910081744,0.1861985181482772,0.0653950953678474,0.3371288136579123,0.0730387736699729,0.1494015950497016,0.0675422138836773,0.1815808149949526,0.067211625794732,0.0469076412759255,0.3131221719457013,0.6252814185243726,0.1292270531400966,0.7753886377922011,0.1029947678447848,0.2409638554216867,0.0734536082474226,0.3530028683867822,0.8363887596686903,0.2758917969311638,0.7449771520452124,0.7223973906200074,0.4188034188034188,0.5357142857142857,0.5548780487804877,0.503030303030303,0.7833333333333334,16.169136,-30.306263,1
0.0698096101541251,0.1846524824113251,0.0702247191011236,0.1803911305872801,0.0681198910081744,0.1790834326469699,0.069936421435059,0.1993119773666135,0.0748422001803426,0.144842205846042,0.073170731707317,0.1844652090092028,0.0708446866485013,0.023848361370038,0.497737556561086,0.4905414929764949,0.1268115942028985,0.7075252556044473,0.1192748772686216,0.2289156626506024,0.0747422680412371,0.3102561845600819,0.780990233000079,0.2688578140920003,0.6648730527219657,0.6720489561782266,0.5555555555555556,0.5357142857142857,0.5426829268292682,0.4909090909090909,0.7777777777777778,-13.982517,-11.046446,1
0.0734360834088848,0.1831725318014484,0.0749063670411985,0.1860665411518318,0.0690281562216167,0.0498740416104009,0.3006357856494096,0.2857546575074455,0.0721370604147881,0.1425482469435182,0.0722326454033771,0.1830612158963062,0.0708446866485013,0.184752220665498,0.0723981900452488,0.1804776048060098,0.1231884057971014,0.6340399884694615,0.0783193548251074,0.2248995983935743,0.0721649484536082,0.2640143587046289,0.686968172921896,0.1388464243609629,0.6488060182557315,0.6126141452928159,0.7008547008547009,0.5297619047619048,0.5426829268292682,0.4909090909090909,0.7777777777777778,-36.62189,-16.1972,1
0.0970081595648232,0.1865954355476929,0.096441947565543,0.183238390432796,0.0917347865576748,0.1843034725912822,0.0899182561307901,0.3316727751485606,0.1000901713255184,0.1399392117185388,0.1050656660412758,0.1705458227434653,0.1135331516802906,0.2003284483228936,0.102262443438914,0.1773744474197596,0.178743961352657,0.6225915032090609,0.2285026759531154,0.321285140562249,0.1005154639175257,0.2682307842817805,0.6025026961622209,0.5960824887640203,0.7263859535631013,0.556359802258292,0.5897435897435899,0.5654761904761905,0.5426829268292682,0.4909090909090909,0.6444444444444445,25.333775,21.840576,0
0.1260199456029011,0.1827881549837439,0.1292134831460674,0.180256825877586,0.1262488646684832,0.4443914281885299,0.0190735694822888,0.2351167140923199,0.1559963931469792,0.1795855520819666,0.1200750469043152,0.1783201956744959,0.1217075386012715,0.282018051382143,0.0642533936651583,0.075836147967645,0.1594202898550724,0.6179410886196102,0.1484626944759591,0.0843373493975903,0.1559278350515464,0.4414312429437492,0.6494234784973594,0.3322275838304017,0.699574329314196,0.5670726755502017,0.3760683760683761,0.2916666666666667,0.2804878048780487,0.2606060606060607,0.4277777777777777,6.9828835,-17.984674,1
0.0652765185856754,0.177489900934037,0.0702247191011236,0.1876586120111492,0.0635785649409627,0.1804195142993832,0.064486830154405,0.3293850337095392,0.0694319206492335,0.1435594846092838,0.0684803001876172,0.1708752756728319,0.0753860127157129,0.1819454152856504,0.0787330316742081,0.1779260067036159,0.1195652173913043,0.6328849024467631,0.0993170733895795,0.2208835341365461,0.0695876288659793,0.3180410120044741,0.6002295877130381,0.3453040796436074,0.7352270678956174,0.5491383617444076,0.5384615384615385,0.5595238095238095,0.5426829268292682,0.4909090909090909,0.8277777777777777,7.678763,-9.540477,0
0.0924750679963735,0.1817874498204099,0.095505617977528,0.1989425316925354,0.0799273387829246,0.1858425204559864,0.0772025431425976,0.3372235352766539,0.0856627592425608,0.1461235915110827,0.0834896810506566,0.1871152460097951,0.0790190735694822,0.1640219580743384,0.0959276018099547,0.188022536490226,0.1545893719806763,0.664219572054634,0.2384269042050503,0.285140562248996,0.086340206185567,0.2980126842273535,0.5904566358332678,0.62103821783801,0.7262873496846065,0.5867873564165076,0.5299145299145299,0.5654761904761905,0.548780487804878,0.496969696969697,0.6722222222222222,22.116003,24.758839,0
0.0698096101541251,0.0545284625149404,0.2874531835205992,0.252976205522261,0.1916439600363306,0.4126847232949973,0.0563124432334241,0.3234301180161053,0.0730387736699729,0.1447967759194875,0.0712945590994371,0.1858976614419554,0.0681198910081744,0.0284999902391655,0.4407239819004525,0.3894984909726123,0.1268115942028985,0.5920486626419872,0.0763231821062351,0.2329317269076305,0.0734536082474226,0.2398673101037792,0.6422096024283895,0.0846594436731831,0.6245324057193886,0.5782747614379389,0.4273504273504274,0.5357142857142857,0.5426829268292682,0.4909090909090909,0.7722222222222223,-33.660965,13.4363365,1
0.0698096101541251,0.0518058305614685,0.299625468164794,0.1331310573230166,0.3996366939146231,0.3572676292313662,0.1871026339691189,0.5086478587830372,0.078449053201082,0.1493549118837938,0.073170731707317,0.1873108863252751,0.0690281562216167,0.0499595608211615,0.3031674208144796,0.1169214357674548,0.1280193236714976,0.6204363300700555,0.0613755687277249,0.2208835341365461,0.0786082474226804,0.2549040817245208,0.6820553890053472,0.094941825672725,0.6443413148612726,0.5948218529786248,0.6666666666666667,0.5297619047619048,0.5243902439024389,0.4727272727272728,0.7777777777777778,-33.30732,13.555316,1
0.0725294650951949,0.1725214266940953,0.0814606741573033,0.1767752852619933,0.0817438692098092,0.1818717769650498,0.0817438692098092,0.3352305186776831,0.0802524797114517,0.1449715509235572,0.0787992495309568,0.1791980547223112,0.0799273387829246,0.1819454152856504,0.0832579185520362,0.1957211692733936,0.1328502415458937,0.6158083891721884,0.0912780421085657,0.2329317269076305,0.0798969072164948,0.2735258621168669,0.5710515249085871,0.3182981220870557,0.7128179705698411,0.5588298659589486,0.5213675213675214,0.5476190476190476,0.5304878048780487,0.4727272727272728,0.8111111111111111,0.70753396,-12.04112,0
0.0834088848594741,0.175562825441338,0.0908239700374531,0.1807595995084646,0.0881017257039055,0.197754750928796,0.0772025431425976,0.3361730360934182,0.0928764652840396,0.2612342774137977,0.0262664165103189,0.075903306762715,0.1217075386012715,0.2467950547738366,0.0805429864253393,0.1930251542373693,0.2814009661835748,0.6387504699134209,0.2850111653425233,0.6867469879518072,0.0927835051546391,0.2930188282805964,0.7457196410168434,0.6837337217308829,0.7089195530405717,0.7005462110950487,0.8290598290598292,0.7202380952380952,0.7195121951219513,0.7333333333333334,0.6444444444444445,15.151262,33.51168,0
0.0689029918404351,0.0365582925819562,0.3838951310861423,0.159870860462204,0.4250681198910082,0.4164207401917709,0.1653042688465031,0.47504178524642,0.2100991884580703,0.3511491895939947,0.0590994371482176,0.1686010419308269,0.067211625794732,0.0575181090253019,0.2660633484162896,0.5149793392499524,0.2560386473429952,0.7068897837287251,0.0499929399598698,0.2369477911646586,0.2100515463917525,0.3162805281717871,0.7835697410489645,0.1773433993141082,0.7168230832013909,0.65250378535645,0.2393162393162393,0.3571428571428571,0.3353658536585366,0.2787878787878788,0.4611111111111111,-12.826336,-51.81764,1
0.070716228467815,0.1890495115959937,0.0683520599250936,0.1847117976255804,0.0635785649409627,0.1804195142993832,0.064486830154405,0.2142486435480066,0.0730387736699729,0.1542676805135448,0.0637898686679174,0.0650084327595918,0.2270663033605812,0.465842511260448,0.0615384615384615,0.1637475388975304,0.1256038647342995,0.7467146005362394,0.0497574710305592,0.2289156626506024,0.0734536082474226,0.3590044808203705,0.8310065971655571,0.130193342578542,0.7262812880589189,0.6815387757292611,0.4358974358974359,0.5535714285714286,0.5426829268292682,0.4909090909090909,0.75,-31.796703,-20.549593,1
0.0716228467815049,0.0578903610926227,0.2780898876404494,0.546886199739343,0.0563124432334241,0.1635026167614829,0.0681198910081744,0.3417868560411939,0.0775473399458972,0.1540607988306959,0.0684803001876172,0.1859272983888399,0.0653950953678474,0.1791004220775056,0.0705882352941176,0.0468218473423846,0.1243961352657004,0.7809941734673014,0.0942218457909587,0.2128514056224899,0.0773195876288659,0.358024175662799,0.8509409484782811,0.2700569742189442,0.762047460012057,0.73805932019444,0.5470085470085471,0.5119047619047619,0.5182926829268292,0.4727272727272728,0.7777777777777778,-26.109377,10.119482,1
0.2520398912058023,0.513324776748398,0.0599250936329588,0.1634413353995451,0.0690281562216167,0.1861688829346935,0.0663033605812897,0.3394538399590013,0.0730387736699729,0.1447967759194875,0.0712945590994371,0.1858976614419554,0.0681198910081744,0.1833679118897228,0.0705882352941176,0.0503759937828726,0.1159420289855072,0.7356914956451639,0.0470930673473098,0.1967871485943775,0.0734536082474226,0.3401279223682809,0.810702520243341,0.1479894976805554,0.7420031444559857,0.6743401012878635,0.4615384615384616,0.494047619047619,0.5182926829268292,0.4666666666666667,0.7944444444444445,13.621311,-31.642056,1
0.0661831368993653,0.174769081393,0.0730337078651685,0.1875677855403612,0.0663033605812897,0.0070905765994676,0.7411444141689373,0.8434428544679609,0.0730387736699729,0.151800609211946,0.0656660412757973,0.1815410302499285,0.0653950953678474,0.049405371850148,0.2959276018099547,0.2544256342212105,0.1219806763285024,0.6809004557489529,0.0990408466883975,0.216867469879518,0.0734536082474226,0.2920579755030719,0.7395155309109248,0.217801062796551,0.669792996308268,0.6498407107358735,0.6495726495726496,0.5357142857142857,0.5365853658536585,0.4848484848484849,0.7833333333333334,-21.771635,-10.116606,1
0.0335448776065276,0.169056739785995,0.0411985018726591,0.0836887824395776,0.1316984559491371,0.1790329648765069,0.1344232515894641,0.3345452154143885,0.0432822362488728,0.1544782822706908,0.0337711069418386,0.2157077504898702,0.0199818346957311,0.130498454771699,0.0515837104072398,0.0925180158629438,0.0700483091787439,0.569676297003385,0.5006205000108209,0.1365461847389558,0.0438144329896907,0.258593916984436,0.5570004262382406,0.650804434750526,0.4182734225288768,0.7135919086011394,0.4273504273504274,0.5416666666666667,0.5426829268292682,0.5090909090909091,0.8333333333333333,8.714361,44.54105,0
0.0389845874886672,0.1893928090617486,0.0365168539325842,0.1794759399226501,0.0354223433242506,0.189617177848605,0.0317892824704813,0.3367355551659882,0.0378719567177637,0.1451009619261883,0.0337711069418386,0.1825379093724083,0.033605812897366,0.1838638281370141,0.0361990950226244,0.1799706331118135,0.0652173913043478,0.7016154498097243,0.4780900137363803,0.1405622489959839,0.0373711340206185,0.3027966880109923,0.635627372874214,0.8012951593122695,0.5591991240841889,0.7429721257152926,0.452991452991453,0.5595238095238095,0.5609756097560975,0.5393939393939393,0.8388888888888889,3.7074351,42.152546,0
0.0752493200362647,0.1752104882123339,0.0823970037453183,0.1872902602129531,0.0753860127157129,0.1669342181181932,0.0862851952770208,0.3353198991817832,0.1118124436429215,0.175399870196769,0.0844277673545966,0.1793872937984869,0.0853769300635785,0.1857705433490402,0.085972850678733,0.1969069669154806,0.1400966183574879,0.6187275249750056,0.0972281818235507,0.1566265060240964,0.1121134020618556,0.3019326613062412,0.5963449687154792,0.3537842291107919,0.7379857429813014,0.5293562641685803,0.3333333333333333,0.4285714285714285,0.4024390243902438,0.3454545454545454,0.6555555555555557,6.9674797,-10.596436,1
0.0616500453309156,0.1788208203291075,0.0655430711610486,0.1817546071330202,0.0626702997275204,0.1789672516337165,0.064486830154405,0.3348354203677225,0.0694319206492335,0.1482267353743558,0.0647279549718574,0.1718292709931334,0.0708446866485013,0.1833394619576414,0.0733031674208144,0.1832753059842175,0.1159420289855072,0.6457423908290433,0.2114719012720405,0.2088353413654618,0.0695876288659793,0.3132666545734914,0.6969490346545545,0.4200926412428746,0.6896121123858264,0.586260744373653,0.4871794871794873,0.5416666666666667,0.5304878048780487,0.5393939393939393,0.7666666666666667,2.5898674,10.876393,0
0.0861287398005439,0.1856367880867316,0.0861423220973782,0.1871889634684492,0.0790190735694822,0.1858678118158012,0.0762942779291553,0.3382873319179051,0.0811541929666366,0.1550866542840926,0.0712945590994371,0.1830518559422202,0.069936421435059,0.1752000281631136,0.0778280542986425,0.17533659496955,0.1497584541062802,0.6213787605932879,0.129558236995769,0.285140562248996,0.0811855670103092,0.2987400770596854,0.5955599486887124,0.4084943159219964,0.7353630521994277,0.547999439618307,0.5811965811965812,0.5773809523809524,0.5609756097560975,0.503030303030303,0.85,6.1023235,-3.1598215,0
0.0670897552130553,0.1775479759189879,0.0720973782771535,0.1846717049128516,0.067211625794732,0.0576672130726784,0.2624886466848319,0.616078024186258,0.0757439134355275,0.0472241132848669,0.274859287054409,0.5472258295347308,0.0563124432334241,0.1675242428167787,0.0687782805429864,0.0549227673614119,0.1207729468599033,0.6601970685905545,0.1175640291330463,0.2048192771084337,0.0760309278350515,0.2841036008474033,0.7010505451994749,0.2272339188375078,0.6191818277053676,0.6624002216344846,0.452991452991453,0.5119047619047619,0.5182926829268292,0.4606060606060606,0.7611111111111112,-20.251484,-8.2673645,1
0.0770625566636446,0.1740412505931204,0.0852059925093633,0.1733232267354703,0.0881017257039055,0.1882089231425041,0.0835603996366939,0.3446701117654128,0.0937781785392245,0.155587738895812,0.0834896810506566,0.1898323725547062,0.0772025431425976,0.187376765955745,0.0769230769230769,0.1818717769650498,0.1594202898550724,0.5618274003220638,0.0969694930980323,0.2771084337349397,0.0940721649484536,0.2447011209548707,0.5090535158353413,0.291573570264352,0.6669738076755662,0.5103977273711788,0.5384615384615385,0.5476190476190476,0.5304878048780487,0.4727272727272728,0.788888888888889,-3.0590348,-14.624723,0
0.0679963735267452,0.1832298455385948,0.0692883895131086,0.1892156167751555,0.0617620345140781,0.1848807816248482,0.0599455040871934,0.3432989960944667,0.0703336339044184,0.1518771922227514,0.0628517823639774,0.1844652090092028,0.0608537693006357,0.184975951529109,0.0624434389140271,0.1774222913510925,0.1231884057971014,0.6129511895636243,0.2175118039855519,0.2289156626506024,0.0708762886597938,0.306260356934637,0.6581861835829627,0.3877854463638701,0.6612934028950248,0.5454143008604824,0.5042735042735043,0.5535714285714286,0.5426829268292682,0.5636363636363636,0.8111111111111111,0.68001527,6.352622,0
0.1341795104261106,0.4547798183779368,0.0224719101123595,0.0678565747883214,0.1244323342415985,0.4302086927940411,0.0208900999091734,0.2532773029126284,0.0676284941388638,0.0811173266462748,0.148217636022514,0.1981428193348406,0.1307901907356948,0.3606693475921814,0.0434389140271493,0.2416220123524763,0.0785024154589372,0.6459799096404871,0.1220026528013303,0.0883534136546184,0.0682989690721649,0.2724708358697332,0.698108773007894,0.2585655417214221,0.7988047078305524,0.6377497678740883,0.5042735042735043,0.4404761904761904,0.4207317073170731,0.4121212121212121,0.3777777777777777,13.253886,-26.70869,1
0.070716228467815,0.0497761090286083,0.3117977528089887,0.1178000020379033,0.4659400544959128,0.4791415431074526,0.1534968210717529,0.4574025896354774,0.0775473399458972,0.1505133750109347,0.0712945590994371,0.1830518559422202,0.069936421435059,0.180560600710825,0.07420814479638,0.1861108139351036,0.1328502415458937,0.642275416508198,0.0770037067281705,0.2409638554216867,0.0773195876288659,0.274339990002619,0.7005148488730735,0.1500168849284761,0.6583803227871081,0.6188902070551499,0.4102564102564102,0.5238095238095238,0.5426829268292682,0.4909090909090909,0.7555555555555555,-31.613348,12.328044,1
0.0924750679963735,0.1842336179974487,0.0936329588014981,0.1857318487590465,0.0871934604904632,0.173554272607141,0.0935513169845594,0.3327111671060715,0.1009918845807033,0.1357400068876972,0.1106941838649155,0.1961780797300529,0.0980926430517711,0.1891147981701753,0.0959276018099547,0.188022536490226,0.1702898550724637,0.6382336527315554,0.2139674874865726,0.2931726907630522,0.1005154639175257,0.2678721482123887,0.590723470535564,0.5748075724428192,0.691278199451472,0.6170112244688674,0.5641025641025642,0.5476190476190476,0.5243902439024389,0.4666666666666667,0.65,26.128794,17.726482,0
0.0371713508612874,0.183671660443264,0.0374531835205992,0.1776937265231073,0.0372388737511353,0.0846724503840954,0.1271571298819255,0.569450342061807,0.0396753832281334,0.1466780567114001,0.0347091932457786,0.0789477540084488,0.1326067211625794,0.1754686497741881,0.1420814479638009,0.1905451982309665,0.0603864734299516,0.6382717477981208,0.5791600892886373,0.1164658634538152,0.0399484536082474,0.281675729540059,0.6243790124728548,0.7861434462364418,0.5405187861992177,0.7844882218818188,0.4102564102564102,0.5297619047619048,0.5304878048780487,0.503030303030303,0.8333333333333333,3.543071,44.022808,0
0.0897552130553037,0.1894391832034641,0.0870786516853932,0.1858395907854894,0.0808356039963669,0.1756105247537925,0.0853769300635785,0.3260714004875363,0.1082055906221821,0.1386660150571292,0.1153846153846153,0.1923171704924393,0.1053587647593097,0.1819454152856504,0.1085972850678733,0.1899150778825879,0.1835748792270531,0.6329495026810712,0.1902148285936052,0.3132530120481928,0.1082474226804123,0.2687117564580436,0.5950062813580741,0.5486566181632208,0.6589871059168034,0.5763682583118775,0.4957264957264957,0.5476190476190476,0.5243902439024389,0.4666666666666667,0.6277777777777779,25.758337,12.788219,0
0.0979147778785131,0.1853524619647874,0.098314606741573,0.183238390432796,0.0935513169845594,0.1944697181611939,0.0844686648501362,0.3414004055245116,0.0973850315599639,0.1532968143304609,0.0891181988742964,0.1736853974813696,0.0944595821980018,0.1773242660967302,0.1013574660633484,0.1878128515064132,0.1775362318840579,0.5309836209892216,0.2204719655368826,0.3253012048192771,0.0979381443298969,0.1882252128553854,0.4338756184462521,0.5125799568070379,0.5908780286187939,0.5304533348067388,0.4871794871794873,0.5654761904761905,0.548780487804878,0.4909090909090909,0.6833333333333333,30.461124,10.950823,0
0.0951949229374433,0.1970909165865183,0.0870786516853932,0.4099379401580433,0.0054495912806539,0.0427499365184784,0.148047229791099,0.411070363936606,0.078449053201082,0.1528309151831431,0.0703564727954971,0.1661439655483175,0.0808356039963669,0.1793953299100572,0.085972850678733,0.3581014038099874,0.1364734299516908,0.6738660296957356,0.4165308603119417,0.2489959839357429,0.0786082474226804,0.3283282424156277,0.7506242234691097,0.7689452026905284,0.718012242752259,0.759061231727341,0.4957264957264957,0.5178571428571429,0.5426829268292682,0.593939393939394,0.4888888888888889,10.338837,36.839947,0
0.0942883046237534,0.1931267655567432,0.0889513108614232,0.1953165755099523,0.0762942779291553,0.1636340597683062,0.0899182561307901,0.3325858600316483,0.0937781785392245,0.2395987764887431,0.0347091932457786,0.0604634776607314,0.1743869209809264,0.2876870236440542,0.0968325791855203,0.1818717769650498,0.1570048309178744,0.6801148030762937,0.3706724661666578,0.2690763052208835,0.0940721649484536,0.3134740657438124,0.7462532542538572,0.6866505118259347,0.7320969242033585,0.7712799375564756,0.4700854700854701,0.5238095238095238,0.5304878048780487,0.5757575757575758,0.4777777777777778,11.98819,35.134068,0
0.099728014505893,0.1865139442641797,0.099250936329588,0.1808842314543807,0.0962761126248864,0.1818717769650498,0.0962761126248864,0.3345902026073269,0.1082055906221821,0.1482267353743558,0.1050656660412758,0.1953062694661714,0.0935513169845594,0.1831403124330713,0.0959276018099547,0.1716427964503545,0.1884057971014492,0.651637781577839,0.1824898743158574,0.3293172690763052,0.1082474226804123,0.2692907328606839,0.622025419569019,0.488422154366618,0.666951274499044,0.6185516640150956,0.5811965811965812,0.5535714285714286,0.5365853658536585,0.4787878787878788,0.6555555555555557,24.763626,6.2770095,0
0.1178603807796917,0.2421184245714142,0.0795880149812734,0.1887830543424847,0.0717529518619436,0.1714154857722501,0.0790190735694822,0.3638414109476749,0.0946798917944093,0.1862194996957874,0.0619136960600375,0.0968015377659797,0.1489554950045413,0.4785359572347436,0.0262443438914027,0.0778450850982227,0.1207729468599033,0.6924678819761836,0.1335239131790228,0.1485943775100401,0.0940721649484536,0.417042759134844,0.7003657583157344,0.3050364423687661,0.6716690114373496,0.6169328216961553,0.5726495726495727,0.4285714285714285,0.4329268292682926,0.3878787878787879,0.6611111111111112,7.1052313,-18.330257,1
0.0326382592928377,0.1655604979908294,0.0421348314606741,0.1988455925489568,0.0317892824704813,0.0754077211838172,0.1335149863760218,0.5339633376351248,0.0387736699729486,0.1514409741087923,0.0309568480300187,0.1805392282675845,0.0317892824704813,0.1692171630631245,0.0416289592760181,0.2062359506181751,0.0809178743961352,0.6015053673311902,0.6087908426506514,0.1887550200803212,0.0386597938144329,0.3231649608473028,0.620119423072299,0.7049494668789011,0.4841843712522258,0.7276622660916235,0.5384615384615385,0.6071428571428572,0.6036585365853658,0.5696969696969697,0.8333333333333333,4.226386,44.491867,0
0.0834088848594741,0.1954572131626853,0.0767790262172284,0.1860290822019109,0.0708446866485013,0.1791381060649714,0.072661217075386,0.3361048330023057,0.0820559062218214,0.1993331312518945,0.0440900562851782,0.1161930693329258,0.0944595821980018,0.1985209702270061,0.085972850678733,0.1733110707253307,0.143719806763285,0.5939096682386131,0.0682409863512316,0.2610441767068273,0.0824742268041237,0.2831535100095355,0.5442619353562284,0.265805368653399,0.706334843718273,0.5180936479775282,0.5042735042735043,0.5595238095238095,0.5426829268292682,0.4848484848484849,0.8611111111111112,-1.9618278,-18.056126,0
0.0507706255666364,0.1817874498204099,0.0524344569288389,0.1866095460898867,0.0472297910990009,0.1802120482042879,0.0481380563124432,0.3343537582909527,0.0622182146077547,0.1548296288985857,0.0525328330206379,0.1828344170088383,0.0517711171662125,0.1757034152618104,0.0588235294117647,0.1834441515805084,0.108695652173913,0.7759232909951358,0.2475555182057617,0.2088353413654618,0.0618556701030927,0.3949549606798935,0.7796112028607225,0.498778165139513,0.7219586126344287,0.7615640076198932,0.5213675213675214,0.5595238095238095,0.5548780487804877,0.503030303030303,0.7111111111111111,4.990908,19.505331,0
0.0553037171350861,0.2282646451841465,0.0346441947565543,0.1813053883358403,0.0326975476839237,0.1818717769650498,0.0326975476839237,0.3337566980082903,0.0387736699729486,0.1421426406270298,0.0365853658536585,0.1964653765590548,0.0299727520435967,0.0713510459743691,0.1411764705882353,0.4340529174972762,0.0603864734299516,0.6784989023473113,0.4750281965187769,0.1204819277108433,0.0386597938144329,0.3280239259463079,0.6120826679373749,0.7003168566212041,0.5088412544626304,0.7259646753518876,0.4615384615384616,0.5416666666666667,0.5426829268292682,0.5151515151515152,0.8,6.760323,41.020172,0
0.0625566636446056,0.1745754712294852,0.0692883895131086,0.0504776367176474,0.2897366030881017,0.5625108664295544,0.0599455040871934,0.3258834630809153,0.0757439134355275,0.0360896129213467,0.3405253283302064,0.0851857740601828,0.6784741144414169,0.6642405945470328,0.1619909502262443,0.3431974125111012,0.1316425120772947,0.6751341520357799,0.1173260650230519,0.2409638554216867,0.0760309278350515,0.2836102486970093,0.7317521134264504,0.2598781807775499,0.6464290052736629,0.6614520426864497,0.6495726495726496,0.5357142857142857,0.5426829268292682,0.4909090909090909,0.7722222222222223,-17.64225,-7.6661673,1
0.256572982774252,0.5293180572582754,0.0580524344569288,0.1581221645107624,0.0708446866485013,0.1846788350033852,0.0690281562216167,0.3417628866978837,0.0766456266907123,0.1517033609442564,0.0694183864915572,0.176151367438717,0.072661217075386,0.0617088898264317,0.2633484162895927,0.5304148167250375,0.1328502415458937,0.6598915238120168,0.088680927284431,0.2409638554216867,0.0773195876288659,0.3037364885210361,0.7231050375900384,0.1821399675910873,0.6583477576107233,0.6149288020353835,0.4273504273504274,0.5297619047619048,0.5426829268292682,0.4909090909090909,0.7666666666666667,14.706782,-31.084627,1
0.114233907524932,0.4462266648209806,0.0149812734082397,0.1278857286903104,0.0408719346049046,0.2531646714614109,0.0136239782016348,0.2997107063483195,0.0694319206492335,0.0762068821051957,0.1622889305816135,0.191591358926762,0.1498637602179836,0.4132584692664483,0.0398190045248868,0.2540699780581901,0.0809178743961352,0.6283441352684058,0.0434739258605222,0.0923694779116465,0.0695876288659793,0.2782430057959688,0.6450455722673895,0.1911318260493676,0.767400445390172,0.5651260307803757,0.5384615384615385,0.4464285714285714,0.4268292682926828,0.3696969696969697,0.4111111111111111,12.303406,-27.213758,1
0.0679963735267452,0.173531632222904,0.0758426966292134,0.1889329101238276,0.0681198910081744,0.3205057500830674,0.0145322434150772,0.2447908331466248,0.0721370604147881,0.1447736005177654,0.0703564727954971,0.1844652090092028,0.0681198910081744,0.1938943867598585,0.0642533936651583,0.189617177848605,0.1243961352657004,0.6616921873515076,0.2117548321643757,0.2289156626506024,0.0721649484536082,0.3466028458923751,0.7043560818048689,0.4187277981703787,0.690965620660177,0.5433527350676653,0.4871794871794873,0.5416666666666667,0.5365853658536585,0.5575757575757576,0.8555555555555555,0.56656235,14.319221,0
0.0725294650951949,0.0591640549292361,0.2752808988764045,0.5422040391044949,0.0563124432334241,0.1701724301759033,0.0635785649409627,0.2331318782132653,0.0703336339044184,0.1494264160287582,0.0647279549718574,0.1800789408702913,0.0653950953678474,0.1763318045259554,0.0723981900452488,0.1804776048060098,0.1256038647342995,0.6661888531741571,0.0770912165075198,0.2369477911646586,0.0708762886597938,0.2870924034568932,0.7403108126662362,0.1272200003145886,0.6667616524366766,0.6405165142974955,0.7008547008547009,0.5595238095238095,0.5548780487804877,0.503030303030303,0.7777777777777778,-31.95543,13.165088,1
0.0716228467815049,0.1875175150022404,0.0702247191011236,0.1776197976709781,0.069936421435059,0.1725476956466297,0.0762942779291553,0.3485730953883819,0.0730387736699729,0.1459246454699622,0.0703564727954971,0.1775370077004646,0.072661217075386,0.1890098409883072,0.0714932126696832,0.1777169592725466,0.1195652173913043,0.7120778237546707,0.1236893096963415,0.2088353413654618,0.0734536082474226,0.309059807018176,0.7694110828949536,0.3143321373998982,0.6658538169624435,0.683272683299498,0.4615384615384616,0.4880952380952381,0.5243902439024389,0.4727272727272728,0.7388888888888889,-6.6578217,-10.29985,1
0.2928377153218495,0.5922195246678439,0.0580524344569288,0.1685043185049519,0.0635785649409627,0.1863530446191067,0.0608537693006357,0.3313362223579482,0.0712353471596032,0.047365198656645,0.2626641651031895,0.514759675749696,0.0590372388737511,0.1704874974336701,0.069683257918552,0.184776302296383,0.1231884057971014,0.6524649984477199,0.0979409270487454,0.2289156626506024,0.0708762886597938,0.2814678342932687,0.7203878755483328,0.1812815410079685,0.6421023807313289,0.618790160002618,0.5641025641025642,0.5476190476190476,0.548780487804878,0.496969696969697,0.7611111111111112,15.571694,-32.335266,1
0.0652765185856754,0.0517619627909085,0.2874531835205992,0.5581555177379238,0.0572207084468664,0.1649156290848342,0.0681198910081744,0.2366187672040333,0.0757439134355275,0.1470910376881883,0.0722326454033771,0.187330113874708,0.0681198910081744,0.186271767026312,0.0687782805429864,0.1790265276608866,0.1268115942028985,0.5806628506865171,0.0865821485219222,0.2248995983935743,0.0760309278350515,0.2377906014594228,0.6410358745307814,0.0840856568181678,0.5932245556495545,0.6000613591026831,0.6495726495726496,0.5357142857142857,0.5304878048780487,0.4787878787878788,0.7666666666666667,-33.69167,13.333874,1
0.070716228467815,0.1763195444834996,0.0767790262172284,0.1918382773131295,0.067211625794732,0.1923280681578494,0.0608537693006357,0.3395041928240846,0.0730387736699729,0.1459246454699622,0.0703564727954971,0.1934230805605008,0.0626702997275204,0.1834284436601089,0.0651583710407239,0.1803990598956414,0.1280193236714976,0.6414489844656663,0.2121370490159789,0.2369477911646586,0.0734536082474226,0.3285246230295885,0.6873124951763444,0.4165462758524335,0.6844442836242611,0.5345756190147637,0.5042735042735043,0.5476190476190476,0.5426829268292682,0.5454545454545454,0.8277777777777777,1.0579406,12.749189,0
0.0942883046237534,0.185435369223959,0.0945692883895131,0.1761362366608352,0.0953678474114441,0.1750524566219196,0.1008174386920981,0.3401460535218497,0.1045987376014427,0.1520765580393305,0.0975609756097561,0.1844652090092028,0.0944595821980018,0.1855507084028684,0.0950226244343891,0.1987577130528007,0.181159420289855,0.6568694920589948,0.2087898123210922,0.3172690763052209,0.104381443298969,0.2762169285010579,0.6192354108339928,0.5817477331098345,0.691045528834909,0.5854775694036314,0.4700854700854701,0.5535714285714286,0.5304878048780487,0.4727272727272728,0.6444444444444445,24.672998,18.289757,0
0.0262919310970081,0.2050260475022782,0.0177902621722846,0.1700698136472853,0.0208900999091734,0.2008832154974127,0.0136239782016348,0.3274909277077593,0.169522091974752,0.3559398648181533,0.0384615384615384,0.1921744075563805,0.033605812897366,0.0719839752105029,0.1475113122171945,0.4531141821644066,0.1739130434782608,0.6841863457355846,0.0706632067478048,0.0883534136546184,0.1701030927835051,0.3034797946044084,0.7942284478968756,0.218184229610861,0.8174998152162204,0.6702417629926133,0.2991452991452992,0.2916666666666667,0.2621951219512195,0.2363636363636364,0.2222222222222222,-15.553234,-19.702913,1
0.2828649138712602,0.5448075436078816,0.0646067415730337,0.1705117121971347,0.0690281562216167,0.0541029968545999,0.2815622161671208,0.6454820781815911,0.0775473399458972,0.0196310963967829,0.5093808630393997,0.4405404689947556,0.1871026339691189,0.3751891263685327,0.0687782805429864,0.1709370933647364,0.1268115942028985,0.6785577934614757,0.0821842604885315,0.2208835341365461,0.0773195876288659,0.294985125392297,0.7517704717026926,0.1719691207069296,0.6827859656224515,0.6509257351846917,0.4017094017094017,0.5357142857142857,0.5304878048780487,0.4787878787878788,0.7555555555555555,14.798273,-31.760761,1
0.0834088848594741,0.1674459152510282,0.097378277153558,0.1844492940452567,0.0917347865576748,0.1855406510677865,0.0890099909173478,0.3373039385111671,0.0991884580703336,0.1453555895385391,0.098499061913696,0.1944418188937857,0.0881017257039055,0.18570182847365,0.0886877828054298,0.1856972493526594,0.179951690821256,0.6580655781583458,0.2088285920776861,0.3293172690763052,0.0992268041237113,0.2887842649952749,0.6022357117963956,0.5896890593675883,0.7235160597979455,0.5679679781058332,0.5384615384615385,0.5654761904761905,0.548780487804878,0.496969696969697,0.6611111111111112,22.88212,19.303846,0
0.0117860380779691,0.1678442912112888,0.0177902621722846,0.1880269638093453,0.0136239782016348,0.1892526883952613,0.0108991825613079,0.3444755148188425,0.0162308385933273,0.0489245256290546,0.1181988742964352,0.2614251876565416,0.0663033605812897,0.1940675602594847,0.0624434389140271,0.1759809086874162,0.0144927536231884,0.6222425867051872,0.301842607010414,0.036144578313253,0.0167525773195876,0.272553341711803,0.7170534720435777,0.4573347315346637,0.7719288929727871,0.5430721852916158,0.5299145299145299,0.4404761904761904,0.5304878048780487,0.5090909090909091,0.5055555555555556,10.166299,12.800358,1
0.0734360834088848,0.1751267052619126,0.0805243445692883,0.1754826642278326,0.0817438692098092,0.1780923946062066,0.0844686648501362,0.3362737168469653,0.0892696122633002,0.150329879237629,0.0834896810506566,0.1831645773524704,0.0817438692098092,0.2015930529445832,0.0723981900452488,0.1847170262692129,0.1944444444444444,0.6814977308419469,0.4000223983541486,0.4096385542168674,0.0889175257731958,0.4103279383342071,0.7178770669225752,0.7127930500778524,0.7120474721473223,0.6005065508340184,0.8205128205128206,0.6011904761904762,0.6158536585365851,0.6242424242424243,0.5722222222222222,6.7470326,35.198277,0
0.0834088848594741,0.1731754989147763,0.0926966292134831,0.1883154320850411,0.0844686648501362,0.1844220918901228,0.0826521344232515,0.3414390772463328,0.0856627592425608,0.1583803239592973,0.073170731707317,0.1803352812160719,0.0735694822888283,0.1846968231908957,0.0751131221719457,0.1791558571747122,0.1533816425120772,0.5983793449425684,0.0952220133226583,0.2811244979919678,0.086340206185567,0.2774222260569468,0.5636449087836711,0.3338752967686932,0.7097798141105571,0.5277457424003902,0.4957264957264957,0.5654761904761905,0.548780487804878,0.4909090909090909,0.8277777777777777,2.8280718,-10.744387,0
0.0924750679963735,0.1919279288088615,0.0880149812734082,0.1746635032236263,0.0899182561307901,0.1947807784376419,0.0808356039963669,0.3425694500434483,0.0901713255184851,0.1615878846233855,0.075046904315197,0.172687266784348,0.0808356039963669,0.1769066923748398,0.0877828054298642,0.3960982306711886,0.2475845410628019,0.6164900314040794,0.3033927263276261,0.5823293172690763,0.0902061855670103,0.2601973765547326,0.6711998425392275,0.6823059759092748,0.6868395249274376,0.6869506763945015,0.7606837606837608,0.6666666666666666,0.6890243902439023,0.6848484848484848,0.6166666666666667,14.620559,33.69715,0
0.0906618313689936,0.2809521554456239,0.0421348314606741,0.1272302663830291,0.0772025431425976,0.2249740460040711,0.0526793823796548,0.3188586675847822,0.0757439134355275,0.1578922475970582,0.0637898686679174,0.1653165545533098,0.0744777475022706,0.2729456841517257,0.0352941176470588,0.1194056217872857,0.1014492753623188,0.6031477936050295,0.1490978933295398,0.1405622489959839,0.0760309278350515,0.362606300224656,0.6175802179979683,0.2463434654208779,0.5993043184553218,0.531719812887042,0.6239316239316239,0.4583333333333333,0.4695121951219512,0.4242424242424242,0.7111111111111111,8.631712,-22.422928,1
0.0897552130553037,0.1868271457032247,0.0889513108614232,0.1981910969763436,0.0744777475022706,0.1902929510800562,0.0690281562216167,0.3371597074781788,0.0820559062218214,0.155040921491361,0.0722326454033771,0.185888047667239,0.0690281562216167,0.1675693089807439,0.0823529411764705,0.1872339775767419,0.1485507246376811,0.6244086041512398,0.115525696709236,0.2771084337349397,0.0824742268041237,0.2988591582381906,0.6063122194628459,0.3605599180071039,0.7125339183802955,0.5355123698850524,0.4957264957264957,0.5654761904761905,0.5548780487804877,0.496969696969697,0.8555555555555555,6.182443,-7.18398,0
0.1967361740707162,0.4221508556940631,0.0589887640449438,0.1633075715141853,0.0681198910081744,0.1861985181482772,0.0653950953678474,0.3418607896494323,0.0757439134355275,0.1482267353743558,0.0712945590994371,0.1830518559422202,0.069936421435059,0.062970742417458,0.2524886877828054,0.4963127639139884,0.1268115942028985,0.6992895585882469,0.1113018741550846,0.2248995983935743,0.0760309278350515,0.3095161456624371,0.755360324445132,0.2366206351318425,0.6625329293684181,0.6805211062527893,0.5811965811965812,0.5178571428571429,0.5304878048780487,0.4787878787878788,0.7555555555555555,13.239206,-27.401598,1
0.0788757932910244,0.175371886043207,0.0861423220973782,0.1819536512342096,0.0826521344232515,0.1768925906827642,0.0862851952770208,0.343475787928916,0.0955816050495942,0.1523070863426224,0.0881801125703564,0.187034941858262,0.0835603996366939,0.195436189530724,0.0778280542986425,0.1766107499498047,0.1630434782608695,0.5739766264946118,0.0947445375992037,0.285140562248996,0.095360824742268,0.2524791499259543,0.5407817764610117,0.3016133746394197,0.6851005311701435,0.5174991154249028,0.5384615384615385,0.5476190476190476,0.5304878048780487,0.4727272727272728,0.8611111111111112,-2.3545334,-14.201587,0
0.0725294650951949,0.1845947971913738,0.0730337078651685,0.183238390432796,0.0690281562216167,0.1847170262692129,0.067211625794732,0.2322505667101354,0.0721370604147881,0.1447736005177654,0.0703564727954971,0.0563564684458088,0.2733878292461398,0.535471639657454,0.0633484162895927,0.1665358832156103,0.1256038647342995,0.6508841539814979,0.1020878663142104,0.2329317269076305,0.0721649484536082,0.2764126384183351,0.7025425353228677,0.1714350959362392,0.6519487039083587,0.6297391983992915,0.4188034188034188,0.5238095238095238,0.548780487804878,0.496969696969697,0.7722222222222223,-31.657574,-12.090195,1
0.0725294650951949,0.1804114802208256,0.0758426966292134,0.1949437920199166,0.064486830154405,0.1909642040892233,0.0590372388737511,0.3335227216092022,0.0721370604147881,0.1470599226830878,0.0684803001876172,0.1935510501540908,0.0608537693006357,0.1804623869111919,0.0651583710407239,0.1775149889680499,0.1280193236714976,0.6741575712788619,0.197388032103442,0.2409638554216867,0.0721649484536082,0.3355567566720148,0.7251169077764061,0.4361387455045363,0.7094394664100518,0.5729938128298699,0.5128205128205129,0.5535714285714286,0.548780487804878,0.5515151515151515,0.8166666666666667,1.5787696,15.072862,0
0.0335448776065276,0.1743179005655236,0.0383895131086142,0.183238390432796,0.0354223433242506,0.1818717769650498,0.0354223433242506,0.341362671298977,0.0396753832281334,0.1379467132150808,0.0403377110694183,0.1920367432966094,0.0354223433242506,0.1877006538397415,0.0361990950226244,0.1818717769650498,0.0640096618357488,0.6652775612471215,0.5154276393390734,0.1285140562248996,0.0399484536082474,0.3127337141762317,0.5944650325604309,0.7954617334054419,0.5734095734466681,0.7434763307100326,0.452991452991453,0.5476190476190476,0.548780487804878,0.5212121212121213,0.8277777777777777,3.6622388,42.453777,0
0.0942883046237534,0.189212800558995,0.0917602996254681,0.1819989949706303,0.0881017257039055,0.1702536756397168,0.0971843778383288,0.3392322685992401,0.0910730387736699,0.1341089464579087,0.1013133208255159,0.1844652090092028,0.0980926430517711,0.1819454152856504,0.1013574660633484,0.1902848848213253,0.1570048309178744,0.6192439593057195,0.1768785988443609,0.2771084337349397,0.0914948453608247,0.2660269407843476,0.578935337908816,0.4712971160133373,0.6492803804544884,0.572042245014207,0.5299145299145299,0.5535714285714286,0.5365853658536585,0.4787878787878788,0.6555555555555557,24.383549,4.9457045,0
0.0679963735267452,0.0270705829010191,0.4588014981273408,0.4202727725719883,0.1734786557674841,0.37869608177069,0.0572207084468664,0.3235298308610838,0.0730387736699729,0.0397421802777564,0.3086303939962476,0.5768962201607479,0.0617620345140781,0.1734104356612161,0.0705882352941176,0.051976613178209,0.1280193236714976,0.7049617056396629,0.0754683997750788,0.2369477911646586,0.0734536082474226,0.3183725122661897,0.7636371121933511,0.1731893756725244,0.6873837379510419,0.6764985690973231,0.7264957264957265,0.5416666666666667,0.548780487804878,0.496969696969697,0.7777777777777778,-29.335667,12.636436,1
0.1396192203082502,0.4004415280088983,0.0365168539325842,0.183238390432796,0.033605812897366,0.1781373872533356,0.0354223433242506,0.341362671298977,0.0441839495040577,0.1544214500261787,0.0347091932457786,0.1806794418654994,0.0354223433242506,0.0755576429494996,0.1438914027149321,0.4543690625955857,0.0676328502415458,0.9106688367370652,0.4767789587460801,0.1285140562248996,0.0438144329896907,0.41114336028088,0.9033477465150992,0.8717429712247234,0.7114849830847069,0.954834355934896,0.4188034188034188,0.5297619047619048,0.5304878048780487,0.503030303030303,0.7944444444444445,14.537758,40.555054,0
0.070716228467815,0.0772137602520023,0.2125468164794007,0.4342159715213527,0.0572207084468664,0.1662229057921523,0.067211625794732,0.2376398612646441,0.0775473399458972,0.1540607988306959,0.0684803001876172,0.1830230120020777,0.067211625794732,0.1777632752696776,0.0733031674208144,0.1876012515912413,0.1243961352657004,0.6755732102968609,0.100226540561873,0.2128514056224899,0.0773195876288659,0.2970473429906152,0.7330405119171034,0.243393466767917,0.6567417486721626,0.6499113932192087,0.4700854700854701,0.5178571428571429,0.5182926829268292,0.4666666666666667,0.7666666666666667,-27.261606,9.001869,1
0.0752493200362647,0.1859426957635254,0.0749063670411985,0.1739037030911682,0.0772025431425976,0.1754568743927801,0.0817438692098092,0.3382873319179051,0.0748422001803426,0.1415895411045456,0.0759849906191369,0.180414197033775,0.0762942779291553,0.1767502102968643,0.0832579185520362,0.1818717769650498,0.1280193236714976,0.5948373378638815,0.0795519023543933,0.2329317269076305,0.0747422680412371,0.2767189067331074,0.5405064068556666,0.2800603267184298,0.6835580099375164,0.5168744069115239,0.5470085470085471,0.5595238095238095,0.5365853658536585,0.4787878787878788,0.8388888888888889,-1.5073025,-17.050962,0
0.0797824116047144,0.1858095148038101,0.0795880149812734,0.1670309113121675,0.0871934604904632,0.1770364978007494,0.0908265213442325,0.3591557062894643,0.0901713255184851,0.1524591491116261,0.0825515947467167,0.1941017071931749,0.0735694822888283,0.1904227261288386,0.0714932126696832,0.1818717769650498,0.1582125603864734,0.6084604237963006,0.1156388065222983,0.285140562248996,0.0902061855670103,0.2952686472534953,0.5408276912211756,0.3478953918505243,0.7172197105214054,0.5219875162636722,0.5384615384615385,0.5535714285714286,0.5426829268292682,0.4848484848484849,0.8055555555555555,5.39395,-8.473515,0
0.070716228467815,0.0209547365617118,0.5374531835205992,0.5118257349855388,0.1625794732061762,0.3491724360498439,0.0608537693006357,0.3324547917124241,0.0757439134355275,0.1482267353743558,0.0712945590994371,0.0228425377131091,0.5031789282470481,0.3812810609067851,0.2280542986425339,0.4522415920931545,0.1316425120772947,0.7318909590042266,0.0855419077962001,0.2409638554216867,0.0760309278350515,0.3277465830230576,0.8011566188802454,0.2266085315376559,0.6913091119564451,0.6903033781835568,0.4358974358974359,0.5357142857142857,0.5426829268292682,0.4909090909090909,0.7666666666666667,-27.482918,10.861316,1
0.0698096101541251,0.0303897201467452,0.4353932584269663,0.4593244140738476,0.1444141689373297,0.3192973183561307,0.0608537693006357,0.3280706004170288,0.0748422001803426,0.1505603607568919,0.0684803001876172,0.1816003041436975,0.0681198910081744,0.1791573219416686,0.0733031674208144,0.0100454460679143,0.1304347826086956,0.6739128129251727,0.1143642079484916,0.2409638554216867,0.0747422680412371,0.2907901389280906,0.7287035932607082,0.2464950277242426,0.6491602227219779,0.637458390543593,0.4444444444444445,0.5416666666666667,0.548780487804878,0.496969696969697,0.7388888888888889,-28.07549,9.098435,1
0.085222121486854,0.1805275258497062,0.0889513108614232,0.1819767303814896,0.0853769300635785,0.1723117393030616,0.0926430517711171,0.3485384631881447,0.0928764652840396,0.150279201072249,0.0872420262664165,0.1883671039794,0.0817438692098092,0.1899367656346431,0.0796380090497737,0.1832123271179728,0.1618357487922705,0.5755964343702432,0.1000186745057775,0.2891566265060241,0.0927835051546391,0.2699900789222387,0.5375495044670927,0.2864650400546554,0.6956750300799035,0.495539573842163,0.5641025641025642,0.5595238095238095,0.5426829268292682,0.4848484848484849,0.8111111111111111,-2.07034,-15.489541,0
0.0834088848594741,0.175562825441338,0.0908239700374531,0.1845000504841024,0.0853769300635785,0.1856972493526594,0.0826521344232515,0.3342601017760253,0.0910730387736699,0.141333772539235,0.0938086303939962,0.1739815461497166,0.0990009082652134,0.1842688264056353,0.1004524886877828,0.1784434847706892,0.1594202898550724,0.597177684610374,0.2376051576564837,0.285140562248996,0.0914948453608247,0.2413536632533182,0.5116315303601543,0.5857278363443226,0.6470915554230531,0.5861598813596839,0.5641025641025642,0.5595238095238095,0.5426829268292682,0.4848484848484849,0.6722222222222222,28.63655,22.509281,0
0.070716228467815,0.1832006077875505,0.0720973782771535,0.1776937265231073,0.0717529518619436,0.1778241803742886,0.0744777475022706,0.3416256937460423,0.078449053201082,0.1482267353743558,0.074108818011257,0.1858692021220994,0.0708446866485013,0.184752220665498,0.0723981900452488,0.1832847892884011,0.1340579710144927,0.6785572462627778,0.1043295822266259,0.2409638554216867,0.0786082474226804,0.2955593021728261,0.7338724140591528,0.2425278031699665,0.6695501290319515,0.6513750147679868,0.7008547008547009,0.5297619047619048,0.5365853658536585,0.4848484848484849,0.7611111111111112,-18.722937,-9.55364,1
0.070716228467815,0.0375629029573145,0.3829588014981273,0.3389711245918789,0.184377838328792,0.3909976008210424,0.0590372388737511,0.3290191858379626,0.2696122633002705,0.4176528885821838,0.0637898686679174,0.1815001326449037,0.0635785649409627,0.0532209443639062,0.2742081447963801,0.5447665889504488,0.3091787439613526,0.7276846336746896,0.0308611909487301,0.2289156626506024,0.2693298969072165,0.3287519470104992,0.8116406343738403,0.1480385545834427,0.7395532583827501,0.6544578129070027,0.2051282051282051,0.2916666666666667,0.2804878048780487,0.2181818181818182,0.3777777777777777,-11.659755,-51.69219,1
0.0607434270172257,0.166347039280108,0.0730337078651685,0.1920788335895025,0.0635785649409627,0.1833444940344581,0.0626702997275204,0.3347878077946165,0.0775473399458972,0.1516798702309463,0.0703564727954971,0.1830423703511666,0.0690281562216167,0.1764785655915683,0.0760180995475113,0.0571687790984156,0.1292270531400966,0.6526490997881657,0.1120376354211524,0.2289156626506024,0.0773195876288659,0.2801388953068578,0.7141873111933399,0.2083904081754742,0.637668506021043,0.6407519585693319,0.6495726495726496,0.5416666666666667,0.5365853658536585,0.4848484848484849,0.7444444444444445,-23.110374,-8.93943,1
0.1015412511332728,0.1840984705843525,0.1029962546816479,0.1904622954122762,0.0926430517711171,0.1806835620567771,0.0935513169845594,0.3392538671519563,0.0991884580703336,0.1501961533272475,0.0938086303939962,0.1762206494518044,0.0971843778383288,0.1773996109204626,0.1040723981900452,0.1926268193347865,0.1678743961352657,0.6274046923853951,0.1866565359632751,0.2891566265060241,0.0992268041237113,0.2611602263914497,0.5977566433730103,0.5067866889011348,0.6473055802139968,0.5392619045745956,0.5641025641025642,0.5476190476190476,0.5304878048780487,0.4727272727272728,0.6333333333333334,25.751472,7.4472833,0
0.0716228467815049,0.0588271774707439,0.2743445692883895,0.5448828872289104,0.0554041780199818,0.1620896044381315,0.0681198910081744,0.3371521395289188,0.0766456266907123,0.1493700551926453,0.0712945590994371,0.1830518559422202,0.069936421435059,0.0471655474723082,0.3194570135746606,0.2739442386627394,0.1231884057971014,0.7094095398927527,0.0525606593405528,0.2088353413654618,0.0773195876288659,0.3179210556274517,0.7831756451878956,0.1668357164229988,0.7111283125798246,0.6436061619529935,0.4615384615384616,0.5119047619047619,0.5182926829268292,0.4666666666666667,0.788888888888889,-30.050926,13.404526,1
0.0716228467815049,0.1831911235058919,0.0730337078651685,0.0685469326800913,0.2306993642143505,0.468283231376518,0.0590372388737511,0.2430102036245711,0.0748422001803426,0.0490938017512582,0.2636022514071294,0.5367408042759126,0.0544959128065395,0.1570187529387925,0.07420814479638,0.1846788350033852,0.1268115942028985,0.6809067651136009,0.1387219590660209,0.2289156626506024,0.0747422680412371,0.3259003118206351,0.8162139232229209,0.2384003435965674,0.6776210080376587,0.6723373605000785,0.6666666666666667,0.5476190476190476,0.5365853658536585,0.4909090909090909,0.7944444444444445,-16.961527,-10.840574,1
0.0843155031731641,0.1897297553572509,0.0814606741573033,0.1859396369529007,0.0753860127157129,0.17664363136865,0.0790190735694822,0.3321737054374611,0.0829576194770063,0.1429688757161729,0.0834896810506566,0.1744885991246199,0.0881017257039055,0.1831827348170034,0.090497737556561,0.1806416250600145,0.144927536231884,0.6098227398643199,0.1124056764597543,0.2650602409638554,0.0824742268041237,0.2753862748316906,0.5917774130013447,0.3541826337772968,0.7311834109849419,0.5430902065348553,0.5384615384615385,0.5654761904761905,0.5426829268292682,0.4909090909090909,0.85,4.325712,-7.504055,0
0.0698096101541251,0.0524179369522768,0.296816479400749,0.2634682959729892,0.1889191643960036,0.39551110781074,0.0599455040871934,0.3198550093454552,0.078449053201082,0.1428014279563581,0.0787992495309568,0.1872007310743303,0.0744777475022706,0.1819454152856504,0.0778280542986425,0.1859992603306285,0.1364734299516908,0.7171543856531483,0.0873878826352815,0.2489959839357429,0.0786082474226804,0.3171832510204801,0.7676506278845141,0.1882062381312416,0.6928466747608315,0.6856837501826889,0.4358974358974359,0.5297619047619048,0.5426829268292682,0.4909090909090909,0.75,-28.910418,11.661191,1
0.070716228467815,0.1832006077875505,0.0720973782771535,0.0286260356561525,0.438692098092643,0.3894984909726123,0.1871026339691189,0.5161369218600391,0.0685302073940486,0.1446776801050823,0.0666041275797373,0.1844652090092028,0.064486830154405,0.1735811352537048,0.0733031674208144,0.0572981729969248,0.1183574879227053,0.6766860541499652,0.0478221191861604,0.2208835341365461,0.0682989690721649,0.2959151620745057,0.7485716821968899,0.0840226092699402,0.6935424630041684,0.6277705563468416,0.4444444444444445,0.5595238095238095,0.548780487804878,0.496969696969697,0.7777777777777778,-38.611538,-21.021059,1
0.0344514959202175,0.1798861100100752,0.0365168539325842,0.1851713925297517,0.0326975476839237,0.1799706331118135,0.033605812897366,0.3323524664456612,0.0405770964833183,0.1482267353743558,0.0347091932457786,0.1806794418654994,0.0354223433242506,0.176490450047425,0.0416289592760181,0.1954262285112715,0.0664251207729468,0.7341713148847059,0.4802679730576012,0.1325301204819277,0.0412371134020618,0.3308174265840536,0.6995112490288022,0.7797399656773227,0.5245800321065939,0.7077449544852261,0.4188034188034188,0.5476190476190476,0.548780487804878,0.5212121212121213,0.8833333333333333,4.0184727,41.6051,0
0.0589301903898458,0.1648295542147222,0.0720973782771535,0.0565928864686393,0.2706630336058129,0.5349610302871243,0.0590372388737511,0.3258002156390562,0.0748422001803426,0.151751314400393,0.0675422138836773,0.1815808149949526,0.067211625794732,0.1764061569863487,0.07420814479638,0.1861108139351036,0.1304347826086956,0.64846706584023,0.1410923558939144,0.2409638554216867,0.0747422680412371,0.26855510248293,0.7007144217880433,0.2403626229307543,0.6319025748615421,0.6308075264831274,0.6495726495726496,0.5476190476190476,0.5426829268292682,0.496969696969697,0.7444444444444445,-19.047453,-6.8493505,1
0.0698096101541251,0.1803837761349279,0.0730337078651685,0.1846620203555539,0.0681198910081744,0.1763684658109447,0.0717529518619436,0.335013583544506,0.0775473399458972,0.1471059810787958,0.074108818011257,0.1844652090092028,0.0717529518619436,0.1833302298604759,0.07420814479638,0.1846788350033852,0.1304347826086956,0.6745837394807208,0.1020633962450026,0.2329317269076305,0.0773195876288659,0.2821763767859298,0.7157357815007981,0.2129124619968072,0.6823908602334247,0.6442889233971139,0.6752136752136753,0.5,0.5365853658536585,0.4848484848484849,0.75,-23.599924,-9.042285,1
0.1015412511332728,0.1926054177067968,0.096441947565543,0.183238390432796,0.0917347865576748,0.191950129921965,0.0844686648501362,0.3372744955947976,0.0946798917944093,0.1482267353743558,0.0909943714821763,0.169404889442995,0.0999091734786557,0.1808089641943535,0.1040723981900452,0.1865190174951829,0.1642512077294686,0.6381312531774072,0.2622896290938903,0.2931726907630522,0.0940721649484536,0.2590085274296864,0.5411668771384046,0.642536842734512,0.6774347806412145,0.6159101877876202,0.5641025641025642,0.5595238095238095,0.5426829268292682,0.4848484848484849,0.6722222222222222,23.867924,27.504354,0
0.1069809610154125,0.1840243201855095,0.1086142322097378,0.1964069672183067,0.0935513169845594,0.178366874889251,0.0962761126248864,0.3345902026073269,0.0955816050495942,0.1502427667699195,0.0900562851782364,0.17374595822029,0.0953678474114441,0.1819454152856504,0.0986425339366515,0.1879158759204253,0.1678743961352657,0.6985818030635655,0.1577926838809056,0.3012048192771084,0.095360824742268,0.3131958548519581,0.7119666969950975,0.5112923023424855,0.6678149498539778,0.6018727741345941,0.5213675213675214,0.5654761904761905,0.5426829268292682,0.4848484848484849,0.6555555555555557,23.42444,9.539702,0
0.0815956482320943,0.4099482270605717,0.0056179775280898,0.0384911073920607,0.1571298819255222,0.2753633217477288,0.0881017257039055,0.3455511703333203,0.084761045987376,0.2408467408482123,0.0281425891181988,0.069945752912177,0.1371480472297911,0.2750317575766585,0.0778280542986425,0.3139512446635714,0.1847826086956521,0.526097715669577,0.350159982615795,0.3895582329317269,0.0850515463917525,0.2174736167791696,0.5772700079450568,0.6432425214757804,0.6108953525083518,0.4960311667773388,0.6752136752136753,0.6130952380952381,0.6158536585365851,0.6303030303030304,0.5722222222222222,17.234377,38.054127,0
0.0725294650951949,0.0373557556214208,0.3904494382022472,0.3118819128259036,0.2089009990917348,0.4127815408060416,0.064486830154405,0.3304462348204702,0.0739404869251578,0.147075690422159,0.0703564727954971,0.1788861837447979,0.0717529518619436,0.1792297399506031,0.0769230769230769,0.0225994776815383,0.1292270531400966,0.6984060224265094,0.0981900920934846,0.2409638554216867,0.0734536082474226,0.3008394251707471,0.7482014668082103,0.2179342004201504,0.6717083734477274,0.678593698957254,0.4358974358974359,0.5476190476190476,0.548780487804878,0.496969696969697,0.7777777777777778,-28.387798,10.318742,1
0.0689029918404351,0.1749076018224883,0.0758426966292134,0.183238390432796,0.0717529518619436,0.1846601212831297,0.069936421435059,0.2101979538130672,0.0793507664562669,0.1504830883932317,0.073170731707317,0.1902339970377031,0.067211625794732,0.0599169672275199,0.2570135746606334,0.4853946740893725,0.1231884057971014,0.6632628081370986,0.0804319510865845,0.2008032128514056,0.0798969072164948,0.2897044314947493,0.7364724133780842,0.1617780421339493,0.6785043855175495,0.6199929112403044,0.4615384615384616,0.5178571428571429,0.5060975609756097,0.4606060606060606,0.7277777777777777,-31.601261,-15.492818,1
0.0353581142339075,0.2602177169967155,0.0084269662921348,0.0612557844196444,0.106267029972752,0.3152796301145624,0.0390554041780199,0.2724103251759973,0.1370604147880973,0.3796868616313244,0.0178236397748592,0.0690180525477547,0.1171662125340599,0.4082983542944889,0.0253393665158371,0.0789512144390639,0.144927536231884,0.5561212301089001,0.0768509577837503,0.0963855421686747,0.1365979381443298,0.2181022580280003,0.5607443086758724,0.1655016703256247,0.716669828188229,0.4852211193628353,0.2307692307692308,0.3452380952380952,0.3109756097560975,0.2545454545454546,0.2722222222222222,-27.46607,-18.00754,1
0.0072529465095194,0.1126624685802761,0.0440074906367041,0.0778897761487105,0.148047229791099,0.194062968490287,0.1362397820163488,0.3479068769013527,0.0126239855725879,0.047965924017379,0.1116322701688555,0.217670491908191,0.0844686648501362,0.396152586835478,0.0117647058823529,0.2076544127829119,0.0157004830917874,0.532623580939992,0.1772238989988174,0.0522088353413654,0.0128865979381443,0.2112164586033435,0.5949273610629515,0.2476072617777368,0.6717815533071464,0.5321007043128959,0.6068376068376068,0.5535714285714286,0.5670731707317073,0.6666666666666667,0.5222222222222223,-22.753695,-1.5847424,1
0.0652765185856754,0.1803350374652931,0.0683520599250936,0.1803521270277525,0.0663033605812897,0.1818717769650498,0.0663033605812897,0.3348817547509464,0.0739404869251578,0.0519612362361913,0.24859287054409,0.48066792623853,0.0617620345140781,0.1734104356612161,0.0705882352941176,0.057200612743208,0.1207729468599033,0.7651833635572588,0.0778338147597867,0.2128514056224899,0.0734536082474226,0.3503312638124706,0.8269995001545241,0.2017166971530267,0.7398486186388896,0.7139852744271049,0.5213675213675214,0.5178571428571429,0.5365853658536585,0.4848484848484849,0.7666666666666667,-20.611475,-17.328926,1
0.0861287398005439,0.1792976000687811,0.0908239700374531,0.1883773472271416,0.0826521344232515,0.1844535772595681,0.0808356039963669,0.3312813812568834,0.0838593327321911,0.141994248072217,0.0853658536585365,0.1819109564785113,0.0844686648501362,0.1806932775563172,0.0886877828054298,0.1937840074378595,0.1461352657004831,0.6432641888031296,0.2273356042344524,0.2650602409638554,0.0837628865979381,0.2643393538547403,0.5407078624814036,0.6021522513675168,0.6604113883239152,0.5772729269070023,0.4871794871794873,0.5595238095238095,0.5426829268292682,0.4848484848484849,0.6777777777777777,26.208286,23.01104,0
0.0698096101541251,0.1817874498204099,0.0720973782771535,0.1804290940518871,0.069936421435059,0.1832753059842175,0.0690281562216167,0.3382873319179051,0.0757439134355275,0.1470910376881883,0.0722326454033771,0.185888047667239,0.0690281562216167,0.1791757861359995,0.07420814479638,0.1777978972795434,0.1256038647342995,0.7605151848510707,0.0981701705410032,0.2208835341365461,0.0760309278350515,0.3417193717225386,0.8241663010473607,0.2970403787624769,0.7268220617905838,0.7125091280939602,0.6666666666666667,0.5357142857142857,0.5304878048780487,0.4787878787878788,0.7777777777777778,-11.457353,-12.646799,1
0.0643699002719855,0.173308502017566,0.0720973782771535,0.1846717049128516,0.067211625794732,0.1847562710872014,0.0653950953678474,0.3326492097192734,0.0739404869251578,0.1426229638965556,0.074108818011257,0.193177659422109,0.0663033605812897,0.180522918681578,0.0705882352941176,0.1892353623120918,0.1207729468599033,0.6162333824146201,0.1817063926430658,0.2128514056224899,0.0824742268041237,0.3012591839979609,0.640257427008958,0.3882541613457324,0.6668197403868034,0.5409167806456745,0.4957264957264957,0.5357142857142857,0.5243902439024389,0.5272727272727273,0.7944444444444445,3.451354,2.1609652,0
0.0244786944696282,0.0693214063223112,0.1320224719101123,0.2139887967643669,0.1017257039055404,0.154381058336093,0.1271571298819255,0.329981169750278,0.0342651036970243,0.0558566568993971,0.1425891181988743,0.5024696490802825,0.0154405086285195,0.1503820944103839,0.0334841628959276,0.0712674523478803,0.0471014492753623,0.5289059912208977,0.12114535003754,0.0883534136546184,0.0347938144329896,0.205450223030631,0.5485090370887081,0.209685878895435,0.6780295713512255,0.5200433769027167,0.6239316239316239,0.5238095238095238,0.5182926829268292,0.5333333333333333,0.4722222222222222,-23.121695,-0.9719998,1
0.0679963735267452,0.1789611338861285,0.0720973782771535,0.1861246538378395,0.0663033605812897,0.1776611899075466,0.0690281562216167,0.3405886062846936,0.0730387736699729,0.022206804957371,0.4577861163227016,0.4229685390625125,0.1734786557674841,0.3787520042726069,0.0606334841628959,0.1636258997158692,0.1243961352657004,0.6655481635388996,0.0886655741363638,0.2248995983935743,0.0734536082474226,0.2812613522935685,0.7267899529554647,0.1786850460209921,0.6551928514750528,0.6309535068301351,0.6495726495726496,0.5297619047619048,0.5426829268292682,0.4909090909090909,0.7444444444444445,-29.320566,-12.4674,1
0.0752493200362647,0.1702394350214446,0.0861423220973782,0.183238390432796,0.0817438692098092,0.1955401314654414,0.072661217075386,0.3405276453743151,0.0856627592425608,0.1503831233860663,0.0797373358348968,0.1871831956764769,0.0753860127157129,0.2446775155252428,0.0461538461538461,0.114526172672442,0.1521739130434782,0.5755121461806602,0.1269682607585522,0.2771084337349397,0.086340206185567,0.2635878309558181,0.5260655389323616,0.3054980801670204,0.6787265083973009,0.5098533450565276,0.5555555555555556,0.5535714285714286,0.5426829268292682,0.4909090909090909,0.8555555555555555,-3.409903,-10.204006,0
0.0679963735267452,0.1789611338861285,0.0720973782771535,0.0550363730500465,0.2770208900999091,0.2510894792272445,0.1916439600363306,0.5249718224948232,0.0748422001803426,0.1505603607568919,0.0684803001876172,0.1801966930350943,0.0690281562216167,0.1833583004261818,0.0714932126696832,0.0284125393153285,0.1159420289855072,0.6150165184975399,0.0690207216205943,0.1927710843373494,0.0747422680412371,0.2608965110264022,0.6790341147463953,0.0891842400203692,0.6314894415033784,0.5926762484383085,0.4444444444444445,0.5059523809523809,0.5121951219512194,0.4606060606060606,0.7666666666666667,-39.471207,-19.108624,1
0.114233907524932,0.4109595780235157,0.0215355805243445,0.0682200965767413,0.1217075386012715,0.4432790567850406,0.0172570390554041,0.2489447801549712,0.1154192966636609,0.3472928466576525,0.0150093808630394,0.0614634916232191,0.1262488646684832,0.4206231030659176,0.0271493212669683,0.0742334852744653,0.1231884057971014,0.7421731362815778,0.0425538183288868,0.0883534136546184,0.1159793814432989,0.3315877968284849,0.7751686230570061,0.2595332222776575,0.8595219985003383,0.6886646868950961,0.3675213675213676,0.3571428571428571,0.3292682926829268,0.3090909090909091,0.2888888888888889,12.328201,-25.427399,1
0.4043517679057117,0.4034336763159987,0.1685393258426966,0.3530088192071495,0.0599455040871934,0.1746104636367167,0.064486830154405,0.3371208238768089,0.0739404869251578,0.1529919004911427,0.0656660412757973,0.17323326410603,0.0708446866485013,0.0615326760617138,0.2597285067873303,0.5161678019611257,0.1256038647342995,0.656518715454727,0.0763747124789867,0.2289156626506024,0.0734536082474226,0.2739195534115723,0.7043025092572361,0.1188721238497234,0.6636506221353752,0.6259763523565749,0.5641025641025642,0.5119047619047619,0.5426829268292682,0.4909090909090909,0.7944444444444445,9.224892,-34.46085,1
0.0607434270172257,0.1676558701490034,0.0720973782771535,0.0535364601194024,0.2833787465940054,0.5826962726890357,0.0535876475930971,0.3220680762780056,0.0748422001803426,0.1505603607568919,0.0684803001876172,0.1844652090092028,0.0663033605812897,0.1791196450045877,0.0714932126696832,0.0546259053066415,0.1268115942028985,0.6602055301880617,0.0602093995041601,0.2289156626506024,0.0747422680412371,0.2816008125834344,0.7163032868257376,0.1053229027226735,0.670472275830962,0.6315506430860589,0.5128205128205129,0.5178571428571429,0.5365853658536585,0.4848484848484849,0.7722222222222223,-38.049446,-19.62514,1
0.0670897552130553,0.0548253551682511,0.2790262172284644,0.5359272295577779,0.0590372388737511,0.162610187925682,0.0717529518619436,0.3501988576896623,0.0712353471596032,0.1482267353743558,0.0666041275797373,0.1773510157190221,0.0690281562216167,0.1805513686136595,0.0733031674208144,0.1890830122704288,0.1207729468599033,0.6337986362183384,0.0663208912839569,0.2208835341365461,0.0708762886597938,0.2701043513338841,0.7084210914280702,0.1041864722549137,0.6318790906881664,0.5995478503766483,0.6153846153846154,0.5416666666666667,0.5426829268292682,0.4909090909090909,0.788888888888889,-32.888058,13.509937,1
0.1024478694469628,0.1900588150970071,0.099250936329588,0.1808842314543807,0.0962761126248864,0.1708069185599708,0.1053587647593097,0.3339279590839115,0.1073038773669973,0.1520123943282476,0.1003752345215759,0.1969359713649314,0.0881017257039055,0.1819454152856504,0.0914027149321266,0.1736012641571857,0.1847826086956521,0.6359076331814231,0.1791116924750626,0.321285140562249,0.1069587628865979,0.2631521274279623,0.6106374567535654,0.4674126500707029,0.6565978593783042,0.6038327399687554,0.4957264957264957,0.5535714285714286,0.5365853658536585,0.4787878787878788,0.6722222222222222,24.622456,4.745211,0
0.0716228467815049,0.1817874498204099,0.0739700374531835,0.1890109172428829,0.0663033605812897,0.0315751829413788,0.405086285195277,0.5259955465796697,0.0712353471596032,0.1458931099918198,0.0684803001876172,0.0561174710345688,0.2697547683923705,0.5294541720085723,0.0633484162895927,0.1665358832156103,0.1243961352657004,0.7577055133862035,0.0938491638265629,0.2329317269076305,0.0708762886597938,0.3518038569183166,0.8206228903438938,0.2478642315559265,0.7157013428790349,0.704923132733815,0.7264957264957265,0.5119047619047619,0.548780487804878,0.496969696969697,0.7722222222222223,-14.630469,-14.358667,1
0.0689029918404351,0.0096818354222837,0.7106741573033708,0.7567505776116292,0.1362397820163488,0.3131478415753809,0.0581289736603088,0.3289552675891353,0.0712353471596032,0.1458931099918198,0.0684803001876172,0.1774452434447198,0.0708446866485013,0.1921103389355844,0.0678733031674208,0.1748541318692111,0.1207729468599033,0.7139411360941823,0.0763313955744565,0.2208835341365461,0.0708762886597938,0.3203733525632948,0.7826360714881493,0.1657613439881501,0.6999385492750305,0.6516645194142872,0.5213675213675214,0.5476190476190476,0.5426829268292682,0.496969696969697,0.7666666666666667,-29.148329,12.9555,1
0.085222121486854,0.1817874498204099,0.0880149812734082,0.1782514737802949,0.0871934604904632,0.1724197623274908,0.0944595821980018,0.3382873319179051,0.0973850315599639,0.1472476856449011,0.0947467166979362,0.1907374859336816,0.0871934604904632,0.196503497619733,0.0805429864253393,0.1729997723166138,0.1666666666666666,0.6240537769521624,0.220625052342336,0.2891566265060241,0.0979381443298969,0.2640708596824301,0.5456727874266581,0.5782829489239888,0.6904467739566069,0.5795984623504327,0.4957264957264957,0.5476190476190476,0.5304878048780487,0.4787878787878788,0.6666666666666666,26.5478,18.699942,0
0.0698096101541251,0.1817874498204099,0.0720973782771535,0.1921410902314511,0.0626702997275204,0.1775450357818223,0.0653950953678474,0.3315663915486752,0.0658250676284941,0.1388922338442118,0.0684803001876172,0.1801966930350943,0.0690281562216167,0.1922535068743158,0.0660633484162896,0.1681134990797871,0.1050724637681159,0.5909401689517132,0.1089234565706278,0.1847389558232931,0.065721649484536,0.2837748233114242,0.5536181212480618,0.3236432204637075,0.6894025630444381,0.5188922844462809,0.4957264957264957,0.5416666666666667,0.5243902439024389,0.4666666666666667,0.8388888888888889,0.7849914,-10.191639,0
0.3553943789664551,0.6846638687743695,0.0608614232209737,0.1729245400833051,0.0635785649409627,0.1926356061341082,0.0572207084468664,0.3322893295789352,0.0712353471596032,0.1494180266535526,0.0656660412757973,0.1759281770609859,0.0690281562216167,0.1819454152856504,0.0723981900452488,0.1847170262692129,0.1183574879227053,0.6403996852025917,0.1126129902425984,0.2128514056224899,0.0708762886597938,0.2659574058771677,0.6875700401563082,0.2194492459277411,0.6264268367905595,0.6215227563775987,0.6410256410256411,0.5238095238095238,0.5365853658536585,0.4848484848484849,0.7722222222222223,16.155025,-32.977978,1
0.0371713508612874,0.0786333125990848,0.1404494382022472,0.416008661993823,0.0290644868301544,0.1723660576988683,0.033605812897366,0.3323524664456612,0.0351668169522092,0.1360585458797038,0.0365853658536585,0.1844652090092028,0.0354223433242506,0.1857473607547166,0.03710407239819,0.1877351178208252,0.1533816425120772,0.7330390068621081,0.519938882149392,0.4417670682730923,0.0347938144329896,0.4277552384467635,0.714782661742862,0.7408582282131,0.5710654298415702,0.6079018041107764,0.6666666666666667,0.761904761904762,0.7560975609756099,0.7151515151515152,0.85,4.4975953,37.872932,0
0.0190389845874886,0.1429193528126832,0.0393258426966292,0.1614997874852863,0.0481380563124432,0.1507855058513211,0.0681198910081744,0.3710248156518959,0.0766456266907123,0.1528939861394279,0.0684803001876172,0.1844652090092028,0.0663033605812897,0.0,0.9547511312217196,0.8699117012546133,0.1231884057971014,0.7261532681707585,0.1085014314311101,0.2088353413654618,0.0773195876288659,0.325282161002696,0.7953390367768259,0.2668953706875404,0.6981548090738173,0.665677040173399,0.4786324786324787,0.5238095238095238,0.5182926829268292,0.4666666666666667,0.7333333333333334,-14.246801,-9.28867,1
0.0643699002719855,0.0495802982416977,0.2949438202247191,0.5794749695311474,0.0554041780199818,0.1673491503083836,0.064486830154405,0.3418861333212871,0.0730387736699729,0.1482267353743558,0.0684803001876172,0.1816003041436975,0.0681198910081744,0.1848098947486455,0.069683257918552,0.1776611899075466,0.1231884057971014,0.6543219646655752,0.0712359346166881,0.2208835341365461,0.0734536082474226,0.280787009872877,0.7187693653135067,0.1163193045635896,0.6653868636359244,0.6175826152649523,0.4957264957264957,0.5297619047619048,0.5365853658536585,0.4848484848484849,0.75,-32.458664,13.329333,1
0.085222121486854,0.1817874498204099,0.0880149812734082,0.1807150703301832,0.0853769300635785,0.1711778427905956,0.0935513169845594,0.3392538671519563,0.0982867448151487,0.1472532802147837,0.0956848030018761,0.1907005901870671,0.0881017257039055,0.171431655468959,0.0995475113122171,0.1942460860689547,0.1654589371980676,0.6547022906159526,0.2171485201226817,0.285140562248996,0.0979381443298969,0.2813980469609702,0.619999247194246,0.5810970200927684,0.6958802068428596,0.6150744451117504,0.4786324786324787,0.5476190476190476,0.5243902439024389,0.4727272727272728,0.6722222222222222,24.522314,18.626562,0
0.0580235720761559,0.1700868971414272,0.0674157303370786,0.1862270036039757,0.0617620345140781,0.1879776404352977,0.0581289736603088,0.3446942889618049,0.0775473399458972,0.1417163664727586,0.0787992495309568,0.1885951368023337,0.0735694822888283,0.1919028915141572,0.0705882352941176,0.1736707642648148,0.1243961352657004,0.9972142989495522,0.2088586544931008,0.2128514056224899,0.0773195876288659,0.5166092774469992,1.0,0.8211610674646187,0.905740433430336,0.8288880906817294,0.4700854700854701,0.5297619047619048,0.5182926829268292,0.4666666666666667,0.7111111111111111,4.2437434,34.205894,0
0.0861287398005439,0.1805350703046205,0.0898876404494382,0.1952401313006032,0.0772025431425976,0.1887059542152456,0.072661217075386,0.3339779391546197,0.102795311091073,0.1501516467068432,0.0975609756097561,0.1856697712821992,0.0935513169845594,0.1819454152856504,0.0968325791855203,0.1806902751353549,0.1835748792270531,0.6204690376489899,0.2153098187854626,0.3293172690763052,0.1030927835051546,0.2511797898786226,0.5446089561312113,0.5589183539565341,0.6988869264911112,0.5272840205473446,0.5726495726495727,0.5595238095238095,0.5426829268292682,0.4909090909090909,0.6333333333333334,28.186655,15.329124,0
0.0652765185856754,0.1878060794358578,0.0636704119850187,0.1817334102287376,0.0608537693006357,0.1719134044004787,0.067211625794732,0.3295573362555076,0.0703336339044184,0.1482267353743558,0.0656660412757973,0.1773029468454397,0.0681198910081744,0.1819454152856504,0.0714932126696832,0.1763684658109447,0.1183574879227053,0.6365334319362789,0.2058678873069328,0.2128514056224899,0.0708762886597938,0.3067401602441851,0.6729449306607551,0.409193537389993,0.684760107061596,0.5609119417204943,0.4700854700854701,0.5357142857142857,0.5304878048780487,0.5272727272727273,0.7722222222222223,3.4392035,7.3176365,0
0.1078875793291024,0.193406748661344,0.1020599250936329,0.1844154699220037,0.0962761126248864,0.1854364216898678,0.0935513169845594,0.3300587211415237,0.0973850315599639,0.1380424898190492,0.1041275797373358,0.1788566650926052,0.1053587647593097,0.191187713663491,0.1013574660633484,0.1980541323824778,0.1763285024154589,0.7354394704944234,0.2284618576900618,0.321285140562249,0.0979381443298969,0.3510112206104738,0.7158134634898347,0.6452195516862093,0.8086080096886962,0.652112895927577,0.5042735042735043,0.5654761904761905,0.5426829268292682,0.4909090909090909,0.6555555555555557,20.887217,25.97495,0
0.0888485947416137,0.1805571711196051,0.0926966292134831,0.183238390432796,0.0881017257039055,0.1921989781431235,0.0808356039963669,0.3404016277423921,0.1000901713255184,0.1595837122360311,0.0863039399624765,0.1746616039203063,0.0908265213442325,0.1819454152856504,0.0941176470588235,0.1771457696462703,0.1823671497584541,0.610255532697035,0.2342375550094458,0.3333333333333333,0.1005154639175257,0.2534250938544192,0.5531659787703604,0.5587149585243514,0.6747283742426621,0.510517285313341,0.5726495726495727,0.5714285714285714,0.5548780487804877,0.496969696969697,0.6555555555555557,29.270031,16.322607,0
0.0380779691749773,0.1799528236876308,0.0402621722846441,0.1870008409429419,0.0354223433242506,0.1837557933961848,0.0345140781108083,0.3352936387150918,0.0414788097385031,0.1545951336145476,0.0318949343339587,0.1750007911499444,0.0354223433242506,0.180094910853804,0.0398190045248868,0.2757102876696619,0.0640096618357488,0.5885418677512937,0.4573489726822909,0.1244979919678714,0.0412371134020618,0.2381608396775634,0.4924168238069328,0.6346674633696752,0.5323952143848182,0.6617005565503618,0.4273504273504274,0.5416666666666667,0.5365853658536585,0.5090909090909091,0.8111111111111111,9.653475,44.854202,0
0.0643699002719855,0.1706329229331131,0.0739700374531835,0.0561511732012008,0.2770208900999091,0.5582982599058366,0.0563124432334241,0.3213729653220099,0.3246167718665464,0.0649969049440281,0.7110694183864915,0.6857191712265053,0.1580381471389645,0.3498415473137565,0.0615384615384615,0.17309726687319,0.3623188405797101,0.6535684303379705,0.0488835760525766,0.2329317269076305,0.3247422680412371,0.2768440182333514,0.7171509589553218,0.1955543493339915,0.6791311227742782,0.5822336924646753,0.2222222222222222,0.2738095238095238,0.2439024390243902,0.1818181818181818,0.3055555555555556,-6.4102664,-47.95799,1
0.0915684496826835,0.3026707973948993,0.0355805243445692,0.1320272584891433,0.064486830154405,0.211746894658763,0.0481380563124432,0.3628900469664801,0.1424706943192065,0.1430420285461998,0.1472795497185741,0.2003158976108765,0.1280653950953678,0.1819454152856504,0.1312217194570135,0.4389222687880407,0.1497584541062802,0.6246179603250234,0.0476585838417784,0.0923694779116465,0.143041237113402,0.2614824196915133,0.6830378466730381,0.1371294126453251,0.7341179617184006,0.5289134733164476,0.3846153846153847,0.3392857142857142,0.3048780487804878,0.2424242424242424,0.3055555555555556,8.614494,-26.489618,1
0.057116953762466,0.1817874498204099,0.0589887640449438,0.1848225801212785,0.0544959128065395,0.188356298635003,0.0508628519527702,0.3332003043702675,0.0559062218214607,0.1482267353743558,0.0506566604127579,0.1878572563699609,0.0472297910990009,0.1770444699544323,0.053393665158371,0.1740099038877569,0.0978260869565217,0.6849499082776539,0.2520739579467501,0.1927710843373494,0.0554123711340206,0.3226017929735,0.6503171822982282,0.4010977564492913,0.6064580646725665,0.6853141012653216,0.4957264957264957,0.5416666666666667,0.5609756097560975,0.5454545454545454,0.75,-2.5683088,9.685374,0
0.0661831368993653,0.1847331875547312,0.0664794007490636,0.1817649832400116,0.0635785649409627,0.0659079244841567,0.2252497729336966,0.5743311045621151,0.0730387736699729,0.0418098185085298,0.2964352720450281,0.133220828802817,0.3996366939146231,0.3601015603704133,0.188235294117647,0.392513005341738,0.1183574879227053,0.6788778151787686,0.060353002066876,0.2048192771084337,0.0734536082474226,0.2996561555910734,0.7525653880021153,0.1535206691020549,0.6885100820998183,0.6398375746203551,0.4444444444444445,0.5119047619047619,0.5243902439024389,0.4727272727272728,0.7666666666666667,-32.10543,-18.178425,1
0.0779691749773345,0.1765912416430977,0.0842696629213483,0.183238390432796,0.0799273387829246,0.1957211692733936,0.0708446866485013,0.3360763036047162,0.0874661857529305,0.1570763277341028,0.0759849906191369,0.1858508492709504,0.072661217075386,0.1779241268087535,0.0787330316742081,0.17664363136865,0.1533816425120772,0.5618866806332203,0.1003840189721931,0.2771084337349397,0.0876288659793814,0.2590616621752618,0.5596765032252572,0.3305600460506627,0.6866608336879804,0.5008675366964137,0.5470085470085471,0.5654761904761905,0.5426829268292682,0.4848484848484849,0.8333333333333333,1.5589153,-10.287709,0
0.514052583862194,0.5000552006807806,0.1704119850187266,0.3533011534913911,0.0608537693006357,0.1719134044004787,0.067211625794732,0.3382873319179051,0.0730387736699729,0.1393771430146089,0.0759849906191369,0.0341795568016982,0.4141689373297003,0.3478133413428777,0.204524886877828,0.4041593659588322,0.1280193236714976,0.7408824953369997,0.0715119031131482,0.2369477911646586,0.0734536082474226,0.3336121724228226,0.8180725262923506,0.2205357747072495,0.7233662790183399,0.6814375158253589,0.6923076923076924,0.5535714285714286,0.548780487804878,0.496969696969697,0.7611111111111112,10.337354,-35.4797,1
0.0879419764279238,0.1855901294410792,0.0880149812734082,0.1758455052198777,0.0890099909173478,0.1747827659868805,0.0944595821980018,0.3336405279080438,0.1064021641118124,0.147300894869328,0.1041275797373358,0.1941017071931749,0.0935513169845594,0.1893256623726613,0.0914027149321266,0.1794400813388173,0.181159420289855,0.6098019674288003,0.2154557636195962,0.3092369477911647,0.1069587628865979,0.2465837606693633,0.5541905290462814,0.5385562564561389,0.668761378985162,0.5515357464934223,0.5470085470085471,0.5476190476190476,0.5304878048780487,0.4727272727272728,0.65,28.90457,12.602216,0
0.0652765185856754,0.1925523884524518,0.0608614232209737,0.1701606314182199,0.0653950953678474,0.1818717769650498,0.0653950953678474,0.3455884973549822,0.0739404869251578,0.147075690422159,0.0703564727954971,0.1844652090092028,0.0681198910081744,0.1938943867598585,0.0642533936651583,0.184902586006441,0.1159420289855072,0.6189804612109205,0.2594444731267843,0.1967871485943775,0.0734536082474226,0.2699274467253381,0.5561027048726305,0.3467203445662267,0.5984333580828958,0.7029947473268803,0.4786324786324787,0.4821428571428571,0.5182926829268292,0.4666666666666667,0.7222222222222222,-4.212164,5.520387,0
0.0480507706255666,0.1784676501515715,0.0514981273408239,0.1767553987845446,0.0517711171662125,0.1756292150589007,0.0554041780199818,0.3421608509856674,0.0559062218214607,0.1482267353743558,0.0506566604127579,0.1795728330081092,0.0517711171662125,0.1712611159747709,0.0615384615384615,0.1865536983946615,0.0905797101449275,0.666920468788596,0.2409911057486813,0.1686746987951807,0.0554123711340206,0.3051725282661983,0.6620653162059487,0.3926314848456578,0.6420815707021551,0.6803282310171838,0.4700854700854701,0.5119047619047619,0.5426829268292682,0.4909090909090909,0.7277777777777777,-2.5253117,8.072039,0
0.0815956482320943,0.1857586025888304,0.0814606741573033,0.188711045720281,0.0735694822888283,0.1752954931959934,0.0781108083560399,0.3382873319179051,0.0450856627592425,0.0804416378753517,0.1106941838649155,0.2092608768510024,0.0890099909173478,0.1844200543483563,0.090497737556561,0.1818717769650498,0.1111111111111111,0.5872867804891864,0.0982894240018347,0.2690763052208835,0.0451030927835051,0.2674138748515583,0.5568114574762565,0.288257891955493,0.700392029309092,0.525883538336914,0.6581196581196582,0.6547619047619049,0.6402439024390242,0.5878787878787879,1.0,-4.0285974,-12.87709,0
0.0888485947416137,0.1805571711196051,0.0926966292134831,0.179584681266874,0.0908265213442325,0.2031839628357242,0.0762942779291553,0.3548468516621383,0.0838593327321911,0.1460973022127917,0.0816135084427767,0.1899011823437511,0.0753860127157129,0.1780000001762421,0.0814479638009049,0.3086147005141362,0.1545893719806763,0.6343487796771959,0.3452506462745062,0.2931726907630522,0.0837628865979381,0.2956037869263236,0.7233764997647331,0.5992633702442065,0.6927261688623595,0.6784483768723195,0.5213675213675214,0.5476190476190476,0.5670731707317073,0.593939393939394,0.5166666666666667,12.80337,32.53369,0
0.0779691749773345,0.1753322837976687,0.0852059925093633,0.1733232267354703,0.0881017257039055,0.1831092078754403,0.0871934604904632,0.3445134791311182,0.0946798917944093,0.1533889975842083,0.0863039399624765,0.1924653207091042,0.0781108083560399,0.1819454152856504,0.0751131221719457,0.1701815135196837,0.1582125603864734,0.5808823458214707,0.0953395595907454,0.2730923694779116,0.0940721649484536,0.26631399659791,0.5239660533978984,0.2875592631758706,0.6927758449074555,0.5186972455228732,0.4615384615384616,0.5357142857142857,0.5243902439024389,0.4727272727272728,0.8333333333333333,-2.2899985,-15.1173115,0
0.0698096101541251,0.1673181342826428,0.0823970037453183,0.181921532754245,0.0790190735694822,0.1845189392923408,0.0772025431425976,0.3415610802913043,0.0856627592425608,0.1620392748007177,0.0703564727954971,0.1965796638690534,0.0608537693006357,0.1804623869111919,0.0651583710407239,0.1803990598956414,0.1485507246376811,0.6710535046802395,0.2540234658614784,0.2650602409638554,0.086340206185567,0.3371321142369833,0.6756019840014141,0.5583187206646536,0.7214908315055713,0.6570608788979269,0.5641025641025642,0.5476190476190476,0.5365853658536585,0.4848484848484849,0.75,11.970306,20.348133,0
0.0734360834088848,0.1596424332059236,0.0926966292134831,0.1844851195959213,0.0871934604904632,0.1909080779958643,0.0808356039963669,0.3322464867050854,0.0991884580703336,0.3054771842283209,0.0168855534709193,0.0552616882936282,0.145322434150772,0.302040652230816,0.0714932126696832,0.1790834326469699,0.1739130434782608,0.6637702543615556,0.3666100509673233,0.3092369477911647,0.0992268041237113,0.4133734688886366,0.7420305667769667,0.6831075089644402,0.713415104807971,0.7366427765331485,0.7094017094017094,0.5297619047619048,0.5426829268292682,0.5636363636363636,0.4888888888888889,6.90592,34.47726,0
0.0815956482320943,0.183094620940015,0.0833333333333333,0.1900350752253176,0.0744777475022706,0.3729249987594134,0.0072661217075386,0.310387345780346,0.078449053201082,0.2198712155765128,0.0318949343339587,0.0719548661770372,0.1407811080835604,0.2617862701360407,0.0868778280542986,0.1688014129740502,0.143719806763285,0.6328272073285676,0.3919339695969964,0.2730923694779116,0.0786082474226804,0.3968759971270536,0.7253883775364792,0.7027638947928032,0.6904185022228825,0.748487383903129,0.7350427350427351,0.5535714285714286,0.5609756097560975,0.6121212121212122,0.5055555555555556,7.1339045,35.108185,0
0.0679963735267452,0.1775764287639639,0.0730337078651685,0.1875677855403612,0.0663033605812897,0.0486971229672037,0.298819255222525,0.6513830540121365,0.0757439134355275,0.1517271734481599,0.0684803001876172,0.1859272983888399,0.0653950953678474,0.0614948914338015,0.2470588235294117,0.4836104656715535,0.1183574879227053,0.7159903109344922,0.0733107035409879,0.1967871485943775,0.0760309278350515,0.3238413445275634,0.7883348032588037,0.2012321367395279,0.6956862559639072,0.6436651532013683,0.4786324786324787,0.494047619047619,0.5121951219512194,0.4606060606060606,0.8,-21.7394,-16.388031,1
0.0906618313689936,0.1880870696739284,0.0889513108614232,0.1939066045375135,0.0772025431425976,0.1729997723166138,0.0835603996366939,0.3424896590224754,0.0829576194770063,0.1493187523802862,0.0778611632270168,0.1791651350080181,0.0790190735694822,0.1819454152856504,0.0823529411764705,0.1755346307875954,0.1497584541062802,0.5983982227190545,0.0744041331155354,0.2811244979919678,0.0824742268041237,0.2829848471624125,0.5884416992950071,0.2664541266000801,0.7070614959748193,0.5227540379468149,0.5128205128205129,0.5773809523809524,0.5548780487804877,0.496969696969697,0.8166666666666667,-2.195457,-17.94307,0
0.0734360834088848,0.1889013062536349,0.0711610486891385,0.1861445591027018,0.0653950953678474,0.1790265276608866,0.067211625794732,0.3349044585987261,0.0721370604147881,0.1470599226830878,0.0684803001876172,0.1889128235556514,0.0635785649409627,0.1748809895829936,0.0714932126696832,0.1861985181482772,0.1219806763285024,0.6771145871732914,0.0963421827766234,0.2208835341365461,0.0721649484536082,0.2950634192331521,0.7431618170722809,0.1881606024646132,0.6778118958674145,0.6462370308956453,0.7008547008547009,0.5297619047619048,0.5365853658536585,0.4909090909090909,0.7944444444444445,-26.548159,-12.962391,1
0.0897552130553037,0.1793555035513771,0.0945692883895131,0.1727617326586881,0.0980926430517711,0.1902848848213253,0.0917347865576748,0.3475133500611208,0.1036970243462579,0.163713522003913,0.0863039399624765,0.1857579099851015,0.0826521344232515,0.1781890020976509,0.0886877828054298,0.1734586691087742,0.181159420289855,0.6484165963593468,0.2340100314781706,0.321285140562249,0.1030927835051546,0.2718593621801426,0.5624706656966342,0.6146920067066132,0.700269511977064,0.5570052907045172,0.4615384615384616,0.5535714285714286,0.5365853658536585,0.4848484848484849,0.6555555555555557,24.123837,24.419174,0
0.0598368087035358,0.1702482840749304,0.0692883895131086,0.1861852048183648,0.0635785649409627,0.1775746709954061,0.0663033605812897,0.3394538399590013,0.0712353471596032,0.1425101362829086,0.0712945590994371,0.1888214342156559,0.0663033605812897,0.0071799466766623,0.7420814479638009,0.8064358966425884,0.1268115942028985,0.7177835482410199,0.1119238738718848,0.2409638554216867,0.0708762886597938,0.3176640828699699,0.7694240551343333,0.3019839253114101,0.6864513602997945,0.6713315676137231,0.4273504273504274,0.5238095238095238,0.5609756097560975,0.5090909090909091,0.7611111111111112,-10.085251,-10.936748,1
0.0716228467815049,0.0572010056445712,0.2808988764044944,0.5515683603741912,0.0563124432334241,0.0531789622844389,0.2524977293369664,0.5962618440279623,0.0748422001803426,0.1541831917703394,0.0656660412757973,0.0543985281152657,0.2697547683923705,0.537579949490639,0.0615384615384615,0.1650294287350369,0.1219806763285024,0.5893672996463063,0.0591242530270045,0.2128514056224899,0.0747422680412371,0.2379057025524087,0.6449779370903816,0.0412609665160038,0.6278388218516281,0.5719935819949312,0.452991452991453,0.5238095238095238,0.5304878048780487,0.4787878787878788,0.7666666666666667,-34.029778,13.788286,1
0.0942883046237534,0.1918064859467243,0.0898876404494382,0.1771134709976748,0.0899182561307901,0.177118917331959,0.0935513169845594,0.3345285837854839,0.1055004508566276,0.1472958356315956,0.1031894934333958,0.1821732851167986,0.1017257039055404,0.1926383869173991,0.0968325791855203,0.1818717769650498,0.1835748792270531,0.6343466975908468,0.1842874057671106,0.321285140562249,0.1056701030927835,0.2570361051480307,0.6162427186190548,0.4865642344970158,0.6778559809212553,0.572099379738395,0.4786324786324787,0.5535714285714286,0.5304878048780487,0.4787878787878788,0.65,25.381735,5.724504,0
0.0689029918404351,0.0529133467491609,0.2921348314606741,0.5615706402705337,0.0581289736603088,0.167645530444234,0.067211625794732,0.2316163265015808,0.4093778178539224,0.3372788502059013,0.1622889305816135,0.3476617322111477,0.0599455040871934,0.1746847555356976,0.0678733031674208,0.0536978849242801,0.4408212560386473,0.6942556463492497,0.0238219568857107,0.2289156626506024,0.4097938144329897,0.3109105858245561,0.7722220398594221,0.1659522909385448,0.7316294404995152,0.6266997093117681,0.2051282051282051,0.2202380952380952,0.1951219512195121,0.1333333333333333,0.2611111111111111,-8.5409155,-51.355278,1
0.0589301903898458,0.1635396919091441,0.0730337078651685,0.1846620203555539,0.0681198910081744,0.1876808276277162,0.064486830154405,0.3359702953979195,0.0739404869251578,0.0414307981344908,0.3011257035647279,0.5866472949814507,0.0572207084468664,0.1611731966632689,0.07420814479638,0.052893159713765,0.1280193236714976,0.6547995091086458,0.0969198196524812,0.2369477911646586,0.0734536082474226,0.2731966542930814,0.714973100960476,0.1588786155831315,0.65356609061435,0.6249631744523635,0.4017094017094017,0.5476190476190476,0.548780487804878,0.496969696969697,0.75,-33.9212,-14.17926,1
0.0806890299184043,0.1871502031316102,0.0795880149812734,0.1805713369066167,0.0772025431425976,0.1706015229847867,0.0853769300635785,0.3847695607310524,0.0856627592425608,0.1391545940943194,0.0900562851782364,0.1807674829618646,0.0899182561307901,0.1882061039323163,0.0886877828054298,0.1870036990228656,0.1461352657004831,0.5685476459043883,0.0995562949395115,0.2570281124497992,0.086340206185567,0.2588783305212201,0.5229377994583397,0.2939703334137644,0.6823518426617765,0.5163405770701263,0.5470085470085471,0.5476190476190476,0.5304878048780487,0.4727272727272728,0.85,-2.1354685,-14.947411,0
0.0661831368993653,0.1789224172294946,0.0702247191011236,0.183238390432796,0.0663033605812897,0.1790457523183471,0.0681198910081744,0.3406043684378908,0.078449053201082,0.1564507531017759,0.0675422138836773,0.183013133940385,0.0663033605812897,0.0272584182599176,0.4452488687782805,0.4171383288030415,0.1243961352657004,0.6642855649386978,0.0856068342469172,0.2088353413654618,0.0786082474226804,0.290903679156124,0.7254098054083629,0.1576161093400824,0.666206703440994,0.6491366220286058,0.3675213675213676,0.5238095238095238,0.5182926829268292,0.4666666666666667,0.7388888888888889,-31.809153,-15.510172,1
0.0942883046237534,0.1905019239511105,0.0908239700374531,0.1759729687580315,0.0917347865576748,0.1867923845851908,0.0881017257039055,0.3372981876725311,0.0937781785392245,0.1462342832933602,0.0919324577861163,0.1844652090092028,0.0935513169845594,0.1819454152856504,0.0968325791855203,0.1905337933377832,0.1606280193236715,0.6429324152121394,0.2066998591601209,0.2811244979919678,0.0940721649484536,0.2672406068029867,0.6139491683553756,0.5368402332547053,0.7127178775888059,0.5326923884259982,0.5470085470085471,0.5535714285714286,0.5365853658536585,0.4848484848484849,0.6444444444444445,26.72105,11.219441,0
0.0970081595648232,0.1717215331774616,0.1086142322097378,0.1926550263464573,0.0962761126248864,0.1891246957115004,0.0908265213442325,0.3373152418836583,0.0838593327321911,0.141994248072217,0.0853658536585365,0.1769827515957656,0.0881017257039055,0.1725473478340261,0.0986425339366515,0.1830532787947446,0.1570048309178744,0.6545805830194803,0.2143000969906023,0.3012048192771084,0.0837628865979381,0.2729949352552926,0.6140660557990827,0.5674140504049201,0.7072017016792879,0.5586727062207472,0.6068376068376068,0.5833333333333334,0.5609756097560975,0.5090909090909091,0.6777777777777777,25.982649,16.545313,0
0.0906618313689936,0.1880870696739284,0.0889513108614232,0.1701442123861865,0.0944595821980018,0.1783863465674499,0.0971843778383288,0.342131506144245,0.1000901713255184,0.146312638150478,0.098499061913696,0.1984294758386714,0.0853769300635785,0.1807007307570871,0.0895927601809954,0.1782029028623131,0.1642512077294686,0.6560300963179978,0.2141397780035371,0.2730923694779116,0.1005154639175257,0.2678034566506312,0.5831834389457453,0.5655824090605118,0.6548779627112596,0.5993224009900735,0.5299145299145299,0.5297619047619048,0.5121951219512194,0.4545454545454546,0.6444444444444445,26.542122,16.661274,0
0.0607434270172257,0.1676558701490034,0.0720973782771535,0.183238390432796,0.0681198910081744,0.1777169592725466,0.0708446866485013,0.3440799232178693,0.0730387736699729,0.1436839446296857,0.0722326454033771,0.1902735092844736,0.0663033605812897,0.1750213424115233,0.07420814479638,0.1777978972795434,0.1280193236714976,0.6013601730930315,0.1385509596759268,0.2369477911646586,0.0734536082474226,0.3290385294613702,0.7441900774769118,0.0900185596364475,0.8817267099677976,0.6580202173399166,0.7692307692307693,0.8690476190476191,0.8841463414634146,0.8242424242424243,0.7944444444444445,-31.100752,-23.083172,1
0.0716228467815049,0.1846137657546911,0.0720973782771535,0.1861246538378395,0.0663033605812897,0.1790457523183471,0.0681198910081744,0.2293197778866569,0.0730387736699729,0.1447967759194875,0.0712945590994371,0.1802809400608991,0.0717529518619436,0.1861556233554218,0.0723981900452488,0.179101898503381,0.1280193236714976,0.6606272513771608,0.0933771094178065,0.2369477911646586,0.0734536082474226,0.2779370514143481,0.7191271363392273,0.1931769412292321,0.6375081280584426,0.6376726566598284,0.5726495726495727,0.5476190476190476,0.5426829268292682,0.4909090909090909,0.788888888888889,-27.033394,-10.66731,1
0.0670897552130553,0.1761727550784819,0.0730337078651685,0.1818337422423415,0.069936421435059,0.1846978016117524,0.0681198910081744,0.3417868560411939,0.2831379621280432,0.4357757239997507,0.0637898686679174,0.1653165545533098,0.0744777475022706,0.19183561126937,0.0714932126696832,0.1832944016171313,0.3285024154589372,0.6177451660129125,0.0799654695579707,0.2489959839357429,0.2835051546391752,0.2724323427211287,0.6918214185854806,0.2098956659257568,0.6278039221049891,0.6106381604200563,0.3418803418803419,0.3035714285714286,0.2804878048780487,0.2181818181818182,0.3666666666666666,-5.95856,-46.940845,1
0.4197642792384406,0.4379929892630083,0.1582397003745318,0.3443598005143385,0.0572207084468664,0.1688915534153675,0.0653950953678474,0.2359715448800646,0.0694319206492335,0.0389588519324803,0.3030018761726079,0.1742727590069245,0.3115349682107175,0.1936214407109553,0.2941176470588235,0.5922615515997421,0.1195652173913043,0.6880916594474455,0.081720072152684,0.2208835341365461,0.0695876288659793,0.3071353642365162,0.7440749108139871,0.1828435438049198,0.6928332559835922,0.6355829482408057,0.5299145299145299,0.5238095238095238,0.548780487804878,0.503030303030303,0.7722222222222223,9.617467,-34.899822,1
0.3118766999093382,0.6252427950578673,0.0580524344569288,0.1618839415914273,0.0681198910081744,0.1832944016171313,0.067211625794732,0.3394458501778979,0.0748422001803426,0.1493856105643227,0.0694183864915572,0.0595137437298772,0.2588555858310626,0.5232818430599031,0.0606334841628959,0.1598585323486295,0.1316425120772947,0.7389765971180591,0.0926516178968441,0.2449799196787148,0.0747422680412371,0.3325665070475112,0.8011920446863783,0.2231632138425606,0.7177010444204609,0.7075281030631778,0.6666666666666667,0.5416666666666667,0.5548780487804877,0.503030303030303,0.7777777777777778,16.177252,-32.327847,1
0.0906618313689936,0.1691466741582947,0.1039325842696629,0.1776047746956792,0.103542234332425,0.1829961093513723,0.1026339691189827,0.3586660868527186,0.0,0.1009059984507089,0.0159474671669793,0.0947716489891546,0.0753860127157129,0.1754514090496678,0.0832579185520362,0.1651417110565704,0.0036231884057971,0.5254043509679168,0.1723214651417676,0.0522088353413654,0.0,0.1945619173442878,0.5361050319191653,0.206801442200061,0.6937017063500623,0.4932302783740068,0.4444444444444445,0.6130952380952381,0.6158536585365851,0.6121212121212122,0.5722222222222222,-24.809122,-4.202304,1
0.1767905711695376,0.1857941045931458,0.1779026217228464,0.570280038563458,0.0172570390554041,0.154251385135013,0.0299727520435967,0.2397311800993028,0.1298467087466185,0.382464383146408,0.0140712945590994,0.096837318856283,0.069936421435059,0.263264804485122,0.0352941176470588,0.1548877996933088,0.1727053140096618,0.6785001666490468,0.1217398019543236,0.2088353413654618,0.1301546391752577,0.3537643584546779,0.8490797328701428,0.2440626546883687,0.8362565822224176,0.6104172517768237,0.3931623931623931,0.4404761904761904,0.4085365853658536,0.3878787878787879,0.3944444444444444,-9.453778,-20.357235,1
0.0951949229374433,0.377144891871281,0.0187265917602996,0.0430317787752999,0.1807447774750227,0.3174867051625722,0.0835603996366939,0.3515535017970386,0.0892696122633002,0.3454794913929261,0.0028142589118198,0.0401606731786288,0.1498637602179836,0.2898286449970513,0.0796380090497737,0.1603616922255762,0.1690821256038647,0.6296691019969333,0.3741191276627331,0.3253012048192771,0.0889175257731958,0.2808015528134449,0.6963114987342356,0.692189225054779,0.6992567469470062,0.7050811095516847,0.5128205128205129,0.5654761904761905,0.573170731707317,0.593939393939394,0.5166666666666667,16.561335,38.405037,0
0.0761559383499546,0.1873277777445639,0.0749063670411985,0.1904540489454046,0.0663033605812897,0.1892875863216452,0.0617620345140781,0.3419643681344042,0.0766456266907123,0.1528939861394279,0.0684803001876172,0.1935510501540908,0.0608537693006357,0.184975951529109,0.0624434389140271,0.1759809086874162,0.1292270531400966,0.6297036759561192,0.2105818858158125,0.2289156626506024,0.0773195876288659,0.313488069393867,0.6751732287569824,0.392762322987932,0.6671829991205636,0.5392639221300366,0.4700854700854701,0.5357142857142857,0.5304878048780487,0.5393939393939393,0.7833333333333334,0.56848603,7.0769835,0
0.1015412511332728,0.1977810729308722,0.0926966292134831,0.1883154320850411,0.0844686648501362,0.1757569867938219,0.0890099909173478,0.328942377997521,0.0874661857529305,0.1355718182999177,0.0956848030018761,0.1751973200453826,0.0999091734786557,0.1890337881940789,0.0977375565610859,0.1818717769650498,0.1533816425120772,0.6333955269898396,0.2075494085780106,0.2771084337349397,0.0876288659793814,0.2690954383430258,0.5705468004509028,0.5353247229130312,0.6909265538470069,0.56603738907457,0.5128205128205129,0.5595238095238095,0.5426829268292682,0.4848484848484849,0.65,26.773338,10.852824,0
0.1359927470534905,0.2914095244024646,0.0692883895131086,0.1803717614726848,0.067211625794732,0.1648803037767504,0.0790190735694822,0.3382873319179051,0.0757439134355275,0.1395462435055595,0.0787992495309568,0.1779219077731723,0.0808356039963669,0.1756847266389845,0.0886877828054298,0.1910210317587494,0.1231884057971014,0.7217814806476432,0.2538767359421771,0.2128514056224899,0.0760309278350515,0.3541562685775382,0.8236383036128726,0.647606466505712,0.7768587237679188,0.7919668170637401,0.4102564102564102,0.5119047619047619,0.5243902439024389,0.5818181818181818,0.4611111111111111,16.423546,35.8409,0
0.0661831368993653,0.1803450541022249,0.0692883895131086,0.0757543312645736,0.2025431425976385,0.414897694976013,0.0608537693006357,0.3259656079076503,0.0748422001803426,0.1493856105643227,0.0694183864915572,0.1859172840780205,0.0663033605812897,0.0598173948761876,0.2552036199095022,0.5008262709036861,0.1159420289855072,0.7530507597927891,0.091495405898179,0.1927710843373494,0.0747422680412371,0.3492102889326149,0.8170805640196105,0.250050443967483,0.7200683373541538,0.7122679829684173,0.5128205128205129,0.5059523809523809,0.5121951219512194,0.4606060606060606,0.7666666666666667,-14.534786,-14.24976,1
0.056210335448776,0.175680956998897,0.0617977528089887,0.1879554925649192,0.0554041780199818,0.1933983971775848,0.0490463215258855,0.3382873319179051,0.0631199278629395,0.1445233733542444,0.0609756097560975,0.1891763858991446,0.0563124432334241,0.1883303618749219,0.0561085972850678,0.1867731634616746,0.1062801932367149,0.668624808555267,0.2633342004676866,0.1967871485943775,0.0631443298969072,0.339827212621791,0.6459973631941236,0.401822335398929,0.5871989007573463,0.6600926691399981,0.4957264957264957,0.5238095238095238,0.5426829268292682,0.5212121212121213,0.7166666666666667,-2.7858272,10.653974,0
0.2683590208522212,0.5454541613045731,0.0589887640449438,0.1742085092084458,0.0608537693006357,0.0531789622844389,0.2643051771117166,0.6185472747841988,0.0739404869251578,0.1505764547250473,0.0675422138836773,0.0508817112242424,0.2897366030881017,0.5668235182048889,0.0624434389140271,0.1759809086874162,0.1256038647342995,0.5970794758928825,0.1360245226690097,0.2289156626506024,0.0734536082474226,0.2359725368455788,0.6538537113144953,0.2282052897642183,0.5689593817294336,0.5813648927823036,0.5042735042735043,0.5357142857142857,0.5426829268292682,0.4909090909090909,0.7388888888888889,16.065643,-31.220295,1
0.0834088848594741,0.1817874498204099,0.0861423220973782,0.1806844846319697,0.0835603996366939,0.1897633174879174,0.0772025431425976,0.341540094724808,0.0901713255184851,0.1492654832580457,0.0853658536585365,0.1831803425846732,0.0835603996366939,0.2603605405851409,0.0461538461538461,0.095161069512565,0.1533816425120772,0.5750233462464738,0.0814650538207732,0.2690763052208835,0.0902061855670103,0.2613194154127551,0.5279092728260368,0.2641479962105873,0.6799113359490492,0.5092360699702289,0.4786324786324787,0.5535714285714286,0.5304878048780487,0.4727272727272728,0.8055555555555555,-3.5737302,-17.193903,0
0.0643699002719855,0.1774602626658551,0.0692883895131086,0.1789675006645222,0.0681198910081744,0.1790834326469699,0.069936421435059,0.3382873319179051,0.0721370604147881,0.1403814553054355,0.074108818011257,0.1777135223834898,0.0762942779291553,0.1888239350487636,0.0751131221719457,0.186082364022553,0.1207729468599033,0.6381656460789732,0.2135106151833522,0.216867469879518,0.0721649484536082,0.3141288117965154,0.6846808946821833,0.4225823739904198,0.6768698612764169,0.5315337409001812,0.4786324786324787,0.5357142857142857,0.5304878048780487,0.5393939393939393,0.7222222222222222,2.643782,11.299297,0
0.0670897552130553,0.1775479759189879,0.0720973782771535,0.0559186747739547,0.2733878292461398,0.5354298244913683,0.0599455040871934,0.3258834630809153,0.2867448151487827,0.4506679670167948,0.0609756097560975,0.1675049722054118,0.069936421435059,0.1921814223177518,0.0669683257918552,0.1734506028500434,0.3260869565217391,0.6680218177659696,0.0568995975004747,0.2289156626506024,0.2873711340206185,0.2946661802587556,0.7444544742594885,0.1631073755095105,0.686298256442253,0.6514320577188765,0.188034188034188,0.2857142857142857,0.2682926829268293,0.206060606060606,0.3555555555555555,-7.1562586,-46.725063,1
0.1178603807796917,0.3144174951266827,0.048689138576779,0.1027711071605297,0.1144414168937329,0.3030319765006645,0.0481380563124432,0.2819061099315876,0.0144274120829576,0.0580972387686191,0.0928705440900562,0.2951570200073957,0.036330608537693,0.1094227560491274,0.0941176470588235,0.2793456779148769,0.0507246376811594,0.7093316966843961,0.0626429569504091,0.1646586345381526,0.0141752577319587,0.3611354842580647,0.7649646593408507,0.2387672896625048,0.7765068602845149,0.614856042782181,0.5641025641025642,0.6845238095238095,0.6707317073170732,0.6181818181818183,0.7722222222222223,10.716678,-24.12493,1
0.0743427017225748,0.1831634194199942,0.0758426966292134,0.1904049628330739,0.067211625794732,0.1892353623120918,0.0626702997275204,0.3382873319179051,0.0775473399458972,0.1565078643359941,0.0666041275797373,0.1905224364391281,0.0608537693006357,0.1790002462603175,0.0660633484162896,0.1775450357818223,0.1352657004830917,0.6120280628231202,0.2155283051168654,0.2489959839357429,0.0773195876288659,0.2918125859734801,0.649552965838069,0.3980134451899448,0.6660941680041268,0.5176605902100287,0.4871794871794873,0.5476190476190476,0.5426829268292682,0.5393939393939393,0.8277777777777777,1.9459685,5.963414,0
0.0679963735267452,0.1861751570750284,0.0674157303370786,0.0557723875144826,0.2624886466848319,0.5253265971664977,0.0581289736603088,0.3257158432317668,0.0748422001803426,0.1493856105643227,0.0694183864915572,0.1873893877684771,0.0653950953678474,0.0556813519618807,0.2687782805429864,0.5273840076836463,0.1183574879227053,0.6288074413564256,0.0555893833220773,0.2008032128514056,0.0747422680412371,0.2908465937754402,0.6785346432228563,0.0871592111032653,0.6579279633667593,0.6033464253403064,0.3504273504273504,0.494047619047619,0.5182926829268292,0.4666666666666667,0.7722222222222223,-38.60312,-20.64573,1
0.0761559383499546,0.1791231519970109,0.0805243445692883,0.1792878173971428,0.0790190735694822,0.1767711471149036,0.0826521344232515,0.3332830814457468,0.0946798917944093,0.1462458673170869,0.0928705440900562,0.1739236253604377,0.0980926430517711,0.1903577658924923,0.0950226244343891,0.1932786400844675,0.1618357487922705,0.6400731661266047,0.2479009671874719,0.285140562248996,0.0940721649484536,0.2717828857436189,0.5564392627696841,0.6361086217365113,0.696954427094135,0.5982705161816081,0.5555555555555556,0.5535714285714286,0.5365853658536585,0.4848484848484849,0.6777777777777777,23.519836,26.464264,0
0.0951949229374433,0.2012732304853305,0.0842696629213483,0.3494550929699087,0.0154405086285195,0.0602869956534261,0.1289736603088101,0.4326645948080454,0.1253381424706943,0.3219547477633486,0.0262664165103189,0.0789910995328911,0.1162579473206176,0.4247793516969758,0.0217194570135746,0.0649198944294709,0.1316425120772947,0.680380498550355,0.0289612031848814,0.0883534136546184,0.125,0.2834007433182171,0.7285789511418685,0.1708888652040852,0.8081868366669727,0.6371251714591996,0.3504273504273504,0.3392857142857142,0.3170731707317073,0.2909090909090909,0.2777777777777778,-27.64307,-20.403303,1
0.0861287398005439,0.1710312988933737,0.097378277153558,0.1751346508724817,0.0990009082652134,0.1902368099192895,0.0926430517711171,0.3442924324844951,0.1064021641118124,0.159121509689335,0.0928705440900562,0.1832397583730907,0.0908265213442325,0.1783810914084009,0.0968325791855203,0.1830667816727983,0.1461352657004831,0.6532490040108113,0.2242148140679621,0.3253012048192771,0.1069587628865979,0.2797285409364963,0.5929972030128632,0.614716935713369,0.6797662780747353,0.6595427486929134,0.5128205128205129,0.5535714285714286,0.5365853658536585,0.4787878787878788,0.6833333333333333,23.677462,23.865557,0
0.0435176790571169,0.2052432306581835,0.0337078651685393,0.1738322641574312,0.0354223433242506,0.1800211059574746,0.036330608537693,0.3339129267637943,0.0090171325518485,0.0488531878346973,0.1003752345215759,0.2931389952519807,0.0417801998183469,0.1930484418767288,0.0398190045248868,0.1818717769650498,0.0060386473429951,0.8365395278658411,0.5774876608214738,0.0321285140562249,0.009020618556701,0.5645730767568464,0.7667868819334055,0.7057698993978868,0.4876718043055607,0.7999117450994808,0.3760683760683761,0.5416666666666667,0.5426829268292682,0.5333333333333333,0.8555555555555555,2.1556206,37.199528,1
0.1350861287398005,0.2602177169967155,0.0833333333333333,0.1768536259307302,0.0835603996366939,0.1831469344275863,0.0826521344232515,0.3372622187908812,0.1118124436429215,0.1567444680206123,0.1003752345215759,0.2009684334440293,0.0853769300635785,0.3483316309748918,0.0217194570135746,0.0466953889212522,0.1871980676328502,0.65939397513145,0.3726205054595686,0.3132530120481928,0.1121134020618556,0.2943104620075865,0.7340142990670253,0.7104722185894825,0.705013900461874,0.775553105448889,0.452991452991453,0.5059523809523809,0.5243902439024389,0.5636363636363636,0.4666666666666667,15.243565,36.795628,0
0.0725294650951949,0.1763900981007501,0.0786516853932584,0.3092223002983003,0.0217983651226158,0.0598069184053287,0.145322434150772,0.398274329728929,0.0901713255184851,0.1482267353743558,0.0863039399624765,0.1723507541493521,0.0926430517711171,0.1906582069855938,0.0895927601809954,0.2038850215814701,0.1533816425120772,0.6368652270138064,0.3825127104747386,0.2690763052208835,0.0902061855670103,0.2966532179253861,0.7209188257411779,0.6422707614137751,0.6843213346929754,0.7487840045550953,0.4786324786324787,0.5119047619047619,0.5365853658536585,0.6,0.4833333333333334,12.720135,34.42715,0
0.013599274705349,0.0639429874641334,0.1179775280898876,0.183238390432796,0.1126248864668483,0.15503704735521,0.1389645776566757,0.3661873180554644,0.0973850315599639,0.3053315819608636,0.0159474671669793,0.1275863660696601,0.0454132606721162,0.2464571495745929,0.0226244343891402,0.1864179905271366,0.1111111111111111,0.6774705492768108,0.0863254105923903,0.1044176706827309,0.0979381443298969,0.3097217717913182,0.762354628903926,0.3036871088236841,0.8142255021298256,0.5929212685953109,0.4615384615384616,0.4107142857142857,0.3841463414634146,0.3575757575757576,0.3722222222222222,-24.624704,8.259194,1
0.1060743427017225,0.373861573517485,0.0252808988764044,0.0752691638530865,0.1162579473206176,0.4152121698991047,0.0199818346957311,0.2537154989384289,0.1118124436429215,0.3132578053955744,0.0215759849906191,0.0874469052587039,0.0944595821980018,0.3123974891783808,0.0361990950226244,0.0896419264439453,0.144927536231884,0.7299076688732711,0.046781133558726,0.1726907630522088,0.1121134020618556,0.3738753831140221,0.8001292609649312,0.2861024035932787,0.8105536687204004,0.6396734644064397,0.3504273504273504,0.4464285714285714,0.4146341463414634,0.3575757575757576,0.5055555555555556,12.129737,-24.460928,1
0.0979147778785131,0.1890411161488543,0.095505617977528,0.1908083507406345,0.0853769300635785,0.1757925378994686,0.0899182561307901,0.3238921263043772,0.1036970243462579,0.1409776012073291,0.1078799249530956,0.1867448107301424,0.1026339691189827,0.1853733989053003,0.1031674208144796,0.188960787943219,0.1751207729468599,0.6383138822867909,0.176125045669278,0.3012048192771084,0.1030927835051546,0.2637708443798495,0.6019600120708208,0.4816545907583027,0.6641773998806932,0.5874658305174016,0.5726495726495727,0.5476190476190476,0.5304878048780487,0.4727272727272728,0.6444444444444445,24.788065,5.562336,0
0.0698096101541251,0.1817874498204099,0.0720973782771535,0.1790523527791238,0.0708446866485013,0.1890336202477892,0.0663033605812897,0.3360016067022436,0.0766456266907123,0.1528939861394279,0.0684803001876172,0.1774452434447198,0.0708446866485013,0.1778719022830795,0.0769230769230769,0.1874484656012096,0.1292270531400966,0.7118878491038062,0.1499688623232578,0.2289156626506024,0.0773195876288659,0.4166850738853801,0.8789329487014462,0.2122785513218227,0.7599137261965141,0.6986398543865929,0.5641025641025642,0.5357142857142857,0.5365853658536585,0.4848484848484849,0.7444444444444445,-13.772914,-6.597417,1
0.0589301903898458,0.2077148108704282,0.046816479400749,0.1904417144864088,0.0399636693914623,0.2249905035332957,0.0217983651226158,0.3224795126694049,0.0522993688007213,0.1554451528711833,0.0422138836772983,0.169441377194821,0.0490463215258855,0.180311766841911,0.053393665158371,0.2139000562943459,0.0809178743961352,0.7995471244260481,0.2234863604128626,0.144578313253012,0.0528350515463917,0.3852330822294906,0.8712282430007053,0.5976489108430926,0.8821741064150991,0.6670959917588057,0.358974358974359,0.5178571428571429,0.5243902439024389,0.4848484848484849,0.4888888888888889,7.5539203,20.459742,1
0.0661831368993653,0.0321602734418979,0.4073033707865168,0.3440143244273237,0.1943687556766576,0.4140629490404534,0.0572207084468664,0.3288904615868522,0.0712353471596032,0.0424275298734863,0.2879924953095685,0.5648234608589257,0.0572207084468664,0.0550307616217352,0.2506787330316742,0.520909097458856,0.1231884057971014,0.6912083876516145,0.1020565300163983,0.2289156626506024,0.0708762886597938,0.305188034369473,0.7443800090552289,0.2258680534358199,0.6720291529240721,0.6593221408111337,0.4102564102564102,0.5297619047619048,0.548780487804878,0.496969696969697,0.7777777777777778,-28.042799,10.069329,1
0.0670897552130553,0.1520860468660693,0.0917602996254681,0.2115198976231545,0.0690281562216167,0.0890136686110829,0.1771117166212534,0.3780399907377512,0.1352569882777276,0.2432796938905509,0.0609756097560975,0.1042478727750565,0.1353315168029064,0.213365638203581,0.1122171945701357,0.4420632089719244,0.1352657004830917,0.6369831674170552,0.1566049059276269,0.0682730923694779,0.1353092783505154,0.3110796347229448,0.797744646490803,0.2080554667861373,0.7899529054488251,0.5853967879093778,0.2735042735042735,0.3035714285714286,0.2865853658536585,0.2909090909090909,0.2722222222222222,-20.310558,-5.6315084,1
0.0834088848594741,0.1884060377677774,0.0814606741573033,0.1793123551178612,0.0799273387829246,0.1684974510207712,0.0899182561307901,0.3392764761632791,0.0892696122633002,0.1451664721481559,0.0881801125703564,0.1819562982394112,0.0871934604904632,0.1883206287246334,0.085972850678733,0.192596178188434,0.1533816425120772,0.5980320752694454,0.0726564225609833,0.2730923694779116,0.0889175257731958,0.2747733920295601,0.590912000095426,0.2627275678065642,0.7021088293037853,0.5165605705770167,0.5641025641025642,0.5595238095238095,0.5365853658536585,0.4787878787878788,0.8166666666666667,-2.8093667,-17.868618,0
0.0679963735267452,0.0588985942823942,0.2649812734082397,0.5419061917358657,0.0526793823796548,0.0555117625505527,0.2343324250681198,0.5778046399181739,0.2660054102795311,0.4321511569162373,0.0581613508442776,0.0559036472311958,0.2452316076294278,0.5288360987810709,0.0542986425339366,0.1627264550627405,0.3031400966183575,0.6298377277564899,0.0442423800825379,0.2208835341365461,0.2654639175257732,0.2715262302589863,0.6931237855797253,0.1637378988120348,0.6244680433563896,0.5590776602992064,0.2051282051282051,0.2976190476190476,0.274390243902439,0.2121212121212121,0.361111111111111,-12.125337,-50.897976,1
0.070716228467815,0.1803931339594977,0.0739700374531835,0.1860856502783118,0.0681198910081744,0.1891838687082663,0.0635785649409627,0.2311630101439018,0.0703336339044184,0.0442500534799993,0.275797373358349,0.553097221628912,0.0554041780199818,0.1729836866799944,0.0642533936651583,0.0531789622844389,0.1231884057971014,0.6272718027058093,0.1245334275771927,0.2289156626506024,0.0708762886597938,0.2651281595076299,0.6832678843063856,0.2130802970654221,0.6368686514665239,0.5759010439271712,0.7094017094017094,0.5297619047619048,0.548780487804878,0.503030303030303,0.7388888888888889,-23.722778,-6.8784547,1
0.1804170444242973,0.378897569726329,0.0636704119850187,0.173136468515144,0.0663033605812897,0.1790457523183471,0.0681198910081744,0.3371521395289188,0.0766456266907123,0.1438019391944824,0.0759849906191369,0.1915794022993835,0.0690281562216167,0.1778183034277825,0.0751131221719457,0.022569033400767,0.1292270531400966,0.7743714581445756,0.0726272979484938,0.2289156626506024,0.0773195876288659,0.3525152156400593,0.8522122898827673,0.2237980508741501,0.7443801832182344,0.7146651632749824,0.6752136752136753,0.5357142857142857,0.5304878048780487,0.4787878787878788,0.7388888888888889,11.829158,-25.684671,1
0.0634632819582955,0.1847967646281338,0.0636704119850187,0.1863142623826963,0.0581289736603088,0.1689804590561187,0.0663033605812897,0.3316106082616307,0.0694319206492335,0.1458606985281735,0.0666041275797373,0.1801386179878276,0.067211625794732,0.1791386099058029,0.0723981900452488,0.1764044351648931,0.1171497584541062,0.6717361194510314,0.2172642702801251,0.2128514056224899,0.0695876288659793,0.3513304544014859,0.7141907699492557,0.4407970880954654,0.7080434113597321,0.5776126250358237,0.5042735042735043,0.5357142857142857,0.5304878048780487,0.5272727272727273,0.788888888888889,2.5208955,16.204285,0
0.0743427017225748,0.1859703974031462,0.0739700374531835,0.1846524657923139,0.0690281562216167,0.0585854786036657,0.2633969118982743,0.6015320514737398,0.0802524797114517,0.1539433344658031,0.0712945590994371,0.1816572227834096,0.0708446866485013,0.1861840707072445,0.0714932126696832,0.1790834326469699,0.1304347826086956,0.6525509185241688,0.0899100450228953,0.2248995983935743,0.0798969072164948,0.2747035921310249,0.7078962008208924,0.1691442005297685,0.6699479393228741,0.6503072803766146,0.4700854700854701,0.5119047619047619,0.5243902439024389,0.4727272727272728,0.7555555555555555,-31.907408,-12.79903,1
0.0371713508612874,0.1855901294410792,0.0365168539325842,0.1740776413646147,0.0381471389645776,0.199627743141502,0.0299727520435967,0.3336320016621542,0.0414788097385031,0.1437437181921156,0.0384615384615384,0.1921744075563805,0.033605812897366,0.1800615684316086,0.0380090497737556,0.1818717769650498,0.0591787439613526,0.7687067985483247,0.493511773967254,0.108433734939759,0.0412371134020618,0.3266986924206083,0.6836775988482391,0.7347580239108198,0.5818922709164257,0.8282135566110551,0.3846153846153847,0.5119047619047619,0.5182926829268292,0.4909090909090909,0.8055555555555555,5.4269247,41.79835,0
0.070716228467815,0.1860849987067828,0.0702247191011236,0.1846914747677489,0.0653950953678474,0.1776327399949958,0.0681198910081744,0.3417868560411939,0.0739404869251578,0.1529919004911427,0.0656660412757973,0.1815410302499285,0.0653950953678474,0.1805131755541529,0.069683257918552,0.1908343122731637,0.1256038647342995,0.645577515765708,0.1789038523973265,0.2289156626506024,0.0734536082474226,0.321550114832195,0.6253327324574367,0.1263719909772097,0.6201746948278496,0.6203160937417724,0.5213675213675214,0.5178571428571429,0.548780487804878,0.4909090909090909,0.7722222222222223,-30.849289,-22.991365,1
0.0262919310970081,0.1426785903070217,0.048689138576779,0.2039318682385985,0.0354223433242506,0.1876275335849395,0.0326975476839237,0.3398534769730807,0.0369702434625789,0.0592125924044687,0.1397748592870544,0.400322768330178,0.033605812897366,0.0764499914593089,0.1384615384615384,0.3661860623974501,0.0652173913043478,0.6421598691828906,0.4866797835190301,0.1405622489959839,0.0373711340206185,0.284607307928847,0.5652802540898939,0.6941017460514673,0.4533837000602239,0.6967211176455272,0.4957264957264957,0.5535714285714286,0.5670731707317073,0.5393939393939393,0.8777777777777778,7.5432167,43.05195,0
0.0670897552130553,0.1748158705158494,0.0739700374531835,0.1875383338729627,0.067211625794732,0.187721450359623,0.0635785649409627,0.3406865328534931,0.0712353471596032,0.1458931099918198,0.0684803001876172,0.195141617069143,0.0599455040871934,0.1789793585367335,0.0651583710407239,0.1803990598956414,0.1268115942028985,0.6356874299430973,0.226851187796649,0.2409638554216867,0.0708762886597938,0.3068848946350292,0.6709184818872735,0.4210253253640303,0.6734822882753984,0.563224627151276,0.4957264957264957,0.5535714285714286,0.548780487804878,0.5636363636363636,0.7777777777777778,3.8512354,10.468851,0
0.0797824116047144,0.1804802787008048,0.0833333333333333,0.1708444358111389,0.0881017257039055,0.1843613701061926,0.0862851952770208,0.3362974064360351,0.0937781785392245,0.1482267353743558,0.0900562851782364,0.194999517582986,0.0799273387829246,0.1806546313301033,0.0841628959276018,0.1899150778825879,0.1594202898550724,0.5883454963496036,0.1019489651406749,0.2771084337349397,0.0940721649484536,0.2743860670469909,0.562953648205648,0.3359274376021712,0.7065751459513302,0.5210569311576063,0.5470085470085471,0.5476190476190476,0.5243902439024389,0.4666666666666667,0.8388888888888889,2.9196396,-10.098504,0
0.0607434270172257,0.1802827924165479,0.0636704119850187,0.173136468515144,0.0663033605812897,0.17629508832889,0.069936421435059,0.3394225243068914,0.0703336339044184,0.1506431134300314,0.0637898686679174,0.1730824997449136,0.0690281562216167,0.1877138842731992,0.0687782805429864,0.1833240396307164,0.1207729468599033,0.6059016494539334,0.2067931312742363,0.2208835341365461,0.0708762886597938,0.2928843615087685,0.6326647253266078,0.3965563578387482,0.661995695207475,0.5280518001353779,0.4871794871794873,0.5416666666666667,0.5365853658536585,0.5333333333333333,0.788888888888889,2.388743,5.355788,0
0.1006346328195829,0.1841113095885967,0.1020599250936329,0.1880269638093453,0.0935513169845594,0.1892526883952613,0.0881017257039055,0.3237373391472425,0.0982867448151487,0.1347065248247424,0.1088180112570356,0.186732620346608,0.103542234332425,0.1888771390690307,0.1013574660633484,0.183033587097583,0.1763285024154589,0.6148512057914063,0.2155293766567441,0.321285140562249,0.0979381443298969,0.2508720918608469,0.5476678944720146,0.5853357846824412,0.6690245445104509,0.5394103113860692,0.4871794871794873,0.5654761904761905,0.548780487804878,0.4909090909090909,0.6444444444444445,27.98292,19.651026,0
0.0344514959202175,0.174384002771319,0.0393258426966292,0.183238390432796,0.036330608537693,0.1895461191249027,0.0326975476839237,0.3632137669013298,0.1370604147880973,0.1392998539983665,0.1463414634146341,0.195162606075814,0.1316984559491371,0.473776064751886,0.0199095022624434,0.1225920158720125,0.25,0.6344265157881883,0.7525554852127498,0.4457831325301205,0.1365979381443298,0.8875747297808997,0.6138396052627173,0.8931738689209309,0.6337070414326486,0.398366850928426,0.7692307692307693,0.9702380952380952,0.9695121951219512,0.9212121212121211,0.8833333333333333,-2.6417556,38.08079,0
0.0879419764279238,0.1936259807149465,0.0823970037453183,0.1696050403489732,0.0881017257039055,0.189522721740269,0.0826521344232515,0.3631266115342548,0.0694319206492335,0.1482267353743558,0.0647279549718574,0.1859687761017374,0.0617620345140781,0.1896331726679535,0.0606334841628959,0.1898536786389426,0.1256038647342995,0.5299581341968402,0.1220558587727503,0.2409638554216867,0.0695876288659793,0.2463167168930558,0.5080483464487473,0.3023508400795288,0.6497683769891097,0.4804896911938463,0.5299145299145299,0.5773809523809524,0.5609756097560975,0.503030303030303,0.8666666666666667,-2.883339,-10.712966,0
0.2964641885766092,0.58470372433398,0.0608614232209737,0.1674719311521846,0.067211625794732,0.1776892604879299,0.069936421435059,0.3382873319179051,0.2768259693417493,0.4210324383104012,0.0656660412757973,0.1773029468454397,0.0681198910081744,0.1877539430856127,0.0678733031674208,0.179007039651954,0.3140096618357488,0.7128170214825227,0.0369124023551275,0.2208835341365461,0.2770618556701031,0.3229114904126904,0.7823803914638963,0.1896695347837264,0.7127232262399481,0.6311381936292639,0.2735042735042735,0.2857142857142857,0.2682926829268293,0.206060606060606,0.361111111111111,16.554064,-36.365273,1
0.085222121486854,0.2042462287881215,0.0730337078651685,0.1750823686817701,0.0744777475022706,0.1779010334741132,0.0772025431425976,0.3361730360934182,0.0802524797114517,0.1418384358896635,0.0816135084427767,0.1719944466534741,0.0881017257039055,0.1992600077084678,0.0796380090497737,0.1779506677677499,0.1292270531400966,0.637769517329619,0.110810526352745,0.2208835341365461,0.0798969072164948,0.3118295155545139,0.6129313318227434,0.3862555694567406,0.7378602056357662,0.5613731561560626,0.5128205128205129,0.5357142857142857,0.5182926829268292,0.4606060606060606,0.8333333333333333,6.8198624,-5.2142205,0
0.0589301903898458,0.1635396919091441,0.0730337078651685,0.183238390432796,0.0690281562216167,0.1861688829346935,0.0663033605812897,0.3348817547509464,0.0793507664562669,0.0249194865964196,0.4512195121951219,0.4518485341301922,0.1562216167120799,0.3286107422346974,0.0678733031674208,0.1721772023492091,0.1364734299516908,0.6481082970501484,0.090979192064306,0.2449799196787148,0.0798969072164948,0.2697275077798862,0.7111950595787032,0.1771348555747822,0.6530620201858903,0.6140554597534246,0.5641025641025642,0.5357142857142857,0.5426829268292682,0.4909090909090909,0.7611111111111112,-30.5709,-10.736289,1
0.0661831368993653,0.1847331875547312,0.0664794007490636,0.1862483508409127,0.0608537693006357,0.178926342826233,0.0626702997275204,0.3382873319179051,0.0658250676284941,0.1457930974754255,0.0628517823639774,0.189107609594182,0.0581289736603088,0.1677204492449266,0.0705882352941176,0.1790647189267143,0.1135265700483091,0.6601251854410439,0.2098782816029848,0.2128514056224899,0.065721649484536,0.3396586052737396,0.70448544905141,0.4294231443267992,0.6971443745216428,0.5855736319203294,0.5042735042735043,0.5535714285714286,0.548780487804878,0.5575757575757576,0.7833333333333334,1.6656561,14.870464,0
0.0525838621940163,0.1919897609978155,0.048689138576779,0.1815392192346656,0.0463215258855585,0.1737661248776082,0.0508628519527702,0.3332003043702675,0.0568079350766456,0.1430644731645034,0.0553470919324577,0.1782298278313385,0.0572207084468664,0.1967640216414597,0.0524886877828054,0.1666071182894299,0.0990338164251207,0.6450620231626392,0.1873424087860931,0.1927710843373494,0.056701030927835,0.2987679690238954,0.6301083205634844,0.4642925043268191,0.6967577890908015,0.6253984336552579,0.4358974358974359,0.5297619047619048,0.5548780487804877,0.503030303030303,0.7611111111111112,7.337484,14.781462,0
0.0398912058023572,0.2061541347683883,0.0299625468164794,0.168053004590045,0.0345140781108083,0.1818717769650498,0.0345140781108083,0.3324040739715068,0.1190261496844003,0.2340542704358711,0.0544090056285178,0.2296139875378128,0.0317892824704813,0.1726928931264185,0.0398190045248868,0.1895461191249027,0.1376811594202898,0.6098065387593098,0.6967282502482532,0.1285140562248996,0.1185567010309278,0.4519791617963247,0.647169277654919,0.7781158757854505,0.6763479105572019,0.4430078476699121,0.905982905982906,0.9940476190476192,1.0,0.9636363636363636,0.9222222222222224,0.3106801,42.53715,0
0.0752493200362647,0.1902663976232537,0.0720973782771535,0.183238390432796,0.0681198910081744,0.1790834326469699,0.069936421435059,0.3394225243068914,0.0712353471596032,0.1425101362829086,0.0712945590994371,0.1830518559422202,0.069936421435059,0.1833488179755742,0.0723981900452488,0.179101898503381,0.1292270531400966,0.7591115909874586,0.0909722300217139,0.2489959839357429,0.0708762886597938,0.3366105866186888,0.8239673008856602,0.2446630044695142,0.7189956586756673,0.7175656743518231,0.6923076923076924,0.5535714285714286,0.5609756097560975,0.5090909090909091,0.7944444444444445,-15.598789,-13.987144,1
0.0625566636446056,0.169154386651072,0.0730337078651685,0.1818337422423415,0.069936421435059,0.1846978016117524,0.0681198910081744,0.3382873319179051,0.0766456266907123,0.1505288252787495,0.0703564727954971,0.1888514771481142,0.0653950953678474,0.1863631688236499,0.0660633484162896,0.1818717769650498,0.1304347826086956,0.6645686800672239,0.2106672029470195,0.2329317269076305,0.0773195876288659,0.3275371501906046,0.7172730735727487,0.4289121181023546,0.7110565410731993,0.5696509335185572,0.4871794871794873,0.5357142857142857,0.5304878048780487,0.5393939393939393,0.8166666666666667,1.8837335,13.67886,0
0.085222121486854,0.1830627387175856,0.0870786516853932,0.1819614375323829,0.0835603996366939,0.1699217298875645,0.0926430517711171,0.3354365959747767,0.0973850315599639,0.1406972479522507,0.1013133208255159,0.1904880203741853,0.0935513169845594,0.1868083687925956,0.0932126696832579,0.1806629571739747,0.1714975845410628,0.6410149530231275,0.1970416538699203,0.3052208835341365,0.0979381443298969,0.2658445280564381,0.578126464359493,0.5554821567535345,0.6968675152095397,0.6441814816167,0.5641025641025642,0.5595238095238095,0.5426829268292682,0.4848484848484849,0.6888888888888889,26.123205,14.025119,0
0.0380779691749773,0.0795796808304731,0.1404494382022472,0.1871222103142369,0.1307901907356948,0.3673572902981911,0.0381471389645776,0.3397710482859662,0.1397655545536519,0.3095360084981504,0.0375234521575985,0.1963532254604581,0.030881017257039,0.1781085895829231,0.0361990950226244,0.1744690929347491,0.2560386473429952,0.6769384631398455,0.622003403782477,0.4538152610441767,0.1404639175257732,0.2819494219723119,0.7023975702275669,0.8261848232335453,0.6828600797469573,0.4498254789599947,0.0683760683760683,0.1369047619047619,0.0975609756097561,0.0545454545454545,0.0888888888888889,1.8547329,44.75898,0
0.0643699002719855,0.1774602626658551,0.0692883895131086,0.1892156167751555,0.0617620345140781,0.2013253419749095,0.0508628519527702,0.3319760010985413,0.0631199278629395,0.1433244432038485,0.0619136960600375,0.190746778195792,0.0563124432334241,0.1899879922394443,0.0552036199095022,0.1851393679627996,0.107487922705314,0.646633828852858,0.2535553764991892,0.2008032128514056,0.0631443298969072,0.3081891621055332,0.6205817782439805,0.3477529213026991,0.6158835174366241,0.6460453997603951,0.4871794871794873,0.5476190476190476,0.5426829268292682,0.4909090909090909,0.7222222222222222,-3.3373313,5.4632893,0
0.0580235720761559,0.1757688202049619,0.0636704119850187,0.1978251216413617,0.0517711171662125,0.1902368099192895,0.0472297910990009,0.335623652139024,0.0649233543733092,0.1560292385617663,0.0544090056285178,0.1844652090092028,0.0526793823796548,0.1803612713402062,0.0570135746606334,0.1802994023495912,0.1123188405797101,0.6366372259407713,0.245261516181106,0.2128514056224899,0.0644329896907216,0.302813252491728,0.6270631977079038,0.3644478769693467,0.6460241042939843,0.6192015480718718,0.5042735042735043,0.5416666666666667,0.5548780487804877,0.503030303030303,0.7111111111111111,-3.0055935,5.994725,0
0.0906618313689936,0.1770069382972827,0.097378277153558,0.1820412470886587,0.0935513169845594,0.1706284531018244,0.1026339691189827,0.3420047751257942,0.1073038773669973,0.1482267353743558,0.1041275797373358,0.1953682183830684,0.0926430517711171,0.1855926304158593,0.0932126696832579,0.1748225918912523,0.1859903381642512,0.639068605710242,0.2172446872514433,0.3253012048192771,0.1069587628865979,0.264823973853741,0.5951958090337229,0.6120736163492525,0.6867900869504985,0.5561854764608415,0.5726495726495727,0.5595238095238095,0.5365853658536585,0.4787878787878788,0.6444444444444445,24.615223,23.553493,0
0.0924750679963735,0.1817874498204099,0.095505617977528,0.1948010432200737,0.0826521344232515,0.1756846224130973,0.0871934604904632,0.3353371516976908,0.0874661857529305,0.1392607010098754,0.0919324577861163,0.1761280139511595,0.0953678474114441,0.1819454152856504,0.0986425339366515,0.1866792671686358,0.1557971014492753,0.6113025714359432,0.2398056603686071,0.285140562248996,0.0876288659793814,0.2638594662676367,0.5630049285816666,0.6043008592697252,0.6467370202273468,0.5147945526956355,0.5213675213675214,0.5714285714285714,0.548780487804878,0.4909090909090909,0.65,26.335522,23.818497,0
0.0643699002719855,0.183270764566061,0.0655430711610486,0.1893901343325966,0.0581289736603088,0.167645530444234,0.067211625794732,0.3371444693100744,0.0658250676284941,0.1457930974754255,0.0628517823639774,0.1785762378967754,0.064486830154405,0.1735811352537048,0.0733031674208144,0.1777712706149323,0.1135265700483091,0.6215957486819865,0.2230455717555758,0.2128514056224899,0.065721649484536,0.3074070898543414,0.6709613616793715,0.405640276344334,0.6748980543620564,0.5218995397955064,0.4871794871794873,0.5476190476190476,0.5426829268292682,0.5515151515151515,0.7333333333333334,2.047002,8.4974575,0
0.0725294650951949,0.1750840081814094,0.0795880149812734,0.1902151198555831,0.0708446866485013,0.1846788350033852,0.0690281562216167,0.2114295824486907,0.0739404869251578,0.1459400957377769,0.0712945590994371,0.0214365761665614,0.51952770208901,0.5080527617692457,0.1656108597285067,0.3491724360498439,0.1316425120772947,0.6421872793251664,0.0757807286586501,0.2489959839357429,0.0734536082474226,0.2742391925208002,0.7081434992745829,0.1218031558717721,0.6484355717596869,0.6175195444710799,0.5299145299145299,0.5595238095238095,0.5609756097560975,0.5090909090909091,0.7944444444444445,-37.40808,-18.022549,1
0.0661831368993653,0.1789224172294946,0.0702247191011236,0.1861647408295761,0.064486830154405,0.1893942886145459,0.0599455040871934,0.3370791628753412,0.0694319206492335,0.1506603732732862,0.0628517823639774,0.1800175944627541,0.0635785649409627,0.1834179997983169,0.0660633484162896,0.1747586537046419,0.1219806763285024,0.6280430899614597,0.2126339817514238,0.2289156626506024,0.0695876288659793,0.321049079763031,0.6813293913108072,0.3962160089111357,0.6753914310348533,0.5272106755981439,0.5042735042735043,0.5476190476190476,0.5426829268292682,0.5515151515151515,0.8388888888888889,0.14870042,8.425957,0
0.0716228467815049,0.1804023678393713,0.0749063670411985,0.1860665411518318,0.0690281562216167,0.1804776048060098,0.069936421435059,0.3371671751897002,0.0757439134355275,0.14597038235548,0.073170731707317,0.1887625663074606,0.0681198910081744,0.1805420125957267,0.0723981900452488,0.1832847892884011,0.1316425120772947,0.6517823719866509,0.1192047405679764,0.2409638554216867,0.0760309278350515,0.2668037674433208,0.698012123924123,0.2340083923174069,0.6485995259614101,0.6388079002715322,0.6495726495726496,0.5416666666666667,0.5426829268292682,0.4909090909090909,0.7722222222222223,-20.304483,-7.2936816,1
0.0716228467815049,0.1804023678393713,0.0749063670411985,0.1889716483530183,0.067211625794732,0.1804587646416985,0.0681198910081744,0.3338361828137222,0.0775473399458972,0.1505133750109347,0.0712945590994371,0.1888214342156559,0.0663033605812897,0.1777352072158791,0.0723981900452488,0.1891330902933829,0.1207729468599033,0.7408868325295649,0.1099066879561943,0.2008032128514056,0.0773195876288659,0.3363039514792305,0.8187252180278611,0.2859679870665341,0.7129979546079189,0.7051649204850441,0.5470085470085471,0.5297619047619048,0.5060975609756097,0.4545454545454546,0.7611111111111112,-12.041233,-12.373373,1
0.0897552130553037,0.1746574255316548,0.098314606741573,0.1719105824452599,0.1026339691189827,0.1853000691594103,0.0999091734786557,0.3450146368139999,0.102795311091073,0.1541349892330308,0.0938086303939962,0.1947441404054397,0.0835603996366939,0.1746083275383297,0.0923076923076923,0.1907978792028055,0.178743961352657,0.6113483911538854,0.1790959468500317,0.3132530120481928,0.1030927835051546,0.2501163705045531,0.5804848931882246,0.4630679698892566,0.6419956847001095,0.5574330860391752,0.4700854700854701,0.5535714285714286,0.5365853658536585,0.4787878787878788,0.65,24.775606,4.1400857,0
0.0770625566636446,0.1752921895987697,0.0842696629213483,0.1756684301249576,0.0853769300635785,0.1818717769650498,0.0853769300635785,0.3435078154351567,0.0901713255184851,0.1432163044059697,0.0909943714821763,0.1908895411318509,0.0835603996366939,0.1998295666697447,0.0751131221719457,0.1791558571747122,0.181159420289855,0.5969608244832424,0.0788183561979434,0.3614457831325301,0.0902061855670103,0.2774552218397316,0.576340593515898,0.324067827121054,0.7245547013830304,0.5207439249217876,0.6581196581196582,0.6071428571428572,0.5853658536585366,0.5272727272727273,0.8388888888888889,1.711672,-12.789254,0
0.070716228467815,0.1832006077875505,0.0720973782771535,0.026398139115211,0.4595821980018165,0.5014963985790123,0.1416893732970027,0.4438521730837763,0.0739404869251578,0.029934731056283,0.3827392120075047,0.1609528659355555,0.4250681198910082,0.4164732671617736,0.1683257918552036,0.3509522302954268,0.1304347826086956,0.7095661104561688,0.0992469719635768,0.2449799196787148,0.0734536082474226,0.3098653673156262,0.7745439177504594,0.2397569954472201,0.6681418165781727,0.6634386070455188,0.4273504273504274,0.5595238095238095,0.5548780487804877,0.503030303030303,0.8055555555555555,-17.793839,-11.782733,1
0.0897552130553037,0.1894391832034641,0.0870786516853932,0.1794534102788768,0.0853769300635785,0.178181321249944,0.0881017257039055,0.3271350022942379,0.0928764652840396,0.1423524369976273,0.0947467166979362,0.1856906596453148,0.0908265213442325,0.1920839365364937,0.0868778280542986,0.1844377379939577,0.1570048309178744,0.6518421451792736,0.2330662780267272,0.2730923694779116,0.0927835051546391,0.275937294891655,0.5827444558750918,0.6179255459412932,0.709625090840654,0.5856367271331844,0.5470085470085471,0.5476190476190476,0.5304878048780487,0.4727272727272728,0.65,23.597357,24.79093,0
0.1124206708975521,0.1942908257470673,0.1058052434456928,0.1966353240411768,0.0908265213442325,0.1794817675495527,0.0926430517711171,0.3335888967523787,0.0955816050495942,0.1424520013768938,0.0975609756097561,0.1786409518650438,0.0990009082652134,0.1774484905372926,0.1058823529411764,0.1807534570513814,0.1630434782608695,0.6382898010948653,0.180261848845643,0.285140562248996,0.095360824742268,0.2628779365812319,0.6199317380193464,0.5033999148978805,0.6361577999122591,0.583671621080225,0.4871794871794873,0.5535714285714286,0.5304878048780487,0.4727272727272728,0.6611111111111112,25.465569,7.015858,0
0.0661831368993653,0.1877630892243188,0.0646067415730337,0.1802708238332443,0.0626702997275204,0.1833549388363688,0.0617620345140781,0.3336212997535202,0.0658250676284941,0.2227568960290997,0.0215759849906191,0.0795795340383905,0.106267029972752,0.2377072821652881,0.0733031674208144,0.1876012515912413,0.1111111111111111,0.6142067898124316,0.2267648296198567,0.2048192771084337,0.065721649484536,0.2996224391317092,0.6381190785132856,0.3982128043937045,0.6531501238403189,0.5168812764197387,0.4786324786324787,0.5416666666666667,0.5365853658536585,0.5393939393939393,0.8055555555555555,1.7516499,7.112533,0
0.0979147778785131,0.1853524619647874,0.098314606741573,0.179707151965173,0.0962761126248864,0.1854364216898678,0.0935513169845594,0.3300587211415237,0.0919747520288548,0.1442418312123645,0.0919324577861163,0.1882509761529061,0.0862851952770208,0.1807080957542975,0.090497737556561,0.1895696600517735,0.1654589371980676,0.6288606262645887,0.2175566426591778,0.3052208835341365,0.0914948453608247,0.2556044202974023,0.5596333315524501,0.5538289719531151,0.6723733382556456,0.6453102834311677,0.6068376068376068,0.5714285714285714,0.5548780487804877,0.496969696969697,0.7111111111111111,28.333164,15.26521,0
0.0689029918404351,0.1776045022376736,0.0739700374531835,0.0568200532918934,0.2742960944595822,0.1244329626757829,0.4032697547683924,0.5175391850855601,0.0748422001803426,0.151751314400393,0.0675422138836773,0.183013133940385,0.0663033605812897,0.180522918681578,0.0705882352941176,0.187721450359623,0.1243961352657004,0.6386766215210363,0.0844421703224846,0.2208835341365461,0.0747422680412371,0.2669013409541775,0.7003789800058067,0.1519852702261655,0.6338796912114317,0.612545130718054,0.6068376068376068,0.5297619047619048,0.5304878048780487,0.4787878787878788,0.7777777777777778,-35.020924,-14.338983,1
0.0698096101541251,0.1817874498204099,0.0720973782771535,0.0307187548274782,0.4205267938237965,0.4558987185694539,0.1444141689373297,0.4494388838337883,0.0775473399458972,0.1516798702309463,0.0703564727954971,0.1873693591468382,0.0663033605812897,0.1791196450045877,0.0714932126696832,0.1790834326469699,0.1340579710144927,0.6770157568494569,0.1011785108534311,0.2449799196787148,0.0773195876288659,0.2932635621847282,0.7544216218667074,0.2410830783958099,0.6875121820520885,0.6577949918644165,0.6923076923076924,0.5595238095238095,0.5426829268292682,0.496969696969697,0.788888888888889,-19.007675,-9.471557,1
0.0652765185856754,0.1878060794358578,0.0636704119850187,0.1878861234159174,0.0572207084468664,0.1702536756397168,0.064486830154405,0.328337704508555,0.0694319206492335,0.1482267353743558,0.0647279549718574,0.1786569087339319,0.0663033605812897,0.2875767868231083,0.0253393665158371,0.0731677596141625,0.1171497584541062,0.66908065020948,0.2122458649148531,0.2128514056224899,0.0695876288659793,0.3323630134775592,0.7216895317636888,0.4271173531275884,0.7047562966707223,0.5589667663189551,0.4786324786324787,0.5357142857142857,0.5365853658536585,0.5333333333333333,0.7166666666666667,1.9102993,14.244548,0
0.0471441523118767,0.1019120688435358,0.1198501872659176,0.3053090069841966,0.0481380563124432,0.1121631690130522,0.1053587647593097,0.5021452583156405,0.096483318304779,0.2371729700874762,0.0375234521575985,0.1109381708424791,0.0908265213442325,0.2794105427765426,0.0443438914027149,0.1098395487479857,0.0917874396135265,0.6567177798323253,0.1298385376548519,0.0441767068273092,0.0966494845360824,0.2539166164823027,0.6558633464060889,0.3377693720421061,0.7430384396163293,0.5295371607594203,0.3333333333333333,0.3392857142857142,0.3170731707317073,0.3212121212121212,0.3055555555555556,-2.1211786,-6.1760144,1
0.1305530371713508,0.4410430552087534,0.0234082397003745,0.2192110879932154,0.0081743869209809,0.0525055696494822,0.1289736603088101,0.522210541504339,0.1956717763751127,0.4631247301753516,0.024390243902439,0.222322880446236,0.0099909173478655,0.0541578036864808,0.1330316742081448,0.4199853387812791,0.2016908212560386,0.6321541087854783,0.1769600270794249,0.1004016064257028,0.1958762886597938,0.2649106016152255,0.6955844084829453,0.3708638579314926,0.6675328573777469,0.63085892931854,0.1623931623931624,0.2321428571428571,0.25,0.206060606060606,0.3666666666666666,12.850479,-22.8544,1
0.0716228467815049,0.1804023678393713,0.0749063670411985,0.1818522244553738,0.0717529518619436,0.1934898782903827,0.0772025431425976,0.3456414043509031,0.0766456266907123,0.1541010337510844,0.0675422138836773,0.183013133940385,0.0663033605812897,0.1909071438913065,0.0642533936651583,0.1803886150937306,0.1328502415458937,0.6591213632638164,0.2188798351201253,0.2409638554216867,0.0773195876288659,0.3190127602870161,0.7123827069081351,0.43196340277482,0.7000017375783992,0.5718898357457483,0.4871794871794873,0.5476190476190476,0.5365853658536585,0.5515151515151515,0.7444444444444445,3.2347903,13.30461,0
0.0643699002719855,0.1654902514461126,0.0777153558052434,0.1947834440529698,0.0663033605812897,0.1818717769650498,0.0663033605812897,0.2387069764660147,0.0766456266907123,0.1448864480620984,0.075046904315197,0.0585005855327715,0.2761126248864669,0.5482642488015184,0.0615384615384615,0.1600024097644231,0.1304347826086956,0.6420461213229507,0.0923809748479233,0.2329317269076305,0.0773195876288659,0.2627349880669354,0.6819087199407952,0.1423239270253091,0.6292094418807338,0.6513953832451874,0.6239316239316239,0.5178571428571429,0.5365853658536585,0.4787878787878788,0.75,-35.780876,-14.833903,1
0.0779691749773345,0.1716469708319583,0.0880149812734082,0.1819691300197348,0.0844686648501362,0.1666838679699218,0.0962761126248864,0.3537577891702484,0.0946798917944093,0.1452726084450183,0.0938086303939962,0.2060706062114842,0.0762942779291553,0.2024174293498531,0.0669683257918552,0.1734506028500434,0.1642512077294686,0.7179203035804581,0.3100554789324818,0.2931726907630522,0.0940721649484536,0.4847129785445204,0.805187850392995,0.6645320558806525,0.7715669054167031,0.7576438803160072,0.717948717948718,0.5178571428571429,0.5426829268292682,0.5757575757575758,0.4888888888888889,6.3166037,33.180706,0
0.1024478694469628,0.188837361476707,0.1001872659176029,0.1944589529009234,0.0871934604904632,0.1747017487185586,0.0926430517711171,0.3354365959747767,0.0928764652840396,0.1414125492573507,0.0956848030018761,0.1844652090092028,0.0926430517711171,0.1795826243161743,0.0977375565610859,0.1806969127860835,0.1606280193236715,0.6805511467838664,0.2185116166624447,0.285140562248996,0.0927835051546391,0.2854688785291514,0.6058288130598699,0.6054922508694762,0.7140423003764584,0.6389130762860169,0.5726495726495727,0.5535714285714286,0.5365853658536585,0.4787878787878788,0.6555555555555557,22.849485,22.24653,0
0.0806890299184043,0.1913562841600027,0.0767790262172284,0.1752875516189028,0.0781108083560399,0.1694974678611449,0.0871934604904632,0.3413441451581272,0.0838593327321911,0.1460973022127917,0.0816135084427767,0.179294405105608,0.0826521344232515,0.1940871121062167,0.0778280542986425,0.1917628632285089,0.1473429951690821,0.5926705656786697,0.1053750049876262,0.2690763052208835,0.0837628865979381,0.2877850456076282,0.5636035816526415,0.3343840491455296,0.7008053097312328,0.5185199345546174,0.5299145299145299,0.5595238095238095,0.5426829268292682,0.4848484848484849,0.8,4.0363255,-10.389782,0
0.0670897552130553,0.1803549335249522,0.0702247191011236,0.1861647408295761,0.064486830154405,0.0580550710559776,0.254314259763851,0.6018082607669979,0.2840396753832281,0.4435898386474211,0.0619136960600375,0.1729276329522022,0.067211625794732,0.1863018111356221,0.0678733031674208,0.1818717769650498,0.321256038647343,0.6352493134233497,0.0300827253781526,0.2208835341365461,0.2847938144329897,0.2834857756728646,0.6952140841497386,0.0830782815311077,0.6476522534785923,0.5995010221281795,0.3504273504273504,0.2857142857142857,0.2621951219512195,0.1999999999999999,0.361111111111111,-9.584402,-46.742153,1
0.1604714415231187,0.3405021276050851,0.0655430711610486,0.1692849315872217,0.0708446866485013,0.1804959491765235,0.0717529518619436,0.3440405178348764,0.078449053201082,0.1528309151831431,0.0703564727954971,0.0533293574334998,0.2861035422343324,0.2615697892552398,0.1918552036199095,0.39551110781074,0.1340579710144927,0.735070704789219,0.0915557976274553,0.2409638554216867,0.0786082474226804,0.3264819525574811,0.7927847555070023,0.2417000760025671,0.7066789711261597,0.6942498183166239,0.6239316239316239,0.5297619047619048,0.5365853658536585,0.4848484848484849,0.7388888888888889,11.049375,-25.013958,1
0.2765185856754306,0.5383912545356988,0.0636704119850187,0.1652182327263077,0.0717529518619436,0.1889849002254577,0.067211625794732,0.2345755577904421,0.2822362488728584,0.4513578089617175,0.0590994371482176,0.1672757798161714,0.0681198910081744,0.0562557625144995,0.2733031674208144,0.5349610302871243,0.3188405797101449,0.6838552662809366,0.0543651958359771,0.2208835341365461,0.2822164948453608,0.3031249046678543,0.7601280219126777,0.1463023927055866,0.6967874304396142,0.656886009102359,0.3076923076923077,0.2797619047619047,0.2621951219512195,0.206060606060606,0.3999999999999999,16.929783,-36.916775,1
0.0553037171350861,0.1817874498204099,0.0571161048689138,0.1785562297979477,0.0563124432334241,0.177325563402963,0.0590372388737511,0.3382873319179051,0.0586113615870153,0.1456456042694296,0.0553470919324577,0.1695354230903727,0.0626702997275204,0.1834284436601089,0.0651583710407239,0.1911662580253161,0.1014492753623188,0.5100369525153727,0.2710640732501558,0.1927710843373494,0.0592783505154639,0.2428167872378607,0.4896039149965508,0.3186714049385676,0.5587948617619104,0.5060680322513504,0.5042735042735043,0.5238095238095238,0.548780487804878,0.496969696969697,0.7277777777777777,-4.638788,5.049076,0
0.0679963735267452,0.1892040235486657,0.0655430711610486,0.1878187649668867,0.0590372388737511,0.1818717769650498,0.0590372388737511,0.327931597267357,0.0676284941388638,0.1506956433877635,0.0609756097560975,0.1784932946416708,0.0626702997275204,0.1762164563596603,0.069683257918552,0.1736168102338922,0.1207729468599033,0.626417383630338,0.2034962383896736,0.2289156626506024,0.0682989690721649,0.3023030001153596,0.6739015768062644,0.401800899245704,0.6838691401824613,0.5355214618673243,0.5042735042735043,0.5535714285714286,0.548780487804878,0.5454545454545454,0.8166666666666667,3.2657793,6.0867677,0
0.0834088848594741,0.1857089631792252,0.0833333333333333,0.1662857398583455,0.0917347865576748,0.17490091616985,0.0971843778383288,0.3431200080881609,0.1055004508566276,0.1530390137055742,0.0975609756097561,0.1844652090092028,0.0944595821980018,0.1880241071693318,0.0932126696832579,0.1782867628418042,0.181159420289855,0.6330046522269964,0.2110581198712174,0.3132530120481928,0.1056701030927835,0.262437799319372,0.5729299842100508,0.5392128893878537,0.665019159983905,0.6190659245138012,0.5555555555555556,0.5476190476190476,0.5304878048780487,0.4787878787878788,0.7,27.35625,12.433528,0
0.0761559383499546,0.1873277777445639,0.0749063670411985,0.1778010425987787,0.0744777475022706,0.1832297368602186,0.0735694822888283,0.3405129064699966,0.0694319206492335,0.1435594846092838,0.0684803001876172,0.1844652090092028,0.0663033605812897,0.1791196450045877,0.0714932126696832,0.1686359653285945,0.1171497584541062,0.5721077983687838,0.1451004159313647,0.2128514056224899,0.0695876288659793,0.2410724944207337,0.5313100680629101,0.3180953766297194,0.6161676672231742,0.5315274636328591,0.5213675213675214,0.5476190476190476,0.5365853658536585,0.4848484848484849,0.7833333333333334,-2.8291204,-9.828691,0
0.0806890299184043,0.1885341394699845,0.0786516853932584,0.1779378312235339,0.0781108083560399,0.1706686078299073,0.0862851952770208,0.3362974064360351,0.0901713255184851,0.1461865598902226,0.0881801125703564,0.1832032866279684,0.0862851952770208,0.1924007653255825,0.0823529411764705,0.188617771282985,0.1521739130434782,0.6839297137984895,0.2097275667046523,0.2650602409638554,0.0902061855670103,0.3043809411704881,0.605403826523333,0.5925732009654721,0.7322534991116708,0.6040836605899591,0.4957264957264957,0.5476190476190476,0.5304878048780487,0.4727272727272728,0.6555555555555557,22.239471,19.897612,0
0.0661831368993653,0.051895919619651,0.2893258426966292,0.5403776643887739,0.0617620345140781,0.1680223846567058,0.0708446866485013,0.3440799232178693,1.0,0.8146769466086464,0.1557223264540337,0.3267888744955601,0.0635785649409627,0.1670092009428904,0.0769230769230769,0.1948520005147321,1.0,0.6572815469595146,0.0250167778529322,0.2489959839357429,1.0,0.2666457382051906,0.7101930168354293,0.2241213366927911,0.6868032656365094,0.6220973615392392,0.0683760683760683,0.1071428571428571,0.0670731707317073,0.0,0.0888888888888889,-5.442359,-53.12706,1
0.070716228467815,0.174996950497786,0.0777153558052434,0.1740776413646147,0.0799273387829246,0.1858425204559864,0.0772025431425976,0.4212634699355045,0.0757439134355275,0.1335950473930564,0.0844277673545966,0.1870987861526486,0.0799273387829246,0.183252334040642,0.0823529411764705,0.188617771282985,0.1280193236714976,0.6769994483276597,0.3774819511807347,0.2289156626506024,0.0760309278350515,0.3289023215989134,0.7521598776319849,0.7014163786528904,0.7018596797022297,0.7263702536817277,0.452991452991453,0.494047619047619,0.5304878048780487,0.6181818181818183,0.4833333333333334,11.168934,35.47432,0
0.0145058930190389,0.1682940705212605,0.0205992509363295,0.0490835144304059,0.1662125340599455,0.211746894658763,0.1371480472297911,0.3303699688304648,0.1109107303877367,0.258807825869615,0.0384615384615384,0.2947067482338437,0.0018165304268846,0.112865423950385,0.0389140271493212,0.1028686879527859,0.1304347826086956,0.6859123949685954,0.053769010258151,0.1285140562248996,0.1108247422680412,0.3337299472188417,0.7630342259405988,0.1703465739577335,0.8472170139698626,0.6218917973939352,0.4102564102564102,0.4047619047619047,0.3780487804878048,0.3212121212121212,0.3333333333333333,-25.582201,-20.549795,1
0.070716228467815,0.1763195444834996,0.0767790262172284,0.1874523350041594,0.069936421435059,0.1725476956466297,0.0762942779291553,0.3404698308335045,0.0757439134355275,0.14597038235548,0.073170731707317,0.1844652090092028,0.0708446866485013,0.1792119904386094,0.0760180995475113,0.0547876224679465,0.1304347826086956,0.6650911072845678,0.1037003920303304,0.2369477911646586,0.0760309278350515,0.277914174695631,0.710568708814597,0.2128374252308899,0.6566641315551691,0.6045926729601911,0.6324786324786326,0.5297619047619048,0.5426829268292682,0.4909090909090909,0.7333333333333334,-23.688463,-8.624972,1
0.0698096101541251,0.1776322038772943,0.0749063670411985,0.1919568964425134,0.0653950953678474,0.1762576608883788,0.0690281562216167,0.339430194525736,0.0748422001803426,0.0423541505641095,0.298311444652908,0.1340473510642103,0.3996366939146231,0.3573254804716076,0.1900452488687782,0.3925021031509416,0.1292270531400966,0.6300921917393295,0.0727555468538731,0.2369477911646586,0.0747422680412371,0.2564393990644875,0.6819516925996445,0.121244450509421,0.6243668450387402,0.592752805063657,0.4444444444444445,0.5476190476190476,0.548780487804878,0.4909090909090909,0.7444444444444445,-38.143505,-17.265839,1
0.0398912058023572,0.1854891733449553,0.0393258426966292,0.1870347368934838,0.0345140781108083,0.1763684658109447,0.0372388737511353,0.3545511459524199,0.0486925157799819,0.1655776722463597,0.0328330206378986,0.1768936747217961,0.0354223433242506,0.1896901190189334,0.0352941176470588,0.1708651546568396,0.072463768115942,0.7152805399930505,0.4446579897675064,0.1285140562248996,0.0489690721649484,0.3689996013740509,0.6976297806960539,0.6489415851801253,0.5412909924925088,0.7439335221726538,0.4273504273504274,0.5119047619047619,0.5182926829268292,0.4909090909090909,0.7833333333333334,7.696028,39.18066,0
0.1931097008159565,0.4126241867936354,0.0599250936329588,0.1647312014369432,0.0681198910081744,0.1876808276277162,0.064486830154405,0.3337158814865821,0.0748422001803426,0.0232182850264195,0.4530956848030019,0.3949484345759628,0.1871026339691189,0.4018152764195158,0.0606334841628959,0.057644795032684,0.1292270531400966,0.604100067815965,0.0834195883334677,0.2369477911646586,0.0747422680412371,0.2495362969668847,0.6645304918552457,0.1275607296618623,0.6176865558535203,0.5942281356734571,0.4102564102564102,0.5535714285714286,0.5426829268292682,0.4909090909090909,0.7611111111111112,12.157275,-29.16261,1
0.0924750679963735,0.1793971940588462,0.097378277153558,0.1718493510507327,0.1017257039055404,0.1807474445787272,0.1026339691189827,0.3439254541165369,0.1073038773669973,0.1611776739008276,0.0919324577861163,0.1908508403359313,0.0844686648501362,0.1857940103923739,0.0850678733031674,0.173260713629803,0.1847826086956521,0.6088857345601093,0.2414061717643257,0.321285140562249,0.1069587628865979,0.2473494763233585,0.5190755415084676,0.6032171751430511,0.6959346774274431,0.5678688803188502,0.4615384615384616,0.5476190476190476,0.5304878048780487,0.4787878787878788,0.6555555555555557,27.996893,23.724236,0
0.0661831368993653,0.0494697201624248,0.300561797752809,0.5624934018555038,0.0608537693006357,0.1774845219191199,0.0635785649409627,0.2326280340222865,0.2795311091073039,0.451079451685696,0.0581613508442776,0.1698443152128313,0.0653950953678474,0.1878775287834842,0.0651583710407239,0.1761027887207465,0.322463768115942,0.7299059084098305,0.0309843199744004,0.2409638554216867,0.2796391752577319,0.3377226794481286,0.8254315306472501,0.1591489475214155,0.7485778310772828,0.6504876353256968,0.2649572649572649,0.3095238095238095,0.2804878048780487,0.2181818181818182,0.4277777777777777,-11.361463,-51.758152,1
0.0716228467815049,0.1905019239511105,0.0683520599250936,0.1862059570323477,0.0626702997275204,0.1761423023388582,0.0663033605812897,0.3274447892282287,0.0829576194770063,0.1439943216370856,0.0825515947467167,0.1805871060815067,0.0826521344232515,0.1832282803212249,0.0850678733031674,0.173260713629803,0.1376811594202898,0.613401973630887,0.1082774995001878,0.2409638554216867,0.0824742268041237,0.2993617278585706,0.5612380470977633,0.3580922058972301,0.7101732178819313,0.5362872236380487,0.5213675213675214,0.5416666666666667,0.5304878048780487,0.4727272727272728,0.7944444444444445,6.259154,-7.8744783,0
0.0598368087035358,0.1636613436285525,0.0739700374531835,0.0568200532918934,0.2742960944595822,0.5536510193757034,0.0563124432334241,0.3266222515069429,0.0766456266907123,0.1505288252787495,0.0703564727954971,0.1859074060163278,0.067211625794732,0.1877945621611369,0.0669683257918552,0.1818717769650498,0.1207729468599033,0.7154311292891705,0.0789729315559586,0.2008032128514056,0.0773195876288659,0.3254065068366084,0.7721951476992484,0.2127002991557513,0.6910322108131453,0.6710929914670529,0.452991452991453,0.5059523809523809,0.5121951219512194,0.4606060606060606,0.7666666666666667,-20.881279,-15.919076,1
0.0915684496826835,0.1855001251897025,0.0917602996254681,0.2115198976231545,0.0690281562216167,0.1539072772633763,0.0899182561307901,0.3568385727005,0.1055004508566276,0.3112543064532426,0.0187617260787992,0.0695867577519983,0.1180744777475022,0.3070803134013727,0.0524886877828054,0.1117982024792721,0.1135265700483091,0.6603460541818007,0.0480835230614632,0.0883534136546184,0.1056701030927835,0.2841787288234965,0.6815463006112175,0.1818184790660887,0.8059226157401727,0.5786604295850707,0.4273504273504274,0.380952380952381,0.3536585365853658,0.296969696969697,0.3111111111111111,-27.67247,-20.284792,1
0.070716228467815,0.1790172858583328,0.0749063670411985,0.1846430386232505,0.069936421435059,0.1791201213879972,0.0717529518619436,0.3371818177613107,0.0730387736699729,0.1425858528271662,0.073170731707317,0.1776702423410173,0.0753860127157129,0.1888694881597776,0.07420814479638,0.1846788350033852,0.1256038647342995,0.6574507811098624,0.0926211051482973,0.2289156626506024,0.0734536082474226,0.2825857582989404,0.7182524667399037,0.2018606259866676,0.6565263425799017,0.6305453091599893,0.4188034188034188,0.5,0.5426829268292682,0.4909090909090909,0.7777777777777778,-25.727922,-10.391011,1
0.1024478694469628,0.1990113516316769,0.0926966292134831,0.178394775982953,0.0917347865576748,0.1771723202491847,0.0953678474114441,0.3284429915710878,0.0991884580703336,0.141674633338774,0.1022514071294559,0.1868207974541737,0.0971843778383288,0.1891560015200863,0.0950226244343891,0.1771723202491847,0.1666666666666666,0.6209785790016944,0.2038421627265531,0.285140562248996,0.0992268041237113,0.2615603766869056,0.5601886144221723,0.5345313954121921,0.6362268274144349,0.5704599277286547,0.5042735042735043,0.5416666666666667,0.5243902439024389,0.4666666666666667,0.6555555555555557,26.813389,10.66933,0
0.0725294650951949,0.1860269237218318,0.0720973782771535,0.0681951183925063,0.2297910990009082,0.4740328544109219,0.0572207084468664,0.324572980623936,0.290351668169522,0.4626312786405863,0.0590994371482176,0.1672757798161714,0.0681198910081744,0.1764425994751599,0.0751131221719457,0.1832567161958841,0.3309178743961353,0.6774504200421299,0.0582980022120303,0.2369477911646586,0.2899484536082474,0.2999568674152018,0.7586972021494878,0.2210454848334654,0.6715447668202822,0.6436132289306807,0.2051282051282051,0.2976190476190476,0.2682926829268293,0.206060606060606,0.3666666666666666,-5.547481,-46.881966,1
0.0979147778785131,0.1707214509242821,0.1104868913857678,0.1778080494903173,0.1099000908265213,0.1897000163607286,0.103542234332425,0.3488588110403397,0.0946798917944093,0.1482267353743558,0.0909943714821763,0.1760809111542214,0.0944595821980018,0.1819454152856504,0.0977375565610859,0.1717527854881469,0.1727053140096618,0.669517705541506,0.1960690787694974,0.321285140562249,0.0940721649484536,0.2999837401054452,0.6250111510383402,0.5478013646079625,0.6853914996828336,0.6068049800892477,0.5641025641025642,0.5773809523809524,0.5609756097560975,0.503030303030303,0.6722222222222222,23.89842,12.735457,0
0.0897552130553037,0.1855445883677778,0.0898876404494382,0.1736065171268225,0.0926430517711171,0.1771985741973181,0.0962761126248864,0.3364183411338283,0.1118124436429215,0.1455649439224007,0.1116322701688555,0.2024315615555914,0.0944595821980018,0.1892825030329712,0.0923076923076923,0.1703178640448292,0.1871980676328502,0.6208537383792783,0.1887288585093431,0.3132530120481928,0.1121134020618556,0.2610348421396298,0.5698563326140408,0.5179136822405118,0.6553987156590116,0.5624799732783886,0.5555555555555556,0.5357142857142857,0.5182926829268292,0.4606060606060606,0.638888888888889,25.71662,8.460872,0
0.0117860380779691,0.144879088796266,0.0290262172284644,0.0518441777832724,0.1798365122615803,0.2547016658701218,0.1162579473206176,0.2969552330933491,0.0748422001803426,0.0899275874844229,0.1425891181988743,0.4745745227582579,0.0199818346957311,0.115753271147951,0.0633484162895927,0.1118296350037125,0.0881642512077294,0.7504048339774974,0.047204522745721,0.1004016064257028,0.0747422680412371,0.363057299345234,0.8213220257620077,0.279072283354721,0.9101757158114732,0.6878036622658729,0.5299145299145299,0.4464285714285714,0.4207317073170731,0.3696969696969697,0.3777777777777777,-13.031707,-9.398988,1
0.0689029918404351,0.0655242541673163,0.2434456928838951,0.4929947637755548,0.0554041780199818,0.1673491503083836,0.064486830154405,0.3406696370722566,0.0721370604147881,0.0405660537033988,0.3011257035647279,0.5777460624304415,0.0590372388737511,0.1704874974336701,0.069683257918552,0.0512353368699181,0.1195652173913043,0.6797968107133768,0.0560009579906517,0.2128514056224899,0.0721649484536082,0.2920389752846972,0.7525349401299581,0.1233068493878723,0.6896226859256074,0.636866730635281,0.5299145299145299,0.5416666666666667,0.5365853658536585,0.4848484848484849,0.7944444444444445,-31.92256,13.788315,1
0.0643699002719855,0.180324880735537,0.0674157303370786,0.0664031671146202,0.2252497729336966,0.4737115460775171,0.0554041780199818,0.3222872554082744,0.2921550946798918,0.1070493923671122,0.4127579737335834,0.3650886695549905,0.1852861035422343,0.3925676842060209,0.0624434389140271,0.1638675669642028,0.3309178743961353,0.6804283152771785,0.0175231812032962,0.2289156626506024,0.2925257731958763,0.2993575886273975,0.7449445123740137,0.1242579617770037,0.6915687640085062,0.6186411544529464,0.1965811965811966,0.2857142857142857,0.2621951219512195,0.1999999999999999,0.3555555555555555,-8.636318,-47.336067,1
0.0924750679963735,0.1932650498949912,0.0870786516853932,0.1926325343816953,0.0762942779291553,0.1845701746922239,0.0744777475022706,0.3361326355362624,0.0865644724977457,0.1482267353743558,0.0825515947467167,0.176848336193129,0.0853769300635785,0.178255291742145,0.0914027149321266,0.1794400813388173,0.1545893719806763,0.6651551923671332,0.2339022206495754,0.285140562248996,0.086340206185567,0.2912781282553539,0.6116886590712277,0.5970255024803007,0.7029955758512478,0.5949309381063154,0.5470085470085471,0.5714285714285714,0.548780487804878,0.496969696969697,0.6777777777777777,22.209127,22.486404,0
0.0643699002719855,0.1680277538245668,0.0758426966292134,0.1889329101238276,0.0681198910081744,0.1861985181482772,0.0653950953678474,0.3382873319179051,0.0748422001803426,0.0257136168570431,0.425891181988743,0.3714821059081472,0.1880108991825613,0.3794353604843671,0.0678733031674208,0.1721772023492091,0.1304347826086956,0.6732580775729282,0.0944974149283303,0.2409638554216867,0.0747422680412371,0.2899161363371003,0.7377875491222365,0.1922720116079959,0.6515346909147766,0.6536048978410385,0.4188034188034188,0.5595238095238095,0.548780487804878,0.4909090909090909,0.7611111111111112,-25.633886,-11.879427,1
0.4678150498640072,0.2162303713846076,0.4054307116104869,0.1853495851078277,0.3869209809264305,0.3454380463381297,0.1880108991825613,0.5098647196892168,0.0703336339044184,0.1424715106133718,0.0703564727954971,0.1844652090092028,0.0681198910081744,0.1848098947486455,0.069683257918552,0.0520508109869141,0.1207729468599033,0.7039601888518084,0.0920154860292854,0.2208835341365461,0.0708762886597938,0.3081572998938096,0.7644343479263935,0.2190687937682515,0.6785694271864665,0.6726431398217776,0.4188034188034188,0.5357142857142857,0.5426829268292682,0.4909090909090909,0.7944444444444445,6.9415846,-35.727856,1
0.0933816863100634,0.1693516597095722,0.1067415730337078,0.1867114216729307,0.0990009082652134,0.1807290129002629,0.0999091734786557,0.3470361422261269,0.0982867448151487,0.1472532802147837,0.0956848030018761,0.1907005901870671,0.0881017257039055,0.1819454152856504,0.0914027149321266,0.1818717769650498,0.1763285024154589,0.6290436848873727,0.2528412424727624,0.321285140562249,0.0979381443298969,0.2577949401080449,0.5270406472233642,0.6499402371533906,0.6720041820799062,0.5728634258576896,0.5811965811965812,0.5654761904761905,0.548780487804878,0.4909090909090909,0.65,23.782747,27.422293,0
0.070716228467815,0.1860849987067828,0.0702247191011236,0.1776197976709781,0.069936421435059,0.1876012515912413,0.0663033605812897,0.3326865482768802,0.2660054102795311,0.4321511569162373,0.0581613508442776,0.1684923832522079,0.0663033605812897,0.0585957799830812,0.2597285067873303,0.4933668852260738,0.3115942028985507,0.6307344051940532,0.0655816768441155,0.2489959839357429,0.2654639175257732,0.2784692072037915,0.6890232766820817,0.143262885215316,0.6391335697047817,0.6040026130114767,0.2905982905982906,0.3154761904761905,0.2926829268292683,0.2363636363636364,0.3777777777777777,-7.887587,-45.945187,1
0.0834088848594741,0.1805121609232342,0.0870786516853932,0.1845310114669565,0.0817438692098092,0.1844696132862422,0.0799273387829246,0.3382873319179051,0.0892696122633002,0.1558221657595527,0.0787992495309568,0.1831234181228269,0.0772025431425976,0.1832773070104826,0.0796380090497737,0.1805481958014042,0.1570048309178744,0.584738573622371,0.0830342486231393,0.285140562248996,0.0889175257731958,0.2728270238385364,0.5613277760479877,0.2633483577720459,0.699665550170132,0.5052344877971241,0.5555555555555556,0.5654761904761905,0.5426829268292682,0.4909090909090909,0.8444444444444444,-3.1727157,-17.506695,0
0.0244786944696282,0.2003783279659045,0.0177902621722846,0.2010080362156538,0.0090826521344232,0.1745766900863524,0.0118074477747502,0.3344431576915653,0.0225428313796212,0.1582475973111281,0.0112570356472795,0.1869890537716717,0.0099909173478655,0.168004948565741,0.0190045248868778,0.1866246365981405,0.0301932367149758,0.6508982342090461,0.2533424044119628,0.072289156626506,0.0219072164948453,0.2941075050601399,0.7529952465339126,0.4617456342028205,0.7443923188821172,0.5836378690403267,0.3846153846153847,0.5357142857142857,0.548780487804878,0.6242424242424243,0.5166666666666667,9.477791,13.112687,1
0.0670897552130553,0.0294310256926551,0.4335205992509363,0.4413424954288055,0.1516802906448683,0.3417915246196323,0.0572207084468664,0.3277887595480391,0.0703336339044184,0.1494264160287582,0.0647279549718574,0.0484835124131518,0.293369663941871,0.171892194093408,0.3140271493212669,0.1935488534240138,0.1123188405797101,0.6941519514862523,0.0693217358910304,0.1927710843373494,0.0708762886597938,0.3073857178495032,0.7525521132555412,0.1761301995083529,0.6864075630101623,0.6623220701191391,0.4871794871794873,0.494047619047619,0.5243902439024389,0.4666666666666667,0.7555555555555555,-29.517488,12.457144,1
0.0625566636446056,0.169154386651072,0.0730337078651685,0.0536623170497865,0.2851952770208901,0.5678319371698598,0.0572207084468664,0.324572980623936,0.0766456266907123,0.0082563843978231,0.7204502814258912,0.674409057622651,0.1643960036330608,0.3577165174062474,0.0624434389140271,0.1664329577542047,0.1304347826086956,0.6652113053929575,0.1264142520206826,0.2329317269076305,0.0773195876288659,0.2820577090723239,0.718066250638132,0.2691176560718333,0.6551668920098898,0.6150883020813682,0.6324786324786326,0.5178571428571429,0.5365853658536585,0.4848484848484849,0.7222222222222222,-17.186874,-7.3714128,1
0.0670897552130553,0.1803549335249522,0.0702247191011236,0.1922682716571462,0.0608537693006357,0.1803886150937306,0.0617620345140781,0.3347635055437603,0.0694319206492335,0.1447021563483187,0.0675422138836773,0.1801678517109449,0.0681198910081744,0.1791573219416686,0.0733031674208144,0.1818717769650498,0.1183574879227053,0.6036486885740957,0.2215419383550864,0.216867469879518,0.0695876288659793,0.2974959689805541,0.6454655147414727,0.3887230741919928,0.6569584325570152,0.5032687773653088,0.4957264957264957,0.5476190476190476,0.5426829268292682,0.5454545454545454,0.7277777777777777,1.1104556,5.8641286,0
0.0679963735267452,0.1709226509042117,0.0777153558052434,0.183238390432796,0.0735694822888283,0.1752954931959934,0.0781108083560399,0.3331305128337907,0.0973850315599639,0.1554103653169818,0.0872420262664165,0.1770697569145265,0.0899182561307901,0.3595739428457863,0.0217194570135746,0.0548079852550796,0.1666666666666666,0.641683557536321,0.3752031534783997,0.2891566265060241,0.0979381443298969,0.2830945293829686,0.7226006230844124,0.6943017504747764,0.7081746635287499,0.7285508409634331,0.4615384615384616,0.5238095238095238,0.5304878048780487,0.5575757575757576,0.4777777777777778,12.309468,35.21933,0
0.0815956482320943,0.1792212243095287,0.0861423220973782,0.1845389906091427,0.0808356039963669,0.1871661016196318,0.0772025431425976,0.3415610802913043,0.084761045987376,0.1549073099988707,0.075046904315197,0.1777562545773234,0.0772025431425976,0.1859926475591725,0.0778280542986425,0.1691974846101411,0.1461352657004831,0.6076599006090198,0.0893913751503901,0.2610441767068273,0.0850515463917525,0.2797215939488841,0.6175723831772744,0.2997364498499663,0.6863117287119261,0.5458374193872435,0.5299145299145299,0.5595238095238095,0.5365853658536585,0.4848484848484849,0.8055555555555555,-0.20655198,-14.6166935,0
0.0689029918404351,0.2073321678829217,0.0561797752808988,0.1711119312346279,0.0599455040871934,0.1732182945985949,0.0653950953678474,0.3563637542341291,0.1235347159603246,0.3025101946273027,0.0309568480300187,0.0865349076675166,0.1126248864668483,0.2151565271771993,0.0914027149321266,0.1713570707376535,0.1557971014492753,0.7296702694181192,0.0970762706147526,0.1726907630522088,0.1237113402061855,0.3398666374255858,0.7859077667902425,0.3087434638911998,0.7514183331550064,0.6422281607852928,0.2991452991452992,0.4107142857142857,0.4024390243902438,0.3575757575757576,0.5888888888888889,7.9729805,-12.912409,1
0.0815956482320943,0.171886982168963,0.0917602996254681,0.183238390432796,0.0871934604904632,0.185651159323893,0.0844686648501362,0.3457339084066641,0.0928764652840396,0.1534523382248199,0.0844277673545966,0.1925672329600583,0.0762942779291553,0.1874122649797325,0.0760180995475113,0.1727225221713501,0.1594202898550724,0.603405993243076,0.0984929340826891,0.2811244979919678,0.0927835051546391,0.2815730205189268,0.596227338895723,0.3113551954715286,0.6793709769484224,0.513745514184682,0.4615384615384616,0.5535714285714286,0.5304878048780487,0.4787878787878788,0.8333333333333333,0.9027983,-12.758895,0
0.0761559383499546,0.2025538562595262,0.0655430711610486,0.1493763358414828,0.0862851952770208,0.354627892324348,0.0172570390554041,0.240854344614361,0.1136158701532912,0.3277402406072873,0.0187617260787992,0.071043625383851,0.1153496821071752,0.4130636793262539,0.0235294117647058,0.069187473819345,0.1461352657004831,0.6617404699587002,0.0035262338558839,0.1726907630522088,0.1134020618556701,0.3017061049674145,0.6935608586082553,0.1300303336621073,0.7441515142119508,0.5786454019136693,0.3846153846153847,0.4464285714285714,0.4146341463414634,0.3575757575757576,0.5222222222222223,-34.928986,-21.50617,1
0.6600181323662738,0.7055732107288369,0.147003745318352,0.3156766483899321,0.0608537693006357,0.1705676783782394,0.0681198910081744,0.3454342473809595,0.0712353471596032,0.1447501098044553,0.0694183864915572,0.1816195316931304,0.0690281562216167,0.0001930616503082,0.9683257918552036,0.9863387759685278,0.1256038647342995,0.6629348524874855,0.1060229167037322,0.2369477911646586,0.0708762886597938,0.2775681762393734,0.7083864619277579,0.2381120151528909,0.6757241318653223,0.6236155943150297,0.5299145299145299,0.5297619047619048,0.5548780487804877,0.503030303030303,0.7777777777777778,12.060266,-35.769096,1
0.099728014505893,0.1841242920454022,0.1011235955056179,0.197034042303331,0.0862851952770208,0.2038850215814701,0.0717529518619436,0.3288320959326221,0.0279531109107303,0.0735097823370186,0.0919324577861163,0.171651843292053,0.0990009082652134,0.1763543190076119,0.106787330316742,0.1829961093513723,0.0326086956521739,0.6723032664992294,0.1263775422875613,0.0602409638554216,0.0283505154639175,0.2698250088055767,0.6548358888094759,0.2625183702481145,0.8436934833533154,0.6182029908099897,0.6153846153846154,0.5119047619047619,0.5060975609756097,0.4606060606060606,0.4611111111111111,-9.405771,-6.809215,1
0.1459655485040797,0.3167690916746663,0.0655430711610486,0.1732729809734906,0.0681198910081744,0.1891838687082663,0.0635785649409627,0.3348117771379267,0.0748422001803426,0.1493856105643227,0.0694183864915572,0.190395361737801,0.0635785649409627,0.1695640797120466,0.0751131221719457,0.186082364022553,0.1268115942028985,0.7143921359818217,0.0865266474747651,0.2289156626506024,0.0747422680412371,0.322814340753625,0.7893843544903049,0.2043367042050291,0.7061543356465192,0.6641526394917323,0.4273504273504274,0.5297619047619048,0.5426829268292682,0.4909090909090909,0.7777777777777778,10.419703,-25.230375,1
0.0961015412511332,0.1817874498204099,0.099250936329588,0.1730433632440135,0.1026339691189827,0.1888426377602495,0.0971843778383288,0.3382873319179051,0.0982867448151487,0.1425482469435182,0.1003752345215759,0.1868472647400723,0.0953678474114441,0.1892398455460682,0.0932126696832579,0.1759642678165754,0.1630434782608695,0.6981221834936951,0.2109312457534485,0.2771084337349397,0.0979381443298969,0.3037445111160834,0.6477508172979936,0.5894948604497442,0.723181443811562,0.639150655661646,0.5384615384615385,0.5357142857142857,0.5182926829268292,0.4666666666666667,0.65,22.4592,19.765377,0
0.1223934723481414,0.2174375712641851,0.098314606741573,0.0449683341849338,0.3987284287011807,0.5515158007537505,0.1017257039055404,0.3975493462684871,0.109107303877367,0.0699824471122327,0.2542213883677298,0.4091629570833788,0.0853769300635785,0.178255291742145,0.0914027149321266,0.1882089231425041,0.1690821256038647,0.2092400452258415,0.3702090704636762,0.2610441767068273,0.1095360824742268,0.04223315238709,0.2451607093392938,0.4334002196564749,0.468056667037322,0.2338448283303662,0.358974358974359,0.5,0.4878048780487805,0.4424242424242424,0.7777777777777778,8.028292,26.31274,1
0.0661831368993653,0.0779450447944388,0.2013108614232209,0.4222382317937064,0.0554041780199818,0.1673491503083836,0.064486830154405,0.2332402130591872,0.2100991884580703,0.3430928491520212,0.0619136960600375,0.1689183252723944,0.069936421435059,0.055164005352616,0.2823529411764706,0.5718206815987804,0.251207729468599,0.6426431173410425,0.053186299440393,0.2208835341365461,0.2100515463917525,0.2764136323552153,0.7211637398208522,0.1417082683099189,0.6435209059631456,0.6357361319634689,0.3418803418803419,0.3571428571428571,0.3292682926829268,0.2666666666666666,0.4666666666666667,-12.998373,-50.915226,1
0.0480507706255666,0.2427887687353143,0.0234082397003745,0.1330723836308505,0.0481380563124432,0.0925180158629438,0.1335149863760218,0.4984499182684178,0.0432822362488728,0.1577793327346434,0.0318949343339587,0.2137847673136285,0.0190735694822888,0.1195254150472501,0.0588235294117647,0.2229500637939054,0.0676328502415458,0.8296284703247221,0.5162332693251594,0.1285140562248996,0.0438144329896907,0.3766062452207586,0.7551448188421002,0.8278946549637662,0.5749639984143908,0.8332135743560369,0.4102564102564102,0.5297619047619048,0.5365853658536585,0.5090909090909091,0.8277777777777777,2.15198,40.78626,0
